date,grid_cost_yuan,base_cost_yuan,breach_cost_yuan,overbuy_cost_yuan,emergency_cost_yuan,total_cost_yuan,emergency_kwh,start_soc_kwh,end_soc_kwh,unused_plan_kwh,curtailed_pv_kwh,charge_kwh,discharge_kwh,planned_purchase_kwh,planned_cost_yuan,decision_day_planned_purchase_kwh,final_commitment_kwh,reserve_kwh,reserve_effective_kwh,reserve_00_kwh,window_residual_00_kwh,path_up_kwh,path_down_kwh,adjusted_kwh,emergency_slots,reversal_slots,down_slots,below_min_kwh,chain_misprice_yuan,cost_identity_residual_yuan
2025-01-01,42456.75972,42456.75972,0,0,202442.128986,244898.888706,33602.2074305,6000,9756.28985426,21.2173,0,17493.2061663,10788.8361258,65158.5499265,42456.75972,66565.1910265,65158.5499265,0,0,0,35570.8219833,0,0,0,103,0,0,0,0,2.91038304567e-11
2025-01-02,81439.6925644,81439.6925644,0,0,390.463669641,81830.156234,68.6742374892,9756.28985426,10515.6867476,6842.57271843,0,23791.719065,18587.8352386,104863.021574,81439.6925644,104899.543111,104863.021574,0,0,0,-6927.03354714,0,0,0,3,0,0,0,0,-5.68434188608e-14
2025-01-03,62057.5105429,62057.5105429,0,0,0,62057.5105429,0,10515.6867476,10800,50502.0399215,5406.18670786,8612.34276825,6720.11571512,103305.395049,62057.5105429,103310.82582,103305.395049,0,0,0,-52905.2917294,0,0,0,0,0,0,0,7.27595761418e-12,0
2025-01-04,34074.1406052,34074.1406052,0,0,0,34074.1406052,0,10800,10800,15179.8610841,3595.65468333,15625.6848229,12656.8047066,66509.9982505,34074.1406052,65571.711929,66509.9982505,0,0,0,-16481.4166719,0,0,0,0,0,0,0,-7.27595761418e-12,0
2025-01-05,29339.8446919,29339.8446919,0,0,246005.478346,275345.323038,42838.0755446,10800,8160.71983145,3.41060513165e-13,0,11653.4287526,11814.6294413,48036.4340666,29339.8446919,48804.2484309,48036.4340666,0,0,0,46124.0596398,0,0,0,105,0,0,0,0,2.91038304567e-11
2025-01-06,59126.2934507,59126.2934507,0,0,85380.4878742,144506.781325,13792.7959495,8160.71983145,9701.82785749,10.9147654138,0,22260.1915205,16643.7579082,82467.0335282,59126.2934507,82426.7895059,82467.0335282,0,0,0,14759.3746419,0,0,0,70,0,0,0,-1.45519152284e-11,0
2025-01-07,74444.2529936,74444.2529936,0,0,8796.77580484,83241.0287984,1417.11569442,9701.82785749,10191.5206827,1112.03048085,0,24478.3526206,19386.74208,97353.426277,74444.2529936,97571.1168309,97353.426277,0,0,0,292.980508693,0,0,0,19,0,0,0,0,-3.63797880709e-12
2025-01-08,79086.967922,79086.967922,0,0,314.476857012,79401.444779,69.3560642265,10191.5206827,10800,8550.11267347,0,23544.6680933,18523.54977,103027.876249,79086.967922,103017.74849,103027.876249,0,0,0,-8795.42073365,0,0,0,4,0,0,0,0,-2.84217094304e-12
2025-01-09,77646.5234739,77646.5234739,0,0,389.959859185,78036.4833331,83.1791633189,10800,10585.7717853,6139.22031218,0,24430.2368653,19981.2972541,101596.536877,77646.5234739,101608.223896,101596.536877,0,0,0,-5431.62525137,0,0,0,3,0,0,0,-1.45519152284e-11,5.45696821064e-12
2025-01-10,24288.9377822,24288.9377822,0,0,264.149716197,24553.0874984,127.29383713,10585.7717853,10800,2866.84603005,800.590931271,23026.5812348,18458.725407,53598.6656687,24288.9377822,52647.3661428,53598.6656687,0,0,0,-2554.81222742,0,0,0,7,0,0,0,-7.27595761418e-12,-1.5916157281e-12
2025-01-11,23731.654453,23731.654453,0,0,386.583981278,24118.2384343,112.182090309,10800,10372.2875963,1941.37621703,997.830348627,22040.6601694,18237.8759005,51495.6953609,23731.654453,52282.7499784,51495.6953609,0,0,0,-3029.21480904,0,0,0,6,0,0,0,7.27595761418e-12,-1.42108547152e-12
2025-01-12,76142.5749658,76142.5749658,0,0,377.587797784,76520.1627636,60.6552127896,10372.2875963,10800,3458.49289591,0,25638.0944109,20381.9153095,99519.9051845,76142.5749658,98863.5038673,99519.9051845,0,0,0,-2984.08230018,0,0,0,5,0,0,0,-2.91038304567e-11,-5.05906427861e-12
2025-01-13,73879.309192,73879.309192,0,0,647.951356815,74527.2605488,153.807506842,10800,10046.573601,5160.56235304,0,22892.8735822,19221.3113607,96952.2740344,73879.309192,97765.4479337,96952.2740344,0,0,0,-4664.48928765,0,0,0,11,0,0,0,2.91038304567e-11,1.81898940355e-12
2025-01-14,72582.2990463,72582.2990463,0,0,1665.64598568,74247.945032,298.251824825,10046.573601,9981.92552519,2667.77095671,0,25237.0178823,20500.1677529,96386.6821946,72582.2990463,96401.79813,96386.6821946,0,0,0,-2282.64472076,0,0,0,12,0,0,0,0,3.18323145621e-12
2025-01-15,71443.4339374,71443.4339374,0,0,9531.38868969,80974.8226271,1553.46793863,9981.92552519,10703.4063572,1112.70329612,0,25926.1030163,20350.8106944,95204.8706127,71443.4339374,94379.1036996,95204.8706127,0,0,0,550.660136788,0,0,0,28,0,0,0,-1.45519152284e-11,-3.63797880709e-12
2025-01-16,71671.1998823,71671.1998823,0,0,4655.65545347,76326.8553357,770.783900191,10703.4063572,10013.6053422,2973.9003105,0,25750.0524156,21478.3633701,95548.9569058,71671.1998823,96341.6231368,95548.9569058,0,0,0,-1996.96686624,0,0,0,26,0,0,0,1.45519152284e-11,6.36646291241e-12
2025-01-17,22611.6063139,22611.6063139,0,0,522.6719458,23134.2782597,196.843212114,10013.6053422,9942.54373556,1219.19584505,1576.60170013,21983.1413,17870.2998989,49400.9092008,22611.6063139,49237.4646465,49400.9092008,0,0,0,-2076.97858399,0,0,0,10,0,0,0,0,3.41060513165e-12
2025-01-18,22176.4885095,22176.4885095,0,0,949.504526191,23125.9930357,252.686515761,9942.54373556,10074.1929011,714.161694343,420.584678429,22630.2124674,18211.9878496,48542.7934915,22176.4885095,48545.740483,48542.7934915,0,0,0,-790.498407339,0,0,0,9,0,0,0,0,4.54747350886e-13
2025-01-19,70127.3176746,70127.3176746,0,0,6700.27654998,76827.5942246,1020.10683991,10074.1929011,9970.0059529,1466.82382601,0,25622.5383735,20848.024336,93904.3704903,70127.3176746,94126.6653759,93904.3704903,0,0,0,-453.827915322,0,0,0,17,0,0,0,-1.45519152284e-11,1.81898940355e-12
2025-01-20,70390.8114835,70390.8114835,0,0,5447.40710445,75838.218588,896.67819674,9970.0059529,10282.1725021,2028.82078082,0,26842.0321423,21461.0961409,94580.1551354,70390.8114835,94533.0263874,94580.1551354,0,0,0,-1291.68922364,0,0,0,22,0,0,0,0,3.63797880709e-12
2025-01-21,68883.349671,68883.349671,0,0,0,68883.349671,0,10282.1725021,10388.3496182,5817.06259257,27.8433333333,22922.9206103,18472.0062899,93771.7249297,68883.349671,93776.2721365,93771.7249297,344.516434312,344.516434312,344.516434312,-5568.43573133,0,0,0,0,0,0,0,0,0
2025-01-22,67194.6973226,67194.6973226,0,0,18167.0841737,85361.7814963,2567.61607353,10388.3496182,9563.03776011,671.426515941,0,23795.0539856,20016.7744006,90780.854394,67194.6973226,90765.8038331,90780.854394,292.980508693,292.980508693,292.980508693,2976.0929665,0,0,0,15,0,0,0,-1.45519152284e-11,0
2025-01-23,69430.0220125,69430.0220125,0,0,14930.2845973,84360.3066098,2174.19203344,9563.03776011,9493.98079273,188.442084358,0,23555.7749308,19142.3289646,91993.6216171,69430.0220125,91977.0367586,91993.6216171,499.124211169,499.124211169,499.124211169,2727.22001183,0,0,0,25,0,0,0,1.45519152284e-11,0
2025-01-24,22462.7132414,22462.7132414,0,0,0,22462.7132414,0,9493.98079273,10023.6765612,1135.00186923,2344.8075893,19537.9458976,15349.0099854,47498.1585207,22462.7132414,47287.1146974,47498.1585207,1856.59606181,1856.59606181,1856.59606181,-3327.18113194,0,0,0,0,0,0,0,3.63797880709e-12,0
2025-01-25,21174.3554656,21174.3554656,0,0,0,21174.3554656,0,10023.6765612,10095.2634005,894.229935822,2305.57091157,20596.220755,16618.5106562,45617.0864128,21174.3554656,45691.0259436,45617.0864128,1421.2840868,1421.2840868,1421.2840868,-3271.06363762,0,0,0,0,0,0,0,-3.63797880709e-12,0
2025-01-26,66892.0202801,66892.0202801,0,0,17110.8043105,84002.8245905,2411.45519059,10095.2634005,9497.87702398,278.343920679,0,22203.3841208,18522.3888767,89246.8740075,66892.0202801,89005.1156012,89246.8740075,985.972111796,985.972111796,985.972111796,3316.93768915,0,0,0,19,0,0,0,-1.45519152284e-11,-7.27595761418e-12
2025-01-27,69533.2533076,69533.2533076,0,0,0,69533.2533076,0,9497.87702398,10512.5600492,2049.42685723,0,20065.9819889,15340.2306883,90970.0949411,69533.2533076,90533.8254331,90970.0949411,2727.22001183,2727.22001183,2727.22001183,-1739.3279036,0,0,0,0,0,0,0,-1.45519152284e-11,0
2025-01-28,65581.2943431,65581.2943431,0,0,8938.58579056,74519.8801336,1300.71963139,10512.5600492,7655.71470791,115.493752119,0,17994.5150442,17146.717993,86642.9705386,65581.2943431,87471.2146128,86642.9705386,2291.90803682,2291.90803682,2291.90803682,3343.11319099,0,0,0,20,0,0,0,-1.45519152284e-11,-7.27595761418e-12
2025-01-29,68828.9419431,68828.9419431,0,0,275.258541377,69104.2004845,39.6816627824,7655.71470791,10398.3277275,3907.95748398,0,20657.3419323,14264.0952476,91646.723556,68828.9419431,91626.6113674,91646.723556,2876.54378463,2876.54378463,2876.54378463,-3913.52258228,0,0,0,2,0,0,0,-4.36557456851e-11,4.88853402203e-12
2025-01-30,65870.534897,65870.534897,0,0,218.615794382,66089.1506913,29.9921397836,10398.3277275,8707.51130194,925.447901667,0,17828.3225762,15962.6760697,86503.6850517,65870.534897,86510.01237,86503.6850517,2826.7691937,2826.7691937,2826.7691937,540.154744622,0,0,0,2,0,0,0,0,-3.63797880709e-12
2025-01-31,21252.1750339,21252.1750339,0,0,0,21252.1750339,0,8707.51130194,9829.42826737,201.152860532,226.551655261,18958.1731281,14346.3949649,43803.805729,21252.1750339,43599.6585779,43803.805729,2776.99460276,2776.99460276,2776.99460276,1942.92714638,0,0,0,0,0,0,0,3.63797880709e-12,0
2025-02-01,20445.7031654,20445.7031654,0,0,0,20445.7031654,0,9829.42826737,10800,1196.92077837,3758.45176195,15748.5144718,11882.7821628,43199.2807827,20445.7031654,42423.1038323,43199.2807827,2727.22001183,2727.22001183,2727.22001183,-3129.82485188,0,0,0,0,0,0,0,3.63797880709e-12,0
2025-02-02,63783.1873594,63783.1873594,0,0,0,63783.1873594,0,10800,10800,5647.77913186,143.102483333,18294.9914577,14818.9430808,87623.2079422,63783.1873594,87796.323844,87623.2079422,2570.36143874,2570.36143874,2570.36143874,-5453.88099766,0,0,0,0,0,0,0,0,0
2025-02-03,62697.2264123,62697.2264123,0,0,0,62697.2264123,0,10800,10787.4712538,1361.36678977,0,19233.8258862,15590.6748394,85221.4343365,62697.2264123,85196.7448622,85221.4343365,2413.50286565,2413.50286565,2413.50286565,-1340.59299571,0,0,0,0,0,0,0,1.45519152284e-11,0
2025-02-04,61923.6107344,61923.6107344,0,0,0,61923.6107344,0,10787.4712538,8833.8167463,1553.69082735,0,20039.0321354,17989.9050864,84797.6818264,61923.6107344,84813.9935383,84797.6818264,2256.64429256,2256.64429256,2256.64429256,316.120402834,0,0,0,0,0,0,0,2.18278728426e-11,0
2025-02-05,60745.0204182,60745.0204182,0,0,1497.73221303,62242.7526312,255.475909882,8833.8167463,8671.03867572,146.68469253,0,21711.527053,17732.8371764,84618.3256425,60745.0204182,84570.3056152,84618.3256425,2099.78571947,2099.78571947,2099.78571947,2053.28535173,0,0,0,8,0,0,0,7.27595761418e-12,-3.63797880709e-12
2025-02-06,60374.4635097,60374.4635097,0,0,388.518942,60762.9824517,54.7670333333,8671.03867572,8229.27109438,185.687147474,0,21542.2261651,17846.7940169,84097.409479,60374.4635097,84921.8127976,84097.409479,2053.28535173,2053.28535173,2053.28535173,1543.70245199,0,0,0,2,0,0,0,-7.27595761418e-12,2.27373675443e-13
2025-02-07,17817.8116356,17817.8116356,0,0,0,17817.8116356,0,8229.27109438,9739.33563315,425.817874325,3547.86146939,20267.4013119,15057.5369778,40989.2233445,17817.8116356,40019.9698687,40989.2233445,2031.21371066,2031.21371066,2031.21371066,-776.371392044,0,0,0,0,0,0,0,-7.27595761418e-12,0
2025-02-08,15638.6948927,15638.6948927,0,0,0,15638.6948927,0,9739.33563315,8566.21947561,1.95077078255,2294.46433831,18495.5091644,16037.1669649,36331.9200252,15638.6948927,37150.2199923,36331.9200252,2009.14206959,2009.14206959,2009.14206959,3357.64983454,0,0,0,0,0,0,0,-3.63797880709e-12,0
2025-02-09,55415.7700605,55415.7700605,0,0,22214.2564402,77630.0265006,3826.13732273,8566.21947561,8219.37908724,2.27373675443e-13,0,18518.570034,15312.198077,78935.6506009,55415.7700605,78280.7684813,78935.6506009,2322.85921577,2322.85921577,2322.85921577,6578.81707591,0,0,0,42,0,0,0,-7.27595761418e-12,3.63797880709e-12
2025-02-10,58329.0692011,58329.0692011,0,0,0,58329.0692011,0,8219.37908724,10022.4909334,2912.10127031,499.663033333,19720.6381334,14350.9162265,83108.1237939,58329.0692011,83074.2513881,83108.1237939,2776.99460276,2776.99460276,2776.99460276,-2596.03630211,0,0,0,0,0,0,0,-7.27595761418e-12,0
2025-02-11,55557.3408121,55557.3408121,0,0,0,55557.3408121,0,10022.4909334,8665.81841678,300.910339352,0,19133.0104206,16718.7437056,77935.7741876,55557.3408121,78776.0728672,77935.7741876,2727.22001183,2727.22001183,2727.22001183,820.270923108,0,0,0,0,0,0,0,0,0
2025-02-12,56688.6574426,56688.6574426,0,0,0,56688.6574426,0,8665.81841678,9602.94589742,729.811372716,163.384283333,21086.1920746,16236.4008479,81009.7230161,56688.6574426,80215.9421559,81009.7230161,2592.43307981,2592.43307981,2592.43307981,218.205614727,0,0,0,0,0,0,0,-7.27595761418e-12,0
2025-02-13,56743.8621106,56743.8621106,0,0,0,56743.8621106,0,9602.94589742,10611.8319,4734.13190898,558.637783333,17876.0816684,13571.628749,80926.7016283,56743.8621106,80918.8855782,80926.7016283,2457.64614779,2457.64614779,2457.64614779,-4789.98630558,0,0,0,0,0,0,0,7.27595761418e-12,0
2025-02-14,16942.8259605,16942.8259605,0,0,0,16942.8259605,0,10611.8319,10464.4650788,185.805930563,4696.76839109,18120.5015439,14810.2363896,37994.6412926,16942.8259605,37802.9888093,37994.6412926,2322.85921577,2322.85921577,2322.85921577,2688.43118512,0,0,0,0,0,0,0,0,0
2025-02-15,17498.0447252,17498.0447252,0,0,0,17498.0447252,0,10464.4650788,10091.6569427,112.565647774,5666.20995249,15871.8763849,13191.7471942,37738.9958909,17498.0447252,37741.375701,37738.9958909,2696.18895046,2696.18895046,2696.18895046,1506.90060267,0,0,0,0,0,0,0,3.63797880709e-12,0
2025-02-16,56265.8887361,56265.8887361,0,0,0,56265.8887361,0,10091.6569427,9764.44324617,236.070206583,0,18072.5755152,14933.2784943,78752.7463276,56265.8887361,79768.6394614,78752.7463276,2688.43118512,2688.43118512,2688.43118512,-118.206763858,0,0,0,0,0,0,0,1.45519152284e-11,0
2025-02-17,55443.377435,55443.377435,0,0,0,55443.377435,0,9764.44324617,9882.14520546,3097.27719001,882.108283333,17322.3834223,13925.1988087,78560.4332536,55443.377435,78550.6502389,78560.4332536,2561.40201844,2561.40201844,2561.40201844,-3588.86174674,0,0,0,0,0,0,0,0,0
2025-02-18,52784.4465815,52784.4465815,0,0,0,52784.4465815,0,9882.14520546,9644.46469813,588.133057005,95.8363106996,17902.8236053,14715.1995769,75962.9811795,52784.4465815,75966.6158624,75962.9811795,2434.37285176,2434.37285176,2434.37285176,-338.3420356,0,0,0,0,0,0,0,0,0
2025-02-19,52391.0385448,52391.0385448,0,0,144.4905,52535.5290448,27,9644.46469813,8477.75405437,522.273266396,0,18384.4276329,15941.425962,75817.6023206,52391.0385448,75805.5468071,75817.6023206,2307.34368509,2307.34368509,2307.34368509,847.444481897,0,0,0,1,0,0,0,7.27595761418e-12,-1.13686837722e-13
2025-02-20,53355.3543997,53355.3543997,0,0,169.469411835,53524.8238115,30.2057591721,8477.75405437,10792.3138942,901.999428563,0,20326.6418134,14381.4760129,77810.0932031,53355.3543997,77018.8867763,77810.0932031,2180.31451841,2180.31451841,2180.31451841,-877.07326624,0,0,0,1,0,0,0,-1.45519152284e-11,3.72324393538e-12
2025-02-21,16331.0289557,16331.0289557,0,0,0,16331.0289557,0,10792.3138942,10083.2149273,547.807534676,7690.50608086,16058.17278,13645.309022,36211.4394069,16331.0289557,36864.8774435,36211.4394069,2053.28535173,2053.28535173,2053.28535173,-769.931577666,0,0,0,0,0,0,0,5.45696821064e-12,0
2025-02-22,16583.3525557,16583.3525557,0,0,0,16583.3525557,0,10083.2149273,9930.86963375,250.135843122,5496.97028413,18218.7167565,14894.271337,36916.3144301,16583.3525557,36910.8701241,36916.3144301,2031.21371066,2031.21371066,2031.21371066,2094.45194741,0,0,0,0,0,0,0,3.63797880709e-12,0
2025-02-23,52824.7871324,52824.7871324,0,0,42.4046456505,52867.1917781,8.20205912002,9930.86963375,9983.39912525,1219.32444927,190.192816356,18712.8808203,15110.1569221,76535.8927881,52824.7871324,76721.5703712,76535.8927881,2077.98530914,2077.98530914,2077.98530914,-1355.5096799,0,0,0,1,0,0,0,-7.27595761418e-12,3.01980662698e-12
2025-02-24,51446.4706386,51446.4706386,0,0,129.766346969,51576.2369856,25.3970734845,9983.39912525,9899.41826907,2416.47098062,1224.35338333,18523.0043735,15079.2163131,75262.2489675,51446.4706386,75240.6447366,75262.2489675,2069.75199,2069.75199,2069.75199,-3288.60496004,0,0,0,1,0,0,0,-2.18278728426e-11,2.10320649785e-12
2025-02-25,49707.2304825,49707.2304825,0,0,159.57954,49866.8100225,31.095,9899.41826907,10627.1901416,2370.53961777,1540.01247557,19153.3865963,14859.2484577,73994.9184653,49707.2304825,73206.874308,73994.9184653,2061.51867087,2061.51867087,2061.51867087,-3652.77930832,0,0,0,1,0,0,0,-7.27595761418e-12,-1.3073986338e-12
2025-02-26,47835.2576169,47835.2576169,0,0,1117.27451437,48952.5321313,228.184472971,10627.1901416,8222.99662966,311.622025474,0,17098.2437048,16013.3515617,69983.177729,47835.2576169,70748.7795096,69983.177729,2053.28535173,2053.28535173,2053.28535173,1781.67519174,0,0,0,6,0,0,0,2.18278728426e-11,-2.72848410532e-12
2025-02-27,47936.9462677,47936.9462677,0,0,15.4445190164,47952.3907868,3.04475485783,8222.99662966,9449.37595884,1052.27803758,0,22073.5374913,16775.8239717,73303.5310023,47936.9462677,72495.1515287,73303.5310023,2031.21371066,2031.21371066,2031.21371066,-17.9243375483,0,0,0,1,0,0,0,-7.27595761418e-12,9.60120871696e-12
2025-02-28,15664.3198963,15664.3198963,0,0,0,15664.3198963,0,9449.37595884,9932.84126782,257.628803511,8887.66191893,17404.0413167,13662.1546884,36179.7709007,15664.3198963,36839.0587981,36179.7709007,2009.14206959,2009.14206959,2009.14206959,1226.86299168,0,0,0,0,0,0,0,5.45696821064e-12,0
2025-03-01,15636.3321158,15636.3321158,0,0,0,15636.3321158,0,9932.84126782,9839.81839302,145.412457792,8843.00028397,17108.5182952,13941.6204064,35814.0765639,15636.3321158,35799.302595,35814.0765639,1987.07042852,1987.07042852,1987.07042852,700.231280186,0,0,0,0,0,0,0,3.63797880709e-12,0
2025-03-02,48060.7811698,48060.7811698,0,0,17488.2165792,65548.9977491,3134.13972034,9839.81839302,8022.29975617,921.254740414,0,16415.2147777,14932.0907431,71628.5461214,48060.7811698,71835.0232522,71628.5461214,1964.99878745,1964.99878745,1964.99878745,4471.60788699,0,0,0,35,0,0,0,-7.27595761418e-12,0
2025-03-03,51233.9698748,51233.9698748,0,0,151.420257794,51385.3901326,30.4167540013,8022.29975617,7905.86114147,669.286356251,0,21627.2398419,17622.8590252,76660.3970523,51233.9698748,76614.5684997,76660.3970523,2053.28535173,2053.28535173,2053.28535173,1268.77442823,0,0,0,3,0,0,0,-1.45519152284e-11,5.62749846722e-12
2025-03-04,52132.8878583,52132.8878583,0,0,0,52132.8878583,0,7905.86114147,10129.0271924,2031.67803328,783.1469,21103.7484047,15093.1867619,78024.8445094,52132.8878583,77218.1833144,78024.8445094,2031.21371066,2031.21371066,2031.21371066,-2156.45450708,0,0,0,0,0,0,0,-7.27595761418e-12,0
2025-03-05,48360.4259693,48360.4259693,0,0,15.83516,48376.2611293,3.28666666667,10129.0271924,9236.07070364,3716.51774351,625.997666667,17278.1390673,14798.9534844,72948.886343,48360.4259693,73752.0583728,72948.886343,2009.14206959,2009.14206959,2009.14206959,-3354.44778482,0,0,0,1,0,0,0,-1.45519152284e-11,1.97530880541e-12
2025-03-06,46150.8325895,46150.8325895,0,0,0,46150.8325895,0,9236.07070364,8555.05064434,823.574491636,803.271483333,18901.0036479,15922.7310081,70545.772748,46150.8325895,69840.9968641,70545.772748,1987.07042852,1987.07042852,1987.07042852,495.150154769,0,0,0,0,0,0,0,7.27595761418e-12,0
2025-03-07,14805.6493849,14805.6493849,0,0,0,14805.6493849,0,8555.05064434,9638.46499454,64.5064388714,10026.0300879,15968.0138428,11959.0182975,35021.8176054,14805.6493849,35572.4533281,35021.8176054,1964.99878745,1964.99878745,1964.99878745,-515.730407469,0,0,0,0,0,0,0,-1.81898940355e-12,0
2025-03-08,13853.0228975,13853.0228975,0,0,0,13853.0228975,0,9638.46499454,9469.05422259,97.5610145137,10049.6525348,17873.5124337,14630.0147661,32453.8507336,13853.0228975,32467.7721523,32453.8507336,1942.92714638,1942.92714638,1942.92714638,-700.891403153,0,0,0,0,0,0,0,-3.63797880709e-12,0
2025-03-09,44094.6625811,44094.6625811,0,0,0,44094.6625811,0,9469.05422259,9322.69526044,1057.1576644,253.332146166,19899.2865962,16250.1452089,68293.1562479,44094.6625811,68448.5368201,68293.1562479,1910.67675546,1910.67675546,1910.67675546,-738.63564847,0,0,0,0,0,0,0,-7.27595761418e-12,0
2025-03-10,44267.1870782,44267.1870782,0,0,19485.178902,63752.3659802,3153.72956004,9322.69526044,7959.09524254,49.0360960828,0,16002.3496457,14189.1432291,66750.5844026,44267.1870782,66744.9540439,66750.5844026,1878.42636453,1878.42636453,1878.42636453,5600.27968475,0,0,0,30,0,0,0,1.45519152284e-11,-1.09139364213e-11
2025-03-11,46312.4872277,46312.4872277,0,0,0,46312.4872277,0,7959.09524254,9351.66527412,1411.62165282,1125.09200875,20246.1598177,15146.0764239,71575.7158554,46312.4872277,70754.5136916,71575.7158554,1987.07042852,1987.07042852,1987.07042852,-1026.62728536,0,0,0,0,0,0,0,2.18278728426e-11,0
2025-03-12,44320.875577,44320.875577,0,0,0,44320.875577,0,9351.66527412,9189.67229715,1437.83400086,1211.61733333,18628.0141212,15234.4851175,68478.5150213,44320.875577,69306.1234657,68478.5150213,1964.99878745,1964.99878745,1964.99878745,-1763.97708139,0,0,0,0,0,0,0,-1.45519152284e-11,0
2025-03-13,43964.1457484,43964.1457484,0,0,16937.3878528,60901.5336012,2714.92850919,9189.67229715,7967.88368582,59.8113237768,0,16323.2117617,14321.4112772,66892.3013158,43964.1457484,66893.0593131,66892.3013158,1942.92714638,1942.92714638,1942.92714638,5067.96948733,0,0,0,25,0,0,0,0,-7.27595761418e-12
2025-03-14,15254.2028618,15254.2028618,0,0,0,15254.2028618,0,7967.88368582,10800,682.168916741,13529.9536817,17582.7933416,11693.157924,36131.1839995,15254.2028618,35157.9126739,36131.1839995,2031.21371066,2031.21371066,2031.21371066,-4608.86804254,0,0,0,0,0,0,0,-5.45696821064e-12,0
2025-03-15,14204.4067559,14204.4067559,0,0,0,14204.4067559,0,10800,9701.84662677,417.012199175,8550.22326145,16464.1405589,14324.2918886,32031.2092809,14204.4067559,32866.8284582,32031.2092809,2009.14206959,2009.14206959,2009.14206959,2281.74921342,0,0,0,0,0,0,0,-5.45696821064e-12,0
2025-03-16,45092.4441417,45092.4441417,0,0,8.0811,45100.5252417,1.64,9701.84662677,10800,873.748991519,322.9277,19661.9406247,14937.8338701,69270.1903795,45092.4441417,68573.0327155,69270.1903795,2069.75199,2069.75199,2069.75199,-1243.49162527,0,0,0,1,0,0,0,7.27595761418e-12,-4.70734562441e-12
2025-03-17,43299.1864054,43299.1864054,0,0,0,43299.1864054,0,10800,10335.8955984,4201.85912463,2585.71143102,15900.3483357,13296.9761134,67249.0742113,43299.1864054,68103.6322975,67249.0742113,2061.51867087,2061.51867087,2061.51867087,-6760.72098779,0,0,0,0,0,0,0,7.27595761418e-12,0
2025-03-18,41601.6911305,41601.6911305,0,0,0,41601.6911305,0,10335.8955984,9481.33485803,652.494372589,0,18415.5723666,15685.7182832,64508.3068226,41601.6911305,63674.4287601,64508.3068226,2053.28535173,2053.28535173,2053.28535173,757.659835625,0,0,0,0,0,0,0,7.27595761418e-12,0
2025-03-19,41087.807937,41087.807937,0,0,0,41087.807937,0,9481.33485803,9880.44790968,590.026352099,0,19372.2214391,15332.2976192,64095.420622,41087.807937,64913.1893468,64095.420622,2031.21371066,2031.21371066,2031.21371066,-672.383007434,0,0,0,0,0,0,0,7.27595761418e-12,0
2025-03-20,41841.1155276,41841.1155276,0,0,1207.73229245,43048.8478201,257.517182727,9880.44790968,8835.01937496,365.080131992,0,18320.0225357,15780.1039351,64856.4433665,41841.1155276,64147.1129076,64856.4433665,2009.14206959,2009.14206959,2009.14206959,1727.99284828,0,0,0,8,0,0,0,0,9.09494701773e-13
2025-03-21,13746.2860573,13746.2860573,0,0,0,13746.2860573,0,8835.01937496,9912.8608832,510.993550948,15913.515308,17087.7564588,12871.0253742,32674.7044602,13746.2860573,33226.0002706,32674.7044602,1987.07042852,1987.07042852,1987.07042852,-3081.5291544,0,0,0,0,0,0,0,3.63797880709e-12,0
2025-03-22,14176.7818948,14176.7818948,0,0,0,14176.7818948,0,9912.8608832,10768.3090097,442.34232262,12521.8691336,17901.7856799,13730.5430869,33016.6537826,14176.7818948,32197.6805741,33016.6537826,1964.99878745,1964.99878745,1964.99878745,1621.39526405,0,0,0,0,0,0,0,0,0
2025-03-23,40168.0589969,40168.0589969,0,0,0,40168.0589969,0,10768.3090097,10673.3568722,819.22442394,0,19466.5125151,15853.3320609,63202.1249948,40168.0589969,63351.0726718,63202.1249948,1942.92714638,1942.92714638,1942.92714638,-923.095693784,0,0,0,0,0,0,0,1.45519152284e-11,0
2025-03-24,39543.3981841,39543.3981841,0,0,0,39543.3981841,0,10673.3568722,9422.57520294,585.842669024,304.845513118,17688.9148532,15453.7245335,61124.3755852,39543.3981841,61960.9601518,61124.3755852,1910.67675546,1910.67675546,1910.67675546,-577.947743949,0,0,0,0,0,0,0,7.27595761418e-12,0
2025-03-25,39591.629365,39591.629365,0,0,8658.82750671,48250.4568717,1581.83147817,9422.57520294,8605.05770697,67.4837247518,0,17240.0365299,14700.1953356,61975.6181576,39591.629365,61382.2243957,61975.6181576,1878.42636453,1878.42636453,1878.42636453,3541.13418782,0,0,0,24,0,0,0,7.27595761418e-12,3.63797880709e-12
2025-03-26,40301.6426555,40301.6426555,0,0,0,40301.6426555,0,8605.05770697,10066.6338076,1179.98919829,1574.9860985,19320.0744398,14333.8418056,63333.7627976,40301.6426555,63922.2175087,63333.7627976,1987.07042852,1987.07042852,1987.07042852,-2800.22821698,0,0,0,0,0,0,0,0,0
2025-03-27,39288.4574996,39288.4574996,0,0,0,39288.4574996,0,10066.6338076,9211.10829626,643.889867099,0,18090.4101011,15423.2051421,62028.0842261,39288.4574996,61201.4764793,62028.0842261,1964.99878745,1964.99878745,1964.99878745,910.371080151,0,0,0,0,0,0,0,0,0
2025-03-28,13557.5042065,13557.5042065,0,0,0,13557.5042065,0,9211.10829626,10180.294567,384.950225213,16713.1870995,16869.3249278,12791.8855479,31997.4574714,13557.5042065,32656.5307698,31997.4574714,1942.92714638,1942.92714638,1942.92714638,-874.885625648,0,0,0,0,0,0,0,-3.63797880709e-12,0
2025-03-29,13189.5769062,13189.5769062,0,0,0,13189.5769062,0,10180.294567,10001.6353561,247.399689342,20218.7793202,17076.5577725,13992.8050855,31257.1408798,13189.5769062,31266.9594879,31257.1408798,1910.67675546,1910.67675546,1910.67675546,-3901.0901997,0,0,0,0,0,0,0,-1.81898940355e-12,0
2025-03-30,36674.496698,36674.496698,0,0,0,36674.496698,0,10001.6353561,8951.65931654,80.4525352564,0,17317.5710529,14972.2109885,57771.4322997,36674.496698,57940.0247563,57771.4322997,1878.42636453,1878.42636453,1878.42636453,1319.04941072,0,0,0,0,0,0,0,-7.27595761418e-12,0
2025-03-31,37077.7735604,37077.7735604,0,0,4990.68085566,42068.4544161,1108.60995449,8951.65931654,8380.97273493,135.434465376,0,16043.7516691,13509.0567754,58512.9088879,37077.7735604,58516.9202493,58512.9088879,1846.1759736,1846.1759736,1846.1759736,3589.22601066,0,0,0,18,0,0,0,1.45519152284e-11,-3.63797880709e-12
2025-04-01,38682.8649311,38682.8649311,0,0,15264.0494781,53946.9144092,2638.67390758,8380.97273493,8167.02118286,149.121784032,0,14854.5541084,12224.7452246,60349.1082769,38682.8649311,60335.9033447,60349.1082769,1964.99878745,1964.99878745,1964.99878745,4956.41105165,0,0,0,28,0,0,0,0,3.63797880709e-12
2025-04-02,39095.5328668,39095.5328668,0,0,11531.7203332,50627.2532,1975.9548271,8167.02118286,8714.76187837,152.985187718,0,18787.5339705,14724.9358901,62674.963841,39095.5328668,61832.4045856,62674.963841,2053.28535173,2053.28535173,2053.28535173,3865.33313896,0,0,0,17,0,0,0,7.27595761418e-12,1.81898940355e-12
2025-04-03,40553.8012134,40553.8012134,0,0,0,40553.8012134,0,8714.76187837,10544.6683625,1049.31385633,1584.85750388,20155.0586202,14678.6816466,63974.0786005,40553.8012134,63988.4652798,63974.0786005,2086.21862827,2086.21862827,2086.21862827,-2607.28608339,0,0,0,0,0,0,0,7.27595761418e-12,0
2025-04-04,12986.9202535,12986.9202535,0,0,0,12986.9202535,0,10544.6683625,10800,564.023316928,20526.7568513,17026.588268,13561.7380233,30986.4326629,12986.9202535,30835.3445771,30986.4326629,2077.98530914,2077.98530914,2077.98530914,-4530.53202374,0,0,0,0,0,0,0,1.81898940355e-12,0
2025-04-05,12725.9799362,12725.9799362,0,0,0,12725.9799362,0,10800,9811.49898159,196.223413819,15276.0245851,15997.6510219,13847.7482443,29666.2657599,12725.9799362,30497.7103598,29666.2657599,2069.75199,2069.75199,2069.75199,4346.40745632,0,0,0,0,0,0,0,-1.81898940355e-12,0
2025-04-06,37548.5516913,37548.5516913,0,0,0,37548.5516913,0,9811.49898159,10533.7397286,295.388627961,0,19185.4760835,14890.2189553,59000.7220228,37548.5516913,58333.8633689,59000.7220228,2131.91140061,2131.91140061,2131.91140061,-167.329362908,0,0,0,0,0,0,0,0,0
2025-04-07,36485.8892077,36485.8892077,0,0,0,36485.8892077,0,10533.7397286,10091.8773026,479.479206186,724.154449861,16447.5920984,13720.2257832,57173.7192546,36485.8892077,58010.6987952,57173.7192546,2094.45194741,2094.45194741,2094.45194741,-1252.87339608,0,0,0,0,0,0,0,7.27595761418e-12,0
2025-04-08,36924.7721237,36924.7721237,0,0,0,36924.7721237,0,10091.8773026,10114.6846618,467.058232771,0,19086.9285345,15439.8854897,58467.2948943,36924.7721237,57639.2715678,58467.2948943,2086.21862827,2086.21862827,2086.21862827,-116.602478185,0,0,0,0,0,0,0,1.45519152284e-11,0
2025-04-09,36628.0484951,36628.0484951,0,0,14042.0884522,50670.1369473,2569.55692852,10114.6846618,8629.57731304,70.1893850434,0,14096.9779249,12755.148733,57976.7726651,36628.0484951,57953.2907766,57976.7726651,2077.98530914,2077.98530914,2077.98530914,5095.1579462,0,0,0,23,0,0,0,-1.45519152284e-11,9.09494701773e-12
2025-04-10,38080.6416437,38080.6416437,0,0,0,38080.6416437,0,8629.57731304,9672.80736532,648.393441753,698.872859462,18859.5866204,14337.3581155,60330.1327061,38080.6416437,61154.6589594,60330.1327061,2169.37085381,2169.37085381,2169.37085381,-1127.0806276,0,0,0,0,0,0,0,2.18278728426e-11,0
2025-04-11,12887.5698939,12887.5698939,0,0,0,12887.5698939,0,9672.80736532,10062.0982697,322.29215236,21342.4573493,16904.2941609,13342.1164564,30543.5773729,12887.5698939,30371.3205183,30543.5773729,2131.91140061,2131.91140061,2131.91140061,-3783.00353792,0,0,0,0,0,0,0,-1.81898940355e-12,0
2025-04-12,12569.9922267,12569.9922267,0,0,0,12569.9922267,0,10062.0982697,10103.1930776,164.442225783,17688.9230594,16340.2397012,13198.6088309,30020.1567055,12569.9922267,30034.4107843,30020.1567055,2094.45194741,2094.45194741,2094.45194741,1372.60806398,0,0,0,0,0,0,0,0,0
2025-04-13,35989.1343511,35989.1343511,0,0,0,35989.1343511,0,10103.1930776,9076.53457501,331.359015865,0,17211.7879753,14865.5409123,56953.9645622,35989.1343511,56290.9987488,56953.9645622,2086.21862827,2086.21862827,2086.21862827,1270.73669487,0,0,0,0,0,0,0,0,0
2025-04-14,35812.8566619,35812.8566619,0,0,0,35812.8566619,0,9076.53457501,9842.0620768,595.519003311,0,18808.9259492,14546.2552672,57386.2214853,35812.8566619,58213.2378686,57386.2214853,2077.98530914,2077.98530914,2077.98530914,-570.753013567,0,0,0,0,0,0,0,-7.27595761418e-12,0
2025-04-15,35811.6047327,35811.6047327,0,0,0,35811.6047327,0,9842.0620768,10569.9914855,1103.36047056,2258.34889758,17430.7819925,13463.7969461,57468.1232479,35811.6047327,56653.5447095,57468.1232479,2069.75199,2069.75199,2069.75199,-3059.55927066,0,0,0,0,0,0,0,0,0
2025-04-16,34974.9961918,34974.9961918,0,0,5800.99159605,40775.9877878,1079.60562238,10569.9914855,8013.32330016,42.1694298737,0,14011.2084343,13650.0801986,55103.2839932,34974.9961918,55925.6197529,55103.2839932,2061.51867087,2061.51867087,2061.51867087,3293.08219362,0,0,0,16,0,0,0,-7.27595761418e-12,-3.63797880709e-12
2025-04-17,36059.3093514,36059.3093514,0,0,0,36059.3093514,0,8013.32330016,9551.30990224,323.266147424,0,19078.9126286,14069.7312873,58200.7898387,36059.3093514,58184.4805286,58200.7898387,2094.45194741,2094.45194741,2094.45194741,125.802987378,0,0,0,0,0,0,0,-1.45519152284e-11,0
2025-04-18,12654.7141797,12654.7141797,0,0,0,12654.7141797,0,9551.30990224,10800,918.730739532,19050.274645,17655.5031698,13177.1364796,30801.4892581,12654.7141797,29799.7523909,30801.4892581,2086.21862827,2086.21862827,2086.21862827,-305.030117554,0,0,0,0,0,0,0,0,0
2025-04-19,11825.8086029,11825.8086029,0,0,0,11825.8086029,0,10800,10089.0843309,496.348220855,18499.371807,16151.0588315,13722.1817557,28209.2763536,11825.8086029,29046.5319644,28209.2763536,2077.98530914,2077.98530914,2077.98530914,-477.524169637,0,0,0,0,0,0,0,-3.63797880709e-12,0
2025-04-20,35048.659926,35048.659926,0,0,0,35048.659926,0,10089.0843309,10691.4935819,72.0233017001,0,18691.0009183,14597.5424179,56123.2266854,35048.659926,55467.3940721,56123.2266854,2069.75199,2069.75199,2069.75199,-184.953743305,0,0,0,0,0,0,0,-7.27595761418e-12,0
2025-04-21,34079.5712425,34079.5712425,0,0,0,34079.5712425,0,10691.4935819,9974.13730686,791.104226859,2911.91776932,16460.5339571,13978.6531528,54701.8131838,34079.5712425,55515.2878779,54701.8131838,2061.51867087,2061.51867087,2061.51867087,-3595.87324494,0,0,0,0,0,0,0,-1.45519152284e-11,0
2025-04-22,34676.7238407,34676.7238407,0,0,0,34676.7238407,0,9974.13730686,9436.58404422,21.1807383665,0,18192.9830511,15220.1142078,55146.9788984,34676.7238407,54336.8681933,55146.9788984,2053.28535173,2053.28535173,2053.28535173,2116.10300253,0,0,0,0,0,0,0,7.27595761418e-12,0
2025-04-23,34698.5462834,34698.5462834,0,0,0,34698.5462834,0,9436.58404422,9814.06900976,186.768444983,0,17604.3550078,13919.7910873,55271.2490821,34698.5462834,56098.009845,55271.2490821,2086.21862827,2086.21862827,2086.21862827,-49.9141565236,0,0,0,0,0,0,0,0,0
2025-04-24,34326.822734,34326.822734,0,0,0,34326.822734,0,9814.06900976,10800,784.126435681,3114.72218577,17706.2693434,13454.7402769,55240.4843879,34326.822734,54393.577616,55240.4843879,2077.98530914,2077.98530914,2077.98530914,-3889.42909484,0,0,0,0,0,0,0,-7.27595761418e-12,0
2025-04-25,11587.2680554,11587.2680554,0,0,0,11587.2680554,0,10800,10691.583364,390.947949226,23096.660563,16843.5714975,13740.8678853,28590.6697744,11587.2680554,28436.6931921,28590.6697744,2069.75199,2069.75199,2069.75199,-1427.37197218,0,0,0,0,0,0,0,-1.81898940355e-12,0
2025-04-26,11440.1400564,11440.1400564,0,0,0,11440.1400564,0,10691.583364,9544.41011457,50.9697705682,25183.7466928,15920.7815973,13928.2890183,27297.4026757,11440.1400564,28144.6866578,27297.4026757,2061.51867087,2061.51867087,2061.51867087,-2945.40262388,0,0,0,0,0,0,0,0,0
2025-04-27,32927.7423727,32927.7423727,0,0,0,32927.7423727,0,9544.41011457,9264.30896397,124.432229381,1496.19317259,19360.2862272,15933.9228796,53620.4599329,32927.7423727,52940.939224,53620.4599329,2053.28535173,2053.28535173,2053.28535173,2026.82895505,0,0,0,0,0,0,0,1.45519152284e-11,0
2025-04-28,34103.8679611,34103.8679611,0,0,23352.5959842,57456.4639453,4103.80342525,9264.30896397,8769.36929805,165.883579896,0,14155.6586367,11911.5291951,54928.176913,34103.8679611,54920.4994904,54928.176913,2047.9940724,2047.9940724,2047.9940724,9370.89364485,0,0,0,27,0,0,0,0,0
2025-04-29,33990.8496446,33990.8496446,0,0,0,33990.8496446,0,8769.36929805,9836.47780088,152.299918675,3568.29524551,18202.5644881,13783.6795828,55572.6937862,33990.8496446,55594.9464307,55572.6937862,2077.98530914,2077.98530914,2077.98530914,-2691.18843243,0,0,0,0,0,0,0,-7.27595761418e-12,0
2025-04-30,33029.2399857,33029.2399857,0,0,0,33029.2399857,0,9836.47780088,10650.7137876,884.510136142,759.848236039,17446.987328,13399.2473476,53948.9527859,33029.2399857,53947.1518543,53948.9527859,2069.75199,2069.75199,2069.75199,-564.769211067,0,0,0,0,0,0,0,-7.27595761418e-12,0
2025-05-01,33447.0872124,33447.0872124,0,0,5262.04693383,38709.1341462,910.369688686,10650.7137876,7927.10609395,0,1111.55716111,18067.320024,17085.7761438,52194.1101527,33447.0872124,52178.3048928,52194.1101527,2061.51867087,2061.51867087,2061.51867087,4108.93677292,0,0,0,11,0,0,0,1.45519152284e-11,-1.81898940355e-12
2025-05-02,12778.4940983,12778.4940983,0,0,3419.35060186,16197.8447002,729.687855323,7927.10609395,7376.78411909,0,13401.9925191,16505.6075028,13864.8318546,29603.4003953,12778.4940983,30271.1188801,29603.4003953,2094.45194741,2094.45194741,2094.45194741,12633.5161891,0,0,0,11,0,0,0,1.81898940355e-12,0
2025-05-03,13203.8055928,13203.8055928,0,0,0,13203.8055928,0,7376.78411909,7701.04528515,2.90817663801,18811.247864,17286.9286011,13710.5771174,31257.6791743,13203.8055928,31268.6459084,31257.6791743,2111.77279151,2111.77279151,2111.77279151,2759.96321561,0,0,0,0,0,0,0,1.81898940355e-12,0
2025-05-04,39285.8643599,39285.8643599,0,0,0,39285.8643599,0,7701.04528515,8617.48349762,2579.95950478,3553.33968333,16833.7845538,12810.5710973,61891.1799779,39285.8643599,62058.1349976,61891.1799779,2215.49072907,2215.49072907,2215.49072907,-4431.69887641,0,0,0,0,0,0,0,1.45519152284e-11,0
2025-05-05,38425.1589877,38425.1589877,0,0,0,38425.1589877,0,8617.48349762,9364.24708977,1397.01246161,0,20270.4066525,15746.9421556,60996.4837585,38425.1589877,60183.5043353,60996.4837585,2182.36148689,2182.36148689,2182.36148689,-381.093267698,0,0,0,0,0,0,0,2.18278728426e-11,0
2025-05-06,38112.038078,38112.038078,0,0,0,38112.038078,0,9364.24708977,9312.3007798,1120.11568333,1825.70841276,18764.9037364,15246.3237055,59334.4864937,38112.038078,59318.9343768,59334.4864937,2149.23224471,2149.23224471,2149.23224471,-1707.12731274,0,0,0,0,0,0,0,7.27595761418e-12,0
2025-05-07,37919.0584429,37919.0584429,0,0,113.624470096,38032.682913,26.9823187424,9312.3007798,8411.14617069,676.599149026,1137.06082265,17889.8480915,15301.8161023,59442.5555921,37919.0584429,59466.1708635,59442.5555921,2116.10300253,2116.10300253,2116.10300253,475.005306646,0,0,0,3,0,0,0,0,-1.76214598469e-12
2025-05-08,40544.074025,40544.074025,0,0,0,40544.074025,0,8411.14617069,10754.7808184,757.83877115,0,18944.9819421,13236.1641902,62293.1689231,40544.074025,62294.5521733,62293.1689231,2111.77279151,2111.77279151,2111.77279151,-627.019073671,0,0,0,0,0,0,0,7.27595761418e-12,0
2025-05-09,14500.1797766,14500.1797766,0,0,0,14500.1797766,0,10754.7808184,10422.911651,740.501525886,19452.2302419,15933.3527991,13204.6980179,31420.772399,14500.1797766,32077.1021988,31420.772399,2107.44258048,2107.44258048,2107.44258048,-3775.96309837,0,0,0,0,0,0,0,0,0
2025-05-10,14596.3063452,14596.3063452,0,0,0,14596.3063452,0,10422.911651,10036.7215359,855.137355152,15994.4746592,15859.0001185,13193.3611996,31636.2962166,14596.3063452,31625.9937417,31636.2962166,2103.11236946,2103.11236946,2103.11236946,1287.13864949,0,0,0,0,0,0,0,-1.81898940355e-12,0
2025-05-11,38318.3693492,38318.3693492,0,0,396.627480592,38714.9968298,59.5162666667,10036.7215359,9482.03571198,686.476013228,645.337219421,16841.5166706,14140.8457447,59457.0469752,38318.3693492,59623.0629222,59457.0469752,2098.78215843,2098.78215843,2098.78215843,-652.55948837,0,0,0,3,0,0,0,-1.45519152284e-11,1.93267624127e-12
2025-05-12,38825.3731227,38825.3731227,0,0,0,38825.3731227,0,9482.03571198,10273.5407546,2431.44798921,2760.71796667,15978.7377492,12230.4230385,60871.6758999,38825.3731227,60056.7222631,60871.6758999,2094.45194741,2094.45194741,2094.45194741,-4242.24069498,0,0,0,0,0,0,0,0,0
2025-05-13,36513.7859254,36513.7859254,0,0,0,36513.7859254,0,10273.5407546,9815.37693965,804.814602639,0,17144.0133053,14298.9982107,56779.0424639,36513.7859254,57583.062286,56779.0424639,2086.21862827,2086.21862827,2086.21862827,-649.333274247,0,0,0,0,0,0,0,-1.45519152284e-11,0
2025-05-14,36434.6041843,36434.6041843,0,0,0,36434.6041843,0,9815.37693965,9468.20752242,963.0575584,293.19359733,17500.168064,14487.5886073,57282.9793957,36434.6041843,57287.7130774,57282.9793957,2077.98530914,2077.98530914,2077.98530914,-690.578837438,0,0,0,0,0,0,0,7.27595761418e-12,0
2025-05-15,38100.3519702,38100.3519702,0,0,0,38100.3519702,0,9468.20752242,10149.1912905,581.429692493,868.576855588,19870.4398892,15482.170919,58603.3338016,38100.3519702,58613.4313287,58603.3338016,2069.75199,2069.75199,2069.75199,-1708.66851377,0,0,0,0,0,0,0,7.27595761418e-12,0
2025-05-16,14167.1463322,14167.1463322,0,0,0,14167.1463322,0,10149.1912905,10078.2396113,1021.99996858,24331.3087136,16840.178256,13704.4008987,31204.5925729,14167.1463322,31038.2693917,31204.5925729,2061.51867087,2061.51867087,2061.51867087,-6325.06818175,0,0,0,0,0,0,0,-1.81898940355e-12,0
2025-05-17,14453.9664855,14453.9664855,0,0,0,14453.9664855,0,10078.2396113,10086.3446578,170.751953614,17147.2672494,16690.3127292,13511.8587688,30945.2722468,14453.9664855,30925.6144232,30945.2722468,2053.28535173,2053.28535173,2053.28535173,2790.10869526,0,0,0,0,0,0,0,1.81898940355e-12,0
2025-05-18,36246.6731755,36246.6731755,0,0,34.428465,36281.1016405,5.23666666667,10086.3446578,9219.59591606,97.2441247597,0,17028.6766778,14573.3019766,56223.5502593,36246.6731755,56405.3979982,56223.5502593,2086.21862827,2086.21862827,2086.21862827,510.279655746,0,0,0,1,0,0,0,2.18278728426e-11,-2.8492763704e-12
2025-05-19,36402.3181478,36402.3181478,0,0,83.2466991667,36485.564847,12.2331666667,9219.59591606,10073.5929928,706.23722911,4560.82184242,16598.9762576,12676.5733996,56692.4453128,36402.3181478,56705.2966885,56692.4453128,2077.98530914,2077.98530914,2077.98530914,-5339.04019742,0,0,0,1,0,0,0,0,-7.73070496507e-12
2025-05-20,34878.8418239,34878.8418239,0,0,6575.82130545,41454.6631293,1328.14253606,10073.5929928,7997.45444946,121.843323417,0,15101.613566,14100.8316774,54321.8774926,34878.8418239,54287.4907423,54321.8774926,2069.75199,2069.75199,2069.75199,3577.28845524,0,0,0,18,0,0,0,7.27595761418e-12,2.72848410532e-12
2025-05-21,37316.2718298,37316.2718298,0,0,0,37316.2718298,0,7997.45444946,9523.97964833,190.015830388,1851.41745769,18323.8087493,13468.412408,58259.4449128,37316.2718298,57426.8894715,58259.4449128,2098.78215843,2098.78215843,2098.78215843,-804.000132031,0,0,0,0,0,0,0,7.27595761418e-12,0
2025-05-22,35344.255976,35344.255976,0,0,16.86434,35361.120316,2.57,9523.97964833,9929.78626589,169.193326235,268.616001277,17127.3400431,13507.9194791,54871.2907082,35344.255976,55718.6186912,54871.2907082,2094.45194741,2094.45194741,2094.45194741,-502.670934015,0,0,0,1,0,0,0,0,-2.45137243837e-13
2025-05-23,13376.4583339,13376.4583339,0,0,0,13376.4583339,0,9929.78626589,10212.6981785,436.624626712,19436.0574103,18244.7451123,14523.6228197,30014.753213,13376.4583339,29856.3447948,30014.753213,2086.21862827,2086.21862827,2086.21862827,616.332514518,0,0,0,0,0,0,0,0,0
2025-05-24,13797.6568863,13797.6568863,0,0,0,13797.6568863,0,10212.6981785,10300.9050383,817.648500984,22211.618585,17582.0658039,14162.0871273,30203.7471459,13797.6568863,30198.706809,30203.7471459,2077.98530914,2077.98530914,2077.98530914,-3056.78287407,0,0,0,0,0,0,0,1.81898940355e-12,0
2025-05-25,34873.4396656,34873.4396656,0,0,0,34873.4396656,0,10300.9050383,9507.67421839,679.381443295,1990.24178412,17407.1530368,14813.7016977,53808.0847498,34873.4396656,53974.8279802,53808.0847498,2069.75199,2069.75199,2069.75199,-1621.72436185,0,0,0,0,0,0,0,7.27595761418e-12,0
2025-05-26,34359.0791408,34359.0791408,0,0,15777.6279651,50136.707106,2596.99083698,9507.67421839,8013.26300391,151.294772764,0,14224.4969538,12866.8126256,53491.821214,34359.0791408,53498.783637,53491.821214,2061.51867087,2061.51867087,2061.51867087,6296.54208248,0,0,0,23,0,0,0,-7.27595761418e-12,0
2025-05-27,35919.387832,35919.387832,0,0,0,35919.387832,0,8013.26300391,9894.3813605,565.030908572,1302.30051122,18295.5496251,13126.3886754,56426.8596695,35919.387832,56411.1359674,56426.8596695,2094.45194741,2094.45194741,2094.45194741,-1824.52953052,0,0,0,0,0,0,0,0,0
2025-05-28,34852.0989613,34852.0989613,0,0,1446.51280842,36298.6117697,288.454461413,9894.3813605,8103.52953218,178.808150232,0,17252.0167625,15585.9002231,53830.2943282,34852.0989613,53825.2146535,53830.2943282,2086.21862827,2086.21862827,2086.21862827,2039.78511013,0,0,0,7,0,0,0,1.45519152284e-11,-2.04636307899e-12
2025-05-29,35304.974195,35304.974195,0,0,12270.081092,47575.055287,2046.00120621,8103.52953218,8034.63933968,146.149994468,0,16009.0065883,13029.2965098,55189.9823668,35304.974195,55192.7272941,55189.9823668,2077.98530914,2077.98530914,2077.98530914,3929.53629542,0,0,0,27,0,0,0,-7.27595761418e-12,-3.63797880709e-12
2025-05-30,14191.4700261,14191.4700261,0,0,0,14191.4700261,0,8034.63933968,9763.38954354,333.521339614,19752.0050251,17955.9913313,12988.4777949,31649.2731678,14191.4700261,31484.324946,31649.2731678,2103.11236946,2103.11236946,2103.11236946,-588.496564944,0,0,0,0,0,0,0,1.81898940355e-12,0
2025-05-31,13227.0034545,13227.0034545,0,0,0,13227.0034545,0,9763.38954354,10200.0129785,508.624382671,17367.406249,18428.8792116,14534.4310699,30159.6603234,13227.0034545,30178.4556182,30159.6603234,2098.78215843,2098.78215843,2098.78215843,1667.47670094,0,0,0,0,0,0,0,3.63797880709e-12,0
2025-06-01,38571.8962495,38571.8962495,0,0,84720.7650373,123292.661287,14440.0983069,10200.0129785,6707.58403998,0,0,8090.30525149,9696.33329839,55178.6999462,38571.8962495,55337.595844,55178.6999462,2094.45194741,2094.45194741,2094.45194741,18855.7065365,0,0,0,67,0,0,0,-1.45519152284e-11,0
2025-06-02,45010.5858389,45010.5858389,0,0,34371.3868642,79381.9727031,6339.5460485,6707.58403998,6960.65530651,444.755535324,0,19535.7385645,15596.1840974,66685.571404,45010.5858389,66678.1315892,66685.571404,2111.77279151,2111.77279151,2111.77279151,8745.87306442,0,0,0,48,0,0,0,-1.45519152284e-11,0
2025-06-03,51888.9548913,51888.9548913,0,0,740.624690976,52629.5795822,105.379764828,6960.65530651,8729.25361808,963.801929655,940.197222825,20918.5206276,15352.263228,75557.2436206,51888.9548913,75624.5446299,75557.2436206,2215.49072907,2215.49072907,2215.49072907,-626.862777914,0,0,0,4,0,0,0,-1.45519152284e-11,-4.77484718431e-12
2025-06-04,52356.5091358,52356.5091358,0,0,1004.36602739,53360.8751632,144.634291299,8729.25361808,8629.9492309,1989.90375353,91.3226666667,17985.8347027,14657.9000576,74909.7875906,52356.5091358,74894.2914731,74909.7875906,2182.36148689,2182.36148689,2182.36148689,-391.335209394,0,0,0,4,0,0,0,7.27595761418e-12,-6.36646291241e-12
2025-06-05,53567.9405185,53567.9405185,0,0,1578.15971252,55146.100231,229.063577702,8629.9492309,8381.08092059,1414.10582646,433.560116667,18994.3410929,15609.3977645,76152.8637105,53567.9405185,76170.3898721,76152.8637105,2149.23224471,2149.23224471,2149.23224471,52.2755557904,0,0,0,7,0,0,0,-7.27595761418e-12,5.00222085975e-12
2025-06-06,19162.2278255,19162.2278255,0,0,6460.4605599,25622.6883854,1160.72575572,8381.08092059,7388.75917157,151.12996591,4916.62140241,17019.3445376,14678.7586496,37102.6069006,19162.2278255,36906.8913559,37102.6069006,2116.10300253,2116.10300253,2116.10300253,6083.05150343,0,0,0,16,0,0,0,0,1.81898940355e-12
2025-06-07,20196.8702198,20196.8702198,0,0,0,20196.8702198,0,7388.75917157,8275.52351241,30.3264850242,4023.59571566,17349.4821294,13254.9926181,39274.9248787,20196.8702198,39302.7339992,39274.9248787,2248.61997124,2248.61997124,2248.61997124,2603.0206478,0,0,0,0,0,0,0,0,0
2025-06-08,63137.5227271,63137.5227271,0,0,0,63137.5227271,0,8275.52351241,10800,16957.7285706,2269.4248358,13479.5874842,8646.43702335,89245.2271338,63137.5227271,89498.1032708,89245.2271338,2474.51207405,2474.51207405,2474.51207405,-18434.6384315,0,0,0,0,0,0,0,7.27595761418e-12,0
2025-06-09,56956.7200457,56956.7200457,0,0,125.935115273,57082.655161,17.816384703,10800,10376.0883136,4852.73640933,863.758966667,16703.8759537,13911.6600402,79423.6076381,56956.7200457,79376.6910484,79423.6076381,2410.25778717,2410.25778717,2410.25778717,-4947.29300717,0,0,0,1,0,0,0,7.27595761418e-12,8.24229573482e-12
2025-06-10,55214.2549691,55214.2549691,0,0,0,55214.2549691,0,10376.0883136,10250.9820838,2335.65482014,291.209683333,18398.8146741,15015.6354928,77628.4879181,55214.2549691,77643.1948646,77628.4879181,2346.0035003,2346.0035003,2346.0035003,-2510.7367512,0,0,0,0,0,0,0,-7.27595761418e-12,0
2025-06-11,55048.0341255,55048.0341255,0,0,5420.0022716,60468.0363971,1046.40642899,10250.9820838,7866.99314348,1455.11197399,0,18824.6725843,17393.5748396,77924.2496064,55048.0341255,77895.4724963,77924.2496064,2281.74921342,2281.74921342,2281.74921342,1737.08437484,0,0,0,19,0,0,0,-2.18278728426e-11,9.09494701773e-13
2025-06-12,57611.5143272,57611.5143272,0,0,5.88457574765,57617.398903,0.817642871703,7866.99314348,9707.11191131,3693.83433763,358.228666667,19769.8735854,14357.4907131,81916.019667,57611.5143272,81932.6253978,81916.019667,2248.61997124,2248.61997124,2248.61997124,-3438.54938895,0,0,0,1,0,0,0,0,-1.07647224468e-12
2025-06-13,20026.5569984,20026.5569984,0,0,0,20026.5569984,0,9707.11191131,9469.9460745,466.493215515,6232.58898871,16831.7726534,13847.1851023,38028.9834552,20026.5569984,37820.5406509,38028.9834552,2215.49072907,2215.49072907,2215.49072907,-1151.77721206,0,0,0,0,0,0,0,0,0
2025-06-14,20447.3850325,20447.3850325,0,0,0,20447.3850325,0,9469.9460745,9173.9127908,97.1760460439,8494.4524314,16575.6665367,13692.71985,37667.9179141,20447.3850325,37676.9092154,37667.9179141,2182.36148689,2182.36148689,2182.36148689,-2660.61015187,0,0,0,0,0,0,0,3.63797880709e-12,0
2025-06-15,55725.6691414,55725.6691414,0,0,0,55725.6691414,0,9173.9127908,10800,3368.65292827,0,19726.8864678,14515.2995507,79207.2141788,55725.6691414,79451.6687578,79207.2141788,2149.23224471,2149.23224471,2149.23224471,-4091.51324279,0,0,0,0,0,0,0,-1.45519152284e-11,0
2025-06-16,55435.8479651,55435.8479651,0,0,42.9785276396,55478.8264927,6.37238159087,10800,9995.32694387,2343.34598433,0,19045.8366944,16151.333473,77925.5296408,55435.8479651,77897.3839476,77925.5296408,2116.10300253,2116.10300253,2116.10300253,-1567.20841567,0,0,0,1,0,0,0,-1.45519152284e-11,-9.73443547991e-13
2025-06-17,53341.6199769,53341.6199769,0,0,5065.95881496,58407.5787919,938.238296045,9995.32694387,7803.20598676,276.619940173,0,19296.7507277,17603.2769509,75668.8666377,53341.6199769,75660.043759,75668.8666377,2111.77279151,2111.77279151,2111.77279151,2733.1402994,0,0,0,21,0,0,0,7.27595761418e-12,3.63797880709e-12
2025-06-18,56534.3653843,56534.3653843,0,0,294.233334293,56828.5987186,43.6882377656,7803.20598676,9927.86064207,3689.38278448,55.2236666667,19510.6363751,13891.4262741,80248.5192144,56534.3653843,80229.0004966,80248.5192144,2215.49072907,2215.49072907,2215.49072907,-3183.80866144,0,0,0,2,0,0,0,-1.45519152284e-11,8.07176547823e-12
2025-06-19,53403.098285,53403.098285,0,0,1027.2528873,54430.3511723,148.861865172,9927.86064207,10082.940253,3392.97251455,922.49805,19429.0307623,15597.9432676,76257.2003941,53403.098285,76253.4274635,76257.2003941,2182.36148689,2182.36148689,2182.36148689,-4269.68175808,0,0,0,3,0,0,0,7.27595761418e-12,-3.41060513165e-12
2025-06-20,20025.3025416,20025.3025416,0,0,0,20025.3025416,0,10082.940253,10302.493736,995.015026559,10340.8879496,16916.7603955,13504.9777857,37148.266436,20025.3025416,36960.0339854,37148.266436,2149.23224471,2149.23224471,2149.23224471,-3677.91812856,0,0,0,0,0,0,0,7.27595761418e-12,0
2025-06-21,19450.5618767,19450.5618767,0,0,0,19450.5618767,0,10302.493736,10580.8200878,1623.29770923,12169.9706973,18214.5712768,14503.3090177,36839.2710657,19450.5618767,36883.8343998,36839.2710657,2116.10300253,2116.10300253,2116.10300253,-4881.48397543,0,0,0,0,0,0,0,7.27595761418e-12,0
2025-06-22,48355.9623526,48355.9623526,0,0,2386.23221235,50742.194565,483.902388371,10580.8200878,8487.60032604,544.810569892,0,17606.2881595,16144.9911948,68979.5462462,48355.9623526,69133.7712343,68979.5462462,2111.77279151,2111.77279151,2111.77279151,1792.22753339,0,0,0,11,0,0,0,0,4.54747350886e-13
2025-06-23,49804.0410872,49804.0410872,0,0,356.918509648,50160.9595968,51.3714635709,8487.60032604,8732.25639718,753.717157081,142.847612947,20767.0298487,16601.1037135,72072.4054417,49804.0410872,72057.4651481,72072.4054417,2107.44258048,2107.44258048,2107.44258048,210.300537258,0,0,0,3,0,0,0,-1.45519152284e-11,3.41060513165e-13
2025-06-24,49841.7718018,49841.7718018,0,0,52276.9710123,102118.742814,8867.87428306,8732.25639718,8704.97964436,161.467940139,0,16472.0821423,13366.9356128,70667.5324366,49841.7718018,69831.8309555,70667.5324366,2103.11236946,2103.11236946,2103.11236946,11211.201235,0,0,0,52,0,0,0,0,7.27595761418e-12
2025-06-25,51592.1508797,51592.1508797,0,0,279.595199772,51871.7460795,40.456479602,8704.97964436,8727.37649138,459.58301876,0,20034.3144423,16207.6375359,74683.2248122,51592.1508797,75507.8338382,74683.2248122,2149.23224471,2149.23224471,2149.23224471,697.32448906,0,0,0,2,0,0,0,2.91038304567e-11,1.25055521494e-12
2025-06-26,51025.449964,51025.449964,0,0,977.313610014,52002.7635741,139.406716724,8727.37649138,9751.02245669,2415.14729259,0,19983.0512917,15264.9901775,74541.1855234,51025.449964,74562.1992265,74541.1855234,2116.10300253,2116.10300253,2116.10300253,-2149.32275128,0,0,0,5,0,0,0,-7.27595761418e-12,1.36424205266e-12
2025-06-27,18419.4730782,18419.4730782,0,0,0,18419.4730782,0,9751.02245669,10230.664268,583.971625364,11327.5045864,18213.797618,14321.4984405,35575.421256,18419.4730782,35402.4505427,35575.421256,2111.77279151,2111.77279151,2111.77279151,-2936.98564022,0,0,0,0,0,0,0,3.63797880709e-12,0
2025-06-28,18157.13521,18157.13521,0,0,0,18157.13521,0,10230.664268,9900.82270229,404.433685246,9962.77828274,17893.7013211,14790.7554792,35247.0839265,18157.13521,35271.2688037,35247.0839265,2107.44258048,2107.44258048,2107.44258048,1107.30468971,0,0,0,0,0,0,0,3.63797880709e-12,0
2025-06-29,48324.4057485,48324.4057485,0,0,10999.2212772,59323.6270257,1843.08075051,9900.82270229,8018.86086374,253.793025537,0,16755.1881651,15265.4680684,69168.200905,48324.4057485,69329.3528555,69168.200905,2103.11236946,2103.11236946,2103.11236946,3773.12332862,0,0,0,28,0,0,0,7.27595761418e-12,1.81898940355e-12
2025-06-30,50314.2906224,50314.2906224,0,0,2206.46711486,52520.7577372,451.629576073,8018.86086374,7926.71513778,214.892129917,0,19305.3723111,15720.2827253,73226.0361229,50314.2906224,73177.2780214,73226.0361229,2149.23224471,2149.23224471,2149.23224471,2305.85523295,0,0,0,11,0,0,0,-1.45519152284e-11,-8.64019966684e-12
2025-07-01,56505.8799187,56505.8799187,0,0,34951.1354564,91457.0153752,6267.21156915,7926.71513778,6429.90687012,380.462532379,0,18478.2414033,16314.5029775,75143.5334223,56505.8799187,75151.9898017,75143.5334223,2281.74921342,2281.74921342,2281.74921342,9326.41150308,0,0,0,58,0,0,0,-7.27595761418e-12,7.27595761418e-12
2025-07-02,58382.9246742,58382.9246742,0,0,8853.51293678,67236.437611,1566.70656659,6429.90687012,6920.63032106,1738.81920562,494.098288525,20361.3454941,16051.0387444,77881.2840439,58382.9246742,77924.668496,77881.2840439,2301.03402905,2301.03402905,2301.03402905,2193.04783518,0,0,0,14,0,0,0,-2.91038304567e-11,-3.63797880709e-12
2025-07-03,62483.3209535,62483.3209535,0,0,25402.8900951,87886.2110486,3719.85370983,6920.63032106,8256.34308673,42.5088690132,0,19606.6008413,14679.2051923,81010.4697415,62483.3209535,80270.4135446,81010.4697415,2296.21282514,2296.21282514,2296.21282514,6351.79808542,0,0,0,37,0,0,0,-7.27595761418e-12,-7.27595761418e-12
2025-07-04,26577.4271045,26577.4271045,0,0,0,26577.4271045,0,8256.34308673,8788.3141972,5.68434188608e-14,10743.4228694,17747.4999223,13896.7009377,43475.0893207,26577.4271045,44141.7208415,43475.0893207,2424.72139889,2424.72139889,2424.72139889,525.59066362,0,0,0,0,0,0,0,-3.63797880709e-12,0
2025-07-05,26797.1565549,26797.1565549,0,0,0,26797.1565549,0,8788.3141972,9009.24180914,57.7051752043,12252.0186916,18492.8937864,14780.4091162,44812.2885036,26797.1565549,44770.0125123,44812.2885036,2365.28831592,2365.28831592,2365.28831592,-863.014421672,0,0,0,0,0,0,0,1.09139364213e-11,0
2025-07-06,65696.2773569,65696.2773569,0,0,5019.64263875,70715.9199956,963.666398088,9009.24180914,9483.90680035,577.987406924,0,19494.445476,15363.3023435,83539.4456914,65696.2773569,82973.6770368,83539.4456914,2305.85523295,2305.85523295,2305.85523295,1610.34742298,0,0,0,17,0,0,0,-1.45519152284e-11,-5.45696821064e-12
2025-07-07,67234.8594373,67234.8594373,0,0,0,67234.8594373,0,9483.90680035,10800,7087.18911496,1846.59441667,15925.381721,11715.0753143,86553.572705,67234.8594373,87318.8200247,86553.572705,2301.03402905,2301.03402905,2301.03402905,-9003.55071194,0,0,0,0,0,0,0,1.45519152284e-11,0
2025-07-08,70443.4114588,70443.4114588,0,0,0,70443.4114588,0,10800,10800,9188.62995804,1768.62963333,17335.3429888,14041.6278209,89822.3617759,70443.4114588,89695.1936881,89822.3617759,2296.21282514,2296.21282514,2296.21282514,-10343.2949371,0,0,0,0,0,0,0,-2.91038304567e-11,0
2025-07-09,67008.0366906,67008.0366906,0,0,0,67008.0366906,0,10800,10800,7759.91754046,648.135772016,16610.1026674,13454.1831606,85622.697836,67008.0366906,84978.7533307,85622.697836,2291.39162123,2291.39162123,2291.39162123,-7283.54751085,0,0,0,0,0,0,0,0,0
2025-07-10,64221.9576404,64221.9576404,0,0,0,64221.9576404,0,10800,10800,4413.04026212,1312.9125,17466.360121,14147.751698,81898.1845685,64221.9576404,81893.5624785,81898.1845685,2286.57041733,2286.57041733,2286.57041733,-5510.11874523,0,0,0,0,0,0,0,2.91038304567e-11,0
2025-07-11,28265.8555097,28265.8555097,0,0,0,28265.8555097,0,10800,10512.6313361,858.096478822,8257.97144356,17739.4969923,14627.6243612,44746.7177034,28265.8555097,45374.7132252,44746.7177034,2281.74921342,2281.74921342,2281.74921342,3063.87509917,0,0,0,0,0,0,0,0,0
2025-07-12,27231.4534382,27231.4534382,0,0,0,27231.4534382,0,10512.6313361,9573.92227301,526.000438896,10296.8436352,17196.1251293,14773.6995115,44329.5130252,27231.4534382,44280.610179,44329.5130252,2301.03402905,2301.03402905,2301.03402905,323.810464703,0,0,0,0,0,0,0,0,0
2025-07-13,59626.6000418,59626.6000418,0,0,265.990627805,59892.5906696,31.176295644,9573.92227301,10450.8881766,2444.78733129,3343.36428914,17961.1211998,13759.2388585,79226.578066,59626.6000418,78595.7539531,79226.578066,2296.21282514,2296.21282514,2296.21282514,-5376.30931303,0,0,0,2,0,0,0,-7.27595761418e-12,1.13686837722e-13
2025-07-14,55567.6538286,55567.6538286,0,0,7820.0143304,63387.668159,1240.50911021,10450.8881766,7868.22403782,31.9799561386,0,15413.0784181,14808.9912436,71203.2372371,55567.6538286,72002.6572875,71203.2372371,2291.39162123,2291.39162123,2291.39162123,3460.98157255,0,0,0,27,0,0,0,7.27595761418e-12,0
2025-07-15,61051.8020123,61051.8020123,0,0,0,61051.8020123,0,7868.22403782,9641.35965575,1620.81799441,0,18122.0823737,13083.0646665,79408.8862849,61051.8020123,79467.535742,79408.8862849,2365.28831592,2365.28831592,2365.28831592,-1108.02566549,0,0,0,0,0,0,0,-1.45519152284e-11,0
2025-07-16,60768.1717877,60768.1717877,0,0,238.202164795,61006.3739525,28.552463342,9641.35965575,9746.50477761,1313.35459281,788.67255,18944.7701607,15250.6332205,77902.175003,60768.1717877,77877.1122876,77902.175003,2305.85523295,2305.85523295,2305.85523295,-1881.13100688,0,0,0,2,0,0,0,-1.45519152284e-11,3.60955709766e-12
2025-07-17,58652.759248,58652.759248,0,0,96.1144337961,58748.8736818,12.5631685355,9746.50477761,7939.60254517,877.772674933,0,19144.3196697,17133.1109417,75596.8343011,58652.759248,75592.3852258,75596.8343011,2301.03402905,2301.03402905,2301.03402905,875.608526114,0,0,0,3,0,0,0,-7.27595761418e-12,-3.51008111465e-12
2025-07-18,28158.5580615,28158.5580615,0,0,0,28158.5580615,0,7939.60254517,10488.6135152,671.306324681,9278.00034696,18233.5659507,12475.078547,46982.0421753,28158.5580615,46807.6406207,46982.0421753,2296.21282514,2296.21282514,2296.21282514,2539.48764348,0,0,0,0,0,0,0,0,0
2025-07-19,27145.0435151,27145.0435151,0,0,0,27145.0435151,0,10488.6135152,10098.725372,787.700473933,13928.7788654,18277.0487099,15155.3087839,45021.0383153,27145.0435151,44701.8143879,45021.0383153,2399.30819717,2399.30819717,2399.30819717,-3284.03269174,0,0,0,0,0,0,0,-3.63797880709e-12,0
2025-07-20,57789.3616605,57789.3616605,0,0,214.355605091,58003.7172656,25.1916329876,10098.725372,9114.09182031,707.00312889,0,16998.7995365,14655.1978211,75115.391428,57789.3616605,75616.6820304,75115.391428,2352.58171506,2352.58171506,2352.58171506,269.753444412,0,0,0,1,0,0,0,7.27595761418e-12,7.07700564817e-12
2025-07-21,59763.500559,59763.500559,0,0,2384.80921886,62148.3097778,386.424212293,9114.09182031,8199.53092765,789.007944546,0,18530.6695474,15832.9471368,77090.0554929,59763.500559,77064.1057216,77090.0554929,2305.85523295,2305.85523295,2305.85523295,1299.69248901,0,0,0,6,0,0,0,0,-3.63797880709e-12
2025-07-22,60020.2855245,60020.2855245,0,0,467.922223988,60488.2077484,55.5533074086,8199.53092765,8534.3991507,549.646222174,0,18947.432896,15046.039245,78190.6311824,60020.2855245,78200.793513,78190.6311824,2301.03402905,2301.03402905,2301.03402905,839.64114268,0,0,0,2,0,0,0,0,9.09494701773e-13
2025-07-23,59548.9692217,59548.9692217,0,0,723.992383709,60272.9616054,86.0237236997,8534.3991507,8247.37328224,784.004357099,0,19352.3275674,15933.7086112,78333.1467063,59548.9692217,78304.5835418,78333.1467063,2296.21282514,2296.21282514,2296.21282514,804.276546661,0,0,0,3,0,0,0,-7.27595761418e-12,-6.8212102633e-13
2025-07-24,59677.5298035,59677.5298035,0,0,267.290029047,59944.8198326,32.0832937824,8247.37328224,8721.19010047,174.421677184,0,19284.666783,15194.1449578,77849.3322086,59677.5298035,77636.9465903,77849.3322086,2291.39162123,2291.39162123,2291.39162123,1190.93369285,0,0,0,2,0,0,0,-7.27595761418e-12,-1.47792889038e-12
2025-07-25,27000.8331224,27000.8331224,0,0,0,27000.8331224,0,8721.19010047,9960.76701983,877.748595689,12997.5496442,17521.049567,13076.4309219,44825.2364517,27000.8331224,44860.7317665,44825.2364517,2286.57041733,2286.57041733,2286.57041733,-2430.1929983,0,0,0,0,0,0,0,-3.63797880709e-12,0
2025-07-26,26322.9221789,26322.9221789,0,0,0,26322.9221789,0,9960.76701983,9925.49715115,609.724776296,11001.1998974,17997.1697595,14609.450387,43467.7356128,26322.9221789,43495.1574485,43467.7356128,2281.74921342,2281.74921342,2281.74921342,672.366853193,0,0,0,0,0,0,0,-7.27595761418e-12,0
2025-07-27,57785.3129619,57785.3129619,0,0,6250.02538822,64035.3383501,1194.623736,9925.49715115,8000.01867839,815.847643341,0,19663.480047,17660.3494635,75309.5442908,57785.3129619,75485.6098738,75309.5442908,2264.00893777,2264.00893777,2264.00893777,2081.42919445,0,0,0,17,0,0,0,-1.45519152284e-11,-9.09494701773e-13
2025-07-28,60960.2924752,60960.2924752,0,0,13072.7054273,74032.9979025,2160.96975274,8000.01867839,7736.62416514,351.811732367,0,17435.0454527,14359.4418786,79221.322787,60960.2924752,79209.0581507,79221.322787,2246.26866212,2246.26866212,2246.26866212,4227.6616638,0,0,0,26,0,0,0,-7.27595761418e-12,1.81898940355e-12
2025-07-29,62114.2961484,62114.2961484,0,0,665.358441502,62779.6545899,78.3595247946,7736.62416514,9540.57885705,365.352024931,0,21676.0437969,15934.0362528,82098.2459943,62114.2961484,82121.9624687,82098.2459943,2291.39162123,2291.39162123,2291.39162123,132.485400388,0,0,0,4,0,0,0,-1.45519152284e-11,1.36424205266e-12
2025-07-30,61842.9141312,61842.9141312,0,0,69.8681187148,61912.7822499,8.31486611719,9540.57885705,9962.99893111,1494.34041851,607.853890292,19663.091078,15546.9257065,80313.2988641,61842.9141312,80280.1913482,80313.2988641,2286.57041733,2286.57041733,2286.57041733,-2184.44444211,0,0,0,2,0,0,0,4.36557456851e-11,3.53850282409e-12
2025-07-31,59595.5695165,59595.5695165,0,0,881.629869328,60477.1993858,104.570315127,9962.99893111,9528.62366538,560.890484855,0,19555.7091133,16231.0621209,78475.9634288,59595.5695165,77658.522434,78475.9634288,2281.74921342,2281.74921342,2281.74921342,591.421511314,0,0,0,6,0,0,0,-1.45519152284e-11,6.8212102633e-13
2025-08-01,25824.1366246,25824.1366246,0,0,0,25824.1366246,0,9528.62366538,9809.30024939,889.857633509,17360.6137916,17680.3158966,14068.4469506,43113.7000378,25824.1366246,43744.453881,43113.7000378,2264.00893777,2264.00893777,2264.00893777,-7674.98861427,0,0,0,0,0,0,0,0,0
2025-08-02,25268.6009241,25268.6009241,0,0,0,25268.6009241,0,9809.30024939,10008.2183723,324.117322167,17779.0428047,17696.2232118,14154.9144909,42571.4937811,25268.6009241,42583.5030523,42571.4937811,2246.26866212,2246.26866212,2246.26866212,-4191.8954503,0,0,0,0,0,0,0,-3.63797880709e-12,0
2025-08-03,53275.6687265,53275.6687265,0,0,2037.17414891,55312.8428754,244.745179087,10008.2183723,9451.87953793,1750.18741692,3250.69843837,17603.4000418,14759.4589848,70439.5617166,53275.6687265,70629.6005279,70439.5617166,2228.52838648,2228.52838648,2228.52838648,-4130.85604648,0,0,0,6,0,0,0,-7.27595761418e-12,7.50333128963e-12
2025-08-04,52938.066184,52938.066184,0,0,289.419109672,53227.4852937,35.6120951185,9451.87953793,9102.32499205,242.24237824,0,17748.3500136,14690.7626023,68679.8727778,52938.066184,68687.8696606,68679.8727778,2210.78811083,2210.78811083,2210.78811083,731.638001538,0,0,0,2,0,0,0,7.27595761418e-12,9.09494701773e-12
2025-08-05,53175.5961031,53175.5961031,0,0,156.383799686,53331.9799028,18.8856815603,9102.32499205,9172.54464664,184.859793181,0,19006.2265325,15331.8458022,68992.6645753,53175.5961031,68965.4374135,68992.6645753,2193.04783518,2193.04783518,2193.04783518,819.29269179,0,0,0,3,0,0,0,0,1.19371179608e-12
2025-08-06,53545.6359755,53545.6359755,0,0,6680.35455094,60225.9905265,1354.62549495,9172.54464664,7735.17595091,233.119634037,0,17338.7297969,15338.0029616,68993.620241,53545.6359755,68992.1560243,68993.620241,2177.65886865,2177.65886865,2177.65886865,3378.01198749,0,0,0,20,0,0,0,2.18278728426e-11,-1.09139364213e-11
2025-08-07,54384.8925528,54384.8925528,0,0,620.97567066,55005.8682235,73.0216175003,7735.17595091,9783.11420253,1016.37537527,1567.6347754,20422.8250188,14699.3438387,71622.4549632,54384.8925528,71600.2353259,71622.4549632,2246.26866212,2246.26866212,2246.26866212,-2539.82358722,0,0,0,3,0,0,0,0,1.13686837722e-13
2025-08-08,24582.6858175,24582.6858175,0,0,0,24582.6858175,0,9783.11420253,9953.27510804,289.603594689,22221.1691921,19025.8862248,15257.8230271,42054.0072344,24582.6858175,41911.5192337,42054.0072344,2228.52838648,2228.52838648,2228.52838648,-2354.15808936,0,0,0,0,0,0,0,3.63797880709e-12,0
2025-08-09,24320.5498035,24320.5498035,0,0,0,24320.5498035,0,9953.27510804,9249.48752587,121.553985706,19052.6373215,17903.4190002,15135.1782141,40864.3610933,24320.5498035,40856.0816427,40864.3610933,2210.78811083,2210.78811083,2210.78811083,3680.04089774,0,0,0,0,0,0,0,-3.63797880709e-12,0
2025-08-10,53011.2994802,53011.2994802,0,0,569.570690743,53580.8701709,66.9725537051,9249.48752587,8370.36907465,223.808090145,0,16908.5128298,14487.1019982,67882.865418,53011.2994802,68072.2696458,67882.865418,2281.74921342,2281.74921342,2281.74921342,3505.12996307,0,0,0,2,0,0,0,2.18278728426e-11,7.95807864051e-13
2025-08-11,52625.0753892,52625.0753892,0,0,954.094075291,53579.1694645,113.851127659,8370.36907465,9109.36781011,42.9722079368,0,19076.1240476,14786.5616167,68779.9368446,52625.0753892,68784.7760857,68779.9368446,2301.03402905,2301.03402905,2301.03402905,870.7142082,0,0,0,4,0,0,0,0,-2.38742359215e-12
2025-08-12,52469.4489743,52469.4489743,0,0,9814.13949929,62283.5884736,1814.07344143,9109.36781011,7748.71579739,58.9481462011,0,16429.4049906,14532.4048539,67902.4184916,52469.4489743,67879.2153414,67902.4184916,2296.21282514,2296.21282514,2296.21282514,5065.55031479,0,0,0,31,0,0,0,-7.27595761418e-12,3.63797880709e-12
2025-08-13,54006.9302896,54006.9302896,0,0,527.997548499,54534.9278381,62.1000035721,7748.71579739,8717.54389251,213.043730183,0,18581.2908498,14178.9003027,70674.3137237,54006.9302896,70668.4663072,70674.3137237,2399.30819717,2399.30819717,2399.30819717,1073.80817591,0,0,0,2,0,0,0,7.27595761418e-12,3.41060513165e-12
2025-08-14,53023.0758965,53023.0758965,0,0,657.786418444,53680.862315,77.1620615795,8717.54389251,7804.0454448,28.7595467056,0,19262.531713,16424.7992905,68715.620891,53023.0758965,68719.7915231,68715.620891,2352.58171506,2352.58171506,2352.58171506,1783.26707909,0,0,0,2,0,0,0,-7.27595761418e-12,8.86757334229e-12
2025-08-15,25659.3131349,25659.3131349,0,0,0,25659.3131349,0,7804.0454448,9635.30321926,428.798245772,20924.0862923,17952.8497066,12893.6762653,43571.7848627,25659.3131349,43399.1044592,43571.7848627,2305.85523295,2305.85523295,2305.85523295,-1656.10034105,0,0,0,0,0,0,0,-7.27595761418e-12,0
2025-08-16,24697.9480643,24697.9480643,0,0,0,24697.9480643,0,9635.30321926,9594.45782502,59.230599685,21133.5927669,17823.0730622,14473.4500352,41471.7267602,24697.9480643,41475.6940273,41471.7267602,2301.03402905,2301.03402905,2301.03402905,-244.867426187,0,0,0,0,0,0,0,3.63797880709e-12,0
2025-08-17,52946.0660356,52946.0660356,0,0,1426.80461112,54372.8706467,171.248168979,9594.45782502,10549.4785675,286.416845303,514.854344135,20275.7891282,15563.8705255,68507.3352398,52946.0660356,67857.7234423,68507.3352398,2296.21282514,2296.21282514,2296.21282514,597.339530756,0,0,0,5,0,0,0,0,-6.8212102633e-13
2025-08-18,52384.7409711,52384.7409711,0,0,1790.10597241,54174.8469435,211.059371342,10549.4785675,9782.39282118,280.877936886,0,19141.483844,16194.9790853,67410.4389408,52384.7409711,68237.6882443,67410.4389408,2291.39162123,2291.39162123,2291.39162123,1027.8721081,0,0,0,4,0,0,0,0,-9.09494701773e-13
2025-08-19,53131.5123993,53131.5123993,0,0,553.260458423,53684.7728577,65.9670121766,9782.39282118,9720.79157316,36.1455342717,774.218082894,17691.8711626,14385.8567649,68368.0710527,53131.5123993,68388.0529867,68368.0710527,2286.57041733,2286.57041733,2286.57041733,244.532258381,0,0,0,2,0,0,0,-7.27595761418e-12,2.38742359215e-12
2025-08-20,53009.4510649,53009.4510649,0,0,28704.6914995,81714.1425644,4095.70156748,9720.79157316,7757.59003116,58.5481232298,0,15101.998731,13999.5003599,67716.0359935,53009.4510649,67665.197245,67716.0359935,2281.74921342,2281.74921342,2281.74921342,6969.67518014,0,0,0,31,0,0,0,-1.45519152284e-11,0
2025-08-21,55096.788487,55096.788487,0,0,347.924354024,55444.712841,41.9611580288,7757.59003116,9770.84551942,474.188167072,1146.04666954,17949.6752924,12727.3070474,72645.0604069,55096.788487,72682.0220724,72645.0604069,2301.03402905,2301.03402905,2301.03402905,-1156.10171203,0,0,0,3,0,0,0,7.27595761418e-12,-1.5916157281e-12
2025-08-22,24681.5279382,24681.5279382,0,0,0,24681.5279382,0,9770.84551942,8704.73529163,277.911359773,17901.5683695,17436.3794323,15082.9665451,41763.4620164,24681.5279382,41571.0775295,41763.4620164,2296.21282514,2296.21282514,2296.21282514,903.435470932,0,0,0,0,0,0,0,3.63797880709e-12,0
2025-08-23,25006.224336,25006.224336,0,0,0,25006.224336,0,8704.73529163,10149.8418618,95.8481383054,16038.2538944,18405.4630362,13607.8291462,43461.7420726,25006.224336,42648.7393426,43461.7420726,2291.39162123,2291.39162123,2291.39162123,3139.49452063,0,0,0,0,0,0,0,-7.27595761418e-12,0
2025-08-24,53798.9270908,53798.9270908,0,0,81.7187710306,53880.6458619,9.79136964182,10149.8418618,9151.87205786,382.600940021,2837.46197769,17619.0019184,15169.5643774,69393.2985724,53798.9270908,70374.5870578,69393.2985724,2352.58171506,2352.58171506,2352.58171506,-2681.648943,0,0,0,1,0,0,0,0,-1.76214598469e-12
2025-08-25,54504.714882,54504.714882,0,0,15022.5011321,69527.2160141,2497.86215525,9151.87205786,7889.79954628,358.669345876,0,15176.81752,13429.0874517,70381.6242757,54504.714882,70420.8107219,70381.6242757,2305.85523295,2305.85523295,2305.85523295,4687.38307805,0,0,0,24,0,0,0,7.27595761418e-12,3.63797880709e-12
2025-08-26,56341.6346597,56341.6346597,0,0,219.086751875,56560.7214116,25.9796930956,7889.79954628,10014.8296944,1731.20654848,1462.51022366,19206.5237628,13644.7571145,74258.3221106,56341.6346597,74251.6732945,74258.3221106,2492.76116138,2492.76116138,2492.76116138,-3213.26303761,0,0,0,1,0,0,0,0,5.68434188608e-14
2025-08-27,55289.298234,55289.298234,0,0,114.974360515,55404.2725946,13.6314376092,10014.8296944,9709.9156614,588.987203527,174.5744883,18652.8050399,15383.194712,71933.6894487,55289.298234,71879.2533496,71933.6894487,2446.03467927,2446.03467927,2446.03467927,-707.134464543,0,0,0,1,0,0,0,1.45519152284e-11,-6.53699316899e-13
2025-08-28,54892.064164,54892.064164,0,0,4816.60106803,59708.665232,745.914645452,9709.9156614,7568.29372887,336.42524728,0,15844.4846929,14761.4923405,71441.2979375,54892.064164,71486.8447596,71441.2979375,2399.30819717,2399.30819717,2399.30819717,2994.29011793,0,0,0,15,0,0,0,-7.27595761418e-12,2.72848410532e-12
2025-08-29,26938.5047154,26938.5047154,0,0,0,26938.5047154,0,7568.29372887,10069.4979377,444.033725304,17054.2394638,18116.3163665,12423.1324689,45746.6774366,26938.5047154,45542.4224592,45746.6774366,2552.19424435,2552.19424435,2552.19424435,-2219.45309651,0,0,0,0,0,0,0,-1.09139364213e-11,0
2025-08-30,25803.941996,25803.941996,0,0,0,25803.941996,0,10069.4979377,9884.08916175,49.4699518791,21435.9077815,17061.1090729,13986.3662473,43072.8403923,25803.941996,42607.9257781,43072.8403923,2539.48764348,2539.48764348,2539.48764348,-5046.29786136,0,0,0,0,0,0,0,0,0
2025-08-31,53480.6294777,53480.6294777,0,0,1058.70929885,54539.3387765,127.153622305,9884.08916175,9037.30024322,537.897322059,0,16401.3838393,14047.2309365,69411.5196859,53480.6294777,70060.030828,69411.5196859,2492.76116138,2492.76116138,2492.76116138,1032.82779072,0,0,0,5,0,0,0,-1.45519152284e-11,-3.18323145621e-12
2025-09-01,48589.6025082,48589.6025082,0,0,0,48589.6025082,0,9037.30024322,10800,11070.4499658,2857.35157226,15245.3774068,10762.3259184,71984.9875597,48589.6025082,71161.2109528,71984.9875597,2446.03467927,2446.03467927,2446.03467927,-13250.7534056,0,0,0,0,0,0,0,1.45519152284e-11,0
2025-09-02,42152.7163053,42152.7163053,0,0,0,42152.7163053,0,10800,10800,4274.87032423,0,18407.6462426,14910.1934565,61830.0789603,42152.7163053,62603.0642592,61830.0789603,2399.30819717,2399.30819717,2399.30819717,-4334.88925385,0,0,0,0,0,0,0,1.45519152284e-11,0
2025-09-03,42746.6258454,42746.6258454,0,0,0,42746.6258454,0,10800,10508.0781983,1825.9214235,654.448958304,16661.0330722,13758.16641,60930.954294,42746.6258454,60901.0264245,60930.954294,2352.58171506,2352.58171506,2352.58171506,-631.748047019,0,0,0,0,0,0,0,-1.45519152284e-11,0
2025-09-04,41171.6545611,41171.6545611,0,0,0,41171.6545611,0,10508.0781983,10404.1249339,1272.05893439,1293.27248026,19622.0088872,15987.3851365,60125.5207153,41171.6545611,60120.1073064,60125.5207153,2305.85523295,2305.85523295,2305.85523295,-1325.66580922,0,0,0,0,0,0,0,7.27595761418e-12,0
2025-09-05,18976.5667273,18976.5667273,0,0,0,18976.5667273,0,10404.1249339,10800,3009.67910007,24263.9013161,16441.2560938,12961.1298766,37577.9683002,18976.5667273,37419.1142311,37577.9683002,2301.03402905,2301.03402905,2301.03402905,-6140.93987056,0,0,0,0,0,0,0,0,0
2025-09-06,18243.0047988,18243.0047988,0,0,0,18243.0047988,0,10800,10800,2853.74697073,22703.1520923,16376.2238766,13264.7413401,36389.4652996,18243.0047988,36415.8257719,36389.4652996,2296.21282514,2296.21282514,2296.21282514,-2313.71710817,0,0,0,0,0,0,0,0,0
2025-09-07,38199.9752737,38199.9752737,0,0,2262.38532161,40462.3605953,428.673896649,10800,8363.85612255,1197.39561762,0,16693.4344261,15714.2113749,56708.9283889,38199.9752737,56595.1095975,56708.9283889,2291.39162123,2291.39162123,2291.39162123,6331.18574061,0,0,0,5,0,0,0,0,-1.81898940355e-12
2025-09-08,35501.4275038,35501.4275038,0,0,39930.3973018,75431.8248056,7812.07102724,8363.85612255,7114.50971431,0,0,15105.8085649,13360.116705,53329.190366,35501.4275038,53484.0663564,53329.190366,2352.58171506,2352.58171506,2352.58171506,15522.1881952,0,0,0,51,0,0,0,7.27595761418e-12,0
2025-09-09,38937.8027852,38937.8027852,0,0,1990.51296465,40928.3157498,366.153090666,7114.50971431,7155.88128377,0,1537.41801155,21044.4746613,17008.7900632,58309.7837857,38937.8027852,58348.5005059,58309.7837857,2539.48764348,2539.48764348,2539.48764348,2916.9229544,0,0,0,10,0,0,0,-2.18278728426e-11,-4.54747350886e-13
2025-09-10,40829.1166076,40829.1166076,0,0,26449.5567935,67278.6734011,4540.08431606,7155.88128377,8088.92944937,92.9330798416,0,17579.9753032,13400.0366465,61048.7860704,40829.1166076,60220.9873534,61048.7860704,2590.31404694,2590.31404694,2590.31404694,10274.150757,0,0,0,46,0,0,0,0,3.63797880709e-12
2025-09-11,41064.2546374,41064.2546374,0,0,9.35367205959,41073.6083095,1.40056480641,8088.92944937,9180.71807164,464.367961667,2076.02779965,19437.1257543,14761.462101,60710.7446332,41064.2546374,61502.4701256,60710.7446332,2654.26697019,2654.26697019,2654.26697019,-1390.43415822,0,0,0,1,0,0,0,2.18278728426e-11,7.73603403559e-12
2025-09-12,18406.9564371,18406.9564371,0,0,0,18406.9564371,0,9180.71807164,10745.4344611,642.511098529,19989.8410816,17212.0317773,12533.5009891,36862.5391683,18406.9564371,36777.1905749,36862.5391683,2637.18486273,2637.18486273,2637.18486273,-336.332528052,0,0,0,0,0,0,0,0,0
2025-09-13,18324.7580234,18324.7580234,0,0,0,18324.7580234,0,10745.4344611,10800,1696.87831384,24083.948111,15375.8376842,12405.3195392,36758.4460532,18324.7580234,36777.5675253,36758.4460532,2620.10275526,2620.10275526,2620.10275526,-5667.46260702,0,0,0,0,0,0,0,0,0
2025-09-14,41218.4116377,41218.4116377,0,0,4712.10592648,45930.5175642,891.948892903,10800,7355.60548075,1151.61967509,0,14161.1884245,14570.5176912,59949.6662655,41218.4116377,60070.4342114,59949.6662655,2603.0206478,2603.0206478,2603.0206478,6243.32631132,0,0,0,20,0,0,0,0,5.45696821064e-12
2025-09-15,41643.3006487,41643.3006487,0,0,7.87661553333,41651.1772642,1.17176666667,7355.60548075,8178.73440751,74.4937838406,2040.91025421,20956.632775,16234.0565137,61903.8391661,41643.3006487,61877.0097323,61903.8391661,2671.34907765,2671.34907765,2671.34907765,444.306228063,0,0,0,1,0,0,0,2.91038304567e-11,-4.91251483936e-12
2025-09-16,43718.832375,43718.832375,0,0,55.5217982,43774.3541732,8.23826666667,8178.73440751,8566.75729776,18.7431555517,0,17617.4425691,13920.9078797,63198.8095616,43718.832375,63233.7102742,63198.8095616,2654.26697019,2654.26697019,2654.26697019,2938.12411657,0,0,0,1,0,0,0,-1.45519152284e-11,2.65742983174e-12
2025-09-17,44064.0393972,44064.0393972,0,0,38.1954229167,44102.2348202,7.62916666667,8566.75729776,9428.69655097,69.0292112378,0,18655.0622418,14334.855088,64341.7255984,44064.0393972,63486.3628966,64341.7255984,2703.9467158,2703.9467158,2703.9467158,1918.52772565,0,0,0,1,0,0,0,7.27595761418e-12,-8.37019342725e-12
2025-09-18,43048.4558529,43048.4558529,0,0,17.5160057,43065.9718586,2.4634,9428.69655097,9828.18400963,109.370975017,0,18015.4664048,14232.9890751,62845.4360214,43048.4558529,63009.8406544,62845.4360214,2696.18895046,2696.18895046,2696.18895046,1018.55210069,0,0,0,1,0,0,0,0,-4.11759515373e-12
2025-09-19,17466.5735719,17466.5735719,0,0,0,17466.5735719,0,9828.18400963,9833.74592579,99.1346985053,15774.6089534,16242.6230733,13151.5189648,35066.2000771,17466.5735719,35571.5495376,35066.2000771,2688.43118512,2688.43118512,2688.43118512,2337.69566732,0,0,0,0,0,0,0,0,0
2025-09-20,17333.2025277,17333.2025277,0,0,0,17333.2025277,0,9833.74592579,10423.2352989,186.738814723,16043.4222407,17959.306438,14016.4977789,35818.4034478,17333.2025277,34990.9539019,35818.4034478,2671.34907765,2671.34907765,2671.34907765,1516.93933259,0,0,0,0,0,0,0,0,0
2025-09-21,44659.7602486,44659.7602486,0,0,0,44659.7602486,0,10423.2352989,10118.9727038,1356.31866683,2167.14365819,15539.9842204,12861.2235541,64489.7104746,44659.7602486,64888.9142579,64489.7104746,2654.26697019,2654.26697019,2654.26697019,-2793.5791948,0,0,0,0,0,0,0,-7.27595761418e-12,0
2025-09-22,44775.643908,44775.643908,0,0,128.013695183,44903.6576032,19.5559,10118.9727038,9835.14824532,207.208624478,10.7042785293,17175.8788238,14167.9038599,63820.3518502,44775.643908,63596.9859227,63820.3518502,2637.18486273,2637.18486273,2637.18486273,639.206608756,0,0,0,2,0,0,0,0,0
2025-09-23,45929.6770305,45929.6770305,0,0,73.78176635,46003.4587968,11.3177,9835.14824532,9685.14249908,879.807713874,0,17697.3444355,14469.8541644,66212.5958683,45929.6770305,66232.5976043,66212.5958683,2620.10275526,2620.10275526,2620.10275526,179.069513345,0,0,0,2,0,0,0,-2.18278728426e-11,1.5916157281e-12
2025-09-24,45397.8862404,45397.8862404,0,0,0,45397.8862404,0,9685.14249908,10021.5653897,658.797974616,0,18082.3946403,14343.9590571,65460.4586578,45397.8862404,66253.4952226,65460.4586578,2603.0206478,2603.0206478,2603.0206478,-817.675529824,0,0,0,0,0,0,0,-7.27595761418e-12,0
2025-09-25,45059.0973226,45059.0973226,0,0,106.256645833,45165.3539685,15.3716666667,10021.5653897,9736.17943263,149.023748228,1269.82621439,16637.0418885,13732.851291,64643.1177934,45059.0973226,64652.6108375,64643.1177934,2590.31404694,2590.31404694,2590.31404694,-1099.96157771,0,0,0,1,0,0,0,0,-9.36495325732e-12
2025-09-26,17612.3314158,17612.3314158,0,0,0,17612.3314158,0,9736.17943263,10281.5846994,574.80106167,14644.1387188,17467.7528764,13658.0150898,36722.921067,17612.3314158,36540.2960403,36722.921067,2577.60744607,2577.60744607,2577.60744607,1429.92381023,0,0,0,0,0,0,0,0,0
2025-09-27,17869.6880204,17869.6880204,0,0,0,17869.6880204,0,10281.5846994,9681.34865176,413.106777228,15270.9886045,17628.7115877,14819.4688289,36294.6403906,17869.6880204,35489.5529229,36294.6403906,2564.90084521,2564.90084521,2564.90084521,1107.97089459,0,0,0,0,0,0,0,0,0
2025-09-28,45800.7939468,45800.7939468,0,0,40.0719141667,45840.865861,5.86833333333,9681.34865176,8506.61671809,135.209423057,0,17307.1136595,15076.0208045,65848.0631114,45800.7939468,66816.5396467,65848.0631114,2552.19424435,2552.19424435,2552.19424435,1259.79409539,0,0,0,1,0,0,0,-7.27595761418e-12,-3.51718654201e-12
2025-09-29,47273.7081669,47273.7081669,0,0,142.855383367,47416.5635503,26.0150166667,8506.61671809,9622.75863014,949.748332528,322.816042936,19166.6143905,14520.4299355,68652.6254138,47273.7081669,68692.3059252,68652.6254138,2539.48764348,2539.48764348,2539.48764348,-961.063967603,0,0,0,2,0,0,0,7.27595761418e-12,-5.40012479178e-13
2025-09-30,47173.4109746,47173.4109746,0,0,0,47173.4109746,0,9622.75863014,8423.45871571,537.54698388,0,17641.5967982,15369.0633296,68232.2552192,47173.4109746,68201.6975395,68232.2552192,2499.12924825,2499.12924825,2499.12924825,869.762434384,0,0,0,0,0,0,0,1.45519152284e-11,0
2025-10-01,45749.5705996,45749.5705996,0,0,0,45749.5705996,0,8423.45871571,10800,6665.61817313,8280.39611595,16500.8473107,11226.7991658,69881.5839673,45749.5705996,69875.1250178,69881.5839673,2458.77085302,2458.77085302,2458.77085302,-15132.4340444,0,0,0,0,0,0,0,-7.27595761418e-12,0
2025-10-02,41589.3147008,41589.3147008,0,0,0,41589.3147008,0,10800,10800,4479.52640319,3071.91250518,16263.3668622,13173.3271584,62372.2617289,41589.3147008,62358.5381834,62372.2617289,2418.41245779,2418.41245779,2418.41245779,-6579.4030328,0,0,0,0,0,0,0,-7.27595761418e-12,0
2025-10-03,15596.3892629,15596.3892629,0,0,0,15596.3892629,0,10800,10800,3197.33278002,20783.5343892,15158.3439411,12278.2585923,34678.1062181,15596.3892629,34521.7305034,34678.1062181,2378.05406256,2378.05406256,2378.05406256,-2500.93619401,0,0,0,0,0,0,0,0,0
2025-10-04,15970.0184276,15970.0184276,0,0,0,15970.0184276,0,10800,10790.5419706,2264.05218665,15992.5208318,16161.1342334,13099.0309555,34414.6587297,15970.0184276,34421.8012108,34414.6587297,2337.69566732,2337.69566732,2337.69566732,3024.60811202,0,0,0,0,0,0,0,0,0
2025-10-05,39832.3092044,39832.3092044,0,0,0,39832.3092044,0,10790.5419706,10800,1017.57492783,478.803467816,16922.2331336,13698.4966118,59456.0759841,39832.3092044,59602.0315055,59456.0759841,2499.12924825,2499.12924825,2499.12924825,-290.045010255,0,0,0,0,0,0,0,-1.45519152284e-11,0
2025-10-06,40658.7910703,40658.7910703,0,0,0,40658.7910703,0,10800,9181.55284051,998.57077654,0,16649.0797793,14942.3570648,60438.4027411,40658.7910703,60059.800783,60438.4027411,2458.77085302,2458.77085302,2458.77085302,2775.2639624,0,0,0,0,0,0,0,7.27595761418e-12,0
2025-10-07,40746.035406,40746.035406,0,0,109.760260516,40855.7956665,19.7257664378,9181.55284051,8571.47868131,88.2898686827,0,18356.1422733,15417.5419846,60778.7273909,40746.035406,61172.9885142,60778.7273909,2564.90084521,2564.90084521,2564.90084521,2863.88345146,0,0,0,2,0,0,0,2.18278728426e-11,8.2280848801e-12
2025-10-08,38950.7358088,38950.7358088,0,0,0,38950.7358088,0,8571.47868131,8061.79644911,68.5817359283,0,18771.6616207,15663.7599218,59654.9791015,38950.7358088,59028.0937231,59654.9791015,2620.10275526,2620.10275526,2620.10275526,4240.66752388,0,0,0,0,0,0,0,7.27595761418e-12,0
2025-10-09,39609.8901666,39609.8901666,0,0,0,39609.8901666,0,8061.79644911,8443.8191363,84.3618204032,439.941703933,20046.5452919,15893.8812679,60436.9492316,39609.8901666,61037.7803209,60436.9492316,2688.43118512,2688.43118512,2688.43118512,2522.21291524,0,0,0,0,0,0,0,7.27595761418e-12,0
2025-10-10,15540.9371743,15540.9371743,0,0,0,15540.9371743,0,8443.8191363,9858.03666491,194.922678449,20747.1317765,17771.9416002,13122.4769205,34935.1300514,15540.9371743,34765.7417234,34935.1300514,2671.34907765,2671.34907765,2671.34907765,-1048.97568188,0,0,0,0,0,0,0,-3.63797880709e-12,0
2025-10-11,15557.95482,15557.95482,0,0,0,15557.95482,0,9858.03666491,10158.1668159,189.533369986,16520.0665447,16029.4545523,12713.7410515,34131.6269988,15557.95482,34152.5049714,34131.6269988,2654.26697019,2654.26697019,2654.26697019,3585.75043758,0,0,0,0,0,0,0,1.81898940355e-12,0
2025-10-12,40673.9962579,40673.9962579,0,0,105.120590167,40779.1168481,20.9299333333,10158.1668159,9050.03748587,426.809228043,0,16095.7176389,14034.8476846,60981.7052324,40673.9962579,61156.8313466,60981.7052324,2703.9467158,2703.9467158,2703.9467158,2139.80355181,0,0,0,1,0,0,0,7.27595761418e-12,-4.95958829561e-12
2025-10-13,42818.1049351,42818.1049351,0,0,0,42818.1049351,0,9050.03748587,10800,711.639449033,1179.98721987,18909.3046011,13741.5704642,64086.7561058,42818.1049351,63255.201606,64086.7561058,2696.18895046,2696.18895046,2696.18895046,-1993.42575667,0,0,0,0,0,0,0,-1.45519152284e-11,0
2025-10-14,41799.9077423,41799.9077423,0,0,0,41799.9077423,0,10800,8288.10286082,241.453855254,0,16020.7469763,15237.5124761,61798.5176388,41799.9077423,61798.1225183,61798.5176388,2688.43118512,2688.43118512,2688.43118512,2827.39537097,0,0,0,0,0,0,0,-7.27595761418e-12,0
2025-10-15,43056.9424345,43056.9424345,0,0,2067.76921776,45124.7116522,410.693621549,8288.10286082,8066.50529146,98.0821241472,0,16883.9384237,13875.4279356,64615.9226407,43056.9424345,64588.02736,64615.9226407,2719.46224648,2719.46224648,2719.46224648,3155.47170812,0,0,0,19,0,0,0,-7.27595761418e-12,0
2025-10-16,44516.441188,44516.441188,0,0,863.482080574,45379.9232686,165.427498557,8066.50529146,8114.66802629,138.484926233,0,19276.7020545,15570.7822028,66645.4502294,44516.441188,66652.9254162,66645.4502294,2730.77218437,2730.77218437,2730.77218437,2464.49494486,0,0,0,9,0,0,0,-7.27595761418e-12,-2.84217094304e-12
2025-10-17,16426.2398255,16426.2398255,0,0,0,16426.2398255,0,8114.66802629,9838.66377168,429.777998308,15253.4567482,16113.358445,11500.2241696,36300.5683386,16426.2398255,36975.4630732,36300.5683386,2729.58812686,2729.58812686,2729.58812686,-1136.18847341,0,0,0,0,0,0,0,0,0
2025-10-18,15406.2420067,15406.2420067,0,0,0,15406.2420067,0,9838.66377168,9873.29031253,76.8170514727,15178.7705569,16419.5156218,13268.6437669,34483.05273,15406.2420067,34490.1102127,34483.05273,2728.40406934,2728.40406934,2728.40406934,-601.528960303,0,0,0,0,0,0,0,3.63797880709e-12,0
2025-10-19,44412.7667527,44412.7667527,0,0,0,44412.7667527,0,9873.29031253,7463.70438445,408.796744242,0,17051.0785772,15980.0009828,65365.596872,44412.7667527,65519.327282,65365.596872,2727.22001183,2727.22001183,2727.22001183,1885.70440947,0,0,0,0,0,0,0,-3.63797880709e-11,0
2025-10-20,46841.1850779,46841.1850779,0,0,0,46841.1850779,0,7463.70438445,9184.20098486,536.260770521,0,20278.5510979,14877.1794489,70378.4147862,46841.1850779,69559.102602,70378.4147862,2719.46224648,2719.46224648,2719.46224648,950.575793651,0,0,0,0,0,0,0,2.18278728426e-11,0
2025-10-21,47274.20509,47274.20509,0,0,0,47274.20509,0,9184.20098486,8714.88142798,309.095905435,0,17266.2335702,14408.0367931,69629.8740326,47274.20509,69755.053804,69629.8740326,2711.70448114,2711.70448114,2711.70448114,1634.83352776,0,0,0,0,0,0,0,-7.27595761418e-12,0
2025-10-22,47996.4803673,47996.4803673,0,0,0,47996.4803673,0,8714.88142798,10158.3666926,736.476093139,0,20112.3536885,14991.8697495,71411.8567321,47996.4803673,71275.6203323,71411.8567321,2703.9467158,2703.9467158,2703.9467158,-328.924410427,0,0,0,0,0,0,0,1.45519152284e-11,0
2025-10-23,47516.2648203,47516.2648203,0,0,0,47516.2648203,0,10158.3666926,9970.81055298,1926.41397764,1332.44726667,16498.9949561,13532.9864401,69604.3667936,47516.2648203,70426.9185953,69604.3667936,2696.18895046,2696.18895046,2696.18895046,-3195.04175174,0,0,0,0,0,0,0,0,0
2025-10-24,15973.220795,15973.220795,0,0,0,15973.220795,0,9970.81055298,9769.58392,200.791134765,13791.5311012,16331.846906,13409.8999636,35334.319895,15973.220795,35185.7538814,35334.319895,2688.43118512,2688.43118512,2688.43118512,-2050.27773419,0,0,0,0,0,0,0,-1.81898940355e-12,0
2025-10-25,15547.5907038,15547.5907038,0,0,0,15547.5907038,0,9769.58392,9441.1884789,92.1729247778,12551.8904375,17166.6228119,14200.5203747,35008.5985329,15547.5907038,34991.0263781,35008.5985329,2671.34907765,2671.34907765,2671.34907765,1090.29254495,0,0,0,0,0,0,0,-1.81898940355e-12,0
2025-10-26,47093.961482,47093.961482,0,0,0,47093.961482,0,9441.1884789,10511.6291543,538.737643954,0,18623.1604217,14121.3633337,69584.8467486,47093.961482,68906.6867598,69584.8467486,2654.26697019,2654.26697019,2654.26697019,-315.455531497,0,0,0,0,0,0,0,2.18278728426e-11,0
2025-10-27,46840.6058398,46840.6058398,0,0,103.6609,46944.2667398,19.7449333333,10511.6291543,9352.42005206,1585.65553815,1592.91538333,17020.9384795,14830.2483605,68902.0977739,46840.6058398,68936.1160754,68902.0977739,2637.18486273,2637.18486273,2637.18486273,-1776.73525686,0,0,0,1,0,0,0,-7.27595761418e-12,9.5354835139e-12
2025-10-28,47932.0392376,47932.0392376,0,0,0,47932.0392376,0,9352.42005206,9893.26723793,395.265418407,0,18768.1680622,14715.4536631,70420.4015175,47932.0392376,70389.4940999,70420.4015175,2620.10275526,2620.10275526,2620.10275526,396.138727175,0,0,0,0,0,0,0,0,0
2025-10-29,47744.5369424,47744.5369424,0,0,5642.84106768,53387.3780101,1007.40950645,9893.26723793,7423.01917114,300.529001439,0,15572.6919044,14837.1037027,69340.9644967,47744.5369424,70196.3856381,69340.9644967,2603.0206478,2603.0206478,2603.0206478,3411.10416491,0,0,0,24,0,0,0,0,0
2025-10-30,50955.280133,50955.280133,0,0,18.1326881667,50973.4128211,3.64183333333,7423.01917114,10394.0835049,1706.5765322,1659.5279,20367.6197248,13823.8140767,74694.0858969,50955.280133,73851.5944351,74694.0858969,2671.34907765,2671.34907765,2671.34907765,-2881.91204805,0,0,0,1,0,0,0,0,1.47082346302e-12
2025-10-31,16400.6345957,16400.6345957,0,0,0,16400.6345957,0,10394.0835049,10017.0646961,109.817537781,8884.92441634,15139.0396344,12601.9390318,35436.1346234,16400.6345957,36104.7546985,35436.1346234,2654.26697019,2654.26697019,2654.26697019,1794.95883033,0,0,0,0,0,0,0,-3.63797880709e-12,0
2025-11-01,16049.5330279,16049.5330279,0,0,0,16049.5330279,0,10017.0646961,10155.1981215,244.940074373,9754.37241676,16809.9330769,13491.7257094,35861.5582919,16049.5330279,35847.1999228,35861.5582919,2637.18486273,2637.18486273,2637.18486273,-342.264907063,0,0,0,0,0,0,0,0,0
2025-11-02,49774.8021159,49774.8021159,0,0,0,49774.8021159,0,10155.1981215,9512.95451998,422.450149051,0,18372.1895443,15459.4927723,72131.5308545,49774.8021159,71745.3552525,72131.5308545,2620.10275526,2620.10275526,2620.10275526,444.884674215,0,0,0,0,0,0,0,0,0
2025-11-03,50932.789284,50932.789284,0,0,0,50932.789284,0,9512.95451998,9794.50261681,106.007874,0,16635.614334,13221.4543234,73025.0981679,50932.789284,73601.9076748,73025.0981679,2603.0206478,2603.0206478,2603.0206478,205.463138822,0,0,0,0,0,0,0,-1.45519152284e-11,0
2025-11-04,51043.855729,51043.855729,0,0,105.307027992,51149.162757,21.9778833333,9794.50261681,10197.8714925,1821.43082856,988.470093788,18369.9646693,14516.639394,74221.3203476,51043.855729,73382.6634335,74221.3203476,2590.31404694,2590.31404694,2590.31404694,-2204.8817378,0,0,0,1,0,0,0,1.45519152284e-11,-2.64321897703e-12
2025-11-05,50993.9119355,50993.9119355,0,0,0,50993.9119355,0,10197.8714925,9672.33821435,69.0653369009,0,17465.6923097,14620.1907211,72592.5869921,50993.9119355,73418.6489001,72592.5869921,2577.60744607,2577.60744607,2577.60744607,107.233880189,0,0,0,0,0,0,0,-2.18278728426e-11,0
2025-11-06,51000.0375443,51000.0375443,0,0,923.768806725,51923.8063511,196.066816667,9672.33821435,7433.00545287,250.081724561,0,17391.0829141,16102.1766458,72712.5057262,51000.0375443,72722.362233,72712.5057262,2564.90084521,2564.90084521,2564.90084521,2411.98342726,0,0,0,1,0,0,0,-2.18278728426e-11,-6.8212102633e-13
2025-11-07,18168.7626483,18168.7626483,0,0,0,18168.7626483,0,7433.00545287,10771.7513095,789.351761942,9859.19383203,18957.0093195,12350.3062778,40573.710419,18168.7626483,39907.4448793,40573.710419,2552.19424435,2552.19424435,2552.19424435,-3441.14808074,0,0,0,0,0,0,0,0,0
2025-11-08,16769.1850355,16769.1850355,0,0,0,16769.1850355,0,10771.7513095,10276.6545002,745.484160002,9620.12211024,15212.4440642,12767.6668204,36601.590614,16769.1850355,37093.263337,36601.590614,2539.48764348,2539.48764348,2539.48764348,-2040.02184886,0,0,0,0,0,0,0,0,0
2025-11-09,51448.4417588,51448.4417588,0,0,0,51448.4417588,0,10276.6545002,8448.33228891,673.1569192,0,17275.3764299,15638.5448983,73656.8056341,51448.4417588,73357.5295693,73656.8056341,2536.03269783,2536.03269783,2536.03269783,1332.46913804,0,0,0,0,0,0,0,0,0
2025-11-10,53860.7412405,53860.7412405,0,0,2936.24692399,56796.9881645,532.889102765,8448.33228891,8339.07891415,478.510926702,0,19361.5721207,15781.2014551,77384.4355896,53860.7412405,77020.0143347,77384.4355896,2532.57775219,2532.57775219,2532.57775219,2454.18696469,0,0,0,21,0,0,0,0,2.72848410532e-12
2025-11-11,53541.9266295,53541.9266295,0,0,10.469655,53552.3962845,2.05166666667,8339.07891415,9494.67280897,613.224462331,0,19357.208608,14639.3044671,76888.0966032,53541.9266295,77734.0409801,76888.0966032,2529.12280654,2529.12280654,2529.12280654,-198.200380123,0,0,0,1,0,0,0,-1.45519152284e-11,7.72004682403e-12
2025-11-12,53128.1405463,53128.1405463,0,0,60.5796866667,53188.7202329,11.7733333333,9494.67280897,9762.5260694,1168.80048334,84.3884370124,19194.0384799,15306.1032343,76085.3385826,53128.1405463,76057.8213369,76085.3385826,2525.66786089,2525.66786089,2525.66786089,-1102.85247283,0,0,0,1,0,0,0,-1.45519152284e-11,-2.93454149869e-12
2025-11-13,53413.0032114,53413.0032114,0,0,10.1260511333,53423.1292625,2.01053333333,9762.5260694,8806.55446529,219.09046394,160.465866667,17496.4697011,15032.5149016,75237.3719134,53413.0032114,75235.875726,75237.3719134,2522.21291524,2522.21291524,2522.21291524,847.378728546,0,0,0,1,0,0,0,-1.45519152284e-11,-2.17426077143e-12
2025-11-14,17306.7613551,17306.7613551,0,0,0,17306.7613551,0,8806.55446529,10609.5007728,331.913815219,6123.06817165,18107.2792915,13044.2445494,39116.472029,17306.7613551,38121.9310876,39116.472029,2510.66932116,2510.66932116,2510.66932116,807.504231201,0,0,0,0,0,0,0,0,0
2025-11-15,16819.5497108,16819.5497108,0,0,0,16819.5497108,0,10609.5007728,10470.4887824,203.232885715,5042.27845743,16755.1018006,13696.7432499,36515.7568105,16819.5497108,36543.3430968,36515.7568105,2499.12572709,2499.12572709,2499.12572709,976.786801327,0,0,0,0,0,0,0,0,0
2025-11-16,54242.1542626,54242.1542626,0,0,0,54242.1542626,0,10470.4887824,8103.60487324,789.310497108,0,17031.5081264,15925.7171006,76329.6459063,54242.1542626,77282.855518,76329.6459063,2487.58213301,2487.58213301,2487.58213301,899.023644912,0,0,0,0,0,0,0,0,0
2025-11-17,56744.3440169,56744.3440169,0,0,0,56744.3440169,0,8103.60487324,10800,1880.68847144,269.16135,21339.9976453,14858.6424786,81326.9593215,56744.3440169,80517.94393,81326.9593215,2476.03853894,2476.03853894,2476.03853894,-2177.51316387,0,0,0,0,0,0,0,7.27595761418e-12,0
2025-11-18,54948.6768979,54948.6768979,0,0,0,54948.6768979,0,10800,8744.041269,109.771099155,0,16668.6995129,15352.0094634,76317.012982,54948.6768979,77163.4694432,76317.012982,2464.49494486,2464.49494486,2464.49494486,1165.85740968,0,0,0,0,0,0,0,2.18278728426e-11,0
2025-11-19,56934.7587405,56934.7587405,0,0,0,56934.7587405,0,8744.041269,9031.50161829,332.955477469,0,20159.2259538,16070.2587082,79790.2343231,56934.7587405,78937.2071776,79790.2343231,2462.43334883,2462.43334883,2462.43334883,1209.36807323,0,0,0,0,0,0,0,0,0
2025-11-20,56291.6928225,56291.6928225,0,0,0,56291.6928225,0,9031.50161829,9097.21514567,1125.28666549,64.9427608978,19311.2506578,15582.9708581,79711.5852593,56291.6928225,80546.5140914,79711.5852593,2460.37175279,2460.37175279,2460.37175279,-307.277593438,0,0,0,0,0,0,0,-2.18278728426e-11,0
2025-11-21,17799.050039,17799.050039,0,0,0,17799.050039,0,9097.21514567,10507.0243419,475.817647554,5024.65991513,17494.4549792,12901.6802565,38957.636352,17799.050039,38399.4964733,38957.636352,2458.31015676,2458.31015676,2458.31015676,-1094.15835262,0,0,0,0,0,0,0,3.63797880709e-12,0
2025-11-22,17257.3319464,17257.3319464,0,0,0,17257.3319464,0,10507.0243419,9681.19232724,422.401037366,4012.32590964,16209.2250837,13872.721131,36991.060383,17257.3319464,37403.4094475,36991.060383,2456.24856072,2456.24856072,2456.24856072,332.187429557,0,0,0,0,0,0,0,-3.63797880709e-12,0
2025-11-23,57159.3661253,57159.3661253,0,0,0,57159.3661253,0,9681.19232724,10450.4460046,601.359543933,0,20232.1383859,15695.703783,80369.8904302,57159.3661253,79685.5052029,80369.8904302,2454.18696469,2454.18696469,2454.18696469,-569.485025716,0,0,0,0,0,0,0,-7.27595761418e-12,0
2025-11-24,56402.4694438,56402.4694438,0,0,0,56402.4694438,0,10450.4460046,9054.37481962,1978.80152805,349.537886606,16058.1102272,14263.5333504,78284.8599914,56402.4694438,79105.6999342,78284.8599914,2445.7462572,2445.7462572,2445.7462572,-1386.66364816,0,0,0,0,0,0,0,0,0
2025-11-25,56482.0620141,56482.0620141,0,0,0,56482.0620141,0,9054.37481962,8904.56651002,123.443823524,0,19581.0912463,15995.5113882,79877.6841484,56482.0620141,79906.0447884,79877.6841484,2437.30554972,2437.30554972,2437.30554972,924.42310145,0,0,0,0,0,0,0,1.45519152284e-11,0
2025-11-26,58030.752315,58030.752315,0,0,0,58030.752315,0,8904.56651002,9378.66993614,528.632579318,0,20413.597917,16108.3212293,81591.5761504,58030.752315,80741.5534733,81591.5761504,2428.86484223,2428.86484223,2428.86484223,820.07878101,0,0,0,0,0,0,0,-2.18278728426e-11,0
2025-11-27,57978.8422115,57978.8422115,0,0,0,57978.8422115,0,9378.66993614,9322.87348406,1174.49282926,77.0898666667,19042.6094363,15474.7304503,80600.3544153,57978.8422115,81436.7458039,80600.3544153,2420.42413475,2420.42413475,2420.42413475,-546.137347719,0,0,0,0,0,0,0,2.91038304567e-11,0
2025-11-28,17611.6372613,17611.6372613,0,0,0,17611.6372613,0,9322.87348406,10656.260991,527.330769079,3375.99843886,18642.1740052,13900.1121879,39566.6295751,17611.6372613,38562.4099799,39566.6295751,2411.98342726,2411.98342726,2411.98342726,-79.5414247351,0,0,0,0,0,0,0,3.63797880709e-12,0
2025-11-29,17031.1262455,17031.1262455,0,0,0,17031.1262455,0,10656.260991,9677.73272806,250.947199826,0,16037.4958804,13871.0470997,37346.8460805,17031.1262455,38190.2044754,37346.8460805,2397.12587528,2397.12587528,2397.12587528,3565.92664546,0,0,0,0,0,0,0,3.63797880709e-12,0
2025-11-30,60276.4878398,60276.4878398,0,0,0,60276.4878398,0,9677.73272806,8712.5612889,206.129780756,0,18800.1256772,16096.7560937,83154.3274808,60276.4878398,82490.2713763,83154.3274808,2437.30554972,2437.30554972,2437.30554972,1681.78751073,0,0,0,0,0,0,0,7.27595761418e-12,0
2025-12-01,64657.8311659,64657.8311659,0,0,27459.5307851,92117.361951,4451.47886787,8712.5612889,7498.0208825,215.485719204,0,19711.8587097,17059.6919206,84715.1013737,64657.8311659,85548.777537,84715.1013737,2428.86484223,2428.86484223,2428.86484223,6509.6417791,0,0,0,47,0,0,0,0,-2.18278728426e-11
2025-12-02,69270.6688011,69270.6688011,0,0,23333.1641791,92603.8329802,3446.40313674,7498.0208825,8443.63327015,112.542294298,0,20878.3017612,16060.3732777,90121.8775911,69270.6688011,89299.0762857,90121.8775911,2456.24856072,2456.24856072,2456.24856072,5556.18404013,0,0,0,35,0,0,0,-2.91038304567e-11,-1.81898940355e-11
2025-12-03,73210.2336083,73210.2336083,0,0,271.574651554,73481.8082598,38.0501075364,8443.63327015,10349.8200349,214.859329138,0,21773.4180077,15920.900498,93192.075298,73210.2336083,94016.0499579,93192.075298,2464.49494486,2464.49494486,2464.49494486,-643.332738023,0,0,0,2,0,0,0,-1.45519152284e-11,-2.72848410532e-12
2025-12-04,72305.7009932,72305.7009932,0,0,805.50239013,73111.2033833,112.552354842,10349.8200349,10544.7165597,1216.16144915,0,19283.525264,15444.2485915,91714.0945168,72305.7009932,91726.6076916,91714.0945168,2462.43334883,2462.43334883,2462.43334883,-1645.25497471,0,0,0,2,0,0,0,-1.45519152284e-11,-2.04636307899e-12
2025-12-05,21881.1547032,21881.1547032,0,0,0,21881.1547032,0,10544.7165597,9060.13859906,1077.21559914,0,15679.4956006,14036.511601,44031.827282,21881.1547032,43878.3228521,44031.827282,2460.37175279,2460.37175279,2460.37175279,487.514103024,0,0,0,0,0,0,0,-7.27595761418e-12,0
2025-12-06,22700.1508897,22700.1508897,0,0,1746.2210599,24446.3719496,375.684211287,9060.13859906,7982.64105539,188.097570709,0,16007.6026258,13935.9059162,45548.7408857,22700.1508897,45560.5000452,45548.7408857,2458.31015676,2458.31015676,2458.31015676,2228.31485117,0,0,0,9,0,0,0,-7.27595761418e-12,6.8212102633e-13
2025-12-07,76199.5741576,76199.5741576,0,0,167.485993234,76367.0601508,24.1792507945,7982.64105539,10762.5838527,2971.04990767,0,20922.3772413,14445.1770479,97076.7521003,76199.5741576,97246.348982,97076.7521003,2456.24856072,2456.24856072,2456.24856072,-3600.95912401,0,0,0,2,0,0,0,0,-3.12638803734e-12
2025-12-08,77593.3337096,77593.3337096,0,0,0,77593.3337096,0,10762.5838527,10800,7626.71231781,0,18638.7760261,15063.7340486,99048.965412,77593.3337096,98245.2317244,99048.965412,2454.18696469,2454.18696469,2454.18696469,-6522.25988265,0,0,0,0,0,0,0,1.45519152284e-11,0
2025-12-09,75889.8156217,75889.8156217,0,0,955.864577202,76845.6801989,129.890145845,10800,10800,6758.05956629,0,18385.1313697,14891.9564095,97509.7986474,75889.8156217,97477.3611418,97509.7986474,2445.7462572,2445.7462572,2445.7462572,-6402.5183893,0,0,0,3,0,0,0,1.45519152284e-11,-3.29691829393e-12
2025-12-10,74308.7568451,74308.7568451,0,0,0,74308.7568451,0,10800,10696.9258193,1975.96006508,0,18786.9556038,15310.2008017,93840.3333339,74308.7568451,94654.1780299,93840.3333339,2437.30554972,2437.30554972,2437.30554972,-2591.05583384,0,0,0,0,0,0,0,-2.91038304567e-11,0
2025-12-11,72767.8784395,72767.8784395,0,0,207.673041273,72975.5514808,29.3298018816,10696.9258193,10800,5369.17022637,0,18286.6712486,14719.4369488,94868.3294243,72767.8784395,94040.8588432,94868.3294243,2428.86484223,2428.86484223,2428.86484223,-4488.02029821,0,0,0,2,0,0,0,-2.91038304567e-11,-5.5138116295e-12
2025-12-12,23030.4913868,23030.4913868,0,0,0,23030.4913868,0,10800,9612.34133414,476.227319066,0,14816.8573383,13070.5472433,45936.9508974,23030.4913868,46592.3762987,45936.9508974,2420.42413475,2420.42413475,2420.42413475,213.190915451,0,0,0,0,0,0,0,7.27595761418e-12,0
2025-12-13,23667.7035883,23667.7035883,0,0,0,23667.7035883,0,9612.34133414,9525.88226161,397.003415599,0,16787.2162369,13675.4583172,47307.2947187,23667.7035883,47326.7414703,47307.2947187,2411.98342726,2411.98342726,2411.98342726,13.0916187703,0,0,0,0,0,0,0,0,0
2025-12-14,72381.8423057,72381.8423057,0,0,83.1773880252,72465.0196937,11.1625025868,9525.88226161,9036.36567942,229.873070137,0,20286.6248517,16872.7310538,92411.3261654,72381.8423057,92555.0625184,92411.3261654,2397.12587528,2397.12587528,2397.12587528,556.042255462,0,0,0,1,0,0,0,0,3.5527136788e-13
2025-12-15,74340.980399,74340.980399,0,0,190.42175382,74531.4021528,26.6262053941,9036.36567942,10003.103063,989.572410998,0,21003.0402477,16142.3989554,95293.1454645,74340.980399,94990.6843768,95293.1454645,2382.26832329,2382.26832329,2382.26832329,-674.914011212,0,0,0,2,0,0,0,-2.91038304567e-11,-1.70530256582e-12
2025-12-16,73267.965603,73267.965603,0,0,173.080521491,73441.0461245,24.1071941462,10003.103063,10138.8205046,830.600037252,0,19992.393451,16071.6929978,94145.2846296,73267.965603,93615.9834349,94145.2846296,2367.4107713,2367.4107713,2367.4107713,-189.300807331,0,0,0,3,0,0,0,2.91038304567e-11,-2.27373675443e-12
2025-12-17,71451.6313612,71451.6313612,0,0,280.317091611,71731.9484528,38.3369609991,10138.8205046,9494.18051527,666.866943065,0,19264.7045297,16184.5866595,91900.494919,71451.6313612,92721.8773844,91900.494919,2352.55321931,2352.55321931,2352.55321931,-241.546142438,0,0,0,2,0,0,0,2.91038304567e-11,-1.08002495836e-12
2025-12-18,71177.9591671,71177.9591671,0,0,371.06170496,71549.020872,53.9833720312,9494.18051527,9812.2939721,1016.8647247,0,21245.5722853,16922.61144,92652.1091647,71177.9591671,91862.4019435,92652.1091647,2337.69566732,2337.69566732,2337.69566732,-202.976534175,0,0,0,3,0,0,0,-5.82076609135e-11,0
2025-12-19,23038.46625,23038.46625,0,0,0,23038.46625,0,9812.2939721,9407.8170764,137.190259352,677.639148435,16546.1756848,13766.4315108,46502.9648818,23038.46625,47105.4426515,46502.9648818,2331.32758045,2331.32758045,2331.32758045,-278.280560094,0,0,0,0,0,0,0,3.63797880709e-12,0
2025-12-20,23037.1234492,23037.1234492,0,0,0,23037.1234492,0,9407.8170764,9648.75878411,279.703226549,322.891467326,17489.1008042,13949.3241144,46998.7236336,23037.1234492,47050.2521931,46998.7236336,2324.95949358,2324.95949358,2324.95949358,-352.22762621,0,0,0,0,0,0,0,1.45519152284e-11,0
2025-12-21,71494.2018445,71494.2018445,0,0,226.293847705,71720.4956922,32.0837659614,9648.75878411,8629.20057089,335.10883363,0,19977.7890852,17099.6115509,92218.9844686,71494.2018445,92367.6654111,92218.9844686,2318.5914067,2318.5914067,2318.5914067,968.328891568,0,0,0,2,0,0,0,-1.45519152284e-11,1.62003743753e-12
2025-12-22,73401.9794615,73401.9794615,0,0,306.093075793,73708.0725373,43.5582627497,8629.20057089,9292.03348961,528.437448783,0,21218.5580977,16590.4824323,94050.3819348,73401.9794615,94032.2200355,94050.3819348,2312.22331983,2312.22331983,2312.22331983,51.7602132576,0,0,0,2,0,0,0,2.91038304567e-11,4.94537744089e-12
2025-12-23,72053.0693788,72053.0693788,0,0,0,72053.0693788,0,9292.03348961,9660.66816629,1613.22584316,0,20328.0354039,16133.9374681,93065.4163122,72053.0693788,93069.4353708,93065.4163122,2305.85523295,2305.85523295,2305.85523295,-1274.20979839,0,0,0,0,0,0,0,4.36557456851e-11,0
2025-12-24,70785.320464,70785.320464,0,0,296.397653996,71081.718118,38.4682224525,9660.66816629,9399.15256025,819.84814275,0,21014.9476865,17257.4716715,92393.415252,70785.320464,91574.6965647,92393.415252,2301.03402905,2301.03402905,2301.03402905,367.285490777,0,0,0,1,0,0,0,0,-4.26325641456e-12
2025-12-25,70928.6748214,70928.6748214,0,0,126.948514482,71055.6233359,17.8599485765,9399.15256025,9621.88773155,205.946387129,0,20889.6863062,16720.1842539,92170.0370242,70928.6748214,92164.9440067,92170.0370242,2296.21282514,2296.21282514,2296.21282514,883.487484967,0,0,0,1,0,0,0,1.45519152284e-11,-4.32009983342e-12
2025-12-26,23032.9318061,23032.9318061,0,0,0,23032.9318061,0,9621.88773155,9717.97183739,26.9904878738,0,17697.3421777,14248.3714686,46483.5836302,23032.9318061,47133.6369698,46483.5836302,2291.39162123,2291.39162123,2291.39162123,197.441154948,0,0,0,0,0,0,0,3.63797880709e-12,0
2025-12-27,22530.765726,22530.765726,0,0,0,22530.765726,0,9717.97183739,9914.23610581,255.023041733,0,17204.990356,13759.4043468,47039.4181176,22530.765726,46240.4003846,47039.4181176,2286.57041733,2286.57041733,2286.57041733,656.895599682,0,0,0,0,0,0,0,-3.63797880709e-12,0
2025-12-28,71126.6110899,71126.6110899,0,0,1080.80074828,72207.4118382,145.081937432,9914.23610581,9695.47829174,2068.18160459,0,19411.1095843,15919.8807959,92223.5832055,71126.6110899,93213.1897686,92223.5832055,2281.74921342,2281.74921342,2281.74921342,-1544.81955122,0,0,0,3,0,0,0,-2.91038304567e-11,6.13908923697e-12
2025-12-29,71360.7245707,71360.7245707,0,0,0,71360.7245707,0,9695.47829174,9580.41226665,1312.61924967,0,19300.8239875,15737.2268524,92399.9826514,71360.7245707,92219.2938828,92399.9826514,2271.06234097,2271.06234097,2271.06234097,-659.965416133,0,0,0,0,0,0,0,-1.45519152284e-11,0
2025-12-30,69148.8000041,69148.8000041,0,0,502.140360992,69650.9403651,68.728558877,9580.41226665,9570.2485282,821.187279664,0,20424.7234339,16553.173346,90848.4114086,69148.8000041,91006.1211304,90848.4114086,2260.37546852,2260.37546852,2260.37546852,-457.275410089,0,0,0,2,0,0,0,-5.82076609135e-11,5.11590769747e-13
2025-12-31,69546.9975898,69546.9975898,0,0,48511.1594791,118058.157069,7019.96458639,9570.2485282,6000,9867.36910732,5.68434188608e-14,14129.0481845,14657.7527048,90965.1229339,69546.9975898,90169.2625745,90965.1229339,2249.68859607,2249.68859607,2249.68859607,2671.9538762,0,0,0,27,0,0,0,0,-1.45519152284e-11
