date,model,base_cost_yuan,breach_cost_yuan,overbuy_cost_yuan,grid_cost_yuan,two_way_grid_cost_yuan,reversal_gap_yuan,adjusted_kwh,emergency_kwh,emergency_cost_yuan,total_cost_yuan,planned_purchase_kwh,final_commitment_kwh,unused_plan_kwh,curtailed_pv_kwh,charge_kwh,discharge_kwh,start_soc_kwh,end_soc_kwh,emergency_slots
2025-02-01,M1,21806.07054492469,0.0,0.0,21806.07054492469,21806.07054492469,0.0,0.0,0.0,0.0,21806.07054492469,42387.89894276086,42387.89894276086,1523.4291950982506,2720.711608348176,19816.145820390942,16050.563614409833,10799.428333214635,10800.0,0
2025-02-02,M1,55828.16699687959,0.0,0.0,55828.16699687959,55828.16699687959,0.0,0.0,0.0,0.0,55828.16699687959,88986.96164536827,88986.96164536827,6256.0643984930775,59.174066666666704,22712.86963267651,18397.424402467972,10800.0,10800.0,0
2025-02-03,M1,55402.15063520049,0.0,165.21502968611767,55567.36566488661,55567.36566488661,0.0,85.50838686754014,90.48248697200313,631.2058291166938,56198.5714940033,88628.24502267924,88713.75340954677,4146.3469427061145,0.0,23373.53923059301,18932.566776780342,10800.0,10800.0,1
2025-02-04,M1,55109.25976572678,0.0,0.0,55109.25976572678,55109.25976572678,0.0,0.0,4.6089924763813315,22.67393848755796,55131.93370421434,88238.44159631412,88238.44159631412,2432.6784876756997,0.0,24828.115228106115,20212.60707699131,10800.0,10686.851397527387,1
2025-02-05,M1,51748.749563869045,0.0,2047.222574284043,53795.97213815309,53795.97213815309,0.0,1493.6203716216924,1194.2363216777585,6711.0150192740175,60506.98715742711,83701.34011296212,85194.96048458383,950.4873796421034,0.0,24435.721514580564,19745.439071294415,10686.851397527387,10739.624014767216,8
2025-02-06,M1,53273.3129413712,0.0,910.4889424466912,54183.801883817876,54183.801883817876,0.0,510.3964603157142,221.8481610923539,1159.7282484843622,55343.530132302236,85609.89150049593,86120.28796081163,1483.302341836576,0.0,24617.214266597657,20029.437703196905,10739.624014767216,10640.186073375215,8
2025-02-07,M1,19331.1629707745,0.0,185.2984359283645,19516.461406702867,19516.461406702867,0.0,125.1466828273829,630.8173233167502,3257.280216287429,22773.741622990296,38074.44003583096,38199.58671865834,189.8426281811079,2971.4331913983624,20422.829209305277,16559.38065357632,10640.186073375215,10621.420524442934,6
2025-02-08,M1,17022.49246695242,0.0,2644.105945855333,19666.598412807754,19666.598412807754,0.0,2132.9056923879525,719.216429648648,4291.612365615845,23958.2107784236,33907.261108330305,36040.16680071826,59.95924770087038,988.8823666666668,21393.8244752907,17260.445575957998,10621.420524442934,10697.589690029023,6
2025-02-09,M1,48971.05804395291,0.0,4575.566249067312,53546.62429302021,53546.62429302021,0.0,3628.962183478594,1181.383234596308,6115.181706369908,59661.80599939012,79489.56426471008,83118.52644818867,239.35447964459922,0.0,23977.65159826955,19472.51236179583,10697.589690029023,10641.351282031814,14
2025-02-10,M1,50455.11352358604,0.0,597.6269016046201,51052.74042519064,51052.74042519064,0.0,396.25207535737695,290.6001451567469,1617.7858165137434,52670.526241704385,81445.96750822093,81842.21958357829,3455.6392198879603,193.20466666666675,22283.361425328923,18126.02316648184,10641.351282031814,10556.35082429247,9
2025-02-11,M1,49625.472945131,0.0,350.3679638443471,49975.84090897535,49975.84090897535,0.0,245.5996907913626,1089.725610702059,5908.971378031446,55884.8122870068,80481.42033988438,80727.02003067575,1886.0454347897628,0.0,24014.926023196866,19304.822949942158,10556.35082429247,10719.980967456146,14
2025-02-12,M1,50374.610330640164,0.0,724.7846599583062,51099.39499059846,51099.39499059846,0.0,377.8505913014973,255.06987728704178,1486.0062541159166,52585.401244714376,81319.20463406947,81697.05522537098,2229.8061640102037,84.31429590992047,22930.485458008938,18559.216948604375,10719.980967456146,10736.065714548213,9
2025-02-13,M1,50291.32175281528,0.0,212.53234320006072,50503.85409601535,50503.85409601535,0.0,151.24933296378947,84.24179068559677,521.5434102856693,51025.397506301015,81204.2051659064,81355.45449887018,5615.006074471883,360.1709518632497,21460.523103407293,17325.482856853298,10736.065714548213,10800.0,2
2025-02-14,M1,18283.4473217023,0.0,626.4803520316103,18909.927673733913,18909.927673733913,0.0,411.7446882191727,174.619360593748,980.6492723167123,19890.576946050627,35582.152403476066,35993.89709169523,160.6956170607557,2140.63365,21582.12975568649,17516.744387124927,10800.0,10760.86746109014,3
2025-02-15,M1,18111.72946974356,0.0,624.0519650660734,18735.781434809636,18735.781434809636,0.0,486.0069315648209,302.27807359922537,1506.7240736573808,20242.505508467017,35196.34161912954,35682.348550694354,79.12115275907183,2689.1358666666683,21406.49293115547,17470.214426287625,10760.86746109014,10615.36173658826,9
2025-02-16,M1,50563.95293483292,0.0,268.69486452731263,50832.64779936024,50832.64779936024,0.0,139.91507641140743,96.19879570675565,530.7431846304415,51363.39098399068,81734.56210803567,81874.47718444707,2045.4446720810324,30.539166666666688,23325.900044462694,18808.58700305657,10615.36173658826,10710.241773208498,4
2025-02-17,M1,50109.72726365362,0.0,0.0,50109.72726365362,50109.72726365362,0.0,0.0,143.01901016140482,959.4367901208522,51069.164053774475,81441.27247959809,81441.27247959809,5560.098342878911,794.4812,21081.57984340759,17035.73106319365,10710.241773208498,10755.073562060164,2
2025-02-18,M1,47331.95278588404,0.0,733.5044789157714,48065.45726479981,48065.45726479981,0.0,521.1361235585982,46.13879046719762,209.97113122346866,48275.42839602328,76981.56365499085,77502.69977854946,1008.4506554358506,38.890194032921045,22998.295484572078,18588.18554835753,10755.073562060164,10800.0,3
2025-02-19,M1,46878.93261528276,0.0,866.5277491609706,47745.460364443716,47745.460364443716,0.0,635.3543521446728,1184.4959436990403,5707.182311264747,53452.64267570846,76421.93545219683,77057.2898043415,1056.67840141638,0.0,23716.925254709568,19411.14529141874,10800.0,10577.293516551113,16
2025-02-20,M1,48019.43607311324,0.0,171.6258909669576,48191.061964080196,48191.061964080196,0.0,88.8263804399025,68.45143864037993,314.6744172954167,48505.73638137561,78335.11857039112,78423.94495083102,2927.4768375989524,0.0,23007.105175974335,18435.31935743522,10577.293516551113,10800.0,2
2025-02-21,M1,18034.80716580144,0.0,52.05443171647916,18086.861597517916,18086.861597517916,0.0,40.25786687932734,0.0,0.0,18086.861597517916,35106.89822351109,35147.15609039042,233.69942323802485,5249.080210669668,21600.60222710205,17496.487803952667,10800.0,10800.0,0
2025-02-22,M1,18050.179063923304,0.0,420.92432133771143,18471.103385261016,18471.103385261016,0.0,262.09239117738025,43.7175949388877,240.74296586051247,18711.84635112153,35074.263925179956,35336.35631635734,341.94106781005775,3123.2051499999975,21421.920053435973,17351.755243283136,10800.0,10800.0,2
2025-02-23,M1,47721.23870570576,0.0,0.0,47721.23870570576,47721.23870570576,0.0,0.0,45.00458955937004,208.10872704018715,47929.34743274594,77842.20725121886,77842.20725121886,2027.2687616460476,0.0,23227.880585354316,18899.79118955546,10800.0,10705.32453842393,3
2025-02-24,M1,46153.11844668689,0.0,361.14838882991967,46514.266835516806,46514.266835516806,0.0,186.91529582585184,68.02218512260299,310.6268213642724,46824.893656881075,75495.56443698567,75682.47973281151,2457.491578459763,760.5988499999997,22337.736617838054,18008.35874503036,10705.32453842393,10800.0,2
2025-02-25,M1,45941.17270369523,0.0,21.853773301114614,45963.02647699634,45963.02647699634,0.0,16.589320041522683,65.42801478012564,290.36124155884823,46253.38771855519,75345.74308566637,75362.33240570789,4345.875892586619,1193.5753032748291,21947.43755716566,17880.45156587242,10800.0,10685.525394924178,3
2025-02-26,M1,43389.22198507951,0.0,2609.6939555919034,45998.915940671424,45998.915940671424,0.0,2146.146533304542,401.2912786602321,1948.490667611663,47947.40660828309,71312.01984827298,73458.16638157752,654.5567924959225,0.0,22563.293104422406,18173.24027001391,10685.525394924178,10800.0,6
2025-02-27,M1,43346.85920118862,0.0,380.2795360966706,43727.1387372853,43727.1387372853,0.0,200.05526433615194,1718.0342444880112,8647.102608174078,52374.24134545938,71251.76211424213,71451.81737857829,1712.6786021971986,262.3258893687163,22306.647007896758,18068.384076396374,10800.0,10800.0,15
2025-02-28,M1,17302.84789203606,0.0,154.04652283554472,17456.894414871607,17456.894414871607,0.0,148.858793869203,193.94921536289803,1009.2979127568277,18466.192327628436,33903.89912697153,34052.75792084074,384.3522850970036,6503.190350000003,21686.95923907456,17620.388287967926,10800.0,10740.054106313857,4
2025-03-01,M1,17453.31592306745,0.0,0.0,17453.31592306745,17453.31592306745,0.0,0.0,191.61444521967422,1031.2898818489039,18484.605804916355,34178.72301349123,34178.72301349123,513.2644691973535,6250.655836083079,20605.78115968666,16658.12993958952,10740.054106313857,10776.223883821276,4
2025-03-02,M1,44859.71316863509,0.0,5456.436923711185,50316.15009234627,50316.15009234627,0.0,2795.3149795134186,433.37613583091894,2590.469871266412,52906.619963612684,74113.16794059305,76908.48292010647,800.3919131807563,0.0,22280.67560995197,18097.515533861995,10776.223883821276,10720.48133959806,7
2025-03-03,M1,46744.564023797786,0.0,1814.828174144224,48559.39219794201,48559.39219794201,0.0,946.8517650019326,462.1490731818502,2701.974238976652,51261.366436918666,76624.16658813115,77571.01835313308,1468.510249352579,104.3053166666665,23739.685902271358,19296.480675309,10720.48133959806,10645.66456796561,8
2025-03-04,M1,45585.96961637681,0.0,109.23932691697776,45695.20894329379,45695.20894329379,0.0,86.03633609394979,285.94725265152704,1668.8404057276607,47364.04934902145,74761.18255449302,74847.21889058698,1209.8322121824438,416.5786672793465,23016.472447145887,18709.17511670251,10645.66456796561,10572.517418505231,9
2025-03-05,M1,44873.13752131622,0.0,122.1647189167482,44995.30224023294,44995.30224023294,0.0,71.05642861292932,464.2469731938895,3025.8922871813616,48021.1945274143,74172.08385954803,74243.14028816097,4074.0155780375094,273.07081150045155,21924.833685425176,17695.004830274953,10572.517418505231,10643.75125730461,8
2025-03-06,M1,42023.763859611405,0.0,2472.9468214508356,44496.71068106222,44496.71068106222,0.0,1355.5299819929842,276.0505258651949,1699.1866952518253,46195.897376314046,69541.25591042556,70896.78589241854,689.6850708131628,599.4014666666665,21465.01373625287,17521.917988782283,10643.75125730461,10493.465854618546,6
2025-03-07,M1,16461.30585299725,0.0,0.0,16461.30585299725,16461.30585299725,0.0,0.0,272.2359671875074,1317.0185273524228,17778.324380349673,32509.37837296015,32509.37837296015,135.5968000467792,7588.980219928896,20729.277151291742,16594.525364453097,10493.465854618546,10711.453774722124,2
2025-03-08,M1,15367.111147758598,0.0,1585.0317209359187,16952.142868694522,16952.142868694522,0.0,1321.255562012363,314.835539489771,1403.8610417126222,18356.003910407144,30381.25116585497,31702.50672786733,147.77093802421507,8746.107483333333,21419.334509096316,17359.010179763427,10711.453774722124,10701.065744282778,7
2025-03-09,M1,41656.97917310854,0.0,1123.6167570093587,42780.59593011793,42780.59593011793,0.0,854.7351099330863,468.6453917486268,2658.0867335139983,45438.68266363193,69356.91498627426,70211.65009620733,2591.807446306483,528.6592454083307,22342.753927382684,18116.450181141532,10701.065744282778,10680.155188769935,10
2025-03-10,M1,40452.66790774733,0.0,4802.665298188102,45255.33320593543,45255.33320593543,0.0,3819.371709083237,910.0962176209614,4836.3555916018495,50091.68879753728,67462.79410816157,71282.16581724481,102.17953102462161,0.0,21331.90799442428,17283.89694058313,10680.155188769935,10674.542449770535,9
2025-03-11,M1,40261.30434716496,0.0,2944.5891912218262,43205.89353838679,43205.89353838679,0.0,2753.783873723985,111.06394591283181,633.473296706894,43839.36683509368,66872.25675783327,69626.04063155725,925.3251326491076,616.3332613440556,22174.523170306107,17917.995786829186,10674.542449770535,10722.729095458053,4
2025-03-12,M1,41555.94784056295,0.0,611.1301281858168,42167.07796874879,42167.07796874879,0.0,343.7743931807537,163.4282663744401,1093.6605730695362,43260.738541818326,69140.28786497432,69484.06225815507,2217.295784351674,932.7540833333331,21929.783565959675,17867.8775924485,10722.729095458053,10606.336979878983,3
2025-03-13,M1,41180.22613501312,0.0,2539.343581756092,43719.56971676921,43719.56971676921,0.0,2462.082224431143,1155.4035555961864,6033.579783957581,49753.149500726795,68473.78966803924,70935.8718924704,247.16662132133877,0.0,22205.04667845078,17906.55586837219,10606.336979878983,10694.705803404466,10
2025-03-14,M1,16084.431107794495,0.0,36.18216521058249,16120.613273005074,16120.613273005074,0.0,26.109290190179166,0.0,0.0,16120.613273005074,31525.836041622475,31551.945331812654,421.38640574447453,10910.31872129575,21558.154971069016,17367.34074962992,10694.705803404466,10800.0,0
2025-03-15,M1,15898.516636760954,0.0,280.9354023554706,16179.45203911642,16179.45203911642,0.0,235.93692392458655,431.9559770966983,1860.1409750414387,18039.593014157857,31189.817777248147,31425.754701172737,351.90180352610867,6616.843649999997,21381.625436308135,17416.785361564805,10800.0,10691.479157605314,10
2025-03-16,M1,41118.610975619544,0.0,1511.9417926522324,42630.552768271795,42630.552768271795,0.0,1526.2224348184895,227.9777480886094,1170.0651803239964,43800.61794859579,68302.72333525472,69828.9457700732,2406.2861226554396,0.0,22115.377389567486,17815.786927394445,10691.479157605314,10800.0,4
2025-03-17,M1,40781.82994523711,0.0,234.38473565198572,41016.2146808891,41016.2146808891,0.0,173.4578559205113,0.0,0.0,41016.2146808891,67911.47007637598,68084.92793229649,4769.8530473295605,1520.3285999999998,20719.02553491369,16782.410683280094,10800.0,10800.0,0
2025-03-18,M1,40337.68142851766,0.0,81.63337463753793,40419.3148031552,40419.3148031552,0.0,78.84766812603414,952.2195366133395,4775.561616848766,45194.876420003966,67231.07053952858,67309.91820765461,1951.6587637181967,1049.8160319186873,21761.603062970527,17626.89848100613,10800.0,10800.0,7
2025-03-19,M1,37722.40319981594,0.0,1581.7632907872803,39304.1664906032,39304.1664906032,0.0,1774.692958732805,1074.8271996331869,5434.0009183620705,44738.16740896527,62495.95758378819,64270.65054252099,1449.064519727182,331.9128999043618,21573.841434329686,17474.811561807044,10800.0,10800.0,6
2025-03-20,M1,39211.70498668275,0.0,2177.966440596674,41389.6714272794,41389.6714272794,0.0,1381.6580070837588,624.5155676618408,3111.086333405002,44500.7577606844,65277.09106010882,66658.74906719258,966.5661895781454,0.0,21619.666466366376,17511.92983775677,10800.0,10800.0,7
2025-03-21,M1,15099.084168533822,0.0,1069.8515434418214,16168.935711975642,16168.935711975642,0.0,867.6585745268901,301.33078696155434,1222.949142118932,17391.884854094573,29766.82644271139,30634.48501723828,565.1364117751184,14268.818766666665,21412.611100480968,17344.21499138958,10800.0,10800.0,6
2025-03-22,M1,15512.574119728999,0.0,162.19696863140885,15674.771088360409,15674.771088360409,0.0,139.66582489810315,76.5128620615189,291.66766216865403,15966.438750529063,30574.23897742992,30713.904802328023,676.1090539828713,10197.264699999996,21241.285142491255,17205.440965417914,10800.0,10800.0,3
2025-03-23,M1,39050.45663617891,0.0,527.683736827975,39578.140373006885,39578.140373006885,0.0,426.74722908461945,495.34673836208117,2539.3054209605243,42117.44579396741,65290.913803732576,65717.6610328172,2310.906845919139,1045.6310065904913,21509.2094842262,17422.45968222322,10800.0,10800.0,7
2025-03-24,M1,37250.38385234985,0.0,2224.7137848727352,39475.09763722257,39475.09763722257,0.0,1303.3608608633745,988.4673864776998,5043.95986019753,44519.0574974201,62636.20936190368,63939.57022276705,1345.0550060789992,1540.1411342666954,21286.023081924926,17241.6786963592,10800.0,10800.0,7
2025-03-25,M1,38344.16532175527,0.0,1604.5624556125606,39948.72777736783,39948.72777736783,0.0,1037.6111462031276,871.657056811126,4269.443861322914,44218.17163869074,64458.506739915865,65496.11788611899,637.245040822334,640.7398238664243,21850.567436719528,17710.902075144833,10800.0,10786.730609553315,10
2025-03-26,M1,36959.388695412745,0.0,681.0719485096841,37640.46064392242,37640.46064392242,0.0,691.7375715959142,521.3357246897394,2680.991823256991,40321.45246717941,61684.23788266025,62375.97545425617,1952.830460666597,1257.1062604746087,21488.827051242253,17394.007460104214,10786.730609553315,10800.0,5
2025-03-27,M1,37504.43225026385,0.0,1606.8228031007332,39111.255053364584,39111.255053364584,0.0,999.2303660542897,503.66916338673,2525.025642276595,41636.28069564118,62565.12089728702,63564.35126334131,1323.9581692380257,0.0,21195.120302579133,17168.047445089112,10800.0,10800.0,5
2025-03-28,M1,14907.214919323591,0.0,157.90174571767116,15065.116665041263,15065.116665041263,0.0,130.67306890413056,293.7814120751736,1126.9079168126111,16192.024581853875,29738.436540494942,29869.109609399075,574.9223268578469,14728.673483333336,21249.549708507366,17212.135263890967,10800.0,10800.0,4
2025-03-29,M1,14762.486344454515,0.0,557.8162918625491,15320.302636317067,15320.302636317067,0.0,379.00788192356055,47.35456942855255,188.12544707426866,15508.428083391334,29594.47278544243,29973.48066736599,225.6683268653349,18021.05137786599,21404.77025647308,17337.86390774319,10800.0,10800.0,2
2025-03-30,M1,36046.4702623209,0.0,500.4292864268287,36546.899548747744,36546.899548747744,0.0,295.4161397362028,262.92120528121825,1326.3533947317103,37873.252943479456,60312.42379507068,60607.839934806885,1044.8451256510289,327.37218092605326,21857.495439531693,17704.571306020676,10800.0,10800.0,4
2025-03-31,M1,34263.269800086266,0.0,4717.546906017184,38980.81670610346,38980.81670610346,0.0,5017.042272827726,0.0,0.0,38980.81670610346,56713.82830423794,61730.87057706567,757.0959618374811,0.0,21170.448062604537,17148.062930709682,10800.0,10800.0,0
2025-04-01,M1,37245.39197107627,0.0,2676.786270514438,39922.1782415907,39922.1782415907,0.0,2759.0707559398866,0.0,0.0,39922.1782415907,62756.27971938533,65515.35047532522,531.4052515364866,743.8125136118142,21217.269439527678,17185.98824601742,10800.0,10800.0,0
2025-04-02,M1,36775.35050305346,0.0,2931.911852931629,39707.26235598509,39707.26235598509,0.0,3025.053864808182,1372.5495818539894,6795.526474995332,46502.788830980426,61933.577673627435,64958.63153843561,1833.3283201813288,0.0,21381.670526885675,17319.153126777397,10800.0,10800.0,9
2025-04-03,M1,37393.862949610055,0.0,252.6393735762379,37646.50232318627,37646.50232318627,0.0,164.37517356373837,393.93325013784164,1986.6716119390196,39633.17393512529,62852.2229392423,63016.59811280604,1657.3299837286945,1777.4385026672894,21643.329525690715,17531.096915809485,10800.0,10800.0,4
2025-04-04,M1,14246.026652892257,0.0,37.64681938863019,14283.673472280889,14283.673472280889,0.0,34.84191973535137,158.63331215757313,624.7536011856905,14908.427073466579,28842.669481933917,28877.51140166927,390.2551412838102,18150.539407041688,21392.357450007086,17327.809534505745,10800.0,10800.0,2
2025-04-05,M1,14107.8027598983,0.0,840.7743090002527,14948.577068898558,14948.577068898558,0.0,617.0562856924561,0.0,0.0,14948.577068898558,28703.589121280973,29320.645406973425,142.81623591287453,13061.967880989368,21430.243719672915,17358.497412935067,10800.0,10800.0,0
2025-04-06,M1,35672.02508580701,0.0,399.9753668373828,36072.000452644395,36072.000452644395,0.0,247.29807760687459,3.88018578330375,15.062881210785157,36087.06333385518,60023.997052061415,60271.29512966827,647.0037857246582,1130.319218521252,21515.263562229396,17427.48751769038,10800.0,10799.86218635048,1
2025-04-07,M1,34261.80501806914,0.0,1635.8856725540604,35897.69069062319,35897.69069062319,0.0,1986.923875583301,0.0,0.0,35897.69069062319,57313.241971545474,59300.165847128774,908.2145669153988,1123.568309865232,21187.050814369715,17161.3871273549,10799.86218635048,10800.0,0
2025-04-08,M1,35455.004951887204,0.0,852.9424627299752,36307.94741461718,36307.94741461718,0.0,441.4473321067077,143.03648547975249,707.8685943858804,37015.81600900306,59326.095689021895,59767.5430211286,1369.3943274312896,187.5373318333145,21420.91371118465,17420.45948050757,10800.0,10722.756250613325,6
2025-04-09,M1,35027.69042828346,0.0,5261.572113699703,40289.26254198315,40289.26254198315,0.0,4974.5427881343785,0.0,0.0,40289.26254198315,58647.3476345414,63621.89042267578,487.5900208237673,0.0,20953.46478140717,16953.475396221816,10722.756250613325,10743.67966918887,0
2025-04-10,M1,35535.08860575446,0.0,1920.8236788941572,37455.912284648606,37455.912284648606,0.0,2105.802279507981,0.0,0.0,37455.912284648606,59423.69996180014,61529.50224130812,2106.620571410881,852.2239000426068,21417.34500998654,17307.325140131907,10743.67966918887,10788.928911363537,0
2025-04-11,M1,13707.32459245259,0.0,774.7716451744236,14482.096237627013,14482.096237627013,0.0,625.5283517250357,57.778005906562,243.8809629315982,14725.977200558611,28008.476521170025,28634.004872895057,168.3155924873393,19120.046102851808,21456.879142226266,17370.108125430455,10788.928911363537,10800.0,1
2025-04-12,M1,13947.11876541554,0.0,199.7554236634495,14146.87418907899,14146.87418907899,0.0,134.91062956367102,0.0,0.0,14146.87418907899,28401.203855099717,28536.114484663387,438.65488434596807,15099.675412738094,20908.54546094382,16935.921823364497,10800.0,10800.0,0
2025-04-13,M1,33984.69523636243,0.0,2386.1859391535413,36370.88117551597,36370.88117551597,0.0,1777.7707332680534,0.0,0.0,36370.88117551597,57082.246187411954,58860.016920680006,559.1087654060219,0.0,21181.84037863504,17157.29070669438,10800.0,10800.0,0
2025-04-14,M1,34110.62915645066,0.0,315.2263630948264,34425.85551954549,34425.85551954549,0.0,220.31183598675568,95.50787584417185,658.5955592397387,35084.45107878523,57328.997559651645,57549.309395638404,1102.884017601798,0.0,21125.7971256883,17111.89567180752,10800.0,10800.0,2
2025-04-15,M1,33440.71465740513,0.0,1263.6787459011623,34704.3934033063,34704.3934033063,0.0,881.3891093855029,0.0,0.0,34704.3934033063,55819.806686750104,56701.1957961356,1109.789846384213,1675.212121587118,19877.71049911021,16100.94550427927,10800.0,10800.0,0
2025-04-16,M1,33938.711930862795,0.0,2883.2939646869163,36822.0058955497,36822.0058955497,0.0,2664.5717233076048,0.0,0.0,36822.0058955497,57137.333194682265,59801.904917989865,183.82039861086275,0.0,20202.59247041582,16364.099901036814,10800.0,10800.0,0
2025-04-17,M1,33193.117133446256,0.0,2191.4107359429227,35384.527869389174,35384.527869389174,0.0,2621.964799873246,0.0,0.0,35384.527869389174,55105.43909976714,57727.40389964039,944.7165343685106,0.0,20601.81586985202,16687.47085458014,10800.0,10800.0,0
2025-04-18,M1,13341.488453515909,0.0,747.0091357549564,14088.497589270863,14088.497589270863,0.0,602.4425804142959,0.0,0.0,14088.497589270863,27480.00410850185,28082.44668891615,775.6767434620294,16912.901969989623,21261.84627437451,17222.095482243352,10800.0,10800.0,0
2025-04-19,M1,13221.990279506168,0.0,418.7851727877794,13640.775452293947,13640.775452293947,0.0,333.57089353048224,163.89004394099965,658.3745840844296,14299.150036378376,27314.090054353663,27647.660947884142,694.4967450141993,16305.162466666663,21195.85542181196,17168.64289166768,10800.0,10800.0,4
2025-04-20,M1,32987.181679340036,0.0,1280.7139455626846,34267.89562490273,34267.89562490273,0.0,1274.6031297618458,0.0,0.0,34267.89562490273,55333.2183433817,56607.821473143544,645.599259707525,0.0,21076.19647422475,17071.719144122057,10800.0,10800.0,0
2025-04-21,M1,33470.40946656005,0.0,261.1924148659775,33731.601881426024,33731.601881426024,0.0,180.2855753411884,0.0,0.0,33731.601881426024,56577.087265846945,56757.37284118813,1586.3566252030168,2885.307587120661,19864.389872760854,16095.591627229718,10800.0,10793.960188562864,0
2025-04-22,M1,31742.818251367855,0.0,2911.657426309959,34654.47567767782,34654.47567767782,0.0,3858.1696500024223,227.81057396082414,1175.8715287640312,35830.34720644185,52641.26751006209,56499.43716006451,306.7834075986517,126.14500442421513,21768.179868644133,17626.789863308328,10793.960188562864,10800.0,4
2025-04-23,M1,31966.11587983398,0.0,2189.046140850708,34155.162020684686,34155.162020684686,0.0,2914.336483217614,0.0,0.0,34155.162020684686,53427.864520040916,56342.20100325853,901.8682056274461,88.59674522464502,20799.04913547254,16847.22979973276,10800.0,10800.0,0
2025-04-24,M1,32019.753328172716,0.0,459.7290996686289,32479.482427841343,32479.482427841343,0.0,287.3652948036779,0.0,0.0,32479.482427841343,53427.42356339989,53714.78885820357,829.4453609077003,2030.0901187607847,19816.56146597417,16051.414787439082,10800.0,10800.0,0
2025-04-25,M1,12615.177434509184,0.0,43.32014777665557,12658.497582285845,12658.497582285845,0.0,29.465582170616074,57.40528514440854,275.77931740494427,12934.276899690789,26506.141895356548,26535.60747752716,202.2915845106629,20489.10874219311,21176.812169248107,17275.557383280313,10800.0,10664.067193122948,2
2025-04-26,M1,12525.850148347456,0.0,643.9177665297075,13169.767914877162,13169.767914877162,0.0,455.54186659124844,127.88096566060807,612.4243894270675,13782.19230430423,26434.5825944817,26890.12446107295,56.21235246424976,22800.219193940597,21375.17757205896,17283.797325063577,10664.067193122948,10697.507757905369,3
2025-04-27,M1,30256.878467186256,0.0,3684.7220231026267,33941.60049028888,33941.60049028888,0.0,2694.7526143765967,924.5060297255695,5025.4677274482565,38967.068217737135,50533.90977009171,53228.66238446831,494.2518706127953,980.2831989361473,21634.564173863924,17529.402012552317,10697.507757905369,10691.502167102552,7
2025-04-28,M1,32153.462621208408,0.0,7355.43710783805,39508.899729046454,39508.899729046454,0.0,6619.824212485239,0.0,0.0,39508.899729046454,54089.7274352236,60709.55164770883,271.570910995741,0.0,19570.344054940695,15754.33063489426,10691.502167102552,10800.0,0
2025-04-29,M1,31849.647955740245,0.0,1753.612758709085,33603.26071444933,33603.26071444933,0.0,993.9717241576355,88.10497084855649,614.6202766395301,34217.88099108886,53341.014333946514,54334.98605810414,323.43297822617865,3149.8288459884325,18508.50256879703,14991.8870807256,10800.0,10800.0,1
2025-04-30,M1,31017.198716528066,0.0,758.5532789043648,31775.75199543243,31775.75199543243,0.0,1136.0430391773486,95.15679484004883,439.74510578160243,32215.497101214034,51666.22736610072,52802.270405278075,662.1387408495003,0.0,21105.601254203888,17127.16722826859,10800.0,10764.855319596176,3
2025-05-01,M1,30464.003937561567,0.0,3062.882946556515,33526.886884118074,33526.886884118074,0.0,1913.7812343886872,2528.683842566857,15064.096451753889,48590.98333587196,50429.0617737931,52342.84300818179,0.0,590.8684666666661,20723.241267383928,17453.961683301946,10764.855319596176,10022.481701017323,15
2025-05-02,M1,12772.992081397628,0.0,2699.028907979051,15472.02098937668,15472.02098937668,0.0,1692.0989008133183,1799.3624310105024,10099.430796864419,25571.4517862411,26850.73145064831,28542.830351461627,0.0,11855.249349999998,20858.624207065848,16662.00085792705,10022.481701017323,10281.909200790979,16
2025-05-03,M1,13249.731720224587,0.0,489.0286716146028,13738.76039183919,13738.76039183919,0.0,335.5103601757861,1626.8883516617545,9340.157649540502,23078.918041379693,27571.445732801967,27906.956092977754,2.9488869284778048,16420.56793333333,21235.023002644746,16991.867028267043,10281.909200790979,10513.577649541203,9
2025-05-04,M1,35766.90496138028,0.0,0.0,35766.90496138028,35766.90496138028,0.0,0.0,1016.8378512451598,6226.890438430629,41993.79539981091,60072.54502855054,60072.54502855054,2789.663310586967,3241.9934499999995,17414.35558764792,14091.296801772516,10513.577649541203,10529.501232010416,8
2025-05-05,M1,35105.823991418285,0.0,926.9391571748208,36032.763148593105,36032.763148593105,0.0,659.589986750291,777.6507233416834,5096.661471378408,41129.42461997151,58773.39795496644,59432.98794171674,1073.8014679311682,0.0,21097.299262748533,17036.468865621282,10529.501232010416,10587.660717793784,7
2025-05-06,M1,33998.6024611104,0.0,955.983995421946,34954.58645653234,34954.58645653234,0.0,1216.2916321633388,817.6838389631372,5142.527968341709,40097.11442487405,56511.175053877785,57727.46668604112,987.3227240715875,948.3023740740784,20625.40622034031,16885.963160148374,10587.660717793784,10388.34502704631,8
2025-05-07,M1,34336.904397680904,0.0,2278.7757671633335,36615.68016484423,36615.68016484423,0.0,1639.421414393567,919.2809783507088,6080.7808258391915,42696.460990683416,57368.486271130605,59007.90768552417,579.0839823595439,285.9322974924928,20312.88646178735,16318.560027764504,10388.34502704631,10538.209478472147,7
2025-05-08,M1,37724.77723021607,0.0,0.0,37724.77723021607,37724.77723021607,0.0,0.0,70.49713163642934,483.8861549207311,38208.663385136795,62145.7739402964,62145.7739402964,1521.5397483233537,899.6378855034466,19647.208256478767,15678.627218372736,10538.209478472147,10800.0,2
2025-05-09,M1,15697.040096156075,0.0,0.0,15697.040096156075,15697.040096156075,0.0,0.0,0.0,0.0,15697.040096156075,30399.675177242825,30399.675177242825,1043.6127164896018,16878.78267970419,20936.283847626495,16958.389916577464,10800.0,10800.0,0
2025-05-10,M1,15505.923419434026,0.0,0.0,15505.923419434026,15505.923419434026,0.0,0.0,0.0,0.0,15505.923419434026,30129.918313311013,30129.918313311013,619.6426514861473,13407.940139111972,20954.159154629277,16972.86891524971,10800.0,10800.0,0
2025-05-11,M1,36004.430999259675,0.0,743.3044611405953,36747.73546040027,36747.73546040027,0.0,946.3273063691258,394.0963783067511,2739.3006950595623,39487.03615545983,59767.69179410535,60714.01910047448,729.8791368120163,1340.3414356912058,18954.979558511634,15401.163735566959,10800.0,10747.077452030515,3
2025-05-12,M1,34738.15289885669,0.0,2398.3220268024584,37136.47492565916,37136.47492565916,0.0,2597.685947577309,124.9898501984452,792.8078255571661,37929.28275121633,57631.31742673247,60229.003374309774,2475.5144985678335,2578.64265,17479.002891760607,14110.362049153551,10747.077452030515,10800.0,3
2025-05-13,M1,35048.25206047338,0.0,174.99569031536745,35223.24775078875,35223.24775078875,0.0,98.1740239352338,196.92960279774135,1199.0772366001738,36422.32498738893,58386.49048533496,58484.66450927019,1119.964825848222,756.528571459628,19346.778674175937,15670.890726082513,10800.0,10800.0,4
2025-05-14,M1,34379.17565838722,0.0,2047.645086830329,36426.820745217534,36426.820745217534,0.0,2561.359915118755,129.2855178454765,784.6246935727099,37211.445438790244,56752.269296780796,59313.62921189956,1563.0094466470046,1382.530710980382,18987.164289898068,15503.938501113755,10800.0,10661.84952633743,4
2025-05-15,M1,35117.97212073986,0.0,2114.1171316658465,37232.089252405705,37232.089252405705,0.0,2315.168860002868,0.0,0.0,37232.089252405705,56863.73194837519,59178.900808378065,1677.3699846407217,1000.4850354377854,19008.695150894266,15272.707645928047,10661.84952633743,10800.0,0
2025-05-16,M1,15007.633444444906,0.0,59.84318287399207,15067.476627318898,15067.476627318898,0.0,44.68754833428176,0.0,0.0,15067.476627318898,29024.34019554232,29069.027743876602,744.3733992994992,21700.15834410931,20573.628774391902,16664.63930725744,10800.0,10800.0,0
2025-05-17,M1,15115.438194583783,0.0,503.5843160640753,15619.022510647856,15619.022510647856,0.0,316.13351924011624,0.0,0.0,15619.022510647856,29249.09794893332,29565.231468173435,361.0634770527465,14716.26160154063,21258.45950656179,17219.35220031506,10800.0,10800.0,0
2025-05-18,M1,35049.07663843588,0.0,1055.005526653117,36104.082165088985,36104.082165088985,0.0,1215.8746715664804,5.236666666666679,35.318698333333415,36139.40086342232,57800.97635054357,59016.851022110044,1649.4407496521692,0.0,19455.151784866037,15758.672945741495,10800.0,10800.0,1
2025-05-19,M1,33726.446092892336,0.0,135.81814269469155,33862.26423558703,33862.26423558703,0.0,93.24022418253188,101.48478822591915,692.4466109973453,34554.71084658437,55616.349671290256,55709.589895472775,748.0892990353505,4037.061531423712,18598.058348175182,15087.351044935544,10800.0,10774.529130095949,2
2025-05-20,M1,33030.895183435765,0.0,4633.420987401311,37664.316170837075,37664.316170837075,0.0,3856.240825107061,178.58926363744,1235.656404661047,38899.97257549812,54187.078496212845,58043.31932131991,130.65757041129166,0.0,18798.132112053787,15234.275914174394,10774.529130095949,10765.874792972805,2
2025-05-21,M1,33089.47889668885,0.0,3607.0150178875783,36696.49391457643,36696.49391457643,0.0,3213.496511153952,0.0,0.0,36696.49391457643,54002.2017587098,57215.69826986376,455.6390288437227,1766.5473753692984,19455.457942399247,15824.561360081843,10765.874792972805,10692.940985485644,0
2025-05-22,M1,32856.86952127638,0.0,1598.524913107604,34455.394434384,34455.394434384,0.0,1693.086177422514,94.05491928705635,655.5321619465051,35110.9265963305,53597.74573963073,55290.83191705325,542.0461650939257,0.0,20683.456534298923,16657.24667971921,10692.940985485644,10800.0,2
2025-05-23,M1,14061.661578831641,0.0,744.5602462568031,14806.221825088442,14806.221825088442,0.0,537.6914447595112,139.44248944219726,599.6848788694929,15405.906703957935,27779.258483911104,28316.949928670612,588.2332147005316,17387.36753333333,21367.59361445064,17307.750827705026,10800.0,10800.0,5
2025-05-24,M1,14512.280301846218,0.0,332.39959795906253,14844.67989980528,14844.67989980528,0.0,254.97568297305128,35.46486475858376,155.31837521021757,14999.998275015498,28415.07557564778,28670.05125862084,942.860600265017,20008.032604683685,21053.271237354686,17053.149702257302,10800.0,10800.0,1
2025-05-25,M1,32855.132508553084,0.0,1328.2930639879191,34183.425572541026,34183.425572541026,0.0,717.6052471150869,0.0,0.0,34183.425572541026,54111.68143815586,54829.28668527095,784.1588142518951,1908.218277501705,19016.231217511,15424.331807326984,10800.0,10776.461643174358,0
2025-05-26,M1,31921.890887875572,0.0,5742.819886292496,37664.710774168074,37664.710774168074,0.0,5873.201592681715,1129.4829613486302,6071.057203947799,43735.76797811587,51997.634576906596,57870.83616958831,501.4638782216192,0.0,20985.480769040194,17066.458466324875,10776.461643174358,10700.662706060675,8
2025-05-27,M1,32616.332111165964,0.0,2438.558862796976,35054.890973962945,35054.890973962945,0.0,3362.218364513759,0.0,0.0,35054.890973962945,53125.67773150468,56487.89609601844,1761.289359066767,1360.669358555754,20682.086477399207,16706.51639900329,10700.662706060675,10751.74453682742,0
2025-05-28,M1,33056.48158072364,0.0,2419.852353869346,35476.33393459299,35476.33393459299,0.0,2533.7254887984727,0.0,0.0,35476.33393459299,54436.15166629442,56969.87715509289,781.7740816659136,59.38229999999976,20060.35135037716,16205.454676950183,10751.74453682742,10800.0,0
2025-05-29,M1,32629.07763330964,0.0,4142.591670722469,36771.66930403212,36771.66930403212,0.0,4603.133686059571,209.94322334347686,1449.7977313948243,38221.46703542694,53870.86189427487,58473.99558033445,627.2344975886608,41.0249632298503,20709.294246597467,16803.738403738058,10800.0,10767.544373339882,3
2025-05-30,M1,13996.382889805574,0.0,1126.873839871524,15123.256729677103,15123.256729677103,0.0,637.1159802635569,147.7393534049021,621.079973396058,15744.33670307316,27794.07298578493,28431.18896604849,564.2310419084758,17365.810433333332,21176.01849237268,17123.36491482777,10767.544373339882,10800.0,4
2025-05-31,M1,14337.04411953392,0.0,559.23973531052,14896.28385484444,14896.28385484444,0.0,424.6608856878435,274.79961660577817,1166.646610534935,16062.930465379375,28247.112100239894,28671.772985927742,915.6520778682645,15599.157533333331,21276.744428062753,17234.16298673083,10800.0,10800.0,6
2025-06-01,M1,35979.02243789937,0.0,15769.686461409028,51748.708899308396,51748.708899308396,0.0,11786.98163341361,1886.3790017487022,11695.488037998966,63444.196937307366,60404.59691075764,72191.57854417124,146.30120293863013,0.0,18603.272831552626,15896.442788571307,10800.0,9880.231338873682,15
2025-06-02,M1,39893.53103202561,0.0,9394.963050744127,49288.49408276974,49288.49408276974,0.0,5517.752355787747,1711.9366340158144,10313.463228441387,59601.95731121113,67165.60063201514,72683.35298780288,1592.2384566478524,0.0,21542.30586915611,17380.06215398525,9880.231338873682,9957.126450019447,17
2025-06-03,M1,45100.85717728364,0.0,2733.514969621619,47834.37214690525,47834.37214690525,0.0,2319.783924993595,579.6224295570302,3504.8889523814014,51339.26109928665,73912.7219092398,76232.5058342334,3209.5608466322974,983.320733333333,21255.12331877835,16828.243468286877,9957.126450019447,10388.689138823427,12
2025-06-04,M1,47669.28411474037,0.0,457.2313605835989,48126.51547532395,48126.51547532395,0.0,310.58055288927744,331.64832311795607,2032.0154290398525,50158.5309043638,77891.03678292496,78201.61733581424,4920.889226868724,91.32266666666646,20123.238235269084,16247.445286538945,10388.689138823427,10446.886565522327,10
2025-06-05,M1,46270.30795166003,0.0,1852.6708108162272,48122.97876247623,48122.97876247623,0.0,1360.4265718595627,407.73292068283456,2698.4319046392097,50821.410667115444,75443.65853105379,76804.08510291335,1799.1188589562844,363.28761666666674,21635.790609058815,17735.697077752244,10446.886565522327,10212.768027283879,8
2025-06-06,M1,18247.192727891394,0.0,3924.035281278476,22171.228009169867,22171.228009169867,0.0,2169.021814151086,1076.4227404583435,6924.5560323183945,29095.78404148826,34143.424328226,36312.446142377084,26.271662862976655,2527.878198682349,20718.066161727944,16738.342540437836,10212.768027283879,10260.869194574763,7
2025-06-07,M1,19086.873403082936,0.0,1172.250498707344,20259.12390179028,20259.12390179028,0.0,624.8471375476765,710.3416300550115,4884.283085216356,25143.406987006638,35403.84669345972,36028.6938310074,48.02872094767628,1622.4425231743123,20278.14407844772,16336.093028173962,10260.869194574763,10359.984389428857,4
2025-06-08,M1,54560.56282921086,0.0,0.0,54560.56282921086,54560.56282921086,0.0,0.0,0.0,0.0,54560.56282921086,86524.83642334111,86524.83642334111,16125.411769537843,1846.0099666666665,15644.6177418732,12276.126321403262,10359.984389428857,10800.0,0
2025-06-09,M1,50866.3034799609,0.0,280.37422672777143,51146.67770668867,51146.67770668867,0.0,139.48966503869224,8.551392497199913,57.67486669736481,51204.35257338604,81342.25443220272,81481.7440972414,6056.175396595629,668.9188333333334,20170.99224461223,16338.503718135904,10800.0,10800.0,1
2025-06-10,M1,48217.073189209936,0.0,699.2453469393143,48916.31853614925,48916.31853614925,0.0,347.7046900044196,0.0,0.0,48916.31853614925,77688.15366649197,78035.85835649639,2142.242678361377,130.08093333333295,21816.265849833424,17671.175338365072,10800.0,10800.0,0
2025-06-11,M1,48700.236395171145,0.0,4336.920089992894,53037.15648516404,53037.15648516404,0.0,2809.274547012664,928.8844454691728,4563.395077273168,57600.55156243721,78515.45505286835,81324.72959988102,1926.8228998623727,0.0,22328.130678006106,18085.785849184955,10800.0,10800.0,8
2025-06-12,M1,49309.602311251765,0.0,1763.0842298030063,51072.68654105477,51072.68654105477,0.0,875.2362418788916,0.0,0.0,51072.68654105477,79082.08373457697,79957.31997645587,3493.5773502858583,89.91438333333338,20639.141102649173,16717.704293145827,10800.0,10800.0,0
2025-06-13,M1,19662.716038660674,0.0,244.6705176009451,19907.38655626162,19907.38655626162,0.0,130.35288431355605,448.1855878877761,2932.708921067105,22840.095477328723,35444.96309001981,35575.31597433336,412.43283089857823,3377.180039625613,21063.229760813294,17174.65476911634,10800.0,10673.95704126937,3
2025-06-14,M1,19416.39865434446,0.0,155.29174146842794,19571.690395812886,19571.690395812886,0.0,82.67675103467388,535.0912940669293,3500.4073637218316,23072.097759534718,35211.83883155867,35294.51558259335,106.14427556153828,5823.70231930768,20664.58196062478,16958.16442883372,10673.95704126937,10429.675884905317,4
2025-06-15,M1,47859.31125612797,0.0,1080.460717885859,48939.771974013835,48939.771974013835,0.0,1066.4717726145839,0.0,0.0,48939.771974013835,77394.91130703404,78461.38307964861,3253.1604881183803,0.0,22357.666076903697,17776.41781870678,10429.675884905317,10800.0,0
2025-06-16,M1,47668.47308427658,0.0,2621.067268032739,50289.54035230933,50289.54035230933,0.0,1925.4976376806462,496.4443226926762,2407.097499692796,52696.637852002124,77128.5127306981,79054.01036837875,2592.192568726832,0.0,22443.206871989118,18178.997566311187,10800.0,10800.0,6
2025-06-17,M1,46078.437455652806,0.0,5983.342197723364,52061.77965337617,52061.77965337617,0.0,4760.889260121814,220.8660987550405,1470.5971404910713,53532.376793867246,74921.86489001261,79682.75415013442,893.7383051179125,0.0,23222.9286607905,18850.057933685614,10800.0,10756.126979505214,6
2025-06-18,M1,47565.856760387476,0.0,2206.9844195491446,49772.84117993664,49772.84117993664,0.0,2178.199555390781,71.58598405821715,482.77154620433606,50255.61272614097,77287.605876004,79465.80543139478,4562.707895527463,0.0,21088.45737621173,17042.164756286198,10756.126979505214,10800.0,3
2025-06-19,M1,45955.7458864289,0.0,1434.5249088987932,47390.27079532772,47390.27079532772,0.0,1149.9208602794713,130.28041221839283,877.3900153123499,48267.66081064007,74537.46235126736,75687.38321154684,2608.1491122018756,693.5589052499515,22402.37582270211,18145.924416388705,10800.0,10800.0,3
2025-06-20,M1,19815.57950085762,0.0,105.22622764628417,19920.805728503914,19920.805728503914,0.0,77.10602058406147,0.0,0.0,19920.805728503914,34915.93961555609,34993.04563614015,1242.5399861782403,7340.875072578854,21100.261723068757,17091.2119956857,10800.0,10800.0,0
2025-06-21,M1,19751.511504646292,0.0,855.1156074912323,20606.62711213753,20606.62711213753,0.0,655.9524940597807,119.93928825100616,525.2741128952814,21131.90122503281,35124.91923575864,35780.871729818435,2281.171274978625,10303.675593940588,20953.8092060538,16972.585456903573,10800.0,10800.0,1
2025-06-22,M1,42844.703265230644,0.0,3330.0754602200163,46174.778725450684,46174.778725450684,0.0,2851.966675473102,58.15717913800347,397.39955073720284,46572.178276187886,69742.45703687832,72594.42371235142,906.6761433602447,194.05944999999997,21550.02209541679,17455.51789728761,10800.0,10800.0,5
2025-06-23,M1,43129.93535764341,0.0,3258.756564641933,46388.69192228533,46388.69192228533,0.0,2451.02787121194,32.63526678501398,222.2211341929377,46610.91305647827,69722.33467388761,72173.36254509955,1092.0549568781976,0.0,21686.462833086738,17633.805978080367,10800.0,10724.69879635543,3
2025-06-24,M1,44228.396947893416,0.0,8064.639394508618,52293.03634240206,52293.03634240206,0.0,6062.892837924883,3016.6739803954706,14724.498463071926,67017.53480547399,72052.11393146741,78115.00676939228,572.017668908566,0.0,22226.840776837227,17935.969945958044,10724.69879635543,10800.0,15
2025-06-25,M1,44674.80580302674,0.0,2679.7470246368016,47354.55282766353,47354.55282766353,0.0,2576.5800194085823,66.25367592707323,446.8489811670744,47801.401808830604,72960.20168856972,75536.7817079783,860.3937914443712,0.0,22659.05381997021,18353.83359417587,10800.0,10800.0,3
2025-06-26,M1,43870.50160538954,0.0,2330.897529537985,46201.3991349275,46201.3991349275,0.0,2464.8310479789334,131.1100399040979,884.2878652541731,47085.68700018167,71315.1681880451,73779.99923602404,2120.843807410081,0.0,22458.847349406547,18215.965714221828,10800.0,10773.000709774973,5
2025-06-27,M1,18456.219655054527,0.0,490.8454617239417,18947.06511677847,18947.06511677847,0.0,380.3418726560883,155.64908148275285,651.350687442912,19598.415804221382,33336.347990161965,33716.68986281805,729.1040157807895,9233.009366666667,21654.10702096927,17515.527325782587,10773.000709774973,10800.0,3
2025-06-28,M1,18351.97146949924,0.0,816.9520115263074,19168.92348102555,19168.92348102555,0.0,574.4146624890451,55.512920718066084,199.44879899278192,19368.37228001833,33560.99685471575,34135.4115172048,559.6086519887444,7760.334566666665,21547.65843474098,17453.603332140192,10800.0,10800.0,3
2025-06-29,M1,41988.289610716914,0.0,4141.255939986986,46129.54555070392,46129.54555070392,0.0,4521.604304001808,788.8488853542146,4029.7753342175697,50159.32088492149,68677.3575075875,73198.96181158932,495.65064678896215,0.0,22233.63956221706,18009.248045395816,10800.0,10800.0,12
2025-06-30,M1,44027.79090593711,0.0,2217.088978242281,46244.87988417939,46244.87988417939,0.0,1957.709890892266,1002.710259278838,5142.632259905815,51387.51214408521,71751.06064159368,73708.77053248596,614.7905529097261,0.0,22205.296081693326,17986.28982617159,10800.0,10800.0,15
2025-07-01,M1,43122.794554035856,0.0,15984.978616562543,59107.77317059838,59107.77317059838,0.0,13163.467592458132,745.6960465824072,4557.603705664849,63665.37687626323,70250.68174479918,83414.14933725732,1392.1742281034867,284.6481927467278,21611.473316088108,17994.994386431932,10800.0,10255.887777332704,13
2025-07-02,M1,44478.455595051164,0.0,11642.95353825399,56121.409133305155,56121.409133305155,0.0,10128.193468613295,353.5050173059132,2269.4549520293685,58390.86408533452,71988.12186229521,82116.3153309085,4052.1870430511153,1254.4625166666672,20987.08026235131,16728.67584052133,10255.887777332704,10556.84241286962,12
2025-07-03,M1,49635.578182744604,0.0,7398.92301643437,57034.50119917896,57034.50119917896,0.0,6455.65493568554,116.63442855531594,804.3777796937303,57838.878978872686,79403.62027562174,85859.2752113073,1309.5126310272994,445.7176333333332,22645.817656759802,18185.557214591157,10556.84241286962,10731.903621074374,4
2025-07-04,M1,22901.378569935212,0.0,3332.000388512608,26233.37895844782,26233.37895844782,0.0,2503.583697158583,567.1336596290109,3051.545156600615,29284.924115048438,39830.87021786818,42334.45391502677,183.17067063993096,9849.344373082957,21405.431750068616,17417.226685802394,10731.903621074374,10644.318100800137,11
2025-07-05,M1,23792.768327807447,0.0,2467.1968639418014,26259.965191749245,26259.965191749245,0.0,1639.1625378018603,320.249662823074,1724.2363828655423,27984.201574614788,41477.0070565211,43116.16959432296,147.26103072295484,10416.703537198471,21500.28831258931,17417.91359003137,10644.318100800137,10641.340259873445,6
2025-07-06,M1,52074.140039167076,0.0,6606.793420049651,58680.933459216714,58680.933459216714,0.0,4802.074545559741,24.42552717629553,164.75018080411334,58845.68364002083,82431.46848933755,87233.54303489729,3069.8333558069567,76.60989999999993,21972.368369224932,17654.8246129583,10641.340259873445,10800.0,1
2025-07-07,M1,54792.93363564294,0.0,82.91147890048089,54875.84511454341,54875.84511454341,0.0,57.16149229598807,0.0,0.0,54875.84511454341,86157.83500381086,86214.99649610685,8212.622196603212,1050.7511833333335,18642.843944756045,15100.703595252398,10800.0,10800.0,0
2025-07-08,M1,59395.07388142201,0.0,0.0,59395.07388142201,59395.07388142201,0.0,0.0,0.0,0.0,59395.07388142201,92983.60897683972,92983.60897683972,12051.2226900898,1768.6296333333335,18907.20861447326,15314.838977723342,10800.0,10800.0,0
2025-07-09,M1,55995.27304969196,0.0,0.0,55995.27304969196,55995.27304969196,0.0,0.0,0.0,0.0,55995.27304969196,88178.55290019275,88178.55290019275,9661.533622076628,813.8200708962488,19181.443108174793,15536.968917621583,10800.0,10800.0,0
2025-07-10,M1,51990.746078139506,0.0,461.16630995131504,52451.91238809082,52451.91238809082,0.0,229.43597510015672,0.0,0.0,52451.91238809082,81844.48188171301,82073.91785681316,4265.619051799721,975.2072041288025,20944.569566059534,16965.101348508222,10800.0,10800.0,0
2025-07-11,M1,25636.046122692394,0.0,119.73213380420319,25755.7782564966,25755.7782564966,0.0,99.37330908597181,454.8312044830338,1845.1694222947026,27600.9476787913,43548.012994629375,43647.38630371534,1286.6335843492361,6281.638466666669,21132.464774644628,17117.296467462154,10800.0,10800.0,5
2025-07-12,M1,24549.824671529725,0.0,875.2929115085354,25425.117583038267,25425.117583038267,0.0,656.7718601115506,181.22325902064836,1051.3790358999838,26476.49661893825,42303.52546120524,42960.29732131679,42.790182583979686,8016.247499999999,21625.6938049914,17627.454240571264,10800.0,10677.064157190847,4
2025-07-13,M1,48698.49186181267,0.0,867.7313617083878,49566.22322352105,49566.22322352105,0.0,516.5228500858417,116.26188392089625,785.0929508890299,50351.31617441008,77465.86496500124,77982.38781508707,2623.247666550934,2184.140280426487,20594.205755275354,16570.664403244802,10677.064157190847,10800.0,5
2025-07-14,M1,45551.8672167948,0.0,4694.9431267129685,50246.81034350778,50246.81034350778,0.0,3319.808795694612,198.4091125014154,1278.4415411679176,51525.251884675694,72676.7861285564,75996.59492425103,596.8454510793047,0.0,19949.891415823466,16159.412046817004,10800.0,10800.0,8
2025-07-15,M1,50573.707488224325,0.0,0.0,50573.707488224325,50573.707488224325,0.0,0.0,0.0,0.0,50573.707488224325,80262.97868254142,80262.97868254142,3678.8046563820853,176.41471666666666,19256.361716628086,15597.652990468747,10800.0,10800.0,0
2025-07-16,M1,48874.41435192684,0.0,1580.5558110837005,50454.97016301054,50454.97016301054,0.0,784.7268943175965,27.11346046441065,182.83460277547,50637.80476578601,77154.82808541211,77939.55497972971,2132.036532828236,0.0,19474.04486332929,15773.976339296729,10800.0,10800.0,2
2025-07-17,M1,47459.681280297445,0.0,3803.006598504404,51262.68787880186,51262.68787880186,0.0,3217.0968759646175,45.84683299470544,311.01019234637477,51573.69807114823,74832.24820244679,78049.3450784114,1261.1807416237011,0.0,21650.500542714435,17536.905439598693,10800.0,10800.0,3
2025-07-18,M1,25025.032221790752,0.0,0.0,25025.032221790752,25025.032221790752,0.0,0.0,0.0,0.0,25025.032221790752,42688.41300924178,42688.41300924178,893.3467440291486,6500.866822784111,21157.638644360653,17137.68730193213,10800.0,10800.0,0
2025-07-19,M1,24926.4715293231,0.0,363.10994813439873,25289.581477457497,25289.581477457497,0.0,284.3935288989416,98.58501057160663,512.6451707208402,25802.226648178337,42583.828914483776,42868.22244338272,622.3682544889269,11186.806209426144,21332.02674917306,17357.212809133805,10800.0,10713.032064107083,5
2025-07-20,M1,48505.229512566555,0.0,752.4957255191478,49257.725238085695,49257.725238085695,0.0,467.6460942140393,22.20042702858177,154.87017895138644,49412.59541703708,77318.84768842117,77786.49378263521,1755.6965946110777,0.0,20446.04345306544,16483.024054679387,10713.032064107083,10800.0,1
2025-07-21,M1,48652.716783962955,0.0,2676.541700206707,51329.258484169666,51329.258484169666,0.0,1930.9103069022117,27.68551464622567,193.1341501720703,51522.39263434173,77504.95755548772,79435.86786238995,1474.9371949425422,0.0,21046.66753733492,17047.80070524129,10800.0,10800.0,1
2025-07-22,M1,47964.842269939116,0.0,4817.720672740244,52782.56294267936,52782.56294267936,0.0,5608.190559830269,140.351604420807,946.5478372773905,53729.110779956754,76164.84243906802,81773.0329988983,3810.036803426007,249.3819333333331,21362.21710470048,17303.395854807386,10800.0,10800.0,5
2025-07-23,M1,49641.926941644684,0.0,807.3226472536144,50449.24958889829,50449.24958889829,0.0,453.9004610762245,125.60859710753698,847.1061298344293,51296.35571873272,79280.56838100214,79734.46884207836,1096.7565915077707,306.9538853098495,22314.84129316643,18075.021447464813,10800.0,10800.0,5
2025-07-24,M1,48969.84970521753,0.0,2327.8947719516077,51297.74447716916,51297.74447716916,0.0,1348.9229269674538,19.908251694105388,134.18233474335824,51431.92681191252,78120.1242005645,79469.04712753196,1850.3553958094835,80.49678333333327,20745.42736885923,16803.796168775974,10800.0,10800.0,2
2025-07-25,M1,23985.165144388,0.0,707.0477871227991,24692.21293151079,24692.21293151079,0.0,545.7417936241881,137.53258038573804,941.1026516167123,25633.3155831275,41332.892131353874,41878.63392497806,874.9949343399221,10558.762075376831,21605.400190307737,17528.31026132736,10800.0,10768.959880913233,2
2025-07-26,M1,24076.971256304547,0.0,733.0473888002881,24810.01864510484,24810.01864510484,0.0,566.045124020768,303.64719039429235,1420.7402898630696,26230.758934967907,41476.732729166964,42042.77785318773,804.64905900956,9047.642419265061,21494.851995070523,17469.809996429783,10768.959880913233,10703.42668044361,7
2025-07-27,M1,47271.112439514596,0.0,3560.408806533348,50831.52124604793,50831.52124604793,0.0,2865.8094051554795,1093.1021029659385,5659.214188681335,56490.735434729264,75481.5469932967,78347.35639845218,1482.9782986673415,0.0,22028.286395526477,17755.995992775697,10703.42668044361,10800.0,8
2025-07-28,M1,49065.02724266923,0.0,5310.363772194814,54375.39101486405,54375.39101486405,0.0,3873.3963007395987,401.4347230329125,1963.579780321779,56338.97079518583,78360.01627007622,82233.41257081581,540.0998570215946,0.0,21788.79054470415,17648.92034121036,10800.0,10800.0,8
2025-07-29,M1,49587.78194653078,0.0,1935.336858209766,51523.11880474055,51523.11880474055,0.0,2262.8272808142174,142.07649683056673,967.0184312784482,52490.137236019,79151.73778709177,81414.56506790599,1285.906674765769,0.0,22113.099684056833,17911.610744086047,10800.0,10800.0,6
2025-07-30,M1,48203.42898011813,0.0,3374.7117114646635,51578.14069158278,51578.14069158278,0.0,3601.694038164781,303.4219986637306,1504.652604930594,53082.79329651338,76574.12069950375,80175.81473766851,1489.6342160940958,726.6097561479678,21893.361653106207,17733.622939016022,10800.0,10800.0,8
2025-07-31,M1,47933.90538804052,0.0,3468.666625268816,51402.57201330931,51402.57201330931,0.0,2985.6186866787584,319.7214424326579,2126.721529131272,53529.29354244059,76703.77261742589,79689.39130410465,1113.7114647509097,69.61071797021259,22125.713234409457,17994.918937259947,10800.0,10718.787536235233,10
2025-08-01,M1,23399.66768751411,0.0,2126.291248195118,25525.958935709215,25525.958935709215,0.0,1605.4400186690239,0.0,0.0,25525.958935709215,40455.540833586085,42060.9808522551,1128.2153776607802,15551.212104125967,21353.170981123152,17222.977277321464,10718.787536235233,10800.0,0
2025-08-02,M1,23544.68834077502,0.0,0.0,23544.68834077502,23544.68834077502,0.0,0.0,179.7683288183216,1044.0247214197645,24588.713062194787,40683.50818537966,40683.50818537966,705.2550731078487,15123.921066666662,21616.18653205335,17509.11109096322,10800.0,10800.0,5
2025-08-03,M1,43746.5889893349,0.0,320.14665939055527,44066.73564872544,44066.73564872544,0.0,230.88725088652058,398.4672705281942,2484.5945053801083,46551.33015410555,68674.05340173113,68904.94065261766,1536.0816102018275,1440.5606472942393,19396.686331215453,15909.400648899002,10800.0,10579.905865983912,12
2025-08-04,M1,43582.685265992346,0.0,1912.419309018232,45495.1045750106,45495.1045750106,0.0,1549.8528581169132,60.114136307878425,405.2230581477818,45900.327633158384,68296.88872373076,69846.74158184767,490.9955652135063,0.0,20011.159731548592,16010.954661939877,10579.905865983912,10800.0,3
2025-08-05,M1,43389.88675004996,0.0,1389.8581648628124,44779.74491491278,44779.74491491278,0.0,2062.3912330923818,20.43469980887278,137.76917894332473,44917.5140938561,67728.43408411213,69790.82531720452,649.6633867276569,0.0,21101.509983960023,17092.22308700762,10800.0,10800.0,3
2025-08-06,M1,44301.44811993102,0.0,3737.369270408782,48038.81739033982,48038.81739033982,0.0,2424.660770328889,42.76676228649944,233.8490014953931,48272.66639183521,69557.87291771625,71982.53368804514,448.1334512239754,0.0,19424.462764753676,15961.695032312695,10800.0,10546.799785708656,3
2025-08-07,M1,45269.92898962258,0.0,757.4044702646539,46027.33345988725,46027.33345988725,0.0,576.2982685013911,60.694052434209425,409.8148557817422,46437.148315668994,71898.02502043493,72474.32328893631,2346.7156092189493,2861.6871851015994,20197.32721324907,16258.697916199082,10546.799785708656,10659.174370744953,3
2025-08-08,M1,22739.270321779324,0.0,105.70588924672539,22844.97621102605,22844.97621102605,0.0,56.11673447151361,321.44046727677437,1421.3729222358154,24266.349133261865,39698.358958419005,39754.47569289052,241.68272082542762,19898.793416666667,21820.77504830643,17660.506275631233,10659.174370744953,10675.087163519383,8
2025-08-09,M1,22444.806609539257,0.0,713.9955486294205,23158.802158168677,23158.802158168677,0.0,405.12360882000434,523.3283824557428,2204.8775465916283,25363.679704760307,39230.65506259475,39635.77867141475,167.88865069979133,17120.824716666666,21287.00824206374,17338.5435555597,10675.087163519383,10568.346186310415,8
2025-08-10,M1,43042.455399338556,0.0,3565.3887885986856,46607.84418793727,46607.84418793727,0.0,1987.9143189299575,68.3526534752192,468.5865842910749,47076.43077222834,67357.92974242827,69345.84406135822,318.0370179103779,0.0,18858.16955053911,15066.628903616047,10568.346186310415,10800.0,3
2025-08-11,M1,42927.907908365356,0.0,1514.3592153922468,44442.26712375761,44442.26712375761,0.0,1749.3468821953836,332.3276384234573,2243.749486688327,46686.016610445935,67557.02324160544,69306.3701238008,357.39704927826483,748.1067478706495,21053.34851065051,17081.407878908492,10800.0,10768.67157190935,8
2025-08-12,M1,43555.93516342329,0.0,4019.146832291785,47575.08199571507,47575.08199571507,0.0,2873.052297893591,337.3417389513263,2207.343866823536,49782.4258625386,69055.54554997133,71928.59784786492,769.5706066489552,0.0,19513.840762556367,15778.015432389075,10768.67157190935,10800.0,9
2025-08-13,M1,43377.77806620413,0.0,2783.135621157392,46160.913687361535,46160.913687361535,0.0,3506.0452544225045,173.23679778400037,1175.457929454385,47336.37161681592,68092.29539285236,71598.34064727489,1865.2253480572915,0.0,19923.013931587328,16137.641284585738,10800.0,10800.0,6
2025-08-14,M1,42960.363160692454,0.0,2745.649196698898,45706.01235739136,45706.01235739136,0.0,3142.8578742516206,530.2544536156131,2955.558269329458,48661.570626720815,67275.80095630458,70418.65883055619,836.7396129224355,108.451990731759,21845.086539630895,17767.655842446613,10800.0,10718.738060727124,12
2025-08-15,M1,22721.389527079322,0.0,865.3981377890404,23586.78766486835,23586.78766486835,0.0,660.1479675214023,286.82114093964094,1188.2982306653048,24775.08589553365,39501.39252825749,40161.5404957789,322.2150964158607,19056.5823,21397.928814668318,17488.091457698967,10718.738060727124,10545.661263151984,5
2025-08-16,M1,22710.339971342626,0.0,1332.5883427417896,24042.92831408442,24042.92831408442,0.0,1008.3386677702903,181.66123253268654,1213.1652053396817,25256.093519424103,39557.82363304681,40566.1623008171,391.93749934394884,19137.14643333333,21566.002784283795,17276.543550277955,10545.661263151984,10758.904268698567,2
2025-08-17,M1,43655.97805887716,0.0,529.1426220614579,44185.12068093861,44185.12068093861,0.0,263.2550358514716,158.85201461282838,1070.4910063203395,45255.611687258955,68461.72887615353,68724.983912005,543.425170847508,1260.0072386481972,20410.651275179865,16495.641374724397,10758.904268698567,10800.0,5
2025-08-18,M1,43217.03767755806,0.0,1846.1712153439967,45063.208892902054,45063.208892902054,0.0,2085.514427823226,304.8829312908325,1962.4288739669541,47025.63776686901,67525.69635224619,69611.2107800694,1410.5177885273,0.0,21639.26476929622,17527.80446312994,10800.0,10800.0,6
2025-08-19,M1,43613.38521490645,0.0,578.3103011553783,44191.69551606185,44191.69551606185,0.0,749.9915655307822,209.26567748994694,1411.6472276959712,45603.34274375782,68139.74666210216,68889.73822763294,334.53876872755893,628.5075841536282,20096.302643377407,16278.005141135693,10800.0,10800.0,5
2025-08-20,M1,44345.1261583243,0.0,4784.979212976834,49130.105371301135,49130.105371301135,0.0,3366.7701121942146,1180.1133965699876,6360.74433702147,55490.8497083226,70226.23917008666,73593.00928228087,169.63020064430464,0.0,21061.71701347644,17108.91560193656,10800.0,10745.639087754853,12
2025-08-21,M1,45098.11065721163,0.0,628.7122154525453,45726.82287266418,45726.82287266418,0.0,458.09609858002284,123.40040412927324,810.485179538746,46537.30805220293,71448.93106257418,71907.0271611542,1204.630493183878,1269.0672333333332,19313.39379726981,15601.08244183688,10745.639087754853,10793.157458812262,7
2025-08-22,M1,22483.48613630576,0.0,2357.1605746915484,24840.64671099731,24840.64671099731,0.0,1657.0421021437223,481.12190544941586,3038.2607498185785,27878.907460815888,39265.465238053584,40922.507340197306,315.04116501290537,15948.105802375394,21316.13806032823,17406.225182069807,10793.157458812262,10637.431510807888,6
2025-08-23,M1,22838.277251837128,0.0,1007.0120428710986,23845.28929470823,23845.28929470823,0.0,716.7531078876265,175.00431221333497,810.6114502732463,24655.900744981474,39776.941838565996,40493.69494645363,113.65863870582928,13863.368025358513,21588.272377395067,17426.60593279245,10637.431510807888,10703.981169582952,5
2025-08-24,M1,44266.60956062465,0.0,1217.8752204728564,45484.484781097526,45484.484781097526,0.0,772.5433320014209,12.387147991905636,83.43018655751136,45567.91496765504,69246.92262030976,70019.46595231119,462.935449593521,1763.4653007530294,21136.85422121553,17064.991354592315,10703.981169582952,10766.04846357436,2
2025-08-25,M1,47892.572069418035,0.0,1682.9871856266716,49575.55925504471,49575.55925504471,0.0,835.5226381499691,50.18439455726411,338.40919410303104,49913.96844914774,76426.99614823365,77262.51878638362,1899.1651584647445,671.1679166666668,20730.14055978812,16760.8574706453,10766.04846357436,10800.0,2
2025-08-26,M1,45578.91475329078,0.0,345.9239696890147,45924.83872297979,45924.83872297979,0.0,172.10147745722122,44.6386013163484,306.52823017345406,46231.36695315324,71285.20128357809,71457.3027610353,2004.1111377201973,0.0,20889.536006832273,16920.524165534145,10800.0,10800.0,4
2025-08-27,M1,45561.85990359321,0.0,2485.972620706787,48047.83252430001,48047.83252430001,0.0,3112.2481038075084,72.77947043859945,490.4232955601185,48538.255819860125,71433.15466901832,74545.40277282582,1494.5968275409687,1100.280457091531,21707.319041102128,17598.16294913687,10800.0,10783.072749062063,5
2025-08-28,M1,45434.48926611749,0.0,4314.868911167807,49749.358177285285,49749.358177285285,0.0,4590.721185061931,146.5363085718359,987.941301185242,50737.29947847053,71244.64700321344,75835.36818827537,1106.3963685804124,0.0,21722.53456190062,17614.821416967145,10783.072749062063,10761.330058142461,3
2025-08-29,M1,23980.540766786246,0.0,0.0,23980.540766786246,23980.540766786246,0.0,0.0,342.75834714430226,1372.750747722356,25353.2915145086,41180.09625770876,41180.09625770876,421.6778097234571,14374.516799999998,21771.7720918833,17600.332446753688,10761.330058142461,10800.0,6
2025-08-30,M1,23581.653436918576,0.0,635.5599629084891,24217.213399827066,24217.213399827066,0.0,478.8446470380935,120.49210774353912,789.8189970208209,25007.032396847888,40680.16216208667,41159.00680912477,166.0639241435731,18820.828200442716,20944.437968985083,17164.551010036404,10800.0,10578.270827601682,2
2025-08-31,M1,44650.639171537994,0.0,2207.8949457969843,46858.53411733498,46858.53411733498,0.0,2147.6142613579364,100.68771659824165,687.5146700722221,47546.048787407206,69638.71432571678,71786.32858707472,1032.4701561638874,0.0,21096.66741588028,16888.74435170454,10578.270827601682,10800.0,4
2025-09-01,M1,46202.61307640084,0.0,0.0,46202.61307640084,46202.61307640084,0.0,0.0,0.0,0.0,46202.61307640084,73149.49654842353,73149.49654842353,12461.405338922246,4029.1601575565232,16235.771150586523,13150.974631975088,10800.0,10800.0,0
2025-09-02,M1,39185.225990325496,0.0,925.0418947075112,40110.267885033005,40110.267885033005,0.0,1360.187176925305,718.5236235026421,3769.338250256749,43879.60613528975,61593.30593995259,62953.49311687789,5227.452646624581,475.0735499000741,20588.077336083577,16676.34264222769,10800.0,10800.0,6
2025-09-03,M1,38406.44090998874,0.0,1663.4771950282125,40069.91810501697,40069.91810501697,0.0,1487.3649388936717,0.0,0.0,40069.91810501697,60697.32333601524,62184.6882749089,2604.5187151270425,346.98783972851356,19397.181421333433,15711.716951280085,10800.0,10800.0,0
2025-09-04,M1,37484.03939918004,0.0,1574.6606953347264,39058.70009451477,39058.70009451477,0.0,984.8241595627899,1196.009262627006,6696.4226564022965,45755.122750917064,58864.8217166536,59849.64587621639,2919.324311756807,203.90813333333404,21036.090230280308,17039.23308652705,10800.0,10800.0,6
2025-09-05,M1,19952.204518901333,0.0,0.0,19952.204518901333,19952.204518901333,0.0,0.0,0.0,0.0,19952.204518901333,35368.472035704486,35368.472035704486,3954.4559550418962,20721.49728097582,20359.248068526846,16490.990935506743,10800.0,10800.0,0
2025-09-06,M1,19544.410241216083,0.0,154.9429798687688,19699.353221084853,19699.353221084853,0.0,111.638508595881,636.6693771525162,2617.2266566174394,22316.579877702294,34857.98400648095,34969.62251507683,4005.4580458318783,20027.71743333333,20273.856384548097,16421.823671483966,10800.0,10800.0,7
2025-09-07,M1,34878.13434820781,0.0,4972.073530349247,39850.207878557034,39850.207878557034,0.0,4193.123919582111,1579.7529289412778,8722.210758163745,48572.41863672078,55042.80041529485,59235.92433487697,1927.7199690905218,0.0,20668.282516110816,16741.30883804976,10800.0,10800.0,8
2025-09-08,M1,30253.404824622106,0.0,16020.084702665823,46273.48952728794,46273.48952728794,0.0,12274.432991390468,1634.2855342459197,9109.311480576856,55382.80100786479,49236.405990837186,61510.83898222766,39.15742590755343,0.0,20902.332352009613,17191.934794776906,10800.0,10509.94934483431,17
2025-09-09,M1,32873.99097283329,0.0,6744.230630399511,39618.221603232814,39618.221603232814,0.0,5466.232779339694,1448.088095587413,8607.012759429492,48225.234362662304,52872.32060338814,58338.553382727834,454.1788419973632,2107.1666149171315,21384.326328747593,17261.864574013507,10509.94934483431,10575.99351402547,13
2025-09-10,M1,35311.56980728691,0.0,7478.246461628335,42789.816268915245,42789.816268915245,0.0,6902.751628764281,1968.5574818758455,10327.471972690557,53117.2882416058,57086.15971484964,63988.911343613916,467.5889989977178,0.0,21153.488270164235,16979.607093672188,10575.99351402547,10747.902853093065,16
2025-09-11,M1,37128.74347917323,0.0,1019.2009545466609,38147.94443371988,38147.94443371988,0.0,671.4172570791069,505.25080286307,2576.104796442321,40724.0492301622,60197.81844600054,60869.235703079656,1646.6624084546497,2142.0751,21526.27645872682,17436.613244572072,10747.902853093065,10747.53694975601,11
2025-09-12,M1,18312.91865234505,0.0,22.247505737669,18335.16615808272,18335.16615808272,0.0,11.915859638289817,410.4416423951396,1596.717964839068,19931.884122921787,33626.55279118969,33638.468650827985,1349.750287061212,17072.328299999994,21199.78295232802,17124.607446166105,10747.53694975601,10800.0,4
2025-09-13,M1,19056.90275504325,0.0,1.042603980210372,19057.945359023463,19057.945359023463,0.0,0.5584231703545015,0.0,0.0,19057.945359023463,34795.983254851075,34796.54167802143,2194.468466682558,20598.07929965196,21036.275938703056,17039.38351034948,10800.0,10800.0,0
2025-09-14,M1,37985.70945172088,0.0,3550.8248285111686,41536.53428023206,41536.53428023206,0.0,2862.3727731846666,332.2546235778528,1688.5290363832773,43225.063316615335,61406.659301733256,64269.032074917915,527.77401020812,0.0,21129.43469282228,17155.246754534626,10800.0,10755.105940723799,3
2025-09-15,M1,34931.555254381135,0.0,2807.7884311132766,37739.34368549441,37739.34368549441,0.0,2049.7572176224203,1471.6947318719094,8702.386970979625,46441.730656474036,56517.6411832854,58567.39840090781,178.92373543204545,759.210650000001,21611.849739214063,17577.921625199717,10755.105940723799,10674.746678016769,15
2025-09-16,M1,39190.14684403023,0.0,1547.2183411809283,40737.36518521115,40737.36518521115,0.0,1543.6190672632986,233.42800168761832,1241.5379482924077,41978.90313350356,63632.562208887604,65176.181276150906,470.14801417544174,1441.217781835016,21420.909502359722,17414.43600386499,10674.746678016769,10604.191892512748,8
2025-09-17,M1,38932.55281072091,0.0,878.5617995567618,39811.11461027768,39811.11461027768,0.0,877.2009755872742,421.17067519917686,2281.553866298522,42092.6684765762,63075.361807968846,63952.56278355612,331.0228790275979,0.0,21725.592687782766,17643.00050805506,10604.191892512748,10553.891413678293,8
2025-09-18,M1,37819.36945834855,0.0,3523.694454239054,41343.06391258758,41343.06391258758,0.0,4417.733534894033,474.05141092052304,2622.679140572087,43965.74305315967,60839.763742664596,65257.497277558636,1670.8587694979244,862.1760492875,21734.230393986545,17491.76764095948,10553.891413678293,10679.401389422319,8
2025-09-19,M1,17349.208466079843,0.0,1162.6748779492116,18511.88334402905,18511.88334402905,0.0,859.70875435188,115.51975806610882,591.688074997439,19103.57141902649,32360.311566594442,33220.02032094632,179.26720225580425,12924.754816666666,21551.912669853416,17421.746926430125,10679.401389422319,10718.626207368037,7
2025-09-20,M1,17275.253412977927,0.0,849.2281468082206,18124.481559786145,18124.481559786145,0.0,596.2118516159874,746.1249760664211,3754.1804718195854,21878.66203160573,32331.59830077171,32927.8101523877,320.0811616938543,13550.560700000002,21498.016421358807,17340.156887931873,10718.626207368037,10800.0,9
2025-09-21,M1,40469.92844039995,0.0,1333.6228027994032,41803.55124319933,41803.55124319933,0.0,1543.115796191215,302.1469713467222,1847.7766983065542,43651.32794150588,65592.12675175519,67135.2425479464,2760.0068812955687,2589.8828833333328,20209.291581195946,16409.27930986505,10800.0,10755.829856559629,5
2025-09-22,M1,40506.9175443351,0.0,709.5399043741255,41216.45744870924,41216.45744870924,0.0,457.1436075737382,255.4056543039512,1352.6322041870449,42569.089652896284,65769.6076986279,66226.75130620162,648.9796470992684,1194.3108469497006,21554.893173907418,17530.046590784143,10755.829856559629,10677.40416776059,8
2025-09-23,M1,41563.52099711222,0.0,619.7626869895638,42183.28368410178,42183.28368410178,0.0,308.33964526843965,313.2197046755216,1751.6156109431645,43934.89929504494,67183.49771464514,67491.8373599136,1315.366197493208,145.67691203336517,21930.495007661135,17703.096635931935,10677.40416776059,10744.742301397915,8
2025-09-24,M1,39480.696154279816,0.0,1756.2565047185324,41236.95265899834,41236.95265899834,0.0,2060.249436239319,574.3822411545923,3184.5683392342735,44421.52099823262,63475.119227562056,65535.368663801375,882.6703177587251,0.0,21653.281886607256,17489.42639941001,10744.742301397915,10800.0,6
2025-09-25,M1,40732.77646556376,0.0,1921.58979178777,42654.366257351525,42654.366257351525,0.0,2065.045286907056,66.4644599488856,341.2685979347567,42995.634855286284,65441.44143572103,67506.48672262809,1033.7388800410774,2312.1535,21131.36789752326,17239.757994987358,10800.0,10662.944446673877,4
2025-09-26,M1,18083.883790995194,0.0,0.0,18083.883790995194,18083.883790995194,0.0,0.0,0.0,0.0,18083.883790995194,33581.60657518791,33581.60657518791,565.9816136893842,11195.866607748489,21342.441070004767,17216.92621625473,10662.944446673877,10741.223391617365,0
2025-09-27,M1,17782.203692483374,0.0,1106.5243952389496,18888.728087722324,18888.728087722324,0.0,799.1083823563324,742.5494474253267,4056.022547631007,22944.75063535333,33095.9380725138,33895.046454870135,144.96704919894347,12739.919351198856,21557.12088009956,17605.71362820189,10741.223391617365,10580.728152371532,9
2025-09-28,M1,41205.25365501385,0.0,3477.5170320225343,44682.77068703639,44682.77068703639,0.0,4005.3729243549465,299.7268663609247,1466.6403972832143,46149.4110843196,66607.75383673699,70613.12676109193,2586.8030073904865,389.641490840643,22375.975261523432,17927.195298968363,10580.728152371532,10800.0,5
2025-09-29,M1,42227.956658016454,0.0,118.76620849401992,42346.722866510456,42346.722866510456,0.0,67.5993466087948,260.53288291058703,1720.612511081347,44067.3353775918,68121.58066819925,68189.18001480804,1473.0876829773829,121.23748523073868,21967.68469013299,17872.188560622482,10800.0,10712.928931539162,4
2025-09-30,M1,42896.443098451695,0.0,1660.3443377026242,44556.78743615432,44556.78743615432,0.0,1817.4854162536308,469.849421310069,2367.8631331609686,46924.65056931529,68757.96981760307,70575.45523385669,1210.9581712764716,33.19217068048556,22634.818868044076,18255.839321500942,10712.928931539162,10800.0,6
2025-10-01,M1,41881.760979089886,0.0,0.0,41881.760979089886,41881.760979089886,0.0,0.0,0.0,0.0,41881.760979089886,67857.86609977101,67857.86609977101,8775.866749319908,5846.755893637417,18809.06275515975,15235.340831679398,10800.0,10800.0,0
2025-10-02,M1,39730.24614690036,0.0,449.35294396535437,40179.59909086572,40179.59909086572,0.0,329.1140129929804,0.0,0.0,40179.59909086572,64112.059881764035,64441.17389475701,5363.02855177333,3485.813635456168,20323.93995189923,16462.39136103837,10800.0,10800.0,0
2025-10-03,M1,16484.010214213486,0.0,772.4416719810196,17256.4518861945,17256.4518861945,0.0,615.9530466439857,113.340448078565,462.6399710315957,17719.091857226096,31315.77741309982,31931.7304597438,2301.7085440478186,18043.906755650652,20433.167937494214,16550.866029370318,10800.0,10800.0,4
2025-10-04,M1,17001.44518353344,0.0,844.3729717389225,17845.81815527237,17845.81815527237,0.0,664.0810754869203,512.4821324271354,2013.2336135094415,19859.05176878181,32035.704141736453,32699.785217223372,2020.711522177935,14238.466616666665,20300.561986697772,16443.455209225198,10800.0,10800.0,5
2025-10-05,M1,37865.52836854787,0.0,1217.676697709326,39083.20506625721,39083.20506625721,0.0,933.4706623002162,84.47911873347721,425.98833639429665,39509.1934026515,61909.10395101146,62842.57461331167,2430.3918425947504,1840.1826520198763,20634.30616191505,16713.78799115119,10800.0,10800.0,2
2025-10-06,M1,35900.41399573322,0.0,4556.702034850425,40457.116030583646,40457.116030583646,0.0,4311.615888398059,374.5522819285759,1902.4426133075233,42359.55864389117,57954.66263076522,62266.27851916329,998.0373071153715,0.0,20577.2854946131,16667.601250636613,10800.0,10800.0,5
2025-10-07,M1,36512.14077032352,0.0,3554.717364318926,40066.85813464244,40066.85813464244,0.0,3416.4619761251324,825.9902953710452,4212.431135168335,44279.289269810775,59331.71932390794,62748.18130003306,1645.174986743143,151.8547165406095,21081.994169054567,17076.41527693421,10800.0,10800.0,6
2025-10-08,M1,33573.83501569782,0.0,3601.903905341662,37175.73892103948,37175.73892103948,0.0,3165.4892908742363,1485.9367464332308,8512.559102231402,45688.29802327089,55829.969765158734,58995.45905603297,107.37750361170527,0.0,21105.418992325693,17209.89636013786,10800.0,10672.770026273281,15
2025-10-09,M1,35732.024733019694,0.0,2061.602577393468,37793.62731041316,37793.62731041316,0.0,1302.3484008749463,1330.4790145473876,7574.337272438086,45367.964582851244,59577.882608749605,60880.23100962455,682.7134601549408,1637.259564603909,21427.452699377434,17296.697383297673,10672.770026273281,10738.924807604446,10
2025-10-10,M1,15310.089249448965,0.0,1875.625519515217,17185.71476896418,17185.71476896418,0.0,1439.365046112961,258.1886981599302,1033.0322921043403,18218.74706106852,30157.37278594859,31596.737832061553,84.87423353395093,18334.703357864142,21248.78919173903,17157.051169582308,10738.924807604446,10799.444891744793,4
2025-10-11,M1,16118.923080127774,0.0,422.89093504969753,16541.814015177475,16541.814015177475,0.0,339.6846243572301,258.643211003386,1169.189682166709,17711.003697344186,31496.872500178495,31836.557124535728,326.595813864036,13585.95858333333,21451.751355677534,17375.419000669117,10799.444891744793,10800.0,5
2025-10-12,M1,37264.046993972035,0.0,2105.374043875402,39369.42103784744,39369.42103784744,0.0,1334.7268437888172,268.99911128866705,1743.9179851558865,41113.339023003326,61370.87250018255,62705.59934397137,544.2156187801093,0.0,20858.39735509405,16942.97050194745,10800.0,10747.03483964304,4
2025-10-13,M1,39024.66742967808,0.0,340.4134422651872,39365.080871943275,39365.080871943275,0.0,199.9527959307685,54.104315423987096,264.7981350684,39629.879007011674,64032.6874093185,64232.64020524927,1699.6979960550789,1355.4973833333333,21876.23787875574,17672.084037470886,10747.03483964304,10800.0,2
2025-10-14,M1,39448.903604730294,0.0,491.02556358009736,39939.929168310395,39939.929168310395,0.0,254.13428749325743,1105.2481779423617,5632.365638892562,45572.294807202954,64691.26553610848,64945.39982360174,999.2402919351388,171.75921255870878,21609.57480903648,17503.755595319548,10800.0,10800.0,7
2025-10-15,M1,39622.70540494862,0.0,789.7967331088942,40412.50213805752,40412.50213805752,0.0,411.73314293356464,514.6794773465324,2913.109949420845,43325.61208747837,65431.10357929596,65842.83672222952,376.59591242654784,0.0,21581.062253000244,17520.165615850732,10800.0,10756.105343421623,10
2025-10-16,M1,39764.19707282437,0.0,2796.080982743518,42560.278055567884,42560.278055567884,0.0,1697.941474682056,664.5535900981099,3882.544759066593,46442.82281463448,65385.63149180903,67083.57296649108,532.1940208751195,13.458247095399884,22086.821829990236,17850.82049137156,10756.105343421623,10800.0,12
2025-10-17,M1,16626.042293862087,0.0,0.0,16626.042293862087,16626.042293862087,0.0,0.0,143.91730234607624,672.5045164530355,17298.54681031512,32309.28313921939,32309.28313921939,379.7704022058329,12093.424835967158,21246.27676500191,17270.4708782761,10800.0,10732.237001528276,2
2025-10-18,M1,16598.483210559705,0.0,327.2763092893503,16925.75951984906,16925.75951984906,0.0,272.82600454530336,0.0,0.0,16925.75951984906,32331.405256413447,32604.23126095875,102.10627827267075,12329.313149228774,21329.322312470602,17233.10374567996,10732.237001528276,10780.734031996308,0
2025-10-19,M1,40558.999959511944,0.0,2282.8587129023767,42841.85867241431,42841.85867241431,0.0,1242.1965148313193,883.2796526632933,5145.27943333022,47987.13810574453,66832.04143231716,68074.23794714847,868.6060640363205,0.0,22117.689473221624,17914.50047077951,10780.734031996308,10781.654034807429,11
2025-10-20,M1,42165.094361855736,0.0,0.0,42165.094361855736,42165.094361855736,0.0,0.0,969.7177389860226,5202.383076620076,47367.47743847581,68984.20889592808,68984.20889592808,1446.1698497036552,0.0,21791.792334413512,17724.81791586973,10781.654034807429,10700.025007035449,12
2025-10-21,M1,42082.47989028701,0.0,1350.2525165141537,43432.73240680117,43432.73240680117,0.0,1386.2000381320574,461.260063489533,2603.5475170813647,46036.27992388254,69233.26962122427,70619.46965935633,404.81313885162075,0.0,22354.50664158158,18141.17140758734,10700.025007035449,10662.223864917385,11
2025-10-22,M1,42063.88338312529,0.0,869.0405914678585,42932.92397459315,42932.92397459315,0.0,664.4114420453083,1045.4982025340619,5954.420793141321,48887.34476773447,68950.90944521312,69615.32088725845,887.2002803753143,0.0,22311.89265696382,18093.170547546637,10662.223864917385,10639.404425577444,11
2025-10-23,M1,44814.31710230123,0.0,230.69469999007066,45045.01180229131,45045.01180229131,0.0,122.21864308204249,155.57963615402593,1085.3235418104848,46130.33534410179,73396.09219088494,73518.31083396699,4730.904864900971,1438.1449099956794,21613.24291203051,17487.89925013949,10639.404425577444,10660.323879583259,1
2025-10-24,M1,16829.449040370517,0.0,532.1669215025108,17361.615961873027,17361.615961873027,0.0,457.2820956916003,446.45236975043736,2431.602524807768,19793.218486680795,32690.26275177043,33147.54484746203,102.97701794132013,10930.700566666665,21492.58081993053,17352.31190399271,10660.323879583259,10723.300057528835,7
2025-10-25,M1,16440.38050389571,0.0,655.7870478766289,17096.16755177234,17096.16755177234,0.0,558.9581144167269,542.2811032878872,2663.375626027375,19759.543177799715,32166.488790509167,32725.44690492589,78.61054090413222,9791.300334133148,21195.627173363566,17196.242773520404,10723.300057528835,10692.428098533383,6
2025-10-26,M1,43290.0865266511,0.0,480.7182418217035,43770.80476847281,43770.80476847281,0.0,261.31414154420906,145.81639764351286,853.4158863531502,44624.22065482596,70799.2263169688,71060.54045851299,1408.703295381929,1051.317598040866,21768.78385480475,17566.759908737702,10692.428098533383,10765.711447038,7
2025-10-27,M1,41960.41196717418,0.0,2451.0654282656974,44411.47739543988,44411.47739543988,0.0,2246.5840389684563,374.67210541100684,2370.840753945501,46782.31814938538,68453.38892900794,70699.97296797638,2274.778645206799,1194.5564833333328,21855.017693083904,17802.289414903305,10765.711447038,10654.905798698732,8
2025-10-28,M1,42735.279541129734,0.0,1652.4020418643217,44387.68158299405,44387.68158299405,0.0,1786.0338781918917,208.4792042047991,1189.5349143898395,45577.216497383895,69497.36797960148,71283.40185779336,1177.3978232839008,0.0,22306.715525611995,17964.653986897723,10654.905798698732,10770.223119640948,6
2025-10-29,M1,44128.60174235665,0.0,1920.6215309500096,46049.22327330665,46049.22327330665,0.0,1781.2114659613844,710.1529047051499,3759.8194948631026,49809.04276816975,71815.6057630498,73596.81722901118,604.235874812127,0.0,23180.86917194918,18790.39171304497,10770.223119640948,10754.792359900806,11
2025-10-30,M1,43311.789381566436,0.0,552.7377821149831,43864.527163681414,43864.527163681414,0.0,376.05942366533407,138.26806076761858,723.5768179456169,44588.10398162703,70351.79163348199,70727.85105714733,871.7596579476707,1024.9846944880157,22154.149345831473,17972.592230352202,10754.792359900806,10723.979848535571,6
2025-10-31,M1,17727.78822535227,0.0,242.55412924715907,17970.34235459943,17970.34235459943,0.0,184.91828391132293,73.86369575858235,420.33306310414054,18390.67541770357,33915.89934830964,34100.81763222096,235.7000744911204,5928.435665833664,21487.81413116247,17381.560610174365,10723.979848535571,10750.16744416584,3
2025-11-01,M1,17769.212662766426,0.0,228.6400440647237,17997.852706831152,17997.852706831152,0.0,210.3690910696341,0.0,0.0,17997.852706831152,34081.11381572569,34291.48290679532,538.5650413587941,7119.2909708787865,21288.10084722982,17198.512386005415,10750.16744416584,10800.0,0
2025-11-02,M1,44703.82572401347,0.0,1622.8010799623746,46326.62680397585,46326.62680397585,0.0,1924.13170159104,693.2372417713407,4047.6277286646146,50374.254532640465,72692.9975058077,74617.12920739874,2078.13758932038,0.0,23523.734237551842,19087.88931103547,10800.0,10762.594912646136,7
2025-11-03,M1,46162.91015810359,0.0,392.5388112414618,46555.448969345045,46555.448969345045,0.0,203.16166510957316,0.0,0.0,46555.448969345045,75102.08317121225,75305.24483632183,1189.7419374848512,277.46066627066557,22628.670371655273,18295.5584224223,10762.594912646136,10800.0,0
2025-11-04,M1,44735.54336025029,0.0,1042.083454579653,45777.62681482994,45777.62681482994,0.0,828.0027864444348,561.5864690354422,3628.5625452311883,49406.18936006113,72867.52552275066,73695.52830919508,1737.2547239636403,675.6220391027728,22651.57535516825,18387.40937333747,10800.0,10755.96296038757,6
2025-11-05,M1,46239.23683434603,0.0,453.24266248355934,46692.47949682959,46692.47949682959,0.0,259.4177745203541,402.7675511579545,1959.274638841785,48651.75413567138,75176.42999039024,75435.84776491059,1498.7982928334652,278.8011899940086,23474.130612026,19091.134845451583,10755.96296038757,10670.308460709215,7
2025-11-06,M1,45036.108204595934,0.0,2246.1058323955504,47282.2140369915,47282.2140369915,0.0,2060.645765290101,1452.2931633641986,7290.398297088559,54572.612334080055,73285.56154128935,75346.20730657945,1078.3865820274423,0.0,22990.72043897985,18640.191101063632,10670.308460709215,10650.63341016483,16
2025-11-07,M1,18373.90574898352,0.0,150.19484163627214,18524.1005906198,18524.1005906198,0.0,86.00508321630227,197.62581450781957,1084.2577221224278,19608.358312742228,35078.20230626305,35164.20738947934,591.0619161511281,7227.335758641975,21529.177973732014,17304.204227871287,10650.63341016483,10800.0,3
2025-11-08,M1,18192.853743002415,0.0,0.0,18192.853743002415,18192.853743002415,0.0,0.0,0.0,0.0,18192.853743002415,34983.8747054346,34983.8747054346,482.80829884321423,6704.508162856186,21080.795493343187,17075.444349607984,10800.0,10800.0,0
2025-11-09,M1,46457.16393625938,0.0,1934.6780896422526,48391.84202590164,48391.84202590164,0.0,1146.8557757425356,128.02479933121072,651.3309504569497,49043.17297635859,75224.0467483984,76370.90252414093,802.1222139844302,0.0,23208.5106846576,18858.52275850321,10800.0,10733.74544007716,5
2025-11-10,M1,46827.283433957295,0.0,3003.730386806958,49831.01382076427,49831.01382076427,0.0,2547.2858951307917,574.8297610098639,3302.295793030952,53133.309613795216,75976.0549939189,78523.3408890497,677.7147212016963,0.0,23711.679989947894,19149.66716109004,10733.74544007716,10796.849474263552,9
2025-11-11,M1,47615.08705303164,0.0,532.2060171425695,48147.29307017422,48147.29307017422,0.0,310.4788613076182,78.00998925257491,356.77124740859915,48504.06431758282,76727.56296858532,77038.04182989293,1291.011813781541,0.0,23263.39064290115,18997.37030420384,10796.849474263552,10625.71182598144,4
2025-11-12,M1,47196.12970404761,0.0,1663.5057072259242,48859.635411273535,48859.635411273535,0.0,1433.8638602655533,219.1109043439171,1449.0900370626596,50308.7254483362,76342.05459429097,77775.91845455652,2378.0486854661503,115.77059941978473,23473.559573638377,18928.33724962386,10625.71182598144,10720.429609340577,3
2025-11-13,M1,46696.87624687703,0.0,2243.6852650075716,48940.561511884596,48940.561511884596,0.0,1767.2841588297656,240.16335735208338,1670.7714384881338,50611.33295037273,75183.27860036437,76950.56275919414,249.92152921936008,97.20015090844322,23037.402289419995,18589.669169668243,10720.429609340577,10798.903703520537,2
2025-11-14,M1,18079.76280407619,0.0,732.8312279443878,18812.594032020574,18812.594032020574,0.0,606.4448472429663,166.97516352287406,924.5563220525207,19737.150354073096,34493.416785109446,35099.86163235242,206.39716625933158,3434.376152627772,21268.836685479553,17241.228508491367,10798.903703520537,10783.936155461734,5
2025-11-15,M1,18050.041763182347,0.0,771.1966284215124,18821.23839160386,18821.23839160386,0.0,686.2047242134613,325.4894509509269,1660.9305646391065,20482.168956242967,34594.785773399766,35280.990497613224,326.3676214088652,2972.6799366255163,21638.123666025516,17542.578192162408,10783.936155461734,10766.493908037579,6
2025-11-16,M1,48311.509667592196,0.0,3000.2386497633033,51311.74831735553,51311.74831735553,0.0,2355.839128644924,22.333570352780452,136.5251155665469,51448.27343292208,77648.21169638702,80004.05082503194,1111.6080719071294,0.0,23954.64368250207,19474.411742357803,10766.493908037579,10687.437953002993,1
2025-11-17,M1,48371.91211306223,0.0,2012.7674475221493,50384.67956058439,50384.67956058439,0.0,2064.4365540391336,0.0,0.0,50384.67956058439,77659.13125337468,79723.56780741381,2402.9393946962723,155.7228666666665,23291.05290703237,18821.901694314816,10687.437953002993,10736.161464537883,0
2025-11-18,M1,48185.16524623817,0.0,2538.6168380917848,50723.78208432995,50723.78208432995,0.0,2020.681268870345,70.96645025672929,329.1311361974234,51052.91322052737,77475.48964959793,79496.17091846827,261.1614411725898,0.0,23670.853049771562,19255.428955552477,10736.161464537883,10645.008147607312,4
2025-11-19,M1,48217.4702994411,0.0,4306.426639145033,52523.89693858614,52523.89693858614,0.0,3982.797680826936,290.64376018568123,1698.5938572582268,54222.490795844365,77548.90023063897,81531.69791146592,1861.1859299707119,55.38367520410861,23796.04386792284,19258.58340144606,10645.008147607312,10663.021627131138,8
2025-11-20,M1,48787.829488623735,0.0,1825.7973909576326,50613.62687958137,50613.62687958137,0.0,1458.315799443836,213.03553348240564,1206.5010244403188,51820.12790402168,78339.72581850234,79798.04161794618,678.9778754930537,0.0,23717.246955442155,19178.22371283996,10663.021627131138,10699.40642831801,6
2025-11-21,M1,18588.67257604071,0.0,1363.2776036323014,19951.95017967301,19951.95017967301,0.0,1186.6594207710461,0.0,0.0,19951.95017967301,35331.583519886575,36518.24294065763,520.184744314726,3038.5684478163566,21076.691933400452,16981.58625154058,10699.40642831801,10800.0,0
2025-11-22,M1,18687.182810831422,0.0,712.8691144750311,19400.051925306456,19400.051925306456,0.0,626.4106778567293,127.24644759000421,682.7788948923674,20082.830820198822,35688.760551611536,36315.171229468266,275.78525111717335,1930.709175147897,21451.46804280716,17435.374275347298,10800.0,10733.683154807224,5
2025-11-23,M1,49626.06935688199,0.0,2053.6956850860565,51679.76504196804,51679.76504196804,0.0,1751.5447394877326,197.7043434954029,1127.0032704023115,52806.768312370354,79411.35575478745,81162.90049427518,1531.5370980266885,0.0,23880.454188089865,19283.48273167929,10733.683154807224,10800.0,5
2025-11-24,M1,48845.54880445598,0.0,903.9450119856007,49749.49381644158,49749.49381644158,0.0,600.1948443511731,308.67327229139744,1958.6264116003035,51708.12022804188,78339.7327406507,78939.92758500187,756.4908863093286,94.8864000000001,23214.786122798367,18979.506251814426,10800.0,10604.967230724724,7
2025-11-25,M1,51223.86899863862,0.0,57.17001069774961,51281.039009336375,51281.039009336375,0.0,30.34260048178203,123.01221687405393,729.1990322647774,52010.23804160115,81850.91296645881,81881.25556694058,1095.9752589402224,100.00658333333354,23852.650395919132,19213.024921044704,10604.967230724724,10724.547119224497,3
2025-11-26,M1,50636.069433074204,0.0,1365.861047484103,52001.930480558316,52001.930480558316,0.0,1163.9316748694898,32.99316666666664,154.53999266666654,52156.47047322498,80950.44906551208,82114.38074038157,709.5279691031565,0.0,24275.112957441044,19594.93390282929,10724.547119224497,10800.0,1
2025-11-27,M1,50321.23145972879,0.0,2329.0108444994366,52650.24230422823,52650.24230422823,0.0,1822.066294176262,56.18642644010072,391.95651084614263,53042.19881507437,80209.12297447177,82031.18926864801,1870.8005527761827,77.08986666666658,22939.960749010246,18581.368206698306,10800.0,10800.0,1
2025-11-28,M1,18906.865459349174,0.0,581.8355433293648,19488.701002678536,19488.701002678536,0.0,535.88455928732,145.21543925916637,816.1511889616745,20304.85219164021,35876.880951981584,36412.7655112689,302.4014258881547,1239.450278269103,21662.43481693739,17567.544120566577,10800.0,10776.697867947452,3
2025-11-29,M1,19685.573726465933,0.0,1012.8879773762297,20698.46170384216,20698.46170384216,0.0,1103.3972387607319,48.705143440762996,257.0032372772371,20955.464941119397,37553.337952692294,38656.73519145303,156.96255330243383,0.0,19927.368535732356,16308.340854140995,10776.697867947452,10590.950823283243,4
2025-11-30,M1,52301.6958556558,0.0,2445.2461500566274,54746.94200571243,54746.94200571243,0.0,1947.8773147444858,84.98203652658367,578.9386728094472,55325.88067852188,83421.78550281152,85369.662817556,337.18320410024205,0.0,25124.573845574767,20251.94031225909,10590.950823283243,10700.911381790438,2
2025-12-01,M1,53213.802820430465,0.0,9575.873055479933,62789.6758759104,62789.6758759104,0.0,7454.83895734644,1739.8394985358082,8485.07812329827,71274.75399920867,84660.77751139022,92115.61646873667,2695.575551244902,0.0,25114.594348976992,20253.641666282758,10700.911381790438,10800.0,12
2025-12-02,M1,55475.83996911245,0.0,8286.62709749664,63762.4670666091,63762.4670666091,0.0,6397.427323644722,1088.323300345686,5386.412850735441,69148.87991734454,87739.33354255676,94136.76086620148,1772.232781518181,0.0,25342.32334225784,20527.28190722885,10800.0,10800.0,7
2025-12-03,M1,57830.80805559699,0.0,4938.168071281742,62768.9761268787,62768.9761268787,0.0,4334.106765821316,19.607955587667448,114.53987256535939,62883.515999444055,90424.28014432306,94758.38691014439,3038.450126315763,0.0,24088.400909208525,19511.604736458907,10800.0,10800.0,1
2025-12-04,M1,59713.697558947526,0.0,2876.0521077646117,62589.74966671215,62589.74966671215,0.0,2055.71779009707,442.94872414315853,2233.60747646695,64823.357143179106,93049.17977184316,95104.89756194023,4127.146912883612,0.0,24471.00327999895,19821.512656799154,10800.0,10800.0,5
2025-12-05,M1,23269.545617452597,0.0,2304.1977865867866,25573.743404039385,25573.743404039385,0.0,2594.729094003542,469.3622597361183,2372.537869840524,27946.28127387991,44110.25806370935,46704.987157712894,1850.4886532929447,27.67507041884437,20971.35794949421,16986.799939090317,10800.0,10800.0,5
2025-12-06,M1,23967.016521176567,0.0,3292.360474316222,27259.37699549278,27259.37699549278,0.0,3640.6415409670863,2.295096870914083,10.980890978888432,27270.35788647167,45565.711989214265,49206.353530181346,1556.2815447951264,0.0,20988.085608370933,17000.349342780457,10800.0,10800.0,1
2025-12-07,M1,62549.88166112129,0.0,10.973657003590795,62560.85531812489,62560.85531812489,0.0,6.297470375938019,24.548135287347577,143.39793228104085,62704.253250405935,96996.79444554143,97003.09191591735,4835.806451630748,0.0,23890.275524073517,19351.12317449956,10800.0,10800.0,1
2025-12-08,M1,65286.951614069665,0.0,0.0,65286.951614069665,65286.951614069665,0.0,0.0,0.0,0.0,65286.951614069665,101085.6005909951,101085.6005909951,8884.649122578612,0.0,22914.422903946448,18560.68255219662,10800.0,10800.0,0
2025-12-09,M1,63832.69300316759,0.0,0.0,63832.69300316759,63832.69300316759,0.0,0.0,79.69273598829386,463.3827661749348,64296.075769342526,99156.16844462884,99156.16844462884,7280.325567543095,0.0,24037.270244249383,19470.188897842007,10800.0,10800.0,3
2025-12-10,M1,60266.846875505245,0.0,910.348834795542,61177.195710300795,61177.195710300795,0.0,976.3537236696793,65.67779356867895,267.8132382913786,61445.00894859217,94492.65638896449,95469.01011263418,2367.063480047287,0.0,25157.926102573132,20377.920143084237,10800.0,10800.0,2
2025-12-11,M1,60546.01622255879,0.0,0.0,60546.01622255879,60546.01622255879,0.0,0.0,30.460328193416814,177.59142190722156,60723.607644466014,94819.22347088609,94819.22347088609,4251.743192956444,0.0,24403.610032226712,19766.924126103644,10800.0,10800.0,2
2025-12-12,M1,24467.156280000603,0.0,1546.9230620067776,26014.07934200738,26014.07934200738,0.0,2002.1823021022278,0.0,0.0,26014.07934200738,46957.8584603434,48960.04076244563,839.7508927801032,404.35454120920554,21060.641290120962,17059.119444997974,10800.0,10800.0,0
2025-12-13,M1,24604.171478572724,0.0,1208.3309395977246,25812.502418170465,25812.502418170465,0.0,1381.4338920531513,0.0,0.0,25812.502418170465,47495.7623154373,48877.196207490444,980.9669033559674,0.0,21566.820635795557,17469.12471499441,10800.0,10800.0,0
2025-12-14,M1,58023.44998183128,0.0,3054.226548438744,61077.67653027002,61077.67653027002,0.0,2636.631401823928,539.9021551596538,2640.6282874467624,63718.30481771679,91377.13284501262,94013.76424683652,932.3276537282734,0.0,25487.457622462767,20644.84067419485,10800.0,10800.0,4
2025-12-15,M1,59588.07044880939,0.0,1820.8757876676427,61408.94623647703,61408.94623647703,0.0,1477.591089295666,228.65408679913185,1264.900719347334,62673.84695582437,93760.5509013328,95238.14199062846,1260.6537032149045,0.0,25005.8907695878,20269.306362041774,10800.0,10783.850179249279,3
2025-12-16,M1,60295.526053316724,0.0,730.8625894318246,61026.38864274855,61026.38864274855,0.0,604.2860660276881,162.8637609507671,802.6616879181079,61829.05033066666,94424.10976274987,95028.39582877756,1144.774787739846,0.0,25022.00133056841,20393.607861913268,10783.850179249279,10644.087085746109,9
2025-12-17,M1,59184.1991157099,0.0,558.9701411384599,59743.16925684834,59743.16925684834,0.0,321.89537865595344,355.17673432010406,2232.0413972576976,61975.21065410604,93425.91459510432,93747.80997376026,1073.6172832508335,0.0,25124.95723785721,20287.434879694338,10644.087085746109,10714.954289046113,7
2025-12-18,M1,58007.900470530265,0.0,2165.5123639359913,60173.412834466224,60173.412834466224,0.0,1593.8912378002506,244.321942464435,1328.9050172620878,61502.31785172831,91325.6448759539,92919.53611375415,1012.8540690992387,0.0,25426.321239720324,20641.58421926764,10714.954289046113,10663.549827830362,8
2025-12-19,M1,23672.189694373443,0.0,1654.2145239259587,25326.40421829942,25326.40421829942,0.0,1974.9960024848556,353.93899584902636,2009.7678002786245,27336.172018578043,45734.19572499958,47709.19172748444,310.6262373393819,881.6171502255985,21232.09052370457,17269.594487936083,10663.549827830362,10583.992979235498,5
2025-12-20,M1,24365.43039723264,0.0,98.68932524153024,24464.119722474174,24464.119722474174,0.0,78.1723898554601,189.66727820958081,1004.6900477500376,25468.809770224212,47107.19613821154,47185.368528067,191.95871444023885,199.45128465394816,21730.38950569601,17603.11594851361,10583.992979235498,10582.32581379123,6
2025-12-21,M1,59185.43509653221,0.0,1838.5397812634947,61023.97487779572,61023.97487779572,0.0,1580.2993401482079,271.8467054389209,1621.3647020100495,62645.33957980577,93159.572252856,94739.87159300421,972.1321694597516,0.0,25449.977120548494,20448.172858231777,10582.32581379123,10767.113157582899,4
2025-12-22,M1,58752.016669462,0.0,1608.1386868118402,60360.155356273855,60360.155356273855,0.0,1171.317714135085,481.18226726836883,2929.5821369519745,63289.73749322583,92496.38988573595,93667.70759987104,469.10888311479414,0.0,25126.526123153177,20384.172222461893,10767.113157582899,10731.906421240874,10
2025-12-23,M1,59181.59381016014,0.0,479.6571488998029,59661.250959059944,59661.250959059944,0.0,249.50147524955196,112.29450197639342,726.9443889245083,60388.19534798445,93031.45471915693,93280.95619440649,1481.2757311673577,0.0,24834.803885788366,20180.921453906176,10731.906421240874,10659.983858554655,2
2025-12-24,M1,58106.72384978054,0.0,2074.4433583498585,60181.16720813038,60181.16720813038,0.0,1266.7583153404548,359.7253291708153,2433.9555109848066,62615.122719115185,91722.43045468596,92989.18877002642,668.1666752944066,0.0,25224.422936410956,20398.234829174784,10659.983858554655,10697.259135574759,5
2025-12-25,M1,57218.84504623773,0.0,2388.9997100386627,59607.84475627639,59607.84475627639,0.0,2088.820593704227,553.2325680778764,3303.9369034637175,62911.78165974011,90348.48987679469,92437.31047049892,319.734952815444,0.0,25589.397736044393,20731.03818361637,10697.259135574759,10693.230227329857,9
2025-12-26,M1,23494.911101332906,0.0,2256.0793374867526,25750.99043881966,25750.99043881966,0.0,1960.831868508551,0.0,0.0,25750.99043881966,45346.05316418664,47306.88503269519,266.0483931773992,0.0,20973.680910416777,16940.46670423232,10693.230227329857,10746.802264224601,0
2025-12-27,M1,23812.85682442283,0.0,1192.5859298052956,25005.442754228123,25005.442754228123,0.0,1111.584526114763,155.41247882253825,950.0364830421762,25955.479237270298,46236.26182022936,47347.84634634412,185.8896149714068,0.0,21209.00085376302,17230.440710234427,10746.802264224601,10689.96891012862,1
2025-12-28,M1,58879.147610258435,0.0,965.6031709075227,59844.750781165945,59844.750781165945,0.0,608.5659467013212,267.65691582696627,1439.5120083444708,61284.262789510416,92610.44660119613,93219.01254789747,1958.2595652161622,0.0,24457.23778644621,19738.082637937943,10689.96891012862,10770.279986888061,10
2025-12-29,M1,58317.81823826627,0.0,996.9792435426144,59314.79748180889,59314.79748180889,0.0,1009.9728327008438,250.9960005708158,1490.023823863655,60804.82130567254,92077.68457268161,93087.65740538246,1229.7971438528143,0.0,24735.465775006247,20150.37577957246,10770.279986888061,10642.89276264651,9
2025-12-30,M1,57439.907383445396,0.0,1435.1726530761473,58875.080036521555,58875.080036521555,0.0,1104.3269214660295,858.2023237353892,4562.731015732647,63437.811052254205,90909.62521106948,92013.9521325355,1887.036196464739,0.0,24824.72915174048,20064.013491934325,10642.89276264651,10691.80067484148,10
2025-12-31,M1,57356.92888132997,0.0,2690.392609590676,60047.32149092065,60047.32149092065,0.0,1945.0229483875457,953.4804892049449,5216.7065347581665,65264.02802567882,90806.15893668769,92751.18188507523,376.60994952709734,0.0,25207.93821434577,20526.308722926024,10691.80067484148,10571.935375612642,13
2025-02-01,M2,24224.1211224329,0.0,0.0,24224.1211224329,24224.1211224329,0.0,0.0,0.0,0.0,24224.1211224329,46456.83107904244,46456.83107904244,4748.368021470654,3844.409568535072,18346.72397738623,14860.846421682847,10800.0,10800.0,0
2025-02-02,M2,58823.1925087446,0.0,0.0,58823.1925087446,58823.1925087446,0.0,0.0,0.0,0.0,58823.1925087446,92966.92056551663,92966.92056551663,10493.101207396794,59.174066666666704,21359.82811291146,17301.46077145828,10800.0,10800.0,0
2025-02-03,M2,58320.33908974024,0.0,0.0,58320.33908974024,58320.33908974024,0.0,0.0,0.0,0.0,58320.33908974024,92501.81310939214,92501.81310939214,8114.6350965258025,0.0,21948.744804559687,17778.48329169335,10800.0,10800.0,0
2025-02-04,M2,57959.42944159108,0.0,0.0,57959.42944159108,57959.42944159108,0.0,0.0,0.0,0.0,57959.42944159108,92010.26011090136,92010.26011090136,6376.724148573472,0.0,23361.431643831078,18922.759631503177,10800.0,10800.0,0
2025-02-05,M2,54434.74421340912,0.0,1164.4175232448652,55599.16173665397,55599.16173665397,0.0,1007.9027285292509,60.00208777686453,418.574564331407,56017.73630098538,87225.81860779895,88233.72133632819,2937.42681506926,0.0,24251.94539843411,19644.075772731634,10800.0,10800.0,1
2025-02-06,M2,55914.02178143549,0.0,233.1196749135456,56147.14145634901,56147.14145634901,0.0,157.2671887076416,44.81866087895696,256.6685291372366,56403.809985486245,89080.05154215812,89237.31873086578,4568.046176041105,0.0,23384.389468615635,18941.35546957867,10800.0,10800.0,3
2025-02-07,M2,21259.00040120988,0.0,0.0,21259.00040120988,21259.00040120988,0.0,0.0,55.90787849594728,262.44244666032466,21521.442847870203,41420.569132376244,41420.569132376244,1942.0223632856582,3963.3940038872297,19952.273933758646,16186.89295672601,10800.0,10771.609921798325,3
2025-02-08,M2,18586.93432880698,0.0,1276.9315220616406,19863.865850868624,19863.865850868624,0.0,1058.8999859360185,35.63718921298562,217.85013765898105,20081.715988527605,36384.85602889732,37443.756014833336,384.1861736894891,1428.2083561767238,21390.973090168125,17301.137132654683,10771.609921798325,10800.0,1
2025-02-09,M2,51559.66547096985,0.0,2987.759770344981,54547.42524131482,54547.42524131482,0.0,2692.543163203122,0.0,0.0,54547.42524131482,82936.15681233254,85628.69997553565,1417.355333427229,0.0,24504.887765483014,19848.959090041244,10800.0,10800.0,0
2025-02-10,M2,53121.16548987763,0.0,531.7109129366776,53652.87640281431,53652.87640281431,0.0,382.9669695643505,16.78596909925227,76.36776641704822,53729.24416923136,84996.33788472865,85379.304854293,6660.826589673852,328.1247000000001,21476.326054658253,17395.824104273182,10800.0,10800.0,1
2025-02-11,M2,52299.529769094006,0.0,369.17422878466175,52668.703997878656,52668.703997878656,0.0,254.55900184214522,3.4045392276287885,15.946861742213246,52684.650859620866,83898.66134628167,84153.22034812382,4411.93321376221,148.03829999999994,23031.874948715285,18655.81870845938,10800.0,10800.0,1
2025-02-12,M2,53174.63407582343,0.0,0.0,53174.63407582343,53174.63407582343,0.0,0.0,0.0,0.0,53174.63407582343,85035.2646905233,85035.2646905233,5405.363733144796,163.38428333333331,22104.108109009696,17904.327568297856,10800.0,10800.0,0
2025-02-13,M2,53131.23782200252,0.0,235.6776676683175,53366.91548967082,53366.91548967082,0.0,170.94660324282688,0.0,0.0,53366.91548967082,84896.10037677817,85067.046980021,9470.519293786465,558.6377833333336,19517.952032813344,15809.541146578813,10800.0,10800.0,0
2025-02-14,M2,20136.49731869168,0.0,384.71076460830847,20521.20808329999,20521.20808329999,0.0,297.98543184914047,0.0,0.0,20521.20808329999,38459.186792076514,38757.172223925656,2045.4356606910292,3104.3350010860145,20029.472344641825,16223.872599159877,10800.0,10800.0,0
2025-02-15,M2,19948.37717208116,0.0,140.86900622327622,20089.246178304427,20089.246178304427,0.0,104.90067889256473,0.0,0.0,20089.246178304427,38027.88392420802,38132.78460310058,1475.77183921786,3513.946466167513,20331.448409027427,16468.473211312215,10800.0,10800.0,0
2025-02-16,M2,53378.76587898476,0.0,0.0,53378.76587898476,53378.76587898476,0.0,0.0,5.853526262086007,26.63061772936029,53405.39649671412,85367.57260039827,85367.57260039827,5760.434286432465,90.55683333333332,21816.083720497743,17671.02781360317,10800.0,10800.0,1
2025-02-17,M2,52950.33513368548,0.0,13.346549663647084,52963.68168334913,52963.68168334913,0.0,12.328806672806877,0.0,0.0,52963.68168334913,85070.78430352657,85083.1131101994,9309.172042611732,948.4422833333333,19166.50325046136,15524.867632873702,10800.0,10800.0,0
2025-02-18,M2,50131.61639278765,0.0,710.4316094744574,50842.04800226208,50842.04800226208,0.0,616.793077676278,11.44755606869137,52.08065633451139,50894.12865859659,80661.57302233527,81278.36610001155,4926.048862047331,241.45472736625413,21215.38043859647,17184.458155263135,10800.0,10800.0,1
2025-02-19,M2,49684.27761082352,0.0,1428.3758993205784,51112.6535101441,51112.6535101441,0.0,1285.4252206000126,32.803151852486735,143.87674927004406,51256.53025941414,80068.97926251448,81354.40448311449,4113.205027620791,0.0,23129.869600067632,18735.194376054784,10800.0,10800.0,2
2025-02-20,M2,50752.68417019884,0.0,43.59092571800329,50796.27509591685,50796.27509591685,0.0,36.219927868984655,17.859093531072745,83.65199409954472,50879.92709001639,81751.97299817769,81788.19292604667,6398.320071849516,463.5324920946058,20795.082748948913,16844.01702664862,10800.0,10800.0,1
2025-02-21,M2,19820.825927918006,0.0,68.55399273707945,19889.379920655087,19889.379920655087,0.0,52.967967279834355,0.0,0.0,19889.379920655087,37854.61440241648,37907.582369696305,2409.243713449988,6228.481226599037,19524.1862963892,15814.590900075249,10800.0,10800.0,0
2025-02-22,M2,19811.80988580044,0.0,121.36861561771167,19933.17850141815,19933.17850141815,0.0,92.74215363113387,0.0,0.0,19933.17850141815,37774.761558883474,37867.503712514605,2112.9640709010137,4136.657016674415,19858.524955820263,16085.405214214417,10800.0,10800.0,0
2025-02-23,M2,50507.68030899159,0.0,316.8445612248275,50824.52487021641,50824.52487021641,0.0,277.3441070200972,0.0,0.0,50824.52487021641,81469.38712092032,81746.73122794041,5731.726094936963,417.62383333333355,21397.513770193676,17331.986153856873,10800.0,10800.0,0
2025-02-24,M2,48846.11899882979,0.0,0.0,48846.11899882979,48846.11899882979,0.0,0.0,29.69991432704046,133.22755856878473,48979.346557398574,79049.20539961089,79049.20539961089,5896.15034902378,1032.062757226182,20777.15047905945,16829.49188803816,10800.0,10800.0,2
2025-02-25,M2,48669.4374789828,0.0,106.34486185703508,48775.78234083983,48775.78234083983,0.0,79.60379411914175,18.809064263669484,82.3742969427405,48858.15663778257,78986.34008662094,79065.94388074009,7868.22525682817,1545.8397333333332,20259.81432373121,16410.449602222285,10800.0,10800.0,1
2025-02-26,M2,45942.5145031292,0.0,1431.101353331851,47373.61585646104,47373.61585646104,0.0,1580.050662368827,0.0,0.0,47373.61585646104,74781.49879460546,76361.54945697429,2971.0039762947818,427.2599626735862,21833.881498276773,17685.44401360418,10800.0,10800.0,0
2025-02-27,M2,45955.887796561576,0.0,260.74268882159265,46216.63048538317,46216.63048538317,0.0,249.52824204111465,830.609888095,4016.1412911190832,50232.77177650225,74895.97793963659,75145.50618167772,4273.391152924396,506.56359999999825,22313.563772885896,18073.98665603758,10800.0,10800.0,6
2025-02-28,M2,18910.052560929416,0.0,25.956882413049946,18936.009443342467,18936.009443342467,0.0,16.57755672433018,0.0,0.0,18936.009443342467,36404.131967836554,36420.709524560894,2220.384825923128,7017.2675200386975,20476.124361047732,16585.66073244867,10800.0,10800.0,0
2025-03-01,M2,19061.389560662137,0.0,0.0,19061.389560662137,19061.389560662137,0.0,0.0,0.0,0.0,19061.389560662137,36667.127201658455,36667.127201658455,2334.844692000399,7032.226581966024,19164.684180835287,15523.394186476582,10800.0,10800.0,0
2025-03-02,M2,47556.09356659056,0.0,3028.2149074171775,50584.308474007725,50584.308474007725,0.0,1874.393209552567,0.0,0.0,50584.308474007725,77725.83395991375,79600.22716946632,2964.990922318446,0.0,22510.15358148003,18233.22440099882,10800.0,10800.0,0
2025-03-03,M2,49481.61834875679,0.0,570.253465727772,50051.87181448456,50051.87181448456,0.0,315.6218170051653,0.0,0.0,50051.87181448456,80177.36305041873,80492.98486742389,3886.026067795056,296.4895999999999,22596.434559450074,18303.11199315456,10800.0,10800.0,0
2025-03-04,M2,48302.452758661035,0.0,264.35814307980337,48566.81090174084,48566.81090174084,0.0,305.7671973243507,0.0,0.0,48566.81090174084,78249.21403263515,78554.98122995949,4581.464926726882,703.1196279496521,21425.993378682295,17355.05463673266,10800.0,10800.0,0
2025-03-05,M2,47574.78701326326,0.0,33.53347739954585,47608.3204906628,47608.3204906628,0.0,23.40437043699069,8.102566609409337,51.6893351125119,47660.00982577531,77628.25167661054,77651.65604704752,7015.820685922801,625.9976666666664,20460.3591810569,16572.890936656084,10800.0,10800.0,2
2025-03-06,M2,44713.51271611489,0.0,988.22452367726,45701.737239792164,45701.737239792164,0.0,650.024787736016,0.0,0.0,45701.737239792164,73243.9682980692,73893.99308580522,3067.5519865759525,803.271483333333,21486.923592434796,17404.40810987219,10800.0,10800.0,0
2025-03-07,M2,17924.052435522048,0.0,0.0,17924.052435522048,17924.052435522048,0.0,0.0,0.0,0.0,17924.052435522048,34681.19053041834,34681.19053041834,1691.4429405228452,8379.27578980974,19411.506667118003,15723.320400365588,10800.0,10800.0,0
2025-03-08,M2,16895.08392667799,0.0,858.2745492728563,17753.358475950845,17753.358475950845,0.0,704.4335514739735,0.0,0.0,17753.358475950845,32727.894734224683,33432.32828569866,1454.9563553194944,8982.29603245456,20694.40200662074,16762.465625362805,10800.0,10800.0,0
2025-03-09,M2,44433.06675124581,0.0,593.4574429206566,45026.52419416646,45026.52419416646,0.0,428.5246386947259,0.0,0.0,45026.52419416646,73047.6425403909,73476.16717908562,4932.1368375540505,1175.2672829300682,21238.094782113163,17202.856773511667,10800.0,10800.0,0
2025-03-10,M2,43134.05649787425,0.0,2844.207469186757,45978.26396706101,45978.26396706101,0.0,2771.919313845815,0.0,0.0,45978.26396706101,71128.21243381825,73900.13174766407,1677.9670210657923,0.0,22000.49092946459,17820.397652866315,10800.0,10800.0,0
2025-03-11,M2,42922.786706520346,0.0,2494.9380147804964,45417.724721300816,45417.724721300816,0.0,2811.750704925585,0.0,0.0,45417.724721300816,70557.93458313259,73369.68528805819,4660.81001050307,851.4393000000003,20623.77461871115,16705.25744115604,10800.0,10800.0,0
2025-03-12,M2,44350.65061057271,0.0,218.0164769392927,44568.66708751202,44568.66708751202,0.0,145.82664734066213,0.0,0.0,44568.66708751202,72927.48703927359,73073.31368661426,5213.148653288112,1533.1465166666665,20481.49385961129,16590.010026285145,10800.0,10800.0,0
2025-03-13,M2,43882.95526026879,0.0,2221.9516097333853,46104.90687000218,46104.90687000218,0.0,2436.6366335743414,0.0,0.0,46104.90687000218,72117.90747569581,74554.54410927015,2802.409293942398,0.0,22139.562098216305,17933.04529955521,10800.0,10800.0,0
2025-03-14,M2,17616.62378489831,0.0,69.29916214960457,17685.922947047915,17685.922947047915,0.0,56.698980248369026,0.0,0.0,17685.922947047915,33830.264246146944,33886.96322639532,2281.726928146616,11773.019197524962,20014.690091528453,16211.898974138046,10800.0,10800.0,0
2025-03-15,M2,17426.56244536917,0.0,242.21286774099607,17668.775313110164,17668.775313110164,0.0,187.74977368273773,0.0,0.0,17668.775313110164,33529.60429994039,33717.35407362312,1786.4614686126204,7084.452391850755,20643.763490314428,16721.448427154683,10800.0,10800.0,0
2025-03-16,M2,43910.837942509694,0.0,1896.8033731531496,45807.64131566286,45807.64131566286,0.0,1935.5768716908092,1.6400000000001,7.461180000000455,45815.10249566286,72155.43953639382,74091.01640808463,6635.0585646843665,241.80664930397234,20340.75926717353,16476.015006410562,10800.0,10800.0,1
2025-03-17,M2,43613.407831027944,0.0,381.90964147755244,43995.31747250551,43995.31747250551,0.0,293.0577223973006,0.0,0.0,43995.31747250551,71859.7296322878,72152.7873546851,8490.672268093862,2179.262674556343,19077.47883527141,15452.757856569846,10800.0,10800.0,0
2025-03-18,M2,43136.27764778966,0.0,80.24783675829092,43216.52548454795,43216.52548454795,0.0,67.30646453963209,86.62817262766504,426.72872693706336,43643.254211485015,71153.97312109012,71221.27958562976,5052.658486944696,1105.2257166666675,21179.290463049485,17155.225275070086,10800.0,10800.0,2
2025-03-19,M2,40368.058554710035,0.0,1626.6670591902634,41994.7256139003,41994.7256139003,0.0,1794.3448665527196,340.74591971292773,1660.074449779168,43654.80006367947,66400.92681611466,68195.27168266737,4141.589903966972,907.4328029002014,21165.918134279673,17144.39368876654,10800.0,10800.0,3
2025-03-20,M2,41922.155732164596,0.0,791.0522500941789,42713.207982258755,42713.207982258755,0.0,620.9697349244856,0.0,0.0,42713.207982258755,69216.49526476441,69837.4649996889,3175.942621968757,403.4530949262071,21311.091926985642,17261.98446085837,10800.0,10800.0,0
2025-03-21,M2,16556.905301456147,0.0,469.06068683565,17025.965988291802,17025.965988291802,0.0,353.2672652752606,0.0,0.0,17025.965988291802,32017.446379943663,32370.713645218922,2085.758133339963,14297.671738731797,20809.575034107875,16855.755777627382,10800.0,10800.0,0
2025-03-22,M2,16959.331427907728,0.0,81.01082955711716,17040.342257464843,17040.342257464843,0.0,56.284037270517075,0.0,0.0,17040.342257464843,32799.496352951785,32855.7803902223,2277.4418298447326,10889.629222081594,20039.52423664549,16232.014631682847,10800.0,10800.0,0
2025-03-23,M2,41882.46028738088,0.0,611.0840530346927,42493.544340415574,42493.544340415574,0.0,593.5241186876406,0.0,0.0,42493.544340415574,69314.50883563262,69908.03295432024,5099.531102105355,2116.1150166666666,20645.614309902958,16722.9475910214,10800.0,10800.0,0
2025-03-24,M2,40017.918772821664,0.0,1073.4444248387908,41091.36319766042,41091.36319766042,0.0,815.8914347800365,0.0,0.0,41091.36319766042,66671.6671161803,67487.55855096033,3459.7371254326868,2018.3274401513254,21110.510010752583,17099.513108709594,10800.0,10800.0,0
2025-03-25,M2,41217.72616829903,0.0,497.6821304872677,41715.40829878631,41715.40829878631,0.0,356.30880043648455,0.0,0.0,41715.40829878631,68528.67434396301,68884.98314439948,2550.956257225683,1322.3802425044182,21376.431200014347,17314.909272011624,10800.0,10800.0,0
2025-03-26,M2,39680.29507019125,0.0,845.5603274115861,40525.85539760283,40525.85539760283,0.0,811.7486594888813,0.0,0.0,40525.85539760283,65803.5540114004,66615.30267088927,5024.20525864101,2104.1419394776094,20496.845295284205,16602.444689180207,10800.0,10800.0,0
2025-03-27,M2,40332.62048786827,0.0,759.8856093567858,41092.50609722504,41092.50609722504,0.0,625.8582944506489,0.0,0.0,41092.50609722504,66675.55962939726,67301.41792384793,3598.5474693408933,1140.6047765395517,20238.296199828845,16393.01992186137,10800.0,10800.0,0
2025-03-28,M2,16351.194649526175,0.0,148.9653769134725,16500.160026439644,16500.160026439644,0.0,106.30380007724574,0.0,0.0,16500.160026439644,31987.25249328672,32093.556293363963,2038.7996558691361,15409.106298817758,20125.1030105811,16301.333438570691,10800.0,10800.0,0
2025-03-29,M2,16194.326688470162,0.0,260.0314935477445,16454.35818201791,16454.35818201791,0.0,196.90207240371393,0.0,0.0,16454.35818201791,31846.23847122288,32043.1405436266,1549.8693879389923,18993.2033823977,19962.4136313504,16169.555041393829,10800.0,10800.0,0
2025-03-30,M2,38785.20640273185,0.0,228.92829206791768,39014.13469479977,39014.13469479977,0.0,156.79607275033175,0.0,0.0,39014.13469479977,64406.732671996986,64563.52874474731,3320.06237539222,2048.2803433474733,20260.875400040128,16411.309074032506,10800.0,10800.0,0
2025-03-31,M2,36798.22675400717,0.0,3621.490021721855,40419.71677572901,40419.71677572901,0.0,4624.238031118887,0.0,0.0,40419.71677572901,60816.87131939432,65441.1093505132,3417.6264947970167,1287.8790666666673,19916.917398506303,16132.703092790112,10800.0,10800.0,0
2025-04-01,M2,39999.37298251945,0.0,2461.1885292454936,42460.561511764965,42460.561511764965,0.0,2525.325148875978,0.0,0.0,42460.561511764965,66966.14006933731,69491.46521821328,4260.647162374716,1322.9585666666667,19468.463013185516,15769.45504068027,10800.0,10800.0,0
2025-04-02,M2,39503.57163913309,0.0,3004.5633242451854,42508.13496337831,42508.13496337831,0.0,3008.207876819197,284.69145814074153,1415.3896651684227,43923.52462854673,66063.20486794967,69071.41274476887,4283.992484244858,646.5523989235048,21001.178524953968,17010.95460521271,10800.0,10800.0,3
2025-04-03,M2,40214.8745358105,0.0,194.49411307423378,40409.36864888474,40409.36864888474,0.0,136.41583596274052,0.0,0.0,40409.36864888474,66978.61500569253,67115.03084165526,4851.8093470140975,2554.859666666667,20235.955585830714,16391.124024522884,10800.0,10800.0,0
2025-04-04,M2,15630.124737361833,0.0,43.42955527189356,15673.554292633726,15673.554292633726,0.0,33.30011952026729,0.0,0.0,15673.554292633726,31060.748501059268,31094.048620579535,1914.1015606582869,18916.51241361013,20171.749454269066,16339.117057957945,10800.0,10800.0,0
2025-04-05,M2,15486.671176991646,0.0,385.1063325945256,15871.77750958617,15871.77750958617,0.0,252.22631853775678,0.0,0.0,15871.77750958617,30914.76498793642,31166.99130647418,1362.42314179492,13936.367909346085,20126.764589472892,16302.679317473052,10800.0,10800.0,0
2025-04-06,M2,38307.005479833315,0.0,337.12871369760984,38644.134193530925,38644.134193530925,0.0,278.61348386155976,0.0,0.0,38644.134193530925,64338.001986888834,64616.61547075039,3594.7513629803543,2719.5476499999995,20485.474690017774,16593.234498914397,10800.0,10800.0,0
2025-04-07,M2,36794.37010951336,0.0,1643.0047803251782,38437.37488983856,38437.37488983856,0.0,1933.4286839214574,0.0,0.0,38437.37488983856,61454.31028468461,63387.73896860606,4482.263193154006,1939.6644269547335,19595.221395599972,15872.129330435979,10800.0,10800.0,0
2025-04-08,M2,37997.894245852425,0.0,336.53924318657727,38334.433489039,38334.433489039,0.0,177.20873650974414,104.15124999999911,513.4415774999956,38847.875066538996,63610.069367741155,63787.2781042509,3925.2099927002355,1625.4307690569024,20987.34197803738,16999.74700221028,10800.0,10800.0,4
2025-04-09,M2,37524.76425623901,0.0,1942.3140230841038,39467.07827932311,39467.07827932311,0.0,2586.8779443529875,0.0,0.0,39467.07827932311,62830.11387229264,65416.991816645634,2008.0373032542839,244.6557195849423,21210.461984946014,17180.47420780627,10800.0,10800.0,0
2025-04-10,M2,38092.860736191404,0.0,1534.7077204685897,39627.56845665999,39627.56845665999,0.0,1932.5125839045538,0.0,0.0,39627.56845665999,63621.696131802964,65554.20871570751,4937.653973590486,2308.0854333333327,20251.744256756356,16403.91284797265,10800.0,10800.0,0
2025-04-11,M2,14956.280824937201,0.0,354.02247504499735,15310.303299982193,15310.303299982193,0.0,271.50499825526083,0.0,0.0,15310.303299982193,30033.570172876505,30305.075171131764,1555.0363576041493,19548.794312456484,20445.23333897088,16560.63900456641,10800.0,10800.0,0
2025-04-12,M2,15198.7306540096,0.0,114.33977286077172,15313.07042687037,15313.07042687037,0.0,62.34787767095901,0.0,0.0,15313.07042687037,30422.677199025587,30485.025076696547,1708.8221209732944,16039.236855751951,19535.818684059475,15824.013134088174,10800.0,10800.0,0
2025-04-13,M2,36495.576223197306,0.0,479.19784059727317,36974.77406379458,36974.77406379458,0.0,276.723494248164,0.0,0.0,36974.77406379458,61279.13113215138,61555.85462639955,2730.7694850238295,732.2939018986915,20086.488190229993,16270.055434086295,10800.0,10800.0,0
2025-04-14,M2,36647.600783346126,0.0,322.506408639508,36970.10719198562,36970.10719198562,0.0,225.18816187064954,0.0,0.0,36970.10719198562,61582.549784254246,61807.7379461249,3436.6233978278688,2054.7379186651083,19938.656998062757,16150.312168430835,10800.0,10800.0,0
2025-04-15,M2,35925.93116197949,0.0,449.1375138691772,36375.06867584867,36375.06867584867,0.0,603.8445592158193,0.0,0.0,36375.06867584867,60015.42577460536,60619.27033382117,4238.85211694126,2681.7111166666664,18733.04350989432,15173.7652430144,10800.0,10800.0,0
2025-04-16,M2,36487.8692173537,0.0,1715.577506674987,38203.446724028676,38203.446724028676,0.0,2045.2377752690627,0.0,0.0,38203.446724028676,61445.39232565454,63490.6301009236,2322.891584498053,1656.724058872201,19639.06582922819,15907.643321674836,10800.0,10800.0,0
2025-04-17,M2,35727.624519485646,0.0,1756.2693181315024,37483.89383761713,37483.89383761713,0.0,2473.137905872416,0.0,0.0,37483.89383761713,59465.58203874108,61938.71994461349,3384.329024972695,1926.8860951603017,19785.065655160524,16025.903180680023,10800.0,10800.0,0
2025-04-18,M2,14549.72258501497,0.0,258.32111759337033,14808.04370260834,14808.04370260834,0.0,202.90822488936254,0.0,0.0,14808.04370260834,29450.11646210857,29653.02468699793,2008.6845069068925,17462.54222267721,20145.688284634183,16318.007510553689,10800.0,10800.0,0
2025-04-19,M2,14430.340457092308,0.0,327.32510694191666,14757.665564034225,14757.665564034225,0.0,250.8746725738431,0.0,0.0,14757.665564034225,29284.844842037586,29535.719514611428,1954.904575236074,16969.812397682635,20138.543640487966,16312.220348795247,10800.0,10800.0,0
2025-04-20,M2,35620.102510124474,0.0,785.6492225915114,36405.75173271599,36405.75173271599,0.0,854.1759001155086,0.0,0.0,36405.75173271599,59781.18754228805,60635.363442403555,3028.1714296049554,1909.6355511905294,19683.21883302495,15943.407254750211,10800.0,10800.0,0
2025-04-21,M2,36143.87730375394,0.0,254.04057233310573,36397.917876087056,36397.917876087056,0.0,179.25495039492978,0.0,0.0,36397.917876087056,61080.7462899971,61260.00124039203,4481.833403732706,4780.552166666666,18319.501508733327,14838.796222073997,10800.0,10800.0,0
2025-04-22,M2,34187.69133254441,0.0,2722.5757787487028,36910.26711129311,36910.26711129311,0.0,3490.0681562064365,0.0,0.0,36910.26711129311,56963.35270672072,60453.420862927145,2576.3564612698588,2005.785196475053,19570.262571134634,15851.912682619059,10800.0,10800.0,0
2025-04-23,M2,34508.97070090044,0.0,2032.0541170453466,36541.02481794578,36541.02481794578,0.0,2573.249157992632,0.0,0.0,36541.02481794578,57950.330472477865,60523.57963047051,3461.306994934966,2032.3340166666667,19105.378432643185,15475.356530440982,10800.0,10800.0,0
2025-04-24,M2,34631.69822544143,0.0,290.5226028845643,34922.220828326,34922.220828326,0.0,221.00927989776443,0.0,0.0,34922.220828326,58044.20340677106,58265.212686668834,3031.064166577159,4612.546824999672,18586.815763642135,15055.320768550133,10800.0,10800.0,0
2025-04-25,M2,13767.394654704049,0.0,0.0,13767.394654704049,13767.394654704049,0.0,0.0,0.0,0.0,13767.394654704049,28390.5561444993,28390.5561444993,1199.3055256771581,21368.43003960803,20118.22594323218,16295.763014018063,10800.0,10800.0,0
2025-04-26,M2,13619.33693078901,0.0,186.97742035136534,13806.314351140376,13806.314351140376,0.0,137.7173204631564,0.0,0.0,13806.314351140376,28188.471012927752,28326.18833339091,719.2509503865194,23671.7977288146,20341.821162402426,16476.87514154597,10800.0,10800.0,0
2025-04-27,M2,32491.279884642303,0.0,2370.886375891816,34862.166260534126,34862.166260534126,0.0,2240.0205833821865,0.0,0.0,34862.166260534126,54386.0598806358,56626.08046401799,1899.8058812927247,2285.7740976939735,20352.785798410303,16485.75649671234,10800.0,10800.0,0
2025-04-28,M2,34831.60655325172,0.0,2881.6262512295975,37713.232804481304,37713.232804481304,0.0,3360.3367356566014,0.0,0.0,37713.232804481304,58755.358802152434,62115.69553780904,1777.6507599963657,0.0,19558.302427084258,15842.224965938243,10800.0,10800.0,0
2025-04-29,M2,34593.543611416455,0.0,544.2658599550084,35137.80947137146,35137.80947137146,0.0,409.56816857005515,0.0,0.0,35137.80947137146,58251.81029171171,58661.37846028176,3417.206972960762,4399.810942798355,17953.40435713673,14542.257529280749,10800.0,10800.0,0
2025-04-30,M2,33575.32901031049,0.0,55.69218774011711,33631.02119805061,33631.02119805061,0.0,42.137999824643884,0.0,0.0,33631.02119805061,56200.21546042319,56242.35346024783,2989.8271108825957,1520.1076662568312,18292.443419868847,14816.879170093769,10800.0,10800.0,0
2025-05-01,M2,32992.6458070224,0.0,1395.6925769369489,34388.338383959344,34388.338383959344,0.0,804.0606410458048,1150.9920827675933,7386.010630579996,41774.349014539344,54872.58801710158,55676.64865814739,627.9779142806892,2002.821815969256,19557.39536964283,16371.93315897779,10800.0,10210.61898936989,8
2025-05-02,M2,13903.28057491749,0.0,1920.703570737188,15823.984145654675,15823.984145654675,0.0,1119.4193360710044,901.8913307116957,5526.606302995371,21350.590448650044,28610.50978242182,29729.929118492822,26.373508290986138,12076.516363435723,21077.39237642535,16838.781882280873,10210.61898936989,10470.514481173954,7
2025-05-03,M2,14448.889570346579,0.0,76.13997003528685,14525.029540381867,14525.029540381867,0.0,52.7404365368526,1154.6226948460471,6604.334522576921,21129.36406295879,29442.296721128638,29495.037157665487,89.36379889348666,17599.965576029965,20565.917008249722,16472.758180661636,10470.514481173954,10676.775143419109,8
2025-05-04,M2,38858.751693155245,0.0,0.0,38858.751693155245,38858.751693155245,0.0,0.0,568.6370831158569,3431.1341176024634,42289.88581075771,65273.38149434818,65273.38149434818,6660.046522270612,4211.69744547325,17111.599353227317,13875.99207684048,10676.775143419109,10659.445587056494,8
2025-05-05,M2,38210.89807203071,0.0,20.718719416801296,38231.61679144751,38231.61679144751,0.0,10.723142311311904,355.4654004993398,2396.0130283802155,40627.62981982772,63941.994283714535,63952.71742602585,3843.7263750693132,1401.9135027526477,20494.129734314352,16507.593585611132,10659.445587056494,10762.391697260377,3
2025-05-06,M2,37076.93870702062,0.0,524.6732706917763,37601.6119777124,37601.6119777124,0.0,760.6350926007568,270.53182299978795,1691.6533084887317,39293.26528620113,61664.59994683928,62425.235039440035,3227.6377605336193,3064.4503424867253,19702.637263822828,16169.040871070016,10762.391697260377,10529.16426684535,6
2025-05-07,M2,37483.52823040782,0.0,623.1587011639353,38106.686931571756,38106.686931571756,0.0,597.2244651365208,450.74417764410254,3092.717139406308,41199.40407097807,62610.12100033994,63207.345465476465,2091.804201684353,2569.9618499999997,19745.427115123777,15816.949473687564,10529.16426684535,10725.660366359461,3
2025-05-08,M2,41032.57527869566,0.0,0.0,41032.57527869566,41032.57527869566,0.0,0.0,35.999250000000075,243.22893262500048,41275.80421132066,67588.86782343223,67588.86782343223,5992.956229885175,2167.8709833333323,18792.74626282761,15155.218802613885,10725.660366359461,10800.0,1
2025-05-09,M2,17278.10489325828,0.0,0.0,17278.10489325828,17278.10489325828,0.0,0.0,0.0,0.0,17278.10489325828,32690.944122636763,32690.944122636763,2682.3074703549164,17823.997531316818,19396.069847184368,15710.816576219344,10800.0,10800.0,0
2025-05-10,M2,17076.710833813187,0.0,0.0,17076.710833813187,17076.710833813187,0.0,0.0,0.0,0.0,17076.710833813187,32411.704604651914,32411.704604651914,2246.7426280905293,14362.613960498375,19375.277540682535,15693.974807952858,10800.0,10800.0,0
2025-05-11,M2,39376.36117279657,0.0,314.5314027650389,39690.8925755616,39690.8925755616,0.0,272.9827096056155,41.18071666666674,277.36103945833383,39968.25361501993,65382.9157272485,65655.89843685413,3819.907303927597,2865.036566666666,18568.716839964225,15040.660640371027,10800.0,10800.0,2
2025-05-12,M2,37986.52238459548,0.0,1654.444076390085,39640.96646098556,39640.96646098556,0.0,1934.137048003974,0.0,0.0,39640.96646098556,62999.00187279293,64933.138920796904,6588.834333379069,3310.6339666666663,16328.817828514962,13226.34244109712,10800.0,10800.0,0
2025-05-13,M2,38353.45155308761,0.0,83.72496295289581,38437.1765160405,38437.1765160405,0.0,78.13082410390015,0.0,0.0,38437.1765160405,63854.27306943557,63932.40389353947,4430.222621135161,2877.2823166666667,18398.348363531462,14902.662174460485,10800.0,10800.0,0
2025-05-14,M2,37634.336777285745,0.0,1290.5694247184583,38924.9062020042,38924.9062020042,0.0,1704.124425195096,0.0,0.0,38924.9062020042,62168.298837580034,63872.42326277513,4666.669743116754,2787.751558058908,17915.016727716487,14511.16354945035,10800.0,10800.0,0
2025-05-15,M2,38321.81132608229,0.0,1124.3638110090008,39446.17513709129,39446.17513709129,0.0,1515.9237922800232,0.0,0.0,39446.17513709129,62210.278839552935,63726.20263183295,5226.297210547468,2325.3720666666654,17944.60563834469,14535.1305670592,10800.0,10800.0,0
2025-05-16,M2,16537.431148298292,0.0,64.43100099420388,16601.862149292494,16601.862149292494,0.0,50.861167375406836,0.0,0.0,16601.862149292494,31179.59228078971,31230.453448165117,2287.0447991821134,22573.3519596739,19234.47450513563,15579.924349159859,10800.0,10800.0,0
2025-05-17,M2,16645.518208955848,0.0,69.80081315060367,16715.319022106454,16715.319022106454,0.0,52.72480923205876,0.0,0.0,16715.319022106454,31397.325100815353,31450.04991004742,1750.5646081123978,15457.381205355003,19964.763227614152,16171.458214367469,10800.0,10800.0,0
2025-05-18,M2,38375.60256567506,0.0,450.49746408491535,38826.10002975998,38826.10002975998,0.0,313.43521082376697,2.275731050968261,15.348668073255435,38841.448697833235,63259.186618266256,63572.62182909003,4569.611569247176,1913.8742499999998,17974.966531020167,14559.722890126337,10800.0,10800.0,1
2025-05-19,M2,37001.198574233924,0.0,83.64310983376132,37084.84168406768,37084.84168406768,0.0,63.30541748242874,67.00333333333344,451.9039816666674,37536.74566573435,61113.967365083314,61177.27278256574,5173.604902561917,5277.126766666667,17254.357350897364,13976.02945422687,10800.0,10800.0,1
2025-05-20,M2,36152.4964182949,0.0,858.9717357942013,37011.4681540891,37011.4681540891,0.0,1213.2990833770875,0.0,0.0,37011.4681540891,59548.61916407454,60761.918247451635,1883.1996332311244,828.091691563787,18543.32687363187,15020.094767641816,10800.0,10800.0,0
2025-05-21,M2,36186.030198209286,0.0,1536.6763813235539,37722.70657953284,37722.70657953284,0.0,1796.2602589985725,0.0,0.0,37722.70657953284,59257.527902434704,61053.78816143327,2752.2548461525203,3672.021969310323,17194.18980335319,13927.29374071609,10800.0,10800.0,0
2025-05-22,M2,35952.355756399884,0.0,177.7010035309497,36130.056759930834,36130.056759930834,0.0,124.81501591105211,2.57000000000005,17.333365000000338,36147.39012493083,58802.918108051366,58927.73312396242,2775.174207010443,1936.8970648479117,17903.163344407378,14501.562308969975,10800.0,10800.0,1
2025-05-23,M2,15610.950129566858,0.0,338.81344872810786,15949.763578294966,15949.763578294966,0.0,245.35628189206642,0.0,0.0,15949.763578294966,29912.085140613635,30157.441422505704,2185.6130085100185,17660.01283132896,20478.245785965228,16587.379086631838,10800.0,10800.0,0
2025-05-24,M2,16069.84166814668,0.0,108.01953190619233,16177.861200052874,16177.861200052874,0.0,79.59927967471873,0.0,0.0,16177.861200052874,30541.178543950977,30620.7778236257,2438.9041080868633,20666.533570039326,19793.88822192726,16033.049459761081,10800.0,10800.0,0
2025-05-25,M2,36109.63606120181,0.0,310.59597007044556,36420.23203127226,36420.23203127226,0.0,208.80394692660826,0.0,0.0,36420.23203127226,59628.83669848595,59837.64064541256,4221.286090693946,3806.779541056695,17181.920159624176,13917.355329295586,10800.0,10800.0,0
2025-05-26,M2,35001.794412606556,0.0,2814.588614283959,37816.383026890515,37816.383026890515,0.0,3830.5732532082693,0.0,0.0,37816.383026890515,57116.688910556884,60947.26216376515,2750.737003913835,34.920779330747564,18851.428581687203,15269.657151166633,10800.0,10800.0,0
2025-05-27,M2,35780.64068882691,0.0,1834.5654920420247,37615.20618086895,37615.20618086895,0.0,2358.355326738989,0.0,0.0,37615.20618086895,58442.009612048365,60800.364938787345,4837.916529907233,3267.6562999999996,17391.70952042167,14087.284711541553,10800.0,10800.0,0
2025-05-28,M2,36424.17451284757,0.0,553.1340165812643,36977.30852942883,36977.30852942883,0.0,407.38094991174626,0.0,0.0,36977.30852942883,60121.0757168804,60528.45666679214,2748.2668152479637,2014.0859958443914,18380.419766841027,14888.140011141233,10800.0,10800.0,0
2025-05-29,M2,36041.746844751586,0.0,2392.7899230464654,38434.536767798054,38434.536767798054,0.0,2908.471580029972,17.817433333333497,119.77769558333443,38554.314463381386,59603.42086400281,62511.89244403278,2243.7421620809555,2545.5705498145107,19106.70350247716,15476.429837006506,10800.0,10800.0,1
2025-05-30,M2,15623.549583929154,0.0,321.2645046611206,15944.814088590274,15944.814088590274,0.0,178.60955422229173,0.0,0.0,15944.814088590274,30029.450259059828,30208.05981328212,1853.7895933548411,17932.143137252693,20136.283242146965,16310.389426139045,10800.0,10800.0,0
2025-05-31,M2,15989.09923111979,0.0,167.49660275859196,16156.595833878378,16156.595833878378,0.0,122.93235742434726,0.0,0.0,16156.595833878378,30514.775190085704,30637.70754751005,2591.418565459441,15760.351036845448,20509.244185290325,16612.487790085164,10800.0,10800.0,0
2025-06-01,M2,39699.42743666482,0.0,9299.50150043403,48998.92893709885,48998.92893709885,0.0,7194.588700841924,1118.35693376802,7113.172078023819,56112.101015122666,66529.55486579542,73724.14356663734,351.2526629109132,0.0,20314.310010963527,17047.88847346907,10800.0,10140.780706012645,14
2025-06-02,M2,43886.00122632149,0.0,5511.957008866747,49397.958235188235,49397.958235188235,0.0,3130.6223098550226,661.4383530533548,4211.796761925542,53609.75499711378,72929.2944599262,76059.91676978122,3713.6089097265876,99.32638333333352,21974.617056584902,17707.004676810255,10140.780706012645,10243.486416038779,9
2025-06-03,M2,49377.169789833104,0.0,1440.104806388182,50817.27459622129,50817.27459622129,0.0,1239.9796959257944,73.33708856294834,494.3930488573295,51311.66764507862,79683.77480623194,80923.75450215774,6884.5356551773475,1661.2869499999995,20230.337204411553,15971.435052201545,10243.486416038779,10704.750953118579,3
2025-06-04,M2,52029.311563396936,0.0,461.81625684523897,52491.12782024216,52491.12782024216,0.0,315.32682056559054,61.68668810365364,419.7420466231789,52910.86986686534,83616.01728672178,83931.34410728737,10302.14792049826,511.2754833333331,18150.64438262888,14616.297807736115,10704.750953118579,10800.0,3
2025-06-05,M2,50592.76274194933,0.0,479.4443299284072,51072.20707187775,51072.20707187775,0.0,388.0536927454728,130.80530465162553,882.5738257129564,51954.7808975907,81209.4466061315,81597.50029887696,5987.232759756428,712.9432999999999,20414.79751108162,16535.985983976116,10800.0,10800.0,4
2025-06-06,M2,20051.210483329407,0.0,2393.568914428898,22444.77939775831,22444.77939775831,0.0,1285.6646090125544,468.76208326051125,3144.1485245158606,25588.92792227417,36495.622075586936,37781.28668459949,90.40830869950014,3806.9380017999383,19830.679372487335,16332.972315126772,10800.0,10499.864418431076,3
2025-06-07,M2,22072.646923505577,0.0,262.06398423994483,22334.71090774552,22334.71090774552,0.0,139.52189971780058,236.55805022979297,1650.2289584030357,23984.939866148557,40402.83563341526,40542.357533133065,445.87036800717055,5777.138350038248,17002.04208736683,13572.648388716054,10499.864418431076,10720.9818651545,1
2025-06-08,M2,59097.48894020878,0.0,0.0,59097.48894020878,59097.48894020878,0.0,0.0,0.0,0.0,59097.48894020878,92391.75821894238,92391.75821894238,22331.354191892024,2229.5379764219815,13551.718224214563,10905.775440252844,10720.9818651545,10800.0,0
2025-06-09,M2,55542.79419770508,0.0,0.0,55542.79419770508,55542.79419770508,0.0,0.0,0.0,0.0,55542.79419770508,87765.36732693893,87765.36732693893,12280.795522442628,1049.4811333333332,18433.568093840247,14931.190156010605,10800.0,10800.0,0
2025-06-10,M2,52827.6110702907,0.0,0.0,52827.6110702907,52827.6110702907,0.0,0.0,0.0,0.0,52827.6110702907,83928.80417945373,83928.80417945373,8263.320902784459,337.92801666666617,19521.63698246985,15812.525955800575,10800.0,10800.0,0
2025-06-11,M2,53301.04919764156,0.0,192.17008264727247,53493.21928028883,53493.21928028883,0.0,190.88027759675214,0.0,0.0,53493.21928028883,84748.11867727837,84938.99895487513,4492.8418910883665,0.0,22956.372353263734,18594.66160614363,10800.0,10800.0,0
2025-06-12,M2,53968.665292304795,0.0,0.0,53968.665292304795,53968.665292304795,0.0,0.0,0.0,0.0,53968.665292304795,85515.86552780816,85515.86552780816,8929.647855203852,358.2286666666665,19871.566171601673,16095.968598997355,10800.0,10800.0,0
2025-06-13,M2,21956.310542423616,0.0,0.0,21956.310542423616,21956.310542423616,0.0,0.0,0.0,0.0,21956.310542423616,38691.07667218374,38691.07667218374,2003.3300515456062,4531.200581675656,20059.117573486765,16247.885234524281,10800.0,10800.0,0
2025-06-14,M2,21890.912029515697,0.0,0.0,21890.912029515697,21890.912029515697,0.0,0.0,0.0,0.0,21890.912029515697,38938.577400757014,38938.577400757014,1087.2141152626589,8078.797639070261,18838.015244337344,15258.792347913251,10800.0,10800.0,0
2025-06-15,M2,52282.9681835896,0.0,0.0,52282.9681835896,52282.9681835896,0.0,0.0,0.0,0.0,52282.9681835896,83300.56848954043,83300.56848954043,8843.691709611841,0.0,20157.381297869815,16327.478851274554,10800.0,10800.0,0
2025-06-16,M2,52235.50079952957,0.0,27.30762147420839,52262.80842100377,52262.80842100377,0.0,14.176790984746049,0.0,0.0,52262.80842100377,83495.38327139223,83509.56006237699,6691.417244907725,0.0,21705.736846329448,17581.646845526855,10800.0,10800.0,0
2025-06-17,M2,50667.86501741406,0.0,2314.7390323650793,52982.604049779125,52982.604049779125,0.0,2077.253984836275,41.52149619026659,281.0364574634776,53263.640507242606,81475.78656660616,83553.04055144242,4722.381554977178,0.0,22290.364610467645,18055.19533447879,10800.0,10800.0,2
2025-06-18,M2,52251.4373601939,0.0,1017.3661832438893,53268.80354343778,53268.80354343778,0.0,1078.8473087211405,13.079347514420078,88.16788159470575,53356.97142503249,83711.23624837259,84790.08355709373,10198.575870616845,55.22366666666653,19057.749828024476,15436.77736069983,10800.0,10800.0,1
2025-06-19,M2,50676.27681841991,0.0,1349.4659488200095,52025.74276723994,52025.74276723994,0.0,1096.1274267541983,65.57031056043934,441.64814446529016,52467.39091170523,80946.38879090676,82042.51621766096,8976.441974869129,1128.3446166666663,19704.188087819002,15960.39235113339,10800.0,10800.0,2
2025-06-20,M2,21964.964585517173,0.0,122.64912540158389,22087.613710918755,22087.613710918755,0.0,90.02866297159301,0.0,0.0,22087.613710918755,37892.789101726186,37982.81776469778,3562.8763025000558,8307.835371305371,19534.343373117656,15822.818132225297,10800.0,10800.0,0
2025-06-21,M2,21867.38245461338,0.0,252.1898901132505,22119.57234472663,22119.57234472663,0.0,179.65904099520867,0.0,0.0,22119.57234472663,38050.960589082766,38230.619630077985,4440.68706897307,10618.235000808807,20194.511369979504,16357.554209683396,10800.0,10800.0,0
2025-06-22,M2,47181.1018745791,0.0,1937.4872590118239,49118.58913359092,49118.58913359092,0.0,1558.6906238665808,0.0,0.0,49118.58913359092,76442.34517402475,78001.03579789132,6213.133241115961,458.8342666666665,20377.511526887938,16505.78433677923,10800.0,10800.0,0
2025-06-23,M2,47441.17629431173,0.0,293.68522824946547,47734.86152256122,47734.86152256122,0.0,220.1704438906172,0.0,0.0,47734.86152256122,76299.1282425669,76519.29868645754,4959.64414585711,451.8766666666668,21297.325652282947,17250.833778349188,10800.0,10800.0,0
2025-06-24,M2,48599.44307090318,0.0,2874.5325710309467,51473.97564193412,51473.97564193412,0.0,2364.907040373938,1804.220178933262,8648.807533721265,60122.783175655386,78568.21565558205,80933.122695956,2075.01024318461,0.0,23123.89674581398,18730.35636410932,10800.0,10800.0,8
2025-06-25,M2,49355.60930536671,0.0,1462.2255313846667,50817.83483675138,50817.83483675138,0.0,1318.8936518620708,0.357906274627112,2.418193744518082,50820.2530304959,79383.75064346206,80702.64429532413,6286.317323034271,67.59015,20587.754536304354,16676.08117440653,10800.0,10800.0,1
2025-06-26,M2,48517.306187117385,0.0,1049.0430523302234,49566.34923944763,49566.34923944763,0.0,1180.6875100922357,37.540316024025174,253.26780335741032,49819.61704280504,77787.7287080457,78968.41621813795,7313.811258213802,288.6968341563795,20295.076886623476,16439.01227816502,10800.0,10800.0,2
2025-06-27,M2,20509.964351404527,0.0,157.32213282247437,20667.28648422701,20667.28648422701,0.0,111.82345987892825,0.0,0.0,20667.28648422701,36205.33064059462,36317.15410047355,2956.1291100593853,9721.957176529662,20354.85235377807,16487.430406560237,10800.0,10800.0,0
2025-06-28,M2,20409.532015536388,0.0,247.35072796422352,20656.8827435006,20656.8827435006,0.0,181.28114414320112,0.0,0.0,20656.8827435006,36433.328256934255,36614.60940107746,2745.4949728789097,8253.638137425463,20202.895653191674,16364.345479085254,10800.0,10800.0,0
2025-06-29,M2,46327.1127838862,0.0,2175.771446994022,48502.884230880256,48502.884230880256,0.0,2170.9356469481436,0.0,0.0,48502.884230880256,75311.18531116238,77482.12095811052,4151.647015981106,0.0,21382.66004629522,17319.954637499133,10800.0,10800.0,0
2025-06-30,M2,48641.94196466314,0.0,361.31876482896945,49003.260729492096,49003.260729492096,0.0,254.14826169157044,53.946855471780964,363.4059265595536,49366.66665605165,78342.03033287433,78596.17859456589,4695.393568193989,47.66660000000002,21207.26999215981,17177.888693649445,10800.0,10800.0,2
2025-07-01,M2,47760.60226702559,0.0,14434.810106421166,62195.41237344676,62195.41237344676,0.0,11472.180397765582,160.94870732724405,1048.69209612347,63244.10446957023,76904.88113862895,88377.06153639453,5256.52723877934,670.9060462061632,20872.63549466537,17128.60256926243,10800.0,10553.591312685032,6
2025-07-02,M2,48757.724989202514,0.0,10315.663999083186,59073.38898828569,59073.38898828569,0.0,8439.6794961324,114.46607603983671,771.4314836445121,59844.8204719302,78315.16578594383,86754.84528207623,8293.761065115576,1734.5631833333339,19549.752233773834,15613.53149077333,10553.591312685032,10800.0,3
2025-07-03,M2,54255.97095703535,0.0,5369.351775402781,59625.32273243812,59625.32273243812,0.0,4611.235303972726,0.0,0.0,59625.32273243812,85715.99173351319,90327.22703748592,5858.587080047043,827.8562333333334,20422.97258301159,16542.60779223938,10800.0,10800.0,0
2025-07-04,M2,25076.152265658802,0.0,2626.7268546906334,27702.87912034943,27702.87912034943,0.0,2007.7727358368197,0.0,0.0,27702.87912034943,42879.45560595642,44887.228341793234,1881.7671515969,10129.661128324035,21025.961027398087,17031.02843219245,10800.0,10800.0,0
2025-07-05,M2,26045.030721549665,0.0,632.7170514163496,26677.74777296601,26677.74777296601,0.0,446.0024924369832,0.0,0.0,26677.74777296601,44606.98537802632,45052.98787046331,1533.8164398706017,10761.385205411407,20882.664518498084,16914.958259983454,10800.0,10800.0,0
2025-07-06,M2,56777.107818591016,0.0,2427.1313864281087,59204.23920501912,59204.23920501912,0.0,2087.006404551094,0.0,0.0,59204.23920501912,89085.84326315016,91172.84966770124,7201.418285919299,253.00560122355273,20654.969634517915,16730.525403959513,10800.0,10800.0,0
2025-07-07,M2,59791.50793196314,0.0,87.56172052213745,59879.069652485276,59879.069652485276,0.0,62.17197409849018,0.0,0.0,59879.069652485276,93003.79319594553,93065.96517004403,14787.076176813609,1736.5117633310688,16488.91822754051,13356.023764307813,10800.0,10800.0,0
2025-07-08,M2,64414.504822643896,0.0,0.0,64414.504822643896,64414.504822643896,0.0,0.0,0.0,0.0,64414.504822643896,99961.51254963879,99961.51254963879,18439.144828638266,2603.5373333333337,17618.123005265923,14270.67963426539,10800.0,10800.0,0
2025-07-09,M2,60931.87574347367,0.0,0.0,60931.87574347367,60931.87574347367,0.0,0.0,0.0,0.0,60931.87574347367,94993.81698766413,94993.81698766413,16233.156486452146,1468.273,17019.276234449084,13785.613749903758,10800.0,10800.0,0
2025-07-10,M2,56579.10122778545,0.0,0.0,56579.10122778545,56579.10122778545,0.0,0.0,0.0,0.0,56579.10122778545,88747.50333482533,88747.50333482533,10918.329890871031,1312.9124999999997,19277.039792741998,15614.402232121016,10800.0,10800.0,0
2025-07-11,M2,27952.393889226518,0.0,0.0,27952.393889226518,27952.393889226518,0.0,0.0,0.0,0.0,27952.393889226518,46801.04352672667,46801.04352672667,3725.580877500086,6694.784846803477,20325.792907490082,16463.892255066974,10800.0,10800.0,0
2025-07-12,M2,26816.739763342906,0.0,440.3443465370349,27257.084109879946,27257.084109879946,0.0,334.92342244052793,0.0,0.0,27257.084109879946,45522.07924175431,45857.002664194835,1985.7517325579024,8935.808034226518,20269.471389879407,16418.27182580232,10800.0,10800.0,0
2025-07-13,M2,53170.36487478285,0.0,449.6029958064682,53619.967870589295,53619.967870589295,0.0,310.3428818337162,23.192291849282583,156.03923352669065,53776.00710411598,84281.22244578756,84591.56532762127,8460.631500119558,3214.136379275612,19327.733368817848,15655.464028742455,10800.0,10800.0,2
2025-07-14,M2,49838.40983767008,0.0,1636.6699332860137,51475.07977095608,51475.07977095608,0.0,1081.5875428900688,17.69101256848262,119.26705364807596,51594.34682460415,79719.628200553,80801.21574344306,4464.881081311157,861.3060955188889,19394.949276393876,15709.90891387904,10800.0,10800.0,2
2025-07-15,M2,55059.66117129394,0.0,0.0,55059.66117129394,55059.66117129394,0.0,0.0,0.0,0.0,55059.66117129394,87341.80103957676,87341.80103957676,10776.389649227121,312.29735242893776,18442.43923467036,14938.375780082992,10800.0,10800.0,0
2025-07-16,M2,53247.467128777505,0.0,0.0,53247.467128777505,53247.467128777505,0.0,0.0,0.0,0.0,53247.467128777505,84254.99001661535,84254.99001661535,7300.151299559562,1218.3980999999999,18957.248598539234,15355.371364816778,10800.0,10800.0,0
2025-07-17,M2,51816.813255089,0.0,511.19391353768737,52328.00716862668,52328.00716862668,0.0,457.6043652509478,4.394145573187984,29.689044565244615,52357.69621319193,81952.49309571486,82410.0974609658,4718.590440662696,935.7599015752496,21261.711566496757,17221.98636886238,10800.0,10800.0,1
2025-07-18,M2,27402.302090272246,0.0,0.0,27402.302090272246,27402.302090272246,0.0,0.0,0.0,0.0,27402.302090272246,46018.04980296189,46018.04980296189,3458.927414578534,7574.008559863374,19530.872255368384,15820.006526848396,10800.0,10800.0,0
2025-07-19,M2,27318.58893905947,0.0,68.86069242403168,27387.449631483498,27387.449631483498,0.0,51.41313724160608,0.0,0.0,27387.449631483498,45943.884929115535,45995.29806635714,2982.9476985103374,12041.044889027757,19939.40225694234,16150.915828123298,10800.0,10800.0,0
2025-07-20,M2,52973.2136282496,0.0,165.61921625563073,53138.83284450527,53138.83284450527,0.0,125.59998142477878,0.0,0.0,53138.83284450527,84393.69736034005,84519.29734176485,7436.200202214164,1327.7415582700737,19291.45981375762,15626.082449143676,10800.0,10800.0,0
2025-07-21,M2,53155.37439182402,0.0,207.674185983791,53363.04857780781,53363.04857780781,0.0,116.67785092452652,0.07549370618653484,0.526644094357267,53363.57522190217,84672.09400518714,84788.77185611166,6255.927913142519,701.6560666666669,20218.494842150903,16376.980822142232,10800.0,10800.0,1
2025-07-22,M2,52595.11809357232,0.0,4197.9262399735435,56793.04433354585,56793.04433354585,0.0,4311.379005864783,19.99566072585469,134.7907489529865,56927.83508249884,83437.6825574553,87749.0615633201,9773.32674670474,446.5615333333333,19758.022775480073,16003.998448138862,10800.0,10800.0,1
2025-07-23,M2,54456.69119044364,0.0,302.96510663053107,54759.65629707419,54759.65629707419,0.0,211.52617231006514,14.308789097386239,96.63353654032218,54856.28983361451,86402.93637945445,86614.46255176452,7077.165497875205,1402.3384333333338,20698.52785782475,16765.807564838047,10800.0,10800.0,3
2025-07-24,M2,53705.41158681074,0.0,902.9505508202678,54608.36213763102,54608.36213763102,0.0,636.6354206905576,0.0,0.0,54608.36213763102,85313.9351263543,85950.57054704486,8176.422549997695,475.74050854162965,19378.607834239745,15696.672345734196,10800.0,10800.0,0
2025-07-25,M2,26402.12736496111,0.0,296.0879358727127,26698.215300833832,26698.215300833832,0.0,216.27235621917748,0.0,0.0,26698.215300833832,44734.32056443559,44950.592920654766,3219.5610520031346,11368.960875111828,20298.691720384926,16441.940293511787,10800.0,10800.0,0
2025-07-26,M2,26418.182946533754,0.0,227.87898631337166,26646.061932847122,26646.061932847122,0.0,167.67152957332928,0.0,0.0,26646.061932847122,44736.94808286072,44904.61961243404,2969.333665756707,9536.756047185174,20681.254383292115,16751.816050466616,10800.0,10800.0,0
2025-07-27,M2,51715.04466005065,0.0,1053.541291388725,52768.58595143939,52768.58595143939,0.0,816.5223366751203,385.38146669307594,1931.5027718923204,54700.08872333171,82432.2601155768,83248.78245225194,5145.749816790958,654.0590333333334,21837.71194116168,17688.546672340963,10800.0,10800.0,3
2025-07-28,M2,53687.1833080254,0.0,634.7437212211205,54321.92702924654,54321.92702924654,0.0,524.3220563281502,0.0,0.0,54321.92702924654,85370.16911293515,85894.4911692633,3821.477198970863,0.0,21674.403878732166,17556.267141773056,10800.0,10800.0,0
2025-07-29,M2,54368.67683400728,0.0,1532.5465265985165,55901.22336060578,55901.22336060578,0.0,1554.6938203886543,39.28312795147417,267.5008199311571,56168.724180536934,86101.2331412718,87655.92696166046,7288.427802418945,608.09035,19628.66309048945,15899.217103296456,10800.0,10800.0,2
2025-07-30,M2,52803.21535070835,0.0,2211.2268064375057,55014.44215714583,55014.44215714583,0.0,2066.280203737674,0.0,0.0,55014.44215714583,83577.79220493775,85644.07240867542,6140.342206583903,1631.287883333333,19837.832993464122,16068.644724705939,10800.0,10800.0,0
2025-07-31,M2,52627.08781623761,0.0,726.4964648058931,53353.58428104348,53353.58428104348,0.0,729.893091653631,0.7862515987562801,5.285576372639094,53358.86985741612,83688.1029240333,84417.99601568695,5308.903531038896,357.264136976343,21355.885961072592,17298.267628468795,10800.0,10800.0,1
2025-08-01,M2,25713.177117598276,0.0,1050.0164724464048,26763.193590044684,26763.193590044684,0.0,783.2500771821371,0.0,0.0,26763.193590044684,43735.97877840328,44519.22885558542,3243.8566041799936,16204.381977834513,20103.318983706587,16283.688376802338,10800.0,10800.0,0
2025-08-02,M2,25755.860386951634,0.0,0.0,25755.860386951634,25755.860386951634,0.0,0.0,0.0,0.0,25755.860386951634,43806.79517113706,43806.79517113706,2778.0115138171473,16272.411387202828,20154.459667282863,16325.112330499116,10800.0,10800.0,0
2025-08-03,M2,47741.11255402475,0.0,262.09563707632157,48003.208191101054,48003.208191101054,0.0,199.17920864286407,114.60763531221221,772.3961956548485,48775.604386755906,75269.53045060343,75468.70965924629,5375.211982751694,3891.160149999999,18302.44830775518,14824.9831292817,10800.0,10800.0,5
2025-08-04,M2,47345.69022909063,0.0,453.4369979783185,47799.12722706893,47799.12722706893,0.0,460.3593786517647,5.153002939567841,34.69516879211027,47833.82239586104,74554.55843374046,75014.9178123922,3950.3069713994946,2138.62885,18502.52584525767,14987.045934658718,10800.0,10800.0,1
2025-08-05,M2,47123.546004793054,0.0,309.0834266382701,47432.62943143132,47432.62943143132,0.0,455.845562844435,0.0,0.0,47432.62943143132,74043.38405577769,74499.2296186221,4296.249573647662,1433.6761109229403,19036.811582727267,15419.81738200908,10800.0,10800.0,0
2025-08-06,M2,48172.31082670552,0.0,74.38629228575235,48246.69711899127,48246.69711899127,0.0,37.00810561480216,0.0,0.0,48246.69711899127,75951.27726437058,75988.28536998539,2864.713282149266,1372.6875463893955,19139.39618305295,15502.910908272897,10800.0,10800.0,0
2025-08-07,M2,49091.69771908688,0.0,778.9442632893835,49870.64198237624,49870.64198237624,0.0,591.9493956045872,14.008810577880581,94.65052866945014,49965.29251104569,78120.02892632094,78711.97832192553,7517.05387391287,4217.219486419751,18966.992221951532,15363.26369978074,10800.0,10800.0,1
2025-08-08,M2,24630.055194142224,0.0,0.0,24630.055194142224,24630.055194142224,0.0,0.0,0.0,0.0,24630.055194142224,42363.4298533321,42363.4298533321,1969.5876074272946,20695.015830400742,20650.8166605477,16727.16149504364,10800.0,10800.0,0
2025-08-09,M2,24315.790050364543,0.0,26.47407637745732,24342.264126742004,24342.264126742004,0.0,21.810595509312805,0.0,0.0,24342.264126742004,41880.06792921366,41901.87852472297,1314.2625115721394,17764.30644278288,20533.581949305033,16632.20137893708,10800.0,10800.0,0
2025-08-10,M2,46662.4748724314,0.0,78.09755817004532,46740.57243060143,46740.57243060143,0.0,56.699168754465006,9.840067277403136,68.15370446177343,46808.7261350632,73562.66716353703,73619.3663322915,3422.7081554206834,1366.6963999999998,18606.225232359084,15071.042438210858,10800.0,10800.0,2
2025-08-11,M2,46758.25325713074,0.0,601.0825504969335,47359.335807627685,47359.335807627685,0.0,491.7917911505547,113.89268791506754,767.754419661783,48127.09022728947,74046.11004465015,74537.9018358007,3538.3967292165553,2837.2615136391455,19552.015513298717,15837.132565771964,10800.0,10800.0,6
2025-08-12,M2,47467.20883536583,0.0,1004.8487382025843,48472.05757356843,48472.05757356843,0.0,812.5298786902549,66.31990207584204,446.58034972294945,48918.63792329138,75562.85353973415,76375.3834184244,3319.3174310097397,1816.9881946574496,18657.126551752954,15112.272506919893,10800.0,10800.0,5
2025-08-13,M2,47323.540337523635,0.0,1137.5333386925079,48461.073676216154,48461.073676216154,0.0,1266.1662495072228,66.66854889708941,451.3987816924946,48912.47245790865,74709.3642951663,75975.5305446735,4946.52676121046,1484.7701966477296,18368.014135328485,14878.091449616071,10800.0,10800.0,3
2025-08-14,M2,46893.25619334501,0.0,1403.8906643422433,48297.14685768724,48297.14685768724,0.0,1850.726317547393,78.89967216005357,540.9123322612695,48838.059189948515,73871.5586361224,75722.28495366979,3835.6454026307933,2154.5811927002514,20445.616037712985,16560.948990547517,10800.0,10800.0,4
2025-08-15,M2,24740.410897517177,0.0,329.56540447320344,25069.976301990377,25069.976301990377,0.0,238.80011305939314,0.0,0.0,25069.976301990377,42412.049136136404,42650.849249195795,2017.820866420127,19555.7591387957,20618.644003403344,16701.10164275671,10800.0,10800.0,0
2025-08-16,M2,24676.660510824164,0.0,526.4657360820913,25203.126246906253,25203.126246906253,0.0,380.9887719755608,0.0,0.0,25203.126246906253,42322.94283712772,42703.931609103274,2144.038902435266,19683.656497610507,20773.451802057036,16826.4959596662,10800.0,10800.0,0
2025-08-17,M2,47653.35962221361,0.0,18.866879460715907,47672.226501674326,47672.226501674326,0.0,15.167963766354774,44.56642551498453,299.967286275148,47972.19378794947,75124.73111355239,75139.89907731875,5065.5328702119,3387.984749999999,18766.075083974545,15200.520818019382,10800.0,10800.0,3
2025-08-18,M2,47153.477291862655,0.0,782.1702642823655,47935.64755614502,47935.64755614502,0.0,888.4581699785117,108.13096225484605,734.0414906744909,48669.68904681951,74135.79061880901,75024.24878878752,4932.092298765818,2098.740945107711,19512.79416053776,15805.363270035588,10800.0,10800.0,5
2025-08-19,M2,47633.8458570467,0.0,292.5795037788979,47926.42536082559,47926.42536082559,0.0,236.83798629267892,105.46771090985533,711.4449084674479,48637.87026929304,74857.87587095832,75094.71385725102,4569.942705965751,2853.5996522633727,18205.153473324972,14746.174313393225,10800.0,10800.0,3
2025-08-20,M2,48491.86743692016,0.0,116.37581588464154,48608.2432528048,48608.2432528048,0.0,69.47140808207246,527.1255452599753,2771.8220538873134,51380.065306692115,77031.11096263191,77100.58237071396,2846.7443168781156,0.0,21738.27648646931,17608.00395404014,10800.0,10800.0,8
2025-08-21,M2,49310.449584116504,0.0,647.8881238768829,49958.33770799341,49958.33770799341,0.0,476.1230129365922,0.0,0.0,49958.33770799341,78359.64292801148,78835.76594094808,7052.3604943311475,2462.889933333333,18295.247526054074,14819.150496103804,10800.0,10800.0,0
2025-08-22,M2,24636.540740375043,0.0,853.6012454740035,25490.141985849044,25490.141985849044,0.0,635.6989907617274,0.0,0.0,25490.141985849044,42403.84138766026,43039.54037842198,1371.9593543343035,16483.96186407314,20805.525052708115,16852.475292693576,10800.0,10800.0,0
2025-08-23,M2,24956.27246117001,0.0,429.5424290689192,25385.814890238922,25385.814890238922,0.0,315.17313768797413,0.0,0.0,25385.814890238922,42796.805123055165,43111.97826074313,1983.6007155682728,14731.35264712113,20352.730252914374,16485.71150486064,10800.0,10800.0,0
2025-08-24,M2,48445.01771446467,0.0,541.6683453274534,48986.68605979214,48986.68605979214,0.0,435.40814919606305,0.0,0.0,48986.68605979214,76045.28641186902,76480.69456106509,5551.747277035618,3547.7380277777793,19197.998804833453,15550.379031915098,10800.0,10800.0,0
2025-08-25,M2,52394.754993279385,0.0,0.0,52394.754993279385,52394.754993279385,0.0,0.0,0.0,0.0,52394.754993279385,83482.23225241757,83482.23225241757,7662.892688682534,1260.8945330766219,19922.936915746086,16137.578901754336,10800.0,10800.0,0
2025-08-26,M2,49845.90237164002,0.0,0.0,49845.90237164002,49845.90237164002,0.0,0.0,0.0,0.0,49845.90237164002,78212.7800419647,78212.7800419647,6873.8568804361,2133.3512833333343,19351.334183483872,15674.580688621945,10800.0,10800.0,0
2025-08-27,M2,49896.27029302598,0.0,2185.4819710621136,52081.75226408807,52081.75226408807,0.0,2727.4114539863995,0.0,0.0,52081.75226408807,78410.25402263776,81137.66547662416,6786.535460285056,2543.1032087517005,20494.0944258986,16600.21648497787,10800.0,10800.0,0
2025-08-28,M2,49697.96538500697,0.0,1931.9432428942391,51629.90862790119,51629.90862790119,0.0,2101.6802867580977,59.02136769551748,397.8011448150819,52027.70977271627,78235.28746790251,80336.96775466061,5554.68415390773,146.78057328812247,20666.99690435239,16740.26749252544,10800.0,10800.0,3
2025-08-29,M2,26299.231388736403,0.0,0.0,26299.231388736403,26299.231388736403,0.0,0.0,0.0,0.0,26299.231388736403,44537.78464319087,44537.78464319087,2839.946375407114,15277.489468269725,20342.78131323174,16477.652863717707,10800.0,10800.0,0
2025-08-30,M2,25886.267795214375,0.0,301.94850833910107,26188.21630355348,26188.21630355348,0.0,221.36047691409436,0.0,0.0,26188.21630355348,44034.83808966533,44256.19856657943,1794.6401863047217,20260.868565535686,19410.368323187846,15722.39834178216,10800.0,10800.0,0
2025-08-31,M2,48632.75424269784,0.0,426.55542093260203,49059.30966363045,49059.30966363045,0.0,616.4727103611559,18.38412088825453,124.79323884200349,49184.10290247245,76052.2670931487,76668.73980350984,4825.539435276959,1457.3733637043142,19776.779168860474,16019.191126776981,10800.0,10800.0,2
2025-09-01,M2,50366.841648570895,0.0,0.0,50366.841648570895,50366.841648570895,0.0,0.0,0.0,0.0,50366.841648570895,79924.45128091847,79924.45128091847,18229.739230876607,5125.141433333334,15765.453070395859,12770.016987020652,10800.0,10800.0,0
2025-09-02,M2,42933.36027101242,0.0,118.45086188004827,43051.81113289247,43051.81113289247,0.0,114.29564340758503,0.0,0.0,43051.81113289247,67971.32492571605,68085.62056912364,9013.417184962831,1298.9072760469176,19555.47504270471,15839.934784590818,10800.0,10800.0,0
2025-09-03,M2,42188.97161379145,0.0,971.467896218413,43160.43951000986,43160.43951000986,0.0,761.4606087232278,0.0,0.0,43160.43951000986,67106.84634459154,67868.30695331478,6403.407435991445,2604.414416666666,17435.620266614056,14122.852415957386,10800.0,10800.0,0
2025-09-04,M2,41089.46046784812,0.0,920.3253720471168,42009.78583989523,42009.78583989523,0.0,678.972055290629,0.0,0.0,42009.78583989523,64983.44108734676,65662.41314263738,5726.477988686771,2333.5945670947067,19351.447562399546,15674.672525543636,10800.0,10800.0,0
2025-09-05,M2,21949.070073199655,0.0,0.0,21949.070073199655,21949.070073199655,0.0,0.0,0.0,0.0,21949.070073199655,38319.05828824881,38319.05828824881,5898.360568475005,21990.671519616582,18977.708071002897,15371.943537512347,10800.0,10800.0,0
2025-09-06,M2,21508.82353130417,0.0,157.98514565717392,21666.808676961344,21666.808676961344,0.0,115.1446282574675,0.0,0.0,21666.808676961344,37772.55310165696,37887.69772991442,5926.999886579793,20539.78443194354,19472.787954689942,15772.958243298854,10800.0,10800.0,0
2025-09-07,M2,37433.641308625745,0.0,4795.643242031694,42229.28455065745,42229.28455065745,0.0,5221.537428351341,512.1686079563011,2691.9192053089555,44921.20375596641,59041.84192202846,64263.37935037981,5270.854069887303,631.1474726840679,20592.435784726702,16679.872985628626,10800.0,10800.0,5
2025-09-08,M2,33403.983384555795,0.0,10151.204991395352,43555.18837595115,43555.18837595115,0.0,8888.689229682881,191.7098143831902,891.0994905585501,44446.287866509694,54644.45106791821,63533.140297601094,336.81404603916195,137.40382933698584,20870.673867561243,17015.611164286434,10800.0,10677.371853820187,7
2025-09-09,M2,35874.9118034687,0.0,4710.398971892137,40585.31077536082,40585.31077536082,0.0,4911.972760513152,60.90759712479651,408.7931857337163,40994.10396109454,57859.33134285548,62771.30410336864,2151.83971813741,3473.494210082409,21019.35881076379,16915.315305156844,10677.371853820187,10800.0,3
2025-09-10,M2,39153.732448585746,0.0,4181.965990448529,43335.698439034284,43335.698439034284,0.0,3946.3486439152784,305.13194114989994,1506.5538705073504,44842.25230954163,63610.81340714524,67557.16205106053,2367.5245200290083,0.0,21993.530643060076,17814.75982087866,10800.0,10800.0,4
2025-09-11,M2,41312.55040712942,0.0,871.0542357778135,42183.604642907245,42183.604642907245,0.0,610.1276316288129,0.0,0.0,42183.604642907245,67143.26298729837,67753.39061892718,5750.253739226667,4680.02805,20142.226559827308,16315.203513460117,10800.0,10800.0,0
2025-09-12,M2,20413.23433405492,0.0,0.0,20413.23433405492,20413.23433405492,0.0,0.0,0.0,0.0,20413.23433405492,36776.830406087916,36776.830406087916,3405.8865310809165,18078.386518788295,19688.95345378264,15948.052297563938,10800.0,10800.0,0
2025-09-13,M2,21248.942533186007,0.0,0.0,21248.942533186007,21248.942533186007,0.0,0.0,0.0,0.0,21248.942533186007,38104.890536040424,38104.890536040424,4282.139939813563,22209.703086650516,18978.66329601584,15372.717269772831,10800.0,10800.0,0
2025-09-14,M2,42455.47271646418,0.0,497.63365335707294,42953.10636982126,42953.10636982126,0.0,321.062902580732,0.0,0.0,42953.10636982126,68441.38684980625,68762.44975238698,3485.3314024450688,1445.8320613842402,19641.90283451407,15909.941295956396,10800.0,10800.0,0
2025-09-15,M2,38994.39503551712,0.0,1480.0311211814537,40474.42615669858,40474.42615669858,0.0,1131.754430532293,127.42730872646621,872.4663736360192,41346.8925303346,63345.34203612707,64477.09646665937,2763.854374455128,2728.1701392701575,21291.940149090602,17246.47152076339,10800.0,10800.0,3
2025-09-16,M2,43794.08913568337,0.0,923.8660933414029,44717.95522902475,44717.95522902475,0.0,759.6651085923272,3.748466252379103,25.19906438161852,44743.15429340637,70682.37839846473,71442.04350705707,4967.200601774592,3304.511738944798,19380.577101351206,15698.267452094471,10800.0,10800.0,1
2025-09-17,M2,43584.43209227516,0.0,333.55786202624626,43917.98995430141,43917.98995430141,0.0,268.3287319469298,0.0,0.0,43917.98995430141,69975.18075765332,70243.50948960026,4286.671370436963,2238.0567000000005,19782.436942964694,16023.773923801406,10800.0,10800.0,0
2025-09-18,M2,42346.50170326943,0.0,3525.9701797813436,45872.47188305078,45872.47188305078,0.0,4163.113649126809,0.0,0.0,45872.47188305078,67666.38710467212,71829.50075379893,6167.283514439327,2999.486233333333,19508.841522945277,15802.161633585674,10800.0,10800.0,0
2025-09-19,M2,19527.681862723664,0.0,436.3175655099979,19963.999428233663,19963.999428233663,0.0,323.95065375514065,0.0,0.0,19963.999428233663,35637.397053904024,35961.347707659166,1862.023032050526,14230.893294867117,19826.731916183428,16059.652852108573,10800.0,10800.0,0
2025-09-20,M2,19515.959360104236,0.0,251.61011198530534,19767.569472089544,19767.569472089544,0.0,184.20287991373635,0.0,0.0,19767.569472089544,35703.27174670457,35887.47462661831,1761.4617791193878,14613.021089370905,20355.56855155098,16488.010526756298,10800.0,10800.0,0
2025-09-21,M2,45391.490175730745,0.0,760.6770648373243,46152.16724056807,46152.16724056807,0.0,990.9194492410328,0.0,0.0,46152.16724056807,72779.52224166448,73770.44169090551,8058.1178446779195,4053.160948460961,17745.660075964763,14373.984661531456,10800.0,10800.0,0
2025-09-22,M2,45370.640566647984,0.0,188.4758016765781,45559.11636832455,45559.11636832455,0.0,133.38539259121177,19.555900000000065,131.78740035000044,45690.90376867455,72923.47745166432,73056.86284425553,5714.622227457952,3074.9459830051323,19330.687633995352,15657.856983536234,10800.0,10800.0,2
2025-09-23,M2,46405.419928386735,0.0,0.0,46405.419928386735,46405.419928386735,0.0,0.0,0.5500758441280595,3.709986530721698,46409.12991491746,74182.0178889207,74182.0178889207,5794.042416992355,2552.603983333334,19575.294637398983,15855.988656293182,10800.0,10800.0,1
2025-09-24,M2,44249.4931284804,0.0,1055.7637522401078,45305.25688072051,45305.25688072051,0.0,1293.6089548808122,0.0,0.0,45305.25688072051,70486.19704456597,71779.80599944678,4392.879062908765,2566.8683499999997,19772.80782388427,16015.974337346255,10800.0,10800.0,0
2025-09-25,M2,45550.204693042804,0.0,1252.6702753489737,46802.87496839176,46802.87496839176,0.0,1489.6268704050938,15.37166666666667,103.49743166666669,46906.37240005843,72474.43122457313,73964.05809497822,6735.857665330908,3368.4021,18630.111033231537,15090.389936917558,10800.0,10800.0,1
2025-09-26,M2,20379.4084890131,0.0,0.0,20379.4084890131,20379.4084890131,0.0,0.0,0.0,0.0,20379.4084890131,37016.97286423701,37016.97286423701,2914.3529312644096,12735.61296490302,19330.33404247149,15657.570574401914,10800.0,10800.0,0
2025-09-27,M2,20102.00246457021,0.0,425.21421529174035,20527.21667986195,20527.21667986195,0.0,325.7876122127027,0.0,0.0,20527.21667986195,36577.94650936223,36903.734121574926,1352.3356962231367,13856.343058639668,20493.437456379586,16599.684339667467,10800.0,10800.0,0
2025-09-28,M2,45970.48597453994,0.0,2960.861763367023,48931.34773790698,48931.34773790698,0.0,3468.1296394181286,5.868333333333339,39.56136916666671,48970.90910707365,73403.17696451925,76871.30660393738,8273.810435257026,1349.956912624515,19819.886435381624,16054.108012659117,10800.0,10800.0,1
2025-09-29,M2,47146.112180229575,0.0,52.56338258583527,47198.67556281543,47198.67556281543,0.0,40.573873881931945,5.620383333333393,39.20779413333375,47237.88335694876,75175.6930896733,75216.26696355522,6422.472278775546,2329.6406999999995,19525.698779542145,15815.816011429139,10800.0,10800.0,1
2025-09-30,M2,47764.337064046136,0.0,501.4190278482448,48265.756091894385,48265.756091894385,0.0,527.220284777146,26.73100033449657,180.60800376002607,48446.36409565441,75674.59761231652,76201.81789709366,5573.210835101028,1352.3313166666665,20425.431468388393,16544.599489394594,10800.0,10800.0,1
2025-10-01,M2,46680.63162077532,0.0,0.0,46680.63162077532,46680.63162077532,0.0,0.0,0.0,0.0,46680.63162077532,74795.45433954762,74795.45433954762,14504.506016024792,7438.287595564473,16795.469445394898,13604.330250769865,10800.0,10800.0,0
2025-10-02,M2,44414.29564981828,0.0,319.2082657870446,44733.503915605324,44733.503915605324,0.0,221.62052977255235,0.0,0.0,44733.503915605324,70969.07536666212,71190.69589643467,10251.075673179388,5814.325132434471,17865.852495548184,14471.340521394028,10800.0,10800.0,0
2025-10-03,M2,18610.869435713023,0.0,319.4243673036041,18930.293803016622,18930.293803016622,0.0,236.86964388758093,0.0,0.0,18930.293803016622,34510.01327951056,34746.88292339814,4230.624984748203,19109.96436294474,18890.209872132637,15301.069996427432,10800.0,10800.0,0
2025-10-04,M2,19142.772943624994,0.0,401.4832059624859,19544.25614958748,19544.25614958748,0.0,295.4157161389607,0.0,0.0,19544.25614958748,35248.612061741216,35544.027777880176,4053.7336417008023,14720.540129807721,19335.639858096445,15661.868285058123,10800.0,10800.0,0
2025-10-05,M2,42361.405924816456,0.0,895.3664131782973,43256.77233799474,43256.77233799474,0.0,653.8184689574526,0.0,0.0,43256.77233799474,68530.76071750923,69184.57918646668,6846.910803131214,4106.9196156056005,18393.619479280034,14898.831778216834,10800.0,10800.0,0
2025-10-06,M2,39949.85443938452,0.0,2082.332283756592,42032.186723141116,42032.186723141116,0.0,2312.6114766152887,0.0,0.0,42032.186723141116,64204.8016471516,66517.41312376689,3428.623444563126,1599.0654207442672,19771.657939260513,16015.042930801015,10800.0,10800.0,0
2025-10-07,M2,40814.90948763589,0.0,2111.7711897556765,42926.680677391574,42926.680677391574,0.0,1812.2515316875113,0.0,0.0,42926.680677391574,65887.2673849386,67699.51891662611,4135.970527916803,2029.5068840735394,19802.518445451482,16040.0399408157,10800.0,10800.0,0
2025-10-08,M2,37737.2556911351,0.0,1577.3154747533777,39314.571165888454,39314.571165888454,0.0,1276.0476111097482,0.0,0.0,39314.571165888454,62379.76443616567,63655.812047275416,1575.9494011676818,1610.0735045833371,21006.80776240913,17015.514287551396,10800.0,10800.0,0
2025-10-09,M2,40031.62387402354,0.0,656.1780986595252,40687.80197268307,40687.80197268307,0.0,464.0101597984467,0.0,0.0,40687.80197268307,65965.11203102526,66429.12219082369,2925.0581802221623,3865.850150250434,20411.748300093554,16533.51612307578,10800.0,10800.0,0
2025-10-10,M2,17255.243004899916,0.0,711.0089726905218,17966.251977590433,17966.251977590433,0.0,530.8436215998936,0.0,0.0,17966.251977590433,33230.059493142195,33760.90311474209,1489.9768509446299,19128.258433791678,19995.03638599535,16195.979472656232,10800.0,10800.0,0
2025-10-11,M2,18117.25787857082,0.0,193.36579692891692,18310.623675499744,18310.623675499744,0.0,149.01235881126217,0.0,0.0,18310.623675499744,34622.788156396404,34771.800515207666,2137.3083003560146,14772.959780038738,19764.309744629416,16009.09089314983,10800.0,10800.0,0
2025-10-12,M2,41502.6268535072,0.0,85.36800655701892,41587.99486006423,41587.99486006423,0.0,99.03832180894454,1.0009420526530448,4.688412574626862,41592.68327263886,67723.71524045606,67822.753562265,3511.430739692338,2010.3401939890155,19931.724143699863,16144.696556396888,10800.0,10800.0,1
2025-10-13,M2,43284.7895573408,0.0,28.515062093399145,43313.3046194342,43313.3046194342,0.0,25.55011585577222,0.0,0.0,43313.3046194342,70310.82472726994,70336.37484312571,6560.622047791658,3002.236288688201,19716.42740339927,15970.306196753412,10800.0,10800.0,0
2025-10-14,M2,43720.72482568137,0.0,0.0,43720.72482568137,43720.72482568137,0.0,0.0,0.0,0.0,43720.72482568137,70986.34543575627,70986.34543575627,4339.310939414754,1986.6268900108794,20455.675384196336,16569.097061199027,10800.0,10800.0,0
2025-10-15,M2,43906.31778500375,0.0,0.0,43906.31778500375,43906.31778500375,0.0,0.0,0.0,0.0,43906.31778500375,71676.6212465722,71676.6212465722,4544.0634057660955,1370.5764166666665,20220.830390207615,16378.87261606817,10800.0,10800.0,0
2025-10-16,M2,43978.78588467689,0.0,764.0241403152838,44742.81002499216,44742.81002499216,0.0,576.7724800361443,0.0,0.0,44742.81002499216,71518.42707626468,72095.19955630082,3420.066891580928,1671.293494106288,21249.295897966404,17211.92967735279,10800.0,10800.0,0
2025-10-17,M2,18570.60791769027,0.0,60.242566097451856,18630.850483787723,18630.850483787723,0.0,50.72565220986037,0.0,0.0,18630.850483787723,35383.219018830256,35433.94467104011,2227.2866043225868,13526.885916101932,19345.120178678582,15669.547344729646,10800.0,10800.0,0
2025-10-18,M2,18530.147920756186,0.0,75.43737320260468,18605.58529395879,18605.58529395879,0.0,62.342029810997644,0.0,0.0,18605.58529395879,35356.14278880432,35418.48481861532,2034.2642196798217,13654.9313947513,19224.71546061855,15572.019523101024,10800.0,10800.0,0
2025-10-19,M2,44717.89195878875,0.0,117.00591145581711,44834.89787024456,44834.89787024456,0.0,138.94432257992912,0.0,0.0,44834.89787024456,72872.98519748473,73011.92952006466,3609.6120501417936,1446.170656436701,21423.285685014915,17352.86140486208,10800.0,10800.0,0
2025-10-20,M2,46423.28962520749,0.0,0.0,46423.28962520749,46423.28962520749,0.0,0.0,0.0,0.0,46423.28962520749,75168.39281559546,75168.39281559546,5450.305891644668,1160.418315392833,21667.8223257437,17550.936083852393,10800.0,10800.0,0
2025-10-21,M2,46287.267192972366,0.0,688.9722974742657,46976.23949044665,46976.23949044665,0.0,738.9989372692502,0.0,0.0,46976.23949044665,75288.62234132069,76027.62127858994,4685.757127890428,798.6254166666668,21477.14412648871,17396.486742455854,10800.0,10800.0,0
2025-10-22,M2,46215.2693779429,0.0,265.71147138951795,46480.980849332416,46480.980849332416,0.0,208.40710168467893,0.24246781240483417,1.1313548126809563,46482.112204145094,74897.16498672125,75105.57208840593,3981.0680988637714,1458.3436944850073,21639.50559405034,17527.999531180776,10800.0,10800.0,1
2025-10-23,M2,49124.30106490349,0.0,0.0,49124.30106490349,49124.30106490349,0.0,0.0,0.0,0.0,49124.30106490349,79208.85128808983,79208.85128808983,9931.162375073753,2219.4724333333334,19361.68129657591,15682.961850226486,10800.0,10800.0,0
2025-10-24,M2,18705.106394306284,0.0,266.58526666584453,18971.691660972127,18971.691660972127,0.0,215.68302405550406,0.0,0.0,18971.691660972127,35618.24930670406,35833.93233075957,1680.2028347679816,11912.58867979436,20111.00052384507,16289.910424314508,10800.0,10800.0,0
2025-10-25,M2,18340.50539486308,0.0,278.44137662714195,18618.946771490224,18618.946771490224,0.0,223.61776692913656,0.0,0.0,18618.946771490224,35176.33260411017,35399.950371039304,1262.1506235540771,10927.681666488626,20061.5018298067,16249.816482143433,10800.0,10800.0,0
2025-10-26,M2,47500.334922865855,0.0,144.0668112379541,47644.40173410381,47644.40173410381,0.0,90.99717455763209,0.0,0.0,47644.40173410381,76648.36100324997,76739.3581778076,6804.462193852742,1630.4440499999992,19790.21009099049,16030.070173702296,10800.0,10800.0,0
2025-10-27,M2,46068.41760694082,0.0,1542.8418988341982,47611.259505775015,47611.259505775015,0.0,1789.6249951832879,0.0,0.0,47611.259505775015,74425.06083753154,76214.68583271482,6659.002403764014,1994.9516333333324,21095.526994477907,17087.3768655271,10800.0,10800.0,0
2025-10-28,M2,46755.83429311129,0.0,505.5886152423795,47261.42290835367,47261.42290835367,0.0,579.7889387606043,0.0,0.0,47261.42290835367,75274.95051657717,75854.73945533778,5258.431520142374,607.3426017760019,21139.70333378634,17123.15970036694,10800.0,10800.0,0
2025-10-29,M2,48262.40833780184,0.0,394.7652042698616,48657.173542071694,48657.173542071694,0.0,305.98395866361403,0.0,0.0,48657.173542071694,77636.23582723353,77942.21978589715,4007.189839886016,392.5096666666668,22264.54462812875,18034.28114878429,10800.0,10800.0,0
2025-10-30,M2,47367.610887903254,0.0,106.31642469126537,47473.92731259452,47473.92731259452,0.0,94.93200382175189,0.0,0.0,47473.92731259452,76131.51786121144,76226.44986503318,5681.430980033634,1841.1416887426262,20610.839717141767,16694.780170884835,10800.0,10800.0,0
2025-10-31,M2,19686.077724717084,0.0,36.279461793087165,19722.357186510166,19722.357186510166,0.0,29.88236193259877,0.0,0.0,19722.357186510166,36949.42120901235,36979.30357094495,2194.2783929000884,7154.182061678413,19613.42657736728,15886.875527667502,10800.0,10800.0,0
2025-11-01,M2,19720.532260769392,0.0,112.98237311414324,19833.514633883526,19833.514633883526,0.0,93.45835629385004,0.0,0.0,19833.514633883526,37106.31285696135,37199.77121325519,2616.617639679754,8368.541783815914,19318.807139085242,15648.233782659052,10800.0,10800.0,0
2025-11-02,M2,48807.501683377435,0.0,1798.5876841279814,50606.08936750542,50606.08936750542,0.0,1916.4183328246045,0.0,0.0,50606.08936750542,78370.17081957281,80286.58915239741,6898.732914376997,494.0454242544889,21565.404633855822,17467.97775342322,10800.0,10800.0,0
2025-11-03,M2,50327.220829144484,0.0,131.41288225048848,50458.63371139497,50458.63371139497,0.0,120.0656502965947,0.0,0.0,50458.63371139497,80613.75404270069,80733.81969299728,6599.069880117737,870.3999567912393,19786.418803973524,16026.999231218553,10800.0,10800.0,0
2025-11-04,M2,48860.477222027475,0.0,764.3377836446806,49624.81500567215,49624.81500567215,0.0,679.6813812645956,21.201243136250582,136.6045999710624,49761.41960564321,78462.92640755406,79142.60778881866,6056.041814911382,1622.2980535069923,20554.721737911605,16649.324607708404,10800.0,10800.0,2
2025-11-05,M2,50376.83648234085,0.0,113.60722896409386,50490.443711304935,50490.443711304935,0.0,83.16097585242892,0.0,0.0,50490.443711304935,80627.25652433277,80710.4175001852,5991.281550486734,1106.9973999999997,20705.88675279899,16771.768269767184,10800.0,10800.0,0
2025-11-06,M2,49045.38224919184,0.0,1854.351511141272,50899.73376033311,50899.73376033311,0.0,1644.40874611085,0.0,0.0,50899.73376033311,78676.81591563564,80321.2246617465,4604.294272307565,184.9767166666668,21907.205909327753,17744.836786555483,10800.0,10800.0,0
2025-11-07,M2,20309.580903313778,0.0,35.39242342197427,20344.97332673575,20344.97332673575,0.0,31.204245662084986,0.0,0.0,20344.97332673575,38034.644568356955,38065.84881401904,2566.8731326237926,8435.445191365923,19710.887929978908,15965.819223282917,10800.0,10800.0,0
2025-11-08,M2,20187.313070591063,0.0,0.0,20187.313070591063,20187.313070591063,0.0,0.0,0.0,0.0,20187.313070591063,38139.98272911489,38139.98272911489,2649.629338872085,8119.991719129972,18837.655637435975,15258.50106632314,10800.0,10800.0,0
2025-11-09,M2,50479.25917988416,0.0,0.0,50479.25917988416,50479.25917988416,0.0,0.0,0.0,0.0,50479.25917988416,80582.06033740065,80582.06033740065,4381.404525395947,785.2937166666668,21413.394273708953,17344.84936170425,10800.0,10800.0,0
2025-11-10,M2,50787.61735445101,0.0,1636.321501603548,52423.938856054556,52423.938856054556,0.0,1767.6449535180636,0.0,0.0,52423.938856054556,81162.53400387391,82930.17895739197,4631.798787631582,287.3526499999998,21855.707472423084,17703.123052662693,10800.0,10800.0,0
2025-11-11,M2,51595.92595094549,0.0,326.6470788076188,51922.573029753104,51922.573029753104,0.0,267.7827436308529,0.0,0.0,51922.573029753104,81956.39072632635,82224.17346995723,6114.617511728873,639.3925166666663,20584.96723628955,16673.823461394535,10800.0,10800.0,0
2025-11-12,M2,51039.15675894484,0.0,1556.2043395772255,52595.361098522066,52595.361098522066,0.0,1433.594724578299,0.0,0.0,52595.361098522066,81312.0687094728,82745.66343405112,6993.620725350102,750.8736500000001,21290.42794053167,17245.24663183065,10800.0,10800.0,0
2025-11-13,M2,50545.40086163936,0.0,843.2177208323976,51388.61858247175,51388.61858247175,0.0,923.457533107819,0.0,0.0,51388.61858247175,80285.85960429923,81209.31713740705,4535.647471544731,266.887333333333,21110.0579782227,17099.146962360384,10800.0,10800.0,0
2025-11-14,M2,19926.825179686522,0.0,253.0535069274742,20179.878686613996,20179.878686613996,0.0,197.65887699377373,0.0,0.0,20179.878686613996,37361.802065062206,37559.46094205599,1758.9302377194804,4464.099355873259,19673.55814980656,15935.582101343316,10800.0,10800.0,0
2025-11-15,M2,19943.26294055253,0.0,371.8873583517966,20315.150298904326,20315.150298904326,0.0,298.8173401219776,0.0,0.0,20315.150298904326,37587.22306646547,37886.04040658744,2000.050359095685,3835.900125908346,20201.068446930247,16362.865442013497,10800.0,10800.0,0
2025-11-16,M2,52205.8026211707,0.0,1027.906346425811,53233.7089675965,53233.7089675965,0.0,898.2108853018834,0.0,0.0,53233.7089675965,82777.54834294252,83675.75922824441,4555.426703398709,478.07368333333307,22145.865569363363,17938.15111118432,10800.0,10800.0,0
2025-11-17,M2,52213.41131458429,0.0,1863.2537277266426,54076.66504231092,54076.66504231092,0.0,2033.8193005694334,0.0,0.0,54076.66504231092,82672.35597047037,84706.1752710398,7550.884389990672,403.15700510302736,21349.366013751434,17292.98647113866,10800.0,10800.0,0
2025-11-18,M2,52045.68088884969,0.0,168.4228547043102,52214.10374355399,52214.10374355399,0.0,131.50423350321094,0.0,0.0,52214.10374355399,82593.16168461228,82724.66591811548,3627.3986261105547,23.95728333333318,22014.516712306646,17831.758536968384,10800.0,10800.0,0
2025-11-19,M2,52026.595702426675,0.0,3881.6808330463437,55908.27653547299,55908.27653547299,0.0,3653.5930774028443,1.3850000000001046,6.301057500000477,55914.57759297299,82561.32236495105,86214.9154423539,6357.500822748778,243.10676666666654,22354.638173360298,18107.256920421845,10800.0,10800.0,1
2025-11-20,M2,52597.8004996056,0.0,691.2705896652889,53289.07108927089,53289.07108927089,0.0,691.6412909359117,0.0,0.0,53289.07108927089,83367.49729556263,84059.13858649854,5013.315223286831,94.43773333333331,21885.839981816025,17727.53038527098,10800.0,10800.0,0
2025-11-21,M2,20418.443142168504,0.0,1588.4050584752636,22006.848200643773,22006.848200643773,0.0,1889.5925258914792,0.0,0.0,22006.848200643773,38166.53758661618,40056.13011250766,2861.764960621286,4633.951,19452.789922209013,15756.7598369893,10800.0,10800.0,0
2025-11-22,M2,20911.38782158772,0.0,234.98863480301318,21146.37645639074,21146.37645639074,0.0,185.90331919611475,0.0,0.0,21146.37645639074,39438.66421098857,39624.56753018469,1889.555026230939,3906.68590405661,18992.090087177938,15383.592970614125,10800.0,10800.0,0
2025-11-23,M2,53427.13777239922,0.0,1344.2020230625421,54771.33979546175,54771.33979546175,0.0,1139.246484881324,0.0,0.0,54771.33979546175,84558.0803696698,85697.32685455112,5627.327757647581,557.4431999999999,22528.73480826432,18248.2751946941,10800.0,10800.0,0
2025-11-24,M2,52647.406562695454,0.0,64.34848876677351,52711.75505146223,52711.75505146223,0.0,59.05521768158985,18.83966666666663,88.24499866666649,52800.000050128896,83513.6979340861,83572.75315176768,4960.128400188525,310.70213333333345,21888.518867960553,17729.70028304805,10800.0,10800.0,1
2025-11-25,M2,54987.856916060446,0.0,4.782939861192531,54992.63985592164,54992.63985592164,0.0,2.775397445472322,0.0,0.0,54992.63985592164,86919.57701974985,86922.35241719533,6340.725107211414,183.10095000000024,22262.452070090796,18032.586176773548,10800.0,10800.0,0
2025-11-26,M2,54421.039711032325,0.0,570.2668474244118,54991.30655845674,54991.30655845674,0.0,411.80507080091326,0.0,0.0,54991.30655845674,86120.03357033379,86531.83864113472,5400.176112063535,60.651583333333065,22701.810854760588,18388.466792356077,10800.0,10800.0,0
2025-11-27,M2,54117.61638410825,0.0,785.5955924378286,54903.21197654606,54903.21197654606,0.0,749.5331107468536,0.0,0.0,54903.21197654606,85441.5764593198,86191.10957006665,5999.671748447976,214.0128166666666,22087.011955887825,17890.479684269136,10800.0,10800.0,0
2025-11-28,M2,20787.533665081373,0.0,960.0841346784803,21747.617799759857,21747.617799759857,0.0,1336.9139480501854,0.0,0.0,21747.617799759857,38908.27721411779,40245.191162167976,2161.0908981291823,3333.210141218923,20156.0609095783,16326.409336758426,10800.0,10800.0,0
2025-11-29,M2,22411.96826966831,0.0,7.0719572279597225,22419.040226896268,22419.040226896268,0.0,7.143391139353255,0.0,0.0,22419.040226896268,42495.89574600376,42503.03913714312,2184.6551724906553,1901.5245200121922,18354.786024422483,14867.37667978221,10800.0,10800.0,0
2025-11-30,M2,56002.12979732831,0.0,766.1318616474643,56768.261658975774,56768.261658975774,0.0,685.6021207793378,0.0,0.0,56768.261658975774,88347.82647834609,89033.42859912543,4273.46609549646,0.0,23763.865194538477,19248.73080757617,10800.0,10800.0,0
2025-12-01,M2,56977.2264356049,0.0,8335.34745199837,65312.57388760325,65312.57388760325,0.0,6499.115321089318,453.6049450806591,2170.9117170552863,67483.48560465853,89612.08649180536,96111.20181289468,5543.642837576628,0.0,24853.87466876517,20131.63848169979,10800.0,10800.0,3
2025-12-02,M2,59356.83936663691,0.0,6827.0536557126015,66183.89302234953,66183.89302234953,0.0,5236.682199856678,42.2638858760389,246.4654344282145,66430.35845677774,92835.8330141065,98072.51521396317,4779.487201254819,0.0,24723.589203075753,20026.10725449136,10800.0,10800.0,2
2025-12-03,M2,61788.7677212108,0.0,3784.589093974375,65573.35681518518,65573.35681518518,0.0,3420.9606623723994,0.0,0.0,65573.35681518518,95612.997162753,99033.9578251254,7550.664103932966,0.0,22739.71133960935,18419.166185083574,10800.0,10800.0,0
2025-12-04,M2,63717.32798337034,0.0,1876.182007105426,65593.50999047577,65593.50999047577,0.0,1318.8881640181442,0.0,0.0,65593.50999047577,98287.20192344731,99606.09008746548,8381.964282636687,0.0,23436.40555173048,18983.4884969017,10800.0,10800.0,0
2025-12-05,M2,26449.047774963274,0.0,1586.0612174674875,28035.10899243077,28035.10899243077,0.0,1558.503666245083,0.0,0.0,28035.10899243077,49477.64277780568,51036.14644405077,4338.2877885820135,1611.4407480174696,19867.316969041898,16092.526744923947,10800.0,10800.0,0
2025-12-06,M2,27235.683701714097,0.0,1588.2266210058265,28823.910322719934,28823.910322719934,0.0,1429.3330742451108,0.0,0.0,28823.910322719934,51024.43182590253,52453.76490014764,3478.109294469149,1650.1262143692775,19267.887234960806,15606.988660318257,10800.0,10800.0,0
2025-12-07,M2,66619.07955211806,0.0,0.0,66619.07955211806,66619.07955211806,0.0,0.0,0.0,0.0,66619.07955211806,102314.82367684573,102314.82367684573,10424.220523512307,0.0,22304.852122807508,18066.930219474085,10800.0,10800.0,0
2025-12-08,M2,69321.6802409741,0.0,0.0,69321.6802409741,69321.6802409741,0.0,0.0,0.0,0.0,69321.6802409741,106349.01213807298,106349.01213807298,14433.800128489247,0.0,21410.53101535306,17342.53012243598,10800.0,10800.0,0
2025-12-09,M2,67793.80432039991,0.0,0.0,67793.80432039991,67793.80432039991,0.0,0.0,5.483319267895013,32.03080950340871,67825.83512990332,104346.96396851551,104346.96396851551,12605.362427554432,0.0,22940.161018749022,18581.530425186713,10800.0,10800.0,1
2025-12-10,M2,64133.035162239285,0.0,192.70675718177264,64325.74191942106,64325.74191942106,0.0,248.0843122952291,0.0,0.0,64325.74191942106,99592.57329689857,99840.65760919379,7010.269533566708,0.0,23382.99794189697,18940.22833293655,10800.0,10800.0,0
2025-12-11,M2,64352.28860812996,0.0,0.0,64352.28860812996,64352.28860812996,0.0,0.0,0.0,0.0,64352.28860812996,99863.42611647204,99863.42611647204,9549.893127891532,0.0,22906.727834634294,18554.44954605378,10800.0,10800.0,0
2025-12-12,M2,27534.018939403184,0.0,950.7825290334239,28484.8014684366,28484.8014684366,0.0,1252.1621741753002,0.0,0.0,28484.8014684366,51901.23313289618,53153.39530707148,4116.576026899561,1643.5620999999999,19362.33524651892,15683.491549680331,10800.0,10800.0,0
2025-12-13,M2,27654.88971876113,0.0,681.7184846094725,28336.608203370608,28336.608203370608,0.0,712.5438603976261,0.0,0.0,28336.608203370608,52366.896305691975,53079.4401660896,4417.845799478133,1132.38245,19635.150175148054,15904.471641869919,10800.0,10800.0,0
2025-12-14,M2,61667.66030284523,0.0,1179.38873892568,62847.049041770886,62847.049041770886,0.0,1090.511985881022,0.0,0.0,62847.049041770886,96247.39116938708,97337.9031552681,3894.7294406936703,0.0,24549.746918812856,19885.29500423842,10800.0,10800.0,0
2025-12-15,M2,63206.53249544689,0.0,515.4692311643471,63722.00172661123,63722.00172661123,0.0,409.1391259389722,0.0,0.0,63722.00172661123,98588.66580759257,98997.80493353156,4941.391323485237,0.0,24141.345491471846,19554.489848092195,10800.0,10800.0,0
2025-12-16,M2,63890.69129171232,0.0,0.0,63890.69129171232,63890.69129171232,0.0,0.0,0.0,0.0,63890.69129171232,99210.29033966918,99210.29033966918,5247.234149919481,0.0,23920.86766534927,19375.902808932908,10800.0,10800.0,0
2025-12-17,M2,62686.43571584594,0.0,162.8101012173796,62849.245817063325,62849.245817063325,0.0,108.22800730812128,0.0,0.0,62849.245817063325,98028.48494999864,98136.71295730678,5435.430192287995,0.0,23733.87209659016,19224.43639823803,10800.0,10800.0,0
2025-12-18,M2,61515.80898916712,0.0,966.0960949322521,62481.90508409939,62481.90508409939,0.0,758.0903035562596,0.0,0.0,62481.90508409939,95946.5982793466,96704.68858290285,4685.465724392814,0.0,24489.241536017737,19836.285644174364,10800.0,10800.0,0
2025-12-19,M2,26512.855217655953,0.0,803.9380557866815,27316.793273442625,27316.793273442625,0.0,1076.818302057121,0.0,0.0,27316.793273442625,50275.622699382744,51352.44100143987,2817.702170285581,1810.6569827160502,20082.581833885466,16266.89128544723,10800.0,10800.0,0
2025-12-20,M2,27200.76102839345,0.0,0.0,27200.76102839345,27200.76102839345,0.0,0.0,0.0,0.0,27200.76102839345,51545.23764353984,51545.23764353984,2977.2950954142134,1903.107527345343,20044.646162001503,16236.163391221216,10800.0,10800.0,0
2025-12-21,M2,62589.353588816346,0.0,43.28618927975175,62632.6397780961,62632.6397780961,0.0,32.876686923763714,0.0,0.0,62632.6397780961,97596.23245892779,97629.10914585154,4002.384643889601,0.0,24152.329659448864,19563.387024153577,10800.0,10800.0,0
2025-12-22,M2,62223.5118553263,0.0,323.5536268561096,62547.06548218242,62547.06548218242,0.0,228.50646346385474,15.857070508880906,74.29830386936149,62621.363786051785,97132.68756507356,97361.1940285374,3791.8379256749154,0.0,24462.032052831826,19814.24596279378,10800.0,10800.0,2
2025-12-23,M2,62640.60716819432,0.0,9.476034159559864,62650.08320235388,62650.08320235388,0.0,4.941153140341953,0.0,0.0,62650.08320235388,97628.92804757286,97633.8692007132,5883.71985878222,0.0,23642.404255777128,19150.34744717948,10800.0,10800.0,0
2025-12-24,M2,61504.32463316338,0.0,63.62435926106188,61567.94899242445,61567.94899242445,0.0,33.90073771044683,43.04618359683809,300.2901767715425,61868.23916919599,96207.26525109963,96241.16598881008,3765.498991537501,0.0,24548.178232646074,19884.024368443323,10800.0,10800.0,1
2025-12-25,M2,60623.929614840774,0.0,139.99195922776175,60763.92157406852,60763.92157406852,0.0,77.55386663314948,0.0,0.0,60763.92157406852,94861.55093010933,94939.10479674247,2490.663895363048,0.0,24399.959831821583,19763.96746377548,10800.0,10800.0,0
2025-12-26,M2,26227.7850219173,0.0,606.3742910204037,26834.159312937714,26834.159312937714,0.0,507.510887254174,0.0,0.0,26834.159312937714,49879.15519548675,50386.666082740914,2257.0537050759804,1303.9041,20095.18865437688,16277.102810045273,10800.0,10800.0,0
2025-12-27,M2,26613.150935232778,0.0,238.1957400455472,26851.346675278328,26851.346675278328,0.0,181.66241941327792,0.0,0.0,26851.346675278328,50819.40526851198,51001.067687925264,2353.1094067213066,1504.6289666666667,20023.790778266448,16219.270530395825,10800.0,10800.0,0
2025-12-28,M2,62305.32732696813,0.0,230.3232772535867,62535.6506042217,62535.6506042217,0.0,130.30932320639857,42.24576545813807,246.6062117335875,62782.25681595529,97152.85164217549,97283.16096538189,6103.254117341003,0.0,23225.778228942247,18812.880365443223,10800.0,10800.0,2
2025-12-29,M2,61779.0974380931,0.0,319.93320297155867,62099.030641064644,62099.030641064644,0.0,400.00816826219864,0.0,0.0,62099.030641064644,96716.60018794281,97116.60835620499,5100.076967266763,0.0,23646.13222248203,19153.367100210446,10800.0,10800.0,0
2025-12-30,M2,60833.10330603997,0.0,495.8046112604643,61328.90791730045,61328.90791730045,0.0,404.37379557699023,8.162163738416211,47.679279477958296,61376.58719677841,95394.58742038367,95798.96121596065,4992.212508007618,0.0,24160.56985100766,19570.061579316207,10800.0,10800.0,1
2025-12-31,M2,60764.68092964952,0.0,262.33283880468974,61027.01376845419,61027.01376845419,0.0,210.8477663665139,15.660293374381057,73.37630460566244,61100.390073059854,95294.03106284823,95504.87882921475,2227.129876940044,0.0,24988.98364501288,20341.997332697116,10800.0,10687.866021959231,2
2025-02-01,M3,26155.501757502116,0.0,14595.60352472183,40751.10528222395,40751.10528222395,0.0,13558.358917824167,0.0,0.0,40751.10528222395,50197.67264757449,63756.031565398654,18109.785943654446,8601.235703327831,14035.968342542343,11369.134357459296,10800.0,10800.0,0
2025-02-02,M3,59573.75003904099,0.0,20476.565212398407,80050.31525143936,80050.31525143936,0.0,16798.33893355434,0.0,0.0,80050.31525143936,93795.18762309698,110593.52655665133,28561.711474103853,437.1925500000002,17043.918855512988,13805.574272965518,10800.0,10800.0,0
2025-02-03,M3,76570.68127726397,0.0,19556.41861601916,96127.09989328311,96127.09989328311,0.0,13361.658866985636,0.0,0.0,96127.09989328311,115746.97218214348,129108.63104912911,46564.056820328304,80.66648333333342,11826.269712986817,9579.278467519327,10800.0,10800.0,0
2025-02-04,M3,76263.56986802717,0.0,20063.87190734945,96327.44177537665,96327.44177537665,0.0,13685.24041836992,0.0,0.0,96327.44177537665,115355.86537375978,129041.10579212969,45151.923401595224,319.04835000000026,12501.421529128831,10126.151438594352,10800.0,10800.0,0
2025-02-05,M3,72971.88798052775,0.0,23784.124270729986,96756.01225125777,96756.01225125777,0.0,16695.64247553531,0.0,0.0,96756.01225125777,111016.60951580736,127712.25199134268,44560.11355343506,41.18235000000027,12434.363708285704,10071.834603711424,10800.0,10800.0,0
2025-02-06,M3,74710.84413465482,0.0,21584.611145951014,96295.45528060588,96295.45528060588,0.0,14956.541795940699,0.0,0.0,96295.45528060588,113055.58676783692,128012.12856377762,45423.64809029146,1.400816666666742,12189.591790278055,9873.569350125228,10800.0,10800.0,0
2025-02-07,M3,36784.41300175785,0.0,21147.648321413293,57932.06132317116,57932.06132317116,0.0,15355.34132609924,0.0,0.0,57932.06132317116,65632.91172792114,80988.25305402037,36648.9653110371,10832.261514819578,8954.455586826512,7253.109025329473,10800.0,10800.0,0
2025-02-08,M3,32614.090103108858,0.0,23052.13964659628,55666.22974970512,55666.22974970512,0.0,17393.92707362253,0.0,0.0,55666.22974970512,59338.64908868876,76732.57616231129,32558.636448040634,10923.694170745626,8805.699088728263,7132.616261869891,10800.0,10800.0,0
2025-02-09,M3,70320.8621343683,0.0,24966.492109084527,95287.35424345284,95287.35424345284,0.0,17928.894637954698,0.0,0.0,95287.35424345284,107073.72388646274,125002.61852441746,43042.997278317926,52.42941666666661,12377.767698769534,10025.991836003326,10800.0,10800.0,0
2025-02-10,M3,71723.20366516041,0.0,20462.11639827091,92185.32006343131,92185.32006343131,0.0,13918.602624705927,0.0,0.0,92185.32006343131,108973.21507476374,122891.81769946968,44915.243782010904,1451.7277666666669,11569.518776098783,9371.310208640014,10800.0,10800.0,0
2025-02-11,M3,60116.60547458568,0.0,15374.835867083499,75491.44134166917,75491.44134166917,0.0,12334.465495427548,0.0,0.0,75491.44134166917,93757.38432669718,106091.84982212473,26853.387031616305,791.998266666667,16978.249423728557,13752.382033220134,10800.0,10800.0,0
2025-02-12,M3,61035.87889258277,0.0,13432.681612533113,74468.56050511592,74468.56050511592,0.0,10834.748638781904,0.0,0.0,74468.56050511592,94754.6853913363,105589.4340301182,25931.018867243794,1168.1045500000002,16966.1814712688,13742.606991727724,10800.0,10800.0,0
2025-02-13,M3,61222.39057293078,0.0,13576.826893940271,74799.21746687111,74799.21746687111,0.0,10858.835895702869,0.0,0.0,74799.21746687111,95053.8552594512,105912.69115515407,30041.747111301294,1690.4343363732462,15005.424688488793,12154.393997675923,10800.0,10800.0,0
2025-02-14,M3,26156.74842597882,0.0,11668.983047223297,37825.73147320214,37825.73147320214,0.0,10877.269150396973,0.0,0.0,37825.73147320214,48832.047684135556,59709.31683453253,17241.541719178575,10216.594381079456,12891.46798740965,10442.089069801814,10800.0,10800.0,0
2025-02-15,M3,26160.681632106476,0.0,10404.288899319858,36564.970531426334,36564.970531426334,0.0,9068.13990332535,0.0,0.0,36564.970531426334,49294.13975682727,58362.27966015262,15810.808908043975,10782.374894003122,13100.025042660647,10611.020284555127,10800.0,10800.0,0
2025-02-16,M3,61487.56925147556,0.0,13437.49654346146,74925.06579493704,74925.06579493704,0.0,10721.575946110343,0.0,0.0,74925.06579493704,95596.53624694157,106318.11219305193,27281.706355930113,571.048033333333,16252.51949362361,13164.54078983513,10800.0,10800.0,0
2025-02-17,M3,60648.05327485838,0.0,13528.062409149657,74176.11568400808,74176.11568400808,0.0,10685.08881753818,0.0,0.0,74176.11568400808,94838.1087569434,105523.19757448157,29818.449849828223,1686.880583333333,14915.810392912357,12081.806418259006,10800.0,10800.0,0
2025-02-18,M3,57758.52403094776,0.0,16859.655130245024,74618.1791611928,74618.1791611928,0.0,14031.225914151255,0.0,0.0,74618.1791611928,90296.14542612009,104327.37134027132,28230.21338242614,1075.3626166666659,15423.197672869395,12492.790115024212,10800.0,10800.0,0
2025-02-19,M3,51769.54028010809,0.0,21662.171177735316,73431.71145784337,73431.71145784337,0.0,17773.113811353887,0.0,0.0,73431.71145784337,83164.95531304146,100938.06912439535,23092.324666435823,1629.7482833333327,17561.414691015027,14224.745899722171,10800.0,10800.0,0
2025-02-20,M3,53462.831592328075,0.0,19275.299398491774,72738.13099081986,72738.13099081986,0.0,15824.385990401497,0.0,0.0,72738.13099081986,85617.32133801712,101441.70732841862,25773.89332838597,1614.8650999999993,16104.29035104904,13044.475184349722,10800.0,10800.0,0
2025-02-21,M3,22765.85620895532,0.0,12181.352071350555,34947.208280305866,34947.208280305866,0.0,11852.099048424661,0.0,0.0,34947.208280305866,43981.54373791593,55833.642786340584,14187.887279370068,13532.45986091015,13437.019014352787,10883.985401625752,10800.0,10800.0,0
2025-02-22,M3,23330.287360839135,0.0,11872.351708495107,35202.63906933426,35202.63906933426,0.0,11782.9839173089,0.0,0.0,35202.63906933426,44894.56823717075,56677.55215447965,15169.713370102603,11111.996930798836,13426.73142234151,10875.652452096623,10800.0,10800.0,0
2025-02-23,M3,53160.55316089658,0.0,21059.006118749017,74219.55927964562,74219.55927964562,0.0,17346.137887166213,0.0,0.0,74219.55927964562,85350.59431518294,102696.73220234914,27042.977432153453,1012.5197166666669,16365.165106293134,13255.783736097439,10800.0,10800.0,0
2025-02-24,M3,51352.661021524575,0.0,20563.50379444331,71916.16481596789,71916.16481596789,0.0,17509.498534606773,0.0,0.0,71916.16481596789,82799.32113708486,100308.81967169164,26434.56493279806,2682.0446500000003,15732.507748562668,12743.33127633576,10800.0,10800.0,0
2025-02-25,M3,50491.66197227014,0.0,21075.616109664385,71567.27808193452,71567.27808193452,0.0,17840.18639312441,0.0,0.0,71567.27808193452,81686.2614992752,99526.44789239962,27197.137172513452,3630.18323151635,15146.338184402563,12268.533929366075,10800.0,10800.0,0
2025-02-26,M3,48056.94365537614,0.0,21849.28332341926,69906.2269787954,69906.2269787954,0.0,18660.07988972803,0.0,0.0,69906.2269787954,78178.54704009613,96838.62692982417,23010.770769881237,1996.6930666666663,15875.342420752313,12859.027360809376,10800.0,10800.0,0
2025-02-27,M3,48758.14292782937,0.0,19409.377817355733,68167.52074518513,68167.52074518513,0.0,16215.04277543511,0.0,0.0,68167.52074518513,78945.90626421585,95160.94903965096,22104.54403573965,2832.1851840413424,17198.082209841985,13930.446589972013,10800.0,10800.0,0
2025-02-28,M3,21429.029811101344,0.0,10452.47444984041,31881.504260941754,31881.504260941754,0.0,10644.9585026118,0.0,0.0,31881.504260941754,41468.95857857804,52113.91708118984,12380.160409555898,13661.978354805864,14627.288246463559,11848.103479635483,10800.0,10800.0,0
2025-03-01,M3,22224.47517037331,0.0,7055.960849993555,29280.436020366862,29280.436020366862,0.0,6622.737081461695,0.0,0.0,29280.436020366862,43080.7015072328,49703.438588694495,10706.51065470147,12690.547200191802,13934.81473930468,11287.199938836791,10800.0,10800.0,0
2025-03-02,M3,49505.16402528442,0.0,21940.025209539304,71445.18923482376,71445.18923482376,0.0,18685.601163258507,0.0,0.0,71445.18923482376,80433.5492253531,99119.15038861161,23227.426125946335,204.51718333333315,17520.52638244888,14191.626369783591,10800.0,10800.0,0
2025-03-03,M3,52894.21276698863,0.0,17530.709926815685,70424.9226938043,70424.9226938043,0.0,14036.332984087105,0.0,0.0,70424.9226938043,84930.87522291651,98967.2082070036,22496.73509150526,1098.2015666666662,17658.552186833404,14303.427271335058,10800.0,10800.0,0
2025-03-04,M3,51567.66390825856,0.0,20330.413407189113,71898.07731544768,71898.07731544768,0.0,17009.236194251753,0.0,0.0,71898.07731544768,82731.07504770663,99740.31124195838,25978.255258441626,1462.6062333333332,16315.746404474077,13215.754587624004,10800.0,10800.0,0
2025-03-05,M3,49476.06773943027,0.0,20870.19349210345,70346.26123153369,70346.26123153369,0.0,17351.683038961502,0.0,0.0,70346.26123153369,80413.11562943138,97764.79866839288,26666.62695737937,1994.4603333333332,15648.628215860645,12675.388854847122,10800.0,10800.0,0
2025-03-06,M3,46493.43324078161,0.0,21834.15100340714,68327.58424418872,68327.58424418872,0.0,18391.049786476135,0.0,0.0,68327.58424418872,75894.6130379535,94285.66282442963,23202.085338637546,2145.089466666666,15778.073083116318,12780.239197324227,10800.0,10800.0,0
2025-03-07,M3,20924.330949455827,0.0,7651.259047266455,28575.58999672228,28575.58999672228,0.0,7690.19195499156,0.0,0.0,28575.58999672228,41110.9816281993,48801.17358319086,11216.743954214946,13951.077495903963,14268.771577571697,11557.704977833071,10800.0,10800.0,0
2025-03-08,M3,19189.052098844466,0.0,9958.48980722052,29147.541906064995,29147.541906064995,0.0,10218.84745884874,0.0,0.0,29147.541906064995,37854.24986175349,48073.09732060223,10643.274598878243,15645.283221749409,14323.15780688376,11601.757823575848,10800.0,10800.0,0
2025-03-09,M3,46065.84582750243,0.0,19795.137724402164,65860.9835519046,65860.9835519046,0.0,16358.460089571076,0.0,0.0,65860.9835519046,75382.14176451438,91740.60185408546,21707.890571112745,3669.585083333333,15945.269208628306,12915.668058988926,10800.0,10800.0,0
2025-03-10,M3,44143.54075602161,0.0,25013.32910708165,69156.86986310325,69156.86986310325,0.0,21598.852350973295,0.0,0.0,69156.86986310325,72742.83755557638,94341.68990654967,22365.599598643614,793.3967999999992,16529.58977845301,13388.967720546936,10800.0,10800.0,0
2025-03-11,M3,45109.083464291274,0.0,23156.80779723575,68265.89126152702,68265.89126152702,0.0,20086.540975498756,0.0,0.0,68265.89126152702,74192.78546742476,94279.32644292351,24753.720499953837,2732.115733333333,15024.0600507176,12169.488641081252,10800.0,10800.0,0
2025-03-12,M3,46969.193664000995,0.0,17472.762334917923,64441.9559989189,64441.9559989189,0.0,14652.519549379223,0.0,0.0,64441.9559989189,76721.20370093283,91373.72325031205,22597.98763965255,3485.5314499999995,15024.576196453496,12169.906719127332,10800.0,10800.0,0
2025-03-13,M3,45791.87418939865,0.0,22788.836666509524,68580.71085590818,68580.71085590818,0.0,20120.881718882265,0.0,0.0,68580.71085590818,74716.19034378619,94837.07206266846,23512.20834137522,705.4640666666661,16177.798094525853,13104.016456565943,10800.0,10800.0,0
2025-03-14,M3,20366.712268768977,0.0,6311.704228678953,26678.416497447928,26678.416497447928,0.0,6523.019028419527,0.0,0.0,26678.416497447928,39423.502014963466,45946.52104338299,10472.421805902522,16751.754789610666,14173.255076507774,11480.3366119713,10800.0,10800.0,0
2025-03-15,M3,20067.162748503797,0.0,10466.99767266351,30534.160421167304,30534.160421167304,0.0,11782.478817554225,0.0,0.0,30534.160421167304,38994.772335260604,50777.25115281483,14075.772361866297,13080.521519725351,14193.853269595695,11497.021148372514,10800.0,10800.0,0
2025-03-16,M3,45672.013100496995,0.0,23200.415389889225,68872.42849038618,68872.42849038618,0.0,20389.93314259933,1.6400000000001,7.461180000000455,68879.88967038618,74492.91287904255,94882.84602164189,26445.283359507703,2342.651720928025,14450.02109406753,11704.517086194697,10800.0,10800.0,1
2025-03-17,M3,45461.37248271138,0.0,18025.726516889154,63487.09899960052,63487.09899960052,0.0,15501.687457977954,0.0,0.0,63487.09899960052,74255.1819695344,89756.86942751234,24370.984113744744,4935.3668491429125,13644.142269954606,11051.755238663232,10800.0,10800.0,0
2025-03-18,M3,44566.13747957435,0.0,20525.210242697252,65091.34772227159,65091.34772227159,0.0,17747.39098695386,0.0,0.0,65091.34772227159,73161.55401417664,90908.9450011305,23443.96050211738,3388.6813999999995,15528.130170244516,12577.785437898057,10800.0,10800.0,0
2025-03-19,M3,42885.58714645549,0.0,21265.551349644877,64151.13849610038,64151.13849610038,0.0,19319.92111410572,0.0,0.0,64151.13849610038,69949.85787377591,89269.77898788163,22529.115543402295,4313.6874,15586.871549891233,12625.3659554119,10800.0,10800.0,0
2025-03-20,M3,44727.28646894668,0.0,18240.481643386804,62967.76811233349,62967.76811233349,0.0,15577.330659041085,0.0,0.0,62967.76811233349,73100.97648442986,88678.30714347094,20694.401454076662,2909.5473833333326,15081.034154706747,12215.637665312463,10800.0,10800.0,0
2025-03-21,M3,19517.931216328627,0.0,4959.473669863615,24477.40488619224,24477.40488619224,0.0,4297.465768610025,0.0,0.0,24477.40488619224,37952.037749750016,42249.50351836004,7429.274222875329,20025.487306101386,14533.039330087673,11771.761857371013,10800.0,10800.0,0
2025-03-22,M3,19599.193750309678,0.0,4693.4588987523075,24292.652649061984,24292.652649061984,0.0,4118.599777404388,0.0,0.0,24292.652649061984,38037.30356154204,42155.903338946424,7505.631060232535,16005.159823625576,14546.909061868322,11782.996340113346,10800.0,10800.0,0
2025-03-23,M3,44417.396476425594,0.0,20298.505149976078,64715.901626401705,64715.901626401705,0.0,17714.929363928928,0.0,0.0,64715.901626401705,73082.20658422826,90797.13594815719,24453.21911340213,4788.370366666666,14662.243954851192,11876.417603429467,10800.0,10800.0,0
2025-03-24,M3,42183.99187624393,0.0,20051.264429633007,62235.256305876945,62235.256305876945,0.0,17345.267752529955,0.0,0.0,62235.256305876945,70097.99316800229,87443.26092053225,21699.803205959328,4940.525899999999,14760.182795997851,11955.748064758262,10800.0,10800.0,0
2025-03-25,M3,44538.747249094915,0.0,16787.515970902285,61326.26321999721,61326.26321999721,0.0,14073.129069946208,0.0,0.0,61326.26321999721,73279.7682604451,87352.89733039131,19297.13018561645,4238.897099999999,15088.133305832627,12221.38797772443,10800.0,10800.0,0
2025-03-26,M3,40931.37673488468,0.0,21475.90143285654,62407.27816774121,62407.27816774121,0.0,19294.636633592414,0.0,0.0,62407.27816774121,67802.24633411091,87096.88296770332,23153.26445247308,5558.0266833333335,14700.194553843467,11907.157588613212,10800.0,10800.0,0
2025-03-27,M3,41371.35268446278,0.0,21695.15653572016,63066.50922018293,63066.50922018293,0.0,19391.89738412802,0.0,0.0,63066.50922018293,68216.9286644164,87608.82604854442,21780.27245440144,4309.265899939617,14748.938390544059,11946.640096340692,10800.0,10800.0,0
2025-03-28,M3,18699.59882791257,0.0,3944.3681174648955,22643.966945377462,22643.966945377462,0.0,2861.254753481153,0.0,0.0,22643.966945377462,36907.72785406276,39768.98260754391,5673.668582716527,20533.16202727435,14422.480162559841,11682.208931673473,10800.0,10800.0,0
2025-03-29,M3,18580.456579493744,0.0,4115.88027876336,22696.3368582571,22696.3368582571,0.0,2959.0236966050697,0.0,0.0,22696.3368582571,36807.88777342616,39766.91147003123,5306.189018823386,24027.03985436917,14349.860071080744,11623.386657575407,10800.0,10800.0,0
2025-03-30,M3,39736.553558404754,0.0,19196.810464506703,58933.36402291145,58933.36402291145,0.0,17280.037800755603,0.0,0.0,58933.36402291145,65779.0469561085,83059.08475686412,18932.02937039561,5923.659714360092,15040.92616899166,12183.150196883244,10800.0,10800.0,0
2025-03-31,M3,39232.29569371531,0.0,22185.1028799769,61417.39857369222,61417.39857369222,0.0,20666.921496657753,0.0,0.0,61417.39857369222,65132.90091561305,85799.8224122708,22051.2994375404,4071.8348,14343.677323142485,11618.378631745418,10800.0,10800.0,0
2025-04-01,M3,43150.33207342277,0.0,20547.486003000937,63697.8180764237,63697.8180764237,0.0,17977.505239256116,0.0,0.0,63697.8180764237,71845.86583797346,89823.37107722956,24734.143729779433,2275.0845833333333,13712.059197105962,11106.76794965583,10800.0,10800.0,0
2025-04-02,M3,41642.90037745827,0.0,23033.005647761023,64675.90602521931,64675.90602521931,0.0,20311.648333148005,0.0,0.0,64675.90602521931,69427.95029643967,89739.59862958768,23274.32788055783,3046.7372666666665,15701.042538753554,12717.844456390374,10800.0,10800.0,0
2025-04-03,M3,43255.75128444171,0.0,17872.412993954924,61128.164278396594,61128.164278396594,0.0,15330.480728817434,0.0,0.0,61128.164278396594,71610.89162540794,86941.37235422537,22581.169204809798,5787.3824,14259.423593415304,11550.133110666398,10800.0,10800.0,0
2025-04-04,M3,17816.33288464049,0.0,3642.6586135136886,21458.991498154173,21458.991498154173,0.0,2696.6044697841535,0.0,0.0,21458.991498154173,35765.38423515791,38461.988704942065,5454.049295887935,23762.461157026737,14814.084221196792,11999.4082191694,10800.0,10800.0,0
2025-04-05,M3,17609.933573359096,0.0,3861.323133729624,21471.256707088727,21471.256707088727,0.0,2881.256486295519,0.0,0.0,21471.256707088727,35357.88703447915,38239.14352077467,4828.812915012254,18503.4322025937,15067.28115702833,12204.497737192944,10800.0,10800.0,0
2025-04-06,M3,41259.103901065384,0.0,16759.8301295952,58018.93403066059,58018.93403066059,0.0,14663.58461544129,0.0,0.0,58018.93403066059,68879.22969267803,83542.8143081193,20411.147072453175,5945.135811795252,14612.921880022173,11836.466722817957,10800.0,10800.0,0
2025-04-07,M3,39244.82328397607,0.0,19935.511277813217,59180.334561789285,59180.334561789285,0.0,18408.42921234246,0.0,0.0,59180.334561789285,65670.21123216943,84078.64044451188,22306.14445821276,5784.5604398712,14448.50664786632,11703.290384771724,10800.0,10800.0,0
2025-04-08,M3,40069.059145135936,0.0,17824.042095765148,57893.10124090109,57893.10124090109,0.0,15853.443672176796,0.0,0.0,57893.10124090109,67080.284198661,82933.72787083779,18760.10021498281,6981.404844147288,14942.258921268638,12103.229726227604,10800.0,10800.0,0
2025-04-09,M3,39993.324363477,0.0,20819.379516581055,60812.703880058056,60812.703880058056,0.0,19105.336376239575,0.0,0.0,60812.703880058056,66765.40978486984,85870.74616110942,20960.469988984543,2986.466566666666,14681.571519955487,11892.072931163942,10800.0,10800.0,0
2025-04-10,M3,40817.74295074671,0.0,20335.93134450665,61153.67429525333,61153.67429525333,0.0,18397.778422606436,0.0,0.0,61153.67429525333,67977.45986959738,86375.23829220382,22710.087138075927,6509.270684610548,14185.48720798605,11490.2446384687,10800.0,10800.0,0
2025-04-11,M3,17101.879569426426,0.0,4717.846802366091,21819.726371792516,21819.726371792516,0.0,3556.3009971665842,0.0,0.0,21819.726371792516,34258.81396858212,37815.1149657487,5501.3429039454595,23997.624065980548,15786.830679768578,12787.332850612547,10800.0,10800.0,0
2025-04-12,M3,17381.15379121914,0.0,3583.66862029296,20964.82241151211,20964.82241151211,0.0,2550.0804290177566,0.0,0.0,20964.82241151211,34760.14640983526,37310.22683885302,5364.25249130184,20111.599031447884,14785.340874227883,11976.126108124585,10800.0,10800.0,0
2025-04-13,M3,38165.12305695217,0.0,19275.466119675322,57440.58917662748,57440.58917662748,0.0,17851.03501936705,0.0,0.0,57440.58917662748,64075.498078011406,81926.53309737846,19398.26987921504,5503.007311121561,14467.881177413314,11718.983753704784,10800.0,10800.0,0
2025-04-14,M3,39997.94735352371,0.0,16234.308119358586,56232.25547288229,56232.25547288229,0.0,14338.500570105993,0.0,0.0,56232.25547288229,67155.99752624531,81494.49809635131,20116.513922820042,6146.112008162012,14230.738765101332,11526.898399732083,10800.0,10800.0,0
2025-04-15,M3,38924.425539486474,0.0,18138.11522549722,57062.54076498369,57062.54076498369,0.0,16810.16387767707,0.0,0.0,57062.54076498369,65220.22598907147,82030.38986674855,21138.958019516307,8110.393824897116,13903.20625790416,11261.597068902367,10800.0,10800.0,0
2025-04-16,M3,39033.67042303927,0.0,20538.925821311885,59572.59624435122,59572.59624435122,0.0,18778.98578452351,0.0,0.0,59572.59624435122,65792.82550591484,84571.81129043836,21626.791047823077,4473.723720205023,14166.866170580392,11475.161598170123,10800.0,10800.0,0
2025-04-17,M3,38657.610986574,0.0,19623.951169851993,58281.56215642594,58281.56215642594,0.0,18197.52039337866,0.0,0.0,58281.56215642594,64773.83797811206,82971.3583714907,21544.088418239808,5884.109916666666,14077.987824127611,11403.170137543368,10800.0,10800.0,0
2025-04-18,M3,16801.884265835706,0.0,3675.9357629441015,20477.820028779806,20477.820028779806,0.0,2693.180505097697,0.0,0.0,20477.820028779806,33935.60375765362,36628.78426275131,5656.678788341362,21694.948071544353,15384.422208064538,12461.38198853228,10800.0,10800.0,0
2025-04-19,M3,16447.899230424304,0.0,4161.230381086515,20609.129611510816,20609.129611510816,0.0,3052.300919878002,0.0,0.0,20609.129611510816,33507.58628694256,36559.88720682056,5831.758761451903,20991.171386390204,15538.304257781308,12586.026448802855,10800.0,10800.0,0
2025-04-20,M3,38506.725271949326,0.0,18268.345064349138,56775.07033629845,56775.07033629845,0.0,16879.643755174417,0.0,0.0,56775.07033629845,64734.24484584287,81613.88860101727,20931.263272441196,5933.0281617284,14693.959386917708,11902.107103403343,10800.0,10800.0,0
2025-04-21,M3,38644.76427930393,0.0,15765.17020293923,54409.93448224316,54409.93448224316,0.0,13737.642730840922,0.0,0.0,54409.93448224316,65615.0161505992,79352.6588814401,19358.571543144913,8793.697304567266,14123.577107340032,11440.097456945427,10800.0,10800.0,0
2025-04-22,M3,37705.686857793684,0.0,19162.03104739792,56867.71790519162,56867.71790519162,0.0,17988.313526166312,0.0,0.0,56867.71790519162,63460.40385658989,81448.71738275618,20905.09044639331,5742.639726293684,13937.146807381685,11289.088913979169,10800.0,10800.0,0
2025-04-23,M3,38073.65205815676,0.0,18244.066343362647,56317.718401519385,56317.718401519385,0.0,16836.418263644442,0.0,0.0,56317.718401519385,64489.44440579389,81325.86266943833,21692.506247958536,5615.7971938271585,13777.065847294572,11159.423336308608,10800.0,10800.0,0
2025-04-24,M3,37832.442110991244,0.0,14866.222749458613,52698.66486044985,52698.66486044985,0.0,13437.758732849501,0.0,0.0,52698.66486044985,63966.42844730902,77404.18718015851,18358.10918230002,9142.083804681595,14809.934174615319,11996.04668143841,10800.0,10800.0,0
2025-04-25,M3,15461.180682602519,0.0,3002.642314779027,18463.82299738154,18463.82299738154,0.0,2208.464280742739,0.0,0.0,18463.82299738154,31785.145094082807,33993.60937482555,4320.426296355668,24552.524773328118,16422.635027061915,13302.334371920155,10800.0,10800.0,0
2025-04-26,M3,15380.674240790078,0.0,3258.128789247762,18638.803030037834,18638.803030037834,0.0,2354.1723847072,0.0,0.0,18638.803030037834,31715.650642995504,34069.8230277027,3885.408484413705,27016.783479584425,16302.302265111799,13204.86483474056,10800.0,10800.0,0
2025-04-27,M3,36199.28989752118,0.0,16046.370505150959,52245.66040267214,52245.66040267214,0.0,15414.571288312864,0.0,0.0,52245.66040267214,61240.594662775344,76655.1659510882,16679.129689254973,8469.23873075852,15438.559724954655,12505.23337721327,10800.0,10800.0,0
2025-04-28,M3,37891.9159318428,0.0,19452.818211878115,57344.73414372091,57344.73414372091,0.0,18381.776066103837,0.0,0.0,57344.73414372091,64010.38388168016,82392.159947784,19867.227271488257,3053.8992682966527,14995.084691223345,12146.018599890911,10800.0,10800.0,0
2025-04-29,M3,38404.839254845785,0.0,14549.60451316888,52954.44376801461,52954.44376801461,0.0,13009.801055848953,0.0,0.0,52954.44376801461,65183.54757589018,78193.34863173914,18528.54846955413,9540.644030452673,14162.854816135137,11471.912401069461,10800.0,10800.0,0
2025-04-30,M3,36891.966643823194,0.0,15062.66297931356,51954.629623136745,51954.629623136745,0.0,14950.487988502544,0.0,0.0,51954.629623136745,62165.36340267735,77115.8513911799,19651.601468762074,6390.457933333332,14825.987135532388,12009.049579781236,10800.0,10800.0,0
2025-05-01,M3,36536.62682922808,0.0,14401.434981389117,50938.06181061719,50938.06181061719,0.0,13377.839295020243,532.9863632127513,3394.7380108220377,54332.79982143923,61643.12206375237,75020.9613587726,13570.977867714206,8230.779816666667,16225.551629046779,13484.740391442283,10800.0,10419.951586761788,4
2025-05-02,M3,16568.350569402533,0.0,4137.376521552054,20705.727090954584,20705.727090954584,0.0,3442.5615814031244,0.0,0.0,20705.727090954584,33140.986217574595,36583.547798977714,2738.0277302182158,15863.847493673109,17627.94168336144,13936.589191608382,10419.951586761788,10800.0,0
2025-05-03,M3,17440.949905660276,0.0,2610.9589992707497,20051.90890493102,20051.90890493102,0.0,1976.1050318540142,0.0,0.0,20051.90890493102,34355.474165974294,36331.57919782831,3139.270695737706,21058.679481860192,17191.880895949544,13925.423525719132,10800.0,10800.0,0
2025-05-04,M3,40949.78897099829,0.0,17070.023587106352,58019.81255810464,58019.81255810464,0.0,15264.534017020853,0.0,0.0,58019.81255810464,68458.32923179728,83722.86324881815,22435.082196511652,6885.1811275720165,14041.750481058662,11373.81788965752,10800.0,10800.0,0
2025-05-05,M3,40000.96826005306,0.0,17797.704933811652,57798.67319386468,57798.67319386468,0.0,16631.013237363448,0.0,0.0,57798.67319386468,66809.42648237951,83440.43971974295,19926.494925761577,5576.218066666667,15061.683827972121,12199.963900657414,10800.0,10800.0,0
2025-05-06,M3,38819.225711520616,0.0,18971.996084651313,57791.22179617195,57791.22179617195,0.0,17697.084165676115,0.0,0.0,57791.22179617195,64817.62070993146,82514.70487560758,19313.890873185934,7469.409283333333,15216.935062267343,12355.61270984569,10800.0,10766.782989545398,0
2025-05-07,M3,38996.832624422845,0.0,19264.581305704964,58261.413930127805,58261.413930127805,0.0,17868.21544448855,76.39382924839515,532.9233528368046,58794.33728296461,65388.19946465112,83256.41490913967,19042.10771445727,6404.217133333333,14677.592795728055,11858.954855130582,10766.782989545398,10800.0,1
2025-05-08,M3,43186.358640306484,0.0,16226.035895416746,59412.39453572324,59412.39453572324,0.0,14948.046108548933,35.999250000000075,243.22893262500048,59655.62346834824,70626.159637245,85574.20574579394,22899.833821395958,4180.627333333332,14227.533900340219,11524.30245927558,10800.0,10800.0,1
2025-05-09,M3,18898.945820023237,0.0,3710.684728407406,22609.63054843064,22609.63054843064,0.0,2687.3525481403476,0.0,0.0,22609.63054843064,36291.797048912646,38979.149597052994,5988.331163566662,21591.5973295811,15262.290810027553,12362.45555612232,10800.0,10800.0,0
2025-05-10,M3,18909.163378991474,0.0,4010.2048474719186,22919.368226463386,22919.368226463386,0.0,3635.9722569491014,0.0,0.0,22919.368226463386,36402.209196014875,40038.18145296397,6660.1066999758405,18388.614581711467,15096.920462859624,12228.505574916297,10800.0,10800.0,0
2025-05-11,M3,40528.78722192178,0.0,20379.786585333106,60908.57380725485,60908.57380725485,0.0,18429.75563130763,41.18071666666674,277.36103945833383,61185.93484671318,67483.58589288415,85913.34152419178,23013.206332098132,4748.457333333334,14256.73416891399,11547.954676820333,10800.0,10800.0,2
2025-05-12,M3,39380.746493285966,0.0,20763.895059855833,60144.64155314182,60144.64155314182,0.0,19345.238321355497,0.0,0.0,60144.64155314182,65750.25619217064,85095.49451352612,24373.968835080814,6363.649720731473,12772.003812528961,10345.323088148458,10800.0,10800.0,0
2025-05-13,M3,40171.08275210059,0.0,15935.576214036784,56106.6589661374,56106.6589661374,0.0,14391.68709338253,0.0,0.0,56106.6589661374,67369.76824470592,81761.45533808845,20437.17493615065,5339.315352402891,15030.275172990687,12174.522890122455,10800.0,10800.0,0
2025-05-14,M3,39565.65946403191,0.0,19628.693563969384,59194.353028001286,59194.353028001286,0.0,18749.286140379136,0.0,0.0,59194.353028001286,65580.99533165124,84330.28147203039,23250.68277642152,5539.867784362138,13292.537515333706,10766.955387420301,10800.0,10800.0,0
2025-05-15,M3,40447.53129990195,0.0,19027.61749823438,59475.14879813631,59475.14879813631,0.0,18300.67581673743,0.0,0.0,59475.14879813631,66053.63255386874,84354.30837060616,22568.589124776703,6489.334803497941,13322.769257885211,10791.443098887023,10800.0,10800.0,0
2025-05-16,M3,18163.988733233567,0.0,3449.8869077747568,21613.875641008326,21613.875641008326,0.0,2492.5512522569647,0.0,0.0,21613.875641008326,34655.681481518324,37148.232733775294,5456.823853225276,25994.460120306856,15691.801194262252,12710.358967352424,10800.0,10800.0,0
2025-05-17,M3,18193.602932333284,0.0,4268.987601098762,22462.590533432045,22462.590533432045,0.0,3801.962499335821,0.0,0.0,22462.590533432045,34683.498646898144,38485.46114623397,6055.769186599641,18924.916748318763,16084.084884116979,13028.108756134752,10800.0,10800.0,0
2025-05-18,M3,40828.0753320327,0.0,17826.375716792823,58654.45104882552,58654.45104882552,0.0,16115.540921143027,0.0,0.0,58654.45104882552,68093.11784217802,84208.65876332106,23582.831746139418,4290.085366666666,13997.755529026163,11338.181978511197,10800.0,10800.0,0
2025-05-19,M3,39436.64657724003,0.0,15452.1555959315,54888.80217317152,54888.80217317152,0.0,13898.97428480664,67.00333333333344,451.9039816666674,55340.70615483819,66098.25462101537,79997.228905822,20067.50773464224,9740.71020617284,14425.25130705397,11684.453558713714,10800.0,10800.0,1
2025-05-20,M3,39041.440996261976,0.0,18903.49944343315,57944.940439695136,57944.940439695136,0.0,18185.95520305977,0.0,0.0,57944.940439695136,64349.836871077976,82535.79207413775,21502.388639005476,3880.2559316872416,13819.750983043972,11193.998296265614,10800.0,10800.0,0
2025-05-21,M3,40528.409612314485,0.0,16384.617008703266,56913.02662101776,56913.02662101776,0.0,15367.484204950313,0.0,0.0,56913.02662101776,66525.25406442393,81892.73826937425,20550.252907290436,7510.20315,12998.246993423603,10528.580064673119,10800.0,10800.0,0
2025-05-22,M3,39060.71905407091,0.0,16587.46003301685,55648.17908708775,55648.17908708775,0.0,15811.578176439398,0.0,0.0,55648.17908708775,64263.64746532151,80075.22564176092,19854.11372258121,6781.767356790126,13803.756556436394,11181.042810713483,10800.0,10800.0,0
2025-05-23,M3,17459.818985695692,0.0,3647.219077720868,21107.038063416556,21107.038063416556,0.0,2650.511822935382,0.0,0.0,21107.038063416556,33434.34354798716,36084.855370922545,5457.8705867782255,21044.778206087067,16638.198393283834,13476.940698559913,10800.0,10800.0,0
2025-05-24,M3,17855.191410036256,0.0,3122.444164379956,20977.635574416214,20977.635574416214,0.0,2294.310631836543,0.0,0.0,20977.635574416214,33962.62867756062,36256.93930939716,5415.121653498873,23987.304217915833,16315.852919205938,13215.840864556812,10800.0,10800.0,0
2025-05-25,M3,39250.726283504686,0.0,15415.68577400992,54666.41205751457,54666.41205751457,0.0,14497.026621394465,0.0,0.0,54666.41205751457,65527.81979208757,80024.84641348204,20017.117896262564,8839.624789711934,13805.755495653655,11182.661951479458,10800.0,10800.0,0
2025-05-26,M3,37901.30356515545,0.0,17266.246869010145,55167.550434165576,55167.550434165576,0.0,16938.211106098915,0.0,0.0,55167.550434165576,62604.41297926963,79542.62408536853,17523.050176327222,4776.529966666666,14016.899959866614,11353.688967491958,10800.0,10800.0,0
2025-05-27,M3,39498.81452988834,0.0,17267.894310645956,56766.70884053427,56766.70884053427,0.0,16040.8957309067,0.0,0.0,56766.70884053427,65531.67625360368,81572.57198451039,21908.541639754,7654.206045854703,13786.615783693072,11167.15878479139,10800.0,10800.0,0
2025-05-28,M3,38185.049196823486,0.0,18230.147868621054,56415.19706544453,56415.19706544453,0.0,16965.92555977754,0.0,0.0,56415.19706544453,63803.09116558324,80769.01672536077,19370.27668576428,6476.720666666666,13937.869857525402,11289.67458459557,10800.0,10800.0,0
2025-05-29,M3,37981.51660555622,0.0,20711.357538756332,58692.87414431254,58692.87414431254,0.0,19147.970230331448,17.817433333333497,119.77769558333443,58812.65183989587,63655.809047446266,82803.7792777777,20369.906083673493,5640.1650666666665,14217.905583004782,11516.503522233883,10800.0,10800.0,1
2025-05-30,M3,17426.904695839006,0.0,3354.736335726344,20781.64103156534,20781.64103156534,0.0,2406.542262978425,0.0,0.0,20781.64103156534,33685.79155356409,36092.333816542516,4763.621760982685,21723.641397617743,15835.986269870667,12827.148878595246,10800.0,10800.0,0
2025-05-31,M3,17863.922368638803,0.0,3610.6879894639414,21474.610358102746,21474.610358102746,0.0,2742.262511595309,0.0,0.0,21474.610358102746,34305.7018064586,37047.96431805391,5914.655637977884,19676.46900179037,16145.569096240279,13077.910967954624,10800.0,10800.0,0
2025-06-01,M3,41059.29560956419,0.0,26840.603146606354,67899.8987561705,67899.8987561705,0.0,23334.783662714635,523.6558051959325,3194.8281872398147,71094.72694341032,68812.41763009473,92147.20129280936,18154.833775346582,559.0312333333333,16854.554010085598,14122.388220760226,10800.0,10277.55614156568,13
2025-06-02,M3,49135.95998609217,0.0,17510.328119417998,66646.28810551019,66646.28810551019,0.0,14365.311122469147,4.240054608275614,28.582208114385914,66674.87031362457,79969.12595246811,94334.43707493726,20104.514080859262,1988.1987333333332,16499.77575137926,12894.618886026312,10277.55614156568,10800.0,1
2025-06-03,M3,53371.81351189232,0.0,20390.082688335136,73761.8962002274,73761.8962002274,0.0,17403.567814196314,10.821261145249878,72.9586660792137,73834.85486630662,84417.08736645349,101820.6551806498,27976.210249901233,2841.290749999999,14850.571624002572,12028.963015442088,10800.0,10800.0,2
2025-06-04,M3,54055.739220003765,0.0,15510.550239600321,69566.28945960409,69566.28945960409,0.0,12839.885239791107,5.743296259757699,38.7356616239358,69605.02512122803,86139.97654029718,98979.86178008828,25528.092751427168,981.0900666666662,14900.849692566037,12069.688250978488,10800.0,10800.0,1
2025-06-05,M3,52993.25114361725,0.0,19987.18162264621,72980.43276626343,72980.43276626343,0.0,17035.710241054658,61.19204623142173,412.5392583492439,73392.97202461268,84360.8127192342,101396.52296028889,25909.38789869705,1383.6305333333335,15870.413462227749,12855.034904404483,10800.0,10800.0,2
2025-06-06,M3,24388.202822904335,0.0,8113.697174185458,32501.899997089793,32501.899997089793,0.0,9006.793211673144,0.0,0.0,32501.899997089793,45442.10765587641,54448.90086754956,10598.507679658705,10472.319706330047,13279.358324004275,10756.280242443472,10800.0,10800.0,0
2025-06-07,M3,27266.49971910279,0.0,6810.830255554616,34077.32997465741,34077.32997465741,0.0,7620.832363834428,0.0,0.0,34077.32997465741,50209.11118602197,57829.9435498564,14430.24936318851,9921.94638358922,12374.919139010522,10023.684502598522,10800.0,10800.0,0
2025-06-08,M3,62752.196321903335,0.0,10168.976251221144,72921.17257312444,72921.17257312444,0.0,8606.18568445103,0.0,0.0,72921.17257312444,97392.76547352236,105998.95115797338,35443.71147514922,3184.7617999999993,11502.919032407908,9317.364416250408,10800.0,10800.0,0
2025-06-09,M3,57191.02596106172,5.304627848090604e-14,15279.240019046212,72470.26598010793,72470.26598010793,0.0,13016.633765201488,0.0,0.0,72470.26598010793,90014.02894737376,103030.66271257526,27909.813576295586,1403.5319833333333,14655.812734805346,11871.208315192333,10800.0,10800.0,0
2025-06-10,M3,55578.59290557982,0.0,15572.432848532631,71151.02575411244,71151.02575411244,0.0,13213.682311827682,0.0,0.0,71151.02575411244,87916.30307175707,101129.98538358475,25874.067911318285,660.2974499999995,15669.346257542818,12692.170468609682,10800.0,10800.0,0
2025-06-11,M3,56731.92346073221,0.0,19109.535988760686,75841.4594494929,75841.4594494929,0.0,16322.222760730041,0.0,0.0,75841.4594494929,89260.62868191468,105582.8514426447,25571.376433748483,715.6320499999994,16902.087590681956,13690.69094845239,10800.0,10800.0,0
2025-06-12,M3,57933.350261605614,0.0,17000.567956245304,74933.91821785089,74933.91821785089,0.0,14696.139302894617,0.0,0.0,74933.91821785089,90449.99378998241,105146.13309287703,29017.670097693244,748.8785166666665,15406.279185177822,12479.086139994037,10800.0,10800.0,0
2025-06-13,M3,26909.256918625855,0.0,8170.730712809022,35079.987631434866,35079.987631434866,0.0,9109.712415472062,0.0,0.0,35079.987631434866,48291.573145694536,57401.285561166595,15082.859042091233,11600.79899786636,12485.862216889476,10113.548395680471,10800.0,10800.0,0
2025-06-14,M3,25891.86251104684,0.0,8899.158035747669,34791.020546794505,34791.020546794505,0.0,9404.226335736163,0.0,0.0,34791.020546794505,47201.233247390745,56605.459583126896,14284.841588427525,13835.720798353908,12060.812875502463,9769.258429156995,10800.0,10800.0,0
2025-06-15,M3,53459.48104190649,0.0,20301.969937034464,73761.45097894096,73761.45097894096,0.0,18132.631043291865,0.0,0.0,73761.45097894096,84599.61122063313,102732.242263925,28452.404022292452,693.0960833333331,15577.725394557296,12617.957569591412,10800.0,10800.0,0
2025-06-16,M3,53659.906265144935,0.0,20910.49712631276,74570.40339145767,74570.40339145767,0.0,18073.70270628928,0.0,0.0,74570.40339145767,85309.87217000738,103383.57487629667,26984.85619617022,585.2401833333333,16418.029895402382,13298.604215275926,10800.0,10800.0,0
2025-06-17,M3,53504.309118052086,0.0,20661.84265509082,74166.15177314295,74166.15177314295,0.0,17441.85976738472,23.704972140063205,159.80491983491385,74325.95669297787,85728.69498357803,103170.55475096276,25183.210536282168,292.39985,16219.148000810554,13137.509880656546,10800.0,10800.0,2
2025-06-18,M3,54405.870711686905,0.0,21051.672665884438,75457.54337757129,75457.54337757129,0.0,18380.320079704667,0.0,0.0,75457.54337757129,86539.89315434224,104920.21323404691,31088.129191793985,176.3863666666664,14354.2461872962,11626.939411709924,10800.0,10800.0,0
2025-06-19,M3,51829.87577678207,0.0,19297.19710497584,71127.07288175788,71127.07288175788,0.0,16509.657268119085,27.07548207382615,182.25635627545125,71309.32923803333,82512.04720772002,99021.70447583913,25985.630222041138,1859.0092333333332,15498.085802834083,12553.44950029561,10800.0,10800.0,2
2025-06-20,M3,25589.242741515984,0.0,7236.798942830929,32826.04168434691,32826.04168434691,0.0,7982.523574328254,0.0,0.0,32826.04168434691,45408.71178492483,53391.23535925309,12693.534161104139,16158.407323251025,11256.384341568042,9117.671316670112,10800.0,10800.0,0
2025-06-21,M3,24701.03981784106,0.0,6997.050937690529,31698.0907555316,31698.0907555316,0.0,7088.342737038387,0.0,0.0,31698.0907555316,44327.30760576475,51415.65034280313,11735.139372130307,17918.421882501272,12775.519411429217,10348.170723257663,10800.0,10800.0,0
2025-06-22,M3,47678.71892181099,0.0,22445.026720399343,70123.74564221034,70123.74564221034,0.0,20036.776423111674,0.0,0.0,70123.74564221034,77121.91284424598,97158.68926735767,25822.00561569012,899.6366999999999,15682.662377197632,12702.956525530091,10800.0,10800.0,0
2025-06-23,M3,49018.370178078425,0.0,19953.127532782375,68971.49771086083,68971.49771086083,0.0,17612.65021183482,0.0,0.0,68971.49771086083,78691.6687451925,96304.31895702732,24244.746034135853,1987.0235000000007,15848.754857323562,12837.491434432082,10800.0,10800.0,0
2025-06-24,M3,53460.87120385872,0.0,19619.192418854742,73080.06362271348,73080.06362271348,0.0,16201.412359169022,0.0,0.0,73080.06362271348,85196.04947748051,101397.46183664954,21598.824388747547,169.28284999999983,17687.170252115757,14326.60790421376,10800.0,10800.0,0
2025-06-25,M3,55085.95200107879,0.0,17609.882679779443,72695.83468085824,72695.83468085824,0.0,15310.506757257492,0.0,0.0,72695.83468085824,86793.1905773215,102103.69733457899,27858.34510628439,800.7482833333332,15827.2767278664,12820.094149571789,10800.0,10800.0,0
2025-06-26,M3,49859.893304304765,0.0,22000.909676294526,71860.80298059931,71860.80298059931,0.0,18934.06751420662,3.4895590612270553,23.594653592486736,71884.3976341918,79917.89406258811,98851.96157679474,26342.806061892763,1982.959266666666,15696.326178753647,12714.024204790452,10800.0,10800.0,1
2025-06-27,M3,23675.500895546353,0.0,6080.044946507142,29755.545842053496,29755.545842053496,0.0,6211.466199217231,0.0,0.0,29755.545842053496,43280.33567137079,49491.801870588024,10051.557480087225,17286.611842303373,12536.77200805664,10154.785326525882,10800.0,10800.0,0
2025-06-28,M3,23164.01070207072,0.0,7539.243302553036,30703.254004623752,30703.254004623752,0.0,7967.686714798634,0.0,0.0,30703.254004623752,42646.28633978267,50613.97305458131,11356.87637845879,14975.202874728962,13184.040445930948,10679.072761204063,10800.0,10800.0,0
2025-06-29,M3,48768.75585357006,0.0,20278.55337235496,69047.30922592503,69047.30922592503,0.0,17530.118864153104,0.0,0.0,69047.30922592503,79077.53347653907,96607.65234069218,24240.61243876472,170.22221666666678,15416.048168039202,12486.999016111757,10800.0,10800.0,0
2025-06-30,M3,52597.89474644999,0.0,16273.225214828124,68871.1199612781,68871.1199612781,0.0,13649.388947255366,23.091766858987626,155.48713884936095,69026.60710012747,83959.53829321516,97608.92724047051,24167.95484051003,643.3051166666659,15489.868772734142,12546.79370591466,10800.0,10800.0,2
2025-07-01,M3,49843.151174087405,0.0,34432.54598347456,84275.69715756194,84275.69715756194,0.0,28410.210864535915,95.4873482254169,643.4902140173035,84919.18737157925,79733.8978503848,108144.10871492073,24489.952302104677,1336.0057,18668.915935305977,15121.821907597845,10800.0,10800.0,2
2025-07-02,M3,51157.68059359086,0.0,30939.718391347786,82097.39898493867,82097.39898493867,0.0,25780.873282142322,0.0,0.0,82097.39898493867,82147.39241895478,107928.26570109712,29244.022755474776,3063.167150000001,14296.36541555612,11580.055986600451,10800.0,10800.0,0
2025-07-03,M3,57207.40105335625,0.0,25189.97358876883,82397.3746421251,82397.3746421251,0.0,21060.221690726354,0.0,0.0,82397.3746421251,90315.14671523578,111375.36840596214,27410.55744322484,1283.1604666666665,15374.902961775257,12453.671399037954,10800.0,10800.0,0
2025-07-04,M3,27952.8301241528,0.0,10417.89911817098,38370.72924232379,38370.72924232379,0.0,10710.427477363173,0.0,0.0,38370.72924232379,49190.97787945321,59901.40535681638,11607.197942218543,16735.028158400615,14096.377839634524,11418.066050103971,10800.0,10800.0,0
2025-07-05,M3,28251.598905911724,0.0,8534.759657629633,36786.358563541355,36786.358563541355,0.0,8786.0009553942,0.0,0.0,36786.358563541355,49352.45366156818,58138.45461696238,10419.01193579635,16042.615403716625,15193.406898856487,12306.659588073755,10800.0,10800.0,0
2025-07-06,M3,58137.27265955764,0.0,21832.097815890298,79969.37047544788,79969.37047544788,0.0,19193.504635780555,6.261461332248473,42.23355668601595,80011.6040321339,90816.40624863896,110009.91088441951,25476.803099601068,1659.6825691311305,16240.553300103042,13154.84817308347,10800.0,10800.0,1
2025-07-07,M3,62430.52416018428,0.0,15405.18668701405,77835.71084719835,77835.71084719835,0.0,13037.570995742808,0.0,0.0,77835.71084719835,96775.12728546347,109812.69828120626,31244.153232800396,2637.11173241534,13273.42394380987,10751.473394485995,10800.0,10800.0,0
2025-07-08,M3,65128.20955775587,0.0,10651.749509550402,75779.95906730626,75779.95906730626,0.0,9260.73068664491,0.0,0.0,75779.95906730626,100707.45848924927,109968.1891758942,27621.4784595677,4076.7277833333337,14203.13640171835,11504.54048539186,10800.0,10800.0,0
2025-07-09,M3,63731.67459672398,0.0,11617.6882935982,75349.36289032214,75349.36289032214,0.0,10189.399741974243,0.0,0.0,75349.36289032214,99028.63435856083,109218.03410053506,30333.411731843382,2270.4507166666667,13449.719133465085,10894.272498106724,10800.0,10800.0,0
2025-07-10,M3,57909.72436794572,6.952177500352264e-13,15013.335221627533,72923.05958957323,72923.05958957323,0.0,12828.932802324964,0.0,0.0,72923.05958957323,90586.19534722794,103415.1281495529,24278.125432389705,3490.73225,14698.142546472958,11905.495462643095,10800.0,10800.0,0
2025-07-11,M3,30725.29336370048,0.0,6655.954741078783,37381.24810477927,37381.24810477927,0.0,7176.880944938042,0.0,0.0,37381.24810477927,52995.60510025118,60172.486045189224,11502.215702693959,13673.291521455683,13043.166689681999,10564.96501864242,10800.0,10800.0,0
2025-07-12,M3,28965.611944766944,0.0,8573.925655307465,37539.53760007441,37539.53760007441,0.0,9062.394597528124,0.0,0.0,37539.53760007441,50481.474557467256,59543.86915499538,10854.312937082675,14907.506990403486,14198.978390399408,11501.17249622352,10800.0,10800.0,0
2025-07-13,M3,55115.36275595125,0.0,16640.596476198574,71755.95923214982,71755.95923214982,0.0,14432.25226024617,0.0,0.0,71755.95923214982,86714.58766056556,101146.83992081172,23149.338585522375,6035.196010903951,14182.025917817882,11487.44099343248,10800.0,10800.0,0
2025-07-14,M3,51001.34873007352,0.0,20756.4906002261,71757.83933029964,71757.83933029964,0.0,18385.915714522656,0.0,0.0,71757.83933029964,81104.22773254168,99490.14344706433,21541.14216280399,3444.618015621955,14193.17922090377,11496.47516893205,10800.0,10800.0,0
2025-07-15,M3,59940.66862169176,0.0,9723.065812046383,69663.73443373815,69663.73443373815,0.0,8363.405629036833,0.0,0.0,69663.73443373815,94080.39028204353,102443.79591108038,25622.275201408564,1433.0318166666675,13891.78057722004,11252.342267548229,10800.0,10800.0,0
2025-07-16,M3,56301.78342626144,0.0,14341.7549722484,70643.53839850982,70643.53839850982,0.0,12779.836646659343,0.0,0.0,70643.53839850982,88500.1112198984,101279.94786655775,23374.166873903076,3073.942366666666,14196.185487656208,11498.910245001523,10800.0,10800.0,0
2025-07-17,M3,53454.02886201197,0.0,19513.20184797397,72967.23070998593,72967.23070998593,0.0,17044.840645045693,0.0,0.0,72967.23070998593,84733.15471839985,101777.99536344555,22487.993539444316,3580.4423166666666,15732.333898252073,12743.190457584182,10800.0,10800.0,0
2025-07-18,M3,30665.50778982666,0.0,6215.940390213516,36881.44818004018,36881.44818004018,0.0,6571.783082300029,0.0,0.0,36881.44818004018,53003.47360188977,59575.25668418979,11513.395295101589,14477.482738683128,12158.58184423727,9848.451293832191,10800.0,10800.0,0
2025-07-19,M3,30469.537222216546,0.0,3918.289207095925,34387.82642931247,34387.82642931247,0.0,2909.9368105375797,0.0,0.0,34387.82642931247,52767.29541313458,55677.23222367216,6477.132424570447,19743.89938984225,11965.165048734048,9691.783689474581,10800.0,10800.0,0
2025-07-20,M3,56194.49534502199,0.0,15107.29822927629,71301.79357429831,71301.79357429831,0.0,13321.663853597041,0.0,0.0,71301.79357429831,88782.3650040648,102104.02885766185,24759.91727546417,2640.1608492208175,13757.750085843145,11143.777569532947,10800.0,10800.0,0
2025-07-21,M3,53932.1232751963,0.0,17763.563230951895,71695.6865061482,71695.6865061482,0.0,15624.940684012932,0.0,0.0,71695.6865061482,85912.57845218969,101537.51913620261,22735.697268352025,1939.6655999999996,15117.931146582017,12245.52422873143,10800.0,10800.0,0
2025-07-22,M3,53866.4985252877,0.0,24429.44150336969,78295.94002865738,78295.94002865738,0.0,21908.296870932318,15.941357718862037,107.3889562731141,78403.3289849305,85318.37940371045,107226.67627464277,27886.332262603308,2843.3740666666663,14304.035191710533,11586.268505285529,10800.0,10800.0,1
2025-07-23,M3,59268.421576925866,0.0,13013.490614683233,72281.91219160911,72281.91219160911,0.0,10818.37733180785,0.0,0.0,72281.91219160911,92888.79508497327,103707.17241678113,23579.52211349352,3062.8757000000005,14990.67098221548,12142.443495594542,10800.0,10800.0,0
2025-07-24,M3,56401.83604501882,0.0,18639.142265390714,75040.97831040951,75040.97831040951,0.0,16320.840736756014,0.0,0.0,75040.97831040951,88593.14631478096,104913.98705153697,26184.412857958705,2463.3305666666665,13946.166457429488,11296.394830517884,10800.0,10800.0,0
2025-07-25,M3,28616.033188447513,0.0,8326.42853231598,36942.4617207635,36942.4617207635,0.0,8951.957303193658,0.0,0.0,36942.4617207635,49410.48714711727,58362.444450310926,12724.36858680424,16295.417085580362,14933.364269787651,12096.025058527997,10800.0,10800.0,0
2025-07-26,M3,29605.293779035117,0.0,5447.787682932221,35053.081461967326,35053.081461967326,0.0,5225.803338092352,0.0,0.0,35053.081461967326,51704.764316659115,56930.567654751474,8878.517673467075,17127.17920629478,12925.153728015539,10469.374519692588,10800.0,10800.0,0
2025-07-27,M3,52965.53937376237,0.0,19917.68438874495,72883.22376250733,72883.22376250733,0.0,17193.465246175492,0.0,0.0,72883.22376250733,84426.9085031976,101620.3737493731,21857.35580304196,3017.016200000001,16109.536559637614,13048.72461330647,10800.0,10800.0,0
2025-07-28,M3,57316.770346493795,0.0,20016.570235857227,77333.34058235103,77333.34058235103,0.0,16986.254642910993,0.0,0.0,77333.34058235103,90917.13353451359,107903.38817742458,26572.36135027717,561.0490666666667,14816.318563933775,12001.218036786358,10800.0,10800.0,0
2025-07-29,M3,58241.76122816867,0.0,20343.55051110032,78585.31173926897,78585.31173926897,0.0,17668.2223957253,0.0,0.0,78585.31173926897,91590.6567146292,109258.87911035451,29122.86095610745,1293.8733666666667,14594.204408317855,11821.305570737462,10800.0,10800.0,0
2025-07-30,M3,56286.78569372474,0.0,21173.74070819854,77460.52640192329,77460.52640192329,0.0,18206.073898124174,0.0,0.0,77460.52640192329,88804.57116101903,107010.64505914321,26735.168314917653,3516.4766833333333,13977.610583643283,11321.86457275106,10800.0,10800.0,0
2025-07-31,M3,54511.8828229712,0.0,19932.58373491997,74444.46655789118,74444.46655789118,0.0,17322.131747311756,0.0,0.0,74444.46655789118,86513.66484252329,103835.79658983504,24319.23999986039,1776.0363500000003,16029.073543726228,12983.549570418243,10800.0,10800.0,0
2025-08-01,M3,28270.59327642304,0.0,5038.095555418622,33308.68883184167,33308.68883184167,0.0,3739.2777358662006,0.0,0.0,33308.68883184167,49322.619227372954,53061.89696323915,7077.886755025784,22114.497438219056,13779.7531754087,11161.600072081048,10800.0,10800.0,0
2025-08-02,M3,28588.581944981976,0.0,3587.918313643867,32176.50025862584,32176.50025862584,0.0,2725.6832286818603,0.0,0.0,32176.50025862584,49948.97104910571,52674.65427778757,6534.237837789102,22659.73853903413,13440.278777005284,10886.62580937428,10800.0,10800.0,0
2025-08-03,M3,49419.865129038444,0.0,16330.520571476854,65750.38570051527,65750.38570051527,0.0,15404.231545305043,67.39197884119255,454.1000378147825,66204.48573833006,78376.05998480991,93780.29153011496,19828.02832831995,8313.914678071542,15085.581680164914,12219.321160933581,10800.0,10800.0,2
2025-08-04,M3,48804.1475138427,0.0,18348.83528902195,67152.98280286467,67152.98280286467,0.0,17334.661783480376,0.0,0.0,67152.98280286467,77619.93574880343,94954.5975322838,20206.152134668446,6624.975344855967,14251.657733821456,11543.842764395378,10800.0,10800.0,0
2025-08-05,M3,48635.19181554219,0.0,17675.551400781405,66310.7432163236,66310.7432163236,0.0,16730.75047065175,0.0,0.0,66310.7432163236,77201.45254670922,93932.20301736098,19554.932120503094,6419.024033333333,14768.09015890119,11962.153028709965,10800.0,10800.0,0
2025-08-06,M3,49522.93900658339,0.0,17591.007962465534,67113.94696904895,67113.94696904895,0.0,16396.163987690707,0.0,0.0,67113.94696904895,78772.72282367124,95168.88681136194,19078.898773646775,5058.481517901232,15353.196069196114,12436.088816048847,10800.0,10800.0,0
2025-08-07,M3,50364.65220702992,0.0,16150.379739540056,66515.03194656997,66515.03194656997,0.0,14400.98397234852,1.3851078172941698,9.358480967548058,66524.39042753752,80328.36047904025,94729.34445138877,20528.41737511888,7945.276496227792,15100.265462417836,12231.215024558445,10800.0,10800.0,1
2025-08-08,M3,26198.761360027376,0.0,3661.422605418445,29860.183965445816,29860.183965445816,0.0,2730.403920876474,0.0,0.0,29860.183965445816,45707.716279036125,48438.120199912606,5571.161408567854,23872.662182056072,16942.76504888779,13723.639689599117,10800.0,10800.0,0
2025-08-09,M3,25805.471083573495,0.0,3633.090429002796,29438.561512576292,29438.561512576292,0.0,2772.301807985854,0.0,0.0,29438.561512576292,44999.20305506833,47771.504863054186,4583.307585186293,20986.766084632603,17260.537859133125,13981.03566589783,10800.0,10800.0,0
2025-08-10,M3,49537.723040150275,0.0,13462.67623452457,63000.399274674826,63000.399274674826,0.0,12434.926373346976,0.0,0.0,63000.399274674826,79189.18117574298,91624.10754908995,18628.3708436968,4758.753183333332,15433.497221367528,12501.132749307702,10800.0,10800.0,0
2025-08-11,M3,48758.95918411037,0.0,17236.886149457387,65995.84533356773,65995.84533356773,0.0,15897.107022571236,56.22690241365399,379.12636199350055,66374.97169556124,77936.9179682043,93834.02499077554,19597.841250153215,6805.593685644433,15397.703284516912,12472.139660458699,10800.0,10800.0,2
2025-08-12,M3,49897.61025105184,0.0,17615.002031745007,67512.61228279682,67512.61228279682,0.0,15566.501109855759,7.67384463180656,51.5874205373196,67564.19970333415,79786.84132025964,95353.34243011542,19567.191492676495,5381.195566666665,13958.34508107396,11306.259515669908,10800.0,10800.0,1
2025-08-13,M3,50403.19750366818,0.0,16777.029955006845,67180.22745867503,67180.22745867503,0.0,15208.02233730364,0.0,0.0,67180.22745867503,80252.93227192284,95460.95460922648,21720.856241102185,4935.571540534978,14123.933566259559,11440.386188670243,10800.0,10800.0,0
2025-08-14,M3,49131.42248644091,0.0,17992.92238657381,67124.34487301472,67124.34487301472,0.0,16655.354748995444,37.19404984515006,255.79916053699117,67380.14403355171,78163.78744050323,94819.14218949869,19848.1456094345,6117.884385738599,15600.08032019685,12636.065059359447,10800.0,10800.0,3
2025-08-15,M3,26159.224062833004,0.0,4465.0931014348125,30624.317164267828,30624.317164267828,0.0,3383.0601868983827,0.0,0.0,30624.317164267828,45513.819847026025,48896.880033924404,5257.631554376139,23252.84802726165,16982.4924681752,13755.818899221922,10800.0,10800.0,0
2025-08-16,M3,26222.563776961284,0.0,3887.318742364048,30109.882519325336,30109.882519325336,0.0,2812.8034490978957,0.0,0.0,30109.882519325336,45465.409371215,48278.212820312896,5136.348369309804,22928.92116463663,17282.436419472622,13998.773499772828,10800.0,10800.0,0
2025-08-17,M3,49358.18290962791,0.0,15825.402752105321,65183.58566173327,65183.58566173327,0.0,14767.678853603902,18.154335399342585,122.04251972208054,65305.62818145535,78578.72344133595,93346.40229493985,20060.123733889013,7268.560433333331,15107.78340236934,12237.304555919165,10800.0,10800.0,1
2025-08-18,M3,48478.93839063757,0.0,18459.086726260226,66938.02511689778,66938.02511689778,0.0,17164.539398846933,67.16783503449403,454.7241289542674,67392.74924585206,76800.82877547047,93965.36817431738,19677.90533730247,7040.912083333334,15366.33143183908,12446.72845978966,10800.0,10800.0,3
2025-08-19,M3,48727.65353784651,0.0,17926.845048502113,66654.49858634862,66654.49858634862,0.0,16732.639043728763,115.85367970879702,781.3924048545011,67435.89099120312,77155.25999987865,93887.89904360742,19993.424235560997,6938.143617901234,14497.499051863128,11742.974232009132,10800.0,10800.0,4
2025-08-20,M3,50284.01778772154,0.0,16403.26912199306,66687.2869097146,66687.2869097146,0.0,14459.657899686988,65.77027183496057,443.2482110330084,67130.5351207476,80112.62633013021,94572.28422981717,17520.356141686745,3354.82038465778,16379.931098110275,13267.744189469326,10800.0,10800.0,3
2025-08-21,M3,51639.83734291802,0.0,15841.82606124575,67481.66340416374,67481.66340416374,0.0,14047.944845821481,0.0,0.0,67481.66340416374,81616.85290986141,95664.7977556829,22067.78122924152,5177.217490290595,13554.634488512864,10979.253935695418,10800.0,10800.0,0
2025-08-22,M3,26512.474533225923,0.0,3754.9002726661734,30267.37480589209,30267.37480589209,0.0,2844.1294914969303,0.0,0.0,30267.37480589209,45923.37742676323,48767.506918260166,4326.666353499204,19970.811802170272,17049.786118898377,13810.326756307688,10800.0,10800.0,0
2025-08-23,M3,26937.145785804274,0.0,3624.233852373721,30561.37963817799,30561.37963817799,0.0,2809.586587559157,0.0,0.0,30561.37963817799,46496.39831899901,49305.984906558166,5548.900647792144,18080.716917849393,16559.795741666516,13413.434550749877,10800.0,10800.0,0
2025-08-24,M3,50767.83459945264,0.0,15094.784021867956,65862.6186213206,65862.6186213206,0.0,13346.529126745416,0.0,0.0,65862.6186213206,80450.05686305824,93796.58598980366,18868.52270835768,8259.487720223373,15447.295146785655,12512.309068896378,10800.0,10800.0,0
2025-08-25,M3,54982.569728209804,0.0,12080.683729758006,67063.25345796785,67063.25345796785,0.0,10179.950308807756,0.0,0.0,67063.25345796785,87269.5023694921,97449.45267829984,20324.59088275006,3465.856733333333,15189.042344998921,12303.124299449133,10800.0,10800.0,0
2025-08-26,M3,51446.949674601856,0.0,17180.035208032168,68626.98488263399,68626.98488263399,0.0,15671.591226179778,0.0,0.0,68626.98488263399,81021.411417059,96693.00264323878,22055.542929952564,6272.93107432838,14924.790819076406,12089.080563451897,10800.0,10800.0,0
2025-08-27,M3,51626.03490131265,0.0,20273.320528447748,71899.35542976037,71899.35542976037,0.0,18916.89533895844,0.0,0.0,71899.35542976037,80887.087003936,99803.98234289444,23491.870529361113,5420.498583333334,15670.865071228036,12693.40070769471,10800.0,10800.0,0
2025-08-28,M3,52492.85633131236,0.0,18499.19967422125,70992.05600553362,70992.05600553362,0.0,16432.79477437576,10.717147753414338,72.16351699344189,71064.21952252707,82562.73724031467,98995.53201469044,21579.612229077116,3786.412416666667,15118.050175614437,12245.620642247697,10800.0,10800.0,2
2025-08-29,M3,28986.034877398815,0.0,3134.724314060966,32120.75919145977,32120.75919145977,0.0,2369.1742890555406,0.0,0.0,32120.75919145977,50127.639756276374,52496.814045331914,6614.183970423449,20550.129629460927,14617.263660250177,11839.983564802642,10800.0,10800.0,0
2025-08-30,M3,28194.08794122485,0.0,4707.287250248743,32901.37519147359,32901.37519147359,0.0,3568.321554770938,0.0,0.0,32901.37519147359,48221.226983487344,51789.548538258285,6818.293041182655,23594.764744067397,15072.47852460473,12208.707604929838,10800.0,10800.0,0
2025-08-31,M3,51953.64648475487,0.0,17016.00603815348,68969.65252290832,68969.65252290832,0.0,15440.7228969763,6.167338987666881,41.66962587017128,69011.32214877849,81665.06161477827,97105.78451175458,22102.436614499173,5696.893658201485,14031.571024780324,11365.572530072064,10800.0,10800.0,1
2025-09-01,M3,58190.84440094994,0.0,5541.863098552629,63732.70749950259,63732.70749950259,0.0,4584.1227069714905,0.0,0.0,63732.70749950259,91100.2204046571,95684.34311162861,32735.402600435267,7125.284251524968,11839.58803334227,9590.066307007244,10800.0,10800.0,0
2025-09-02,M3,49980.18922105222,0.0,13213.421976298154,63193.611197350394,63193.611197350394,0.0,12153.588297262102,0.0,0.0,63193.611197350394,79239.8352384042,91393.4235356663,27349.04267787015,7332.8791314100845,13967.083559926665,11313.337683540598,10800.0,10800.0,0
2025-09-03,M3,47123.89896993682,0.0,13928.626085705113,61052.52505564193,61052.52505564193,0.0,13083.120695045098,0.0,0.0,61052.52505564193,74479.34325398476,87562.46394902986,22663.004817842473,6827.8553833333335,13283.613146600333,10759.72664874627,10800.0,10800.0,0
2025-09-04,M3,44674.798548788975,0.0,13655.784366015449,58330.58291480444,58330.58291480444,0.0,12561.238064387751,0.0,0.0,58330.58291480444,71113.37882769965,83674.6168920874,20056.224654082085,6784.7247,15305.79993687015,12397.697948864823,10800.0,10800.0,0
2025-09-05,M3,24204.087191602357,0.0,2523.034228012574,26727.121419614934,26727.121419614934,0.0,1856.3721337973407,0.0,0.0,26727.121419614934,42297.31086468537,44153.68299848271,9623.929417966103,24650.251365534845,16080.213412184712,13024.972863869614,10800.0,10800.0,0
2025-09-06,M3,23600.628916919264,0.0,3206.8908854163487,26807.51980233561,26807.51980233561,0.0,2400.2141433767165,0.0,0.0,26807.51980233561,41405.76156830009,43805.9757116768,9763.11926066141,23207.651808562492,16390.11022343633,13275.98928098343,10800.0,10800.0,0
2025-09-07,M3,41384.51751648301,0.0,17588.21483165726,58972.73234814024,58972.73234814024,0.0,17084.092508750407,0.0,0.0,58972.73234814024,66345.5443167691,83429.6368255195,19757.297532898963,5652.323475992545,16100.169473480732,13041.13727351939,10800.0,10800.0,0
2025-09-08,M3,37435.74627899856,0.0,20743.866102145716,58179.61238114426,58179.61238114426,0.0,18737.487885815546,0.0,0.0,58179.61238114426,62046.32494462921,80783.81283044477,13250.023386264218,5078.849583333333,16101.94909217834,13042.578764664453,10800.0,10800.0,0
2025-09-09,M3,42247.25098979671,0.0,16460.897808804737,58708.14879860143,58708.14879860143,0.0,15471.233496253491,0.0,0.0,58708.14879860143,68188.91207976459,83660.14557601808,18456.29844143153,9137.95539501821,15595.039331061462,12631.981858159786,10800.0,10800.0,0
2025-09-10,M3,43464.64224096639,0.0,17074.383485044447,60539.02572601081,60539.02572601081,0.0,15225.977406849053,0.0,0.0,60539.02572601081,70344.76563448229,85570.74304133136,17302.99640963802,3793.33977348901,16623.20109581225,13464.79288760792,10800.0,10800.0,0
2025-09-11,M3,44950.042958374135,0.0,12790.27384511592,57740.31680349008,57740.31680349008,0.0,10739.615656698601,0.0,0.0,57740.31680349008,72348.6446876839,83088.26034438252,17589.63947238957,9130.216166666665,15117.468010489258,12245.149088496302,10800.0,10800.0,0
2025-09-12,M3,22155.862790317027,0.0,3174.7336663005585,25330.596456617586,25330.596456617586,0.0,2380.4007573597514,0.0,0.0,25330.596456617586,39886.357015344314,42266.75777270406,6788.277150636058,20838.403309253987,16254.847962179087,13166.426849365062,10800.0,10800.0,0
2025-09-13,M3,22360.422549192695,0.0,3611.850262311951,25972.272811504634,25972.272811504634,0.0,2641.941046351193,0.0,0.0,25972.272811504634,40554.25174550561,43196.192791856796,7518.18512646142,24666.757526573863,15811.308713095696,12807.160057607516,10800.0,10800.0,0
2025-09-14,M3,43859.61318280275,0.0,16268.035463384402,60127.64864618716,60127.64864618716,0.0,14567.998169390845,0.0,0.0,60127.64864618716,70723.63104727647,85291.62921666732,17849.091792862062,4450.976066666668,15222.297932308433,12330.061325169832,10800.0,10800.0,0
2025-09-15,M3,40503.088135972954,0.0,17869.920143388008,58373.00827936098,58373.00827936098,0.0,16185.58481973574,1.1717666666667128,7.893606150000311,58380.90188551098,66263.24885717724,82448.83367691298,15855.511949083415,8349.628407169253,16725.444494703406,13547.610040709762,10800.0,10800.0,1
2025-09-16,M3,45046.82945733707,0.0,19589.401662571843,64636.23111990891,64636.23111990891,0.0,17309.341363206542,0.0,0.0,64636.23111990891,72663.76869761792,89973.11006082447,22324.006004881652,5473.4246969820715,14125.838819091648,11441.929443464232,10800.0,10800.0,0
2025-09-17,M3,45259.33427772137,0.0,17333.022324800262,62592.35660252163,62592.35660252163,0.0,15561.80586860876,0.0,0.0,62592.35660252163,72326.73837470886,87888.5442433176,19501.524793886427,5565.38612638206,15060.60485815332,12199.089935104188,10800.0,10800.0,0
2025-09-18,M3,44052.265437426264,0.0,21435.143700540255,65487.4091379665,65487.4091379665,0.0,19854.744778239678,0.0,0.0,65487.4091379665,70324.4778683483,90179.22264658796,22527.3401607274,5901.586580960001,14706.55151702056,11912.306728786656,10800.0,10800.0,0
2025-09-19,M3,21045.51718249845,0.0,5290.205881220796,26335.72306371926,26335.72306371926,0.0,4137.77582910859,0.0,0.0,26335.72306371926,38960.3072928484,43098.08312195699,5840.924792113965,18233.113021076453,15382.594695262638,12459.901703162737,10800.0,10800.0,0
2025-09-20,M3,21096.985220114788,0.0,5120.310173130076,26217.295393244884,26217.295393244884,0.0,4283.9295173142245,0.0,0.0,26217.295393244884,39071.22949200467,43355.15900931889,5941.529296552591,18720.68467382437,16039.533187413688,12992.021881805089,10800.0,10800.0,0
2025-09-21,M3,47299.065422178006,0.0,18471.6741143121,65770.73953649012,65770.73953649012,0.0,16392.755352266682,0.0,0.0,65770.73953649012,75586.22794655384,91978.98329882053,25726.41493403758,5555.8776333333335,12680.017095348878,10270.81384723259,10800.0,10800.0,0
2025-09-22,M3,46745.18851554119,0.0,16819.455016108546,63564.64353164975,63564.64353164975,0.0,14425.316276295553,19.555900000000065,131.78740035000044,63696.430931999756,75183.32768683035,89608.6439631259,20964.971626124538,5263.068482859815,14663.894056885343,11877.754186077127,10800.0,10800.0,2
2025-09-23,M3,48091.059171801775,0.0,16678.338572635435,64769.39774443722,64769.39774443722,0.0,14713.657573082059,0.0,0.0,64769.39774443722,76525.65610231631,91239.31367539839,21047.91467638273,5315.921633333333,14520.325170257765,11761.463387908789,10800.0,10800.0,0
2025-09-24,M3,46239.38750217917,0.0,18183.86633896972,64423.253841148886,64423.253841148886,0.0,16477.284738488994,0.0,0.0,64423.253841148886,73524.54016815519,90001.82490664418,21149.329869690475,5015.486827456723,14598.858471036843,11825.075361539848,10800.0,10800.0,0
2025-09-25,M3,46039.91136257532,0.0,21460.777534929657,67500.688897505,67500.688897505,0.0,18829.546245523936,15.37166666666667,103.49743166666669,67604.18632917166,73755.38560730885,92584.93185283279,23795.12166648252,5854.046633333333,13766.770103597919,11151.083783914311,10800.0,10800.0,1
2025-09-26,M3,22515.67040222544,0.0,4542.435515609494,27058.105917834924,27058.105917834924,0.0,4171.686937062561,0.0,0.0,27058.105917834924,41436.271184725905,45607.95812178847,7996.889822063742,17177.084816353286,14419.68412300759,11679.94413963615,10800.0,10800.0,0
2025-09-27,M3,22166.007351927885,0.0,5510.137572868375,27676.144924796266,27676.144924796266,0.0,5214.557313667324,0.0,0.0,27676.144924796266,40659.292857251625,45873.850170918944,6985.086705989939,18066.424714019136,15900.192110051954,12879.155609142083,10800.0,10800.0,0
2025-09-28,M3,47211.79852594003,0.0,22372.57798422034,69584.37651016044,69584.37651016044,0.0,20116.154384592566,0.0,0.0,69584.37651016044,75323.37379802189,95439.52818261445,25218.99854628786,3907.3414833333322,14871.363085929406,12045.804099602823,10800.0,10800.0,0
2025-09-29,M3,47255.18185856645,0.0,17788.9903306762,65044.17218924264,65044.17218924264,0.0,15350.27370872653,5.620383333333393,39.20779413333375,65083.37998337598,75474.70199350751,90824.97570223402,20496.650093650936,4698.553183333333,15134.216887279417,12258.71567869632,10800.0,10800.0,1
2025-09-30,M3,47119.59060702702,0.0,22444.517558237654,69564.10816526465,69564.10816526465,0.0,19835.23595130642,25.54432109990887,172.59020551153426,69736.69837077618,74644.0766630286,94479.31261433502,21979.628346725225,4157.595783333332,15502.410730051102,12556.952691341392,10800.0,10800.0,1
2025-10-01,M3,48066.59479334758,0.0,16307.797112273327,64374.39190562089,64374.39190562089,0.0,13912.272177858405,0.0,0.0,64374.39190562089,77175.81500398753,91088.08718184594,27381.622180016984,11623.132062965316,12746.375818580565,10324.564413050253,10800.0,10800.0,0
2025-10-02,M3,45548.82645995482,0.0,17207.731264841485,62756.55772479634,62756.55772479634,0.0,15023.532948346558,0.0,0.0,62756.55772479634,73061.66447281746,88085.19742116402,24801.976268943694,9008.62575,13388.485713440317,10844.673427886657,10800.0,10800.0,0
2025-10-03,M3,20348.45180319449,0.0,4212.092831568134,24560.54463476261,24560.54463476261,0.0,3174.6069392512127,0.0,0.0,24560.54463476261,38211.54736876276,41386.15430801397,7630.356930427174,23156.436485719474,14643.195746670146,11860.988554802823,10800.0,10800.0,0
2025-10-04,M3,20681.848870364898,0.0,4858.716703510298,25540.565573875192,25540.565573875192,0.0,3529.279626633118,0.0,0.0,25540.565573875192,39039.41159554686,42568.69122217998,7752.262584590324,18955.155197127766,14554.163195413423,11788.87218828487,10800.0,10800.0,0
2025-10-05,M3,44038.50264751462,0.0,16153.59922159851,60192.10186911313,60192.10186911313,0.0,13933.958763037821,0.0,0.0,60192.10186911313,71225.32454236128,85159.28330539912,20192.475915082974,7641.381233333333,13628.7636332429,11039.29854292675,10800.0,10800.0,0
2025-10-06,M3,42023.21996564227,0.0,19274.36063060992,61297.580596252184,61297.580596252184,0.0,17643.578359935564,0.0,0.0,61297.580596252184,67866.45907950122,85510.03743943677,19387.34317637788,5630.857665527999,14519.617618583692,11760.890271052793,10800.0,10800.0,0
2025-10-07,M3,42970.792447744214,0.0,18826.32871239564,61797.12116013985,61797.12116013985,0.0,16553.50322397382,0.0,0.0,61797.12116013985,69502.72055244603,86056.22377641985,19496.366489694134,5953.67425,14919.052824872246,12084.432788146518,10800.0,10800.0,0
2025-10-08,M3,41285.650322774156,0.0,15814.712239260882,57100.36256203501,57100.36256203501,0.0,14030.913579036409,0.0,0.0,57100.36256203501,68189.44101085172,82220.35458988813,16408.978274568795,6318.9003336165915,15863.054289663527,12849.073974627452,10800.0,10800.0,0
2025-10-09,M3,42385.76153707619,0.0,14589.601445130822,56975.36298220701,56975.36298220701,0.0,12569.126942483872,0.0,0.0,56975.36298220701,69601.87080339924,82170.99774588313,15472.552606190604,7944.04655,15760.088980837842,12765.672074478656,10800.0,10800.0,0
2025-10-10,M3,19540.511731773717,0.0,4326.005372521098,23866.517104294817,23866.517104294817,0.0,3262.146828892626,0.0,0.0,23866.517104294817,37782.85017065097,41044.99699954359,5257.688898266188,23603.675370844263,14947.483230349906,12107.46141658343,10800.0,10800.0,0
2025-10-11,M3,20437.05426486117,0.0,3951.9779601142227,24389.032224975388,24389.032224975388,0.0,3079.093802720376,0.0,0.0,24389.032224975388,39141.03083161991,42220.12463434028,6063.333460953108,19176.80983782665,15124.567116985205,12250.899364758016,10800.0,10800.0,0
2025-10-12,M3,42772.75587797001,0.0,18784.20804048321,61556.96391845318,61556.96391845318,0.0,17175.87936491132,0.0,0.0,61556.96391845318,70094.04144682243,87269.92081173375,20870.243869892707,5022.39155,15064.891623724867,12202.562215217145,10800.0,10800.0,0
2025-10-13,M3,46251.61690807361,0.0,13698.204789391446,59949.82169746504,59949.82169746504,0.0,11856.660211267641,0.0,0.0,59949.82169746504,74588.51902171347,86445.17923298111,19988.348730221504,6572.287766666666,15037.61808469972,12180.470648606772,10800.0,10800.0,0
2025-10-14,M3,46868.03439589574,0.0,12911.910388886112,59779.94478478186,59779.94478478186,0.0,10788.617383077759,0.0,0.0,59779.94478478186,75684.86852408023,86473.48590715797,17599.136630357814,5124.785799163951,15661.758917383631,12686.02472308074,10800.0,10800.0,0
2025-10-15,M3,50068.98728060308,0.0,11908.708698612612,61977.695979215714,61977.695979215714,0.0,10057.859757663844,0.0,0.0,61977.695979215714,80360.69088822592,90418.55064588976,21909.531559321556,3738.69265,15001.593613516903,12151.290826948698,10800.0,10800.0,0
2025-10-16,M3,47806.957004593496,0.0,16767.250576203292,64574.20758079679,64574.20758079679,0.0,14035.821219907266,0.0,0.0,64574.20758079679,77355.45992078428,91391.28114069154,21225.26234758783,4262.552633333333,15457.858998791495,12520.86578902111,10800.0,10800.0,0
2025-10-17,M3,20842.934090365812,0.0,5392.702621427725,26235.636711793537,26235.636711793537,0.0,4534.194778825228,0.0,0.0,26235.636711793537,39889.204647569146,44423.399426394375,7402.032411635517,18291.352690633496,14346.394776098421,11620.579768639722,10800.0,10800.0,0
2025-10-18,M3,20768.356351906354,0.0,7938.133585123662,28706.48993703001,28706.48993703001,0.0,8156.647029475844,0.0,0.0,28706.48993703001,39808.154203353864,47964.801232829705,10732.654107369153,18479.461882964555,14084.694609628094,11408.602633798755,10800.0,10800.0,0
2025-10-19,M3,49374.14068889252,0.0,18580.43086386471,67954.57155275725,67954.57155275725,0.0,15241.95413811689,0.0,0.0,67954.57155275725,80460.6737694254,95702.6279075423,24730.02127034761,4206.8780902506105,15157.92638742495,12277.92037381421,10800.0,10800.0,0
2025-10-20,M3,51322.35261991776,0.0,17773.068832393605,69095.42145231139,69095.42145231139,0.0,14604.226397461722,0.0,0.0,69095.42145231139,82762.87127390728,97367.09767136899,26534.90737639946,3471.4226,15368.343833172954,12448.358504870095,10800.0,10800.0,0
2025-10-21,M3,48478.629705144354,0.0,21942.265464949727,70420.89517009408,70420.89517009408,0.0,18653.965593925037,0.0,0.0,70420.89517009408,78715.54493127685,97369.5105252019,25443.251844041093,2501.817666666667,15588.73507628494,12626.875411790803,10800.0,10800.0,0
2025-10-22,M3,48572.46690372249,0.0,18694.616610032346,67267.08351375484,67267.08351375484,0.0,15841.296059057386,0.0,0.0,67267.08351375484,78250.52757793217,94091.82363698955,22071.120356032312,3383.0146945928336,16225.220454549526,13142.428568185114,10800.0,10800.0,0
2025-10-23,M3,51825.99356218645,0.0,13027.648376962532,64853.641939148976,64853.641939148976,0.0,10339.379562634022,0.0,0.0,64853.641939148976,82897.44724896183,93236.82681159586,23391.75615921414,3525.52245,15473.953521307336,12533.90235225894,10800.0,10800.0,0
2025-10-24,M3,20988.139064559447,0.0,8289.814864418195,29277.95392897764,29277.95392897764,0.0,7826.489809447713,0.0,0.0,29277.95392897764,40135.26905968124,47961.75886912896,9019.620924108458,17765.301558606327,14509.398261828937,11752.612592081437,10800.0,10800.0,0
2025-10-25,M3,21255.25681681587,0.0,6888.859882670843,28144.116699486713,28144.116699486713,0.0,6127.102304985057,0.0,0.0,28144.116699486713,40862.555052363794,46989.65735734885,8104.829537497566,16699.09773834746,14669.986043002613,11882.688694832124,10800.0,10800.0,0
2025-10-26,M3,50803.35061820182,0.0,14657.536794246324,65460.88741244812,65460.88741244812,0.0,11954.697316706597,0.0,0.0,65460.88741244812,81297.4057880518,93252.1031047584,22586.32099019717,3218.9884650605118,15276.219120179176,12373.737487345128,10800.0,10800.0,0
2025-10-27,M3,48807.14346278628,0.0,19986.180604216654,68793.32406700296,68793.32406700296,0.0,17012.68076207269,0.0,0.0,68793.32406700296,78465.38297213122,95478.0637342039,23763.05504829321,5165.649085635258,15772.51544004614,12775.737506437372,10800.0,10800.0,0
2025-10-28,M3,49359.24047383358,0.0,18821.42657823453,68180.66705206814,68180.66705206814,0.0,16220.07659046539,0.0,0.0,68180.66705206814,79118.7483195211,95338.82490998649,23613.51841779312,2715.678366666666,15985.296976456386,12948.09055092967,10800.0,10800.0,0
2025-10-29,M3,50880.65043466813,0.0,19435.64273250542,70316.29316717354,70316.29316717354,0.0,16435.699005695133,0.0,0.0,70316.29316717354,81041.14115080962,97476.84015650474,22849.87397411611,2112.286155162379,16854.859090664562,13652.435863438299,10800.0,10800.0,0
2025-10-30,M3,49546.78371400921,0.0,17975.12449088754,67521.90820489674,67521.90820489674,0.0,15354.696881937738,0.0,0.0,67521.90820489674,79091.67528230371,94446.37216424145,23099.665194592653,3625.4136773648747,15439.345485704878,12505.869843420951,10800.0,10800.0,0
2025-10-31,M3,24507.60175035871,0.0,9082.334913829813,33589.93666418852,33589.93666418852,0.0,8977.425164791286,0.0,0.0,33589.93666418852,45090.94472668918,54068.36989148047,14516.525374752666,13164.182579064005,13070.367742090177,10586.997871093046,10800.0,10800.0,0
2025-11-01,M3,24431.47793364716,0.0,9209.208874442886,33640.68680809003,33640.68680809003,0.0,8951.243440525775,0.0,0.0,33640.68680809003,45030.274261787956,53981.51770231374,14517.082795866092,14451.655773341552,12993.372104067192,10524.631404294429,10800.0,10800.0,0
2025-11-02,M3,53594.16436413689,0.0,19680.487767457744,73274.65213159464,73274.65213159464,0.0,16676.218700825917,0.0,0.0,73274.65213159464,84857.31922217115,101533.53792299709,27314.159003684486,2359.530133333333,16123.499224452251,13060.034371806325,10800.0,10800.0,0
2025-11-03,M3,55171.99338553196,0.0,17232.116912408077,72404.11029794009,72404.11029794009,0.0,14280.489734446617,0.0,0.0,72404.11029794009,87120.5136478156,101401.00338226222,27272.77910998874,1720.9033499999996,15275.740204948137,12373.349566007992,10800.0,10800.0,0
2025-11-04,M3,51782.69514294314,0.0,19932.996155994115,71715.69129893728,71715.69129893728,0.0,16658.320080608657,0.0,0.0,71715.69129893728,82366.46980659061,99024.78988719927,24806.706612169794,3653.3112059415434,15708.947556603121,12724.247520848527,10800.0,10800.0,0
2025-11-05,M3,53730.234978924236,0.0,16660.33419478265,70390.56917370688,70390.56917370688,0.0,13586.142926867724,0.0,0.0,70390.56917370688,85068.96697116306,98655.10989803079,23631.458584218097,2249.4467418343947,16295.707922692822,13199.52341738119,10800.0,10800.0,0
2025-11-06,M3,53543.301905920016,0.0,19137.859239964888,72681.1611458849,72681.1611458849,0.0,15978.812750320667,0.0,0.0,72681.1611458849,84748.47856404242,100727.2913143631,24729.27650696633,1438.82795,16787.380565246203,13597.778257849428,10800.0,10800.0,0
2025-11-07,M3,23654.889422398377,0.0,11914.721221344602,35569.61064374298,35569.61064374298,0.0,11902.689430786346,0.0,0.0,35569.61064374298,44196.36121954859,56099.050650334946,14692.999348664747,15534.232741041782,13438.719880500415,10885.363103205334,10800.0,10800.0,0
2025-11-08,M3,23780.740093912562,0.0,8915.12532732549,32695.86542123805,32695.86542123805,0.0,8559.834303782494,0.0,0.0,32695.86542123805,44669.70680015662,53229.54110393911,12507.49279244942,14404.701601344408,13295.471632343622,10769.332022198338,10800.0,10800.0,0
2025-11-09,M3,54364.51651197072,0.0,17514.3197503263,71878.83626229707,71878.83626229707,0.0,14825.961392924155,0.0,0.0,71878.83626229707,85610.1383962997,100436.09978922387,24068.346249873674,1850.2385166666668,16687.883365001042,13517.185525650842,10800.0,10800.0,0
2025-11-10,M3,56133.048585234086,0.0,18003.11017690531,74136.15876213943,74136.15876213943,0.0,14920.144947837905,0.0,0.0,74136.15876213943,88559.74519047295,103479.89013831085,25362.516619744558,975.202533333333,17282.778343331385,13999.05045809842,10800.0,10800.0,0
2025-11-11,M3,56975.48465411629,0.0,15580.051773809406,72555.53642792569,72555.53642792569,0.0,12619.297747767798,0.0,0.0,72555.53642792569,89357.31035563472,101976.60810340251,25425.238644084395,1971.639083333333,15898.477417463797,12877.766708145677,10800.0,10800.0,0
2025-11-12,M3,55404.96875867425,0.0,19225.040879578723,74630.00963825296,74630.00963825296,0.0,15627.098828149152,0.0,0.0,74630.00963825296,87429.99330970441,103057.09213785356,26528.760860201404,2442.006683333333,16475.457075362225,13345.120231043406,10800.0,10800.0,0
2025-11-13,M3,53254.77153687916,0.0,20648.969600375658,73903.74113725482,73903.74113725482,0.0,17446.6558691393,0.0,0.0,73903.74113725482,83902.37211271847,101349.02798185777,24660.56283188974,1103.529128282421,16784.55107904711,13595.486374028153,10800.0,10800.0,0
2025-11-14,M3,23395.32977487456,0.0,10459.990532807864,33855.32030768243,33855.32030768243,0.0,9882.129763155037,0.0,0.0,33855.32030768243,44195.209325944146,54077.33908909918,12462.038404197134,11429.03683635576,13620.04499234892,11032.236443802629,10800.0,10800.0,0
2025-11-15,M3,23556.61820762157,0.0,12314.587288045359,35871.205495666916,35871.205495666916,0.0,11864.022222962529,0.0,0.0,35871.205495666916,44859.692892611056,56723.71511557358,14607.729449079965,11249.846366301605,13969.749386975513,11315.497003450168,10800.0,10800.0,0
2025-11-16,M3,55141.856248138174,0.0,20476.795574611122,75618.6518227493,75618.6518227493,0.0,16520.47231922368,0.0,0.0,75618.6518227493,86988.95479669276,103509.42711591645,24090.411593685036,1777.0958666666663,16880.922485428426,13673.547213197018,10800.0,10800.0,0
2025-11-17,M3,55494.48119012383,0.0,21158.06732698576,76652.5485171096,76652.5485171096,0.0,17515.16820113549,0.0,0.0,76652.5485171096,87490.61016464332,105005.77836577882,27390.115447266875,1826.148916666667,16282.94562374712,13189.185955235167,10800.0,10800.0,0
2025-11-18,M3,54795.00866835412,0.0,21159.357546685016,75954.36621503912,75954.36621503912,0.0,17456.45444024123,0.0,0.0,75954.36621503912,86114.92046959074,103571.37490983197,24966.62737868016,462.5271833333329,17114.044813079687,13862.376298594541,10800.0,10800.0,0
2025-11-19,M3,54981.22216934086,0.0,25350.380303181228,80331.60247252209,80331.60247252209,0.0,20925.29554015435,1.3850000000001046,6.301057500000477,80337.90353002209,86436.19228683058,107361.48782698494,27415.620672329416,1363.1928499999995,16924.987919239647,13709.240214584113,10800.0,10800.0,1
2025-11-20,M3,56602.391523281665,0.0,20145.582796963296,76747.97432024498,76747.97432024498,0.0,16851.46433896677,0.0,0.0,76747.97432024498,88414.97793010334,105266.44226907012,26557.28738836683,779.8489166666664,16506.473319491037,13370.243388787738,10800.0,10800.0,0
2025-11-21,M3,25105.86572095197,0.0,14323.954383998467,39429.82010495042,39429.82010495042,0.0,14083.43659700692,0.0,0.0,39429.82010495042,46553.61182259195,60637.04841959887,17726.43784828929,11621.18988519178,12763.350628690232,10338.314009239091,10800.0,10800.0,0
2025-11-22,M3,25700.16853941079,0.0,13153.39364092839,38853.56218033918,38853.56218033918,0.0,12516.840975839941,0.0,0.0,38853.56218033918,47944.58349143988,60461.424467279816,16674.672325778134,11045.18805409344,13272.287389867946,10750.552785793037,10800.0,10800.0,0
2025-11-23,M3,57859.57440535395,0.0,20000.00890774814,77859.5833131021,77859.5833131021,0.0,16177.573095781028,0.0,0.0,77859.5833131021,90181.23804704496,106358.81114282599,26232.73566500508,1715.755833333333,16727.491374496058,13549.268013341814,10800.0,10800.0,0
2025-11-24,M3,54385.96258136455,0.0,22847.260337188814,77233.22291855337,77233.22291855337,0.0,18742.550198588186,0.0,0.0,77233.22291855337,85559.724643948,104302.27484253616,25755.165294073395,1305.2977000000003,16209.832360330394,13129.964211867613,10800.0,10800.0,0
2025-11-25,M3,57103.03031810556,0.0,21460.250462613203,78563.28078071876,78563.28078071876,0.0,17197.60159676751,0.0,0.0,78563.28078071876,89496.93683056138,106694.53842732887,26554.33709564768,833.7680500000001,16514.593763234392,13376.820948219862,10800.0,10800.0,0
2025-11-26,M3,56990.175672563855,0.0,21723.929613393688,78714.10528595753,78714.10528595753,0.0,17871.924518313695,0.0,0.0,78714.10528595753,89191.8244400599,107063.7489583736,26691.521258537658,378.0993333333321,17034.007806154113,13797.546322984832,10800.0,10800.0,0
2025-11-27,M3,56754.91455411861,0.0,21878.24295028756,78633.15750440615,78633.15750440615,0.0,18116.060170034372,0.0,0.0,78633.15750440615,88611.54387907847,106727.60404911285,26929.572879077514,896.6137499999996,16423.814140536822,13303.289453834828,10800.0,10800.0,0
2025-11-28,M3,24477.02019082915,0.0,15295.888558638539,39772.90874946771,39772.90874946771,0.0,14873.120156121266,0.0,0.0,39772.90874946771,45913.191873298056,60786.312029419314,17021.42405672501,10180.391518958713,14017.14686176632,11353.888958030728,10800.0,10800.0,0
2025-11-29,M3,26171.163308422183,0.0,13555.712443053962,39726.87575147616,39726.87575147616,0.0,12754.734426006638,0.0,0.0,39726.87575147616,49266.76261919031,62021.49704519695,18053.66630270693,6418.422560692061,13789.25306209451,11169.29498029655,10800.0,10800.0,0
2025-11-30,M3,60539.13077927141,0.0,19015.999467320085,79555.13024659149,79555.13024659149,0.0,15619.044710446626,0.0,0.0,79555.13024659149,94012.51557108478,109631.56028153142,25931.366643198184,10.70791666666662,18129.776868420537,14685.119263420635,10800.0,10800.0,0
2025-12-01,M3,61846.08095906493,0.0,25213.482626829704,87059.56358589462,87059.56358589462,0.0,20195.103943114256,0.0,0.0,87059.56358589462,95578.20388156138,115773.30782467563,25883.618134941742,34.26228333333347,18718.419331932768,15161.919658865547,10800.0,10800.0,0
2025-12-02,M3,67559.74074434339,0.0,20565.617173578892,88125.35791792226,88125.35791792226,0.0,16556.126312386743,0.0,0.0,88125.35791792226,103246.06558703378,119802.19189942052,27759.37806282218,0.0,17921.07308735975,14516.069200761398,10800.0,10800.0,0
2025-12-03,M3,67142.30873661693,0.0,21810.32093030398,88952.62966692093,88952.62966692093,0.0,17907.647394941785,0.0,0.0,88952.62966692093,102554.20005615844,120461.84745110024,30090.9936018904,0.0,16884.76464496411,13676.659362420929,10800.0,10800.0,0
2025-12-04,M3,68807.00459329084,0.0,18614.96982608496,87421.97441937581,87421.97441937581,0.0,14817.07623098616,0.0,0.0,87421.97441937581,104491.27994096866,119308.3561719548,29166.509024373045,38.74940000000015,17536.257882009355,14204.368884427582,10800.0,10800.0,0
2025-12-05,M3,30360.626675018524,0.0,18075.852907139528,48436.479582158034,48436.479582158034,0.0,16391.045913942202,0.0,0.0,48436.479582158034,55152.943524879345,71543.98943882155,22515.547668229505,5262.342279462584,12918.272672611216,10463.800864815088,10800.0,10800.0,0
2025-12-06,M3,29725.15709975605,0.0,20322.104806413816,50047.261906169886,50047.261906169886,0.0,18595.216426548872,0.0,0.0,50047.261906169886,54394.70934121759,72989.92576776646,22498.703160745114,4425.593549415224,12636.832847049784,10235.834606110322,10800.0,10800.0,0
2025-12-07,M3,69176.6368813012,0.0,18558.071823164908,87734.7087044661,87734.7087044661,0.0,14300.862519841681,0.0,0.0,87734.7087044661,105660.27018570817,119961.13270554986,29066.04651100039,12.572583333333341,16999.11769061121,13769.285329395077,10800.0,10800.0,0
2025-12-08,M3,69989.48882630962,0.0,20747.244015362256,90736.73284167182,90736.73284167182,0.0,17371.88602974085,0.0,0.0,90736.73284167182,107108.69166879563,124480.57769853646,33390.30508617871,0.0,17068.74471416364,13825.683218472548,10800.0,10800.0,0
2025-12-09,M3,68176.46726284808,0.0,19300.63241765283,87477.09968050089,87477.09968050089,0.0,15535.093925295241,0.0,0.0,87477.09968050089,104624.87722842634,120159.97115372156,29262.275056289116,7.1056166666667195,18432.29586367964,14930.159649580508,10800.0,10800.0,0
2025-12-10,M3,65738.24929660554,0.0,22169.820908944097,87908.07020554968,87908.07020554968,0.0,18134.195453422715,0.0,0.0,87908.07020554968,101559.68230210048,119693.8777555232,27961.79442774525,0.0,17602.446637427733,14257.981776316461,10800.0,10800.0,0
2025-12-11,M3,66632.06217367497,0.0,19063.098194756938,85695.16036843197,85695.16036843197,0.0,15232.93783337997,0.0,0.0,85695.16036843197,102619.27590255815,117852.21373593813,28563.792881734287,0.0,17511.400811599204,14184.234657395358,10800.0,10800.0,0
2025-12-12,M3,30041.17373841795,0.0,20285.910802523078,50327.08454094104,50327.08454094104,0.0,18379.260357481668,0.0,0.0,50327.08454094104,55761.13001096083,74140.3903684425,24588.339982346573,3436.7504999999996,12636.244225066299,10235.357822303706,10800.0,10800.0,0
2025-12-13,M3,30354.582446642387,0.0,19924.301603619457,50278.884050261826,50278.884050261826,0.0,17682.78789291161,0.0,0.0,50278.884050261826,56441.760121499734,74124.54801441135,24152.943150731604,3631.495782663596,13376.714198330614,10835.138500647794,10800.0,10800.0,0
2025-12-14,M3,64416.221494120866,0.0,22438.489613833437,86854.71110795428,86854.71110795428,0.0,18357.164695747604,0.0,0.0,86854.71110795428,99535.75095608839,117892.915651836,25628.344507524707,0.0,18346.5754963752,14860.726152063915,10800.0,10800.0,0
2025-12-15,M3,66270.90458388129,0.0,21401.914739132077,87672.81932301333,87672.81932301333,0.0,17546.89098106661,0.0,0.0,87672.81932301333,102248.2755772741,119795.16655834069,26908.819308241134,0.0,17983.101491752095,14566.312208319205,10800.0,10800.0,0
2025-12-16,M3,69416.5150347993,0.0,16357.82632414391,85774.34135894325,85774.34135894325,0.0,13105.59595539813,0.0,0.0,85774.34135894325,105961.09562540165,119066.69158079979,26243.889140742813,0.0,17919.53214065075,14514.821033927106,10800.0,10800.0,0
2025-12-17,M3,68032.2711754611,0.0,16521.345741299352,84553.61691676048,84553.61691676048,0.0,13317.484923476604,0.0,0.0,84553.61691676048,104499.29435579557,117816.77927927216,26255.862371381438,0.0,17731.946532758266,14362.876691534198,10800.0,10800.0,0
2025-12-18,M3,64857.97124045763,0.0,21905.5280087269,86763.49924918456,86763.49924918456,0.0,17294.679397053827,0.0,0.0,86763.49924918456,100245.47318092533,117540.15257797917,26677.810736974046,86.18373333333352,17946.795478974458,14536.904337969314,10800.0,10800.0,0
2025-12-19,M3,28917.160240377252,0.0,20517.07793719243,49434.23817756969,49434.23817756969,0.0,18535.969908598065,0.0,0.0,49434.23817756969,53997.14337510545,72533.11328370351,22906.483228610527,4162.613219484785,13450.660713727424,10895.03517811922,10800.0,10800.0,0
2025-12-20,M3,29186.038401473757,0.0,19581.835106118953,48767.873507592725,48767.873507592725,0.0,17540.31947395501,0.0,0.0,48767.873507592725,54519.44962993157,72059.76910388657,22075.47501956532,4503.584247954381,13812.408349299345,11188.050762932466,10800.0,10800.0,0
2025-12-21,M3,64475.5481597806,0.0,21959.438076929742,86434.98623671036,86434.98623671036,0.0,17470.07993010192,0.0,0.0,86434.98623671036,100030.38443289266,117500.4643629946,25028.176724294222,0.0,18076.346168598444,14641.840396564736,10800.0,10800.0,0
2025-12-22,M3,65164.476177447956,0.0,21297.94078151901,86462.41695896695,86462.41695896695,0.0,17128.242688583952,0.0,0.0,86462.41695896695,100720.18744704135,117848.43013562528,25410.300527301908,0.0,18424.75013152657,14924.047606536522,10800.0,10800.0,0
2025-12-23,M3,65731.44870194007,0.0,19048.596127961042,84780.0448299011,84780.0448299011,0.0,14855.479018215554,0.0,0.0,84780.0448299011,101645.34371735874,116500.8227355743,25816.893370311955,0.0,18030.720168047435,14604.883336118424,10800.0,10800.0,0
2025-12-24,M3,65523.55950377302,0.0,19763.324386715984,85286.88389048893,85286.88389048893,0.0,15759.347560501223,0.0,0.0,85286.88389048893,101267.20776894689,117026.5553294481,25687.921818122544,0.0,18337.232603467957,14853.158408809046,10800.0,10800.0,0
2025-12-25,M3,64763.409098614306,0.0,19427.65747762084,84191.06657623513,84191.06657623513,0.0,15579.221903002475,0.0,0.0,84191.06657623513,100149.71338527955,115728.93528828202,24472.404386721064,0.0,18126.749306461228,14682.666938233597,10800.0,10800.0,0
2025-12-26,M3,30563.06197997495,0.0,17182.841053290143,47745.90303326509,47745.90303326509,0.0,14984.884029695431,0.0,0.0,47745.90303326509,56620.168545833694,71605.05257552912,22124.031928610737,3877.368333333334,13663.315159219588,11067.285278967867,10800.0,10800.0,0
2025-12-27,M3,30523.315717713558,0.0,17397.958171279333,47921.273888992895,47921.273888992895,0.0,14956.491820292455,0.0,0.0,47921.273888992895,56926.53363914478,71883.02545943722,22144.07910367913,3837.8103952051206,13485.931020454307,10923.60412656799,10800.0,10800.0,0
2025-12-28,M3,66205.10245974855,0.0,19752.661768632137,85957.7642283807,85957.7642283807,0.0,16033.162195020166,0.0,0.0,85957.7642283807,101773.65396203386,117806.81615705401,27717.889202235354,0.0,17261.432656940346,13981.760452121676,10800.0,10800.0,0
2025-12-29,M3,65589.41684947709,0.0,20578.90891991791,86168.325769395,86168.325769395,0.0,16974.169573603023,0.0,0.0,86168.325769395,101265.39049690228,118239.5600705053,27385.03574179379,0.0,17530.305589709766,14199.547527664912,10800.0,10800.0,0
2025-12-30,M3,65059.79985906961,0.0,23597.399685434197,88657.19954450382,88657.19954450382,0.0,18062.59765170866,0.0,0.0,88657.19954450382,101825.53181129106,119888.12946299971,30429.087855983962,18.987083333333203,16924.483808854835,13708.831885172418,10800.0,10800.0,0
2025-12-31,M3,65380.9260800845,0.0,22877.885930252352,88258.8120103369,88258.8120103369,0.0,17802.796614408755,0.0,0.0,88258.8120103369,101984.52376351295,119787.32037792169,27773.115245070403,0.0,17725.16947114716,14357.387271629199,10800.0,10800.0,0
2025-02-01,M4,39922.070604111366,0.0,0.0,39922.070604111366,39922.070604111366,0.0,0.0,0.0,0.0,39922.070604111366,70075.19767441391,70075.19767441391,24015.731256518346,9265.026327777778,12717.179772549734,10300.915615765283,10800.0,10800.0,0
2025-02-02,M4,77181.35450387867,0.0,62.797814542833876,77244.1523184215,77244.1523184215,0.0,101.7619616571867,0.0,0.0,77244.1523184215,116328.93644433944,116430.69840599663,34582.571166989736,437.1925500000002,16077.140731615236,13022.483992608337,10800.0,10800.0,0
2025-02-03,M4,94302.4475096198,0.0,0.0,94302.4475096198,94302.4475096198,0.0,0.0,0.0,0.0,94302.4475096198,136480.9788228421,136480.9788228421,54165.34962505441,80.66648333333342,10621.295865549204,8603.249651094851,10800.0,10800.0,0
2025-02-04,M4,93994.35986547687,0.0,0.0,93994.35986547687,93994.35986547687,0.0,0.0,0.0,0.0,93994.35986547687,136084.69263534097,136084.69263534097,52362.101142594765,319.04835000000026,11624.627330243187,9415.948137496982,10800.0,10800.0,0
2025-02-05,M4,90510.23795781023,0.0,449.39577366645665,90959.6337314767,90959.6337314767,0.0,366.82143425937363,0.0,0.0,90959.6337314767,131464.4862980909,131831.30773235028,48722.41424949625,41.18235000000027,12206.758681687896,9887.474532167202,10800.0,10800.0,0
2025-02-06,M4,92110.40631413559,0.0,201.67467940187913,92312.08099353746,92312.08099353746,0.0,137.3109806237577,0.0,0.0,92312.08099353746,133406.67743104303,133543.9884116668,51065.50337076485,1.400816666666742,11610.668460887424,9404.64145331881,10800.0,10800.0,0
2025-02-07,M4,53622.22905131671,0.0,0.0,53622.22905131671,53622.22905131671,0.0,0.0,0.0,0.0,53622.22905131671,86250.344107939,86250.344107939,41889.62395225836,10894.786777681802,8738.177428064118,7077.923716731934,10800.0,10800.0,0
2025-02-08,M4,49156.40048095481,0.0,1078.337217434397,50234.73769838922,50234.73769838922,0.0,804.8460445976849,0.0,0.0,50234.73769838922,79909.36254477102,80714.2085893687,36556.18245112302,10962.332960085234,8518.581376283102,6900.050914789311,10800.0,10800.0,0
2025-02-09,M4,87655.57937394787,0.0,1572.1053637437926,89227.68473769166,89227.68473769166,0.0,1241.1291335352466,0.0,0.0,89227.68473769166,127364.45619036752,128605.58532390278,46710.58962151644,52.42941666666661,12037.633258173737,9750.482939120728,10800.0,10800.0,0
2025-02-10,M4,89100.73985607698,0.0,456.2533484909377,89556.99320456793,89556.99320456793,0.0,312.84169955725054,0.0,0.0,89556.99320456793,129292.78784828045,129605.62954783771,51770.781509420674,1451.7277666666669,10823.593096931785,8767.11040851474,10800.0,10800.0,0
2025-02-11,M4,72346.04047197306,0.0,937.189363788741,73283.22983576181,73283.22983576181,0.0,607.295366034149,0.0,0.0,73283.22983576181,109663.90894005206,110271.2043060862,31079.33883824016,826.4109333333338,16551.881058838815,13407.023657659438,10800.0,10800.0,0
2025-02-12,M4,73256.96791217079,0.0,470.21627869902693,73727.18419086981,73727.18419086981,0.0,270.4672649118438,0.0,0.0,73727.18419086981,110725.74675226901,110996.21401718084,31320.52259773868,1329.0620000000004,16209.964663730727,13130.07137762189,10800.0,10800.0,0
2025-02-13,M4,73150.40024320054,0.0,655.0935748436973,73805.49381804417,73805.49381804417,0.0,418.42749573348476,0.0,0.0,73805.49381804417,110597.81289603285,111016.24039176633,34995.7558321466,1930.451583333334,14529.231366419695,11768.677406799952,10800.0,10800.0,0
2025-02-14,M4,35251.80941078575,0.0,876.171608818523,36127.981019604245,36127.981019604245,0.0,595.9282347861734,0.0,0.0,36127.981019604245,62485.91752440296,63081.84575918913,19649.628152489327,11231.356332048077,12626.628726237173,10227.569268252108,10800.0,10800.0,0
2025-02-15,M4,35221.60394428836,0.0,610.2449996235086,35831.84894391187,35831.84894391187,0.0,385.9727826083745,0.0,0.0,35831.84894391187,62659.65758505468,63045.63036766305,20034.67865489779,11350.979483173034,12525.690155748558,10145.809026156336,10800.0,10800.0,0
2025-02-16,M4,73355.7457945957,0.0,401.82277032204746,73757.56856491775,73757.56856491775,0.0,233.5114214441145,0.0,0.0,73757.56856491775,111006.61248737005,111240.12390881416,32299.722774431164,571.048033333333,15747.231584471943,12755.257583422279,10800.0,10800.0,0
2025-02-17,M4,72877.53611669767,0.0,516.4106893271453,73393.94680602479,73393.94680602479,0.0,404.0783168608642,0.0,0.0,73393.94680602479,110650.12790368136,111054.20622054223,35219.9327007692,1891.9154166666663,14518.394402314254,11759.899465874549,10800.0,10800.0,0
2025-02-18,M4,69977.51435580767,0.0,554.1296759422472,70531.64403174994,70531.64403174994,0.0,342.8618913193678,0.0,0.0,70531.64403174994,106352.844235411,106695.70612673037,30584.231386123276,1118.3063833333326,15272.529336528569,12370.748762588137,10800.0,10800.0,0
2025-02-19,M4,67893.0043947315,0.0,295.2316434754487,68188.23603820695,68188.23603820695,0.0,277.6102437998384,0.0,0.0,68188.23603820695,104140.32477875681,104417.93502255666,26545.881466409126,1812.898016666666,16735.93766393435,13556.10950778682,10800.0,10800.0,0
2025-02-20,M4,69011.5759282661,0.0,92.1319302829116,69103.70785854901,69103.70785854901,0.0,118.1072158178514,0.0,0.0,69103.70785854901,105804.49116804889,105922.59838386675,30274.01231197173,1724.5834333333326,15425.625816991256,12494.756911762912,10800.0,10800.0,0
2025-02-21,M4,32336.24019941743,0.0,112.3404048192754,32448.5806042367,32448.5806042367,0.0,136.1534463111277,0.0,0.0,32448.5806042367,58532.42922033644,58668.58266664757,16357.137262091357,14294.529658940368,12929.75638043425,10473.10266815174,10800.0,10800.0,0
2025-02-22,M4,32357.62209964054,0.0,283.8239394175013,32641.446039058043,32641.446039058043,0.0,308.92351211581513,0.0,0.0,32641.446039058043,58825.166958870956,59134.09047098677,17175.151804670415,11600.03342268043,13232.328212118886,10718.185851816297,10800.0,10800.0,0
2025-02-23,M4,68825.47176345073,0.0,166.7930244167796,68992.2647878675,68992.2647878675,0.0,217.8075415668352,0.0,0.0,68992.2647878675,105610.73147903789,105828.53902060472,30194.11240695273,1111.6426333333336,15741.738405185952,12750.808108200623,10800.0,10800.0,0
2025-02-24,M4,67100.96235338473,0.0,32.64246157599191,67133.60481496072,67133.60481496072,0.0,51.85151807650573,0.0,0.0,67133.60481496072,103265.05731428735,103316.90883236387,29476.632841356157,2769.309716666667,15094.382408812502,12226.449751138127,10800.0,10800.0,0
2025-02-25,M4,66889.10717900025,0.0,74.42337304604631,66963.53055204629,66963.53055204629,0.0,81.62317870236859,0.0,0.0,66963.53055204629,103188.2186489455,103269.84182764786,30686.146321960197,4054.157649999999,14253.761170285996,11545.546547931654,10800.0,10800.0,0
2025-02-26,M4,63834.67237227266,0.0,276.3889725260748,64111.06134479875,64111.06134479875,0.0,257.0988519049429,0.0,0.0,64111.06134479875,99102.90699909015,99360.00585099508,25519.667706803993,2092.1576380102365,15438.591962355407,12505.259489507886,10800.0,10800.0,0
2025-02-27,M4,64028.225226064824,0.0,99.26238807214348,64127.48761413696,64127.48761413696,0.0,136.66695470266234,0.0,0.0,64127.48761413696,99295.93868806829,99432.60564277096,26353.721582230348,2977.4040999999993,16552.082950213757,13407.18718967315,10800.0,10800.0,0
2025-02-28,M4,29412.68533197491,0.0,86.91508377394928,29499.60041574886,29499.60041574886,0.0,128.38748501386658,0.0,0.0,29499.60041574886,54310.424801526475,54438.81228654034,14446.343729466373,14045.742998395102,13969.115835151943,11314.983826473077,10800.0,10800.0,0
2025-03-01,M4,31260.378427661326,0.0,0.0,31260.378427661326,31260.378427661326,0.0,0.0,0.0,0.0,31260.378427661326,57516.69190024398,57516.69190024398,17599.594873998245,13753.349856820303,13184.111768905801,10679.130532813699,10800.0,10800.0,0
2025-03-02,M4,65779.09679004099,0.0,14.699291300523663,65793.79608134151,65793.79608134151,0.0,25.393955775284894,0.0,0.0,65793.79608134151,101895.59388527209,101920.98784104738,26128.848855862787,204.51718333333315,16996.393343076867,13767.078607892263,10800.0,10800.0,0
2025-03-03,M4,67864.41139946316,0.0,108.52021446942382,67972.93161393257,67972.93161393257,0.0,170.01211019054836,0.0,0.0,67972.93161393257,104302.42797393532,104472.44008412588,28127.771841189155,1098.2015666666662,16996.42127861436,13767.101235677637,10800.0,10800.0,0
2025-03-04,M4,66785.23391609824,0.0,23.579764014173726,66808.8136801124,66808.8136801124,0.0,39.01531686622275,0.0,0.0,66808.8136801124,102658.72638912004,102697.74170598626,28999.163600873042,1462.6062333333332,15981.652307613509,12945.138369166942,10800.0,10800.0,0
2025-03-05,M4,65959.3472914388,0.0,151.40691442406612,66110.75420586283,66110.75420586283,0.0,193.09815372650144,0.0,0.0,66110.75420586283,101852.94442331218,102046.04257703866,30906.34043805002,2148.806483333333,15054.86125783504,12194.437618846383,10800.0,10800.0,0
2025-03-06,M4,62627.51384535689,0.0,294.3569801302439,62921.87082548718,62921.87082548718,0.0,291.867183337109,0.0,0.0,62921.87082548718,97260.19413517904,97552.06131851615,26453.118884233714,2255.300898630693,15278.881064833862,12375.893662515433,10800.0,10800.0,0
2025-03-07,M4,28865.104401859124,0.0,0.0,28865.104401859124,28865.104401859124,0.0,0.0,0.0,0.0,28865.104401859124,54185.90686655219,54185.90686655219,16153.137650966935,14534.268449649568,13559.027540012381,10982.812307410026,10800.0,10800.0,0
2025-03-08,M4,26605.272005472034,0.0,733.2037310063317,27338.475736478365,27338.475736478365,0.0,582.9259833941132,0.0,0.0,27338.475736478365,50449.75657622658,51032.68255962069,13631.77066699398,15690.317459609487,13933.973243950306,11286.518327599748,10800.0,10800.0,0
2025-03-09,M4,62209.06359435282,0.0,722.0558535385347,62931.119447891324,62931.119447891324,0.0,587.9882845471634,0.0,0.0,62931.119447891324,96962.80946628706,97550.7977508342,27475.760693683747,3789.717583333333,15535.760125353325,12583.965701536194,10800.0,10800.0,0
2025-03-10,M4,60903.89998864371,0.0,1255.2134031668515,62159.11339181056,62159.11339181056,0.0,904.0092147991212,0.0,0.0,62159.11339181056,95372.13584266926,96276.14505746838,24398.773586470117,793.3967999999992,16010.016952622504,12968.113731624228,10800.0,10800.0,0
2025-03-11,M4,60394.353832220586,0.0,1512.6460392730585,61906.99987149367,61906.99987149367,0.0,1457.1857308803235,0.0,0.0,61906.99987149367,94559.9665317158,96017.15226259614,26568.545870723363,2732.115733333333,14618.799255470745,11841.227396931303,10800.0,10800.0,0
2025-03-12,M4,62004.33006195351,0.0,419.54622319853246,62423.87628515203,62423.87628515203,0.0,414.25169653894955,0.0,0.0,62423.87628515203,96852.33956620205,97266.591262741,28411.89382502518,3666.6315333333328,14487.006426574495,11734.47520552534,10800.0,10800.0,0
2025-03-13,M4,61501.54817207247,0.0,559.3699507132495,62060.91812278575,62060.91812278575,0.0,491.1108065323261,0.0,0.0,62060.91812278575,96108.69653403654,96599.80734056886,25344.610776358553,727.2411999999996,15696.512355492834,12714.175007949192,10800.0,10800.0,0
2025-03-14,M4,26490.436210159467,0.0,213.7216189201642,26704.15782907963,26704.15782907963,0.0,219.27075972990733,0.0,0.0,26704.15782907963,49937.691392878,50156.9621526079,13909.436421885192,17651.979695966154,13505.895007490646,10939.77495606742,10800.0,10800.0,0
2025-03-15,M4,26924.346742722588,0.0,1196.8354381846184,28121.182180907206,28121.182180907206,0.0,1364.3404606897602,0.0,0.0,28121.182180907206,51024.47622520344,52388.816685893195,15564.073158428357,13274.068565238103,13823.946380140756,11197.396567914013,10800.0,10800.0,0
2025-03-16,M4,61490.90110977846,0.0,659.5380681043719,62150.43917788283,62150.43917788283,0.0,574.0898576240971,0.0,0.0,62150.43917788283,95959.01155435793,96533.10141198203,28008.67814700921,2499.481726817952,14073.129499060782,11399.234894239236,10800.0,10800.0,0
2025-03-17,M4,61221.22371419868,0.0,381.9042094265052,61603.12792362518,61603.12792362518,0.0,310.08169351157426,0.0,0.0,61603.12792362518,95777.61905100115,96087.70074451272,30691.8124513222,5114.210516666666,12755.50706942389,10331.960726233356,10800.0,10800.0,0
2025-03-18,M4,60770.87828473194,0.0,141.4676991137003,60912.34598384561,60912.34598384561,0.0,148.0951341121155,0.0,0.0,60912.34598384561,95131.62455447379,95279.71968858589,27567.83696758601,3736.811459290926,14995.331026538399,12146.218131496105,10800.0,10800.0,0
2025-03-19,M4,57468.653220589666,0.0,719.3710219855956,58188.024242575266,58188.024242575266,0.0,643.2267863111891,0.0,0.0,58188.024242575266,90538.98087117066,91182.20765748185,24510.344656432564,4313.6874,15224.763952890962,12332.058801841678,10800.0,10800.0,0
2025-03-20,M4,59447.68689436294,0.0,447.70423676418517,59895.39113112715,59895.39113112715,0.0,346.33602587289647,0.0,0.0,59895.39113112715,93433.64112246019,93779.97714833308,25872.187458604916,2909.5473833333326,14680.423630148214,11891.143140420048,10800.0,10800.0,0
2025-03-21,M4,24493.720724093895,0.0,541.6762335741596,25035.396957668054,25035.396957668054,0.0,425.94299823755046,0.0,0.0,25035.396957668054,46234.687628768974,46660.630627006525,10923.297737229215,21183.149198765426,13266.94302286953,10746.223848524322,10800.0,10800.0,0
2025-03-22,M4,24618.64089927287,0.0,182.52461394255974,24801.165513215412,24801.165513215412,0.0,211.7721310796046,0.0,0.0,24801.165513215412,46497.53768771062,46709.30981879022,11047.16504784958,17340.23737489712,12845.829803737875,10405.122141027681,10800.0,10800.0,0
2025-03-23,M4,59243.94660008075,0.0,411.18937406451676,59655.13597414528,59655.13597414528,0.0,359.10205063013905,0.0,0.0,59655.13597414528,93192.41978366667,93551.52183429681,27293.211873870176,4788.370366666666,14211.681458385772,11511.46198129247,10800.0,10800.0,0
2025-03-24,M4,57122.35317145636,0.0,621.3692261955312,57743.722397651894,57743.722397651894,0.0,512.4204728479831,0.0,0.0,57743.722397651894,90438.11386016157,90950.53433300953,25042.767288845185,5236.480266666666,14067.314179812412,11394.524485648053,10800.0,10800.0,0
2025-03-25,M4,58454.137122304106,0.0,727.2439476610821,59181.381069965166,59181.381069965166,0.0,562.8807993060243,0.0,0.0,59181.381069965166,92224.62267001533,92787.50346932135,24831.280574317887,4262.408581239873,14440.471563668067,11696.781966571136,10800.0,10800.0,0
2025-03-26,M4,56363.347642280234,0.0,381.4467446178807,56744.79438689811,56744.79438689811,0.0,340.65347399621317,0.0,0.0,56744.79438689811,89493.77391583992,89834.42738983613,25970.882282425242,5558.515299857907,14276.183899401682,11563.708958515363,10800.0,10800.0,0
2025-03-27,M4,57315.08096748541,0.0,652.7346818250045,57967.81564931045,57967.81564931045,0.0,536.313837988627,0.0,0.0,57967.81564931045,90317.42385435279,90853.73769234143,25117.582711564017,4402.525933333334,13771.787618126722,11155.147970682647,10800.0,10800.0,0
2025-03-28,M4,22857.368659024378,0.0,208.09197853429,23065.460637558663,23065.460637558663,0.0,188.91401507866544,0.0,0.0,23065.460637558663,43422.362591065656,43611.27660614432,8964.648976682958,21253.363812551444,13533.59500128027,10962.21195103702,10800.0,10800.0,0
2025-03-29,M4,22149.927716818645,0.0,325.77520497927685,22475.702921797933,22475.702921797933,0.0,273.75578691606773,0.0,0.0,22475.702921797933,41880.82529134222,42154.581078258285,6867.2437852674175,25050.05782572016,13316.159389144084,10786.08910520671,10800.0,10800.0,0
2025-03-30,M4,55339.811944157664,0.0,281.2275233184921,55621.039467476134,55621.039467476134,0.0,235.39169152133195,0.0,0.0,55621.039467476134,88018.19849018744,88253.59018170877,24186.666860249174,6092.447695662047,13836.083819987123,11207.227894189571,10800.0,10800.0,0
2025-03-31,M4,52621.114274692634,0.0,3141.9824838472855,55763.09675853991,55763.09675853991,0.0,3044.9659263927974,0.0,0.0,55763.09675853991,84294.8088056265,87339.7747320193,23618.253066574038,4071.8348,14201.56516901021,11503.267786898276,10800.0,10800.0,0
2025-04-01,M4,56845.808821493985,0.0,1396.2936068739195,58242.10242836791,58242.10242836791,0.0,1103.337513218977,0.0,0.0,58242.10242836791,90543.04503710892,91646.38255032791,26635.96529899724,2275.0845833333333,13297.269217529858,10770.788066199186,10800.0,10800.0,0
2025-04-02,M4,56526.011286762274,0.0,1882.9981674640355,58409.00945422631,58409.00945422631,0.0,1536.558300651965,0.0,0.0,58409.00945422631,89860.26513339038,91396.82343404235,25000.14767223187,3046.7372666666665,15340.016290230584,12425.41319508677,10800.0,10800.0,0
2025-04-03,M4,57432.02645519121,0.0,327.4218747315571,57759.44832992279,57759.44832992279,0.0,301.7517648156278,0.0,0.0,57759.44832992279,90783.33862882179,91085.09039363742,26649.269052156782,5946.293209571694,13821.041396011995,11195.043530769715,10800.0,10800.0,0
2025-04-04,M4,21310.97264370325,0.0,110.7828547596399,21421.755498462888,21421.755498462888,0.0,157.4381113002633,0.0,0.0,21421.755498462888,40875.93352825693,41033.3716395572,6932.70792082716,25107.314116826867,13487.091325806146,10924.543973902979,10800.0,10800.0,0
2025-04-05,M4,20892.84415033004,0.0,322.6667683216955,21215.51091865173,21215.51091865173,0.0,316.7149372066871,0.0,0.0,21215.51091865173,40084.51929254511,40401.234229751804,5880.481013434001,19829.164625741894,13934.071617066154,11286.598009823581,10800.0,10800.0,0
2025-04-06,M4,54955.420664268044,0.0,354.7816310007507,55310.202295268806,55310.202295268806,0.0,335.35516525495075,0.0,0.0,55310.202295268806,87936.94310487984,88272.29827013481,25217.81641718919,6053.305151969229,13637.370706893296,11046.27027258357,10800.0,10800.0,0
2025-04-07,M4,52928.90181641744,0.0,1249.4246975447004,54178.32651396216,54178.32651396216,0.0,1042.742862713803,0.0,0.0,54178.32651396216,85075.60300999624,86118.34587271005,24430.26153216589,5834.957023914547,13738.98964892784,11128.581615631556,10800.0,10800.0,0
2025-04-08,M4,54313.905284396445,0.0,120.37698157482444,54434.282265971284,54434.282265971284,0.0,148.27033088129645,0.0,0.0,54434.282265971284,87205.88553657764,87354.15586745893,23166.99656821047,7015.655972183336,14833.209002097261,12014.899291698788,10800.0,10800.0,0
2025-04-09,M4,53849.56261541535,0.0,1200.0971519939658,55049.65976740935,55049.65976740935,0.0,1196.2949202834955,0.0,0.0,55049.65976740935,86425.94267437585,87622.23759465934,22710.238972947824,2986.466566666666,14690.637044095762,11899.41600571757,10800.0,10800.0,0
2025-04-10,M4,54598.059533555956,0.0,756.4428865246324,55354.50242008059,55354.50242008059,0.0,787.3479579076877,0.0,0.0,55354.50242008059,87188.60952643442,87975.9574843421,24313.59345789239,6545.728962666748,13978.932440962973,11322.935277180008,10800.0,10800.0,0
2025-04-11,M4,20392.98545429835,0.0,552.6861397342033,20945.671594032552,20945.671594032552,0.0,458.3863667832408,0.0,0.0,20945.671594032552,38975.79218071503,39434.17854749827,6219.249109586477,25147.16310547827,14479.558767193988,11728.442601427134,10800.0,10800.0,0
2025-04-12,M4,21437.423295905028,0.0,142.7627192233116,21580.186015128336,21580.186015128336,0.0,150.9487391151544,0.0,0.0,21580.186015128336,41053.375154253736,41204.32389336889,7207.676891719459,22638.166980887472,12280.628793483977,9947.309322722023,10800.0,10800.0,0
2025-04-13,M4,52830.13838622125,0.0,77.54329497032057,52907.68168119159,52907.68168119159,0.0,86.98701574644383,0.0,0.0,52907.68168119159,85098.81173948295,85185.79875522939,22740.001700291075,5552.468583333333,13773.526254061308,11156.556265789659,10800.0,10800.0,0
2025-04-14,M4,53157.856307640875,0.0,430.7356168365083,53588.591924477405,53588.591924477405,0.0,370.35589081735714,0.0,0.0,53588.591924477405,85523.50916660338,85893.86505742074,24549.053017905433,6197.746089837505,13784.390261462158,11165.356111784347,10800.0,10800.0,0
2025-04-15,M4,52102.99543975466,0.0,450.6795408787965,52553.67498063346,52553.67498063346,0.0,422.09484228626445,0.0,0.0,52553.67498063346,83928.69083897676,84350.78568126302,23583.88395420435,8132.93528355672,13129.145316676986,10634.60770650836,10800.0,10800.0,0
2025-04-16,M4,52781.57772961739,0.0,989.9478136107566,53771.52554322811,53771.52554322811,0.0,832.6479659825884,0.0,0.0,53771.52554322811,85316.20605644214,86148.85402242473,23174.02339891583,4522.642416666667,14066.296088643323,11393.699831801096,10800.0,10800.0,0
2025-04-17,M4,51630.12121193254,0.0,1076.710066176247,52706.831278108766,52706.831278108766,0.0,1163.4990558202567,0.0,0.0,52706.831278108766,83203.19471750967,84366.69377332993,22950.8147716557,5884.109916666666,14018.035447408198,11354.608712400644,10800.0,10800.0,0
2025-04-18,M4,19870.74948465838,0.0,333.8714020851598,20204.620886743538,20204.620886743538,0.0,285.18950276144113,0.0,0.0,20204.620886743538,38270.160266598454,38555.34976935989,6389.502583433895,23085.91695335377,14346.384469678373,11620.571420439484,10800.0,10800.0,0
2025-04-19,M4,20270.740008546123,0.0,484.68193678267727,20755.4219453288,20755.4219453288,0.0,399.46243507809123,0.0,0.0,20755.4219453288,39303.71118177431,39703.1736168524,6652.512451207234,23738.245800406738,13303.874290728581,10776.138175490147,10800.0,10800.0,0
2025-04-20,M4,51521.76722997932,0.0,548.4144872113881,52070.18171719066,52070.18171719066,0.0,465.3370444731166,0.0,0.0,52070.18171719066,83288.72831344402,83754.06535791713,23055.586883726864,6047.688491935197,14173.921573272377,11480.87647435063,10800.0,10800.0,0
2025-04-21,M4,52407.48657434524,0.0,315.8988973209208,52723.38547166613,52723.38547166613,0.0,258.6130546756749,0.0,0.0,52723.38547166613,84906.05600026052,85164.66905493618,25233.015833811078,8912.779904055536,13168.225967032844,10666.263033296604,10800.0,10800.0,0
2025-04-22,M4,49499.308968511585,0.0,2417.522427045888,51916.831395557485,51916.831395557485,0.0,2439.045119666317,0.0,0.0,51916.831395557485,80421.52431543585,82860.56943510217,22300.480399095024,5760.6173853155715,13929.170179078421,11282.627845053521,10800.0,10800.0,0
2025-04-23,M4,49747.61914472029,0.0,1620.3103404825222,51367.92948520278,51367.92948520278,0.0,1409.178343713949,0.0,0.0,51367.92948520278,81286.55462482454,82695.73296853849,23061.874050539944,5615.994107836831,13778.674176289725,11160.726082794681,10800.0,10800.0,0
2025-04-24,M4,50068.121001726504,0.0,220.51510557533632,50288.63610730186,50288.63610730186,0.0,218.45552530602964,0.0,0.0,50288.63610730186,81349.31365556519,81567.7691808712,22649.272157309693,9234.728014277553,13650.85425938935,11057.191950105378,10800.0,10800.0,0
2025-04-25,M4,18480.467513834265,0.0,49.63086515823169,18530.098378992494,18530.098378992494,0.0,80.79902617835296,0.0,0.0,18530.098378992494,36237.966722302306,36318.765748480655,5474.085441149562,25964.714269541742,15155.833619943987,12276.225232154633,10800.0,10800.0,0
2025-04-26,M4,18392.367207209467,0.0,185.33708024721076,18577.70428745668,18577.70428745668,0.0,183.72357125083155,0.0,0.0,18577.70428745668,36106.43153189837,36290.1551031492,4860.22001782995,28527.54700468036,14906.286564766095,12074.092117460536,10800.0,10800.0,0
2025-04-27,M4,47109.575385569355,0.0,1244.9421577302073,48354.51754329956,48354.51754329956,0.0,1113.2935275832403,0.0,0.0,48354.51754329956,77729.27595194288,78842.56947952612,18887.080851008992,8469.701986235952,15327.976099725503,12415.660640777656,10800.0,10800.0,0
2025-04-28,M4,50231.10516426214,0.0,2062.3828385956235,52293.48800285777,52293.48800285777,0.0,1920.0160892154527,0.0,0.0,52293.48800285777,82147.27170416954,84067.287793385,21551.582135130935,3053.8992682966527,14946.521438372401,12106.682365081648,10800.0,10800.0,0
2025-04-29,M4,49677.80377156289,0.0,500.1501345177078,50177.95390608061,50177.95390608061,0.0,422.4402656442869,0.0,0.0,50177.95390608061,81400.69316553458,81823.13343117887,22248.963506761087,9540.644030452673,13685.853564728714,11085.541387430254,10800.0,10800.0,0
2025-04-30,M4,48080.66348417058,0.0,259.7322385037474,48340.395722674315,48340.395722674315,0.0,262.550659891072,0.0,0.0,48340.395722674315,79320.54833431574,79583.09899420681,21756.671567320176,6788.346617484138,14638.033558258749,11856.807182189585,10800.0,10800.0,0
2025-05-01,M4,47327.360588466654,0.0,909.1126732134053,48236.473261680076,48236.473261680076,0.0,751.7705424117017,532.9863632127513,3394.7380108220377,51631.211272502114,77946.39857436973,78698.16911678141,17279.97981574715,8230.779816666667,16058.213786814442,13349.196739234088,10800.0,10419.951586761792,4
2025-05-02,M4,19857.705664870806,0.0,267.1694714666402,20124.875136337443,20124.875136337443,0.0,205.813348501528,0.0,0.0,20124.875136337443,37983.06906847446,38188.88241697599,3222.6767842269696,17214.999739548617,16414.959147119385,12954.073337252323,10419.951586761792,10800.0,0
2025-05-03,M4,20507.363405270447,0.0,9.80030955576095,20517.163714826213,20517.163714826213,0.0,16.26256339480051,0.0,0.0,20517.163714826213,39293.95261616805,39310.215179562845,4191.959359656196,23383.42888927638,15092.922529633019,12225.26724900275,10800.0,10800.0,0
2025-05-04,M4,55386.908868735096,0.0,86.9667067555989,55473.87557549069,55473.87557549069,0.0,140.11535004639723,0.0,0.0,55473.87557549069,88582.20245179645,88722.31780184284,27544.159079899506,6956.569109453676,13089.064627138636,10602.142347982295,10800.0,10800.0,0
2025-05-05,M4,54019.56944575444,0.0,0.0,54019.56944575444,54019.56944575444,0.0,0.0,0.0,0.0,54019.56944575444,86779.03771525524,86779.03771525524,23330.59090163552,5576.218066666667,14716.957615542353,11920.735668589301,10800.0,10800.0,0
2025-05-06,M4,52202.30252965799,0.0,312.11115419464414,52514.41368385263,52514.41368385263,0.0,319.8309733019727,0.0,0.0,52514.41368385263,84252.68845663372,84572.5194299357,21341.506904273192,7492.988359400256,15215.91603763785,12347.974238042263,10800.0,10774.35305827155,0
2025-05-07,M4,52917.663445476006,0.0,0.0,52917.663445476006,52917.663445476006,0.0,0.0,16.841140090422527,117.48379327078754,53035.147238746795,85341.85932173004,85341.85932173004,21084.85617862676,6404.217133333333,14624.731327919842,11822.950128059467,10774.35305827155,10800.0,1
2025-05-08,M4,56919.77648118133,0.0,0.0,56919.77648118133,56919.77648118133,0.0,0.0,35.999250000000075,243.22893262500048,57163.005413806335,90105.48459703979,90105.48459703979,27592.282560505453,4180.627333333332,13379.27133263688,10837.209779435872,10800.0,10800.0,1
2025-05-09,M4,23857.969189200063,0.0,0.0,23857.969189200063,23857.969189200063,0.0,0.0,0.0,0.0,23857.969189200063,44339.575807808986,44339.575807808986,8845.474769245018,24775.093961522634,11682.216984428078,9462.595757386745,10800.0,10800.0,0
2025-05-10,M4,22983.000504310337,0.0,0.0,22983.000504310337,22983.000504310337,0.0,0.0,0.0,0.0,22983.000504310337,42918.614826395155,42918.614826395155,7263.229546199816,21245.530068577013,12046.3680436052,9757.55811532021,10800.0,10800.0,0
2025-05-11,M4,55108.37230016937,0.0,371.4437975678035,55479.81609773715,55479.81609773715,0.0,336.219028506854,41.18071666666674,277.36103945833383,55757.17713719548,87885.91544735758,88222.13447586444,25452.95939393196,4774.390008910355,13430.982665028736,10879.095958673277,10800.0,10800.0,2
2025-05-12,M4,53267.95113998665,0.0,1229.6303926374737,54497.58153262411,54497.58153262411,0.0,1128.0236356058822,0.0,0.0,54497.58153262411,85710.67252975698,86838.69616536287,26122.758209299303,6379.698005224704,12658.130092134315,10253.085374628798,10800.0,10800.0,0
2025-05-13,M4,53776.44114170818,0.0,155.02780090502426,53931.4689426132,53931.4689426132,0.0,195.21093420025255,0.0,0.0,53931.4689426132,86397.46204364825,86592.6729778485,25396.91860483252,5481.9258666666665,13603.24073517185,11018.624995489197,10800.0,10800.0,0
2025-05-14,M4,52630.38476478484,0.0,1103.1811805396678,53733.56594532449,53733.56594532449,0.0,1058.165925863134,0.0,0.0,53733.56594532449,84848.44204320767,85906.60796907081,24832.492886460896,5539.867784362138,13263.676394286536,10743.577879372093,10800.0,10800.0,0
2025-05-15,M4,53143.6261992982,0.0,1087.482332460555,54231.10853175874,54231.10853175874,0.0,1017.6700119858001,0.0,0.0,54231.10853175874,84729.7698295402,85747.439841526,23991.698966325963,6489.334803497941,13164.988359835603,10663.64057146684,10800.0,10800.0,0
2025-05-16,M4,21419.21497575454,0.0,125.53099805530104,21544.745973809837,21544.745973809837,0.0,142.9183576681578,0.0,0.0,21544.745973809837,39283.36752436153,39426.28588202968,6593.606539766703,27382.59581405633,14392.510499333288,11657.933504459965,10800.0,10800.0,0
2025-05-17,M4,21871.10295018729,0.0,151.721263819863,22022.82421400715,22022.82421400715,0.0,167.18551616201785,0.0,0.0,22022.82421400715,40399.73438398863,40566.91990015064,5871.456425049112,21635.58371327183,13742.529886822998,11131.449208326632,10800.0,10800.0,0
2025-05-18,M4,53584.743324559706,0.0,635.9884165391292,54220.73174109885,54220.73174109885,0.0,533.1345631474512,0.0,0.0,54220.73174109885,86184.59654523275,86717.7311083802,26181.70139926167,4290.085366666666,13525.138118167808,10955.36187571593,10800.0,10800.0,0
2025-05-19,M4,52076.03812055286,0.0,174.16022016396434,52250.19834071682,52250.19834071682,0.0,203.59775605952987,67.00333333333344,451.9039816666674,52702.10232238349,83922.81646781426,84126.4142238738,24440.006244381657,9740.71020617284,13144.655561329651,10647.171004677015,10800.0,10800.0,1
2025-05-20,M4,51933.71282531393,0.0,748.4325571053337,52682.14538241928,52682.14538241928,0.0,660.6754592132185,0.0,0.0,52682.14538241928,83542.46927951247,84203.14473872569,23208.05548714992,3880.2559316872416,13618.097385378245,11030.658882156378,10800.0,10800.0,0
2025-05-21,M4,51481.76092280096,0.0,1395.9707024365296,52877.73162523749,52877.73162523749,0.0,1197.902927412914,0.0,0.0,52877.73162523749,82884.81223541293,84082.71516282586,22751.16792276276,7510.20315,12940.67793015664,10481.949123426883,10800.0,10800.0,0
2025-05-22,M4,51195.39882672121,0.0,282.50079660123293,51477.899623322446,51477.899623322446,0.0,276.20517511463987,0.0,0.0,51477.899623322446,82147.95946030239,82424.16463541702,22255.677691653877,6781.767356790126,13526.783001612432,10956.694231306075,10800.0,10800.0,0
2025-05-23,M4,20478.105126697945,0.0,540.3559756141855,21018.46110231212,21018.46110231212,0.0,456.1333466168048,0.0,0.0,21018.46110231212,37804.255388459285,38260.38873507609,6075.4923736086785,22880.086182658997,15178.217344605753,12294.356049130667,10800.0,10800.0,0
2025-05-24,M4,20762.56599270345,0.0,195.98564607101235,20958.551638774457,20958.551638774457,0.0,203.93455225923327,0.0,0.0,20958.551638774457,38196.71045090256,38400.645003161786,6073.699557363659,25709.38518653888,15068.73092592592,12205.67205,10800.0,10800.0,0
2025-05-25,M4,50873.42073076729,0.0,139.9444484685255,51013.36517923582,51013.36517923582,0.0,112.29298738324877,0.0,0.0,51013.36517923582,82749.8691003637,82862.16208774695,22884.539472939905,8839.624789711934,13647.30337769359,11054.315735931807,10800.0,10800.0,0
2025-05-26,M4,49304.07935661781,0.0,1343.9739881119701,50648.05334472976,50648.05334472976,0.0,1123.466504380686,0.0,0.0,50648.05334472976,80062.05225287827,81185.51875725898,19178.436319694094,4776.529966666666,13951.155373148486,11300.435852250273,10800.0,10800.0,0
2025-05-27,M4,50191.71810951494,0.0,2295.1215993633527,52486.83970887831,52486.83970887831,0.0,2025.555854374633,0.0,0.0,52486.83970887831,81156.11135259313,83181.66720696776,23528.405384942125,7654.206045854703,13729.93934826807,11121.250872097136,10800.0,10800.0,0
2025-05-28,M4,50950.923061187525,0.0,632.4308427605938,51583.3539039481,51583.3539039481,0.0,539.6798024955735,0.0,0.0,51583.3539039481,82461.83330093502,83001.5131034306,21612.69176422256,6476.720666666666,13885.66617127043,11247.389598729049,10800.0,10800.0,0
2025-05-29,M4,50623.78074353662,0.0,2800.8514164616026,53424.63215999823,53424.63215999823,0.0,2453.9738580995468,17.817433333333497,119.77769558333443,53544.409855581565,81937.0157416254,84390.98959972494,21962.745130487514,5640.1650666666665,14188.28071528474,11492.507379380648,10800.0,10800.0,1
2025-05-30,M4,20923.041888515687,0.0,142.56439227335744,21065.60628078905,21065.60628078905,0.0,163.2196098668249,0.0,0.0,21065.60628078905,39051.699030122516,39214.91863998934,5711.716977298566,24309.41224210062,13671.348178544706,11073.792024621218,10800.0,10800.0,0
2025-05-31,M4,21166.40956698519,0.0,330.584861740303,21496.994428725488,21496.994428725488,0.0,269.92442656060797,0.0,0.0,21496.994428725488,39199.83206905732,39469.75649561793,6588.861913352319,21789.192650434532,14223.791483321467,11521.271101490394,10800.0,10800.0,0
2025-06-01,M4,55544.92623456733,0.0,5563.778225987602,61108.704460554945,61108.704460554945,0.0,4263.933858153245,523.6558051959321,3194.828187239813,64303.53264779476,88951.63495871845,93215.5688168717,19328.234872118832,559.0312333333333,16301.74573266497,13674.613516049501,10800.0,10277.556141565694,13
2025-06-02,M4,62164.48709149859,0.0,1809.4265837164496,63973.91367521508,63973.91367521508,0.0,1257.8916053641042,4.240054608275614,28.582208114385914,64002.495883329466,97653.12876822619,98911.02037359029,24519.394812156657,2297.8737499999997,15720.973386584428,12263.788970542508,10277.556141565694,10800.0,1
2025-06-03,M4,67140.10717004942,0.0,1403.803612919408,68543.9107829688,68543.9107829688,0.0,1084.2078046958331,10.821261145249878,72.9586660792137,68616.86944904801,103073.67214300996,104157.8799477058,30386.638388144005,2841.290749999999,14465.29072301957,11716.88548564585,10800.0,10800.0,2
2025-06-04,M4,68709.63956097828,0.0,578.999981193937,69288.6395421722,69288.6395421722,0.0,489.48020583442576,5.743296259757699,38.7356616239358,69327.37520379614,105641.76626839685,106131.24647423129,32548.162694292172,1262.9853499999992,14108.320576485348,11427.739666953137,10800.0,10800.0,1
2025-06-05,M4,67176.526140385,0.0,582.7964289687937,67759.32256935377,67759.32256935377,0.0,501.39995526424093,61.19204623142173,412.5392583492439,68171.86182770302,103413.86972979343,103915.26968505766,28500.41939043215,1383.6305333333335,15489.967320299766,12546.873529442817,10800.0,10800.0,2
2025-06-06,M4,31237.241372212957,0.0,173.98089186559116,31411.222264078537,31411.222264078537,0.0,166.93253116397364,0.0,0.0,31411.222264078537,57421.904924263334,57588.8374554273,13130.795640514638,11175.877638607959,12774.572506866896,10347.40373056219,10800.0,10800.0,0
2025-06-07,M4,34599.137751587914,0.0,0.0,34599.137751587914,34599.137751587914,0.0,0.0,0.0,0.0,34599.137751587914,62604.29885978183,62604.29885978183,17970.849592567705,11219.569057255634,12038.773912062268,9751.406868770435,10800.0,10800.0,0
2025-06-08,M4,75844.87560198682,0.0,0.0,75844.87560198682,75844.87560198682,0.0,0.0,0.0,0.0,75844.87560198682,114359.22148630713,114359.22148630713,43731.299225021095,3404.5986999999996,10728.42260325985,8690.022308640482,10800.0,10800.0,0
2025-06-09,M4,71814.39197243011,0.0,0.0,71814.39197243011,71814.39197243011,0.0,0.0,0.0,0.0,71814.39197243011,109301.17321515045,109301.17321515045,34258.60968538497,1440.5632333333333,14048.881911046376,11379.594347947566,10800.0,10800.0,0
2025-06-10,M4,68939.76005969668,0.0,0.0,68939.76005969668,68939.76005969668,0.0,0.0,0.0,0.0,68939.76005969668,105727.07862396349,105727.07862396349,30558.316112987734,660.2974499999995,15210.635934960124,12320.615107317699,10800.0,10800.0,0
2025-06-11,M4,70505.16714876983,0.0,946.4162817456802,71451.58343051551,71451.58343051551,0.0,667.5804620983857,0.0,0.0,71451.58343051551,107663.88110279212,108331.4615648905,28380.01224081007,715.6320499999994,16586.162933756692,13434.791976342927,10800.0,10800.0,0
2025-06-12,M4,71266.29633699417,0.0,1.0287993716282586,71267.32513636579,71267.32513636579,0.0,0.5086896445540106,0.0,0.0,71267.32513636579,108280.01842803157,108280.52711767613,32133.171472979506,866.30355,14887.687691385743,12059.027030022453,10800.0,10800.0,0
2025-06-13,M4,33934.352651886045,0.0,67.88304780764761,34002.235699693694,34002.235699693694,0.0,97.3807887605185,0.0,0.0,34002.235699693694,60418.424997705966,60515.80578646649,17872.49015575726,12021.271368767677,11982.7924312713,9706.06186932975,10800.0,10800.0,0
2025-06-14,M4,33981.29837552546,0.0,94.77939821087705,34076.07777373634,34076.07777373634,0.0,148.22238447526445,0.0,0.0,34076.07777373634,60846.66868191054,60994.8910663858,18011.583843858632,14592.919884238625,11563.392569939708,9366.347981651164,10800.0,10800.0,0
2025-06-15,M4,68621.25542437774,0.0,150.05973229222008,68771.31515666997,68771.31515666997,0.0,107.47798940023492,0.0,0.0,68771.31515666997,105387.13876321411,105494.61675261435,31295.435094866218,693.0960833333331,15153.217058323557,12274.105817242084,10800.0,10800.0,0
2025-06-16,M4,68434.32322725706,0.0,763.4649634933234,69197.7881907504,69197.7881907504,0.0,603.3781984847745,0.0,0.0,69197.7881907504,105314.77345121518,105918.15164969994,29588.906935852243,585.2401833333333,16052.377441303677,13002.425727455979,10800.0,10800.0,0
2025-06-17,M4,66432.07382884482,0.0,2473.434969974847,68905.50879881963,68905.50879881963,0.0,2031.7810234137726,23.704972140063205,159.80491983491385,69065.31371865455,102811.09516872693,104842.8761921407,26884.057717735654,292.39985,16069.012525676017,13015.900145797572,10800.0,10800.0,2
2025-06-18,M4,68414.17605887054,0.0,1209.6364453849128,69623.81250425547,69623.81250425547,0.0,1088.9027704359123,0.0,0.0,69623.81250425547,105465.98881937841,106554.89158981433,32751.406755693348,176.3863666666664,14203.724039233324,11505.016471778996,10800.0,10800.0,0
2025-06-19,M4,66779.6101836756,0.0,750.6703333925395,67530.2805170681,67530.2805170681,0.0,566.6260214764347,27.075482073826038,182.25635627545046,67712.53687334355,102658.72908017444,103225.35510165087,30118.077036623443,1995.1810333333333,15156.149019831179,12276.480706063254,10800.0,10800.0,2
2025-06-20,M4,31784.162430947494,0.0,198.3729190820836,31982.535350029586,31982.535350029586,0.0,185.41026022818792,0.0,0.0,31982.535350029586,56370.74763493752,56556.157895165714,15594.629045060385,16503.09211748971,10830.820434819057,8772.964552203433,10800.0,10800.0,0
2025-06-21,M4,30122.56702114711,0.0,322.4849934471234,30445.05201459424,30445.05201459424,0.0,298.35240670561126,0.0,0.0,30445.05201459424,53284.62830972414,53582.98071642975,12944.87785306025,19168.575381829254,11235.721481790792,9100.93440025054,10800.0,10800.0,0
2025-06-22,M4,62787.16588579221,0.0,1557.531944684353,64344.69783047658,64344.69783047658,0.0,1232.160427730534,0.0,0.0,64344.69783047658,97844.99030557231,99077.15073330284,27735.021911867498,1007.0827666666665,15145.815551414129,12268.110596645449,10800.0,10800.0,0
2025-06-23,M4,63121.7985067846,0.0,313.83239218468117,63435.63089896929,63435.63089896929,0.0,293.14565024629087,0.0,0.0,63435.63089896929,97876.27016984353,98169.41582008981,26103.91455511998,2033.3896312866157,15635.924387806466,12665.098754123239,10800.0,10800.0,0
2025-06-24,M4,66623.25539063202,0.0,1983.0830909732301,68606.33848160524,68606.33848160524,0.0,1400.3878151599172,0.0,0.0,68606.33848160524,102912.68135771801,104313.06917287793,24564.471750757926,169.28284999999983,17423.801695368464,14113.279373248452,10800.0,10800.0,0
2025-06-25,M4,66753.17698312525,0.0,1536.094656948514,68289.27164007376,68289.27164007376,0.0,1230.4209312509408,0.0,0.0,68289.27164007376,102867.92903659487,104098.3499678458,29890.778808036455,800.7482833333332,15628.428998996655,12659.027489187294,10800.0,10800.0,0
2025-06-26,M4,64543.09826981931,0.0,1340.9133774769225,65884.01164729624,65884.01164729624,0.0,1333.0183095677849,3.4895590612270553,23.594653592486736,65907.60630088873,99394.77401068519,100727.79232025296,28247.51924330956,1982.959266666666,15544.313347392825,12590.89381138819,10800.0,10800.0,1
2025-06-27,M4,28960.829628467374,0.0,263.91181342098054,29224.741441888356,29224.741441888356,0.0,244.93083243206772,0.0,0.0,29224.741441888356,52200.69597395568,52445.62680638774,12248.662693004411,18238.88681522634,11507.533849949108,9321.10241845878,10800.0,10800.0,0
2025-06-28,M4,28431.325475489662,0.0,496.4983774803208,28927.82385296998,28927.82385296998,0.0,465.40379225504887,0.0,0.0,28927.82385296998,51537.839928839065,52003.243721094106,11409.16297977987,16670.122239872013,11300.170446187141,9153.138061411582,10800.0,10800.0,0
2025-06-29,M4,62095.06286144999,0.0,1580.5543731886196,63675.61723463862,63675.61723463862,0.0,1294.2874180400688,0.0,0.0,63675.61723463862,97000.29635463934,98294.58377267943,25959.03584787109,198.12930000000006,15103.421534078952,12233.771442603955,10800.0,10800.0,0
2025-06-30,M4,64797.09616388801,0.0,470.0835248513996,65267.179688739365,65267.179688739365,0.0,370.1169941627735,23.091766858987626,155.48713884936095,65422.66682758873,100274.3764749768,100644.49346913958,27224.111614538408,643.3051166666659,15381.49748136928,12459.012959909121,10800.0,10800.0,2
2025-07-01,M4,63905.636199764805,0.0,12146.95988084675,76052.59608061152,76052.59608061152,0.0,9237.279831585587,95.4873482254169,643.4902140173035,76696.08629462883,98746.87378245362,107984.1536140392,24793.49886667999,1255.7593666666664,16651.78260834019,13487.943912755554,10800.0,10800.0,2
2025-07-02,M4,67009.04402730976,0.0,7337.691477810193,74346.73550511997,74346.73550511997,0.0,5579.53174608805,0.0,0.0,74346.73550511997,103226.78936984937,108806.32111593742,30350.531221439993,3063.167150000001,13093.980935951344,10606.12455812058,10800.0,10800.0,0
2025-07-03,M4,71579.56358322603,0.0,4739.925679586651,76319.4892628127,76319.4892628127,0.0,3685.609400362695,0.0,0.0,76319.4892628127,109297.46928169002,112983.07868205273,29121.089220798232,1283.1604666666665,14833.737164497334,12015.32710324284,10800.0,10800.0,0
2025-07-04,M4,32978.61947994596,0.0,3521.96914927574,36500.588629221704,36500.588629221704,0.0,3691.1507986170977,0.0,0.0,36500.588629221704,57307.92456400379,60999.07536262089,11867.246646654006,17811.93264032922,12836.992678794712,10397.96406982372,10800.0,10800.0,0
2025-07-05,M4,33894.9392769516,0.0,804.0685736389205,34699.007850590526,34699.007850590526,0.0,686.8241393926324,0.0,0.0,34699.007850590526,58910.12489046047,59596.94902985312,10125.05907730724,18301.798258847735,12526.37751069195,10146.36578366048,10800.0,10800.0,0
2025-07-06,M4,72256.53009626153,0.0,2068.6588511965433,74325.18894745807,74325.18894745807,0.0,1768.8768709635744,5.456968364874228,36.807251621076674,74361.99619907915,110034.1040275366,111802.98089850016,27343.885374247344,1659.6825691311305,15846.780913087205,12835.89253960064,10800.0,10800.0,1
2025-07-07,M4,75256.29936503344,0.0,382.5264522950429,75638.82581732847,75638.82581732847,0.0,374.23210251614887,0.0,0.0,75638.82581732847,113777.28145184842,114151.51355436459,35648.794148498986,2684.7883999999995,12676.04336420487,10267.595125005942,10800.0,10800.0,0
2025-07-08,M4,80025.32273139323,0.0,0.0,80025.32273139323,80025.32273139323,0.0,0.0,0.0,0.0,80025.32273139323,120624.03399660435,120624.03399660435,37899.371588149756,4607.5491833333335,13398.558991866374,10852.83278341176,10800.0,10800.0,0
2025-07-09,M4,76553.33254750932,0.0,0.0,76553.33254750932,76553.33254750932,0.0,0.0,0.0,0.0,76553.33254750932,116134.8705056115,116134.8705056115,37128.59808028568,2488.637,12941.63372978504,10482.723321125886,10800.0,10800.0,0
2025-07-10,M4,71822.4023251591,0.0,34.61543660499983,71857.0177617641,71857.0177617641,0.0,17.142735083209345,0.0,0.0,71857.0177617641,109589.46479100153,109606.60752608474,30613.241846520894,3519.2021664482677,13792.316472538178,11171.776342755926,10800.0,10800.0,0
2025-07-11,M4,36325.92807030806,0.0,27.93365612504151,36353.8617264331,36353.8617264331,0.0,44.39247887215788,0.0,0.0,36353.8617264331,62471.2047054445,62515.59718431666,13399.59325604572,14271.818096296302,12238.993063024433,9913.584381049797,10800.0,10800.0,0
2025-07-12,M4,34230.29041783267,0.0,1801.2959015861568,36031.58631941884,36031.58631941884,0.0,2183.1519863535495,0.0,0.0,36031.58631941884,59176.87865807751,61360.030644431055,11887.174943508908,15964.588734567893,12758.019121162755,10333.99548814183,10800.0,10800.0,0
2025-07-13,M4,69690.71287898275,0.0,445.5485504310514,70136.26142941383,70136.26142941383,0.0,306.5485695118159,0.0,0.0,70136.26142941383,106706.32506518821,107012.87363470002,29109.176644575437,6087.218033333333,13414.518719953998,10865.760163162735,10800.0,10800.0,0
2025-07-14,M4,65889.52190747015,0.0,1187.362809295505,67076.88471676562,67076.88471676562,0.0,846.8048759662748,0.0,0.0,67076.88471676562,102200.81668227797,103047.62155824424,25156.22061173221,3561.7903771663614,13273.322908836893,10751.39155615788,10800.0,10800.0,0
2025-07-15,M4,71156.74918654998,0.0,1.7344434329625187,71158.48362998293,71158.48362998293,0.0,0.8575952102462452,0.0,0.0,71158.48362998293,109280.43674085641,109281.29433606667,32713.501524019106,1481.1085171507225,12303.335324018459,9965.70161245495,10800.0,10800.0,0
2025-07-16,M4,69032.17598803548,0.0,0.0,69032.17598803548,69032.17598803548,0.0,0.0,0.0,0.0,69032.17598803548,106251.04134138316,106251.04134138316,28489.67645724651,3094.7682595339647,13326.490743522858,10794.45750225351,10800.0,10800.0,0
2025-07-17,M4,67532.31367967074,0.0,423.5125061254319,67955.82618579615,67955.82618579615,0.0,391.6383127551561,0.0,0.0,67955.82618579615,103905.0443747945,104296.68268754965,25081.063915436967,3580.4423166666666,15340.84415147028,12426.083762690927,10800.0,10800.0,0
2025-07-18,M4,36051.112314421116,0.0,19.543521791596945,36070.65583621271,36070.65583621271,0.0,33.76267045278905,0.0,0.0,36070.65583621271,61979.78410856753,62013.546779020326,13573.680536851392,14953.091730452677,11644.875851138211,9432.349439421954,10800.0,10800.0,0
2025-07-19,M4,36325.97803244097,0.0,156.4454127687578,36482.42344520972,36482.42344520972,0.0,173.69287223284988,0.0,0.0,36482.42344520972,62563.9044440079,62737.59731624075,13191.450193312541,20192.803131893,11423.8154791327,9253.29053809749,10800.0,10800.0,0
2025-07-20,M4,68062.4094772287,0.0,377.6964488087479,68440.10592603745,68440.10592603745,0.0,341.7090487288634,0.0,0.0,68440.10592603745,105298.71220001302,105640.42124874188,28322.039260277306,2707.993333333334,13265.318097182006,10744.907658717422,10800.0,10800.0,0
2025-07-21,M4,68538.66085543785,0.0,146.9174633058672,68685.5783187437,68685.5783187437,0.0,168.15407097519483,0.0,0.0,68685.5783187437,106074.40885929004,106242.56293026524,27630.368049966633,1939.6655999999996,14119.894369992664,11437.114439694056,10800.0,10800.0,0
2025-07-22,M4,68028.52088838757,0.0,4370.402793200987,72398.92368158857,72398.92368158857,0.0,4170.035514516541,15.941357718862037,107.3889562731141,72506.31263786169,104774.32969651379,108944.36521103032,29683.257657516922,2843.3740666666663,13887.001199468077,11248.470971569144,10800.0,10800.0,1
2025-07-23,M4,72077.68129889536,0.0,299.59872371954896,72377.28002261493,72377.28002261493,0.0,204.63344100074767,0.0,0.0,72377.28002261493,110202.29238715395,110406.92582815471,30449.651080263382,3110.408833333334,13843.783146796472,11213.464348905145,10800.0,10800.0,0
2025-07-24,M4,70634.03679297135,0.0,859.144195405845,71493.18098837713,71493.18098837713,0.0,602.111864533467,0.0,0.0,71493.18098837713,108464.41804865215,109066.52991318563,30543.53619247348,2463.3305666666665,12858.900810765652,10415.709656720173,10800.0,10800.0,0
2025-07-25,M4,33766.37240094955,0.0,1323.0573772309342,35089.42977818049,35089.42977818049,0.0,1518.3246163923368,0.0,0.0,35089.42977818049,58121.0662659949,59639.39088238723,12005.780573994401,18825.464340740742,12120.138952554891,9817.312551569465,10800.0,10800.0,0
2025-07-26,M4,34532.78914037239,0.0,322.69265127253175,34855.48179164493,34855.48179164493,0.0,274.738775594214,0.0,0.0,34855.48179164493,59929.879515853594,60204.61829144781,11802.748298470651,17621.2664476206,12165.852519420525,9854.340540730629,10800.0,10800.0,0
2025-07-27,M4,66996.66124990463,0.0,1177.474527578379,68174.13577748302,68174.13577748302,0.0,976.6925961636105,0.0,0.0,68174.13577748302,103618.18824284713,104594.88083901073,24954.463804696526,3017.016200000001,15464.268601653708,12526.057567339501,10800.0,10800.0,0
2025-07-28,M4,71879.80648835731,0.0,242.15632249803485,72121.96281085532,72121.96281085532,0.0,171.53366965306077,0.0,0.0,72121.96281085532,110329.48302714564,110501.0166967987,29197.90871603165,561.0490666666667,14669.37726719505,11882.195586427993,10800.0,10800.0,0
2025-07-29,M4,71442.50795863454,0.0,1659.994251750887,73102.5022103854,73102.5022103854,0.0,1366.2836212069979,0.0,0.0,73102.5022103854,109441.54674241695,110807.83036362394,30717.88743307378,1293.8733666666667,14351.70323096584,11624.879617082333,10800.0,10800.0,0
2025-07-30,M4,69722.79059833285,0.0,2300.739412347607,72023.53001068044,72023.53001068044,0.0,1831.6061083548864,0.0,0.0,72023.53001068044,106889.53574679472,108721.14185514959,28466.274273401454,3516.4766833333333,13869.141307446358,11234.004459031552,10800.0,10800.0,0
2025-07-31,M4,68458.92778543575,0.0,382.8549395802254,68841.78272501596,68841.78272501596,0.0,308.3878553100933,0.0,0.0,68841.78272501596,105245.29373052184,105553.68158583195,26025.770407879678,1849.5137556197567,15702.111345609686,12718.710189943848,10800.0,10800.0,0
2025-08-01,M4,33646.809391719115,0.0,968.4877176072035,34615.29710932632,34615.29710932632,0.0,717.4093631125362,0.0,0.0,34615.29710932632,58331.26892352816,59048.6782866407,11657.583937894708,23911.482528395063,11727.64291412769,9499.390760443428,10800.0,10800.0,0
2025-08-02,M4,33557.563199124415,0.0,22.722945103842612,33580.28614422826,33580.28614422826,0.0,37.343096410651015,0.0,0.0,33580.28614422826,58387.64769936176,58424.99079577241,11580.816127805647,23604.065902057613,12174.125434609596,9861.041602033778,10800.0,10800.0,0
2025-08-03,M4,61949.44550176604,0.0,630.3681653730382,62579.81366713907,62579.81366713907,0.0,560.4294286472172,67.39197884119255,454.1000378147825,63033.91370495385,96749.35207095402,97309.78149960123,23223.8317343109,8681.331915226338,13855.420239851916,11222.890394280055,10800.0,10800.0,2
2025-08-04,M4,61585.07198348657,0.0,660.3816767204619,62245.453660207044,62245.453660207044,0.0,503.10934922864647,0.0,0.0,62245.453660207044,96478.36308985336,96981.472439082,22312.081882452134,6624.975344855967,13835.57962337142,11206.81949493085,10800.0,10800.0,0
2025-08-05,M4,61257.01017954859,0.0,106.1327049464833,61363.14288449507,61363.14288449507,0.0,108.07409685411312,0.0,0.0,61363.14288449507,95780.13620752943,95888.21030438357,21513.6335541023,6419.024033333333,14753.910440076803,11950.667456462215,10800.0,10800.0,0
2025-08-06,M4,62598.64958094638,0.0,190.913352146041,62789.56293309243,62789.56293309243,0.0,215.3377789233483,0.0,0.0,62789.56293309243,97712.26793447843,97927.60571340178,21909.956143916592,5058.481517901232,14972.467289038354,12127.698504121065,10800.0,10800.0,0
2025-08-07,M4,63998.6866157462,0.0,886.3814453850409,64885.06806113127,64885.06806113127,0.0,774.8009614932521,1.3851078172941698,9.358480967548058,64894.426542098816,99757.69466731718,100532.49562881043,26180.549268988034,8337.794549327675,13829.219306905326,11201.667638593315,10800.0,10800.0,1
2025-08-08,M4,29629.5287887115,0.0,24.330903041976473,29653.85969175348,29653.85969175348,0.0,40.409050730877425,0.0,0.0,29653.85969175348,50596.154808946536,50636.56385967741,6509.710037855401,25366.690174036816,15710.48630413261,12725.493906347412,10800.0,10800.0,0
2025-08-09,M4,29054.631078740334,0.0,95.0652428869081,29149.69632162724,29149.69632162724,0.0,143.52323785193119,0.0,0.0,29149.69632162724,49644.92057702997,49788.44381488189,5774.190797065618,22026.207826842023,16137.453636706638,13071.337445732377,10800.0,10800.0,0
2025-08-10,M4,60547.987310643904,0.0,235.6998130118574,60783.68712365577,60783.68712365577,0.0,267.0446611858795,0.0,0.0,60783.68712365577,95151.32649505968,95418.37115624556,21900.196915789787,5376.645159810621,14931.10542444811,12094.195393802971,10800.0,10800.0,0
2025-08-11,M4,61069.0767800461,0.0,620.843140244769,61689.91992029086,61689.91992029086,0.0,544.1740731512052,56.22690241365399,379.12636199350055,62069.046282284355,95627.92720796773,96172.10128111893,21980.733531646685,6825.682664509804,15056.098179172492,12195.439525129723,10800.0,10800.0,2
2025-08-12,M4,62327.34749778151,0.0,1368.7974247508057,63696.144922532316,63696.144922532316,0.0,1156.6770338966155,7.67384463180656,51.5874205373196,63747.732343069634,97306.08243284181,98462.75946673843,22723.92412681335,5381.195566666665,13709.315620474832,11104.545652584611,10800.0,10800.0,1
2025-08-13,M4,61574.48225261914,0.0,1436.7833208186066,63011.26557343773,63011.26557343773,0.0,1178.3598652161718,0.0,0.0,63011.26557343773,96189.03173059845,97367.39159581462,23695.090147801064,4935.571540534978,13767.107670939933,11151.35721346135,10800.0,10800.0,0
2025-08-14,M4,60977.272977648776,0.0,1352.402560485067,62329.675538133844,62329.675538133844,0.0,1236.9410098278565,37.19404984515006,255.79916053699117,62585.474698670834,95274.93658679581,96511.87759662367,21563.937842423384,6117.884385738599,15478.728605123686,12537.770170150185,10800.0,10800.0,3
2025-08-15,M4,30431.24052642467,0.0,550.9323781497561,30982.17290457443,30982.17290457443,0.0,518.3662668895361,0.0,0.0,30982.17290457443,52343.050651407444,52861.41691829698,6785.955697118679,26352.99522637202,13488.100586699746,10925.361475226797,10800.0,10800.0,0
2025-08-16,M4,29774.95205301441,0.0,736.767091257968,30511.719144272392,30511.719144272392,0.0,630.4848668948867,0.0,0.0,30511.719144272392,50770.38905801931,51400.873924914195,6263.161108000287,25319.566831938293,15204.55588583656,12315.690267527612,10800.0,10800.0,0
2025-08-17,M4,61737.08667216179,0.0,176.96885116731238,61914.055523329094,61914.055523329094,0.0,171.9209540418908,18.154335399342585,122.04251972208054,62036.09804305118,96501.2965229764,96673.21747701828,22490.74604637725,8350.235061728392,14131.563619185876,11446.56653154056,10800.0,10800.0,1
2025-08-18,M4,61097.46882977831,0.0,824.5681322239244,61922.036962002225,61922.036962002225,0.0,702.4440242818905,67.16783503449403,454.7241289542674,62376.76109095649,95192.30444703694,95894.74847131882,21607.431400430905,7040.912083333334,15365.564241696962,12446.107035774548,10800.0,10800.0,3
2025-08-19,M4,61842.93086038872,0.0,439.3728754874018,62282.303735876136,62282.303735876136,0.0,367.43728726076284,115.85367970879702,781.3924048545011,63063.69614073064,96145.7669108601,96513.20419812086,22745.61017309272,6938.143617901234,13829.705457030048,11202.061420194339,10800.0,10800.0,4
2025-08-20,M4,63136.43588398199,0.0,257.1807803146753,63393.61666429667,63393.61666429667,0.0,237.6998511540736,64.44831863247907,434.31643422044215,63827.93309851711,98209.43417258463,98447.1340237387,21358.7361814908,3411.4294877638367,16266.976876052047,13176.251269602159,10800.0,10800.0,2
2025-08-21,M4,64293.00136511446,0.0,746.5603669556244,65039.561732070084,65039.561732070084,0.0,653.6271116562913,0.0,0.0,65039.561732070084,99533.30839728648,100186.93550894278,26614.002895715428,5228.627349311526,13157.298845171099,10657.412064588592,10800.0,10800.0,0
2025-08-22,M4,29689.329877906788,0.0,982.3465685297356,30671.676446436522,30671.676446436522,0.0,775.0164687312051,0.0,0.0,30671.676446436522,51053.15169778203,51828.168166513235,4917.398197800094,22940.313803250294,14420.45666033079,11680.569894867942,10800.0,10800.0,0
2025-08-23,M4,29851.59214722972,0.0,686.6355046496079,30538.227651879337,30538.227651879337,0.0,607.1268146824343,0.0,0.0,30538.227651879337,50885.828349990785,51492.955164673214,6216.114895916833,19872.48759358628,15128.139606158462,12253.793080988356,10800.0,10800.0,0
2025-08-24,M4,62697.74909749413,0.0,553.4950828684701,63251.244180362635,63251.244180362635,0.0,469.4814524188735,0.0,0.0,63251.244180362635,97171.97927109797,97641.46072351682,22240.898843574185,8917.43820164609,14471.232605069647,11721.698410106415,10800.0,10800.0,0
2025-08-25,M4,67532.62553409119,0.0,246.76568758286328,67779.39122167407,67779.39122167407,0.0,241.97515748478997,0.0,0.0,67779.39122167407,104347.3810811142,104589.356238599,27805.38522451752,3465.856733333333,13394.880337270988,10849.853073189508,10800.0,10800.0,0
2025-08-26,M4,64162.06651140847,0.0,576.3752212104588,64738.441732618936,64738.441732618936,0.0,498.64617215418997,0.0,0.0,64738.441732618936,99010.40341020121,99509.0495823554,24991.043367557235,6316.139722709121,14068.674256609072,11395.626147853352,10800.0,10800.0,0
2025-08-27,M4,64742.65612848789,0.0,1860.0473077195957,66602.70343620749,66602.70343620749,0.0,1834.118396127265,0.0,0.0,66602.70343620749,99465.99532856955,101300.11372469681,25118.582178129935,5420.498583333334,14983.600508246758,12136.716411679874,10800.0,10800.0,0
2025-08-28,M4,64549.08087757122,0.0,1532.6230948029192,66081.70397237412,66081.70397237412,0.0,1360.606651630373,10.717147753414338,72.16351699344189,66153.86748936756,99275.03550629396,100635.64215792433,23294.369043451414,3786.412416666667,14725.172959085967,11927.390096859632,10800.0,10800.0,2
2025-08-29,M4,33147.819257578005,0.0,60.445592527035956,33208.26485010504,33208.26485010504,0.0,95.21929631360467,0.0,0.0,33208.26485010504,57016.6451428205,57111.86443913411,10737.703151533824,21201.921182716047,13773.788183601248,11156.76842871701,10800.0,10800.0,0
2025-08-30,M4,33127.547878357145,0.0,423.6554571541482,33551.20333551129,33551.20333551129,0.0,362.1767517831936,0.0,0.0,33551.20333551129,56188.27115221511,56550.4479039983,9253.345186798279,26498.736596296294,12029.717303002066,9744.071015431677,10800.0,10800.0,0
2025-08-31,M4,64031.39040208524,0.0,95.7845256388292,64127.174927724074,64127.174927724074,0.0,128.25607067268163,6.167338987666881,41.66962587017128,64168.844553594245,98791.06353414687,98919.31960481955,23889.748827137744,5691.554071406692,14197.689273312946,11500.12831138349,10800.0,10800.0,1
2025-09-01,M4,69015.69473176987,0.0,0.0,69015.69473176987,69015.69473176987,0.0,0.0,0.0,0.0,69015.69473176987,105963.46245792264,105963.46245792264,43134.1893915084,7448.419253292184,9509.048840993299,7702.329561204575,10800.0,10800.0,0
2025-09-02,M4,59750.15124255407,0.0,16.047874572393397,59766.19911712647,59766.19911712647,0.0,26.584898127413453,0.0,0.0,59766.19911712647,93164.88708644398,93191.4719845714,28755.244541172102,7851.5016121806575,13299.842006413895,10772.872025195256,10800.0,10800.0,0
2025-09-03,M4,58386.259045433755,0.0,783.3510737951717,59169.610119228935,59169.610119228935,0.0,585.1231328602137,0.0,0.0,59169.610119228935,91213.35868754446,91798.48182040468,26166.56873214514,7791.856781893002,12064.94240192917,9772.603345562631,10800.0,10800.0,0
2025-09-04,M4,56082.51543730828,0.0,965.6969340175109,57048.21237132581,57048.21237132581,0.0,772.6474218793013,0.0,0.0,57048.21237132581,87760.82180778828,88533.4692296676,24067.848026301126,7778.10354534629,14536.59004221149,11774.63793419131,10800.0,10800.0,0
2025-09-05,M4,27188.848533656575,0.0,0.0,27188.848533656575,27188.848533656575,0.0,0.0,0.0,0.0,27188.848533656575,46549.20664763458,46549.20664763458,11155.405840115378,25762.329135437147,14774.78950218625,11967.579496770864,10800.0,10800.0,0
2025-09-06,M4,26514.41938468566,0.0,278.37561437925785,26792.794999064914,26792.794999064914,0.0,271.13967206084294,0.0,0.0,26792.794999064914,45651.09438905947,45922.23406112031,10726.213396296022,24581.760583806663,15227.244110619104,12334.067729601476,10800.0,10800.0,0
2025-09-07,M4,50699.342431560624,0.0,4463.888759598022,55163.23119115866,55163.23119115866,0.0,4021.5560945099496,0.0,0.0,55163.23119115866,80893.14852566877,84914.70462017873,21267.656200533886,5681.425583333334,15813.890629709716,12809.25141006487,10800.0,10800.0,0
2025-09-08,M4,47161.42747950424,0.0,6299.625730972954,53461.05321047717,53461.05321047717,0.0,5014.178222924627,0.0,0.0,53461.05321047717,76738.72338647822,81752.90160940285,14222.701835391767,5078.849583333333,16083.056091286382,13027.275433941966,10800.0,10800.0,0
2025-09-09,M4,50858.93499227017,0.0,4174.334462580085,55033.269454850255,55033.269454850255,0.0,3421.721965175373,0.0,0.0,55033.269454850255,81194.7894271771,84616.51139235246,19422.351160329315,9137.95539501821,15544.0556333593,12590.685063021036,10800.0,10800.0,0
2025-09-10,M4,54106.34566989789,0.0,2995.3077333918145,57101.653403289725,57101.653403289725,0.0,2367.9877821848013,0.0,0.0,57101.653403289725,85884.72895323136,88252.71673541615,19960.1164421829,3879.1233,16302.517595964495,13205.039252731242,10800.0,10800.0,0
2025-09-11,M4,56480.86624352767,0.0,1100.6373443383143,57581.50358786602,57581.50358786602,0.0,838.1778303384394,0.0,0.0,57581.50358786602,88723.9787163926,89562.15654673104,24248.776154343563,9130.216166666665,14142.51811782885,11455.439675441374,10800.0,10800.0,0
2025-09-12,M4,25394.322617719772,0.0,19.650836546713773,25413.97345426649,25413.97345426649,0.0,31.54066024941062,0.0,0.0,25413.97345426649,44793.98334209824,44825.52400234765,7806.105612466083,22615.838059133075,15010.127003939442,12158.202873190952,10800.0,10800.0,0
2025-09-13,M4,26123.697895253965,0.0,0.0,26123.697895253965,26123.697895253965,0.0,0.0,0.0,0.0,26123.697895253965,45883.258822290074,45883.258822290074,8868.339405064246,26226.771241871338,14637.087852742898,11856.041160721741,10800.0,10800.0,0
2025-09-14,M4,56912.83416170082,0.0,550.9451678412203,57463.779329542034,57463.779329542034,0.0,481.34634577533757,0.0,0.0,57463.779329542034,89132.08213316751,89613.42847894285,22266.059913549383,4555.744312274423,14169.997384837086,11477.69788171804,10800.0,10800.0,0
2025-09-15,M4,52957.93158380519,0.0,1143.338434290153,54101.27001809535,54101.27001809535,0.0,881.1967583877399,1.1717666666667128,7.893606150000311,54109.163624245346,84113.14963215566,84994.34639054339,17922.507690198487,8956.317152255842,16050.85621801262,13001.193536590223,10800.0,10800.0,1
2025-09-16,M4,58836.321672820624,0.0,865.3376805658916,59701.65935338654,59701.65935338654,0.0,670.878846945441,0.0,0.0,59701.65935338654,91838.55876563796,92509.4376125834,24880.8261430267,5516.16269165733,13793.04628718967,11172.36749262363,10800.0,10800.0,0
2025-09-17,M4,58427.75595370984,0.0,165.92107145319255,58593.67702516304,58593.67702516304,0.0,162.85097378487922,0.0,0.0,58593.67702516304,90995.66987687218,91158.52085065708,22797.054605336038,5584.6384601197715,14824.786237901357,12008.076852700096,10800.0,10800.0,0
2025-09-18,M4,56538.29009791236,0.0,3671.7506355315695,60210.040733443944,60210.040733443944,0.0,3420.2098311731397,0.0,0.0,60210.040733443944,88217.76025957704,91637.9700907502,23996.00206696971,5901.586580960001,14654.370137651686,11870.039811497869,10800.0,10800.0,0
2025-09-19,M4,25068.12843837575,0.0,642.8165262105626,25710.944964586313,25710.944964586313,0.0,519.8470640238356,0.0,0.0,25710.944964586313,44832.22584756992,45352.072911593765,6997.982778963752,19640.15691318682,13750.425804086964,11137.844901310442,10800.0,10800.0,0
2025-09-20,M4,24684.571049623835,0.0,361.716044062953,25046.287093686788,25046.287093686788,0.0,331.2754014696412,0.0,0.0,25046.287093686788,44185.252479807445,44516.52788127709,6429.201984508948,19583.09710064625,15046.28980415029,12187.494741361732,10800.0,10800.0,0
2025-09-21,M4,60369.72001274786,0.0,475.7231157678315,60845.44312851572,60845.44312851572,0.0,481.6418500874143,0.0,0.0,60845.44312851572,93392.90406674723,93874.54591683464,27433.356162691525,5811.221015569494,12328.848711791106,9986.367456550797,10800.0,10800.0,0
2025-09-22,M4,60355.87352098522,0.0,468.34094264083075,60824.214463626035,60824.214463626035,0.0,422.54663269138945,19.555900000000065,131.78740035000044,60956.00186397604,93798.45769217983,94221.00432487122,25612.726867555764,5404.162693759425,13735.00410643524,11125.353326212546,10800.0,10800.0,2
2025-09-23,M4,61395.3176452539,0.0,99.01267629894186,61494.33032155284,61494.33032155284,0.0,111.0755584757087,0.0,0.0,61494.33032155284,94932.96397339544,95044.03953187114,24836.972765372375,5440.6893739059215,13946.114785576445,11296.352976316924,10800.0,10800.0,0
2025-09-24,M4,58825.31433782074,0.0,543.2713073776596,59368.58564519843,59368.58564519843,0.0,513.7826689619349,0.0,0.0,59368.58564519843,91156.15912648465,91669.94179544659,22880.71885581228,5006.396688853449,14313.690267267746,11594.089116486874,10800.0,10800.0,0
2025-09-25,M4,60318.66833489497,0.0,1261.7838212650875,61580.452156160056,61580.452156160056,0.0,1140.9232895147084,15.37166666666667,103.49743166666669,61683.949587826726,93135.51372339204,94276.43701290674,25562.959612221675,5854.046633333333,13365.018600096857,10825.665066078454,10800.0,10800.0,1
2025-09-26,M4,27328.916765747836,0.0,33.551721539201814,27362.468487287035,27362.468487287035,0.0,54.34784191218682,0.0,0.0,27362.468487287035,49384.37790488384,49438.72574679602,11321.515876877162,17865.91162358642,13458.182875433937,10901.128129101493,10800.0,10800.0,0
2025-09-27,M4,25388.68022636401,0.0,1498.2763846377154,26886.956611001733,26886.956611001733,0.0,1866.0532944742547,0.0,0.0,26886.956611001733,45390.958327094064,47257.01162156832,7813.091370785084,18838.295420781895,14759.592526322882,11955.269946321534,10800.0,10800.0,0
2025-09-28,M4,61033.94150856443,0.0,2869.9753179334393,63903.91682649789,63903.91682649789,0.0,2893.2776664883013,0.0,0.0,63903.91682649789,94305.90535930335,97199.18302579164,27053.829422519324,3907.3414833333322,14475.699754064857,11725.316800792534,10800.0,10800.0,0
2025-09-29,M4,62257.82673423176,0.0,256.67138565242243,62514.49811988419,62514.49811988419,0.0,297.2523848585954,5.620383333333393,39.20779413333375,62553.705914017526,95910.29542961111,96207.5478144697,25927.829009126057,4843.563520682409,14115.17930523467,11433.295237240083,10800.0,10800.0,1
2025-09-30,M4,62876.56551631364,0.0,711.1697632100204,63587.73527952365,63587.73527952365,0.0,572.8598545882463,24.358593795358388,164.57883897833895,63752.31411850199,96417.34601890741,96990.20587349567,24556.735394574054,4157.595783333332,15147.676435352489,12269.617912635515,10800.0,10800.0,1
2025-10-01,M4,61876.13756759488,0.0,14.285831194891736,61890.423398789775,61890.423398789775,0.0,7.047944544705956,0.0,0.0,61890.423398789775,95823.42249100414,95830.47043554886,32265.73094940491,11702.534341733262,11582.54532145973,9381.861710382376,10800.0,10800.0,0
2025-10-02,M4,59440.073269784516,0.0,426.7069731974275,59866.78024298195,59866.78024298195,0.0,353.8869268251195,0.0,0.0,59866.78024298195,92023.31364494884,92377.20057177395,29293.268816376025,9008.62575,12339.59415121724,9995.071262485963,10800.0,10800.0,0
2025-10-03,M4,23578.09294369484,0.0,427.99318613860567,24006.08612983345,24006.08612983345,0.0,359.7842062539754,0.0,0.0,24006.08612983345,42779.17167607934,43138.955882333314,8622.027060963976,24076.568507202992,13806.350600875527,11183.143986709176,10800.0,10800.0,0
2025-10-04,M4,24809.37710370324,0.0,530.548974067677,25339.926077770917,25339.926077770917,0.0,435.7765137642604,0.0,0.0,25339.926077770917,44992.15483627688,45427.93135004115,9792.220492957862,19982.834024074073,13457.338945662526,10900.444545986646,10800.0,10800.0,0
2025-10-05,M4,57212.599444488325,0.0,1219.8252408117282,58432.42468530005,58432.42468530005,0.0,1024.2663825971274,0.0,0.0,58432.42468530005,89480.06421312342,90504.33059572054,25736.536880696964,7641.381233333333,12581.32323696624,10190.871821942656,10800.0,10800.0,0
2025-10-06,M4,54161.84012415645,0.0,2038.8895666501746,56200.72969080661,56200.72969080661,0.0,1717.5858644022155,0.0,0.0,56200.72969080661,85246.81743164819,86964.40329605041,20851.193424894762,5630.857665527999,14469.699766461355,11720.4568108337,10800.0,10800.0,0
2025-10-07,M4,55314.985502138596,0.0,1817.6733361622137,57132.65883830083,57132.65883830083,0.0,1432.9681551317417,0.0,0.0,57132.65883830083,86926.90094306742,88359.86909819917,21833.41817025061,5953.67425,14743.229883939726,11942.016205991175,10800.0,10800.0,0
2025-10-08,M4,51866.877045259316,0.0,1483.0022938382087,53349.879339097526,53349.879339097526,0.0,1170.7369641286527,0.0,0.0,53349.879339097526,83327.59827051489,84498.33523464354,18705.570229174868,6337.57774329684,15666.797871079842,12690.106275574668,10800.0,10800.0,0
2025-10-09,M4,55025.183222706386,0.0,899.7744959923077,55924.95771869869,55924.95771869869,0.0,707.8784611313492,0.0,0.0,55924.95771869869,87219.22026283156,87927.0987239629,21497.512376248567,7944.04655,14345.042707268443,11619.484592887442,10800.0,10800.0,0
2025-10-10,M4,22672.865911952067,0.0,982.2640787659486,23655.129990718022,23655.129990718022,0.0,839.2117125327803,0.0,0.0,23655.129990718022,42245.318905603584,43084.53061813637,6844.679466170149,24208.586953866237,14145.543586491134,11457.890305057825,10800.0,10800.0,0
2025-10-11,M4,23575.38015196465,0.0,475.380045762862,24050.760197727515,24050.760197727515,0.0,429.87901709339815,0.0,0.0,24050.760197727515,43717.00330415838,44146.882321251775,7669.236735640639,19667.906148441245,14228.55712545558,11525.13127161902,10800.0,10800.0,0
2025-10-12,M4,56421.040199251656,0.0,211.70369054903182,56632.7438898007,56632.7438898007,0.0,210.66033652742493,0.0,0.0,56632.7438898007,89042.75625988416,89253.41659641158,23037.614654118,5022.39155,14097.128468211915,11418.674059251654,10800.0,10800.0,0
2025-10-13,M4,58501.03033361784,0.0,64.67254148805492,58565.7028751059,58565.7028751059,0.0,80.56014251200374,0.0,0.0,58565.7028751059,91739.5190889387,91820.07923145071,25509.60092197624,6572.287766666666,14267.343383198988,11556.54814039118,10800.0,10800.0,0
2025-10-14,M4,59210.739110169714,0.0,28.109509294426296,59238.848619464145,59238.848619464145,0.0,25.064188049411996,0.0,0.0,59238.848619464145,92583.96097231645,92609.02516036584,23807.43013578649,5246.244880619033,14639.583476984151,11858.062616357161,10800.0,10800.0,0
2025-10-15,M4,60957.07821258252,0.0,0.0,60957.07821258252,60957.07821258252,0.0,0.0,0.0,0.0,60957.07821258252,95150.45289709205,95150.45289709205,26769.4832594228,3738.69265,14327.6491456277,11605.395807958439,10800.0,10800.0,0
2025-10-16,M4,60101.614321491084,0.0,215.34902615957523,60316.96334765064,60316.96334765064,0.0,196.10415566366805,0.0,0.0,60316.96334765064,93637.01019851989,93833.11435418355,23721.176185499742,4262.552633333333,15173.22413342358,12290.311548073105,10800.0,10800.0,0
2025-10-17,M4,24977.79328184688,0.0,500.16365697905604,25477.95693882594,25477.95693882594,0.0,502.4328561934515,0.0,0.0,25477.95693882594,45935.527409250644,46437.9602654441,9249.561307397562,18542.5864332876,13903.227411011936,11261.614202919667,10800.0,10800.0,0
2025-10-18,M4,26420.890235345534,0.0,555.7038365327841,26976.594071878313,26976.594071878313,0.0,581.0973558253321,0.0,0.0,26976.594071878313,49078.837328069814,49659.934683895146,12234.726664820002,18756.006213380722,13645.308100146078,11052.69956111832,10800.0,10800.0,0
2025-10-19,M4,63294.385020843416,0.0,0.0,63294.385020843416,63294.385020843416,0.0,0.0,0.0,0.0,63294.385020843416,98516.38973075061,98516.38973075061,27621.10043790633,4234.702416666667,14604.5491728647,11829.684830020404,10800.0,10800.0,0
2025-10-20,M4,65371.33347973831,0.0,0.0,65371.33347973831,65371.33347973831,0.0,0.0,0.0,0.0,65371.33347973831,100694.57070230422,100694.57070230422,29700.92234005501,3754.7733166666667,14726.803573241483,11928.710894325606,10800.0,10800.0,0
2025-10-21,M4,64009.75049964008,0.0,102.94868139466348,64112.69918103475,64112.69918103475,0.0,87.69515647759448,0.0,0.0,64112.69918103475,99304.14054675243,99391.83570323,27547.67655630494,2501.817666666667,15156.63226451796,12276.872134259547,10800.0,10800.0,0
2025-10-22,M4,62650.368330781785,0.0,387.6101784133497,63037.97850919513,63037.97850919513,0.0,387.1852147943699,0.0,0.0,63037.97850919513,96767.07612231051,97154.26133710488,25148.530285243818,3458.905333333333,15746.994834356492,12755.065815828759,10800.0,10800.0,0
2025-10-23,M4,66258.48858352029,0.0,67.34199917812045,66325.8305826984,66325.8305826984,0.0,110.42112742293284,0.0,0.0,66325.8305826984,101669.42337248314,101779.84449990606,31085.086678351487,4546.011882383357,14574.994241252067,11805.745335414169,10800.0,10800.0,0
2025-10-24,M4,27777.08927209975,0.0,599.9019920407536,28376.991264140506,28376.991264140506,0.0,576.3674803961811,0.0,0.0,28376.991264140506,50865.30319412257,51441.670674518755,11869.00727538293,18538.003298241572,13761.102022250452,11146.492638022863,10800.0,10800.0,0
2025-10-25,M4,27447.323689390607,0.0,599.4217523080019,28046.745441698615,28046.745441698615,0.0,531.818798118728,0.0,0.0,28046.745441698615,50707.04103959742,51238.85983771615,11840.691941653833,17339.794933488854,13999.685417053286,11339.745187813163,10800.0,10800.0,0
2025-10-26,M4,63879.778748302946,0.0,495.1388727674289,64374.91762107037,64374.91762107037,0.0,477.49288236067997,0.0,0.0,64374.91762107037,98276.41425645276,98753.90713881343,27562.197292343764,3880.075977275622,14564.85185540734,11797.530002879941,10800.0,10800.0,0
2025-10-27,M4,62414.95677065556,0.0,930.748212216304,63345.70498287187,63345.70498287187,0.0,865.0205629102174,0.0,0.0,63345.70498287187,96368.58264748762,97233.60321039785,25546.11371244458,5217.540133333332,15354.566831332933,12437.199133379674,10800.0,10800.0,0
2025-10-28,M4,63117.24559529203,0.0,51.04860415905305,63168.29419945108,63168.29419945108,0.0,67.26589512382225,0.0,0.0,63168.29419945108,97296.04807024766,97363.31396537149,25430.755090797455,3013.448366666666,15508.888462670433,12562.199654763055,10800.0,10800.0,0
2025-10-29,M4,64978.08759445868,0.0,384.3175825951819,65362.405177053864,65362.405177053864,0.0,374.06199562360877,0.0,0.0,65362.405177053864,99696.98408049271,100071.04607611633,25508.374883132306,2124.362357641551,16452.90544917091,13326.853413828434,10800.0,10800.0,0
2025-10-30,M4,63956.57267499024,0.0,105.58199956445557,64062.15467455467,64062.15467455467,0.0,154.45478124876104,0.0,0.0,64062.15467455467,98159.38545612856,98313.84023737733,26676.439981544594,4023.5317999999997,14873.951609646003,12047.900803813267,10800.0,10800.0,0
2025-10-31,M4,31830.639517028772,0.0,38.07819098626103,31868.717708015047,31868.717708015047,0.0,26.825393644776568,0.0,0.0,31868.717708015047,56742.51633265232,56769.34172629709,16972.269480394883,13469.347514408892,12754.908762245559,10331.476097418907,10800.0,10800.0,0
2025-11-01,M4,31663.108843501494,0.0,74.05792383533776,31737.166767336825,31737.166767336825,0.0,53.73590138823249,0.0,0.0,31737.166767336825,56514.148493994624,56567.884395382855,16908.81309059261,14766.16259151437,12362.475157592316,10013.604877649777,10800.0,10800.0,0
2025-11-02,M4,67073.9599178931,0.0,864.4567124790059,67938.4166303721,67938.4166303721,0.0,801.9698086862501,0.0,0.0,67938.4166303721,102666.85711203888,103468.82692072511,29296.765952759957,2359.530133333333,15874.457375255279,12858.310473956775,10800.0,10800.0,0
2025-11-03,M4,68757.79175520752,0.0,0.0,68757.79175520752,68757.79175520752,0.0,0.0,0.0,0.0,68757.79175520752,104978.76286465963,104978.76286465963,30897.80512071026,1826.3283499999993,14472.100582189723,11722.401471573676,10800.0,10800.0,0
2025-11-04,M4,66114.62574823156,0.0,205.90938395034453,66320.53513218189,66320.53513218189,0.0,252.31728533447676,0.0,0.0,66320.53513218189,101139.56263063858,101391.87991597306,27174.253944868397,3726.4347166666666,15321.680111077167,12410.560889972501,10800.0,10800.0,0
2025-11-05,M4,67607.56100213037,0.0,288.45079131770615,67896.01179344812,67896.01179344812,0.0,267.7074174381946,0.0,0.0,67896.01179344812,103275.50736507241,103543.21478251061,28500.97418816306,2388.221716666666,15663.151636916931,12687.152825902718,10800.0,10800.0,0
2025-11-06,M4,66212.02157767754,0.0,1455.1967449208144,67667.21832259832,67667.21832259832,0.0,1259.5444927621447,0.0,0.0,67667.21832259832,101270.76807980929,102530.31257257142,26603.292693007264,1438.82795,16413.723050337718,13295.11567077355,10800.0,10800.0,0
2025-11-07,M4,31892.205488469983,0.0,574.0457639158501,32466.251252385835,32466.251252385835,0.0,724.41888140398,0.0,0.0,32466.251252385835,56902.30928107069,57626.72816247467,16221.004716821419,15534.232741041782,13436.994322516517,10883.965401238376,10800.0,10800.0,0
2025-11-08,M4,32334.568554860383,0.0,0.0,32334.568554860383,32334.568554860383,0.0,0.0,0.0,0.0,32334.568554860383,57932.432140095436,57932.432140095436,16225.455091781201,15533.040292558318,12540.682398715342,10157.952742959427,10800.0,10800.0,0
2025-11-09,M4,67907.4522357959,0.0,82.79406580117481,67990.24630159707,67990.24630159707,0.0,129.95860906147652,0.0,0.0,67990.24630159707,103513.40261562257,103643.36122468405,27355.81500664209,1850.2385166666668,16265.739568641882,13175.249050599923,10800.0,10800.0,0
2025-11-10,M4,68357.9990068489,0.0,917.4185270843712,69275.41753393327,69275.41753393327,0.0,726.5706158036256,0.0,0.0,69275.41753393327,104415.6096608237,105142.18027662733,27092.016644435607,975.202533333333,16929.042099254635,13712.524100396255,10800.0,10800.0,0
2025-11-11,M4,69280.06743926981,0.0,170.99152387920793,69451.05896314903,69451.05896314903,0.0,128.22405525709144,0.0,0.0,69451.05896314903,105240.94470363855,105369.16875889563,28657.151366726477,2141.4157499999997,15850.431450013166,12838.849474510662,10800.0,10800.0,0
2025-11-12,M4,68562.98270805854,0.0,1019.1340988555063,69582.11680691404,69582.11680691404,0.0,806.2117211613154,0.0,0.0,69582.11680691404,104398.46589178756,105204.67761294887,28652.064607077038,2442.006683333333,16603.255644939585,13448.637072401065,10800.0,10800.0,0
2025-11-13,M4,68179.23629894959,0.0,112.3943805180619,68291.63067946765,68291.63067946765,0.0,83.1985219959762,0.0,0.0,68291.63067946765,103468.34163744113,103551.5401594371,26860.954748665725,1183.2677333333327,16376.033477744044,13264.587116972672,10800.0,10800.0,0
2025-11-14,M4,31870.339780821956,0.0,285.88259627985883,32156.22237710183,32156.22237710183,0.0,222.12549872318158,0.0,0.0,32156.22237710183,57323.204369644984,57545.329868368164,15736.544363817684,11635.537666107772,13551.539676014276,10976.747137571569,10800.0,10800.0,0
2025-11-15,M4,33134.029495730465,0.0,441.7333288320474,33575.76282456252,33575.76282456252,0.0,352.6706992762126,0.0,0.0,33575.76282456252,59513.96137645411,59866.632075730326,17218.29148845569,11876.984648229893,13470.889591463581,10911.420569085503,10800.0,10800.0,0
2025-11-16,M4,69511.84543216463,0.0,557.84378318007,70069.6892153447,70069.6892153447,0.0,461.79344978734906,0.0,0.0,70069.6892153447,105465.94708300766,105927.74053279503,26474.390037153713,1777.0958666666663,17061.63287179632,13819.92262615501,10800.0,10800.0,0
2025-11-17,M4,69634.6211820321,0.0,1233.0821796854177,70867.70336171752,70867.70336171752,0.0,1145.7008378977846,0.0,0.0,70867.70336171752,105502.3617627784,106648.06260067617,29009.416062315173,1826.148916666667,16403.912044005272,13287.16875564427,10800.0,10800.0,0
2025-11-18,M4,70479.50596694389,0.0,213.95953001154004,70693.4654969554,70693.4654969554,0.0,164.0355258477025,0.0,0.0,70693.4654969554,106454.00198547886,106618.03751132655,28140.552997036724,462.5271833333329,16444.23946117454,13319.833963551378,10800.0,10800.0,0
2025-11-19,M4,70512.1167366574,0.0,3192.367786124049,73704.48452278145,73704.48452278145,0.0,2585.715245837202,0.0,0.0,73704.48452278145,106426.33213714912,109012.04738298632,29156.656069919478,1363.1928499999995,16441.509805614984,13317.622942548138,10800.0,10800.0,0
2025-11-20,M4,71048.79221504691,0.0,46.88401903118624,71095.6762340781,71095.6762340781,0.0,53.086758730249244,0.0,0.0,71095.6762340781,107260.97599719411,107314.06275592436,28594.670650743265,779.8489166666664,16560.353448321537,13413.886293140444,10800.0,10800.0,0
2025-11-21,M4,34151.83789891149,0.0,1893.4435617933927,36045.28146070488,36045.28146070488,0.0,1977.1869480790383,0.0,0.0,36045.28146070488,60396.0015511074,62373.188499186435,19492.259927753777,11621.18988519178,12607.129576706437,10211.774957132217,10800.0,10800.0,0
2025-11-22,M4,35676.546367095034,0.0,289.0911221457615,35965.63748924079,35965.63748924079,0.0,229.69921667749202,0.0,0.0,35965.63748924079,63066.40006645903,63296.099283136515,19504.949248850833,11055.1226245139,13243.146981255002,10726.94905481655,10800.0,10800.0,0
2025-11-23,M4,71637.46077730285,0.0,1192.8632225403683,72830.32399984323,72830.32399984323,0.0,895.3858254886069,0.0,0.0,72830.32399984323,108028.71565812085,108924.10148360947,28814.943995630663,1715.755833333333,16638.44932269548,13477.143951383347,10800.0,10800.0,0
2025-11-24,M4,70929.60065482739,0.0,107.82124159225633,71037.42189641962,71037.42189641962,0.0,123.21539650946166,0.0,0.0,71037.42189641962,106852.74120385238,106975.95660036182,28313.43948836343,1381.8698500000003,16414.229273675857,13295.525711677445,10800.0,10800.0,0
2025-11-25,M4,73290.29437244446,0.0,194.30523894478472,73484.59961138925,73484.59961138925,0.0,229.11430598150403,0.0,0.0,73484.59961138925,109977.50741496148,110206.62172094299,30084.202880988007,833.7680500000001,16421.00170151749,13301.011378229172,10800.0,10800.0,0
2025-11-26,M4,72313.37536138677,0.0,559.135127873648,72872.51048926043,72872.51048926043,0.0,431.6124376698634,0.0,0.0,72872.51048926043,109106.03349006383,109537.6459277337,29170.273363332817,378.0993333333321,17008.454461759044,13776.84811402482,10800.0,10800.0,0
2025-11-27,M4,72029.67251161046,0.0,490.5585281861473,72520.2310397966,72520.2310397966,0.0,408.6401956580201,0.0,0.0,72520.2310397966,108457.428588057,108866.06878371502,29077.417092455085,896.6137499999996,16374.448462771628,13263.303254845017,10800.0,10800.0,0
2025-11-28,M4,34945.437938305644,0.0,736.2254047851841,35681.66334309082,35681.66334309082,0.0,806.2979593619696,0.0,0.0,35681.66334309082,61716.23321929719,62522.53117865916,18784.744949478412,10175.130210397154,13902.197204124164,11260.779735340577,10800.0,10800.0,0
2025-11-29,M4,37105.52368885043,0.0,102.4741641814962,37207.99785303192,37207.99785303192,0.0,143.51941665494155,0.0,0.0,37207.99785303192,65351.18938217157,65494.708798826505,20792.459077780717,7267.596713991766,13185.27845817908,10680.075551125052,10800.0,10800.0,0
2025-11-30,M4,73580.25395793654,0.0,863.2477844676403,74443.5017424042,74443.5017424042,0.0,755.6100400857982,0.0,0.0,74443.5017424042,110840.50734739097,111596.11738747677,27912.476664417205,10.70791666666662,18042.656261717086,14614.551571990842,10800.0,10800.0,0
2025-12-01,M4,74669.07064014226,0.0,5884.663164662482,80553.7338048047,80553.7338048047,0.0,4420.976658866929,0.0,0.0,80553.7338048047,112122.87756883746,116543.85422770439,26743.468497225218,34.26228333333347,18248.398493750086,14781.202779937576,10800.0,10800.0,0
2025-12-02,M4,78470.19636442195,0.0,4940.577980679669,83410.77434510158,83410.77434510158,0.0,3661.4371135730808,0.0,0.0,83410.77434510158,117204.82522902921,120866.2623426023,28841.60361209792,0.0,17825.519897391503,14438.67111688712,10800.0,10800.0,0
2025-12-03,M4,79985.9000244183,0.0,3212.468054139315,83198.36807855763,83198.36807855763,0.0,2800.7668905977457,0.0,0.0,83198.36807855763,118618.26565639811,121419.03254699588,31059.028638804506,0.0,16827.659692235276,13630.404350710574,10800.0,10800.0,0
2025-12-04,M4,81697.6544930611,0.0,1524.108026069541,83221.76251913064,83221.76251913064,0.0,1075.1196651061246,0.0,0.0,83221.76251913064,121025.61806180532,122100.73772691142,31989.153883093662,38.74940000000015,17376.97733588307,14075.351642065294,10800.0,10800.0,0
2025-12-05,M4,42337.09316718916,0.0,1341.9285273854582,43679.021694574614,43679.021694574614,0.0,1061.7201365716326,0.0,0.0,43679.021694574614,72339.20418246655,73400.9243190382,24379.164179972722,5284.065862648899,12768.771542543353,10342.70494946012,10800.0,10800.0,0
2025-12-06,M4,43151.49790723403,0.0,1489.2794228616497,44640.77733009568,44640.77733009568,0.0,1211.820488792392,0.0,0.0,44640.77733009568,73686.43575071535,74898.25623950775,24420.051206613673,4425.593549415224,12568.319299011464,10180.33863219928,10800.0,10800.0,0
2025-12-07,M4,84291.6924365176,0.0,225.97310301738725,84517.66553953501,84517.66553953501,0.0,265.5557015898125,0.0,0.0,84517.66553953501,124416.7585885496,124682.31429013942,33893.301982010285,12.572583333333341,16440.834077872605,13317.07560307681,10800.0,10800.0,0
2025-12-08,M4,87143.14347610326,0.0,0.0,87143.14347610326,87143.14347610326,0.0,0.0,0.0,0.0,87143.14347610326,128782.83174021078,128782.83174021078,37887.44930918195,0.0,16043.006917695664,12994.835603333491,10800.0,10800.0,0
2025-12-09,M4,85463.32452152413,0.0,0.0,85463.32452152413,85463.32452152413,0.0,0.0,0.0,0.0,85463.32452152413,126592.40021045487,126592.40021045487,35877.923190628906,7.1056166666667195,17467.98492890864,14149.067792416003,10800.0,10800.0,0
2025-12-10,M4,81782.52605166734,0.0,1.2979359058361528,81783.82398757318,81783.82398757318,0.0,0.8720929287349009,0.0,0.0,81783.82398757318,121913.25932725656,121914.1314201853,30231.469952788262,0.0,17342.33158279144,14047.288582061072,10800.0,10800.0,0
2025-12-11,M4,82560.56601456864,0.0,0.0,82560.56601456864,82560.56601456864,0.0,0.0,0.0,0.0,82560.56601456864,122897.45140021907,122897.45140021907,33705.18380009047,0.0,17005.33105330845,13774.318153179842,10800.0,10800.0,0
2025-12-12,M4,43765.332016509135,0.0,713.2825830954121,44478.61459960453,44478.61459960453,0.0,772.4619282805326,0.0,0.0,44478.61459960453,74916.90396691015,75689.36589519068,26151.9601873523,3436.7504999999996,12559.166971079194,10172.92524657415,10800.0,10800.0,0
2025-12-13,M4,44070.36395072974,0.0,944.2832233191203,45014.64717404884,45014.64717404884,0.0,808.7216246251679,0.0,0.0,45014.64717404884,75398.91978643095,76207.64141105612,26203.300793484275,3769.9650666666666,12820.221934588699,10384.379767016844,10800.0,10800.0,0
2025-12-14,M4,79500.73627144397,0.0,1130.8392331277173,80631.5755045717,80631.5755045717,0.0,944.6134744737487,0.0,0.0,80631.5755045717,118815.15545340326,119759.76892787701,27500.630015672068,0.0,18317.984801078706,14837.567688873753,10800.0,10800.0,0
2025-12-15,M4,81380.47690238239,0.0,315.9989318805369,81696.4758342629,81696.4758342629,0.0,259.20318527154643,0.0,0.0,81696.4758342629,121447.1472659199,121706.35045119144,28832.45108952998,0.0,17917.586289446343,14513.244894451538,10800.0,10800.0,0
2025-12-16,M4,81952.1298467954,0.0,170.1234323183268,82122.25327911373,82122.25327911373,0.0,181.97290932149863,0.0,0.0,82122.25327911373,121897.61044240496,122079.58335172647,29284.579734524727,0.0,17773.222546675832,14396.310262807423,10800.0,10800.0,0
2025-12-17,M4,80887.1062384858,0.0,379.0357659756155,81266.14200446144,81266.14200446144,0.0,333.10052099371035,0.0,0.0,81266.14200446144,120996.5319752028,121329.63249619651,29828.03461371713,0.0,17419.74113585642,14109.990320043702,10800.0,10800.0,0
2025-12-18,M4,79486.16349048272,0.0,1690.479366208177,81176.6428566909,81176.6428566909,0.0,1338.4944404677572,0.0,0.0,81176.6428566909,118572.83869525598,119911.33313572375,29081.696660076355,86.18373333333352,17774.66197709153,14397.476201444148,10800.0,10800.0,0
2025-12-19,M4,42797.316565051966,0.0,794.3306408168594,43591.647205868845,43591.647205868845,0.0,783.436445248576,0.0,0.0,43591.647205868845,73348.95101851378,74132.38746376235,24555.20037001379,4169.6973110499175,13153.14990894024,10654.051426241598,10800.0,10800.0,0
2025-12-20,M4,43844.65585334468,0.0,73.71795024205518,43918.373803586735,43918.373803586735,0.0,107.85334978064185,0.0,0.0,43918.373803586735,74973.11386579127,75080.96721557192,25135.145954154592,4541.171968043646,13412.08970196671,10863.792658593036,10800.0,10800.0,0
2025-12-21,M4,80843.98979511415,0.0,135.37638189460833,80979.36617700876,80979.36617700876,0.0,154.44688718049423,0.0,0.0,80979.36617700876,120707.58194719043,120862.02883437093,28459.193256835595,0.0,17710.80900457196,14345.75529370329,10800.0,10800.0,0
2025-12-22,M4,80211.33015639869,0.0,469.95498450803524,80681.28514090674,80681.28514090674,0.0,373.20422202949493,0.0,0.0,80681.28514090674,119801.82654207211,120175.03076410163,27759.90616741393,0.0,18303.671122917716,14825.973609563353,10800.0,10800.0,0
2025-12-23,M4,80729.36082555371,0.0,105.24129505530959,80834.602120609,80834.602120609,0.0,143.75512837221265,0.0,0.0,80834.602120609,120393.31906330612,120537.07419167833,29935.185492226563,0.0,17598.92719009702,14255.131023978585,10800.0,10800.0,0
2025-12-24,M4,79902.46846337113,0.0,193.39763018819292,80095.86609355934,80095.86609355934,0.0,253.02441228684285,0.0,0.0,80095.86609355934,119376.81181303477,119629.8362253216,28315.41202509662,0.0,18209.81517662281,14749.950293064476,10800.0,10800.0,0
2025-12-25,M4,79061.45486772957,0.0,90.8249059841143,79152.2797737137,79152.2797737137,0.0,105.06791005700583,0.0,0.0,79152.2797737137,118169.41347908953,118274.48138914653,27081.801407801373,0.0,17790.69183164126,14410.460383629417,10800.0,10800.0,0
2025-12-26,M4,42552.56006483893,0.0,500.16757589394115,43052.72764073286,43052.72764073286,0.0,423.91947883051097,0.0,0.0,43052.72764073286,73027.79510364814,73451.71458247866,23990.162951089478,3877.368333333334,13560.846656434256,10984.28579171175,10800.0,10800.0,0
2025-12-27,M4,43155.899433144354,0.0,78.7537749863422,43234.65320813071,43234.65320813071,0.0,102.36997646484184,0.0,0.0,43234.65320813071,74087.37941573595,74189.74939220079,24486.725398164243,3847.055805023993,13248.205907083666,10731.04678473777,10800.0,10800.0,0
2025-12-28,M4,80416.66681270361,0.0,592.730064693297,81009.39687739691,81009.39687739691,0.0,509.9949554456399,0.0,0.0,81009.39687739691,119913.1732443129,120423.16819975854,30356.137356281743,0.0,17146.189965667374,13888.413872190571,10800.0,10800.0,0
2025-12-29,M4,79844.82543583207,0.0,500.3062755288336,80345.1317113609,80345.1317113609,0.0,481.69595547003166,0.0,0.0,80345.1317113609,119467.71835438345,119949.41430985348,29131.150627579453,0.0,17339.460082144018,14044.962666536652,10800.0,10800.0,0
2025-12-30,M4,81723.0766690351,0.0,545.2807894640239,82268.3574584991,82268.3574584991,0.0,399.71253071868983,0.0,0.0,82268.3574584991,122164.30571396335,122564.01824468204,33124.33628573675,18.987083333333203,16822.590924273503,13626.298648661541,10800.0,10800.0,0
2025-12-31,M4,81645.83350590523,0.0,293.33239316889626,81939.1658990741,81939.1658990741,0.0,215.578218777495,0.0,0.0,81939.1658990741,122062.94193636415,122278.52015514164,30302.745288526585,0.0,17522.90491200913,14193.552978727395,10800.0,10800.0,0
2025-02-01,M5,56584.996660101395,0.0,0.0,56584.996660101395,56584.996660101395,0.0,0.0,0.0,0.0,56584.996660101395,90169.86023396938,90169.86023396938,44474.947739896415,9854.542124940206,7695.76018841802,6233.565752618598,10800.0,10800.0,0
2025-02-02,M5,94500.14600882871,0.0,0.0,94500.14600882871,94500.14600882871,0.0,0.0,0.0,0.0,94500.14600882871,136366.45663872687,136366.45663872687,55559.67672776742,437.1925500000002,10596.365320839192,8583.055909879746,10800.0,10800.0,0
2025-02-03,M5,94040.50525664634,0.0,0.0,94040.50525664634,94040.50525664634,0.0,0.0,0.0,0.0,94040.50525664634,135998.20315441358,135998.20315441358,53682.573956625914,80.66648333333342,10621.295865549204,8603.249651094851,10800.0,10800.0,0
2025-02-04,M5,93732.41761250346,0.0,0.0,93732.41761250346,93732.41761250346,0.0,0.0,0.0,0.0,93732.41761250346,135601.91696691248,135601.91696691248,51879.32547416628,319.04835000000026,11624.627330243187,9415.948137496982,10800.0,10800.0,0
2025-02-05,M5,90248.29570483678,0.0,377.1707497750678,90625.46645461187,90625.46645461187,0.0,273.1459193929618,0.0,0.0,90625.46645461187,130981.71062966244,131254.8565490554,48145.93125614742,41.18235000000027,12206.926103024463,9887.61014344982,10800.0,10800.0,0
2025-02-06,M5,91848.46406116213,0.0,201.67467940187896,92050.13874056401,92050.13874056401,0.0,137.31098062375747,0.0,0.0,92050.13874056401,132923.90176261455,133061.2127432383,50582.72770233636,1.400816666666742,11610.668460887424,9404.64145331881,10800.0,10800.0,0
2025-02-07,M5,53368.711597928166,0.0,0.0,53368.711597928166,53368.711597928166,0.0,0.0,0.0,0.0,53368.711597928166,85767.56843951052,85767.56843951052,41406.848283829866,10894.786777681802,8738.177428064118,7077.923716731934,10800.0,10800.0,0
2025-02-08,M5,48907.614571916885,0.0,1143.3798833168512,50050.99445523375,50050.99445523375,0.0,869.9751817227319,0.0,0.0,50050.99445523375,79426.58687634255,80296.56205806529,36138.535919819595,10962.332960085234,8518.581376283102,6900.050914789311,10800.0,10800.0,0
2025-02-09,M5,87393.6371209744,0.0,1688.7157032007185,89082.35282417513,89082.35282417513,0.0,1468.4906934098556,0.0,0.0,89082.35282417513,126881.68052193901,128350.17121534886,46455.17551296254,52.42941666666661,12037.633258173737,9750.482939120728,10800.0,10800.0,0
2025-02-10,M5,88838.79760310352,0.0,456.2533484909375,89295.05095159447,89295.05095159447,0.0,312.8416995572503,0.0,0.0,89295.05095159447,128810.01217985197,129122.85387940922,51288.005840992184,1451.7277666666669,10823.593096931785,8767.110408514742,10800.0,10800.0,0
2025-02-11,M5,87872.97055063338,0.0,361.1371761153792,88234.10772674879,88234.10772674879,0.0,244.404817736655,0.0,0.0,88234.10772674879,127752.16727501266,127996.57209274931,49546.63050920022,956.6577333333337,11961.50903622327,9688.822319340848,10800.0,10800.0,0
2025-02-12,M5,88778.75583387577,0.0,0.0,88778.75583387577,88778.75583387577,0.0,0.0,0.0,0.0,88778.75583387577,128771.08041001947,128771.08041001947,50002.2717001379,1364.8385000000003,11248.600402885488,9111.366326337244,10800.0,10800.0,0
2025-02-13,M5,88688.12415292833,0.0,212.60463232027257,88900.72878524866,88900.72878524866,0.0,148.18548033198545,0.0,0.0,88900.72878524866,128662.07492074165,128810.26040107362,53426.73137690694,2189.3242500000006,9814.346092105428,7949.620334605398,10800.0,10800.0,0
2025-02-14,M5,50004.43201830237,0.0,282.84728392914695,50287.27930223151,50287.27930223151,0.0,225.03663418110443,0.0,0.0,50287.27930223151,80739.84706789022,80964.88370207135,37289.425124875066,12327.533311541047,8137.491836781942,6591.368387793372,10800.0,10800.0,0
2025-02-15,M5,49949.658804014965,0.0,137.15389485910333,50086.81269887404,50086.81269887404,0.0,96.95033545278648,0.0,0.0,50086.81269887404,81048.75273969054,81145.70307514332,37242.64468757742,12968.524755555554,8707.592273738675,7053.149741728327,10800.0,10800.0,0
2025-02-16,M5,88891.17837521307,0.0,0.0,88891.17837521307,88891.17837521307,0.0,0.0,0.0,0.0,88891.17837521307,129077.638797453,129077.638797453,51079.19571852738,571.048033333333,10789.557608380495,8739.541662788208,10800.0,10800.0,0
2025-02-17,M5,88454.48890241241,0.0,0.0,88454.48890241241,88454.48890241241,0.0,0.0,0.0,0.0,88454.48890241241,128839.82868204749,128839.82868204749,53934.96699013116,1898.901383333333,9589.98495745442,7767.887815538079,10800.0,10800.0,0
2025-02-18,M5,85487.58562947136,0.0,141.02134318526493,85628.60697265662,85628.60697265662,0.0,95.3051297085218,0.0,0.0,85628.60697265662,124441.10278459085,124536.40791429937,49293.59598259904,1147.2394499999991,10548.340517721083,8544.155819354075,10800.0,10800.0,0
2025-02-19,M5,85014.13562534927,0.0,137.903610692765,85152.03923604205,85152.03923604205,0.0,97.12953251733381,0.0,0.0,85152.03923604205,123873.7245440449,123970.85407656225,46704.70809036566,2188.3794999999996,11570.732120332861,9372.293017469616,10800.0,10800.0,0
2025-02-20,M5,86151.43380064442,0.0,0.0,86151.43380064442,86151.43380064442,0.0,0.0,0.0,0.0,86151.43380064442,125568.97604329043,125568.97604329043,50836.73566525454,1799.7883499999991,10206.938393171371,8267.620098468815,10800.0,10800.0,0
2025-02-21,M5,48489.15661048423,0.0,35.46974120603039,48524.62635169026,48524.62635169026,0.0,34.15663810747151,0.0,0.0,48524.62635169026,78531.27756253723,78565.4342006447,35899.46597927781,15593.675337448556,7958.057108342069,6446.026257757075,10800.0,10800.0,0
2025-02-22,M5,48390.17828984731,0.0,94.25801317271463,48484.436303020026,48484.436303020026,0.0,80.15113710131027,0.0,0.0,48484.436303020026,78695.56672201579,78775.71785911711,35866.41356320739,13452.034244650204,8486.879831190425,6874.372663264245,10800.0,10800.0,0
2025-02-23,M5,85931.7195319958,0.0,0.0,85931.7195319958,85931.7195319958,0.0,0.0,0.0,0.0,85931.7195319958,125339.00333885636,125339.00333885636,50478.0986114821,1320.6124833333333,10570.729266882036,8562.29070617445,10800.0,10800.0,0
2025-02-24,M5,84139.05212079253,0.0,0.0,84139.05212079253,84139.05212079253,0.0,0.0,0.0,0.0,84139.05212079253,122898.11780901026,122898.11780901026,49711.35649233716,3081.7646000000004,10010.33210529705,8108.3690052906095,10800.0,10800.0,0
2025-02-25,M5,83973.58593779472,0.0,20.795538416691567,83994.3814762114,83994.3814762114,0.0,15.790616965512982,0.0,0.0,83994.3814762114,122868.53201637047,122884.32263333598,50605.53550103235,4696.078665320718,9270.44859815572,7509.063364506133,10800.0,10800.0,0
2025-02-26,M5,80941.63244525708,0.0,113.29177026148535,81054.92421551852,81054.92421551852,0.0,82.84640523626399,0.0,0.0,81054.92421551852,118939.45439097995,119022.30079621622,45753.09270565262,2446.965587190458,10565.234052841082,8557.839582801273,10800.0,10800.0,0
2025-02-27,M5,81017.89369151148,0.0,9.79940557884087,81027.69309709036,81027.69309709036,0.0,6.700078084422785,0.0,0.0,81027.69309709036,119002.06839687008,119008.7684749545,46018.77421627457,3867.1759459502396,11401.232172261547,9234.998059531856,10800.0,10800.0,0
2025-02-28,M5,45254.20735231225,0.0,1.5870769305813806,45255.79442924283,45255.79442924283,0.0,1.1294313482645748,0.0,0.0,45255.79442924283,74115.05154577718,74116.18097712545,31975.314738985926,17034.960349999994,9543.749148102772,7730.436809963244,10800.0,10800.0,0
2025-03-01,M5,47372.07204517705,0.0,0.0,47372.07204517705,47372.07204517705,0.0,0.0,0.0,0.0,47372.07204517705,77477.61535664799,77477.61535664799,36719.68920045676,15469.877378600824,8575.172864510832,6945.8900202537725,10800.0,10800.0,0
2025-03-02,M5,82865.4573416127,0.0,181.53062573374427,83046.98796734645,83046.98796734645,0.0,135.51539081049748,0.0,0.0,83046.98796734645,121644.6041468738,121780.1195376843,46955.48817925631,236.89343333333318,11733.846623305179,9504.415764877192,10800.0,10800.0,0
2025-03-03,M5,84936.03835846423,0.0,0.0,84936.03835846423,84936.03835846423,0.0,0.0,0.0,0.0,84936.03835846423,124071.5377135622,124071.5377135622,48707.1446886134,1162.4314833333328,11499.025833063923,9314.21092478178,10800.0,10800.0,0
2025-03-04,M5,83637.63982090018,0.0,36.130547157420146,83673.7703680576,83673.7703680576,0.0,29.097290108708762,0.0,0.0,83673.7703680576,122072.74854958549,122101.8458396942,49192.0985276433,1633.4186333333334,10930.898659917053,8854.02791453281,10800.0,10800.0,0
2025-03-05,M5,82858.16399800038,0.0,35.87833481616732,82894.04233281655,82894.04233281655,0.0,24.615149166127026,0.0,0.0,82894.04233281655,121411.07597818147,121435.6911273476,50784.450725961775,2623.5099499999997,9985.570709048241,8088.312274329073,10800.0,10800.0,0
2025-03-06,M5,79709.3559053032,0.0,164.0928863603198,79873.44879166351,79873.44879166351,0.0,119.53455729360735,0.0,0.0,79873.44879166351,117048.4222296323,117167.9567869259,46521.79647270316,2798.146049999999,10038.73753099695,8131.377400107527,10800.0,10800.0,0
2025-03-07,M5,44964.009424956304,0.0,0.0,44964.009424956304,44964.009424956304,0.0,0.0,0.0,0.0,44964.009424956304,74229.4268975381,74229.4268975381,34374.95896469539,17219.938466666666,9011.81017285632,7299.566240013619,10800.0,10800.0,0
2025-03-08,M5,42541.373631004346,0.0,672.1690295644021,43213.542660568746,43213.542660568746,0.0,483.5860958008187,0.0,0.0,43213.542660568746,70389.12186949638,70872.70796529719,30890.451450371052,19175.256892021855,9178.21108546112,7434.350979223506,10800.0,10800.0,0
2025-03-09,M5,79383.80114697562,0.0,524.4640710754333,79908.26521805115,79908.26521805115,0.0,360.8587416674063,0.0,0.0,79908.26521805115,116897.56238773146,117258.42112939886,47792.574264218696,4160.881776953704,10376.000201191962,8404.56016296549,10800.0,10800.0,0
2025-03-10,M5,77886.85898682645,0.0,1596.8828874074084,79483.7418742339,79483.7418742339,0.0,1239.938092559444,0.0,0.0,79483.7418742339,115059.02445341647,116298.96254597591,45381.91128347091,795.8488833333325,10942.79436406147,8863.66343488979,10800.0,10800.0,0
2025-03-11,M5,77490.56407957524,0.0,1577.9836766142066,79068.5477561895,79068.5477561895,0.0,1586.1950563661858,0.0,0.0,79068.5477561895,114465.73815530924,116051.93321167542,46902.39600251183,3362.6540999999997,9726.127942966286,7878.1636338026965,10800.0,10800.0,0
2025-03-12,M5,79166.6697380593,0.0,154.36400349368142,79321.033741553,79321.033741553,0.0,104.83107628583286,0.0,0.0,79321.033741553,116758.91198966603,116863.74306595183,48181.35329332577,4414.252566666666,9645.276434874077,7812.673912248005,10800.0,10800.0,0
2025-03-13,M5,78598.27103474122,0.0,695.9400588559013,79294.21109359717,79294.21109359717,0.0,715.1821618499877,0.0,0.0,79294.21109359717,115993.18781551842,116708.36997736842,46433.69198440441,727.2411999999996,10535.888296301779,8534.069520004445,10800.0,10800.0,0
2025-03-14,M5,42285.698058110225,0.0,95.43668507586405,42381.13474318609,42381.13474318609,0.0,87.51920374054038,0.0,0.0,42381.13474318609,69767.39622291857,69854.9154266591,31103.05419275023,21008.652343642036,9019.910036492187,7306.127129558672,10800.0,10800.0,0
2025-03-15,M5,42753.35171130592,0.0,1192.3598651518562,43945.71157645777,43945.71157645777,0.0,1398.1411835004537,0.0,0.0,43945.71157645777,70930.58722604887,72328.72840954931,32896.11783997741,16784.010253828088,9076.185082862215,7351.709917118392,10800.0,10800.0,0
2025-03-16,M5,78618.21115966208,0.0,774.4966933847496,79392.70785304678,79392.70785304678,0.0,842.1187475804046,0.0,0.0,79392.70785304678,115845.495450741,116687.6141983214,48302.62132066836,3238.619266666666,9449.087777121269,7653.761099468229,10800.0,10800.0,0
2025-03-17,M5,78276.2884224355,0.0,204.28761633762335,78480.57603877308,78480.57603877308,0.0,144.20506612145994,0.0,0.0,78480.57603877308,115684.67504556879,115828.88011169026,50338.22565793047,6057.563066666666,8289.262914525214,6714.302960765422,10800.0,10800.0,0
2025-03-18,M5,77801.54092248852,0.0,8.693055317636214,77810.23397780616,77810.23397780616,0.0,5.89992230915675,0.0,0.0,77810.23397780616,115005.05362025573,115010.95354256488,47569.8785530686,4330.071484179522,10447.605992895258,8462.560854245161,10800.0,10800.0,0
2025-03-19,M5,74356.73606894101,0.0,877.0020706729797,75233.73813961401,75233.73813961401,0.0,801.4492734980821,0.0,0.0,75233.73813961401,110236.11735681312,111037.56663031121,44802.25322771628,4821.917833333333,10252.237469797874,8304.312350536278,10800.0,10800.0,0
2025-03-20,M5,76283.96169344858,0.0,642.4717136377184,76926.43340708627,76926.43340708627,0.0,453.2279756952798,0.0,0.0,76926.43340708627,113013.32321986103,113466.55119555633,46073.62398004299,3288.9029999999993,9974.012625508709,8078.9502266620475,10800.0,10800.0,0
2025-03-21,M5,39700.58131229153,0.0,443.9000005206934,40144.48131281224,40144.48131281224,0.0,317.1118709425079,0.0,0.0,40144.48131281224,66063.74613071403,66380.85800165654,29357.724675729693,23140.888336638433,9730.423540114509,7881.643067492754,10800.0,10800.0,0
2025-03-22,M5,39966.14594448527,0.0,57.58378358628671,40023.72972807155,40023.72972807155,0.0,40.88595908210368,0.0,0.0,40023.72972807155,66368.71486566006,66409.60082474217,29065.932866916984,19760.192033277905,8959.348374810226,7257.072183596281,10800.0,10800.0,0
2025-03-23,M5,76342.98956258922,0.0,290.18578848973544,76633.17535107893,76633.17535107893,0.0,206.9947580767743,0.0,0.0,76633.17535107893,113037.60509789572,113244.59985597248,47259.76812468153,5430.97755,9390.179287496312,7606.045222872011,10800.0,10800.0,0
2025-03-24,M5,74212.18993036255,0.0,371.6592296051903,74583.84915996772,74583.84915996772,0.0,257.5964818713584,0.0,0.0,74583.84915996772,110334.31531500455,110591.91179687591,44509.323905301404,6241.3502499999995,9698.634517058845,7855.893958817665,10800.0,10800.0,0
2025-03-25,M5,75570.9054263088,0.0,418.80348379853916,75989.70891010734,75989.70891010734,0.0,289.5923869823098,0.0,0.0,75989.70891010734,112194.80615129683,112484.39853827914,44946.289134214836,4713.664583333333,9864.842652970014,7990.522548905717,10800.0,10800.0,0
2025-03-26,M5,73444.63957248509,0.0,333.89671821227205,73778.53629069732,73778.53629069732,0.0,240.65521982228532,0.0,0.0,73778.53629069732,109434.18863821389,109674.84385803618,45351.23624644885,6943.604321526301,9407.623281022998,7620.174857628627,10800.0,10800.0,0
2025-03-27,M5,74444.37162656264,0.0,405.0830137657972,74849.45464032849,74849.45464032849,0.0,290.130351025555,0.0,0.0,74849.45464032849,110282.54174914952,110572.67210017507,44887.60524529819,5233.768751825568,9127.940542375367,7393.631839324045,10800.0,10800.0,0
2025-03-28,M5,38171.17486680184,0.0,102.8634444439455,38274.03831124578,38274.03831124578,0.0,73.16973127204386,0.0,0.0,38274.03831124578,63220.23247222904,63293.402203501086,26474.342211878877,24323.28420205303,8809.973804750098,7136.078781847582,10800.0,10800.0,0
2025-03-29,M5,37190.268449954805,0.0,284.7375830877612,37475.00603304257,37475.00603304257,0.0,215.87505381602438,0.0,0.0,37475.00603304257,61573.264064360716,61789.139118176725,24646.678478851703,27727.642591600066,8987.415075745394,7279.806211353765,10800.0,10800.0,0
2025-03-30,M5,72362.90709217834,0.0,211.12846851885934,72574.03556069722,72574.03556069722,0.0,143.75078888073358,0.0,0.0,72574.03556069722,107969.8968028457,108113.64759172642,43748.474357999425,7245.208376485097,9338.65872232585,7564.313565083942,10800.0,10800.0,0
2025-03-31,M5,69726.09815995453,0.0,3628.613825479973,73354.71198543454,73354.71198543454,0.0,3483.1542355689203,0.0,0.0,73354.71198543454,104461.56648360714,107944.72071917607,44426.7419709817,4879.6356166666665,8878.70341154933,7191.7497633549565,10800.0,10800.0,0
2025-04-01,M5,74054.71197334985,0.0,1575.1492118025506,75629.86118515243,75629.86118515243,0.0,1365.6577204041826,0.0,0.0,75629.86118515243,110570.23530074983,111935.89302115403,47156.553042317086,2904.9206833333337,8766.146204404962,7100.578425568017,10800.0,10800.0,0
2025-04-02,M5,73531.23189579717,0.0,2157.9519564744514,75689.1838522717,75689.1838522717,0.0,1862.5919554174036,0.0,0.0,75689.1838522717,109671.57784481547,111534.16980023288,45582.68339970894,3512.22505,10546.978686968177,8543.05273644422,10800.0,10800.0,0
2025-04-03,M5,74445.86254869167,0.0,194.60191682751125,74640.46446551918,74640.46446551918,0.0,132.3822802908253,0.0,0.0,74640.46446551918,110586.92168844059,110719.30396873142,45891.70405750182,7190.279316666666,9335.738567875092,7561.948239978827,10800.0,10800.0,0
2025-04-04,M5,36471.89469830515,0.0,10.157358066492428,36482.05205637164,36482.05205637164,0.0,8.046136841930377,0.0,0.0,36482.05205637164,60729.37168396082,60737.41782080275,24845.945668564233,27750.211360042,9002.413379981654,7291.954837785144,10800.0,10800.0,0
2025-04-05,M5,35396.0626735578,0.0,201.80841298795136,35597.871086545754,35597.871086545754,0.0,152.4938871697476,0.0,0.0,35597.871086545754,59170.02992366938,59322.523810839135,23392.208063194754,22165.256589583354,9057.600919619448,7336.656744891755,10800.0,10800.0,0
2025-04-06,M5,72034.9204999021,0.0,132.66709329427636,72167.5875931964,72167.5875931964,0.0,98.58114032492381,0.0,0.0,72167.5875931964,107860.9706232119,107959.55176353682,44702.03984858908,7109.127583333332,9148.989815514511,7410.681750566754,10800.0,10800.0,0
2025-04-07,M5,69929.34683125388,0.0,1066.0899505712255,70995.43678182513,70995.43678182513,0.0,1132.4291142092122,0.0,0.0,70995.43678182513,105112.24909990927,106244.67821411848,44338.329648443105,7034.38914192871,8574.948107438613,6945.707967025278,10800.0,10800.0,0
2025-04-08,M5,71445.64922966459,0.0,210.3294498200277,71655.97867948463,71655.97867948463,0.0,157.2944798658008,0.0,0.0,71655.97867948463,107266.23409474317,107423.52857460896,43739.6492430612,7552.072583333333,9361.121744988284,7582.50861344051,10800.0,10800.0,0
2025-04-09,M5,70980.1594417964,0.0,1764.3532072481205,72744.51264904457,72744.51264904457,0.0,1753.7444628977548,0.0,0.0,72744.51264904457,106470.21214055063,108223.95660344837,43883.40734909926,3425.21696830781,9373.796154603357,7592.774885228717,10800.0,10800.0,0
2025-04-10,M5,71758.70098357723,0.0,1121.094247293328,72879.79523087053,72879.79523087053,0.0,1215.0811118204624,0.0,0.0,72879.79523087053,107220.67678622746,108435.75789804793,44692.241400939594,7570.590984088936,9012.040068523153,7299.75245550375,10800.0,10800.0,0
2025-04-11,M5,34173.1708873494,0.0,432.6509553859434,34605.82184273534,34605.82184273534,0.0,324.66104736422074,0.0,0.0,34605.82184273534,57156.52453703131,57481.185584395535,22885.816623580602,27551.703177739822,9089.555875833948,7362.540259425503,10800.0,10800.0,0
2025-04-12,M5,36180.60246459976,0.0,0.0,36180.60246459976,36180.60246459976,0.0,0.0,0.0,0.0,36180.60246459976,61220.39625051667,61220.39625051667,26838.15740250243,23753.35575154086,8440.644981438907,6836.922434965521,10800.0,10800.0,0
2025-04-13,M5,69720.47548730372,0.0,32.21343500921143,69752.68892231297,69752.68892231297,0.0,22.082196367167853,0.0,0.0,69752.68892231297,104952.84763325425,104974.92982962143,42800.425223083206,6180.9091644751925,9038.089256472045,7320.852297742358,10800.0,10800.0,0
2025-04-14,M5,69948.41385304045,0.0,323.93601060993996,70272.34986365036,70272.34986365036,0.0,220.3118359867566,0.0,0.0,70272.34986365036,105225.63138025714,105445.9432162439,44272.98021006651,6970.516749999999,8812.707664091567,7138.293207914168,10800.0,10800.0,0
2025-04-15,M5,68832.51969184914,0.0,0.0,68832.51969184914,68832.51969184914,0.0,0.0,0.0,0.0,68832.51969184914,103704.68700370126,103704.68700370126,43025.10493772292,9003.26615,8088.879382342206,6551.992299697186,10800.0,10800.0,0
2025-04-16,M5,69700.43629703284,0.0,1401.615537760208,71102.05183479305,71102.05183479305,0.0,1287.505303177378,0.0,0.0,71102.05183479305,105118.33904123232,106405.8443444097,44164.24785382094,4790.353860256523,8798.161475432924,7126.510795100672,10800.0,10800.0,0
2025-04-17,M5,68498.22496446928,0.0,1626.1656018878195,70124.39056635709,70124.39056635709,0.0,1727.6674667818234,0.0,0.0,70124.39056635709,103114.26830515925,104841.93577194108,43892.79003775275,6368.9688,9009.655706254413,7297.821122066079,10800.0,10800.0,0
2025-04-18,M5,33687.132640142525,0.0,281.4165570951458,33968.54919723768,33968.54919723768,0.0,200.134715553604,0.0,0.0,33968.54919723768,56898.50930359546,57098.64401914907,23721.434393519325,25430.12590411523,8384.034411479946,6791.06787329876,10800.0,10800.0,0
2025-04-19,M5,34708.60919704872,0.0,488.27171029425506,35196.880907342966,35196.880907342966,0.0,373.6023612979998,0.0,0.0,35196.880907342966,59128.47455078619,59502.07691208419,26191.227084715603,24910.65956543209,8502.689536507827,6887.178524571338,10800.0,10800.0,0
2025-04-20,M5,68512.4806841397,0.0,321.27939074610964,68833.76007488578,68833.76007488578,0.0,264.0436491340813,0.0,0.0,68833.76007488578,103243.56264527177,103507.60629440585,42881.6917829238,6912.069513327538,9242.632183269347,7486.532068448172,10800.0,10800.0,0
2025-04-21,M5,69220.50655477155,0.0,258.71766904393564,69479.22422381549,69479.22422381549,0.0,176.5086297647183,0.0,0.0,69479.22422381549,104562.63608116964,104739.14471093434,44602.261986676895,10035.831376534497,8337.58402310329,6753.443058713669,10800.0,10800.0,0
2025-04-22,M5,66323.16360345413,0.0,2645.6018431987923,68968.76544665289,68968.76544665289,0.0,2831.897631744514,0.0,0.0,68968.76544665289,100337.43608981761,103169.33372156211,43109.5948706247,6311.735998523425,8395.123872354392,6800.050336607062,10800.0,10800.0,0
2025-04-23,M5,66674.74971813321,0.0,1999.3490793840317,68674.09879751726,68674.09879751726,0.0,1864.2734566832057,0.0,0.0,68674.09879751726,101334.92637466612,103199.19983134934,43703.96306446985,6497.91965335966,8407.370509753488,6809.970112900326,10800.0,10800.0,0
2025-04-24,M5,67059.67042419282,0.0,88.15176803725316,67147.82219223009,67147.82219223009,0.0,66.1401420434961,0.0,0.0,67147.82219223009,101379.12844666772,101445.26858871122,42779.10629084756,10019.770295991642,8190.9752730105465,6634.689971138544,10800.0,10800.0,0
2025-04-25,M5,31307.97739347159,0.0,1.4382671916961078,31309.415660663282,31309.415660663282,0.0,1.0299302061138178,0.0,0.0,31309.415660663282,52727.07399349609,52728.103923702205,20294.777301147384,28660.375551501776,9329.43905817391,7556.845637120866,10800.0,10800.0,0
2025-04-26,M5,31218.291778531762,0.0,113.84843022935796,31332.14020876111,31332.14020876111,0.0,87.62267873790665,0.0,0.0,31332.14020876111,52781.59116265044,52869.213841388344,19812.543955581747,31258.178404319784,9096.304463965644,7368.006615812167,10800.0,10800.0,0
2025-04-27,M5,63841.32291400175,0.0,1140.9971625964786,64982.32007659823,64982.32007659823,0.0,916.1157537201677,0.0,0.0,64982.32007659823,97647.77032717786,98563.88608089802,39071.81611615744,9132.630055815389,9399.835397851944,7613.866672260073,10800.0,10800.0,0
2025-04-28,M5,67058.95483005153,0.0,2633.8587249705824,69692.8135550221,69692.8135550221,0.0,2458.972767456633,0.0,0.0,69692.8135550221,102118.26375913911,104577.23652659575,42902.38216813894,3174.1214500000006,9888.23995679032,8009.474365000161,10800.0,10800.0,0
2025-04-29,M5,66514.31395339698,0.0,220.47216123136207,66734.78611462832,66734.78611462832,0.0,160.9761618799929,0.0,0.0,66734.78611462832,101499.64941721303,101660.62557909302,42687.27378547484,9947.320069489337,8383.252670853593,6790.43466339141,10800.0,10800.0,0
2025-04-30,M5,64930.552534969574,0.0,53.26769138147136,64983.82022635104,64983.82022635104,0.0,36.59692258911332,0.0,0.0,64983.82022635104,99428.8447134739,99465.44163606301,41586.80915344473,7964.970159001336,8720.0415278085,7063.2336375248815,10800.0,10800.0,0
2025-05-01,M5,64151.87390603515,0.0,391.9492738842293,64543.82317991938,64543.82317991938,0.0,276.09268866673585,0.0,0.0,64543.82317991938,97969.55473772407,98245.64742639082,35786.23795895285,9406.54931740838,10744.638684366222,8703.15733433664,10800.0,10800.0,0
2025-05-02,M5,32482.206156633016,0.0,1246.5874023895951,33728.79355902261,33728.79355902261,0.0,1632.268214395057,0.0,0.0,33728.79355902261,55225.691622259226,56857.959836654285,20700.375682733516,20009.247765637858,9779.033183945154,7921.016878995575,10800.0,10800.0,0
2025-05-03,M5,34113.64061984881,0.0,34.704433583765095,34148.34505343258,34148.34505343258,0.0,25.097048755785636,0.0,0.0,34148.34505343258,58038.555042129796,58063.652090885575,22030.50776543677,25409.953221399177,9242.207652892814,7486.188198843182,10800.0,10800.0,0
2025-05-04,M5,71586.30467390014,0.0,0.0,71586.30467390014,71586.30467390014,0.0,0.0,0.0,0.0,71586.30467390014,107860.2336222365,107860.2336222365,46742.13390726053,7826.333383333333,8195.257885838382,6638.158887529092,10800.0,10800.0,0
2025-05-05,M5,70745.55048960164,0.0,0.0,70745.55048960164,70745.55048960164,0.0,0.0,0.0,0.0,70745.55048960164,106435.34239877573,106435.34239877573,43268.934271687365,6287.08478628764,9491.139688424904,7687.823147624171,10800.0,10800.0,0
2025-05-06,M5,69153.28007558791,0.0,705.7228769542264,69859.00295254214,69859.00295254214,0.0,660.7594749531416,0.0,0.0,69859.00295254214,104323.21092219013,104983.97039714328,42173.728231743895,8103.942406489802,9664.302064436373,7828.084672193464,10800.0,10800.0,0
2025-05-07,M5,69568.49037303256,0.0,432.4914018661802,70000.98177489874,70000.98177489874,0.0,376.96312669058693,0.0,0.0,70000.98177489874,104862.93865053293,105239.90177722351,41356.607116578256,7039.663827969017,9346.236224611825,7570.45134193558,10800.0,10800.0,0
2025-05-08,M5,73797.95015791948,0.0,0.0,73797.95015791948,73797.95015791948,0.0,0.0,0.0,0.0,73797.95015791948,109872.9004251661,109872.9004251661,47076.21547104456,5306.556695484334,8755.872940195839,7092.257081558632,10800.0,10800.0,0
2025-05-09,M5,38673.976683496454,0.0,0.0,38673.976683496454,38673.976683496454,0.0,0.0,0.0,0.0,38673.976683496454,64662.548017985326,64662.548017985326,29326.224903155784,25187.151636419752,8683.08225478835,7033.296626378566,10800.0,10800.0,0
2025-05-10,M5,37862.86345876719,0.0,0.0,37862.86345876719,37862.86345876719,0.0,0.0,0.0,0.0,37862.86345876719,63163.2855081222,63163.2855081222,27387.426858138086,22096.540107680114,8201.438205108738,6643.164946138073,10800.0,10800.0,0
2025-05-11,M5,72279.15125108208,0.0,246.0101878850527,72525.16143896713,72525.16143896713,0.0,273.20602075782915,0.0,0.0,72525.16143896713,107866.27070058166,108139.47672133948,45228.38549030553,5744.439083333333,8855.647707196327,7173.074642829026,10800.0,10800.0,0
2025-05-12,M5,70191.11145433769,0.0,1668.0508170992066,71859.1622714369,71859.1622714369,0.0,1752.6667709655605,0.0,0.0,71859.1622714369,105686.96131182213,107439.62808278768,46994.169672271724,7066.940267392885,7617.488998893424,6170.166089103672,10800.0,10800.0,0
2025-05-13,M5,70883.9147714533,0.0,9.441876431547518,70893.35664788484,70893.35664788484,0.0,6.474787214760113,0.0,0.0,70893.35664788484,106443.61436161396,106450.08914882873,45140.02848661143,6472.1772497419715,8993.003398992947,7284.33275318428,10800.0,10800.0,0
2025-05-14,M5,69624.07259914636,0.0,1614.7822542545332,71238.85485340089,71238.85485340089,0.0,1505.546039791257,0.0,0.0,71238.85485340089,104974.31650732657,106479.86254711784,45421.09095792364,6463.763720762586,8320.310974201435,6739.451889103161,10800.0,10800.0,0
2025-05-15,M5,70223.40104859199,0.0,1273.379119458613,71496.78016805061,71496.78016805061,0.0,1438.3544001101104,0.0,0.0,71496.78016805061,104925.97112791901,106364.32552802912,45149.996977580406,6972.357985247889,7773.222536144704,6296.310254277212,10800.0,10800.0,0
2025-05-16,M5,35379.302010938234,0.0,68.63129782414893,35447.93330876239,35447.93330876239,0.0,47.69916802792409,0.0,0.0,35447.93330876239,58131.51915208801,58179.218320115935,23527.987581864363,30416.8901781893,7993.86329857338,6475.02927184444,10800.0,10800.0,0
2025-05-17,M5,36264.6810467715,0.0,107.11806280332287,36371.79910957482,36371.79910957482,0.0,106.28637804501733,0.0,0.0,36371.79910957482,59981.2964517936,60087.58282983862,24090.002526040138,24071.76234156378,7773.783573165055,6296.764694263689,10800.0,10800.0,0
2025-05-18,M5,70453.64243179564,0.0,443.9474368264979,70897.58986862212,70897.58986862212,0.0,305.4940339355477,0.0,0.0,70897.58986862212,106149.22866210488,106454.72269604044,46251.70836136719,4899.106397323397,8567.051775525491,6939.311938175648,10800.0,10800.0,0
2025-05-19,M5,68960.46044929256,0.0,0.0,68960.46044929256,68960.46044929256,0.0,0.0,0.0,0.0,68960.46044929256,103916.20946355251,103916.20946355251,44123.1039678446,10665.877887367351,8484.268728108209,6872.25766976765,10800.0,10800.0,0
2025-05-20,M5,67644.95769206653,0.0,1244.229464392221,68889.18715645876,68889.18715645876,0.0,1362.7520916445442,0.0,0.0,68889.18715645876,102233.18097763418,103595.93306927873,43135.96856101909,4311.225953619454,8533.388094597443,6912.04435662393,10800.0,10800.0,0
2025-05-21,M5,67538.14445114728,0.0,1746.4855132874138,69284.62996443472,69284.62996443472,0.0,1490.1937920240712,0.0,0.0,69284.62996443472,102001.7440589242,103491.93785094828,42543.14884409539,8029.51685,8192.930913260821,6636.274039741265,10800.0,10800.0,0
2025-05-22,M5,67216.43877048687,0.0,172.52825428188336,67388.96702476875,67388.96702476875,0.0,117.41506358061258,0.0,0.0,67388.96702476875,101449.08557876496,101566.50064234558,42074.543713971354,7054.606087181927,8530.10539224021,6909.385367714569,10800.0,10800.0,0
2025-05-23,M5,34299.32740968968,0.0,637.6145739004695,34936.94198359015,34936.94198359015,0.0,505.6408068724239,0.0,0.0,34936.94198359015,56890.045549121336,57395.68635599376,22824.2789669982,26578.51889135802,8273.366391074791,6701.426776770581,10800.0,10800.0,0
2025-05-24,M5,34192.703855576394,0.0,111.29574360025326,34303.99959917665,34303.99959917665,0.0,78.08437973663013,0.0,0.0,34303.99959917665,56061.61937192274,56139.70375165937,21548.358639212882,29239.847234649056,8405.244707705786,6808.248213241685,10800.0,10800.0,0
2025-05-25,M5,67366.89770279595,0.0,119.85745854782807,67486.75516134377,67486.75516134377,0.0,84.09900076296776,0.0,0.0,67486.75516134377,102238.54975794812,102322.64875871106,43064.59409343722,9166.854121364902,8137.844003029567,6591.65364245395,10800.0,10800.0,0
2025-05-26,M5,65820.58682307237,0.0,1784.414579923997,67605.0014029964,67605.0014029964,0.0,1500.8972028594617,0.0,0.0,67605.0014029964,99740.1410415711,101241.03824443056,40167.1914074245,4793.25815,8951.345984242475,7250.590247236406,10800.0,10800.0,0
2025-05-27,M5,66805.0246129443,0.0,2512.4594622884406,69317.48407523273,69317.48407523273,0.0,2363.2521416986337,0.0,0.0,69317.48407523273,100962.02771007789,103325.27985177652,44526.69628461742,7792.049953895939,8506.138490858768,6889.972177595602,10800.0,10800.0,0
2025-05-28,M5,67830.73551308717,0.0,657.0016594214769,68487.7371725086,68487.7371725086,0.0,470.14102320304175,0.0,0.0,68487.7371725086,102537.25962457828,103007.40064778132,42344.11891558727,6721.989966666666,8776.145608038898,7108.677942511504,10800.0,10800.0,0
2025-05-29,M5,67609.86854065352,0.0,3216.9803707945707,70826.8489114481,70826.8489114481,0.0,2942.6305457367675,0.0,0.0,70826.8489114481,101979.31017634096,104921.9407220777,43137.88924399332,5885.917966666667,9410.579007461813,7622.568996044069,10800.0,10800.0,0
2025-05-30,M5,35097.198978949666,0.0,54.90216042269639,35152.10113937237,35152.10113937237,0.0,45.153693667585586,0.0,0.0,35152.10113937237,58633.35423472551,58678.5079283931,23817.43043376693,26715.19712057613,8156.037407280869,6606.390299897503,10800.0,10800.0,0
2025-05-31,M5,35384.49767647238,0.0,171.37588656134554,35555.87356303371,35555.87356303371,0.0,119.41118611148522,0.0,0.0,35555.87356303371,58842.22400403218,58961.63519014366,24247.56765098904,24753.715360062644,8269.319100484085,6698.148471392107,10800.0,10800.0,0
2025-06-01,M5,72366.65206013605,0.0,5887.220251124697,78253.8723112608,78253.8723112608,0.0,4630.512834535129,0.0,0.0,78253.8723112608,108694.55848992872,113325.07132446385,39267.540446684165,559.0312333333333,11966.701812875588,9693.028468429222,10800.0,10800.0,0
2025-06-02,M5,76828.3417428163,0.0,1736.7547847777982,78565.09652759411,78565.09652759411,0.0,1199.6362879239487,0.0,0.0,78565.09652759411,114196.1619324967,115395.79822042066,41329.84102230198,3251.766866666666,11438.857270800087,9265.47438934807,10800.0,10800.0,0
2025-06-03,M5,82625.85489146168,0.0,1560.9678457169082,84186.82273717859,84186.82273717859,0.0,1248.052452114715,0.0,0.0,84186.82273717859,120755.45971239064,122003.51216450536,48792.82107160648,3117.5461333333333,10004.095401222234,8103.3172749900095,10800.0,10800.0,0
2025-06-04,M5,85563.43109653574,0.0,457.23729214335486,86020.66838867911,86020.66838867911,0.0,310.5805528892769,0.0,0.0,86020.66838867911,125090.64561383535,125401.22616672463,52677.968792595246,1344.2568646576717,9124.945751605603,7391.206058800539,10800.0,10800.0,0
2025-06-05,M5,84032.32748157144,0.0,524.8135771163865,84557.1410586878,84557.1410586878,0.0,433.0852225844742,0.0,0.0,84557.1410586878,122761.29613576995,123194.38135835441,48208.398471780994,1828.9724833333335,10566.80203459691,8559.1096480235,10800.0,10800.0,0
2025-06-06,M5,47043.932226727404,0.0,61.373401463328335,47105.30562819071,47105.30562819071,0.0,42.78277682262893,0.0,0.0,47105.30562819071,76984.12848070954,77026.91125753216,31659.066197964617,12833.086,8840.861366145042,7161.097706577485,10800.0,10800.0,0
2025-06-07,M5,50510.33711222054,0.0,0.0,50510.33711222054,50510.33711222054,0.0,0.0,0.0,0.0,50510.33711222054,81954.42086049038,81954.42086049038,37854.636578688005,11387.145033333334,8348.032009486215,6761.9059276838325,10800.0,10800.0,0
2025-06-08,M5,92618.89995884967,0.0,0.0,92618.89995884967,92618.89995884967,0.0,0.0,0.0,0.0,92618.89995884967,133589.77973968757,133589.77973968757,63502.53062235846,3613.5423666666657,6783.070968398943,5494.287484403145,10800.0,10800.0,0
2025-06-09,M5,88841.0046082838,0.0,0.0,88841.0046082838,88841.0046082838,0.0,0.0,0.0,0.0,88841.0046082838,129027.39196201664,129027.39196201664,54431.201600714274,1919.6006333333335,9178.299971766835,7434.4229771311375,10800.0,10800.0,0
2025-06-10,M5,85996.42389139663,0.0,0.0,85996.42389139663,85996.42389139663,0.0,0.0,0.0,0.0,85996.42389139663,125361.48242032612,125361.48242032612,50727.58511100405,1114.2726499999999,10006.212768361831,8105.032342373081,10800.0,10800.0,0
2025-06-11,M5,86521.24733044328,0.0,1252.5185195833876,87773.76585002666,87773.76585002666,0.0,881.0792370983847,0.0,0.0,87773.76585002666,126155.2600192255,127036.33925632387,47783.14729180608,954.6255999999995,11653.263409742836,9439.143361891696,10800.0,10800.0,0
2025-06-12,M5,87294.77226150692,0.0,0.0,87294.77226150692,87294.77226150692,0.0,0.0,0.0,0.0,87294.77226150692,126785.24155466424,126785.24155466424,51323.06603777861,1085.1326113168711,10129.744590712848,8205.093118477404,10800.0,10800.0,0
2025-06-13,M5,49428.01190488,0.0,8.049155613854754,49436.061060493856,49436.061060493856,0.0,3.98492777556055,0.0,0.0,49436.061060493856,79750.50392306755,79754.4888508431,36081.90515300717,13716.080298559671,8479.945785664524,6868.756086388264,10800.0,10800.0,0
2025-06-14,M5,49428.28861200649,0.0,0.0,49428.28861200649,49428.28861200649,0.0,0.0,0.0,0.0,49428.28861200649,80321.36416430827,80321.36416430827,36557.922121053176,15978.504666666666,8376.81382414957,6785.21919756115,10800.0,10800.0,0
2025-06-15,M5,85345.91081620143,0.0,445.8292706329029,85791.74008683432,85791.74008683432,0.0,320.9767644002343,0.0,0.0,85791.74008683432,124669.2439587194,124990.22072311964,51682.70363130206,714.9758166666668,10345.08916746103,8379.522225643443,10800.0,10800.0,0
2025-06-16,M5,85273.06208577962,0.0,934.2100404687445,86207.27212624838,86207.27212624838,0.0,657.633092242624,0.0,0.0,86207.27212624838,124813.47215398854,125471.10524623115,49714.197712339956,990.2291000000002,10908.555880129094,8835.930262904563,10800.0,10800.0,0
2025-06-17,M5,83614.51890206186,0.0,2530.458729368577,86144.97763143042,86144.97763143042,0.0,2195.677143481233,0.0,0.0,86144.97763143042,122763.76355803543,124959.44070151667,47727.81499088608,401.9364333333333,11540.410845424145,9347.73278479356,10800.0,10800.0,0
2025-06-18,M5,85268.69021479781,0.0,1455.932102405458,86724.62231720328,86724.62231720328,0.0,1426.3528059945131,0.0,0.0,86724.62231720328,124942.79948153434,126369.15228752886,53206.00334785992,387.66521666666654,9721.541173696176,7874.448350693904,10800.0,10800.0,0
2025-06-19,M5,83691.3568603203,0.0,638.0264568608542,84329.38331718113,84329.38331718113,0.0,447.64612240600115,0.0,0.0,84329.38331718113,122214.03274438083,122661.67886678684,49793.33235541324,2654.32275,10286.945059861066,8332.425498487464,10800.0,10800.0,0
2025-06-20,M5,47139.86869600734,0.0,107.54858349412949,47247.41727950149,47247.41727950149,0.0,75.83547768976791,0.0,0.0,47247.41727950149,76444.49790518598,76520.33338287575,35050.35437002037,17545.48322232494,8020.604950160172,6496.690009629739,10800.0,10800.0,0
2025-06-21,M5,45352.09855938691,0.0,297.5551800766286,45649.653739463545,45649.653739463545,0.0,224.9710891430692,0.0,0.0,45649.653739463545,73566.37084881062,73791.3419379537,33022.90589584267,19843.972003607116,8366.966518441592,6777.242879937694,10800.0,10800.0,0
2025-06-22,M5,79996.71865421755,0.0,1539.8454212110444,81536.56407542857,81536.56407542857,0.0,1370.8424845125082,0.0,0.0,81536.56407542857,117835.48507086563,119206.32755537814,48124.0019590252,1683.581707231658,10217.909416427883,8276.50662730659,10800.0,10800.0,0
2025-06-23,M5,80192.97807836958,0.0,318.0349088858624,80511.01298725538,80511.01298725538,0.0,385.1165193991835,0.0,0.0,80511.01298725538,117692.1528375022,118077.26935690138,46046.9144590368,2911.567416666667,10828.955164199579,8771.453683001655,10800.0,10800.0,0
2025-06-24,M5,81500.97712376983,0.0,2195.7812414683476,83696.75836523817,83696.75836523817,0.0,1529.5251389851362,0.0,0.0,83696.75836523817,119903.99642420778,121433.52156319292,42569.98598374286,169.28284999999983,12765.581470789752,10340.120991339696,10800.0,10800.0,0
2025-06-25,M5,82414.37154287558,0.0,1773.1314540179262,84187.50299689351,84187.50299689351,0.0,1542.125238743815,0.0,0.0,84187.50299689351,120689.5293498074,122231.65458855122,48929.42842093766,800.7482833333332,10863.455355860826,8799.398838247269,10800.0,10800.0,0
2025-06-26,M5,81549.42703569241,0.0,1554.2874422493242,83103.7144779417,83103.7144779417,0.0,1641.4842774965339,0.0,0.0,83103.7144779417,119048.92321880316,120690.40749629968,48822.59266522021,2337.1834333333327,10438.145075856948,8454.897511444124,10800.0,10800.0,0
2025-06-27,M5,44407.653960044074,0.0,147.39056595513918,44555.04452599921,44555.04452599921,0.0,101.94974858344517,0.0,0.0,44555.04452599921,72327.35768543585,72429.3074340193,31810.260547342456,19234.04854868472,8491.32879644979,6877.976325124333,10800.0,10800.0,0
2025-06-28,M5,43833.03229965861,0.0,552.2734123456105,44385.30571200421,44385.30571200421,0.0,493.270732331447,0.0,0.0,44385.30571200421,71606.99748956872,72100.26822190019,30996.71763381778,17774.392043096508,8169.644359574837,6617.411931255615,10800.0,10800.0,0
2025-06-29,M5,79056.69929320573,0.0,1807.392728739849,80864.09202194559,80864.09202194559,0.0,1643.8039440655086,0.0,0.0,80864.09202194559,116560.10285904829,118203.90680311382,46492.68852756968,528.1534666666664,10080.506713390225,8165.210437846085,10800.0,10800.0,0
2025-06-30,M5,81535.21281708918,0.0,562.0759472573695,82097.28876434651,82097.28876434651,0.0,397.99894071399785,0.0,0.0,82097.28876434651,119491.90978442619,119889.9087251402,46917.19995980731,1139.0787333333328,10294.452887716934,8338.506839050713,10800.0,10800.0,0
2025-07-01,M5,80639.6883240159,0.0,10930.879030940463,91570.56735495637,91570.56735495637,0.0,8324.453349302072,0.0,0.0,91570.56735495637,118074.78578957637,126399.23913887845,44092.00265284743,1418.10575,10645.193172093035,8622.606469395363,10800.0,10800.0,0
2025-07-02,M5,81343.42785788875,0.0,7669.564421156045,89012.99227904477,89012.99227904477,0.0,5988.608871889171,0.0,0.0,89012.99227904477,119247.11770369684,125235.72657558601,46772.24695726269,3871.126200000001,8882.037113982406,7194.450062325745,10800.0,10800.0,0
2025-07-03,M5,87182.7374604392,0.0,5068.322308851324,92251.05976929047,92251.05976929047,0.0,4106.590494449973,0.0,0.0,92251.05976929047,126842.88742403989,130949.47791848987,47817.879544735595,1419.4657499999998,10272.177318004906,8320.46362758397,10800.0,10800.0,0
2025-07-04,M5,48102.48541590801,0.0,3870.6180706638997,51973.10348657193,51973.10348657193,0.0,3885.474115582716,0.0,0.0,51973.10348657193,76976.88705569517,80862.36117127788,30770.97840606871,19490.629744167563,9052.029233552319,7332.143679177378,10800.0,10800.0,0
2025-07-05,M5,49054.84743367333,0.0,782.199558735908,49837.046992409225,49837.046992409225,0.0,632.4688111605434,0.0,0.0,49837.046992409225,78507.55848105528,79140.02729221582,28620.82049677641,20047.86158668374,8848.764432047421,7167.499189958413,10800.0,10800.0,0
2025-07-06,M5,89390.19580005323,0.0,2371.028866210968,91761.22466626421,91761.22466626421,0.0,2013.6391654815554,0.0,0.0,91761.22466626421,129931.93371964779,131945.57288512937,47924.203615827886,2198.4186344640143,10678.784657039185,8649.815572201744,10800.0,10800.0,0
2025-07-07,M5,92629.39673908267,0.0,82.91147890048077,92712.30821798311,92712.30821798311,0.0,57.16149229598841,0.0,0.0,92712.30821798311,133838.1627845115,133895.32427680754,55691.3426406925,3302.6956499999997,7851.595891833429,6359.792672385077,10800.0,10800.0,0
2025-07-08,M5,97343.28726019125,0.0,0.0,97343.28726019125,97343.28726019125,0.0,0.0,0.0,0.0,97343.28726019125,140644.82552021788,140644.82552021788,58363.41152794538,5123.211833333334,8351.658643539333,6764.843501266858,10800.0,10800.0,0
2025-07-09,M5,93749.86236432704,0.0,0.0,93749.86236432704,93749.86236432704,0.0,0.0,0.0,0.0,93749.86236432704,135871.30598600447,135871.30598600447,56803.45819183341,3494.9978666666666,7969.078478093297,6454.95356725557,10800.0,10800.0,0
2025-07-10,M5,89127.74945237473,0.0,0.0,89127.74945237473,89127.74945237473,0.0,0.0,0.0,0.0,89127.74945237473,129591.41898930592,129591.41898930592,50317.64001567544,4772.058370977154,8674.195891157775,7026.098671837793,10800.0,10800.0,0
2025-07-11,M5,52069.73564140874,0.0,0.0,52069.73564140874,52069.73564140874,0.0,0.0,0.0,0.0,52069.73564140874,82735.6991718515,82735.6991718515,32737.086666777042,15826.805293723337,8700.15821763755,7047.128156286419,10800.0,10800.0,0
2025-07-12,M5,49684.15974584829,0.0,2159.4595722946983,51843.61931814296,51843.61931814296,0.0,2389.895722346823,0.0,0.0,51843.61931814296,79415.1688146826,81805.06453702942,31501.0733306042,17505.851675295635,9020.506304190878,7306.610106394611,10800.0,10800.0,0
2025-07-13,M5,85652.35840101406,0.0,444.0249177956232,86096.38331880969,86096.38331880969,0.0,305.72362425859546,0.0,0.0,86096.38331880969,125177.58199461977,125483.30561887837,47578.41465712058,6902.365216666667,9130.554447847924,7395.749102756819,10800.0,10800.0,0
2025-07-14,M5,81816.08298077354,0.0,1104.7326537409028,82920.81563451447,82920.81563451447,0.0,770.6624220614783,0.0,0.0,82920.81563451447,120805.69912445091,121576.3615465124,44032.42503619325,3994.828694680398,9165.413678800409,7423.98507982833,10800.0,10800.0,0
2025-07-15,M5,87423.98110421849,0.0,0.0,87423.98110421849,87423.98110421849,0.0,0.0,0.0,0.0,87423.98110421849,128353.59773099833,128353.59773099833,51438.98082684011,2620.9006333333336,8129.819407850357,6585.153720358787,10800.0,10800.0,0
2025-07-16,M5,85298.72402820853,0.0,0.0,85298.72402820853,85298.72402820853,0.0,0.0,0.0,0.0,85298.72402820853,125292.01618116806,125292.01618116806,47348.42898164731,4221.498920032482,8355.394190289107,6767.869294134175,10800.0,10800.0,0
2025-07-17,M5,83694.14683961599,0.0,176.43882915379677,83870.58566876975,83870.58566876975,0.0,127.19525389796036,0.0,0.0,83870.58566876975,123028.38732545856,123155.58257935653,44262.93989993933,4158.422216666667,10598.970505704548,8585.166109620684,10800.0,10800.0,0
2025-07-18,M5,51423.85588836923,0.0,0.0,51423.85588836923,51423.85588836923,0.0,0.0,0.0,0.0,51423.85588836923,82107.3372232678,82107.3372232678,33440.04933046349,15776.603886982612,8507.557399061574,6891.12149323988,10800.0,10800.0,0
2025-07-19,M5,51669.34673105215,0.0,63.320861366800294,51732.66759241896,51732.66759241896,0.0,43.802051596421734,0.0,0.0,51732.66759241896,82754.86360679864,82798.66565839505,33150.44878714011,20871.67143083523,8388.033633787956,6794.307243368246,10800.0,10800.0,0
2025-07-20,M5,85225.75704781563,0.0,122.4696461022189,85348.22669391784,85348.22669391784,0.0,84.58802424102328,0.0,0.0,85348.22669391784,125354.1946625319,125438.78268677293,48218.45456921742,3428.61785,8956.484478362358,7254.75242747351,10800.0,10800.0,0
2025-07-21,M5,85382.4824536581,0.0,0.0,85382.4824536581,85382.4824536581,0.0,0.0,0.0,0.0,85382.4824536581,125603.38579800671,125603.38579800671,46943.28134913232,2860.4272220846838,9525.936193630036,7716.008316840326,10800.0,10800.0,0
2025-07-22,M5,84857.87471982423,0.0,4528.587708223624,89386.46242804782,89386.46242804782,0.0,4313.736784524832,0.0,0.0,89386.46242804782,124277.40062226738,128591.13740679222,49750.99899025385,3260.4694833333333,9392.233244938674,7607.708928400324,10800.0,10800.0,0
2025-07-23,M5,86900.78316333443,0.0,281.3552536621438,87182.13841699652,87182.13841699652,0.0,192.2251408814634,0.0,0.0,87182.13841699652,127170.16192889096,127362.38706977242,47584.44246067949,3628.4559500000005,10173.376539085526,8240.434996659273,10800.0,10800.0,0
2025-07-24,M5,86036.39848640458,0.0,833.6084428365966,86870.00692924124,86870.00692924124,0.0,581.8177431411813,0.0,0.0,86870.00692924124,126052.12578655344,126633.94352969465,47952.68529982845,3377.3777333333337,8881.097350172853,7193.688853640009,10800.0,10800.0,0
2025-07-25,M5,48925.694593596796,0.0,1330.6039690724836,50256.298562669275,50256.298562669275,0.0,1557.757486292873,0.0,0.0,50256.298562669275,78347.49239391263,79905.2498802055,32384.336701839442,19363.42299250904,8695.634837844036,7043.464218653671,10800.0,10800.0,0
2025-07-26,M5,49860.47220542173,0.0,230.39775220167482,50090.869957623385,50090.869957623385,0.0,164.7804130192626,0.0,0.0,50090.869957623385,80195.38830456666,80360.16871758593,32251.379913979814,17927.46725066386,9011.736769871542,7299.506783595951,10800.0,10800.0,0
2025-07-27,M5,84050.27723664763,0.0,778.8136119168845,84829.09084856453,84829.09084856453,0.0,549.6679215797398,0.0,0.0,84829.09084856453,123427.04510891683,123976.71303049657,44264.653222005436,3923.9045333333343,11068.239342935849,8965.273867778036,10800.0,10800.0,0
2025-07-28,M5,86146.87831419951,0.0,343.7494742012117,86490.62778840073,86490.62778840073,0.0,245.5150939400425,0.0,0.0,86490.62778840073,126248.26402729703,126493.77912123706,45690.01157495844,829.3353333333334,10629.23673479988,8609.681755187905,10800.0,10800.0,0
2025-07-29,M5,86938.00115501515,0.0,1904.3691448012128,88842.37029981634,88842.37029981634,0.0,1606.8401655036214,0.0,0.0,88842.37029981634,126996.42545230674,128603.26561781035,49291.98325593643,1300.1881500000002,10220.254009862729,8278.405747988807,10800.0,10800.0,0
2025-07-30,M5,85225.260215037,0.0,2377.0085127783373,87602.26872781536,87602.26872781536,0.0,1928.2089957138567,0.0,0.0,87602.26872781536,124507.04015728156,126435.24915299541,46777.07756701,3705.972225623941,9731.291107165636,7882.345796804162,10800.0,10800.0,0
2025-07-31,M5,85109.86715934433,0.0,252.95591407357054,85362.82307341791,85362.82307341791,0.0,265.16382331414843,0.0,0.0,85362.82307341791,124649.87151338137,124915.03533669551,45658.033030100385,2455.1288445772952,11088.827343953539,8981.950148602364,10800.0,10800.0,0
2025-08-01,M5,48692.94278410079,0.0,933.899114729752,49626.84189883054,49626.84189883054,0.0,651.0521457000574,0.0,0.0,49626.84189883054,78068.58690100866,78719.63904670872,30992.608607262537,24899.159575139252,8297.427356001377,6720.916158361116,10800.0,10800.0,0
2025-08-02,M5,48861.230442340886,0.0,0.0,48861.230442340886,48861.230442340886,0.0,0.0,0.0,0.0,48861.230442340886,78681.15722972866,78681.15722972866,32077.935738524884,24035.081169547324,8637.449412226926,6996.334023903811,10800.0,10800.0,0
2025-08-03,M5,78937.80590683776,0.0,172.2964065654894,79110.10231340326,79110.10231340326,0.0,118.20256103059808,0.0,0.0,79110.10231340326,116845.92484274911,116964.12740377971,43284.37934893058,9203.948475554756,8612.208399794968,6975.888803833928,10800.0,10800.0,0
2025-08-04,M5,78287.005934327,0.0,357.0597279618817,78644.06566228892,78644.06566228892,0.0,323.850374611751,0.0,0.0,78644.06566228892,116147.0348658498,116470.88524046158,42330.36844213328,7143.714412023129,8321.827910378017,6740.680607406192,10800.0,10800.0,0
2025-08-05,M5,78139.04788120792,0.0,144.27462082011942,78283.32250202804,78283.32250202804,0.0,198.69554127806106,0.0,0.0,78283.32250202804,115723.96003391013,115922.6555751882,42641.06808006346,6419.024033333333,9001.335412937244,7291.081684479167,10800.0,10800.0,0
2025-08-06,M5,79642.36990900213,0.0,3.778393812514833,79646.14830281465,79646.14830281465,0.0,2.2679376190196763,0.0,0.0,79646.14830281465,117851.91166547632,117854.17960309534,42467.201280137146,5466.730288186904,9504.467200550716,7698.618432446077,10800.0,10800.0,0
2025-08-07,M5,81184.23571825943,0.0,598.1954218901731,81782.43114014955,81782.43114014955,0.0,424.69466204605976,0.0,0.0,81782.43114014955,119913.29553278557,120337.99019483164,45940.513959067335,9390.101690512718,8523.101553955657,6903.712258704082,10800.0,10800.0,0
2025-08-08,M5,43128.90939744549,0.0,0.0,43128.90939744549,43128.90939744549,0.0,0.0,0.0,0.0,43128.90939744549,67808.17683564764,67808.17683564764,22295.178160371564,27888.682806610752,9732.340098238608,7883.195479573276,10800.0,10800.0,0
2025-08-09,M5,43057.3060740703,0.0,0.0,43057.3060740703,43057.3060740703,0.0,0.0,0.0,0.0,43057.3060740703,68080.5172918874,68080.5172918874,22193.469627217193,25199.30671255144,9293.747116414523,7527.935164295766,10800.0,10800.0,0
2025-08-10,M5,77436.09341914236,0.0,74.98159507314982,77511.0750142155,77511.0750142155,0.0,51.81428854277601,0.0,0.0,77511.0750142155,115193.18089223001,115244.99518077278,42340.749829469474,5816.863715953561,9382.960975524986,7600.198390175238,10800.0,10800.0,0
2025-08-11,M5,77926.63069736476,0.0,349.305251960522,78275.93594932523,78275.93594932523,0.0,252.21780149171445,0.0,0.0,78275.93594932523,115728.02310130943,115980.24090280116,42332.21783060741,7208.10410791203,9887.713847096766,8009.048216148383,10800.0,10800.0,0
2025-08-12,M5,79026.58473706881,0.0,846.4479738578385,79873.03271092665,79873.03271092665,0.0,664.3377974073462,0.0,0.0,79873.03271092665,117214.77616726715,117879.1139646745,42771.96657198787,5658.588788420077,8884.289232981811,7196.274278715263,10800.0,10800.0,0
2025-08-13,M5,78489.5917078936,0.0,1503.4234499910237,79993.01515788458,79993.01515788458,0.0,1334.395931418296,0.0,0.0,79993.01515788458,116310.60144481141,117644.9973762297,44728.248261047076,5139.6615405349785,8716.358550777135,7060.25042612948,10800.0,10800.0,0
2025-08-14,M5,77942.08915331837,0.0,1507.8906282837231,79449.97978160213,79449.97978160213,0.0,1443.000430371207,0.0,0.0,79449.97978160213,115376.83869129828,116819.8391216695,42583.69655842187,6454.445483333333,9765.295245162932,7909.889148581974,10800.0,10800.0,0
2025-08-15,M5,45330.81337717837,0.0,330.9087708642667,45661.722148042645,45661.722148042645,0.0,229.58976655165202,0.0,0.0,45661.722148042645,72534.12594806605,72763.7157146177,26440.49133223098,27405.317320576127,9253.579886722408,7495.399708245151,10800.0,10800.0,0
2025-08-16,M5,44413.56773130332,0.0,533.2390138654412,44946.80674516877,44946.80674516877,0.0,371.6039567484414,0.0,0.0,44946.80674516877,70551.36382073487,70922.96777748331,24635.68655044427,27616.693713002125,9164.774459843406,7423.467312473158,10800.0,10800.0,0
2025-08-17,M5,78585.64599082815,0.0,0.0,78585.64599082815,78585.64599082815,0.0,0.0,0.0,0.0,78585.64599082815,116592.43915877042,116592.43915877042,43030.79460525301,8726.90403299515,8786.036336082092,7116.689432226494,10800.0,10800.0,0
2025-08-18,M5,78128.71833391141,0.0,726.0061102049218,78854.72444411635,78854.72444411635,0.0,697.230800823656,0.0,0.0,78854.72444411635,115460.89308251368,116158.12388333734,42676.82684565911,7241.210556472428,9715.636129153398,7869.665264614254,10800.0,10800.0,0
2025-08-19,M5,78800.92125267196,0.0,174.01851463421778,78974.93976730618,78974.93976730618,0.0,119.56165942517396,0.0,0.0,78974.93976730618,116213.68115862354,116333.2428180487,42913.95293866539,7459.66954090551,8641.89625514637,6999.93596666856,10800.0,10800.0,0
2025-08-20,M5,80161.20256095247,0.0,321.14460646402205,80482.34716741649,80482.34716741649,0.0,222.84122330351022,0.0,0.0,80482.34716741649,118389.11849896256,118611.95972226607,42129.04765505117,3727.6156499999997,11076.870266043306,8972.264915495078,10800.0,10800.0,0
2025-08-21,M5,81279.29842953889,0.0,560.4000959615979,81839.69852550038,81839.69852550038,0.0,396.4648560321492,0.0,0.0,81839.69852550038,119430.04705760049,119826.51191363262,46095.69722212358,6379.7476333333325,7929.729341275757,6423.080766433363,10800.0,10800.0,0
2025-08-22,M5,44695.847234249064,0.0,698.997615357965,45394.84484960705,45394.84484960705,0.0,489.03479228808465,0.0,0.0,45394.84484960705,71212.6327527207,71701.6675450088,24320.305196507008,24411.137456995886,9156.081534241592,7416.426042735693,10800.0,10800.0,0
2025-08-23,M5,44434.86817741253,0.0,465.87241165509727,44900.740589067624,44900.740589067624,0.0,339.4185777425024,0.0,0.0,44900.740589067624,70485.98295549021,70825.40153323271,24089.75374196381,22497.89522016461,8988.139058443592,7280.392637339311,10800.0,10800.0,0
2025-08-24,M5,79711.45397324153,0.0,309.5928308468485,80021.04680408843,80021.04680408843,0.0,216.10379298905468,0.0,0.0,80021.04680408843,117279.55472528149,117495.65851827055,42670.6272711803,9379.731711156885,9009.0002768423,7297.290224242261,10800.0,10800.0,0
2025-08-25,M5,84726.29649708867,0.0,0.0,84726.29649708867,84726.29649708867,0.0,0.0,0.0,0.0,84726.29649708867,124448.04357409131,124448.04357409131,47365.58159370658,4642.2032500000005,8774.587966937206,7107.416253219139,10800.0,10800.0,0
2025-08-26,M5,81313.98516789965,0.0,0.0,81313.98516789965,81313.98516789965,0.0,0.0,0.0,0.0,81313.98516789965,119259.81233657664,119259.81233657664,45031.48448623746,7020.846845952212,8835.066426598132,7156.403805544491,10800.0,10800.0,0
2025-08-27,M5,81831.49621573261,0.0,2176.413838495782,84007.91005422841,84007.91005422841,0.0,2425.498102099869,0.0,0.0,84007.91005422841,119404.60468604436,121830.10278814423,45554.35783995104,6457.504066666666,10021.53692031504,8117.444905455184,10800.0,10800.0,0
2025-08-28,M5,81617.96808213755,0.0,1711.581398278469,83329.54948041603,83329.54948041603,0.0,1611.2470360445307,0.0,0.0,83329.54948041603,119292.82553914301,120904.07257518753,44168.51204789307,4113.100883333334,9761.392950672696,7906.7282900448845,10800.0,10800.0,0
2025-08-29,M5,48553.31814210882,0.0,0.0,48553.31814210882,48553.31814210882,0.0,0.0,0.0,0.0,48553.31814210882,77261.18439113373,77261.18439113373,30279.699196900445,22543.34433839935,9910.107925441811,8027.187419607868,10800.0,10800.0,0
2025-08-30,M5,47147.30411317113,0.0,301.79942504570477,47449.10353821683,47449.10353821683,0.0,213.80758230631386,0.0,0.0,47449.10353821683,75098.34378312377,75312.1513654301,27828.57836056278,27269.303706182458,8955.52350185005,7253.9740364985355,10800.0,10800.0,0
2025-08-31,M5,79757.33038319145,0.0,516.8352128073184,80274.16559599877,80274.16559599877,0.0,375.2746672291386,0.0,0.0,80274.16559599877,117428.35468418094,117803.62935141008,43339.1202227787,6120.593701435671,8933.117599275616,7235.825255413255,10800.0,10800.0,0
2025-09-01,M5,82568.80964555411,0.0,0.0,82568.80964555411,82568.80964555411,0.0,0.0,0.0,0.0,82568.80964555411,121201.85175575795,121201.85175575795,58204.38543297642,8263.510333333334,6104.323453236158,4944.501997121289,10800.0,10800.0,0
2025-09-02,M5,73827.57799493567,0.0,0.0,73827.57799493567,73827.57799493567,0.0,0.0,0.0,0.0,73827.57799493567,109519.1396603395,109519.1396603395,45736.41907875688,8054.516416666666,8791.833236399774,7121.384921483814,10800.0,10800.0,0
2025-09-03,M5,73227.0528883464,0.0,663.6985740824447,73890.75146242882,73890.75146242882,0.0,473.9444913345917,0.0,0.0,73890.75146242882,108807.02456760927,109280.96905894388,44286.18921953698,8037.633374139842,7418.048501405552,6008.619286138497,10800.0,10800.0,0
2025-09-04,M5,71763.66416167855,0.0,756.780783911117,72520.44494558968,72520.44494558968,0.0,535.3480697398031,0.0,0.0,72520.44494558968,106720.8172479065,107256.16531764632,42272.27406075125,9297.809138828501,9265.876674034516,7505.360105967958,10800.0,10800.0,0
2025-09-05,M5,39865.17333718759,0.0,0.0,39865.17333718759,39865.17333718759,0.0,0.0,0.0,0.0,39865.17333718759,62696.19678082906,62696.19678082906,25924.941830288495,28078.834249885444,9832.415968360336,7964.256934371873,10800.0,10800.0,0
2025-09-06,M5,39121.5511310705,0.0,153.23389452469561,39274.78502559519,39274.78502559519,0.0,106.63163935012722,0.0,0.0,39274.78502559519,61613.93486351699,61720.56650286711,24973.560949202772,27099.607643700154,10138.495841916774,8212.181631952586,10800.0,10800.0,0
2025-09-07,M5,67061.4030174422,0.0,4535.509026793282,71596.9120442355,71596.9120442355,0.0,4034.2346131004556,0.0,0.0,71596.9120442355,100372.4513426832,104406.68595578364,41188.66317011241,6387.922766666667,9837.454749146887,7968.3383468089805,10800.0,10800.0,0
2025-09-08,M5,63612.64156357032,0.0,6291.433710160259,69904.07527373056,69904.07527373056,0.0,4969.7199031989585,0.0,0.0,69904.07527373056,96251.7270445132,101221.44694771216,34574.531978141735,5366.733666666667,9919.009313528557,8034.397543958128,10800.0,10800.0,0
2025-09-09,M5,66143.88490481417,0.0,4248.769141437426,70392.65404625161,70392.65404625161,0.0,3543.0712467770973,0.0,0.0,70392.65404625161,99191.01981536768,102734.09106214478,36950.132847163244,10847.886968052664,9648.615685590557,7815.378705328358,10800.0,10800.0,0
2025-09-10,M5,70261.32475522133,0.0,2773.9241367535706,73035.24889197489,73035.24889197489,0.0,2057.408285928552,0.0,0.0,73035.24889197489,104973.77142310597,107031.1797090345,39505.107979937355,4170.085386925741,10736.777327218037,8696.789635046607,10800.0,10800.0,0
2025-09-11,M5,72934.28481560333,0.0,855.7365881596102,73790.02140376295,73790.02140376295,0.0,582.4016213343741,0.0,0.0,73790.02140376295,108220.97366503667,108803.37528637105,43810.06782677384,9729.855278257286,9301.92841056105,7534.562012554452,10800.0,10800.0,0
2025-09-12,M5,38376.121461224204,0.0,27.362386212717066,38403.483847436924,38403.483847436924,0.0,25.210115527394976,0.0,0.0,38403.483847436924,61378.77649814062,61403.98661366802,23441.50698363285,24571.618155967077,9680.027758253123,7840.822484185033,10800.0,10800.0,0
2025-09-13,M5,39310.89147397477,0.0,0.0,39310.89147397477,39310.89147397477,0.0,0.0,0.0,0.0,39310.89147397477,62885.76653229064,62885.76653229064,24890.267259406195,28206.43829753086,9378.734168527633,7596.774676507386,10800.0,10800.0,0
2025-09-14,M5,73847.72671174345,0.0,361.5648268536604,74209.29153859711,74209.29153859711,0.0,247.76849104477174,0.0,0.0,74209.29153859711,109146.64701291482,109394.4155039596,42386.71085623327,5187.591125068692,9056.783013987455,7335.994241329834,10800.0,10800.0,0
2025-09-15,M5,69810.83761383778,0.0,953.1056433985194,70763.94325723631,70763.94325723631,0.0,670.3830943062849,0.0,0.0,70763.94325723631,104016.73396910037,104687.11706340665,38047.953942643646,9688.579253425356,9913.438073706915,8029.884839702603,10800.0,10800.0,0
2025-09-16,M5,75502.60009609794,0.0,720.6996369817494,76223.29973307968,76223.29973307968,0.0,497.6859993965833,0.0,0.0,76223.29973307968,111335.70788095279,111833.39388034937,44005.30199700094,6680.579105692019,8714.435759595191,7058.692965272103,10800.0,10800.0,0
2025-09-17,M5,75285.35670031927,0.0,343.1121064050855,75628.46880672437,75628.46880672437,0.0,241.44139514811081,0.0,0.0,75628.46880672437,110597.66176595828,110839.10316110641,42892.744993627304,6131.44655,9762.069565679449,7907.276348200349,10800.0,10800.0,0
2025-09-18,M5,73590.59919165091,0.0,4014.782102575816,77605.38129422674,77605.38129422674,0.0,3682.432812534263,0.0,0.0,77605.38129422674,108247.82598096106,111930.25879349533,44054.27026105074,7090.6478465656955,9627.83983795907,7798.550268746849,10800.0,10800.0,0
2025-09-19,M5,39912.611658575275,0.0,519.4095824805141,40432.02124105579,40432.02124105579,0.0,390.60488545028136,0.0,0.0,40432.02124105579,64526.56193404167,64917.16681949195,25203.32760822263,21780.153238436298,9643.861348243947,7811.527692077596,10800.0,10800.0,0
2025-09-20,M5,39381.58245319341,0.0,1200.9372993796533,40582.51975257306,40582.51975257306,0.0,1568.8689487170057,0.0,0.0,40582.51975257306,63574.334448260604,65143.20339697762,25661.35475785865,21847.199162843404,10469.55654180115,8480.34079885893,10800.0,10800.0,0
2025-09-21,M5,77393.16383946492,0.0,582.5340217374325,77975.69786120235,77975.69786120235,0.0,754.1538792600156,0.0,0.0,77975.69786120235,113318.06340783293,114072.21728709296,47391.5697744399,6899.7474,7860.066470103842,6366.6538407841135,10800.0,10800.0,0
2025-09-22,M5,77259.75556563171,0.0,182.71888302334864,77442.474448655,77442.474448655,0.0,123.9090320528984,0.0,0.0,77442.474448655,113471.06388687283,113594.97291892572,44895.7771793421,6371.898067468068,9017.251519906407,7303.973731124186,10800.0,10800.0,0
2025-09-23,M5,78437.18512085665,0.0,0.0,78437.18512085665,78437.18512085665,0.0,0.0,0.0,0.0,78437.18512085665,114782.20936279086,114782.20936279086,44583.26361771724,6293.149816666666,9416.738658282238,7627.558313208615,10800.0,10800.0,0
2025-09-24,M5,75893.42515957651,0.0,1051.9849630965725,76945.41012267309,76945.41012267309,0.0,1083.8870949360228,0.0,0.0,76945.41012267309,111117.083904252,112200.97099918802,43352.613536332196,5999.762818722045,9396.681811230428,7611.3122670966495,10800.0,10800.0,0
2025-09-25,M5,77379.45066136635,0.0,1327.5370735474062,78706.98773491374,78706.98773491374,0.0,1242.8297885936986,0.0,0.0,78706.98773491374,113124.6807794059,114367.51056799959,45113.248532839585,7294.813583333334,8547.36606224565,6923.366510418975,10800.0,10800.0,0
2025-09-26,M5,42599.724456961725,0.0,0.0,42599.724456961725,42599.724456961725,0.0,0.0,0.0,0.0,42599.724456961725,68770.03581041127,68770.03581041127,28443.76730540801,20810.39245270106,9587.539748958943,7765.907196656743,10800.0,10800.0,0
2025-09-27,M5,40522.70843991884,0.0,1835.5299575784495,42358.238397497305,42358.238397497305,0.0,2204.150387432543,0.0,0.0,42358.238397497305,65163.58125867709,67367.73164610963,26176.32367128751,21416.45358455261,10387.642843523738,8413.99070325423,10800.0,10800.0,0
2025-09-28,M5,78005.92719606141,0.0,3110.3889821169823,81116.3161781784,81116.3161781784,0.0,3189.8240913530153,0.0,0.0,81116.3161781784,114095.5527323506,117285.37682370361,47317.93535593399,4616.462912186604,9807.102046928234,7943.75265801187,10800.0,10800.0,0
2025-09-29,M5,79348.1956894307,0.0,46.818554470334696,79395.01424390107,79395.01424390107,0.0,31.74220773144532,0.0,0.0,79395.01424390107,115875.70241320573,115907.44462093717,45679.61739177363,5682.175433333334,9398.737872790542,7612.977676960337,10800.0,10800.0,0
2025-09-30,M5,80030.3488049847,0.0,693.8327549978941,80724.18155998261,80724.18155998261,0.0,494.23270506023584,0.0,0.0,80724.18155998261,116424.8043146837,116919.03701974393,44614.12826909949,4896.447999999999,10454.136757777867,8467.850773800072,10800.0,10800.0,0
2025-10-01,M5,78904.98911717745,0.0,0.0,78904.98911717745,78904.98911717745,0.0,0.0,0.0,0.0,78904.98911717745,115623.30879390218,115623.30879390218,51883.32401632239,12760.11342822436,6938.683242221625,5620.333426199515,10800.0,10800.0,0
2025-10-02,M5,76472.96447094061,0.0,306.5968200750237,76779.56129101563,76779.56129101563,0.0,207.24133632313715,0.0,0.0,76779.56129101563,111853.73228492055,112060.9736212437,48161.83342865927,10704.197711793226,7706.101916444937,6241.942552320396,10800.0,10800.0,0
2025-10-03,M5,37335.72156480653,0.0,333.8650757048782,37669.5866405114,37669.5866405114,0.0,245.15671180220048,0.0,0.0,37669.5866405114,60166.174300332816,60411.33101213502,24425.905752082057,26342.37309228689,9609.991935610893,7784.093467844826,10800.0,10800.0,0
2025-10-04,M5,39958.58507849561,0.0,407.13954009182527,40365.72461858745,40365.72461858745,0.0,292.92593830344316,0.0,0.0,40365.72461858745,64654.47261491216,64947.398553215615,27209.618740933918,22856.90740630625,9394.157750747945,7609.2677781058355,10800.0,10800.0,0
2025-10-05,M5,74358.51032311632,0.0,793.940615111211,75152.45093822756,75152.45093822756,0.0,558.1452436605629,0.0,0.0,75152.45093822756,109592.62389561554,110150.76913927609,44697.224758005585,9188.19591280906,8049.407377867289,6520.019976072503,10800.0,10800.0,0
2025-10-06,M5,71137.49933341239,0.0,2102.3360551246838,73239.83538853709,73239.83538853709,0.0,1910.9440628659615,0.0,0.0,73239.83538853709,105318.98096706581,107229.92502993178,41787.40839460683,6042.8962326536075,8771.11132984913,7104.600177177798,10800.0,10800.0,0
2025-10-07,M5,72488.67931062076,0.0,1833.3685883992632,74322.04789901999,74322.04789901999,0.0,1339.464786139975,0.0,0.0,74322.04789901999,107026.60634722357,108366.07113336354,42283.9849172278,6541.678233333333,9309.710435802204,7540.865452999789,10800.0,10800.0,0
2025-10-08,M5,68948.20761717041,0.0,1596.2294068914516,70544.43702406184,70544.43702406184,0.0,1136.9544705203668,0.0,0.0,70544.43702406184,103488.29313062562,104625.247601146,39518.44489922,6811.706365485724,9561.056156703205,7744.455486929596,10800.0,10800.0,0
2025-10-09,M5,71996.29656330228,0.0,647.8670975788605,72644.16366088114,72644.16366088114,0.0,446.1682652119497,0.0,0.0,72644.16366088114,107123.23020468486,107569.39846989681,41122.83514613565,8868.818784892188,9567.172923871814,7749.410068336168,10800.0,10800.0,0
2025-10-10,M5,37811.892212831626,0.0,781.3373181837217,38593.229531015335,38593.229531015335,0.0,574.6624131919084,0.0,0.0,38593.229531015335,61698.97127253381,62273.63368572573,23762.74648680678,27403.114171139907,9285.063742696684,7520.901631584315,10800.0,10800.0,0
2025-10-11,M5,38964.87797272803,0.0,245.68151705687035,39210.55948978494,39210.55948978494,0.0,193.1330954194991,0.0,0.0,39210.55948978494,63344.30794217576,63537.44103759526,24686.789483344062,22916.300644081548,9621.249088612192,7793.211761775877,10800.0,10800.0,0
2025-10-12,M5,73482.322159991,0.0,42.477584639754554,73524.7997446308,73524.7997446308,0.0,29.252485052244197,0.0,0.0,73524.7997446308,109042.933341692,109072.18582674424,42682.00226917248,6109.77300240994,9291.866167518452,7526.411595689947,10800.0,10800.0,0
2025-10-13,M5,75579.62454659732,0.0,5.921965975625091,75585.54651257295,75585.54651257295,0.0,3.3984482371381546,0.0,0.0,75585.54651257295,111688.7591091076,111692.15755734473,45019.667440052806,7871.3294198904905,9335.60735474449,7561.841957343038,10800.0,10800.0,0
2025-10-14,M5,76234.44816684269,0.0,3.639643039776408,76238.08780988246,76238.08780988246,0.0,2.088687865356178,0.0,0.0,76238.08780988246,112415.65679243818,112417.74548030354,43802.978148758804,5955.955166666667,9920.962534445967,8035.979652901228,10800.0,10800.0,0
2025-10-15,M5,76569.7928821862,0.0,0.0,76569.7928821862,76569.7928821862,0.0,0.0,0.0,0.0,76569.7928821862,113184.80637445375,113184.80637445375,44973.94384615849,4398.181876932905,9961.35263874929,8068.695637386926,10800.0,10800.0,0
2025-10-16,M5,76745.20540874402,0.0,326.85981134787176,77072.0652200919,77072.0652200919,0.0,229.70565659919308,0.0,0.0,77072.0652200919,113101.56030138108,113331.26595798027,42960.28561483029,5360.651247624171,10757.137608030658,8713.28146250483,10800.0,10800.0,0
2025-10-17,M5,40471.599084753994,0.0,203.02927505615114,40674.62835981014,40674.62835981014,0.0,188.61206556665343,0.0,0.0,40674.62835981014,65690.10053748469,65878.71260305135,26284.1304630249,21819.43839968135,9320.76012462326,7549.815700944837,10800.0,10800.0,0
2025-10-18,M5,42050.18858484697,0.0,182.69385243670143,42232.88243728365,42232.88243728365,0.0,216.14237869906304,0.0,0.0,42232.88243728365,68875.9722382121,69092.11461691116,29268.99193379227,22022.18294593608,9075.507739558663,7351.161269042523,10800.0,10800.0,0
2025-10-19,M5,77609.42595660563,0.0,0.0,77609.42595660563,77609.42595660563,0.0,0.0,0.0,0.0,77609.42595660563,114491.82312348025,114491.82312348025,43474.771322433444,5145.202316666666,10453.29974235159,8467.172791304783,10800.0,10800.0,0
2025-10-20,M5,79706.57998268776,0.0,0.0,79706.57998268776,79706.57998268776,0.0,0.0,0.0,0.0,79706.57998268776,116653.1407955591,116653.1407955591,45712.28674859011,4518.376533333333,10429.974457731578,8448.279310762578,10800.0,10800.0,0
2025-10-21,M5,79578.2176246951,0.0,369.54270459300324,79947.7603292881,79947.7603292881,0.0,268.0514580604103,0.0,0.0,79947.7603292881,116845.3836740595,117113.43513211992,45594.41199919351,3039.2817806358667,10616.63159100292,8599.471588712368,10800.0,10800.0,0
2025-10-22,M5,79594.71935369784,0.0,136.33383028983698,79731.05318398768,79731.05318398768,0.0,98.5039476550287,0.0,0.0,79731.05318398768,116476.11171416221,116574.61566181724,44884.88379895752,4131.5113,10543.809804524837,8540.48594166512,10800.0,10800.0,0
2025-10-23,M5,82765.56156866162,0.0,0.0,82765.56156866162,82765.56156866162,0.0,0.0,0.0,0.0,82765.56156866162,120768.849793326,120768.849793326,49772.19090014988,5778.2175166666675,9678.65443776907,7839.710094592951,10800.0,10800.0,0
2025-10-24,M5,43335.78051840176,0.0,443.24109850755093,43779.02161690931,43779.02161690931,0.0,376.93106340909134,0.0,0.0,43779.02161690931,70386.07563333577,70763.00669674485,29065.603433757096,21468.11770658436,9522.288630193325,7713.053790456594,10800.0,10800.0,0
2025-10-25,M5,43211.173773149836,0.0,284.7707503097836,43495.94452345963,43495.94452345963,0.0,213.18884787126643,0.0,0.0,43495.94452345963,70597.19997751522,70810.38882538649,29481.148277803546,20139.309132716044,9428.940429124008,7637.44174759045,10800.0,10800.0,0
2025-10-26,M5,80995.87906422927,0.0,25.299364832067784,81021.17842906134,81021.17842906134,0.0,19.70101840098289,0.0,0.0,81021.17842906134,118276.43294693835,118296.13396533934,47420.25748179447,4500.783866666666,9635.687369534342,7804.906769322815,10800.0,10800.0,0
2025-10-27,M5,79362.80906436806,0.0,1126.7068738546986,80489.51593822277,80489.51593822277,0.0,1115.0867578091593,0.0,0.0,80489.51593822277,116144.6331273001,117259.71988510925,45166.712158417715,6593.849638025165,10245.139063156363,8298.562641156652,10800.0,10800.0,0
2025-10-28,M5,80128.23505035482,0.0,34.16532727933792,80162.40037763416,80162.40037763416,0.0,55.37778957668843,0.0,0.0,80162.40037763416,117057.25881535321,117112.63660492991,45287.726030300815,3892.099407533148,10317.839300504984,8357.44983340904,10800.0,10800.0,0
2025-10-29,M5,81906.245392293,0.0,558.5017953893744,82464.74718768237,82464.74718768237,0.0,397.0203328558974,0.0,0.0,82464.74718768237,119401.1619378934,119798.1822707493,45908.144302074375,2465.0818,11119.470361446982,9006.770992772057,10800.0,10800.0,0
2025-10-30,M5,80945.66486537922,0.0,0.0,80945.66486537922,80945.66486537922,0.0,0.0,0.0,0.0,80945.66486537922,117956.08927332867,117956.08927332867,46238.26007495934,5075.173783333334,9762.30402650535,7907.466261469337,10800.0,10800.0,0
2025-10-31,M5,45727.64693455312,0.0,36.34267304406062,45763.989607597185,45763.989607597185,0.0,25.7167931929456,0.0,0.0,45763.989607597185,74031.41461883837,74057.13141203132,31954.480579057137,16415.181265020576,9385.144743615481,7601.967242328539,10800.0,10800.0,0
2025-11-01,M5,45532.47233165735,0.0,69.72536494505748,45602.1976966024,45602.1976966024,0.0,54.775113455172175,0.0,0.0,45602.1976966024,73792.6462150407,73847.42132849587,31945.883522864267,17631.689577366255,9083.20944701061,7357.399652078593,10800.0,10800.0,0
2025-11-02,M5,82537.750935987,0.0,1265.4291372352145,83803.18007322223,83803.18007322223,0.0,1327.0786554263111,0.0,0.0,83803.18007322223,120207.2700824982,121534.34873792452,47451.05008112398,3159.8597666666665,11195.026088423867,9067.971131623328,10800.0,10800.0,0
2025-11-03,M5,84205.52652673393,0.0,0.0,84205.52652673393,84205.52652673393,0.0,0.0,0.0,0.0,84205.52652673393,122523.63301087078,122523.63301087078,48946.94953411202,2183.6590833333325,9937.337421537366,8049.24331144527,10800.0,10800.0,0
2025-11-04,M5,82716.97135292778,0.0,235.81466807736695,82952.78602100514,82952.78602100514,0.0,231.00239980196255,0.0,0.0,82952.78602100514,120377.81122006004,120608.81361986202,46993.47522323691,4042.244583333333,10489.588315570752,8496.566535612314,10800.0,10800.0,0
2025-11-05,M5,84299.75269112727,0.0,111.60916479792243,84411.36185592522,84411.36185592522,0.0,77.16639220361856,0.0,0.0,84411.36185592522,122598.79763052078,122675.9640227244,48109.49373912284,2844.725566666666,10756.445527727468,8712.72087745925,10800.0,10800.0,0
2025-11-06,M5,82930.30433782679,0.0,1298.5014923216754,84228.80583014841,84228.80583014841,0.0,1065.0472457894878,0.0,0.0,84228.80583014841,120675.2559231701,121740.3031689596,46315.670414037755,1863.7931500000002,11532.921341693878,9341.66628677204,10800.0,10800.0,0
2025-11-07,M5,47550.08823632925,0.0,567.2162645000232,48117.30450082927,48117.30450082927,0.0,740.9455656749992,0.0,0.0,48117.30450082927,76342.86387702732,77083.80944270233,34785.37499019837,17294.55645823045,8870.611636527246,7185.195425587065,10800.0,10800.0,0
2025-11-08,M5,47976.218623740846,0.0,0.0,47976.218623740846,47976.218623740846,0.0,0.0,0.0,0.0,47976.218623740846,77218.05214740345,77218.05214740345,35324.18813810119,16544.61977860082,8200.19542474443,6642.158294042989,10800.0,10800.0,0
2025-11-09,M5,84598.9117230711,0.0,0.0,84598.9117230711,84598.9117230711,0.0,0.0,0.0,0.0,84598.9117230711,122736.32703855417,122736.32703855417,46897.39101028738,2405.1450999999997,10984.072341755093,8897.098596821623,10800.0,10800.0,0
2025-11-10,M5,84939.34888426833,0.0,1415.0097129858657,86354.35859725422,86354.35859725422,0.0,1243.583440466312,0.0,0.0,86354.35859725422,123355.6333413907,124599.21678185699,47383.797219001266,1133.2048333333332,11704.061208012708,9480.289578490288,10800.0,10800.0,0
2025-11-11,M5,85873.51983024966,0.0,153.5390255524709,86027.05885580216,86027.05885580216,0.0,106.90399572008414,0.0,0.0,86027.05885580216,124174.95391179538,124281.85790751547,48181.71511013056,2539.3554666666664,10535.619284481927,8533.85162043036,10800.0,10800.0,0
2025-11-12,M5,85306.63274175178,0.0,1124.812361433377,86431.44510318512,86431.44510318512,0.0,914.1602313985488,0.0,0.0,86431.44510318512,123590.14588952852,124504.30612092707,48449.866247878286,2931.354916666666,11405.774770432196,9238.677564050078,10800.0,10800.0,0
2025-11-13,M5,84864.35786960654,0.0,517.1908166167846,85381.54868622328,85381.54868622328,0.0,501.2612868911006,0.0,0.0,85381.54868622328,122598.1098371446,123099.3711240357,47144.885408573406,1471.0862666666658,10986.990169099883,8899.462036970906,10800.0,10800.0,0
2025-11-14,M5,47981.45576486242,0.0,266.5277974129389,48247.983562275374,48247.983562275374,0.0,190.9274788296243,0.0,0.0,48247.983562275374,77201.83452254371,77392.76200137334,34609.43631141179,13522.607208641977,8748.753585892497,7086.490404572924,10800.0,10800.0,0
2025-11-15,M5,49357.647211049414,0.0,377.9995868096236,49735.64679785902,49735.64679785902,0.0,277.8605737691795,0.0,0.0,49735.64679785902,79482.18868937387,79760.04926314305,36847.270671599836,13069.319936625514,8587.219675005543,6955.647936754491,10800.0,10800.0,0
2025-11-16,M5,86601.34986922337,0.0,584.6781728766879,87186.02804210005,87186.02804210005,0.0,485.99303666428915,0.0,0.0,87186.02804210005,125101.15880108604,125587.15183775034,47169.574774104985,1789.1757666666663,11546.61533497559,9352.75842133023,10800.0,10800.0,0
2025-11-17,M5,86626.31706417949,0.0,1617.739321380237,88244.05638555976,88244.05638555976,0.0,1662.7835178434543,0.0,0.0,88244.05638555976,125004.0720713519,126666.85558919536,49874.36132483561,1986.0927333333334,11108.669461542491,8998.022263849412,10800.0,10800.0,0
2025-11-18,M5,86437.20760650597,0.0,131.418859944342,86568.62646645022,86568.62646645022,0.0,95.8602249719392,0.0,0.0,86568.62646645022,124933.6215886747,125029.48181364662,47346.79668633331,587.7734666666661,11601.893827964741,9397.534000651438,10800.0,10800.0,0
2025-11-19,M5,86470.18827409975,0.0,3464.7403124045927,89934.92858650436,89934.92858650436,0.0,3006.688052407111,0.0,0.0,89934.92858650436,124909.27136034142,127915.95941274852,48954.990546174944,1404.5819666666662,11516.18578898376,9328.110489076847,10800.0,10800.0,0
2025-11-20,M5,87057.31315486663,0.0,289.40007143586615,87346.7132263025,87346.7132263025,0.0,362.3555205388986,0.0,0.0,87346.7132263025,125720.6049134268,126082.9604339657,48076.52922936337,1007.9097666666662,11607.607392643853,9402.161988041524,10800.0,10800.0,0
2025-11-21,M5,49557.53166121679,0.0,2036.4967306455035,51594.02839186231,51594.02839186231,0.0,2122.6987843385928,0.0,0.0,51594.02839186231,79475.93051057114,81598.62929490971,38274.883781876895,12904.57609084644,8183.080818524885,6628.295463005159,10800.0,10800.0,0
2025-11-22,M5,51219.10666653082,0.0,250.74229417475883,51469.84896070558,51469.84896070558,0.0,180.54414696158176,0.0,0.0,51469.84896070558,82012.10708923556,82192.65123619714,38472.40100842739,11918.812083644674,8324.25610943021,6742.647448638469,10800.0,10800.0,0
2025-11-23,M5,87974.77905428986,0.0,1148.5738649926868,89123.35291928257,89123.35291928257,0.0,844.5461025410532,0.0,0.0,89123.35291928257,126862.1630457197,127706.70914826076,48590.5872620205,1715.755833333333,11411.946155650581,9243.676386076972,10800.0,10800.0,0
2025-11-24,M5,87215.09353461672,0.0,0.0,87215.09353461672,87215.09353461672,0.0,0.0,0.0,0.0,87215.09353461672,125840.94653887054,125840.94653887054,47816.43138859672,1721.3181000000002,11269.754475125377,9128.501124851555,10800.0,10800.0,0
2025-11-25,M5,89650.98962965133,0.0,0.0,89650.98962965133,89650.98962965133,0.0,0.0,0.0,0.0,89650.98962965133,129158.79959016241,129158.79959016241,49980.68655594018,833.7680500000001,11450.97114502932,9275.28662747375,10800.0,10800.0,0
2025-11-26,M5,89041.44231496383,0.0,791.0269580205602,89832.4692729844,89832.4692729844,0.0,553.6175796534951,0.0,0.0,89832.4692729844,128394.5651199774,128948.18269963088,49582.13412487853,378.0993333333321,11738.328200451035,9508.045842365338,10800.0,10800.0,0
2025-11-27,M5,88755.10550343471,0.0,634.0318081455604,89389.13731158027,89389.13731158027,0.0,591.604783555752,0.0,0.0,89389.13731158027,127737.34047056962,128328.94525412537,49513.003736972336,901.845383333333,11227.386318349287,9094.182917862923,10800.0,10800.0,0
2025-11-28,M5,51008.45627807969,0.0,671.3388104602161,51679.795088539904,51679.795088539904,0.0,821.0256695004962,0.0,0.0,51679.795088539904,81442.26232296461,82263.2879924651,38638.95191178846,11018.65374361004,8865.49361614002,7181.049829073421,10800.0,10800.0,0
2025-11-29,M5,53542.38358562543,0.0,46.299043617276794,53588.68262924271,53588.68262924271,0.0,41.342433421955775,0.0,0.0,53588.68262924271,85309.69186018218,85351.03429360414,41503.613717807726,7410.809701020255,7932.425130400867,6425.2643556247,10800.0,10800.0,0
2025-11-30,M5,90739.44691235515,0.0,774.7650828777909,91514.21199523294,91514.21199523294,0.0,680.9520994671343,0.0,0.0,91514.21199523294,130682.91095680198,131363.8630562691,48716.07600006698,10.70791666666662,12590.79485720423,10198.543834335429,10800.0,10800.0,0
2025-12-01,M5,91778.09990668054,0.0,6020.20003171947,97798.29993840001,97798.29993840001,0.0,4548.5770169644875,0.0,0.0,97798.29993840001,131941.02887805668,136489.60589502114,47847.99446665897,41.427283333333435,12111.875851029095,9810.61943933357,10800.0,10800.0,0
2025-12-02,M5,94156.62480236075,0.0,5205.6856849792985,99362.31048734013,99362.31048734013,0.0,3864.7326605400976,0.0,0.0,99362.31048734013,135079.28777477448,138944.02043531457,47977.85386970146,0.0,12254.508503226938,9926.151887613822,10800.0,10800.0,0
2025-12-03,M5,96582.80690853913,0.0,3403.061225606749,99985.86813414584,99985.86813414584,0.0,3034.687080187186,0.0,0.0,99985.86813414584,137764.23437654076,140798.92145672796,51481.143308429615,0.0,11342.260955956237,9187.23137432455,10800.0,10800.0,0
2025-12-04,M5,98497.97351223299,0.0,1580.0932226801674,100078.06673491308,100078.06673491308,0.0,1097.3506820344644,0.0,0.0,100078.06673491308,140279.27953063644,141376.6302126709,52337.56009346791,38.74940000000015,11732.168258963158,9503.056289760158,10800.0,10800.0,0
2025-12-05,M5,58646.351726187124,0.0,1648.6784827001723,60295.03020888731,60295.03020888731,0.0,1325.4493678121605,0.0,0.0,60295.03020888731,91901.0179709944,93226.46733880656,44142.90172461994,6140.6278817421635,8585.842363742808,6954.532314631675,10800.0,10800.0,0
2025-12-06,M5,59645.42857629481,0.0,1641.3407220558024,61286.769298350635,61286.769298350635,0.0,1188.794795634302,0.0,0.0,61286.769298350635,93413.76737391086,94602.56216954517,44176.132793231634,5137.360261654358,8549.675252592177,6925.236954599661,10800.0,10800.0,0
2025-12-07,M5,101387.381340314,0.0,0.0,101387.381340314,101387.381340314,0.0,0.0,0.0,0.0,101387.381340314,144220.62294725876,144220.62294725876,54496.09685938811,12.572583333333341,10838.275023880666,8779.002769343331,10800.0,10800.0,0
2025-12-08,M5,104153.24322399493,0.0,0.0,104153.24322399493,104153.24322399493,0.0,0.0,0.0,0.0,104153.24322399493,148308.27519041917,148308.27519041917,58509.57302405237,0.0,10271.005524737646,8319.514475037493,10800.0,10800.0,0
2025-12-09,M5,102673.89626059514,0.0,0.0,102673.89626059514,102673.89626059514,0.0,0.0,0.0,0.0,102673.89626059514,146378.007573309,146378.007573309,56771.02918394793,7.1056166666667195,11639.0447685669,9427.626262539188,10800.0,10800.0,0
2025-12-10,M5,99044.93258190731,0.0,241.5606573013335,99286.49323920863,99286.49323920863,0.0,259.73474128152304,0.0,0.0,99286.49323920863,141715.3969673927,141975.13170867425,51422.352123009325,0.0,11395.584836832946,9230.423717834687,10800.0,10800.0,0
2025-12-11,M5,99339.69431312535,0.0,1.6647670026356545,99341.359080128,99341.359080128,0.0,1.11240319577405,0.0,0.0,99341.359080128,142078.2593879107,142079.37179110645,53954.38765704371,0.0,11388.049652961781,9224.320218899042,10800.0,10800.0,0
2025-12-12,M5,60381.73859295772,0.0,1253.6882403575105,61635.426833315236,61635.426833315236,0.0,1300.9211523555882,0.0,0.0,61635.426833315236,94669.07721266482,95969.99836502042,46361.61410152493,4295.985426054767,8410.44923214415,6812.463878036761,10800.0,10800.0,0
2025-12-13,M5,60743.00135284812,0.0,885.8067100352881,61628.808062883385,61628.808062883385,0.0,795.2744756224299,0.0,0.0,61628.808062883385,95184.04988098834,95979.32435661077,45964.79629923137,4576.275233333334,8630.102319540729,6990.3828788279925,10800.0,10800.0,0
2025-12-14,M5,96761.1257031116,0.0,1175.060402366461,97936.186105478,97936.186105478,0.0,1050.6297892976813,0.0,0.0,97936.186105478,138678.65283215613,139729.2826214538,48578.22994342923,0.0,12485.951989603118,10113.62111157853,10800.0,10800.0,0
2025-12-15,M5,98361.89714784159,0.0,640.4547414114755,99002.35188925307,99002.35188925307,0.0,511.94689801993843,0.0,0.0,99002.35188925307,141053.87917759857,141565.8260756185,49793.95157078438,0.0,12117.45546403921,9815.138925871759,10800.0,10800.0,0
2025-12-16,M5,99089.67975117613,0.0,48.12967683385095,99137.80942800999,99137.80942800999,0.0,32.17704078652537,0.0,0.0,99137.80942800999,141666.73616529326,141698.91320607977,50012.22312071425,0.0,11939.993431748419,9671.39467971622,10800.0,10800.0,0
2025-12-17,M5,97880.98928409028,0.0,137.6416972931505,98018.63098138341,98018.63098138341,0.0,96.20974711649353,0.0,0.0,98018.63098138341,140582.8327975731,140679.04254468958,50243.154710724564,0.0,11810.740880517675,9566.700113219318,10800.0,10800.0,0
2025-12-18,M5,96729.6218974674,0.0,1043.1075283235978,97772.72942579101,97772.72942579101,0.0,779.0492061856897,0.0,0.0,97772.72942579101,138571.1038737784,139350.1530799641,49598.01487795057,86.18373333333352,12103.618431650179,9803.930929636645,10800.0,10800.0,0
2025-12-19,M5,59523.885168780944,0.0,1137.5393677287666,60661.42453650972,60661.42453650972,0.0,1216.4298289899093,0.0,0.0,60661.42453650972,93282.09712259675,94498.52695158667,44575.358433800604,5300.807689414096,9020.892254589318,7306.922726217351,10800.0,10800.0,0
2025-12-20,M5,60452.99801629457,0.0,0.0,60452.99801629457,60452.99801629457,0.0,0.0,0.0,0.0,60452.99801629457,94603.75617532966,94603.75617532966,44379.72748988173,5622.0911264127835,9187.291100185012,7441.70579114986,10800.0,10800.0,0
2025-12-21,M5,97885.15476698682,0.0,60.73493769587087,97945.88970468262,97945.88970468262,0.0,41.44153508946545,0.0,0.0,97945.88970468262,140210.4355375416,140251.8770726311,48953.19872354881,0.0,11899.455170608488,9638.558688192872,10800.0,10800.0,0
2025-12-22,M5,97515.08285699018,0.0,382.7766774167718,97897.85953440699,97897.85953440699,0.0,272.4219800048253,0.0,0.0,97897.85953440699,139780.36433084222,140052.78631084703,48733.87826601961,0.0,12534.110323653058,10152.629362158978,10800.0,10800.0,0
2025-12-23,M5,97940.47843103217,0.0,0.0,97940.47843103217,97940.47843103217,0.0,0.0,0.0,0.0,97940.47843103217,140266.79531574424,140266.79531574424,50767.436724268846,0.0,11796.13714811614,9554.871089974073,10800.0,10800.0,0
2025-12-24,M5,96804.79361224419,0.0,87.03678964235817,96891.83040188657,96891.83040188657,0.0,62.56354320868752,0.0,0.0,96891.83040188657,138886.6858953563,138949.249438565,48736.19538874614,0.0,12413.130174485017,10054.635441332859,10800.0,10800.0,0
2025-12-25,M5,95916.60891747761,0.0,43.291344535472874,95959.9002620131,95959.9002620131,0.0,29.403266547514704,0.0,0.0,95959.9002620131,137574.28759298436,137603.69085953187,47477.65902840564,0.0,12176.754198910032,9863.170901117128,10800.0,10800.0,0
2025-12-26,M5,59237.64035606273,0.0,663.7970380496303,59901.43739411235,59901.43739411235,0.0,494.6226911552759,0.0,0.0,59901.43739411235,92986.82880502242,93481.4514961777,43794.1117333195,4978.7046493141515,8952.698316898523,7251.685636687807,10800.0,10800.0,0
2025-12-27,M5,59817.44468806003,0.0,410.23228844285484,60227.676976502866,60227.676976502866,0.0,293.3809424270893,0.0,0.0,60227.676976502866,93917.15555103697,94210.53649346405,44520.718929642535,4678.6209,8802.039985025542,7129.65238787069,10800.0,10800.0,0
2025-12-28,M5,97613.06642236828,0.0,136.84203504946228,97749.90845741771,97749.90845741771,0.0,100.36161518143717,0.0,0.0,97749.90845741771,139791.40889140154,139891.77050658298,50885.660420352,0.0,11562.396506478857,9365.541170247878,10800.0,10800.0,0
2025-12-29,M5,97063.54176802954,0.0,383.6405702249711,97447.18233825451,97447.18233825451,0.0,444.54060031338383,0.0,0.0,97447.18233825451,139384.6165681083,139829.1571684217,50062.58706078906,0.0,11804.230741926061,9561.426900960112,10800.0,10800.0,0
2025-12-30,M5,96109.68491927792,0.0,531.0056834651134,96640.69060274302,96640.69060274302,0.0,437.27241028829417,0.0,0.0,96640.69060274302,138075.01584622776,138512.28825651607,49980.52116673564,18.987083333333203,12044.091612879356,9755.714206432278,10800.0,10800.0,0
2025-12-31,M5,96037.89590396555,0.0,322.57245515399467,96360.46835911949,96360.46835911949,0.0,278.1330865930589,0.0,0.0,96360.46835911949,138025.89169650705,138304.0247831001,47229.7823839655,0.0,12777.9971884277,10350.177722626438,10800.0,10800.0,0
2025-02-01,M6,24224.121122432905,0.0,0.0,24224.121122432905,24224.121122432905,0.0,0.0,0.0,0.0,24224.121122432905,46456.83107904244,46456.83107904244,4748.368021470654,3844.4095685350703,18346.72397738623,14860.846421682847,10800.0,10800.0,0
2025-02-02,M6,58823.1925087446,8.226720638049301e-13,6.662800444701134e-12,58823.192508744614,58823.192508744614,0.0,6.87805368215777e-12,0.0,0.0,58823.192508744614,92966.92056551663,92966.92056551663,10493.101207396794,59.174066666666704,21359.828112911462,17301.46077145828,10800.0,10800.0,0
2025-02-03,M6,58320.33908974021,1.0799794836202637e-12,1.6723731732781744e-12,58320.33908974021,58320.33908974021,0.0,3.524291969370097e-12,0.0,0.0,58320.33908974021,92501.81310939213,92501.81310939213,8114.635096525804,0.0,21948.744804559683,17778.483291693345,10800.0,10800.0,0
2025-02-04,M6,57959.42944159108,1.1765166618715738e-14,3.294900352557306e-13,57959.42944159108,57959.42944159108,0.0,1.9895196601282805e-13,0.0,0.0,57959.42944159108,92010.26011090138,92010.26011090138,6376.72414857347,0.0,23361.431643831078,18922.759631503177,10800.0,10800.0,0
2025-02-05,M6,54434.74421340912,1.7145680430985523e-13,1164.4175232448692,55599.16173665397,55599.16173665397,0.0,1007.9027285292534,60.00208777686453,418.574564331407,56017.73630098538,87225.81860779895,88233.7213363282,2937.4268150692624,0.0,24251.94539843411,19644.075772731634,10800.0,10800.0,1
2025-02-06,M6,55914.02178143549,0.0,233.1196749135459,56147.14145634901,56147.14145634901,0.0,157.26718870764262,44.818660878957076,256.6685291372371,56403.809985486245,89080.05154215812,89237.31873086578,4568.0461760411035,0.0,23384.389468615635,18941.355469578673,10800.0,10800.0,3
2025-02-07,M6,21259.000401209883,0.0,0.0,21259.000401209883,21259.000401209883,0.0,0.0,55.90787849594552,262.44244666031597,21521.4428478702,41420.569132376244,41420.569132376244,1942.0223632856582,3963.3940038872297,19952.273933758646,16186.89295672601,10800.0,10771.609921798325,3
2025-02-08,M6,18586.934328806976,0.0,1276.931522061648,19863.865850868624,19863.865850868624,0.0,1058.8999859360229,35.637189212987266,217.85013765899117,20081.715988527616,36384.85602889731,37443.756014833336,384.1861736894885,1428.2083561767217,21390.973090168125,17301.13713265468,10771.609921798325,10800.0,1
2025-02-09,M6,51559.665470969856,0.0,2987.7597703449724,54547.42524131483,54547.42524131483,0.0,2692.5431632031155,0.0,0.0,54547.42524131483,82936.15681233254,85628.69997553565,1417.3553334272278,0.0,24504.88776548302,19848.959090041248,10800.0,10800.0,0
2025-02-10,M6,53121.16548987765,3.294900352557306e-13,531.7109129366822,53652.87640281433,53652.87640281433,0.0,382.9669695643549,16.785969099252156,76.36776641704769,53729.24416923137,84996.33788472865,85379.304854293,6660.826589673867,328.1247000000001,21476.326054658246,17395.824104273182,10800.0,10800.0,1
2025-02-11,M6,52299.52976909403,3.294900352557306e-13,369.1742287846621,52668.703997878656,52668.70399787864,1.4551915228366852e-11,254.55900184214664,3.4045392276287885,15.946861742213246,52684.650859620866,83898.66134628167,84153.22034812382,4411.933213762219,148.03829999999994,23031.87494871528,18655.81870845938,10800.0,10800.0,1
2025-02-12,M6,53174.63407582343,1.764078660926316e-13,7.688100822633715e-13,53174.63407582343,53174.63407582343,0.0,8.171241461241152e-13,0.0,0.0,53174.63407582343,85035.2646905233,85035.2646905233,5405.363733144799,163.38428333333331,22104.1081090097,17904.327568297856,10800.0,10800.0,0
2025-02-13,M6,53131.23782200252,4.3932004700764083e-13,235.67766766832423,53366.915489670835,53366.915489670835,0.0,170.9466032428321,0.0,0.0,53366.915489670835,84896.10037677817,85067.046980021,9470.51929378647,558.6377833333336,19517.952032813344,15809.541146578815,10800.0,10800.0,0
2025-02-14,M6,20136.497318691676,0.0,384.7107646083066,20521.20808329998,20521.20808329998,0.0,297.98543184913933,0.0,0.0,20521.20808329998,38459.186792076514,38757.17222392565,2045.4356606910287,3104.3350010860145,20029.47234464182,16223.872599159879,10800.0,10800.0,0
2025-02-15,M6,19948.37717208116,0.0,140.869006223277,20089.246178304427,20089.246178304427,0.0,104.90067889256551,0.0,0.0,20089.246178304427,38027.883924208014,38132.784603100576,1475.7718392178608,3513.946466167513,20331.448409027427,16468.473211312215,10800.0,10800.0,0
2025-02-16,M6,53378.765878984756,2.562700274211238e-13,6.230116156302756e-12,53378.76587898476,53378.76587898476,0.0,5.215383680479135e-12,5.853526262086007,26.63061772936029,53405.39649671412,85367.57260039827,85367.57260039829,5760.434286432469,90.55683333333332,21816.08372049774,17671.02781360317,10800.0,10800.0,1
2025-02-17,M6,52950.33513368548,9.922821675445447e-13,13.346549663651333,52963.68168334913,52963.68168334913,0.0,12.328806672811918,0.0,0.0,52963.68168334913,85070.78430352657,85083.11311019938,9309.172042611728,948.4422833333333,19166.503250461355,15524.867632873702,10800.0,10800.0,0
2025-02-18,M6,50131.61639278764,1.464400156692136e-13,710.4316094744557,50842.04800226207,50842.04800226207,0.0,616.7930776762715,11.44755606869137,52.08065633451139,50894.12865859658,80661.57302233529,81278.36610001155,4926.0488620473225,241.45472736625413,21215.38043859647,17184.45815526314,10800.0,10800.0,1
2025-02-19,M6,49684.27761082352,6.223700665941578e-13,1428.37589932058,51112.65351014408,51112.65351014408,0.0,1285.425220600017,32.803151852486735,143.87674927004406,51256.530259414125,80068.97926251448,81354.40448311449,4113.205027620793,0.0,23129.869600067635,18735.194376054784,10800.0,10800.0,2
2025-02-20,M6,50752.68417019883,0.0,43.590925718012265,50796.27509591685,50796.27509591685,0.0,36.219927868991135,17.859093531072745,83.65199409954472,50879.92709001639,81751.97299817769,81788.19292604667,6398.320071849521,463.5324920946017,20795.082748948913,16844.017026648624,10800.0,10800.0,1
2025-02-21,M6,19820.82592791801,0.0,68.55399273708173,19889.37992065509,19889.37992065509,0.0,52.967967279836145,0.0,0.0,19889.37992065509,37854.61440241648,37907.582369696305,2409.24371344999,6228.481226599037,19524.1862963892,15814.59090007525,10800.0,10800.0,0
2025-02-22,M6,19811.80988580044,0.0,121.36861561770795,19933.178501418155,19933.178501418155,0.0,92.7421536311308,0.0,0.0,19933.178501418155,37774.761558883474,37867.503712514605,2112.964070901012,4136.657016674415,19858.524955820267,16085.405214214417,10800.0,10800.0,0
2025-02-23,M6,50507.68030899159,8.068907320080143e-13,316.8445612248369,50824.524870216424,50824.524870216424,0.0,277.3441070201057,0.0,0.0,50824.524870216424,81469.38712092034,81746.73122794044,5731.726094936972,417.62383333333355,21397.51377019367,17331.986153856866,10800.0,10800.0,0
2025-02-24,M6,48846.11899882979,0.0,3.9538804230687675e-12,48846.11899882979,48846.11899882979,0.0,2.0463630789890885e-12,29.69991432704046,133.22755856878473,48979.346557398574,79049.20539961087,79049.20539961087,5896.150349023779,1032.06275722618,20777.150479059455,16829.49188803816,10800.0,10800.0,2
2025-02-25,M6,48669.43747898279,0.0,106.34486185703906,48775.78234083983,48775.78234083983,0.0,79.60379411914369,18.809064263669484,82.3742969427405,48858.15663778257,78986.34008662094,79065.94388074009,7868.225256828166,1545.8397333333332,20259.814323731214,16410.44960222229,10800.0,10800.0,1
2025-02-26,M6,45942.5145031292,3.66100039173034e-14,1431.1013533318508,47373.61585646104,47373.61585646104,0.0,1580.0506623688275,0.0,0.0,47373.61585646104,74781.49879460546,76361.54945697429,2971.0039762947827,427.2599626735862,21833.881498276773,17685.44401360418,10800.0,10800.0,0
2025-02-27,M6,45955.88779656157,0.0,260.74268882158583,46216.630485383175,46216.630485383175,0.0,249.52824204110786,830.6098880950008,4016.1412911190873,50232.77177650226,74895.97793963659,75145.5061816777,4273.391152924393,506.56359999999825,22313.563772885896,18073.98665603758,10800.0,10800.0,6
2025-02-28,M6,18910.052560929416,0.0,25.95688241305377,18936.00944334247,18936.00944334247,0.0,16.57755672433268,0.0,0.0,18936.00944334247,36404.131967836554,36420.70952456089,2220.3848259231304,7017.2675200386975,20476.124361047732,16585.66073244867,10800.0,10800.0,0
2025-03-01,M6,19061.38956066214,0.0,0.0,19061.38956066214,19061.38956066214,0.0,0.0,0.0,0.0,19061.38956066214,36667.127201658455,36667.127201658455,2334.8446920004026,7032.226581966024,19164.684180835287,15523.394186476582,10800.0,10800.0,0
2025-03-02,M6,47556.09356659055,0.0,3028.214907417172,50584.308474007725,50584.308474007725,0.0,1874.393209552563,0.0,0.0,50584.308474007725,77725.83395991375,79600.22716946632,2964.990922318444,0.0,22510.153581480034,18233.224400998824,10800.0,10800.0,0
2025-03-03,M6,49481.6183487568,3.7737919456048987e-13,570.2534657277789,50051.87181448458,50051.87181448458,0.0,315.6218170051693,0.0,0.0,50051.87181448458,80177.36305041875,80492.98486742392,3886.0260677950637,296.4895999999999,22596.434559450066,18303.111993154555,10800.0,10800.0,0
2025-03-04,M6,48302.45275866104,0.0,264.35814307980945,48566.81090174085,48566.81090174085,0.0,305.76719732435515,0.0,0.0,48566.81090174085,78249.21403263515,78554.98122995949,4581.4649267268815,703.1196279496539,21425.9933786823,17355.054636732657,10800.0,10800.0,0
2025-03-05,M6,47574.78701326326,9.706262460440484e-14,33.533477399547635,47608.3204906628,47608.3204906628,0.0,23.404370436991776,8.102566609409337,51.6893351125119,47660.00982577531,77628.25167661054,77651.65604704752,7015.820685922806,625.9976666666664,20460.359181056898,16572.890936656084,10800.0,10800.0,2
2025-03-06,M6,44713.51271611489,0.0,988.2245236772584,45701.737239792164,45701.737239792164,0.0,650.0247877360152,0.0,0.0,45701.737239792164,73243.96829806922,73893.99308580522,3067.5519865759516,803.271483333333,21486.923592434796,17404.40810987219,10800.0,10800.0,0
2025-03-07,M6,17924.052435522048,0.0,0.0,17924.052435522048,17924.052435522048,0.0,0.0,0.0,0.0,17924.052435522048,34681.19053041833,34681.19053041833,1691.4429405228473,8379.275789809737,19411.50666711801,15723.320400365588,10800.0,10800.0,0
2025-03-08,M6,16895.08392667799,0.0,858.2745492728558,17753.358475950845,17753.358475950845,0.0,704.4335514739741,0.0,0.0,17753.358475950845,32727.894734224683,33432.328285698655,1454.9563553194898,8982.29603245456,20694.402006620745,16762.465625362805,10800.0,10800.0,0
2025-03-09,M6,44433.06675124581,0.0,593.4574429206571,45026.52419416646,45026.52419416646,0.0,428.5246386947266,0.0,0.0,45026.52419416646,73047.6425403909,73476.1671790856,4932.136837554053,1175.2672829300602,21238.094782113167,17202.856773511667,10800.0,10800.0,0
2025-03-10,M6,43134.05649787424,0.0,2844.207469186766,45978.26396706101,45978.26396706101,0.0,2771.919313845823,0.0,0.0,45978.26396706101,71128.21243381825,73900.13174766407,1677.9670210657982,0.0,22000.49092946459,17820.397652866315,10800.0,10800.0,0
2025-03-11,M6,42922.78670652034,0.0,2494.938014780501,45417.72472130082,45417.72472130082,0.0,2811.750704925587,0.0,0.0,45417.72472130082,70557.93458313259,73369.68528805819,4660.810010503072,851.4393000000003,20623.774618711155,16705.257441156038,10800.0,10800.0,0
2025-03-12,M6,44350.65061057271,0.0,218.01647693929635,44568.667087512025,44568.667087512025,0.0,145.82664734066475,0.0,0.0,44568.667087512025,72927.48703927359,73073.31368661426,5213.148653288114,1533.1465166666665,20481.493859611288,16590.01002628515,10800.0,10800.0,0
2025-03-13,M6,43882.95526026878,0.0,2221.9516097333835,46104.906870002174,46104.906870002174,0.0,2436.6366335743414,0.0,0.0,46104.906870002174,72117.90747569583,74554.54410927015,2802.409293942397,0.0,22139.562098216305,17933.04529955521,10800.0,10800.0,0
2025-03-14,M6,17616.623784898315,0.0,69.29916214960662,17685.922947047922,17685.922947047922,0.0,56.6989802483707,0.0,0.0,17685.922947047922,33830.26424614695,33886.963226395324,2281.7269281466197,11773.019197524962,20014.69009152845,16211.898974138043,10800.0,10800.0,0
2025-03-15,M6,17426.56244536917,0.0,242.21286774099295,17668.77531311016,17668.77531311016,0.0,187.74977368273642,0.0,0.0,17668.77531311016,33529.60429994038,33717.354073623115,1786.4614686126201,7084.452391850751,20643.76349031443,16721.448427154686,10800.0,10800.0,0
2025-03-16,M6,43910.837942509694,0.0,1896.8033731531564,45807.64131566287,45807.64131566287,0.0,1935.5768716908162,1.6400000000001,7.461180000000455,45815.10249566287,72155.43953639382,74091.01640808463,6635.05856468437,241.80664930397234,20340.759267173526,16476.015006410562,10800.0,10800.0,1
2025-03-17,M6,43613.407831027944,2.562700274211238e-13,381.90964147755534,43995.317472505514,43995.317472505514,0.0,293.05772239730464,0.0,0.0,43995.317472505514,71859.7296322878,72152.7873546851,8490.672268093862,2179.262674556345,19077.47883527141,15452.757856569846,10800.0,10800.0,0
2025-03-18,M6,43136.27764778966,7.322000783460681e-13,80.24783675828509,43216.52548454795,43216.52548454794,7.275957614183426e-12,67.3064645396276,86.62817262766669,426.72872693707126,43643.25421148502,71153.97312109012,71221.27958562976,5052.658486944691,1105.2257166666675,21179.290463049485,17155.225275070086,10800.0,10800.0,2
2025-03-19,M6,40368.05855471005,0.0,1626.6670591902619,41994.72561390031,41994.72561390031,0.0,1794.3448665527171,340.74591971292773,1660.074449779168,43654.800063679475,66400.92681611466,68195.27168266737,4141.589903966971,907.4328029002014,21165.918134279673,17144.39368876654,10800.0,10800.0,3
2025-03-20,M6,41922.1557321646,0.0,791.0522500941739,42713.207982258755,42713.207982258755,0.0,620.9697349244827,0.0,0.0,42713.207982258755,69216.49526476441,69837.4649996889,3175.9426219687566,403.453094926203,21311.091926985646,17261.98446085837,10800.0,10800.0,0
2025-03-21,M6,16556.905301456143,0.0,469.0606868356508,17025.9659882918,17025.9659882918,0.0,353.26726527526085,0.0,0.0,17025.9659882918,32017.44637994366,32370.71364521892,2085.7581333399635,14297.671738731793,20809.57503410788,16855.755777627382,10800.0,10800.0,0
2025-03-22,M6,16959.33142790773,0.0,81.01082955711573,17040.342257464843,17040.342257464843,0.0,56.28403727051584,0.0,0.0,17040.342257464843,32799.496352951785,32855.780390222295,2277.441829844732,10889.629222081594,20039.52423664549,16232.01463168285,10800.0,10800.0,0
2025-03-23,M6,41882.46028738089,2.562700274211238e-13,611.0840530346845,42493.54434041558,42493.544340415574,7.275957614183426e-12,593.5241186876348,0.0,0.0,42493.54434041558,69314.50883563262,69908.03295432024,5099.531102105348,2116.1150166666666,20645.614309902965,16722.9475910214,10800.0,10800.0,0
2025-03-24,M6,40017.91877282165,0.0,1073.4444248387945,41091.36319766043,41091.36319766043,0.0,815.8914347800387,0.0,0.0,41091.36319766043,66671.6671161803,67487.55855096033,3459.7371254326918,2018.3274401513213,21110.510010752587,17099.513108709598,10800.0,10800.0,0
2025-03-25,M6,41217.72616829904,0.0,497.68213048726943,41715.40829878631,41715.40829878631,0.0,356.30880043648614,0.0,0.0,41715.40829878631,68528.67434396301,68884.98314439949,2550.95625722569,1322.3802425044205,21376.431200014347,17314.909272011624,10800.0,10800.0,0
2025-03-26,M6,39680.29507019125,7.322000783460681e-13,845.5603274115883,40525.85539760283,40525.85539760283,0.0,811.7486594888838,0.0,0.0,40525.85539760283,65803.5540114004,66615.30267088927,5024.205258641009,2104.1419394776094,20496.845295284205,16602.444689180214,10800.0,10800.0,0
2025-03-27,M6,40332.620487868255,0.0,759.8856093567897,41092.50609722504,41092.50609722504,0.0,625.8582944506531,0.0,0.0,41092.50609722504,66675.55962939726,67301.41792384791,3598.547469340893,1140.6047765395456,20238.296199828852,16393.01992186137,10800.0,10800.0,0
2025-03-28,M6,16351.194649526176,0.0,148.9653769134672,16500.160026439644,16500.160026439644,0.0,106.30380007724003,0.0,0.0,16500.160026439644,31987.252493286724,32093.556293363963,2038.799655869132,15409.106298817755,20125.103010581104,16301.333438570691,10800.0,10800.0,0
2025-03-29,M6,16194.326688470162,0.0,260.0314935477443,16454.35818201791,16454.35818201791,0.0,196.90207240371373,0.0,0.0,16454.35818201791,31846.23847122288,32043.1405436266,1549.8693879389918,18993.2033823977,19962.4136313504,16169.555041393829,10800.0,10800.0,0
2025-03-30,M6,38785.20640273185,0.0,228.9282920679167,39014.13469479977,39014.13469479977,0.0,156.79607275033146,0.0,0.0,39014.13469479977,64406.73267199698,64563.52874474732,3320.0623753922214,2048.2803433474733,20260.875400040128,16411.309074032506,10800.0,10800.0,0
2025-03-31,M6,36798.22675400716,8.420300900979783e-13,3621.490021721862,40419.716775729,40419.716775729,0.0,4624.238031118896,0.0,0.0,40419.716775729,60816.871319394304,65441.109350513194,3417.626494797013,1287.8790666666673,19916.917398506306,16132.703092790114,10800.0,10800.0,0
2025-04-01,M6,39999.37298251946,0.0,2461.188529245497,42460.561511764965,42460.561511764965,0.0,2525.3251488759834,0.0,0.0,42460.561511764965,66966.14006933731,69491.4652182133,4260.647162374717,1322.9585666666667,19468.46301318552,15769.45504068027,10800.0,10800.0,0
2025-04-02,M6,39503.57163913311,0.0,3004.563324245187,42508.1349633783,42508.1349633783,0.0,3008.207876819197,284.6914581407423,1415.3896651684263,43923.52462854673,66063.20486794968,69071.41274476887,4283.992484244857,646.5523989235048,21001.178524953964,17010.954605212708,10800.0,10800.0,3
2025-04-03,M6,40214.87453581049,2.724192427194794e-13,194.49411307423574,40409.368648884745,40409.36864888474,7.275957614183426e-12,136.41583596274194,0.0,0.0,40409.368648884745,66978.61500569253,67115.03084165527,4851.809347014096,2554.859666666667,20235.95558583072,16391.124024522884,10800.0,10800.0,0
2025-04-04,M6,15630.124737361833,0.0,43.42955527189104,15673.554292633724,15673.554292633724,0.0,33.30011952026547,0.0,0.0,15673.554292633724,31060.74850105927,31094.04862057954,1914.1015606582869,18916.51241361013,20171.749454269066,16339.117057957945,10800.0,10800.0,0
2025-04-05,M6,15486.671176991646,0.0,385.1063325945247,15871.777509586173,15871.777509586173,0.0,252.22631853775613,0.0,0.0,15871.777509586173,30914.764987936425,31166.991306474185,1362.4231417949204,13936.367909346089,20126.764589472892,16302.67931747305,10800.0,10800.0,0
2025-04-06,M6,38307.005479833315,4.0271004309033743e-13,337.12871369761035,38644.134193530925,38644.134193530925,0.0,278.61348386156084,0.0,0.0,38644.134193530925,64338.00198688884,64616.615470750396,3594.7513629803548,2719.5476499999995,20485.474690017774,16593.234498914397,10800.0,10800.0,0
2025-04-07,M6,36794.370109513366,3.294900352557306e-13,1643.0047803251784,38437.37488983857,38437.37488983857,0.0,1933.4286839214603,0.0,0.0,38437.37488983857,61454.3102846846,63387.73896860607,4482.26319315401,1939.6644269547335,19595.22139559997,15872.129330435977,10800.0,10800.0,0
2025-04-08,M6,37997.894245852425,0.0,336.5392431865667,38334.433489038995,38334.433489038995,0.0,177.2087365097379,104.15124999999911,513.4415774999956,38847.87506653899,63610.06936774116,63787.278104250894,3925.20999270023,1625.4307690569085,20987.34197803738,16999.74700221028,10800.0,10800.0,4
2025-04-09,M6,37524.764256239,0.0,1942.314023084102,39467.078279323105,39467.078279323105,0.0,2586.8779443529884,0.0,0.0,39467.078279323105,62830.11387229264,65416.991816645634,2008.0373032542857,244.65571958494434,21210.461984946007,17180.47420780627,10800.0,10800.0,0
2025-04-10,M6,38092.860736191404,0.0,1534.7077204685897,39627.56845665999,39627.56845665999,0.0,1932.512583904553,0.0,0.0,39627.56845665999,63621.69613180297,65554.20871570751,4937.6539735904835,2308.0854333333327,20251.744256756356,16403.91284797265,10800.0,10800.0,0
2025-04-11,M6,14956.280824937201,0.0,354.02247504499604,15310.303299982193,15310.303299982193,0.0,271.50499825525964,0.0,0.0,15310.303299982193,30033.570172876505,30305.075171131764,1555.0363576041493,19548.794312456484,20445.233338970873,16560.63900456641,10800.0,10800.0,0
2025-04-12,M6,15198.7306540096,0.0,114.3397728607666,15313.070426870367,15313.070426870367,0.0,62.34787767095622,0.0,0.0,15313.070426870367,30422.67719902559,30485.025076696547,1708.8221209732924,16039.236855751955,19535.81868405948,15824.013134088174,10800.0,10800.0,0
2025-04-13,M6,36495.576223197306,0.0,479.1978405972709,36974.77406379458,36974.77406379458,0.0,276.72349424816207,0.0,0.0,36974.77406379458,61279.13113215138,61555.85462639954,2730.7694850238204,732.2939018986915,20086.488190229997,16270.055434086298,10800.0,10800.0,0
2025-04-14,M6,36647.600783346126,0.0,322.5064086395115,36970.107191985626,36970.107191985626,0.0,225.18816187065156,0.0,0.0,36970.107191985626,61582.549784254246,61807.7379461249,3436.623397827874,2054.7379186651065,19938.656998062754,16150.312168430832,10800.0,10800.0,0
2025-04-15,M6,35925.93116197949,3.6610003917303403e-13,449.13751386917113,36375.06867584866,36375.06867584866,0.0,603.8445592158137,0.0,0.0,36375.06867584866,60015.42577460536,60619.27033382117,4238.852116941259,2681.7111166666664,18733.04350989432,15173.7652430144,10800.0,10800.0,0
2025-04-16,M6,36487.8692173537,2.562700274211238e-13,1715.5775066749843,38203.446724028676,38203.446724028676,0.0,2045.23777526906,0.0,0.0,38203.446724028676,61445.392325654546,63490.630100923605,2322.8915844980497,1656.7240588722032,19639.06582922819,15907.643321674836,10800.0,10800.0,0
2025-04-17,M6,35727.624519485646,4.759300509249442e-13,1756.2693181314935,37483.89383761713,37483.89383761712,7.275957614183426e-12,2473.1379058724096,0.0,0.0,37483.89383761713,59465.58203874108,61938.71994461349,3384.3290249726924,1926.8860951602978,19785.06565516052,16025.903180680021,10800.0,10800.0,0
2025-04-18,M6,14549.722585014968,0.0,258.3211175933703,14808.04370260834,14808.04370260834,0.0,202.90822488936217,0.0,0.0,14808.04370260834,29450.116462108563,29653.02468699793,2008.6845069068881,17462.542222677206,20145.68828463419,16318.00751055369,10800.0,10800.0,0
2025-04-19,M6,14430.34045709231,0.0,327.3251069419166,14757.665564034225,14757.665564034225,0.0,250.87467257384395,0.0,0.0,14757.665564034225,29284.844842037593,29535.71951461143,1954.904575236078,16969.81239768264,20138.54364048796,16312.220348795245,10800.0,10800.0,0
2025-04-20,M6,35620.102510124474,4.3932004700764083e-13,785.649222591506,36405.75173271599,36405.75173271598,7.275957614183426e-12,854.175900115508,0.0,0.0,36405.75173271599,59781.18754228804,60635.363442403555,3028.1714296049568,1909.6355511905294,19683.21883302495,15943.407254750211,10800.0,10800.0,0
2025-04-21,M6,36143.87730375394,1.0983001175191021e-13,254.04057233310147,36397.917876087056,36397.917876087056,0.0,179.25495039492733,0.0,0.0,36397.917876087056,61080.74628999711,61260.001240392034,4481.833403732706,4780.552166666666,18319.50150873333,14838.796222073997,10800.0,10800.0,0
2025-04-22,M6,34187.69133254442,9.15250097932585e-13,2722.5757787487037,36910.26711129313,36910.26711129311,1.4551915228366852e-11,3490.0681562064383,0.0,0.0,36910.26711129313,56963.35270672072,60453.42086292715,2576.3564612698574,2005.785196475055,19570.262571134634,15851.912682619062,10800.0,10800.0,0
2025-04-23,M6,34508.97070090044,2.562700274211238e-13,2032.054117045346,36541.024817945785,36541.024817945785,0.0,2573.2491579926327,0.0,0.0,36541.024817945785,57950.330472477865,60523.57963047051,3461.306994934967,2032.3340166666667,19105.378432643185,15475.356530440979,10800.0,10800.0,0
2025-04-24,M6,34631.69822544144,0.0,290.522602884565,34922.220828326004,34922.220828326004,0.0,221.0092798977647,0.0,0.0,34922.220828326004,58044.20340677107,58265.212686668834,3031.0641665771604,4612.54682499967,18586.815763642135,15055.320768550131,10800.0,10800.0,0
2025-04-25,M6,13767.394654704049,0.0,0.0,13767.394654704049,13767.394654704049,0.0,0.0,0.0,0.0,13767.394654704049,28390.5561444993,28390.5561444993,1199.3055256771581,21368.43003960803,20118.22594323218,16295.763014018068,10800.0,10800.0,0
2025-04-26,M6,13619.336930789013,0.0,186.97742035136,13806.314351140372,13806.314351140372,0.0,137.7173204631527,0.0,0.0,13806.314351140372,28188.471012927752,28326.188333390906,719.2509503865174,23671.797728814596,20341.821162402433,16476.875141545974,10800.0,10800.0,0
2025-04-27,M6,32491.2798846423,0.0,2370.886375891809,34862.16626053411,34862.16626053411,0.0,2240.0205833821833,0.0,0.0,34862.16626053411,54386.0598806358,56626.080464017985,1899.8058812927225,2285.7740976939713,20352.78579841031,16485.756496712347,10800.0,10800.0,0
2025-04-28,M6,34831.60655325172,0.0,2881.6262512295957,37713.232804481304,37713.232804481304,0.0,3360.336735656594,0.0,0.0,37713.232804481304,58755.35880215245,62115.69553780904,1777.650759996367,0.0,19558.30242708425,15842.22496593824,10800.0,10800.0,0
2025-04-29,M6,34593.543611416455,0.0,544.2658599550161,35137.80947137147,35137.80947137147,0.0,409.5681685700603,0.0,0.0,35137.80947137147,58251.8102917117,58661.378460281754,3417.206972960759,4399.810942798355,17953.404357136726,14542.257529280749,10800.0,10800.0,0
2025-04-30,M6,33575.32901031049,8.237250881393266e-13,55.69218774011047,33631.02119805061,33631.0211980506,7.275957614183426e-12,42.13799982464151,0.0,0.0,33631.02119805061,56200.21546042319,56242.35346024783,2989.827110882591,1520.1076662568312,18292.44341986885,14816.879170093769,10800.0,10800.0,0
2025-05-01,M6,32992.64580702241,0.0,1395.6925769369468,34388.338383959344,34388.338383959344,0.0,804.0606410458039,1150.992082767593,7386.010630579996,41774.349014539344,54872.58801710159,55676.64865814739,627.9779142806874,2002.821815969256,19557.395369642836,16371.93315897779,10800.0,10210.61898936989,8
2025-05-02,M6,13903.28057491749,0.0,1920.7035707371865,15823.984145654671,15823.984145654671,0.0,1119.4193360710037,901.8913307116973,5526.606302995383,21350.590448650055,28610.509782421825,29729.92911849283,26.373508290986138,12076.516363435727,21077.392376425345,16838.78188228087,10210.61898936989,10470.514481173954,7
2025-05-03,M6,14448.889570346579,0.0,76.13997003528759,14525.029540381864,14525.029540381864,0.0,52.740436536852826,1154.622694846047,6604.334522576921,21129.364062958783,29442.296721128634,29495.037157665483,89.36379889348673,17599.965576029957,20565.917008249722,16472.75818066164,10470.514481173954,10676.775143419109,8
2025-05-04,M6,38858.75169315525,0.0,4.3932004700764083e-13,38858.75169315525,38858.75169315525,0.0,2.2737367544323206e-13,568.6370831158551,3431.1341176024516,42289.8858107577,65273.38149434817,65273.38149434817,6660.046522270614,4211.69744547325,17111.599353227317,13875.992076840483,10676.775143419109,10659.445587056494,8
2025-05-05,M6,38210.89807203071,0.0,20.718719416800635,38231.61679144751,38231.61679144751,0.0,10.723142311311562,355.46540049933816,2396.0130283802037,40627.629819827715,63941.994283714535,63952.71742602585,3843.7263750693146,1401.9135027526518,20494.129734314352,16507.593585611132,10659.445587056494,10762.391697260377,3
2025-05-06,M6,37076.938707020614,0.0,524.6732706917669,37601.61197771238,37601.61197771238,0.0,760.6350926007433,270.5318229997877,1691.6533084887305,39293.26528620112,61664.599946839284,62425.23503944003,3227.6377605336247,3064.4503424867216,19702.63726382282,16169.040871070016,10762.391697260377,10529.16426684535,6
2025-05-07,M6,37483.528230407836,0.0,623.1587011639377,38106.68693157177,38106.68693157177,0.0,597.2244651365226,450.74417764410293,3092.7171394063107,41199.40407097808,62610.12100033995,63207.345465476465,2091.8042016843574,2569.9618499999997,19745.427115123784,15816.949473687564,10529.16426684535,10725.660366359461,3
2025-05-08,M6,41032.57527869566,0.0,0.0,41032.57527869566,41032.57527869566,0.0,0.0,35.999250000000075,243.22893262500048,41275.80421132066,67588.86782343223,67588.86782343223,5992.956229885176,2167.8709833333323,18792.74626282761,15155.218802613883,10725.660366359461,10800.0,1
2025-05-09,M6,17278.10489325828,0.0,0.0,17278.10489325828,17278.10489325828,0.0,0.0,0.0,0.0,17278.10489325828,32690.944122636763,32690.944122636763,2682.3074703549155,17823.997531316818,19396.069847184368,15710.816576219346,10800.0,10800.0,0
2025-05-10,M6,17076.71083381319,0.0,0.0,17076.71083381319,17076.71083381319,0.0,0.0,0.0,0.0,17076.71083381319,32411.704604651917,32411.704604651917,2246.742628090531,14362.613960498373,19375.277540682535,15693.974807952858,10800.0,10800.0,0
2025-05-11,M6,39376.36117279656,1.9042545318370686e-14,314.53140276504206,39690.89257556159,39690.89257556159,0.0,272.98270960561706,41.18071666666674,277.36103945833383,39968.25361501993,65382.9157272485,65655.89843685413,3819.9073039275986,2865.036566666666,18568.716839964225,15040.660640371027,10800.0,10800.0,2
2025-05-12,M6,37986.52238459549,0.0,1654.444076390084,39640.96646098557,39640.96646098557,0.0,1934.137048003973,0.0,0.0,39640.96646098557,62999.001872792935,64933.138920796904,6588.834333379073,3310.6339666666663,16328.81782851496,13226.342441097122,10800.0,10800.0,0
2025-05-13,M6,38353.45155308761,0.0,83.72496295288843,38437.1765160405,38437.1765160405,0.0,78.13082410389416,0.0,0.0,38437.1765160405,63854.27306943556,63932.403893539464,4430.222621135155,2877.2823166666667,18398.348363531462,14902.662174460485,10800.0,10800.0,0
2025-05-14,M6,37634.336777285745,0.0,1290.5694247184565,38924.90620200419,38924.90620200419,0.0,1704.1244251950952,0.0,0.0,38924.90620200419,62168.298837580034,63872.423262775126,4666.669743116755,2787.7515580589097,17915.016727716484,14511.16354945035,10800.0,10800.0,0
2025-05-15,M6,38321.81132608229,0.0,1124.363811008999,39446.17513709128,39446.17513709128,0.0,1515.9237922800212,0.0,0.0,39446.17513709128,62210.278839552935,63726.202631832944,5226.2972105474555,2325.3720666666654,17944.6056383447,14535.130567059201,10800.0,10800.0,0
2025-05-16,M6,16537.431148298296,0.0,64.43100099420528,16601.862149292498,16601.862149292498,0.0,50.86116737540769,0.0,0.0,16601.862149292498,31179.59228078971,31230.453448165117,2287.0447991821134,22573.351959673906,19234.47450513563,15579.924349159857,10800.0,10800.0,0
2025-05-17,M6,16645.518208955848,0.0,69.80081315060943,16715.319022106458,16715.319022106458,0.0,52.72480923206245,0.0,0.0,16715.319022106458,31397.325100815357,31450.04991004742,1750.5646081123991,15457.381205355005,19964.763227614145,16171.458214367467,10800.0,10800.0,0
2025-05-18,M6,38375.602565675064,0.0,450.4974640849127,38826.10002975997,38826.10002975997,0.0,313.43521082376594,2.275731050968261,15.348668073255435,38841.44869783322,63259.18661826626,63572.62182909003,4569.611569247175,1913.8742499999998,17974.966531020167,14559.722890126337,10800.0,10800.0,1
2025-05-19,M6,37001.198574233924,0.0,83.64310983375447,37084.84168406768,37084.84168406768,0.0,63.305417482424616,67.00333333333344,451.9039816666674,37536.74566573435,61113.96736508331,61177.272782565735,5173.604902561905,5277.126766666667,17254.35735089737,13976.029454226871,10800.0,10800.0,1
2025-05-20,M6,36152.4964182949,0.0,858.9717357941996,37011.468154089096,37011.468154089096,0.0,1213.2990833770864,0.0,0.0,37011.468154089096,59548.619164074546,60761.91824745164,1883.1996332311246,828.091691563787,18543.32687363188,15020.094767641818,10800.0,10800.0,0
2025-05-21,M6,36186.0301982093,0.0,1536.6763813235518,37722.70657953284,37722.70657953284,0.0,1796.2602589985702,0.0,0.0,37722.70657953284,59257.52790243471,61053.78816143327,2752.2548461525207,3672.021969310327,17194.18980335319,13927.293740716088,10800.0,10800.0,0
2025-05-22,M6,35952.3557563999,0.0,177.70100353094563,36130.056759930834,36130.056759930834,0.0,124.81501591105052,2.57000000000005,17.333365000000338,36147.39012493083,58802.91810805137,58927.733123962425,2775.1742070104424,1936.8970648479158,17903.163344407378,14501.562308969975,10800.0,10800.0,1
2025-05-23,M6,15610.950129566856,0.0,338.8134487281064,15949.763578294966,15949.763578294966,0.0,245.35628189206562,0.0,0.0,15949.763578294966,29912.085140613635,30157.441422505697,2185.6130085100144,17660.01283132896,20478.245785965228,16587.379086631838,10800.0,10800.0,0
2025-05-24,M6,16069.84166814668,0.0,108.0195319061906,16177.861200052872,16177.861200052872,0.0,79.59927967471799,0.0,0.0,16177.861200052872,30541.178543950977,30620.777823625696,2438.9041080868633,20666.533570039326,19793.888221927264,16033.049459761081,10800.0,10800.0,0
2025-05-25,M6,36109.6360612018,0.0,310.5959700704428,36420.23203127225,36420.23203127225,0.0,208.80394692660704,0.0,0.0,36420.23203127225,59628.83669848595,59837.64064541256,4221.286090693942,3806.779541056695,17181.92015962418,13917.35532929559,10800.0,10800.0,0
2025-05-26,M6,35001.79441260655,0.0,2814.5886142839554,37816.38302689051,37816.38302689051,0.0,3830.5732532082675,0.0,0.0,37816.38302689051,57116.688910556884,60947.26216376515,2750.7370039138327,34.920779330747564,18851.428581687203,15269.657151166635,10800.0,10800.0,0
2025-05-27,M6,35780.64068882691,0.0,1834.5654920420277,37615.206180868954,37615.206180868954,0.0,2358.3553267389943,0.0,0.0,37615.206180868954,58442.00961204835,60800.364938787345,4837.916529907236,3267.6562999999996,17391.70952042167,14087.284711541553,10800.0,10800.0,0
2025-05-28,M6,36424.17451284757,1.0722106327798464e-13,553.1340165812663,36977.30852942883,36977.30852942883,0.0,407.3809499117474,0.0,0.0,36977.30852942883,60121.0757168804,60528.456666792146,2748.266815247967,2014.0859958443896,18380.41976684103,14888.140011141233,10800.0,10800.0,0
2025-05-29,M6,36041.74684475159,0.0,2392.7899230464564,38434.53676779805,38434.53676779805,0.0,2908.4715800299628,17.817433333333497,119.77769558333443,38554.31446338138,59603.42086400282,62511.892444032776,2243.7421620809537,2545.570549814509,19106.703502477158,15476.429837006504,10800.0,10800.0,1
2025-05-30,M6,15623.549583929153,0.0,321.26450466112215,15944.814088590274,15944.814088590274,0.0,178.60955422229253,0.0,0.0,15944.814088590274,30029.450259059828,30208.059813282125,1853.7895933548407,17932.143137252693,20136.283242146965,16310.389426139045,10800.0,10800.0,0
2025-05-31,M6,15989.09923111979,0.0,167.49660275859446,16156.595833878382,16156.595833878382,0.0,122.93235742434896,0.0,0.0,16156.595833878382,30514.775190085704,30637.70754751005,2591.4185654594417,15760.351036845448,20509.244185290325,16612.487790085164,10800.0,10800.0,0
2025-06-01,M6,39699.42743666482,0.0,9299.501500434033,48998.92893709886,48998.92893709886,0.0,7194.588700841928,1118.3569337680206,7113.172078023822,56112.10101512269,66529.55486579542,73724.14356663734,351.2526629109133,0.0,20314.310010963527,17047.888473469066,10800.0,10140.780706012647,14
2025-06-02,M6,43886.00122632148,0.0,5511.9570088667415,49397.95823518822,49397.95823518822,0.0,3130.6223098550217,661.4383530533587,4211.79676192557,53609.75499711379,72929.2944599262,76059.91676978121,3713.6089097265885,99.32638333333352,21974.617056584902,17707.004676810255,10140.780706012647,10243.486416038779,9
2025-06-03,M6,49377.169789833104,0.0,1440.1048063881788,50817.27459622129,50817.27459622129,0.0,1239.9796959257922,73.33708856294834,494.3930488573295,51311.66764507862,79683.77480623194,80923.75450215774,6884.535655177349,1661.2869499999995,20230.337204411557,15971.435052201548,10243.486416038779,10704.750953118575,3
2025-06-04,M6,52029.31156339694,3.2354208201468283e-13,461.81625684524084,52491.12782024218,52491.12782024218,0.0,315.3268205655929,61.68668810365352,419.7420466231781,52910.86986686536,83616.01728672178,83931.34410728737,10302.14792049826,511.2754833333331,18150.644382628885,14616.297807736115,10704.750953118575,10800.0,3
2025-06-05,M6,50592.76274194934,4.901608008367475e-13,479.4443299284088,51072.20707187776,51072.207071877754,7.275957614183426e-12,388.0536927454747,130.80530465162565,882.573825712957,51954.78089759072,81209.4466061315,81597.50029887698,5987.232759756437,712.9432999999999,20414.79751108161,16535.985983976112,10800.0,10800.0,4
2025-06-06,M6,20051.210483329407,0.0,2393.5689144288935,22444.779397758302,22444.779397758302,0.0,1285.6646090125523,468.76208326051176,3144.1485245158624,25588.927922274164,36495.62207558694,37781.28668459949,90.40830869950014,3806.9380017999383,19830.679372487335,16332.972315126774,10800.0,10499.864418431076,3
2025-06-07,M6,22072.646923505577,0.0,262.06398423995273,22334.710907745528,22334.710907745528,0.0,139.52189971780479,236.55805022978808,1650.2289584030016,23984.93986614853,40402.83563341526,40542.35753313307,445.8703680071708,5777.138350038253,17002.042087366826,13572.648388716052,10499.864418431076,10720.9818651545,1
2025-06-08,M6,59097.48894020878,0.0,1.3690510058950168e-12,59097.48894020878,59097.48894020878,0.0,1.0800249583553523e-12,0.0,0.0,59097.48894020878,92391.75821894238,92391.75821894238,22331.354191892016,2229.5379764219815,13551.718224214565,10905.775440252844,10720.9818651545,10800.0,0
2025-06-09,M6,55542.79419770508,5.021234983360046e-13,2.2090489437687214e-13,55542.79419770508,55542.79419770508,0.0,1.3358203432289883e-12,0.0,0.0,55542.79419770508,87765.36732693894,87765.36732693894,12280.795522442639,1049.4811333333332,18433.56809384024,14931.190156010602,10800.0,10800.0,0
2025-06-10,M6,52827.611070290695,4.328178704327001e-13,0.0,52827.611070290695,52827.611070290695,0.0,1.0089706847793423e-12,0.0,0.0,52827.611070290695,83928.80417945374,83928.80417945374,8263.320902784466,337.92801666666617,19521.63698246985,15812.525955800573,10800.0,10800.0,0
2025-06-11,M6,53301.04919764156,1.35299416115231e-13,192.17008264727085,53493.21928028884,53493.21928028884,0.0,190.88027759674958,0.0,0.0,53493.21928028884,84748.11867727838,84938.99895487513,4492.841891088362,0.0,22956.372353263734,18594.66160614363,10800.0,10800.0,0
2025-06-12,M6,53968.66529230479,0.0,3.6635974254295434e-12,53968.66529230479,53968.66529230479,0.0,2.9416469260468148e-12,0.0,0.0,53968.66529230479,85515.86552780817,85515.86552780817,8929.64785520385,358.2286666666665,19871.566171601673,16095.968598997351,10800.0,10800.0,0
2025-06-13,M6,21956.31054242362,0.0,0.0,21956.31054242362,21956.31054242362,0.0,0.0,0.0,0.0,21956.31054242362,38691.07667218374,38691.07667218374,2003.3300515456058,4531.200581675656,20059.117573486765,16247.88523452428,10800.0,10800.0,0
2025-06-14,M6,21890.912029515697,0.0,0.0,21890.912029515697,21890.912029515697,0.0,0.0,0.0,0.0,21890.912029515697,38938.57740075701,38938.57740075701,1087.2141152626532,8078.797639070259,18838.01524433735,15258.792347913259,10800.0,10800.0,0
2025-06-15,M6,52282.96818358958,0.0,1.6339796182762712e-13,52282.96818358958,52282.96818358958,0.0,1.3633538742396922e-13,0.0,0.0,52282.96818358958,83300.56848954043,83300.56848954043,8843.691709611841,0.0,20157.38129786981,16327.478851274554,10800.0,10800.0,0
2025-06-16,M6,52235.50079952957,9.817995305638761e-14,27.307621474213093,52262.80842100378,52262.80842100378,0.0,14.176790984748777,0.0,0.0,52262.80842100378,83495.38327139223,83509.56006237699,6691.417244907729,0.0,21705.736846329448,17581.646845526855,10800.0,10800.0,0
2025-06-17,M6,50667.86501741406,0.0,2314.7390323650843,52982.60404977912,52982.60404977912,0.0,2077.2539848362794,41.52149619026636,281.036457463476,53263.64050724259,81475.78656660614,83553.04055144243,4722.381554977183,0.0,22290.364610467637,18055.19533447879,10800.0,10800.0,2
2025-06-18,M6,52251.4373601939,0.0,1017.3661832438913,53268.803543437774,53268.803543437774,0.0,1078.8473087211419,13.079347514420078,88.16788159470575,53356.97142503248,83711.23624837259,84790.08355709373,10198.575870616845,55.22366666666653,19057.749828024476,15436.777360699829,10800.0,10800.0,1
2025-06-19,M6,50676.27681841991,0.0,1349.4659488200105,52025.742767239935,52025.742767239935,0.0,1096.127426754199,65.57031056043922,441.64814446528936,52467.390911705224,80946.38879090676,82042.51621766096,8976.441974869125,1128.3446166666663,19704.188087819002,15960.392351133389,10800.0,10800.0,2
2025-06-20,M6,21964.964585517177,0.0,122.64912540158636,22087.613710918755,22087.613710918755,0.0,90.02866297159437,0.0,0.0,22087.613710918755,37892.78910172619,37982.817764697786,3562.8763025000594,8307.835371305373,19534.343373117652,15822.818132225295,10800.0,10800.0,0
2025-06-21,M6,21867.38245461338,0.0,252.1898901132552,22119.572344726632,22119.572344726632,0.0,179.65904099521185,0.0,0.0,22119.572344726632,38050.960589082766,38230.619630077985,4440.68706897307,10618.235000808805,20194.51136997951,16357.5542096834,10800.0,10800.0,0
2025-06-22,M6,47181.10187457911,4.1839873787807843e-13,1937.4872590118207,49118.589133590925,49118.589133590925,0.0,1558.6906238665808,0.0,0.0,49118.589133590925,76442.34517402475,78001.03579789132,6213.133241115962,458.8342666666665,20377.511526887938,16505.78433677923,10800.0,10800.0,0
2025-06-23,M6,47441.176294311736,0.0,293.68522824946643,47734.86152256122,47734.86152256122,0.0,220.17044389061795,0.0,0.0,47734.86152256122,76299.12824256692,76519.29868645754,4959.644145857112,451.8766666666668,21297.325652282947,17250.83377834919,10800.0,10800.0,0
2025-06-24,M6,48599.44307090318,0.0,2874.5325710309594,51473.97564193412,51473.97564193412,0.0,2364.907040373948,1804.220178933264,8648.807533721272,60122.78317565539,78568.21565558205,80933.122695956,2075.0102431846117,0.0,23123.896745813978,18730.356364109313,10800.0,10800.0,8
2025-06-25,M6,49355.60930536672,0.0,1462.2255313846645,50817.83483675138,50817.83483675138,0.0,1318.8936518620676,0.357906274627112,2.418193744518082,50820.2530304959,79383.75064346206,80702.64429532413,6286.317323034273,67.59015,20587.754536304354,16676.08117440653,10800.0,10800.0,1
2025-06-26,M6,48517.306187117385,0.0,1049.0430523302248,49566.34923944763,49566.34923944763,0.0,1180.6875100922366,37.540316024025174,253.26780335741032,49819.61704280504,77787.7287080457,78968.41621813795,7313.811258213807,288.6968341563795,20295.076886623476,16439.01227816502,10800.0,10800.0,2
2025-06-27,M6,20509.964351404527,0.0,157.32213282247412,20667.28648422701,20667.28648422701,0.0,111.82345987892882,0.0,0.0,20667.28648422701,36205.33064059462,36317.15410047355,2956.129110059382,9721.957176529664,20354.85235377807,16487.430406560237,10800.0,10800.0,0
2025-06-28,M6,20409.53201553639,0.0,247.3507279642228,20656.882743500606,20656.882743500606,0.0,181.28114414320152,0.0,0.0,20656.882743500606,36433.328256934255,36614.609401077454,2745.494972878907,8253.638137425467,20202.89565319167,16364.345479085254,10800.0,10800.0,0
2025-06-29,M6,46327.1127838862,0.0,2175.7714469940224,48502.88423088026,48502.88423088026,0.0,2170.9356469481445,0.0,0.0,48502.88423088026,75311.18531116238,77482.12095811052,4151.647015981107,0.0,21382.660046295226,17319.95463749914,10800.0,10800.0,0
2025-06-30,M6,48641.94196466315,0.0,361.31876482897303,49003.26072949211,49003.26072949211,0.0,254.14826169157448,53.946855471780964,363.4059265595536,49366.66665605167,78342.03033287433,78596.17859456592,4695.393568193998,47.66660000000002,21207.26999215981,17177.888693649445,10800.0,10800.0,2
2025-07-01,M6,47760.60226702559,1.4351826393976807e-13,14434.810106421168,62195.41237344676,62195.41237344676,0.0,11472.180397765584,160.9487073272453,1048.6920961234753,63244.10446957023,76904.88113862895,88377.06153639453,5256.527238779346,670.9060462061611,20872.635494665374,17128.60256926243,10800.0,10553.591312685032,6
2025-07-02,M6,48757.724989202514,6.517491435431565e-13,10315.663999083188,59073.38898828569,59073.38898828569,0.0,8439.679496132405,114.46607603983682,771.4314836445129,59844.8204719302,78315.16578594383,86754.84528207625,8293.761065115572,1734.5631833333339,19549.752233773834,15613.53149077333,10553.591312685032,10800.0,3
2025-07-03,M6,54255.970957035366,0.0,5369.351775402771,59625.32273243812,59625.32273243812,0.0,4611.235303972717,0.0,0.0,59625.32273243812,85715.99173351319,90327.22703748592,5858.587080047047,827.8562333333334,20422.972583011586,16542.607792239385,10800.0,10800.0,0
2025-07-04,M6,25076.152265658806,5.49150058759551e-13,2626.7268546906253,27702.879120349437,27702.87912034943,7.275957614183426e-12,2007.7727358368143,0.0,0.0,27702.879120349437,42879.45560595642,44887.228341793234,1881.767151596898,10129.661128324033,21025.961027398087,17031.028432192452,10800.0,10800.0,0
2025-07-05,M6,26045.030721549665,0.0,632.7170514163461,26677.747772966006,26677.747772966006,0.0,446.00249243698136,0.0,0.0,26677.747772966006,44606.98537802632,45052.9878704633,1533.8164398705987,10761.385205411407,20882.664518498088,16914.958259983454,10800.0,10800.0,0
2025-07-06,M6,56777.107818591016,0.0,2427.1313864281046,59204.23920501912,59204.23920501912,0.0,2087.0064045510912,0.0,0.0,59204.23920501912,89085.84326315016,91172.84966770126,7201.418285919299,253.0056012235566,20654.96963451791,16730.52540395951,10800.0,10800.0,0
2025-07-07,M6,59791.50793196314,5.142737791175023e-13,87.56172052213518,59879.06965248527,59879.06965248527,0.0,62.17197409849017,0.0,0.0,59879.06965248527,93003.79319594555,93065.96517004403,14787.076176813607,1736.5117633310647,16488.91822754051,13356.023764307814,10800.0,10800.0,0
2025-07-08,M6,64414.50482264389,2.391971065662801e-12,0.0,64414.50482264389,64414.50482264389,0.0,5.6843418860808015e-12,0.0,0.0,64414.50482264389,99961.5125496388,99961.5125496388,18439.14482863827,2603.5373333333337,17618.123005265923,14270.67963426539,10800.0,10800.0,0
2025-07-09,M6,60931.87574347367,0.0,4.126150088268332e-12,60931.87574347367,60931.87574347367,0.0,3.268496584496461e-12,0.0,0.0,60931.87574347367,94993.81698766413,94993.81698766415,16233.156486452144,1468.273,17019.276234449087,13785.613749903761,10800.0,10800.0,0
2025-07-10,M6,56579.10122778545,0.0,0.0,56579.10122778545,56579.10122778545,0.0,0.0,0.0,0.0,56579.10122778545,88747.50333482533,88747.50333482533,10918.329890871028,1312.9124999999997,19277.039792741998,15614.40223212102,10800.0,10800.0,0
2025-07-11,M6,27952.39388922651,0.0,0.0,27952.39388922651,27952.39388922651,0.0,0.0,0.0,0.0,27952.39388922651,46801.04352672667,46801.04352672667,3725.580877500087,6694.784846803477,20325.792907490086,16463.892255066974,10800.0,10800.0,0
2025-07-12,M6,26816.739763342903,1.83050019586517e-14,440.34434653703613,27257.084109879946,27257.084109879946,0.0,334.92342244053043,0.0,0.0,27257.084109879946,45522.07924175431,45857.002664194835,1985.7517325579033,8935.808034226513,20269.47138987941,16418.271825802323,10800.0,10800.0,0
2025-07-13,M6,53170.364874782856,0.0,449.60299580646785,53619.96787058931,53619.96787058931,0.0,310.342881833716,23.192291849282583,156.03923352669065,53776.007104116,84281.22244578756,84591.56532762127,8460.631500119558,3214.136379275612,19327.733368817848,15655.464028742455,10800.0,10800.0,2
2025-07-14,M6,49838.40983767008,0.0,1636.6699332860169,51475.07977095609,51475.07977095609,0.0,1081.5875428900713,17.691012568482506,119.26705364807519,51594.34682460416,79719.62820055298,80801.21574344306,4464.88108131116,861.3060955188889,19394.949276393872,15709.908913879042,10800.0,10800.0,2
2025-07-15,M6,55059.66117129394,0.0,0.0,55059.66117129394,55059.66117129394,0.0,0.0,0.0,0.0,55059.66117129394,87341.80103957676,87341.80103957676,10776.38964922712,312.29735242893776,18442.439234670368,14938.375780082995,10800.0,10800.0,0
2025-07-16,M6,53247.467128777505,0.0,0.0,53247.467128777505,53247.467128777505,0.0,0.0,0.0,0.0,53247.467128777505,84254.99001661535,84254.99001661535,7300.151299559564,1218.3980999999999,18957.24859853923,15355.371364816778,10800.0,10800.0,0
2025-07-17,M6,51816.81325508901,0.0,511.1939135376807,52328.00716862668,52328.00716862668,0.0,457.6043652509427,4.394145573188098,29.689044565245382,52357.69621319193,81952.49309571486,82410.0974609658,4718.590440662694,935.7599015752517,21261.71156649676,17221.98636886238,10800.0,10800.0,1
2025-07-18,M6,27402.302090272253,0.0,1.6474501762786531e-12,27402.302090272253,27402.302090272253,0.0,8.526512829121202e-13,0.0,0.0,27402.302090272253,46018.04980296189,46018.04980296189,3458.9274145785357,7574.0085598633705,19530.872255368384,15820.006526848394,10800.0,10800.0,0
2025-07-19,M6,27318.58893905947,1.098300117519102e-12,68.86069242402773,27387.449631483498,27387.44963148349,7.275957614183426e-12,51.41313724160551,0.0,0.0,27387.449631483498,45943.884929115535,45995.298066357136,2982.947698510333,12041.044889027764,19939.40225694234,16150.9158281233,10800.0,10800.0,0
2025-07-20,M6,52973.213628249614,0.0,165.61921625563522,53138.83284450527,53138.83284450527,0.0,125.59998142478128,0.0,0.0,53138.83284450527,84393.69736034007,84519.29734176485,7436.2002022141705,1327.7415582700758,19291.459813757618,15626.082449143674,10800.0,10800.0,0
2025-07-21,M6,53155.37439182402,0.0,207.6741859837944,53363.048577807815,53363.048577807815,0.0,116.6778509245272,0.07549370618653484,0.526644094357267,53363.575221902174,84672.09400518716,84788.77185611168,6255.92791314253,701.6560666666669,20218.494842150896,16376.980822142228,10800.0,10800.0,1
2025-07-22,M6,52595.11809357231,0.0,4197.926239973548,56793.04433354585,56793.04433354585,0.0,4311.379005864787,19.995660725854805,134.79074895298726,56927.83508249884,83437.6825574553,87749.0615633201,9773.32674670474,446.5615333333333,19758.022775480076,16003.99844813886,10800.0,10800.0,1
2025-07-23,M6,54456.691190443635,0.0,302.96510663053084,54759.65629707419,54759.65629707419,0.0,211.5261723100648,14.308789097386239,96.63353654032218,54856.28983361451,86402.93637945445,86614.4625517645,7077.165497875205,1402.3384333333338,20698.527857824745,16765.807564838044,10800.0,10800.0,3
2025-07-24,M6,53705.41158681074,1.4144049487185839e-12,902.9505508202661,54608.362137631026,54608.362137631026,0.0,636.6354206905612,0.0,0.0,54608.362137631026,85313.9351263543,85950.57054704486,8176.422549997701,475.7405085416276,19378.607834239745,15696.672345734203,10800.0,10800.0,0
2025-07-25,M6,26402.12736496111,0.0,296.08793587271344,26698.215300833832,26698.215300833832,0.0,216.2723562191784,0.0,0.0,26698.215300833832,44734.32056443559,44950.592920654766,3219.561052003138,11368.960875111832,20298.69172038492,16441.940293511783,10800.0,10800.0,0
2025-07-26,M6,26418.182946533758,3.935575421110116e-13,227.87898631336208,26646.061932847115,26646.061932847115,0.0,167.67152957332314,0.0,0.0,26646.061932847115,44736.94808286072,44904.61961243404,2969.3336657567024,9536.756047185176,20681.254383292115,16751.816050466616,10800.0,10800.0,0
2025-07-27,M6,51715.044660050655,0.0,1053.5412913887203,52768.58595143939,52768.58595143939,0.0,816.5223366751158,385.38146669307594,1931.5027718923204,54700.08872333171,82432.26011557682,83248.78245225194,5145.74981679096,654.0590333333334,21837.71194116168,17688.546672340963,10800.0,10800.0,3
2025-07-28,M6,53687.1833080254,0.0,634.7437212211138,54321.92702924652,54321.92702924652,0.0,524.3220563281462,0.0,0.0,54321.92702924652,85370.16911293515,85894.4911692633,3821.477198970861,0.0,21674.403878732166,17556.267141773056,10800.0,10800.0,0
2025-07-29,M6,54368.67683400729,0.0,1532.546526598499,55901.22336060576,55901.22336060576,0.0,1554.6938203886432,39.28312795147417,267.5008199311571,56168.72418053692,86101.2331412718,87655.92696166044,7288.427802418932,608.09035,19628.663090489455,15899.217103296456,10800.0,10800.0,2
2025-07-30,M6,52803.21535070836,0.0,2211.2268064375066,55014.44215714582,55014.44215714582,0.0,2066.280203737676,0.0,0.0,55014.44215714582,83577.79220493775,85644.07240867542,6140.342206583908,1631.287883333333,19837.832993464126,16068.64472470594,10800.0,10800.0,0
2025-07-31,M6,52627.08781623761,0.0,726.4964648058933,53353.584281043484,53353.584281043484,0.0,729.8930916536319,0.7862515987562801,5.285576372639094,53358.869857416124,83688.1029240333,84417.99601568695,5308.903531038895,357.264136976341,21355.885961072596,17298.2676284688,10800.0,10800.0,1
2025-08-01,M6,25713.177117598276,0.0,1050.0164724464012,26763.193590044677,26763.193590044677,0.0,783.2500771821358,0.0,0.0,26763.193590044677,43735.97877840328,44519.22885558542,3243.856604179991,16204.381977834513,20103.318983706587,16283.688376802336,10800.0,10800.0,0
2025-08-02,M6,25755.860386951634,5.262688063112365e-13,0.0,25755.860386951634,25755.860386951634,0.0,8.171241461241152e-13,0.0,0.0,25755.860386951634,43806.795171137055,43806.795171137055,2778.0115138171486,16272.411387202827,20154.459667282863,16325.11233049912,10800.0,10800.0,0
2025-08-03,M6,47741.112554024745,0.0,262.09563707632634,48003.20819110106,48003.20819110106,0.0,199.17920864286913,114.60763531221198,772.396195654847,48775.604386755906,75269.53045060343,75468.7096592463,5375.2119827517,3891.160149999999,18302.448307755178,14824.9831292817,10800.0,10800.0,5
2025-08-04,M6,47345.69022909063,0.0,453.436997978326,47799.12722706894,47799.12722706894,0.0,460.359378651772,5.153002939567955,34.69516879211104,47833.82239586105,74554.55843374046,75014.91781239222,3950.3069713995023,2138.62885,18502.525845257675,14987.045934658716,10800.0,10800.0,1
2025-08-05,M6,47123.54600479305,0.0,309.08342663826363,47432.62943143131,47432.62943143131,0.0,455.8455628444255,0.0,0.0,47432.62943143131,74043.38405577769,74499.2296186221,4296.249573647657,1433.6761109229362,19036.811582727263,15419.81738200908,10800.0,10800.0,0
2025-08-06,M6,48172.31082670552,0.0,74.38629228574047,48246.69711899126,48246.69711899126,0.0,37.00810561479625,0.0,0.0,48246.69711899126,75951.27726437058,75988.28536998539,2864.713282149263,1372.6875463893996,19139.39618305295,15502.9109082729,10800.0,10800.0,0
2025-08-07,M6,49091.697719086886,0.0,778.9442632893822,49870.641982376255,49870.641982376255,0.0,591.9493956045862,14.008810577880467,94.65052866944937,49965.29251104571,78120.02892632094,78711.97832192553,7517.053873912868,4217.219486419751,18966.992221951536,15363.26369978074,10800.0,10800.0,1
2025-08-08,M6,24630.055194142224,0.0,0.0,24630.055194142224,24630.055194142224,0.0,0.0,0.0,0.0,24630.055194142224,42363.4298533321,42363.4298533321,1969.5876074272942,20695.015830400742,20650.8166605477,16727.16149504364,10800.0,10800.0,0
2025-08-09,M6,24315.790050364547,0.0,26.47407637745718,24342.264126742008,24342.264126742008,0.0,21.81059550931269,0.0,0.0,24342.264126742008,41880.06792921366,41901.87852472297,1314.2625115721398,17764.30644278288,20533.581949305037,16632.20137893708,10800.0,10800.0,0
2025-08-10,M6,46662.4748724314,0.0,78.09755817004289,46740.57243060142,46740.57243060142,0.0,56.699168754462676,9.840067277403136,68.15370446177343,46808.726135063196,73562.66716353706,73619.36633229151,3422.708155420693,1366.6963999999998,18606.225232359073,15071.04243821085,10800.0,10800.0,2
2025-08-11,M6,46758.25325713074,0.0,601.0825504969276,47359.33580762767,47359.33580762767,0.0,491.7917911505488,113.89268791506709,767.7544196617799,48127.09022728945,74046.11004465015,74537.9018358007,3538.3967292165494,2837.2615136391414,19552.01551329872,15837.132565771964,10800.0,10800.0,6
2025-08-12,M6,47467.20883536583,0.0,1004.8487382025813,48472.05757356842,48472.05757356842,0.0,812.5298786902539,66.31990207584215,446.58034972295013,48918.63792329137,75562.85353973415,76375.3834184244,3319.317431009742,1816.9881946574496,18657.12655175295,15112.272506919893,10800.0,10800.0,5
2025-08-13,M6,47323.540337523635,0.0,1137.5333386925145,48461.073676216154,48461.073676216154,0.0,1266.1662495072305,66.66854889708941,451.3987816924946,48912.47245790865,74709.36429516629,75975.53054467353,4946.526761210465,1484.7701966477337,18368.01413532848,14878.09144961607,10800.0,10800.0,3
2025-08-14,M6,46893.256193345,0.0,1403.8906643422413,48297.146857687236,48297.146857687236,0.0,1850.726317547391,78.89967216005346,540.9123322612687,48838.05918994851,73871.55863612238,75722.28495366979,3835.645402630796,2154.5811927002514,20445.616037712978,16560.948990547517,10800.0,10800.0,4
2025-08-15,M6,24740.410897517177,0.0,329.56540447320367,25069.976301990377,25069.976301990377,0.0,238.80011305939297,0.0,0.0,25069.976301990377,42412.049136136404,42650.849249195795,2017.8208664201293,19555.7591387957,20618.644003403344,16701.101642756712,10800.0,10800.0,0
2025-08-16,M6,24676.660510824164,0.0,526.4657360820914,25203.12624690625,25203.12624690625,0.0,380.9887719755605,0.0,0.0,25203.12624690625,42322.94283712772,42703.931609103274,2144.038902435264,19683.656497610507,20773.451802057036,16826.4959596662,10800.0,10800.0,0
2025-08-17,M6,47653.35962221361,0.0,18.866879460714593,47672.22650167432,47672.22650167432,0.0,15.16796376635375,44.566425514984644,299.96728627514875,47972.193787949465,75124.73111355238,75139.89907731874,5065.532870211894,3387.984749999999,18766.075083974552,15200.520818019384,10800.0,10800.0,3
2025-08-18,M6,47153.477291862655,0.0,782.1702642823666,47935.64755614503,47935.64755614503,0.0,888.4581699785127,108.13096225484617,734.0414906744916,48669.68904681952,74135.790618809,75024.24878878752,4932.092298765818,2098.740945107711,19512.794160537756,15805.363270035587,10800.0,10800.0,5
2025-08-19,M6,47633.84585704669,0.0,292.579503778897,47926.42536082559,47926.42536082559,0.0,236.83798629267727,105.46771090985521,711.444908467447,48637.87026929304,74857.87587095833,75094.713857251,4569.942705965752,2853.5996522633727,18205.153473324972,14746.174313393225,10800.0,10800.0,3
2025-08-20,M6,48491.86743692016,0.0,116.37581588464491,48608.24325280481,48608.24325280481,0.0,69.47140808207519,527.1255452599769,2771.822053887321,51380.06530669213,77031.1109626319,77100.58237071396,2846.7443168781183,0.0,21738.27648646931,17608.00395404014,10800.0,10800.0,8
2025-08-21,M6,49310.44958411651,0.0,647.888123876884,49958.33770799339,49958.33770799339,0.0,476.12301293659334,0.0,0.0,49958.33770799339,78359.64292801148,78835.76594094808,7052.360494331145,2462.889933333333,18295.247526054074,14819.150496103799,10800.0,10800.0,0
2025-08-22,M6,24636.540740375047,0.0,853.6012454739994,25490.14198584904,25490.14198584904,0.0,635.6989907617246,0.0,0.0,25490.14198584904,42403.84138766026,43039.54037842198,1371.9593543343035,16483.96186407314,20805.52505270812,16852.475292693576,10800.0,10800.0,0
2025-08-23,M6,24956.272461170007,0.0,429.54242906892426,25385.81489023893,25385.81489023893,0.0,315.17313768797715,0.0,0.0,25385.81489023893,42796.80512305516,43111.97826074313,1983.600715568276,14731.35264712113,20352.73025291437,16485.71150486064,10800.0,10800.0,0
2025-08-24,M6,48445.01771446467,0.0,541.6683453274569,48986.68605979214,48986.68605979214,0.0,435.40814919606674,0.0,0.0,48986.68605979214,76045.28641186902,76480.69456106509,5551.7472770356235,3547.7380277777793,19197.998804833456,15550.379031915098,10800.0,10800.0,0
2025-08-25,M6,52394.75499327939,0.0,0.0,52394.75499327939,52394.75499327939,0.0,0.0,0.0,0.0,52394.75499327939,83482.23225241757,83482.23225241757,7662.8926886825375,1260.894533076628,19922.936915746075,16137.578901754327,10800.0,10800.0,0
2025-08-26,M6,49845.902371640026,0.0,0.0,49845.902371640026,49845.902371640026,0.0,0.0,0.0,0.0,49845.902371640026,78212.78004196471,78212.78004196471,6873.856880436107,2133.3512833333343,19351.334183483876,15674.580688621942,10800.0,10800.0,0
2025-08-27,M6,49896.27029302596,0.0,2185.4819710621127,52081.752264088085,52081.752264088085,0.0,2727.4114539864017,0.0,0.0,52081.752264088085,78410.25402263776,81137.66547662416,6786.5354602850575,2543.103208751703,20494.0944258986,16600.216484977867,10800.0,10800.0,0
2025-08-28,M6,49697.96538500699,0.0,1931.9432428942382,51629.90862790118,51629.90862790118,0.0,2101.680286758095,59.0213676955176,397.8011448150827,52027.70977271626,78235.28746790253,80336.96775466063,5554.684153907733,146.78057328812247,20666.99690435239,16740.26749252544,10800.0,10800.0,3
2025-08-29,M6,26299.231388736403,0.0,0.0,26299.231388736403,26299.231388736403,0.0,0.0,0.0,0.0,26299.231388736403,44537.78464319087,44537.78464319087,2839.946375407114,15277.489468269723,20342.78131323174,16477.652863717703,10800.0,10800.0,0
2025-08-30,M6,25886.26779521438,0.0,301.9485083390997,26188.21630355348,26188.21630355348,0.0,221.3604769140944,0.0,0.0,26188.21630355348,44034.83808966533,44256.19856657943,1794.6401863047206,20260.868565535686,19410.36832318785,15722.398341782162,10800.0,10800.0,0
2025-08-31,M6,48632.75424269784,0.0,426.55542093261056,49059.30966363045,49059.30966363045,0.0,616.4727103611634,18.384120888254415,124.79323884200272,49184.10290247245,76052.2670931487,76668.73980350984,4825.53943527696,1457.3733637043183,19776.77916886047,16019.19112677698,10800.0,10800.0,2
2025-09-01,M6,50366.84164857089,0.0,0.0,50366.84164857089,50366.84164857089,0.0,0.0,0.0,0.0,50366.84164857089,79924.45128091848,79924.45128091848,18229.739230876607,5125.141433333334,15765.453070395859,12770.016987020652,10800.0,10800.0,0
2025-09-02,M6,42933.360271012425,0.0,118.45086188004316,43051.81113289247,43051.81113289247,0.0,114.29564340757986,0.0,0.0,43051.81113289247,67971.32492571606,68085.62056912364,9013.417184962827,1298.9072760469155,19555.475042704715,15839.93478459082,10800.0,10800.0,0
2025-09-03,M6,42188.97161379145,0.0,971.467896218412,43160.43951000986,43160.43951000986,0.0,761.4606087232268,0.0,0.0,43160.43951000986,67106.84634459154,67868.30695331476,6403.407435991431,2604.414416666666,17435.620266614063,14122.85241595739,10800.0,10800.0,0
2025-09-04,M6,41089.46046784812,0.0,920.3253720471178,42009.78583989523,42009.78583989523,0.0,678.97205529063,0.0,0.0,42009.78583989523,64983.44108734676,65662.41314263738,5726.477988686765,2333.5945670947103,19351.447562399546,15674.672525543636,10800.0,10800.0,0
2025-09-05,M6,21949.07007319966,0.0,1.9253718619438585e-12,21949.07007319966,21949.07007319966,0.0,1.0231815394945443e-12,0.0,0.0,21949.07007319966,38319.05828824881,38319.05828824881,5898.360568475006,21990.67151961658,18977.7080710029,15371.943537512345,10800.0,10800.0,0
2025-09-06,M6,21508.823531304173,5.704805516870692e-13,157.98514565717159,21666.808676961344,21666.80867696134,3.637978807091713e-12,115.14462825746773,0.0,0.0,21666.808676961344,37772.55310165696,37887.69772991442,5926.999886579795,20539.784431943543,19472.787954689942,15772.958243298854,10800.0,10800.0,0
2025-09-07,M6,37433.641308625745,0.0,4795.643242031695,42229.28455065746,42229.28455065746,0.0,5221.537428351342,512.1686079563016,2691.9192053089573,44921.20375596642,59041.841922028456,64263.3793503798,5270.854069887302,631.1474726840661,20592.4357847267,16679.872985628626,10800.0,10800.0,5
2025-09-08,M6,33403.983384555795,0.0,10151.204991395352,43555.18837595114,43555.18837595114,0.0,8888.689229682883,191.7098143831868,891.0994905585267,44446.287866509665,54644.45106791821,63533.140297601094,336.8140460391624,137.40382933698584,20870.673867561236,17015.611164286434,10800.0,10677.371853820185,7
2025-09-09,M6,35874.9118034687,0.0,4710.398971892139,40585.31077536083,40585.31077536083,0.0,4911.972760513152,60.90759712479671,408.79318573371734,40994.103961094545,57859.33134285549,62771.304103368646,2151.8397181374094,3473.494210082409,21019.358810763795,16915.31530515684,10677.371853820185,10800.0,3
2025-09-10,M6,39153.73244858575,1.1425527191022412e-13,4181.965990448523,43335.698439034284,43335.698439034284,0.0,3946.3486439152766,305.13194114989994,1506.5538705073504,44842.25230954163,63610.813407145244,67557.16205106053,2367.524520029012,0.0,21993.53064306007,17814.75982087866,10800.0,10800.0,4
2025-09-11,M6,41312.55040712942,0.0,871.0542357778115,42183.60464290723,42183.60464290723,0.0,610.1276316288115,0.0,0.0,42183.60464290723,67143.26298729837,67753.39061892718,5750.253739226663,4680.02805,20142.226559827308,16315.203513460121,10800.0,10800.0,0
2025-09-12,M6,20413.234334054916,2.847173163900152e-13,0.0,20413.234334054916,20413.234334054916,0.0,4.547473508864641e-13,0.0,0.0,20413.234334054916,36776.830406087916,36776.830406087916,3405.886531080916,18078.386518788295,19688.95345378264,15948.052297563938,10800.0,10800.0,0
2025-09-13,M6,21248.942533186007,0.0,1.0676899364625568e-12,21248.94253318601,21248.94253318601,0.0,5.684341886080801e-13,0.0,0.0,21248.94253318601,38104.890536040424,38104.890536040424,4282.139939813562,22209.703086650516,18978.66329601584,15372.717269772831,10800.0,10800.0,0
2025-09-14,M6,42455.47271646418,0.0,497.633653357075,42953.10636982127,42953.10636982127,0.0,321.0629025807337,0.0,0.0,42953.10636982127,68441.38684980624,68762.44975238698,3485.3314024450683,1445.8320613842423,19641.90283451407,15909.941295956396,10800.0,10800.0,0
2025-09-15,M6,38994.395035517126,0.0,1480.031121181446,40474.42615669857,40474.42615669857,0.0,1131.7544305322867,127.42730872646473,872.4663736360092,41346.89253033458,63345.34203612708,64477.09646665936,2763.8543744551243,2728.17013927015,21291.940149090606,17246.47152076339,10800.0,10800.0,3
2025-09-16,M6,43794.08913568337,0.0,923.8660933414051,44717.95522902476,44717.95522902476,0.0,759.6651085923313,3.7484662523789893,25.199064381617756,44743.15429340638,70682.37839846473,71442.04350705707,4967.200601774595,3304.511738944798,19380.577101351206,15698.267452094471,10800.0,10800.0,1
2025-09-17,M6,43584.43209227516,1.1425527191022412e-13,333.55786202624665,43917.9899543014,43917.9899543014,0.0,268.3287319469299,0.0,0.0,43917.9899543014,69975.18075765332,70243.50948960024,4286.671370436961,2238.0567000000005,19782.436942964698,16023.773923801406,10800.0,10800.0,0
2025-09-18,M6,42346.50170326943,0.0,3525.9701797813377,45872.47188305078,45872.47188305078,0.0,4163.113649126807,0.0,0.0,45872.47188305078,67666.38710467212,71829.50075379893,6167.28351443932,2999.486233333333,19508.84152294528,15802.161633585674,10800.0,10800.0,0
2025-09-19,M6,19527.681862723664,0.0,436.31756550999967,19963.999428233667,19963.999428233667,0.0,323.95065375514054,0.0,0.0,19963.999428233667,35637.397053904024,35961.347707659166,1862.0230320505257,14230.893294867119,19826.731916183424,16059.652852108575,10800.0,10800.0,0
2025-09-20,M6,19515.959360104236,0.0,251.6101119853078,19767.569472089544,19767.569472089544,0.0,184.20287991373732,0.0,0.0,19767.569472089544,35703.27174670457,35887.47462661831,1761.4617791193873,14613.02108937091,20355.568551550972,16488.01052675629,10800.0,10800.0,0
2025-09-21,M6,45391.490175730745,0.0,760.6770648373247,46152.16724056807,46152.16724056807,0.0,990.9194492410345,0.0,0.0,46152.16724056807,72779.52224166447,73770.44169090551,8058.117844677922,4053.1609484609594,17745.660075964763,14373.984661531458,10800.0,10800.0,0
2025-09-22,M6,45370.64056664799,0.0,188.4758016765802,45559.11636832455,45559.11636832455,0.0,133.38539259121364,19.555900000000065,131.78740035000044,45690.90376867455,72923.47745166432,73056.86284425553,5714.622227457952,3074.9459830051323,19330.687633995352,15657.856983536232,10800.0,10800.0,2
2025-09-23,M6,46405.419928386735,6.149548426037655e-13,0.0,46405.419928386735,46405.419928386735,0.0,9.094947017729282e-13,0.5500758441280595,3.709986530721698,46409.12991491746,74182.01788892069,74182.01788892069,5794.0424169923535,2552.603983333334,19575.294637398983,15855.988656293182,10800.0,10800.0,1
2025-09-24,M6,44249.4931284804,0.0,1055.7637522401083,45305.256880720495,45305.256880720495,0.0,1293.608954880812,0.0,0.0,45305.256880720495,70486.19704456595,71779.80599944678,4392.879062908766,2566.8683499999997,19772.807823884268,16015.974337346255,10800.0,10800.0,0
2025-09-25,M6,45550.204693042804,2.304375357198296e-13,1252.6702753489774,46802.87496839176,46802.87496839176,0.0,1489.626870405098,15.37166666666667,103.49743166666669,46906.37240005843,72474.43122457311,73964.05809497822,6735.8576653309065,3368.4021,18630.11103323154,15090.389936917556,10800.0,10800.0,1
2025-09-26,M6,20379.4084890131,0.0,0.0,20379.4084890131,20379.4084890131,0.0,0.0,0.0,0.0,20379.4084890131,37016.972864237,37016.972864237,2914.3529312644096,12735.61296490302,19330.33404247149,15657.570574401914,10800.0,10800.0,0
2025-09-27,M6,20102.00246457021,0.0,425.2142152917437,20527.21667986195,20527.21667986195,0.0,325.7876122127053,0.0,0.0,20527.21667986195,36577.94650936222,36903.734121574926,1352.3356962231362,13856.343058639668,20493.43745637959,16599.684339667467,10800.0,10800.0,0
2025-09-28,M6,45970.48597453994,0.0,2960.86176336702,48931.34773790698,48931.34773790698,0.0,3468.1296394181286,5.868333333333339,39.56136916666671,48970.90910707365,73403.17696451925,76871.30660393737,8273.810435257028,1349.956912624513,19819.886435381624,16054.108012659119,10800.0,10800.0,1
2025-09-29,M6,47146.112180229575,0.0,52.56338258583506,47198.675562815435,47198.675562815435,0.0,40.57387388193172,5.620383333333393,39.20779413333375,47237.88335694877,75175.6930896733,75216.26696355522,6422.472278775549,2329.6406999999995,19525.698779542145,15815.81601142914,10800.0,10800.0,1
2025-09-30,M6,47764.337064046136,0.0,501.4190278482508,48265.756091894385,48265.756091894385,0.0,527.2202847771541,26.731000334496457,180.6080037600253,48446.36409565441,75674.59761231652,76201.81789709367,5573.210835101035,1352.3313166666665,20425.431468388393,16544.599489394594,10800.0,10800.0,1
2025-10-01,M6,46680.63162077532,1.5373871065094136e-13,0.0,46680.63162077532,46680.63162077532,0.0,2.2737367544323206e-13,0.0,0.0,46680.63162077532,74795.45433954762,74795.45433954762,14504.506016024794,7438.287595564475,16795.469445394898,13604.330250769865,10800.0,10800.0,0
2025-10-02,M6,44414.29564981828,0.0,319.20826578704106,44733.503915605324,44733.503915605324,0.0,221.6205297725504,0.0,0.0,44733.503915605324,70969.07536666212,71190.69589643467,10251.075673179388,5814.325132434471,17865.852495548177,14471.340521394028,10800.0,10800.0,0
2025-10-03,M6,18610.869435713023,0.0,319.4243673036023,18930.293803016615,18930.293803016615,0.0,236.86964388757946,0.0,0.0,18930.293803016615,34510.01327951056,34746.88292339814,4230.6249847481995,19109.96436294474,18890.209872132633,15301.069996427432,10800.0,10800.0,0
2025-10-04,M6,19142.772943624994,0.0,401.4832059624826,19544.256149587472,19544.256149587472,0.0,295.41571613895877,0.0,0.0,19544.256149587472,35248.612061741216,35544.027777880176,4053.733641700801,14720.540129807718,19335.639858096445,15661.868285058124,10800.0,10800.0,0
2025-10-05,M6,42361.405924816456,0.0,895.3664131782928,43256.77233799474,43256.77233799474,0.0,653.8184689574479,0.0,0.0,43256.77233799474,68530.76071750923,69184.57918646668,6846.910803131212,4106.9196156056005,18393.61947928003,14898.831778216834,10800.0,10800.0,0
2025-10-06,M6,39949.85443938452,1.0949463558063144e-13,2082.3322837566016,42032.186723141116,42032.186723141116,0.0,2312.6114766152937,0.0,0.0,42032.186723141116,64204.8016471516,66517.41312376689,3428.623444563133,1599.065420744265,19771.657939260505,16015.042930801008,10800.0,10800.0,0
2025-10-07,M6,40814.90948763589,0.0,2111.7711897556733,42926.680677391574,42926.680677391574,0.0,1812.251531687508,0.0,0.0,42926.680677391574,65887.2673849386,67699.51891662611,4135.970527916802,2029.5068840735394,19802.518445451482,16040.0399408157,10800.0,10800.0,0
2025-10-08,M6,37737.25569113509,0.0,1577.315474753396,39314.57116588847,39314.57116588847,0.0,1276.0476111097619,0.0,0.0,39314.57116588847,62379.764436165664,63655.812047275416,1575.9494011676834,1610.0735045833449,21006.807762409124,17015.514287551392,10800.0,10800.0,0
2025-10-09,M6,40031.62387402354,0.0,656.1780986595322,40687.80197268307,40687.80197268307,0.0,464.01015979845056,0.0,0.0,40687.80197268307,65965.11203102524,66429.12219082369,2925.0581802221604,3865.850150250434,20411.748300093557,16533.51612307578,10800.0,10800.0,0
2025-10-10,M6,17255.243004899916,0.0,711.0089726905218,17966.251977590433,17966.251977590433,0.0,530.843621599893,0.0,0.0,17966.251977590433,33230.059493142195,33760.90311474209,1489.9768509446299,19128.258433791678,19995.03638599535,16195.979472656232,10800.0,10800.0,0
2025-10-11,M6,18117.25787857082,0.0,193.3657969289179,18310.623675499744,18310.623675499744,0.0,149.01235881126274,0.0,0.0,18310.623675499744,34622.788156396404,34771.800515207666,2137.3083003560137,14772.95978003874,19764.309744629412,16009.09089314983,10800.0,10800.0,0
2025-10-12,M6,41502.6268535072,0.0,85.36800655702608,41587.994860064246,41587.994860064246,0.0,99.03832180894932,1.0009420526530448,4.688412574626862,41592.683272638875,67723.71524045606,67822.75356226502,3511.430739692343,2010.3401939890175,19931.72414369986,16144.696556396886,10800.0,10800.0,1
2025-10-13,M6,43284.7895573408,0.0,28.515062093400534,43313.3046194342,43313.3046194342,0.0,25.550115855773356,0.0,0.0,43313.3046194342,70310.82472726995,70336.37484312573,6560.62204779166,3002.2362886882056,19716.42740339927,15970.306196753412,10800.0,10800.0,0
2025-10-14,M6,43720.724825681355,2.1966002350382042e-13,0.0,43720.724825681355,43720.724825681355,0.0,3.410605131648481e-13,0.0,0.0,43720.724825681355,70986.34543575626,70986.34543575626,4339.310939414757,1986.626890010877,20455.675384196333,16569.097061199027,10800.0,10800.0,0
2025-10-15,M6,43906.31778500375,0.0,1.592535170402698e-12,43906.31778500375,43906.31778500375,0.0,8.242295734817162e-13,0.0,0.0,43906.31778500375,71676.6212465722,71676.6212465722,4544.06340576609,1370.5764166666665,20220.83039020762,16378.872616068169,10800.0,10800.0,0
2025-10-16,M6,43978.78588467689,0.0,764.0241403152934,44742.81002499217,44742.81002499217,0.0,576.7724800361484,0.0,0.0,44742.81002499217,71518.42707626469,72095.19955630082,3420.066891580931,1671.293494106288,21249.2958979664,17211.92967735279,10800.0,10800.0,0
2025-10-17,M6,18570.60791769027,0.0,60.242566097451615,18630.850483787723,18630.850483787723,0.0,50.72565220986016,0.0,0.0,18630.850483787723,35383.219018830256,35433.94467104012,2227.2866043225886,13526.885916101932,19345.120178678582,15669.547344729648,10800.0,10800.0,0
2025-10-18,M6,18530.147920756186,0.0,75.43737320260485,18605.585293958786,18605.585293958786,0.0,62.34202981099753,0.0,0.0,18605.585293958786,35356.14278880431,35418.48481861531,2034.2642196798176,13654.931394751296,19224.71546061855,15572.019523101026,10800.0,10800.0,0
2025-10-19,M6,44717.89195878875,0.0,117.00591145582341,44834.89787024457,44834.89787024457,0.0,138.94432257993245,0.0,0.0,44834.89787024457,72872.98519748473,73011.92952006466,3609.6120501417963,1446.1706564366991,21423.28568501491,17352.86140486208,10800.0,10800.0,0
2025-10-20,M6,46423.28962520749,0.0,1.2081301292710123e-12,46423.28962520749,46423.28962520749,0.0,6.252776074688882e-13,0.0,0.0,46423.28962520749,75168.39281559546,75168.39281559546,5450.305891644672,1160.418315392833,21667.822325743695,17550.936083852393,10800.0,10800.0,0
2025-10-21,M6,46287.26719297236,0.0,688.9722974742716,46976.23949044664,46976.23949044664,0.0,738.998937269255,0.0,0.0,46976.23949044664,75288.6223413207,76027.62127858994,4685.757127890429,798.6254166666668,21477.14412648871,17396.486742455854,10800.0,10800.0,0
2025-10-22,M6,46215.269377942896,1.3179601410229225e-12,265.71147138951886,46480.980849332416,46480.980849332416,0.0,208.4071016846821,0.24246781240963167,1.1313548127033415,46482.112204145116,74897.16498672125,75105.57208840593,3981.068098863773,1458.3436944850032,21639.505594050348,17527.99953118078,10800.0,10800.0,1
2025-10-23,M6,49124.3010649035,5.308450568008993e-13,0.0,49124.3010649035,49124.3010649035,0.0,8.242295734817162e-13,0.0,0.0,49124.3010649035,79208.85128808983,79208.85128808983,9931.162375073753,2219.4724333333334,19361.68129657591,15682.961850226488,10800.0,10800.0,0
2025-10-24,M6,18705.106394306284,0.0,266.58526666584936,18971.691660972137,18971.691660972137,0.0,215.68302405550668,0.0,0.0,18971.691660972137,35618.24930670406,35833.93233075957,1680.2028347679802,11912.588679794364,20111.000523845065,16289.910424314505,10800.0,10800.0,0
2025-10-25,M6,18340.505394863078,0.0,278.4413766271425,18618.946771490224,18618.946771490224,0.0,223.61776692913736,0.0,0.0,18618.946771490224,35176.33260411017,35399.950371039304,1262.1506235540774,10927.681666488628,20061.5018298067,16249.816482143433,10800.0,10800.0,0
2025-10-26,M6,47500.33492286585,0.0,144.06681123794962,47644.40173410378,47644.40173410378,0.0,90.99717455762962,0.0,0.0,47644.40173410378,76648.36100324997,76739.35817780759,6804.462193852735,1630.4440499999992,19790.210090990495,16030.0701737023,10800.0,10800.0,0
2025-10-27,M6,46068.41760694082,0.0,1542.8418988341864,47611.25950577501,47611.25950577501,0.0,1789.6249951832758,0.0,0.0,47611.25950577501,74425.06083753154,76214.68583271481,6659.002403764003,1994.9516333333324,21095.526994477907,17087.3768655271,10800.0,10800.0,0
2025-10-28,M6,46755.83429311129,0.0,505.58861524238705,47261.42290835368,47261.42290835368,0.0,579.7889387606133,0.0,0.0,47261.42290835368,75274.95051657717,75854.73945533778,5258.43152014238,607.3426017759998,21139.70333378634,17123.159700366938,10800.0,10800.0,0
2025-10-29,M6,48262.40833780183,8.054200861806749e-13,394.7652042698689,48657.1735420717,48657.1735420717,0.0,305.9839586636209,0.0,0.0,48657.1735420717,77636.23582723353,77942.21978589715,4007.1898398860185,392.5096666666668,22264.544628128748,18034.281148784285,10800.0,10800.0,0
2025-10-30,M6,47367.610887903254,6.589800705114612e-13,106.31642469126606,47473.92731259453,47473.92731259453,0.0,94.93200382175348,0.0,0.0,47473.92731259453,76131.51786121144,76226.44986503318,5681.4309800336305,1841.1416887426244,20610.839717141767,16694.780170884835,10800.0,10800.0,0
2025-10-31,M6,19686.077724717084,6.949676389922387e-14,36.279461793088416,19722.357186510166,19722.357186510166,0.0,29.882361932600784,0.0,0.0,19722.357186510166,36949.42120901235,36979.30357094495,2194.2783929000916,7154.182061678412,19613.42657736728,15886.875527667502,10800.0,10800.0,0
2025-11-01,M6,19720.532260769392,0.0,112.98237311414371,19833.514633883522,19833.514633883522,0.0,93.45835629385027,0.0,0.0,19833.514633883522,37106.31285696135,37199.77121325519,2616.6176396797546,8368.541783815914,19318.807139085242,15648.233782659052,10800.0,10800.0,0
2025-11-02,M6,48807.501683377435,5.125400548422476e-13,1798.5876841279835,50606.08936750542,50606.08936750542,0.0,1916.4183328246063,0.0,0.0,50606.08936750542,78370.17081957281,80286.58915239741,6898.732914376998,494.0454242544889,21565.404633855826,17467.97775342322,10800.0,10800.0,0
2025-11-03,M6,50327.220829144484,9.082015139938448e-13,131.41288225049118,50458.63371139497,50458.63371139497,0.0,120.06565029659828,0.0,0.0,50458.63371139497,80613.75404270069,80733.81969299729,6599.069880117733,870.3999567912434,19786.41880397352,16026.999231218548,10800.0,10800.0,0
2025-11-04,M6,48860.477222027475,6.719943712596432e-13,764.3377836446731,49624.81500567215,49624.81500567215,0.0,679.6813812645912,21.20124313625047,136.6045999710619,49761.41960564321,78462.92640755407,79142.60778881866,6056.041814911379,1622.2980535069844,20554.721737911612,16649.324607708408,10800.0,10800.0,2
2025-11-05,M6,50376.836482340834,1.157335205448362e-12,113.6072289640951,50490.44371130493,50490.44371130493,0.0,83.16097585243249,0.0,0.0,50490.44371130493,80627.25652433277,80710.4175001852,5991.281550486726,1106.9973999999997,20705.886752798993,16771.768269767188,10800.0,10800.0,0
2025-11-06,M6,49045.38224919183,0.0,1854.351511141287,50899.73376033312,50899.73376033312,0.0,1644.4087461108622,0.0,0.0,50899.73376033312,78676.81591563564,80321.2246617465,4604.294272307565,184.9767166666668,21907.205909327757,17744.836786555483,10800.0,10800.0,0
2025-11-07,M6,20309.580903313778,1.737419097480597e-14,35.39242342197352,20344.97332673575,20344.97332673575,0.0,31.20424566208414,0.0,0.0,20344.97332673575,38034.64456835695,38065.84881401904,2566.873132623791,8435.445191365923,19710.887929978904,15965.819223282917,10800.0,10800.0,0
2025-11-08,M6,20187.31307059106,0.0,0.0,20187.31307059106,20187.31307059106,0.0,0.0,0.0,0.0,20187.31307059106,38139.98272911488,38139.98272911488,2649.629338872085,8119.991719129968,18837.65563743598,15258.501066323144,10800.0,10800.0,0
2025-11-09,M6,50479.25917988416,2.944777532931653e-13,0.0,50479.25917988416,50479.25917988416,0.0,4.863887070882811e-13,0.0,0.0,50479.25917988416,80582.06033740065,80582.06033740065,4381.404525395948,785.2937166666668,21413.394273708946,17344.849361704248,10800.0,10800.0,0
2025-11-10,M6,50787.61735445102,5.857600626768544e-13,1636.3215016035479,52423.938856054556,52423.938856054556,0.0,1767.644953518065,0.0,0.0,52423.938856054556,81162.53400387391,82930.17895739197,4631.798787631585,287.3526499999998,21855.707472423077,17703.123052662693,10800.0,10800.0,0
2025-11-11,M6,51595.92595094549,0.0,326.6470788076269,51922.573029753104,51922.573029753104,0.0,267.78274363085893,0.0,0.0,51922.573029753104,81956.39072632635,82224.17346995723,6114.61751172888,639.3925166666663,20584.967236289547,16673.82346139453,10800.0,10800.0,0
2025-11-12,M6,51039.15675894484,9.567884262651205e-13,1556.204339577223,52595.36109852206,52595.36109852206,0.0,1433.5947245782982,0.0,0.0,52595.36109852206,81312.0687094728,82745.66343405111,6993.620725350093,750.8736500000001,21290.42794053167,17245.246631830647,10800.0,10800.0,0
2025-11-13,M6,50545.40086163936,0.0,843.2177208324038,51388.618582471754,51388.618582471754,0.0,923.4575331078244,0.0,0.0,51388.618582471754,80285.85960429923,81209.31713740704,4535.647471544733,266.887333333333,21110.057978222703,17099.14696236039,10800.0,10800.0,0
2025-11-14,M6,19926.825179686526,0.0,253.05350692747453,20179.878686614,20179.878686614,0.0,197.65887699377333,0.0,0.0,20179.878686614,37361.802065062206,37559.46094205598,1758.9302377194817,4464.099355873259,19673.55814980656,15935.582101343316,10800.0,10800.0,0
2025-11-15,M6,19943.262940552526,0.0,371.8873583517959,20315.150298904322,20315.150298904322,0.0,298.81734012197774,0.0,0.0,20315.150298904322,37587.22306646546,37886.040406587446,2000.0503590956826,3835.900125908346,20201.06844693025,16362.8654420135,10800.0,10800.0,0
2025-11-16,M6,52205.802621170675,0.0,1027.9063464258131,53233.7089675965,53233.7089675965,0.0,898.2108853018846,0.0,0.0,53233.7089675965,82777.54834294252,83675.75922824442,4555.426703398711,478.07368333333307,22145.865569363363,17938.15111118432,10800.0,10800.0,0
2025-11-17,M6,52213.41131458429,0.0,1863.2537277266417,54076.665042310924,54076.665042310924,0.0,2033.819300569431,0.0,0.0,54076.665042310924,82672.35597047035,84706.1752710398,7550.8843899906715,403.15700510303145,21349.366013751427,17292.98647113866,10800.0,10800.0,0
2025-11-18,M6,52045.68088884969,0.0,168.42285470430684,52214.10374355399,52214.10374355399,0.0,131.50423350320833,0.0,0.0,52214.10374355399,82593.16168461228,82724.66591811548,3627.3986261105542,23.95728333333318,22014.516712306646,17831.75853696838,10800.0,10800.0,0
2025-11-19,M6,52026.595702426675,6.74157263347297e-13,3881.68083304634,55908.27653547298,55908.27653547298,0.0,3653.593077402843,1.3850000000001046,6.301057500000477,55914.57759297298,82561.32236495105,86214.91544235389,6357.500822748774,243.10676666666654,22354.638173360305,18107.25692042184,10800.0,10800.0,1
2025-11-20,M6,52597.8004996056,5.857600626768544e-13,691.2705896652911,53289.07108927089,53289.07108927089,0.0,691.6412909359135,0.0,0.0,53289.07108927089,83367.49729556261,84059.13858649854,5013.315223286826,94.43773333333331,21885.83998181603,17727.530385270984,10800.0,10800.0,0
2025-11-21,M6,20418.443142168508,4.343547743701492e-15,1588.405058475261,22006.848200643773,22006.848200643773,0.0,1889.5925258914774,0.0,0.0,22006.848200643773,38166.537586616185,40056.13011250766,2861.7649606212854,4633.951,19452.789922209013,15756.759836989302,10800.0,10800.0,0
2025-11-22,M6,20911.387821587723,0.0,234.98863480301387,21146.37645639074,21146.37645639074,0.0,185.9033191961154,0.0,0.0,21146.37645639074,39438.66421098859,39624.5675301847,1889.5550262309414,3906.6859040566164,18992.09008717793,15383.592970614121,10800.0,10800.0,0
2025-11-23,M6,53427.1377723992,2.562700274211238e-13,1344.202023062551,54771.33979546174,54771.33979546174,0.0,1139.2464848813324,0.0,0.0,54771.33979546174,84558.0803696698,85697.32685455112,5627.32775764758,557.4431999999999,22528.734808264326,18248.275194694106,10800.0,10800.0,0
2025-11-24,M6,52647.40656269545,1.281350137105619e-13,64.34848876677688,52711.75505146223,52711.75505146223,0.0,59.05521768159307,18.83966666666663,88.24499866666649,52800.000050128896,83513.6979340861,83572.75315176768,4960.128400188523,310.70213333333345,21888.518867960553,17729.70028304805,10800.0,10800.0,1
2025-11-25,M6,54987.85691606045,0.0,4.78293986119272,54992.63985592165,54992.63985592165,0.0,2.775397445472443,0.0,0.0,54992.63985592165,86919.57701974985,86922.35241719533,6340.725107211416,183.10095000000024,22262.45207009079,18032.586176773548,10800.0,10800.0,0
2025-11-26,M6,54421.039711032325,4.903540684608743e-13,570.2668474244125,54991.30655845674,54991.30655845674,0.0,411.8050708009148,0.0,0.0,54991.30655845674,86120.03357033379,86531.8386411347,5400.176112063531,60.651583333333065,22701.810854760584,18388.466792356077,10800.0,10800.0,0
2025-11-27,M6,54117.61638410824,1.308874786332126e-13,785.5955924378336,54903.21197654606,54903.21197654606,0.0,749.5331107468577,0.0,0.0,54903.21197654606,85441.5764593198,86191.10957006665,5999.671748447971,214.0128166666666,22087.01195588783,17890.479684269136,10800.0,10800.0,0
2025-11-28,M6,20787.533665081373,0.0,960.08413467848,21747.617799759857,21747.617799759857,0.0,1336.9139480501838,0.0,0.0,21747.617799759857,38908.27721411779,40245.191162167976,2161.0908981291823,3333.210141218923,20156.0609095783,16326.409336758426,10800.0,10800.0,0
2025-11-29,M6,22411.96826966831,0.0,7.071957227961748,22419.04022689627,22419.04022689627,0.0,7.143391139355302,0.0,0.0,22419.04022689627,42495.89574600376,42503.03913714312,2184.655172490662,1901.5245200121922,18354.78602442248,14867.37667978221,10800.0,10800.0,0
2025-11-30,M6,56002.12979732831,0.0,766.1318616474722,56768.26165897578,56768.26165897578,0.0,685.6021207793449,0.0,0.0,56768.26165897578,88347.82647834609,89033.42859912544,4273.466095496465,0.0,23763.865194538477,19248.730807576165,10800.0,10800.0,0
2025-12-01,M6,56977.2264356049,0.0,8335.347451998376,65312.57388760325,65312.57388760325,0.0,6499.115321089317,453.60494508066074,2170.911717055294,67483.48560465855,89612.08649180536,96111.20181289468,5543.642837576631,0.0,24853.87466876517,20131.638481699785,10800.0,10800.0,3
2025-12-02,M6,59356.8393666369,0.0,6827.0536557126115,66183.89302234953,66183.89302234953,0.0,5236.6821998566875,42.2638858760389,246.4654344282145,66430.35845677774,92835.83301410648,98072.51521396317,4779.48720125482,0.0,24723.589203075753,20026.107254491355,10800.0,10800.0,2
2025-12-03,M6,61788.76772121081,1.674379745963961e-13,3784.589093974375,65573.35681518518,65573.35681518518,0.0,3420.960662372401,0.0,0.0,65573.35681518518,95612.997162753,99033.95782512541,7550.664103932967,0.0,22739.711339609355,18419.166185083574,10800.0,10800.0,0
2025-12-04,M6,63717.327983370335,2.4544988264096902e-14,1876.182007105427,65593.50999047578,65593.50999047578,0.0,1318.8881640181453,0.0,0.0,65593.50999047578,98287.20192344731,99606.09008746546,8381.964282636687,0.0,23436.405551730488,18983.4884969017,10800.0,10800.0,0
2025-12-05,M6,26449.047774963277,0.0,1586.0612174674757,28035.108992430767,28035.108992430767,0.0,1558.5036662450748,0.0,0.0,28035.108992430767,49477.64277780569,51036.14644405076,4338.287788582011,1611.4407480174696,19867.316969041898,16092.526744923947,10800.0,10800.0,0
2025-12-06,M6,27235.68370171411,0.0,1588.2266210058274,28823.91032271993,28823.91032271993,0.0,1429.3330742451117,0.0,0.0,28823.91032271993,51024.43182590253,52453.764900147646,3478.1092944691527,1650.1262143692795,19267.887234960806,15606.988660318255,10800.0,10800.0,0
2025-12-07,M6,66619.07955211804,0.0,0.0,66619.07955211804,66619.07955211804,0.0,0.0,0.0,0.0,66619.07955211804,102314.82367684571,102314.82367684571,10424.220523512307,0.0,22304.852122807504,18066.93021947408,10800.0,10800.0,0
2025-12-08,M6,69321.6802409741,0.0,3.133288828394143e-12,69321.6802409741,69321.6802409741,0.0,2.3874235921539366e-12,0.0,0.0,69321.6802409741,106349.01213807298,106349.01213807298,14433.80012848924,0.0,21410.531015353063,17342.53012243598,10800.0,10800.0,0
2025-12-09,M6,67793.80432039991,2.261302256556519e-14,0.0,67793.80432039991,67793.80432039991,0.0,3.375077994860476e-14,5.48331926789524,32.03080950341004,67825.83512990332,104346.96396851551,104346.96396851551,12605.362427554432,0.0,22940.161018749022,18581.530425186713,10800.0,10800.0,1
2025-12-10,M6,64133.035162239285,0.0,192.70675718177262,64325.74191942106,64325.74191942106,0.0,248.08431229522816,0.0,0.0,64325.74191942106,99592.57329689857,99840.65760919379,7010.269533566709,0.0,23382.99794189697,18940.22833293655,10800.0,10800.0,0
2025-12-11,M6,64352.288608129944,5.125400548422476e-13,3.8440930438810033e-13,64352.288608129944,64352.288608129944,0.0,1.0800249583553523e-12,0.0,0.0,64352.288608129944,99863.42611647204,99863.42611647204,9549.893127891526,0.0,22906.7278346343,18554.44954605378,10800.0,10800.0,0
2025-12-12,M6,27534.018939403184,0.0,950.7825290334238,28484.801468436606,28484.801468436606,0.0,1252.162174175299,0.0,0.0,28484.801468436606,51901.23313289617,53153.39530707148,4116.576026899555,1643.5620999999999,19362.335246518924,15683.491549680333,10800.0,10800.0,0
2025-12-13,M6,27654.889718761126,0.0,681.7184846094683,28336.6082033706,28336.6082033706,0.0,712.5438603976238,0.0,0.0,28336.6082033706,52366.896305691975,53079.4401660896,4417.845799478132,1132.38245,19635.150175148054,15904.47164186992,10800.0,10800.0,0
2025-12-14,M6,61667.66030284525,0.0,1179.3887389256702,62847.049041770886,62847.049041770886,0.0,1090.511985881018,0.0,0.0,62847.049041770886,96247.39116938709,97337.90315526811,3894.72944069367,0.0,24549.74691881286,19885.29500423842,10800.0,10800.0,0
2025-12-15,M6,63206.53249544689,2.3919710656628013e-14,515.4692311643553,63722.00172661125,63722.00172661125,0.0,409.1391259389791,0.0,0.0,63722.00172661125,98588.66580759257,98997.80493353156,4941.391323485239,0.0,24141.345491471846,19554.48984809219,10800.0,10800.0,0
2025-12-16,M6,63890.69129171233,4.783942131325603e-13,2.823639988491777e-13,63890.69129171233,63890.69129171233,0.0,1.3642420526593924e-12,0.0,0.0,63890.69129171233,99210.29033966918,99210.29033966918,5247.23414991949,0.0,23920.867665349266,19375.902808932908,10800.0,10800.0,0
2025-12-17,M6,62686.435715845946,0.0,162.8101012173804,62849.24581706332,62849.24581706332,0.0,108.22800730812122,0.0,0.0,62849.24581706332,98028.48494999867,98136.71295730678,5435.430192287993,0.0,23733.87209659016,19224.43639823803,10800.0,10800.0,0
2025-12-18,M6,61515.80898916712,0.0,966.0960949322504,62481.905084099395,62481.905084099395,0.0,758.0903035562571,0.0,0.0,62481.905084099395,95946.5982793466,96704.68858290283,4685.465724392814,0.0,24489.241536017733,19836.285644174364,10800.0,10800.0,0
2025-12-19,M6,26512.85521765595,0.0,803.9380557866809,27316.793273442625,27316.793273442625,0.0,1076.81830205712,0.0,0.0,27316.793273442625,50275.622699382744,51352.44100143986,2817.7021702855764,1810.6569827160502,20082.58183388547,16266.89128544723,10800.0,10800.0,0
2025-12-20,M6,27200.761028393455,0.0,0.0,27200.761028393455,27200.761028393455,0.0,0.0,0.0,0.0,27200.761028393455,51545.23764353985,51545.23764353985,2977.2950954142098,1903.107527345347,20044.6461620015,16236.163391221213,10800.0,10800.0,0
2025-12-21,M6,62589.35358881636,8.420300900979783e-13,43.286189279743944,62632.6397780961,62632.6397780961,0.0,32.87668692376059,0.0,0.0,62632.6397780961,97596.23245892779,97629.10914585154,4002.3846438896,0.0,24152.329659448867,19563.387024153584,10800.0,10800.0,0
2025-12-22,M6,62223.511855326295,0.0,323.5536268561167,62547.065482182414,62547.065482182414,0.0,228.5064634638603,15.857070508877927,74.29830386934754,62621.36378605176,97132.68756507355,97361.19402853741,3791.8379256749176,0.0,24462.03205283183,19814.245962793786,10800.0,10800.0,2
2025-12-23,M6,62640.607168194314,0.0,9.476034159556805,62650.08320235387,62650.08320235387,0.0,4.9411531403403615,0.0,0.0,62650.08320235387,97628.92804757286,97633.8692007132,5883.719858782217,0.0,23642.40425577713,19150.347447179483,10800.0,10800.0,0
2025-12-24,M6,61504.32463316338,7.059099971229443e-14,63.62435926105691,61567.94899242445,61567.94899242445,0.0,33.900737710444446,43.04618359683968,300.2901767715536,61868.239169196,96207.26525109963,96241.16598881007,3765.4989915375004,0.0,24548.178232646074,19884.024368443323,10800.0,10800.0,1
2025-12-25,M6,60623.92961484079,5.740730557590723e-13,139.99195922776363,60763.92157406852,60763.92157406852,0.0,77.55386663315203,0.0,0.0,60763.92157406852,94861.55093010931,94939.10479674247,2490.663895363048,0.0,24399.959831821583,19763.96746377548,10800.0,10800.0,0
2025-12-26,M6,26227.78502191731,0.0,606.3742910204006,26834.159312937718,26834.159312937718,0.0,507.51088725417185,0.0,0.0,26834.159312937718,49879.15519548675,50386.66608274092,2257.053705075985,1303.9041,20095.188654376878,16277.102810045268,10800.0,10800.0,0
2025-12-27,M6,26613.15093523277,0.0,238.1957400455445,26851.34667527832,26851.34667527832,0.0,181.66241941327536,0.0,0.0,26851.34667527832,50819.40526851198,51001.06768792526,2353.1094067212966,1504.6289666666667,20023.790778266455,16219.270530395825,10800.0,10800.0,0
2025-12-28,M6,62305.32732696812,2.3530333237431477e-14,230.3232772535851,62535.65060422169,62535.65060422169,0.0,130.30932320639903,42.24576545813784,246.60621173358618,62782.25681595528,97152.85164217549,97283.16096538189,6103.2541173410045,0.0,23225.778228942247,18812.880365443223,10800.0,10800.0,2
2025-12-29,M6,61779.0974380931,0.0,319.9332029715649,62099.030641064644,62099.030641064644,0.0,400.0081682622049,0.0,0.0,62099.030641064644,96716.60018794281,97116.60835620502,5100.076967266772,0.0,23646.132222482025,19153.367100210446,10800.0,10800.0,0
2025-12-30,M6,60833.10330603999,9.79753167484887e-14,495.804611260457,61328.907917300436,61328.907917300436,0.0,404.3737955769849,8.162163738416211,47.679279477958296,61376.5871967784,95394.58742038367,95798.96121596065,4992.212508007625,0.0,24160.569851007655,19570.0615793162,10800.0,10800.0,1
2025-12-31,M6,60764.680929649534,0.0,262.3328388046849,61027.01376845418,61027.01376845418,0.0,210.8477663665132,15.660293374380853,73.37630460566149,61100.39007305984,95294.03106284824,95504.87882921475,2227.129876940054,0.0,24988.98364501287,20341.997332697116,10800.0,10687.866021959233,2
2025-02-01,M9,22083.854595847948,0.0,0.0,22083.854595847948,22083.854595847948,0.0,0.0,0.0,0.0,22083.854595847948,42284.08672890479,42284.08672890479,1520.9278704885949,2720.711608348176,19213.665339747276,15549.394023012592,10784.805664241438,10800.0,0
2025-02-02,M9,56153.89457919305,0.0,0.0,56153.89457919305,56153.89457919305,0.0,0.0,0.0,0.0,56153.89457919305,88790.69924777566,88790.69924777566,6248.266305664595,59.174066666666704,21720.952239181082,17593.971313736674,10800.0,10800.0,0
2025-02-03,M9,55647.91661261379,0.0,42.131585219149954,55690.04819783294,55690.04819783294,0.0,64.30339624412386,0.0,0.0,55690.04819783294,88475.8394751466,88540.14287139072,4034.181908206073,0.0,22747.873200639067,18458.828737454416,10800.0,10763.276172292477,0
2025-02-04,M9,55299.13123225879,0.0,0.0,55299.13123225879,55299.13123225879,0.0,0.0,0.0,0.0,55299.13123225879,88170.6971518498,88170.6971518498,2432.678487675699,0.0,24307.68857575687,19764.533861582757,10763.276172292477,10679.602710937274,0
2025-02-05,M9,51851.648096036006,0.0,1973.455686230051,53825.10378226605,53825.10378226605,0.0,1512.072807104754,997.1104076619592,5609.9207225758355,59435.02450484189,83644.70236176066,85156.77516886542,795.4274168284913,0.0,24355.47024765998,19745.439071294415,10679.602710937274,10660.149187948577,8
2025-02-06,M9,53688.08053262898,0.0,475.2746332943505,54163.35516592332,54163.35516592332,0.0,603.4374966019611,108.545044723874,570.7446935544065,54734.09985947773,85458.07761597515,86061.51511257712,1483.3023418365742,0.0,23931.42378043294,19515.723181635185,10660.149187948577,10514.293721854681,5
2025-02-07,M9,19568.779810749085,0.0,104.18483003294337,19672.96464078203,19672.96464078203,0.0,159.01225585003567,343.369594857228,1803.4288438516248,21476.393484633652,38089.61195340313,38248.62420925316,189.8426281811079,2971.433191398364,20095.647700867175,16470.609383002917,10514.293721854681,10299.699560409672,6
2025-02-08,M9,17437.67995797055,0.0,2645.2671896987545,20082.947147669307,20082.947147669307,0.0,2240.051299767493,323.88955412740796,1979.9368443808448,22062.883992050152,34445.47165877665,36685.522958544156,59.95924770087038,1199.1951552726382,20973.638742588606,16800.54334955722,10299.699560409672,10508.704040342513,1
2025-02-09,M9,49559.28703785286,0.0,4826.185804434364,54385.472842287236,54385.472842287236,0.0,4330.851726029051,401.1450103189054,1864.8897317225424,56250.36257400978,79473.74096372823,83804.59268975726,239.35447964459922,0.0,23875.08834327049,19464.12108950557,10508.704040342513,10369.482338724218,9
2025-02-10,M9,51290.73260329625,0.0,338.7425471480747,51629.475150444334,51629.475150444334,0.0,428.4630616761996,7.43090434610383,34.80635595715034,51664.28150640149,81462.70527606684,81891.16833774306,3275.220023174319,327.31238272584824,21382.7235227131,17413.294269857448,10369.482338724218,10265.828764879963,1
2025-02-11,M9,50456.60337475973,0.0,317.01455438200196,50773.617929141736,50773.617929141736,0.0,328.4872640833979,271.64069918822315,1301.0092194995314,52074.627148641266,80518.93461933763,80847.42188342102,1454.0821427639335,0.0,23395.207247728984,18950.823941217008,10265.828764879963,10265.044242039374,4
2025-02-12,M9,51221.8465966383,0.0,571.9273287265366,51793.77392536484,51793.77392536484,0.0,432.5839353888722,10.432783395604702,48.86715742501242,51842.64108278985,81561.51341136784,81994.09734675672,2158.728618382881,163.38428333333331,22271.15652216134,17855.475427058558,10265.044242039374,10469.6679708084,1
2025-02-13,M9,50983.87014262844,0.0,1076.2493115962584,52060.119454224696,52060.119454224696,0.0,562.1356524892367,0.0,0.0,52060.119454224696,81283.64882128654,81845.78447377577,6000.90282061353,401.75736666666694,20086.033913455172,15972.388643626253,10469.6679708084,10800.0,0
2025-02-14,M9,18945.147434577924,0.0,1567.7353234304392,20512.88275800836,20512.88275800836,0.0,1062.276980212468,0.0,0.0,20512.88275800836,36086.07113936619,37148.348119578666,424.8556849767563,3231.047790875191,19424.435931894965,15733.793104834916,10800.0,10800.0,0
2025-02-15,M9,18671.46634618195,0.0,2128.257747513541,20799.72409369549,20799.72409369549,0.0,1498.5555608639895,0.0,0.0,20799.72409369549,35608.96845671968,37107.524017583666,116.29964045647966,4033.9037973586,19353.83936720313,15676.609887434537,10800.0,10800.0,0
2025-02-16,M9,50869.94949929243,0.0,1617.4727674966502,52487.42226678908,52487.42226678908,0.0,895.2452759373996,47.17144106304613,216.4962369238396,52703.91850371292,81409.34885819632,82304.59413413372,2815.9808429814343,30.539166666666688,21725.61297657195,17597.74651102328,10800.0,10800.0,2
2025-02-17,M9,50460.178628373185,0.0,1311.3458857365429,51771.524514109726,51771.524514109726,0.0,662.2523583874004,16.694513422821956,78.19710087249804,51849.72161498223,81180.72582239803,81842.97818078543,6117.183981694274,882.1082833333332,19350.09085533679,15673.573592822804,10800.0,10800.0,1
2025-02-18,M9,47717.990668492304,0.0,2861.1254721203113,50579.11614061261,50579.11614061261,0.0,1811.2155320059587,41.07420374070068,187.79077365477534,50766.90691426739,76705.01477137484,78516.23030338081,2387.738376720462,241.45472736625413,20193.28220895502,16356.55858925356,10800.0,10800.0,2
2025-02-19,M9,47262.07807046895,0.0,2935.787501902085,50197.86557237104,50197.86557237104,0.0,2012.0417590795669,86.2143278976099,382.16564902758256,50580.031221398625,76210.55314865457,78222.59490773414,1080.1546689180364,0.0,22891.195702002005,18541.868518621617,10800.0,10800.0,2
2025-02-20,M9,48394.69814243774,0.0,1141.567298909039,49536.26544134678,49536.26544134678,0.0,593.4170105168007,48.93628684981297,229.21756760452396,49765.483008951305,77819.0940511144,78412.5110616312,3108.589670569923,391.814483333333,20883.734006549614,16915.824545305186,10800.0,10800.0,1
2025-02-21,M9,18549.845414704305,0.0,1986.661215073447,20536.50662977775,20536.50662977775,0.0,1354.829004167148,0.0,0.0,20536.50662977775,35498.67173283899,36853.500737006136,1027.3417100334211,6705.071200304264,18741.188385974332,15180.36259263921,10800.0,10800.0,0
2025-02-22,M9,18552.684640236203,0.0,2105.3987379119167,20658.083378148116,20658.083378148116,0.0,1439.019426086459,0.0,0.0,20658.083378148116,35455.03355343314,36894.0529795196,959.3893935890023,4507.743476270854,18853.459085928465,15271.301859602056,10800.0,10800.0,0
2025-02-23,M9,48106.19295639189,0.0,2148.3327229121323,50254.525679304024,50254.525679304024,0.0,1308.3138827143737,22.13503095425881,103.68048498974827,50358.20616429377,77670.18703819775,78978.50092091213,3089.148494613766,417.62383333333355,20852.683897820774,16890.673957234823,10800.0,10800.0,1
2025-02-24,M9,46542.792901213244,0.0,1469.5277795699044,48012.32068078315,48012.32068078315,0.0,832.779465841725,68.02218512260299,310.6268213642724,48322.94750214742,75156.39492677599,75989.17439261772,2998.942950710626,995.1053949378016,20316.392712764347,16456.27809733912,10800.0,10800.0,2
2025-02-25,M9,46344.19250668156,0.0,1362.330082156858,47706.522588838416,47706.522588838416,0.0,731.7302923127996,65.42801478012564,290.36124155884823,47996.883830397266,75113.81676434664,75845.54705665944,4956.204302311506,1318.4477611337327,20078.946182426345,16263.946407765337,10800.0,10800.0,3
2025-02-26,M9,43810.26137297306,0.0,3395.4218147427387,47205.683187715804,47205.683187715804,0.0,2593.0317998228693,6.478115872737931,30.343494747904465,47236.02668246371,71001.41177397061,73594.44357379348,686.778366196166,0.0,21575.238369140636,17475.943079003926,10800.0,10800.0,1
2025-02-27,M9,43821.00533846349,0.0,1908.5639645184583,45729.56930298195,45729.56930298195,0.0,1237.4808769282772,522.2932494460802,2530.651647468862,48260.220950450814,71092.51726085605,72329.99813778434,1690.981299662034,0.0,22130.13625036,17925.410362791605,10800.0,10800.0,8
2025-02-28,M9,17781.900387939266,0.0,2110.4190907831553,19892.319478722424,19892.319478722424,0.0,1472.2590685020605,0.0,0.0,19892.319478722424,34288.98893323842,35761.24800174048,998.4285160964669,7825.681483882027,19181.81290401046,15537.268452248478,10800.0,10800.0,0
2025-03-01,M9,17916.04525583819,0.0,722.9609290513863,18639.00618488958,18639.00618488958,0.0,394.22047497212844,0.0,0.0,18639.00618488958,34506.51966391007,34900.740138882196,813.9198073681474,6773.4731642056095,19234.63807355318,15580.056839578072,10800.0,10800.0,0
2025-03-02,M9,45240.78909106583,0.0,5535.566564885137,50776.355655950974,50776.355655950974,0.0,3221.112868061779,185.61537984400417,881.228372194052,51657.58402814503,73889.81793284637,77110.93080090816,1307.9494900884733,0.0,20973.39325047197,17343.103626474942,10800.0,10405.938784897065,6
2025-03-03,M9,47254.70730716915,0.0,1747.645621524865,49002.35292869402,49002.35292869402,0.0,1135.2006779759536,165.16962403562425,773.3543150533575,49775.707243747376,76853.5986917504,77988.79936972636,1604.8293820374165,184.4892666666666,23405.03420614158,19057.530494417013,10405.938784897065,10295.435687738916,6
2025-03-04,M9,46133.38818272464,0.0,2638.596253674421,48771.98443639906,48771.98443639906,0.0,1633.0033754750314,0.6247333333334382,2.9262509333338245,48774.9106873324,74912.25473867555,76545.25811415057,2243.8678382645803,670.0633697027233,20938.872763938372,16506.379057755108,10295.435687738916,10800.0,1
2025-03-05,M9,45177.120193560935,0.0,1913.6028678963585,47090.7230614573,47090.7230614573,0.0,1093.5741456956266,6.618300000000204,30.558060533334277,47121.28112199063,73683.3026511788,74776.87679687442,4236.3725062890535,625.9976666666664,19950.804775010787,16160.151867758741,10800.0,10800.0,2
2025-03-06,M9,42404.237971711,0.0,3337.452596720065,45741.690568431055,45741.690568431055,0.0,2220.4113632487315,0.0,0.0,45741.690568431055,69215.61283860952,71436.02420185826,1411.1034611700961,803.271483333333,20173.296740684287,16892.30161666277,10800.0,10186.74304810166,0
2025-03-07,M9,17098.590291459306,0.0,1037.2973852391876,18135.88767669849,18135.88767669849,0.0,607.4990240043385,0.0,0.0,18135.88767669849,33207.99335168092,33815.49237568525,371.26696663584073,8347.277616369995,19067.005277039923,14892.343017693836,10186.74304810166,10800.0,0
2025-03-08,M9,15796.635511361797,0.0,3718.3094329487135,19514.944944310515,19514.944944310515,0.0,2656.9695720604577,0.0,0.0,19514.944944310515,30693.333072432783,33350.30264449324,601.8863519690681,10075.31404858469,18999.803827751653,15389.84110047884,10800.0,10800.0,0
2025-03-09,M9,42017.794081950306,0.0,3298.7492103903005,45316.54329234061,45316.54329234061,0.0,2298.335164033102,0.0,0.0,45316.54329234061,69008.91701940796,71307.25218344107,2606.443176998813,1407.4223261076952,20841.37700176089,16881.51537142632,10800.0,10800.0,0
2025-03-10,M9,40868.206607824,0.0,5936.533050293101,46804.73965811709,46804.73965811709,0.0,4569.123374002313,0.0,0.0,46804.73965811709,67093.61042230867,71662.733796311,82.2123517783358,0.0,20581.73130319744,17043.281308664777,10800.0,10386.578941027947,0
2025-03-11,M9,40950.66252147804,0.0,3359.975393669106,44310.63791514715,44310.63791514715,0.0,2709.009316402308,0.0,0.0,44310.63791514715,66914.35322711164,69623.36254351395,846.335173562305,658.5662528653571,20536.855672011312,16357.313354925012,10386.578941027947,10694.956429254778,0
2025-03-12,M9,42215.58186721579,0.0,1998.4244849257466,44214.00635214152,44214.00635214152,0.0,1209.1336938821491,0.0,0.0,44214.00635214152,68826.81846464842,70035.95215853056,2247.5867089567055,1533.1465166666665,19621.38288362107,15801.698634047205,10694.956429254778,10796.75809779462,0
2025-03-13,M9,41774.26528103629,0.0,3958.7899455008533,45733.055226537144,45733.055226537144,0.0,3486.6056077317116,0.0,0.0,45733.055226537144,67927.73205741175,71414.33766514345,216.77020645821887,0.0,20834.080067295872,17182.1306252773,10796.75809779462,10456.173908052791,0
2025-03-14,M9,17000.823032408236,0.0,1689.9175650503437,18690.740597458578,18690.740597458578,0.0,1110.528837468215,0.0,0.0,18690.740597458578,32350.52279669092,33461.051634159136,1121.2451534141353,12506.302857022427,18392.81135598287,14588.733715593635,10456.173908052791,10800.0,0
2025-03-15,M9,16704.899845243955,0.0,2142.223710612537,18847.12355585649,18847.12355585649,0.0,1442.578450678936,0.0,0.0,18847.12355585649,31783.75587092866,33226.334321607595,808.625963672144,7950.357457089163,18648.55658340155,15105.330832555257,10800.0,10800.0,0
2025-03-16,M9,41847.34956537446,0.0,2435.215288066059,44282.564853440526,44282.564853440526,0.0,1802.8501369415126,1.6400000000001,7.461180000000455,44290.026033440525,67787.1276140454,69589.97775098692,2526.410224590076,39.01225392603146,19342.885995460398,15667.737656322925,10800.0,10800.0,1
2025-03-17,M9,41531.131114684584,0.0,1229.3157181484987,42760.446832833084,42760.446832833084,0.0,683.2835877187379,0.0,0.0,42760.446832833084,67523.79569935557,68207.07928707432,4930.854317473023,2009.6780647706928,17939.02879735407,14530.613325856804,10800.0,10800.0,0
2025-03-18,M9,41091.86980671546,0.0,1041.8747250726817,42133.74453178814,42133.74453178814,0.0,575.8803020620334,134.27891740862805,653.6332101620467,42787.37774195019,66847.34531076587,67423.2256128279,2441.1336172200117,152.24811577686796,20200.86542406834,16362.700993495351,10800.0,10800.0,3
2025-03-19,M9,38494.56440129636,0.0,3595.101888846406,42089.666290142755,42089.666290142755,0.0,3023.6982738199463,0.0,0.0,42089.666290142755,62122.081682633776,65145.77995645372,1926.337389543818,0.0,19757.74798373635,16003.775866826441,10800.0,10800.0,0
2025-03-20,M9,40018.06980899985,0.0,2627.1357073674985,42645.20551636731,42645.20551636731,0.0,2059.7624788504218,0.0,0.0,42645.20551636731,64876.428163334014,66936.19064218443,917.0958302580725,0.0,20053.33155399841,16243.198558738713,10800.0,10800.0,0
2025-03-21,M9,16014.443566572016,0.0,2514.2089592622883,18528.6525258343,18528.6525258343,0.0,1721.3291292069127,0.0,0.0,18528.6525258343,30439.12887512224,32160.458004329153,1028.4052924092214,15577.99118371298,18529.457955475176,15008.860943934891,10800.0,10800.0,0
2025-03-22,M9,16448.46739679566,0.0,1488.287843319146,17936.755240114802,17936.755240114802,0.0,1002.354290739531,0.0,0.0,17936.755240114802,31246.458481502083,32248.81277224161,1158.2423262819561,11752.906618298559,18191.916285935586,14735.452191607828,10800.0,10800.0,0
2025-03-23,M9,39883.32267567951,0.0,2328.464611032318,42211.78728671183,42211.78728671183,0.0,1475.8600500838215,0.0,0.0,42211.78728671183,64878.95912828302,66354.81917836684,2826.5918068771125,1207.8177523297452,18687.83948680698,15137.149984313652,10800.0,10800.0,0
2025-03-24,M9,38055.07159041159,0.0,2408.33857162414,40463.41016203574,40463.41016203574,0.0,1879.164582323811,0.0,0.0,40463.41016203574,62229.9005757915,64109.06515811531,1088.6371729179496,1168.8757205919958,20279.237796168632,16426.182614896596,10800.0,10800.0,0
2025-03-25,M9,39153.4918949074,0.0,2458.5990593116094,41612.09095421899,41612.09095421899,0.0,1572.993973242075,0.0,0.0,41612.09095421899,64057.843843141054,65630.83781638314,612.3744961781912,252.0545504342815,20085.705542652628,16269.421489548633,10800.0,10800.0,0
2025-03-26,M9,37706.57159773089,0.0,2625.5056736106258,40332.077271341506,40332.077271341506,0.0,1728.7872833778497,0.0,0.0,40332.077271341506,61311.10938063112,63039.896664008964,2434.1716784989276,1471.2891583411576,18641.47873948537,15099.597778983152,10800.0,10800.0,0
2025-03-27,M9,38296.74790345396,0.0,2479.7954598102283,40776.54336326419,40776.54336326419,0.0,1605.6352463188343,0.0,0.0,40776.54336326419,62175.74977918695,63781.385025505784,1444.9219789779736,0.0,19049.861297514864,15430.387650987052,10800.0,10800.0,0
2025-03-28,M9,15773.47211026666,0.0,1967.5442740151634,17741.016384281826,17741.016384281826,0.0,1293.0045761580054,0.0,0.0,17741.016384281826,30364.5145453183,31657.519121476304,1240.0851104682454,16138.145551125828,18196.882595871404,14739.474902655838,10800.0,10800.0,0
2025-03-29,M9,15587.674262353577,0.0,2143.503873970491,17731.17813632407,17731.17813632407,0.0,1416.2343908831338,0.0,0.0,17731.17813632407,30204.48083469437,31620.715225577504,738.8837325769869,19704.609506237066,18263.22528121114,14793.212477781026,10800.0,10800.0,0
2025-03-30,M9,36760.788733677684,0.0,2007.3030077618444,38768.09174143953,38768.09174143953,0.0,1239.195350745636,0.0,0.0,38768.09174143953,59954.04762762407,61193.24297836971,1366.4660001268962,839.6183364885098,19165.994430285817,15524.455488531514,10800.0,10800.0,0
2025-03-31,M9,34846.7850358091,0.0,4685.870689773149,39532.65572558228,39532.65572558228,0.0,4776.143172442604,0.0,0.0,39532.65572558228,56416.61813404475,61192.761306487344,634.0520547541578,34.42413140585518,18804.713878915863,15231.818241921852,10800.0,10800.0,0
2025-04-01,M9,37926.27769652924,0.0,3741.1415994810645,41667.41929601031,41667.41929601031,0.0,2838.4808719126095,0.0,0.0,41667.41929601031,62466.070920055165,65304.55179196778,914.8311565893774,735.8797462414134,18131.523013001693,14686.533640531376,10800.0,10800.0,0
2025-04-02,M9,37543.54227409972,0.0,4599.5170936910445,42143.05936779076,42143.05936779076,0.0,3903.1298951059252,60.330067543205494,297.6675606971943,42440.72692848795,61568.48244332305,65471.61233842897,1338.0040495376224,0.0,19782.120823339792,16023.517866905231,10800.0,10800.0,2
2025-04-03,M9,38222.860524433665,0.0,1346.8070257936804,39569.66755022735,39569.66755022735,0.0,789.7870695765133,0.0,0.0,39569.66755022735,62440.06495560758,63229.85202518409,1858.5486886421181,1862.4381793176822,19185.973108198054,15540.63821764043,10800.0,10800.0,0
2025-04-04,M9,15149.597191660245,0.0,1261.500115932529,16411.097307592772,16411.097307592772,0.0,838.9732377953335,0.0,0.0,16411.097307592772,29515.05484268346,30354.028080478794,873.2966202309881,19530.37574470396,18523.96560812552,15004.41214258167,10800.0,10800.0,0
2025-04-05,M9,14999.808004430352,0.0,1631.5637839344276,16631.371788364777,16631.371788364777,0.0,1111.0487796766165,0.0,0.0,16631.371788364777,29375.89155369183,30486.940333368446,283.42927432458333,14611.25346741251,18674.43478051589,15126.292172217873,10800.0,10800.0,0
2025-04-06,M9,36380.13368113831,0.0,1442.5514939087607,37822.685175047074,37822.685175047074,0.0,918.5974832533853,0.0,0.0,37822.685175047074,59758.410792109586,60677.00827536297,891.0220066182585,1717.3185321010715,19255.74457882618,15597.153108849205,10800.0,10800.0,0
2025-04-07,M9,34934.44104983069,0.0,2623.705773923591,37558.146823754265,37558.146823754265,0.0,2263.3334737027612,0.0,0.0,37558.146823754265,57016.46065479689,59279.79412849964,1273.0700832997795,1257.9551185677806,18452.892859467152,14946.8432161684,10800.0,10800.0,0
2025-04-08,M9,36132.69621051915,0.0,1039.4385867697315,37172.134797288876,37172.134797288876,0.0,671.2354849948563,0.0,0.0,37172.134797288876,59120.016697204526,59791.25218219939,1369.3943274312896,294.07275314184994,20321.217848128195,16546.626363168616,10800.0,10703.955659794687,0
2025-04-09,M9,35711.58544389288,0.0,5095.476716283205,40807.06216017609,40807.06216017609,0.0,4915.165428645449,0.0,0.0,40807.06216017609,58458.52831753586,63373.69374618131,487.59002082376736,0.0,19558.1110538743,15806.318345183423,10703.955659794687,10743.679669188869,0
2025-04-10,M9,36269.32482355221,0.0,2312.3598216215055,38581.68464517371,38581.68464517371,0.0,2040.6035180415015,0.0,0.0,38581.68464517371,59143.64591251652,61184.24943055802,1889.8950837667805,1139.5368927452678,19176.269770084,15482.090216038028,10743.679669188869,10800.0,0
2025-04-11,M9,14596.728215236128,0.0,2179.355183563408,16776.08339879954,16776.08339879954,0.0,1485.5241942275734,0.0,0.0,16776.08339879954,28680.321719416006,30165.845913643578,673.5580183926229,20683.06899446901,18381.94070586989,14889.371971754608,10800.0,10800.0,0
2025-04-12,M9,14843.989926891523,0.0,1159.709679296865,16003.69960618839,16003.69960618839,0.0,743.6337498418807,0.0,0.0,16003.69960618839,29073.755072526637,29817.388822368517,751.7189895052105,16598.74333047831,18114.557644131546,14672.791691746552,10800.0,10800.0,0
2025-04-13,M9,34657.34695321542,0.0,2075.5234901967597,36732.870443412176,36732.870443412176,0.0,1694.801703557013,0.0,0.0,36732.870443412176,56876.16719559459,58570.9688991516,513.4901114371648,0.0,19900.633180953217,16119.512876572106,10800.0,10800.0,0
2025-04-14,M9,34804.1971905549,0.0,1645.265885948243,36449.46307650313,36449.46307650313,0.0,1081.486780252947,0.0,0.0,36449.46307650313,57111.50122105415,58192.988001307094,1788.9942435739968,268.7553627644737,18985.297868255944,15378.091273287315,10800.0,10800.0,0
2025-04-15,M9,34136.707936040315,0.0,1022.1963851916531,35158.90432123198,35158.90432123198,0.0,987.1288473762802,0.0,0.0,35158.90432123198,55608.22797452846,56595.35682190473,1156.4108949537392,1675.212121587118,19075.28932647656,15450.98435444601,10800.0,10800.0,0
2025-04-16,M9,34623.41126549569,0.0,2555.551346277736,37178.962611773415,37178.962611773415,0.0,2688.7310215357534,0.0,0.0,37178.962611773415,56928.491635901184,59617.22265743694,155.1168271161912,0.0,19381.65200168814,15699.138121367392,10800.0,10800.0,0
2025-04-17,M9,33915.81250898054,0.0,2091.535276161439,36007.34778514198,36007.34778514198,0.0,2590.5220575041194,0.0,0.0,36007.34778514198,54885.64892722379,57476.170984727905,900.5657025991451,0.0,19511.910169098774,15804.647236970011,10800.0,10800.0,0
2025-04-18,M9,14277.40672471557,0.0,1635.7941859884081,15913.200910703978,15913.200910703978,0.0,1118.0452315474886,0.0,0.0,15913.200910703978,28198.51893215497,29316.564163702456,1063.2146608631147,18420.662431467037,18308.262568626156,14829.692680587184,10800.0,10800.0,0
2025-04-19,M9,14153.707252653963,0.0,1027.8312092279027,15181.538461881868,15181.538461881868,0.0,683.6667476699181,0.0,0.0,15181.538461881868,28032.278681273605,28715.945428943523,789.043371012713,17606.56904882167,18608.703995311193,15073.050236202056,10800.0,10800.0,0
2025-04-20,M9,33707.78566933065,0.0,1364.6487455020235,35072.434414832685,35072.434414832685,0.0,1119.555638480615,0.0,0.0,35072.434414832685,55113.228243808335,56232.78388228895,573.084783455461,0.0,19483.969555264066,15782.015339763904,10800.0,10800.0,0
2025-04-21,M9,34188.5030189753,0.0,738.9354208742895,34927.43843984959,34927.43843984959,0.0,380.5512060150276,0.0,0.0,34927.43843984959,56357.19712978859,56737.748335803626,1838.5170674571868,2885.307587120661,18405.33314680237,14908.319848909925,10800.0,10800.0,0
2025-04-22,M9,32775.46838088493,0.0,2954.7855360046083,35730.25391688954,35730.25391688954,0.0,3087.3933548173536,0.0,0.0,35730.25391688954,53122.23377887379,56209.627133691145,421.9660190631977,0.0,19130.16735769097,15495.435559729689,10800.0,10800.0,0
2025-04-23,M9,32687.048340332913,0.0,2900.454684423903,35587.50302475679,35587.50302475679,0.0,2965.0074731894374,0.0,0.0,35587.50302475679,53207.67449343755,56172.68196662699,1168.1130313931264,84.64996307078627,18526.327660507435,15006.32540501103,10800.0,10800.0,0
2025-04-24,M9,32767.900628989857,0.0,449.4881067827478,33217.388735772605,33217.388735772605,0.0,226.1822487076993,0.0,0.0,33217.388735772605,53200.53247567626,53426.71472438396,776.3525299514781,2030.0901187607847,18579.817766693115,15049.652391021424,10800.0,10800.0,0
2025-04-25,M9,13544.719911631923,0.0,466.5521787922522,14011.272090424174,14011.272090424174,0.0,288.25153761576354,0.0,0.0,14011.272090424174,27239.34319825253,27527.594735868293,171.67660004631372,21787.070935006752,18789.63485409547,15221.145303280242,10800.0,10798.287698374545,0
2025-04-26,M9,13378.018567111481,0.0,986.0148560452387,14364.03342315672,14364.03342315672,0.0,731.6779781802171,0.0,0.0,14364.03342315672,27039.8053013964,27771.483279576612,77.27941436560258,24245.750286135764,18960.00073665816,15581.740790916243,10798.287698374545,10549.243038126622,0
2025-04-27,M9,31442.709874961678,0.0,2517.9829706585665,33960.692845620244,33960.692845620244,0.0,2116.1919379784977,0.0,0.0,33960.692845620244,51386.18903827887,53502.38097625738,136.06787818230782,735.0287456154166,21002.755166231756,16944.941997105438,10549.243038126622,10624.00935761805,0
2025-04-28,M9,32932.63677201275,0.0,6799.325780206019,39731.96255221877,39731.96255221877,0.0,6722.190221881395,0.0,0.0,39731.96255221877,53935.627992169866,60657.818214051265,256.9571252812956,0.0,19055.274705050284,15276.380932946977,10624.00935761805,10800.0,0
2025-04-29,M9,32640.08853837292,0.0,1036.0853663560401,33676.17390472897,33676.17390472897,0.0,1128.3207091634556,0.0,0.0,33676.17390472897,53099.94209398261,54228.26280314606,191.6651590863662,3149.8288459884325,18176.605691603243,14723.05061019864,10800.0,10800.0,0
2025-04-30,M9,31969.369145361296,0.0,584.9798845093437,32554.34902987065,32554.34902987065,0.0,595.2996697239328,0.0,0.0,32554.34902987065,51837.61045947303,52432.91012919696,642.1489776430333,0.0,19256.88621591098,15722.979497690381,10800.0,10661.220374663904,0
2025-05-01,M9,31704.09180204785,0.0,2412.023246940274,34116.11504898812,34116.11504898812,0.0,2320.644657586468,1362.2000940833077,8553.142533036224,42669.257582024344,51264.75158745987,53585.39624504634,0.0,859.0410270535353,20262.738498937837,17185.56198686172,10661.220374663904,9802.616149417154,9
2025-05-02,M9,13893.112077737676,0.0,2187.3936297029086,16080.505707440594,16080.505707440594,0.0,2048.9742635947923,1118.172516421408,6716.609713826103,22797.115421266695,27856.543934381618,29905.51819797641,0.0,12759.91146032455,19707.104342567014,15733.645171827084,9802.616149417154,10057.182089030708,9
2025-05-03,M9,14554.220162012107,0.0,309.8965773949407,14864.116739407043,14864.116739407043,0.0,436.9842959834101,704.3276994843962,3548.3430905056357,18412.45982991268,28692.036718563293,29129.021014546703,2.9488869284778048,17877.830373274406,18745.482485602028,15660.084681773815,10057.182089030708,9528.022235212742,8
2025-05-04,M9,37203.11246412133,0.0,0.0,37203.11246412133,37203.11246412133,0.0,0.0,0.0,0.0,37203.11246412133,60871.310239036175,60871.310239036175,2754.7470367830883,3241.9934499999995,16991.868398859446,13851.965979939692,9528.022235212742,9429.630483142133,0
2025-05-05,M9,36588.581846334775,0.0,340.4584755189845,36929.04032185376,36929.04032185376,0.0,533.1580695274014,0.0,0.0,36929.04032185376,59681.36979536648,60214.527864893884,918.9658607027657,0.0,21057.287119661938,16837.731915470824,9429.630483142133,9672.597873648072,0
2025-05-06,M9,35384.66555091131,0.0,773.6098867031653,36158.27543761448,36158.27543761448,0.0,1163.627095063754,0.0,0.0,36158.27543761448,57235.890073996496,58399.51716906025,979.1323464823938,918.8204836807681,20233.902769691107,16602.420797460672,9672.597873648072,9435.976146969315,0
2025-05-07,M9,35748.12424000937,0.0,1174.877564168508,36923.00180417788,36923.00180417788,0.0,1790.241601380998,582.2888667004302,3729.923854966847,40652.92565914473,58110.46508476573,59900.706686146725,570.0814720319746,275.9636496514172,20775.43772433092,16206.333243167152,9435.976146969315,10126.83316201475,7
2025-05-08,M9,38924.50403757217,0.0,0.0,38924.50403757217,38924.50403757217,0.0,0.0,35.999250000000075,243.22893262500048,39167.732970197176,62304.42493156278,62304.42493156278,1478.9497709944271,899.6378855034466,18576.178794095722,14440.854669030812,10126.83316201475,10800.0,1
2025-05-09,M9,17142.625516975666,0.0,0.0,17142.625516975666,17142.625516975666,0.0,0.0,0.0,0.0,17142.625516975666,31366.53698679056,31366.53698679056,1028.4843899193493,18417.356836703395,18006.894264041162,14585.584353873344,10800.0,10800.0,0
2025-05-10,M9,16942.21958891366,0.0,0.0,16942.21958891366,16942.21958891366,0.0,0.0,0.0,0.0,16942.21958891366,31089.805306225524,31089.805306225524,610.4478264179786,14941.02776169987,17985.707551443895,14568.423116669554,10800.0,10800.0,0
2025-05-11,M9,37008.147294165596,0.0,710.7750626511998,37718.922356816794,37718.922356816794,0.0,953.4899467962417,27.561666666666724,185.80697583333372,37904.72933265013,59475.67032072883,60429.16026752507,728.9788445044538,1340.3414356912058,17466.840706645056,14563.518135982307,10800.0,10338.46981822243,1
2025-05-12,M9,35895.48875757054,0.0,1910.9735226048913,37806.46228017543,37806.46228017543,0.0,2684.289537661686,0.0,0.0,37806.46228017543,57795.441879171885,60479.73141683357,2372.6118923988174,2578.64265,17009.758851591985,13412.477210490564,10338.46981822243,10744.500328554586,0
2025-05-13,M9,36035.48325877774,0.0,67.83059319410991,36103.313851971856,36103.313851971856,0.0,105.78216578412184,0.0,0.0,36103.313851971856,58166.73105922542,58272.513225009534,1060.2181882396897,756.528571459628,18098.26373027799,14771.710031634431,10744.500328554586,10619.926539544302,0
2025-05-14,M9,35392.26731708349,0.0,1652.8971038954246,37045.1644209789,37045.1644209789,0.0,2429.715429384305,0.0,0.0,37045.1644209789,56679.3834936478,59109.098923032114,1345.3440206747418,1398.7013269819702,18063.027455457395,14712.122663415326,10619.926539544302,10529.848290105603,0
2025-05-15,M9,36084.96158992033,0.0,1669.850476937594,37754.81206685792,37754.81206685792,0.0,2361.97685417497,0.0,0.0,37754.81206685792,56745.890864625246,59107.86771880021,1625.9598131898624,1000.4850354377854,18280.14762070674,14563.783033867505,10529.848290105603,10800.0,0
2025-05-16,M9,16251.66333092797,0.0,117.76130389666517,16369.424634824636,16369.424634824636,0.0,62.695684340448906,0.0,0.0,16369.424634824636,29859.87445730645,29922.570141646902,730.3465951062165,23032.68175329217,18126.501367974626,14682.466108059438,10800.0,10800.0,0
2025-05-17,M9,16322.20894240327,0.0,588.7545128966201,16910.96345529989,16910.96345529989,0.0,434.2054090337044,0.0,0.0,16910.96345529989,30057.03143622647,30491.236845260173,332.94986528383,16150.111382731318,18733.560599535253,15174.184085623558,10800.0,10800.0,0
2025-05-18,M9,35936.37654869578,0.0,1173.6532193769756,37110.02976807275,37110.02976807275,0.0,1234.8057996891237,5.236666666666679,35.318698333333415,37145.34846640609,57543.56944976546,58778.37524945459,1669.5193781312498,0.0,18094.339147315848,14656.414709325843,10800.0,10800.0,1
2025-05-19,M9,34603.26601229829,0.0,147.73035471480875,34750.996367013104,34750.996367013104,0.0,88.29678382993447,67.00333333333344,451.9039816666674,35202.900348679774,55361.396365631794,55449.69314946173,726.9257460045982,4037.061531423712,17256.198844709645,14018.706189342887,10800.0,10754.23874985769,1
2025-05-20,M9,33908.955852360836,0.0,4077.7514298216165,37986.70728218245,37986.70728218245,0.0,3930.533342940601,0.0,0.0,37986.70728218245,53952.84012788848,57883.37347082908,108.11270347989273,0.0,17978.85671324398,14730.990762561461,10754.23874985769,10567.442277820095,0
2025-05-21,M9,34084.4077180902,0.0,2519.975200108104,36604.3829181983,36604.3829181983,0.0,3325.7183243380296,0.0,0.0,36604.3829181983,53914.925819715136,57240.64414405316,376.5638004040122,1766.5473753692984,19084.15046691057,15349.232781964041,10567.442277820095,10688.474606968453,0
2025-05-22,M9,33753.51278813789,0.0,1208.9623488628058,34962.47513700069,34962.47513700069,0.0,1754.0944898349044,2.57000000000005,17.333365000000338,34979.80850200069,53341.90498439846,55095.99947423336,410.06475294501024,0.0,19850.005531017378,15978.131626395689,10688.474606968453,10800.0,1
2025-05-23,M9,15306.242977051841,0.0,796.7024073334172,16102.945384385263,16102.945384385263,0.0,590.5574228970991,0.0,0.0,16102.945384385263,28619.217844344905,29209.775267242003,528.1776202973269,18666.548186210206,18916.318828427004,15322.21825102587,10800.0,10800.0,0
2025-05-24,M9,15752.101128963284,0.0,591.6612777453905,16343.762406708673,16343.762406708673,0.0,400.7979332439015,0.0,0.0,16343.762406708673,29247.028467796415,29647.826401040318,1008.1429324548617,21410.92158021743,18285.581605445794,14811.321100411096,10800.0,10800.0,0
2025-05-25,M9,33724.708229755255,0.0,583.0672531387306,34307.775482893994,34307.775482893994,0.0,795.1328788882139,0.0,0.0,34307.775482893994,53859.181727617055,54654.314606505264,712.4825315041214,1922.1979298660958,18389.131929599404,14914.507967797686,10800.0,10778.543216864255,0
2025-05-26,M9,32955.5334659181,0.0,5920.896538215732,38876.430004133836,38876.430004133836,0.0,6597.229926263547,90.15894274229456,463.52426768008576,39339.95427181392,52140.50635073584,58737.73627699938,503.2135349276066,0.0,20214.259145650183,16469.410410836106,10778.543216864255,10672.031547020415,2
2025-05-27,M9,33523.49023692351,0.0,2637.5842623946623,36161.074499318165,36161.074499318165,0.0,3327.9851787291286,0.0,0.0,36161.074499318165,52891.58527874317,56219.57045747229,1705.6376178816831,1406.709878057494,18956.231862376288,15239.376200843164,10672.031547020415,10800.0,0
2025-05-28,M9,33923.81440357796,0.0,1688.333380861514,35612.14778443947,35612.14778443947,0.0,2198.266348546776,0.0,0.0,35612.14778443947,54135.31484866099,56333.58119720777,432.8389377966857,0.0,19089.042944268927,15462.124784857839,10800.0,10800.0,0
2025-05-29,M9,33584.5191281201,0.0,3455.387847053608,37039.906975173704,37039.906975173704,0.0,4713.593708110431,0.0,0.0,37039.906975173704,53592.987278174034,58306.58098628446,587.5867711927951,41.0249632298503,19959.801911208746,16391.95615934693,10800.0,10550.537098591287,0
2025-05-30,M9,15490.925798949083,0.0,449.05284991323003,15939.978648862316,15939.978648862316,0.0,700.2007478018331,0.0,0.0,15939.978648862316,28938.216247155528,29638.416994957362,401.1064898066754,18783.628704257415,19120.69433136194,15263.245797135336,10550.537098591287,10800.0,0
2025-05-31,M9,15747.559474937247,0.0,385.9664403857694,16133.525915323018,16133.525915323018,0.0,364.6999063981329,0.0,0.0,16133.525915323018,29194.499137112358,29559.19904351049,981.3103425956424,16697.253276138308,18724.55085230443,15233.096977527894,10800.0,10726.432458709665,0
2025-06-01,M9,37005.247260427794,0.0,15230.665835344516,52235.91309577231,52235.91309577231,0.0,11969.794616831214,1506.067907286062,9443.109660547609,61679.022756319915,60196.45459373288,72166.2492105641,146.30120293863018,0.0,17654.75103707707,15353.561422165534,10726.432458709665,9556.195700783988,12
2025-06-02,M9,41054.845101072824,0.0,8922.794744773726,49977.63984584655,49977.63984584655,0.0,6267.712476518006,981.690264480837,6087.202117371326,56064.84196321787,67227.08209330469,73494.79456982271,1752.848241454552,99.32638333333352,20869.191261760076,16885.688502244408,9556.195700783988,9576.59172276315,13
2025-06-03,M9,46442.7611405657,0.0,2330.751002055837,48773.512142621534,48773.512142621534,0.0,2407.042151779816,173.67186891392498,1172.3536853196888,49945.86582794122,73828.39064002698,76235.43279180679,2769.8194637898773,1389.9066833333327,19884.84715203162,15827.83547176744,9576.59172276315,9886.470302072228,5
2025-06-04,M9,49027.61851297242,0.0,380.5783307659137,49408.19684373832,49408.19684373832,0.0,326.3977853018408,147.84277640207574,1007.3331085857752,50415.52995232409,78090.79145777912,78417.18924308097,4682.921903376906,316.77374999999984,18942.220443997874,15022.144894558407,9886.470302072228,10243.196596605412,4
2025-06-05,M9,47500.59309072114,0.0,1438.4357004263159,48939.028791147466,48939.028791147466,0.0,1728.8692224202887,160.86861683770985,1092.8787134512893,50031.907504598756,75145.6034112506,76874.4726336709,1890.2217860688447,543.4751166666667,19940.457126425725,16488.130795319288,10243.196596605412,9869.462682256019,4
2025-06-06,M9,19819.737849507987,0.0,2877.4566710723598,22697.194520580335,22697.194520580335,0.0,2300.1836584612483,748.5458190741393,4674.8489511922235,27372.04347177256,35405.584884521144,37705.76854298239,26.271662862976655,3984.340972948233,18939.79509826647,15351.088772021143,9869.462682256019,9858.512968450123,6
2025-06-07,M9,20718.86519110439,0.0,483.8804745885288,21202.74566569292,21202.74566569292,0.0,754.496340625562,61.02440347632228,364.855142350782,21567.600808043702,36741.25360037727,37495.749941002825,48.02872094767628,3174.985683919304,18024.958350291952,14817.711577346452,9858.512968450123,9616.851508883488,3
2025-06-08,M9,56046.50891079509,0.0,0.0,56046.50891079509,56046.50891079509,0.0,0.0,0.0,0.0,56046.50891079509,86882.83654493844,86882.83654493844,15902.18869538301,2031.5277999999998,14207.174425704772,10442.977642816006,9616.851508883488,10800.0,0
2025-06-09,M9,52000.29692853505,0.0,21.65178188803806,52021.94871042309,52021.94871042309,0.0,33.79658454388209,8.551392497199913,57.67486669736481,52079.62357712045,80935.83358198163,80969.63016652552,5704.349286914877,863.7589666666668,18354.94051684488,14877.579944737041,10800.0,10788.802082119235,1
2025-06-10,M9,49346.24615635176,0.0,207.67599606553642,49553.922152417304,49553.922152417304,0.0,323.82867224505117,0.0,0.0,49553.922152417304,77216.42127406747,77540.24994631253,1912.6933137342976,213.5552833333329,19923.573630625666,16128.0165147141,10788.802082119235,10800.0,0
2025-06-11,M9,49859.41603534347,0.0,4411.986260987446,54271.402296330925,54271.402296330925,0.0,4001.073284776605,9.684523248981463,65.29624765232938,54336.69854398326,77992.48070727076,81993.55399204738,1816.3728531523752,0.0,21591.680765670135,17489.261420192815,10800.0,10800.0,2
2025-06-12,M9,50463.89994659181,0.0,696.0840104524574,51159.983957044264,51159.983957044264,0.0,1081.4828016665906,0.0,0.0,51159.983957044264,78637.9465861156,79719.4293877822,3288.8658616345965,245.79104999999993,19644.110751654065,15911.729708839785,10800.0,10800.0,0
2025-06-13,M9,21128.213114304217,0.0,69.23124718682716,21197.44436149104,21197.44436149104,0.0,108.00719450716986,0.0,0.0,21197.44436149104,36414.72425401634,36522.73144852351,407.7250813221701,4928.003243750427,18133.261030095277,15291.571606644353,10800.0,10129.299808592026,0
2025-06-14,M9,21087.68756274854,0.0,53.026436530997415,21140.71399927954,21140.71399927954,0.0,82.73485036370516,0.0,0.0,21140.71399927954,36666.266365556,36749.00121591971,44.87536064384426,7377.343752619265,17742.978019059163,14609.538666402568,10129.299808592026,9865.159285297977,0
2025-06-15,M9,49213.97778627464,0.0,791.8568226065643,50005.83460888121,50005.83460888121,0.0,1117.7431133434225,0.0,0.0,50005.83460888121,77548.94547696813,78666.68859031156,3162.6127402011753,0.0,21240.76249234337,16363.660975566314,9865.159285297977,10800.0,0
2025-06-16,M9,48777.381552718834,0.0,2243.2528763597034,51020.63442907854,51020.63442907854,0.0,2372.9586994230895,1.6679656828478073,11.26961013616121,51031.9040392147,76660.37870920438,79033.33740862746,2372.973816232239,0.0,20884.0986390074,16916.119897595996,10800.0,10800.0,1
2025-06-17,M9,47091.84417767638,0.0,5007.0262707830225,52098.87044845942,52098.87044845942,0.0,4773.063871223011,144.84509952798385,984.6736763480902,53083.54412480751,74612.22625967201,79385.29013089501,886.2402459288444,0.0,21831.831155354277,17824.947387526783,10800.0,10643.150942566872,5
2025-06-18,M9,48700.23112849663,0.0,1743.9066171295754,50444.1377456262,50444.1377456262,0.0,2056.89971064806,71.58598405821715,482.77154620433606,50926.90929183053,76968.04516859066,79024.94487923873,4303.037532682842,55.22366666666653,19309.024275040116,15499.145511092682,10643.150942566872,10800.0,3
2025-06-19,M9,47065.766231809954,0.0,1222.7627981549258,48288.52902996488,48288.52902996488,0.0,1218.372520252144,81.63892626383745,550.3976259828514,48838.926655947726,74053.04197202303,75271.41449227519,2334.415213211288,922.4980499999999,20192.82081751438,16356.18486218665,10800.0,10800.0,2
2025-06-20,M9,21265.115460043777,0.0,55.954242820577804,21321.06970286435,21321.06970286435,0.0,87.6580733342285,0.0,0.0,21321.06970286435,35874.650500734984,35962.30857406921,1228.018359133665,8885.912409005356,18202.696651526494,14754.899695596301,10800.0,10788.09399126685,0
2025-06-21,M9,21198.019952365492,0.0,685.6387009954263,21883.658653360915,21883.658653360915,0.0,596.7184013086263,0.0,0.0,21883.658653360915,36088.82038938856,36685.53879069719,2229.3952046067425,11611.593388203566,18416.286263300197,14906.476465413321,10788.09399126685,10800.0,0
2025-06-22,M9,43852.78114955223,0.0,2608.5422788280393,46461.32342838028,46461.32342838028,0.0,2948.88795883032,58.15717913800347,397.39955073720284,46858.72297911748,69450.79598361431,72399.68394244464,879.9728217140472,194.05944999999997,20665.619736150566,16739.151986281962,10800.0,10800.0,5
2025-06-23,M9,44157.30724599016,0.0,2375.3523914586767,46532.65963744881,46532.65963744881,0.0,2593.6161073912294,32.63526678501398,222.2211341929377,46754.88077164174,69425.14980104996,72018.76590844119,1083.0714831370242,0.0,20953.951528622863,17046.907836533683,10800.0,10717.547668500929,3
2025-06-24,M9,45252.804982364854,0.0,8437.235221981635,53690.04020434651,53690.04020434651,0.0,7207.075372778299,2037.1990496992535,9815.888769919105,63505.92897426561,71764.5679441292,78971.64331690752,557.8587224299122,0.0,21620.969978040466,17438.77858386362,10717.547668500929,10800.0,12
2025-06-25,M9,45859.73205010119,0.0,2467.429729186102,48327.16177928731,48327.16177928731,0.0,2663.6851998865923,40.49562387210358,273.42001668096367,48600.58179596827,72430.51229516961,75094.1974950562,860.8005596408402,0.0,20191.953645372683,16355.482452751874,10800.0,10800.0,2
2025-06-26,M9,45124.4274151138,0.0,1933.507876887558,47057.935292001355,47057.935292001355,0.0,2457.154649851849,114.95981026186553,775.7123679508146,47833.64765995217,70742.54888990814,73199.70353976,1969.8452996292667,0.0,19986.495879259222,16189.061662199965,10800.0,10800.0,3
2025-06-27,M9,19987.715190719755,0.0,257.3423324700308,20245.057523189786,20245.057523189786,0.0,265.56556262494587,0.0,0.0,20245.057523189786,34332.5050198419,34598.07058246685,763.5497438164382,10496.600595411586,18769.86513985345,15203.590763281292,10800.0,10800.0,0
2025-06-28,M9,19879.262637443884,0.0,370.36722118549915,20249.629858629385,20249.629858629385,0.0,437.0929015815838,0.0,0.0,20249.629858629385,34571.542008581135,35008.63491016273,515.5301384216309,9138.472855830674,18830.030522335543,15252.324723091788,10800.0,10800.0,0
2025-06-29,M9,43138.84224701739,0.0,4663.598956224866,47802.44120324229,47802.44120324229,0.0,5225.282954042222,42.99475109880541,290.4339419593792,48092.87514520167,68222.1970683912,73447.48002243342,460.85325900368247,0.0,20349.878053218054,16588.02507202284,10800.0,10683.75127898198,3
2025-06-30,M9,45315.416766295944,0.0,2465.0717751036327,47780.48854139958,47780.48854139958,0.0,2883.856980334045,59.15703910877073,399.99476443131294,48180.483305830894,71367.0770105674,74250.93399090145,327.21291793301236,0.0,21055.633051724457,16950.438922980586,10683.75127898198,10800.0,4
2025-07-01,M9,44417.17535018688,0.0,15951.312966420839,60368.488316607734,60368.488316607734,0.0,13331.282722108239,311.1975917563203,2098.69208637373,62467.18040298147,69667.03956052623,82998.32228263447,1039.4012793218594,564.7078833333333,19927.205428763395,17088.33875036113,10800.0,9747.441829930243,6
2025-07-02,M9,45989.35972671162,0.0,11595.16354425939,57584.52327097103,57584.52327097103,0.0,10082.758904894581,209.39072936680896,1419.391104207537,59003.91437517857,72008.26792284855,82091.02682774313,3757.0797035182704,1500.0133500000006,18823.98304390364,14685.424906978635,9747.441829930243,10371.887783911698,7
2025-07-03,M9,51115.38150669377,0.0,6763.369173969755,57878.75068066351,57878.75068066351,0.0,6696.095410290871,43.653533318646964,301.350366243972,58180.101046907475,78944.30929222776,85640.40470251863,1321.5256618448707,631.5654,20349.99293727373,16379.444696614664,10371.887783911698,10487.498431219536,2
2025-07-04,M9,24818.966088791934,0.0,2900.476982765657,27719.443071557595,27719.443071557595,0.0,2446.935042927856,0.0,0.0,27719.443071557595,41209.13900286901,43656.074045796864,180.29479671602104,11200.30672576981,18531.66569465242,15137.060638008052,10487.498431219536,10347.041291953328,0
2025-07-05,M9,25807.073239688303,0.0,1146.7834857663302,26953.856725454632,26953.856725454632,0.0,1434.0075226263807,0.0,0.0,26953.856725454632,42942.43246801266,44376.43999063903,141.50618757114648,11746.380687263385,19110.17574742248,15411.70259828464,10347.041291953328,10422.085466539516,0
2025-07-06,M9,53630.70468486648,0.0,4782.461988123985,58413.16667299046,58413.16667299046,0.0,4561.0482165226085,24.42552717629553,164.75018080411334,58577.91685379457,82038.46411046383,86599.51232698646,2523.754542326114,76.60989999999993,20470.888324853655,16241.296463017023,10422.085466539516,10800.0,1
2025-07-07,M9,56270.710399317984,0.0,59.586407182144384,56330.29680650013,56330.29680650013,0.0,63.17742749677359,0.0,0.0,56330.29680650013,85518.08072464721,85581.25815214399,7893.4916167256615,1313.694416666667,15603.101853078926,12638.51250099393,10800.0,10800.0,0
2025-07-08,M9,60875.87738634295,0.0,0.0,60875.87738634295,60875.87738634295,0.0,0.0,0.0,0.0,60875.87738634295,92488.46712308316,92488.46712308316,11557.138175487928,2185.683383333334,16706.62393471177,13532.365387116532,10800.0,10800.0,0
2025-07-09,M9,57464.13421373179,0.0,0.0,57464.13421373179,57464.13421373179,0.0,0.0,0.0,0.0,57464.13421373179,87530.10509739733,87530.10509739733,9397.989790069068,1002.092709477238,16164.724111496696,13093.426530312323,10800.0,10800.0,0
2025-07-10,M9,53446.8279774591,0.0,109.24374660689963,53556.071724065994,53556.071724065994,0.0,170.52016952610575,0.0,0.0,53556.071724065994,81208.8199930218,81379.3401625479,3983.250785422193,1109.544433333333,18068.008212942383,14635.08665248333,10800.0,10800.0,0
2025-07-11,M9,27550.34691085381,0.0,0.0,27550.34691085381,27550.34691085381,0.0,0.0,0.0,0.0,27550.34691085381,44740.99882257852,44740.99882257852,1318.7542040817705,7510.609756288737,18168.933194381512,14776.075482173495,10800.0,10734.178228083925,0
2025-07-12,M9,26444.85136519733,0.0,227.58778600227805,26672.43915119961,26672.43915119961,0.0,344.7859679041891,0.0,0.0,26672.43915119961,43544.1903126063,43888.97628051049,30.78971043921871,9446.917085998488,18525.70798157215,15198.681830832702,10734.178228083925,10519.891155018084,0
2025-07-13,M9,50166.376023218014,0.0,484.9722050546468,50651.34822827266,50651.34822827266,0.0,598.317519199926,72.9605748461056,493.9999006337498,51145.348128906415,77079.02088157472,77677.33840077464,2486.598667898811,2244.9196930491357,18415.590811521502,14664.530596848694,10519.891155018084,10800.0,4
2025-07-14,M9,46827.09995740593,0.0,3507.5378804696165,50334.637837875576,50334.637837875576,0.0,3540.261270611059,92.40683213213265,623.2982088814218,50957.936046757,72308.63938458529,75848.90065519635,496.28442969064724,0.0,19273.114179029704,15635.770338058526,10800.0,10772.724607728365,4
2025-07-15,M9,51886.42324635354,0.0,0.0,51886.42324635354,51886.42324635354,0.0,0.0,0.0,0.0,51886.42324635354,79890.94766032597,79890.94766032597,3650.4690488581855,176.41471666666666,17318.239254859585,14003.225943391792,10772.724607728365,10800.0,0
2025-07-16,M9,50163.02993061159,0.0,597.2883458067167,50760.31827641831,50760.31827641831,0.0,931.7574632944709,11.900998663536939,80.40909747018732,50840.7273738885,76782.84987220292,77714.60733549739,2053.1600660073755,0.0,18625.183604316946,15086.39871949673,10800.0,10800.0,1
2025-07-17,M9,48743.83591295766,0.0,2717.9921061243895,51461.82801908205,51461.82801908205,0.0,3382.182769935698,45.84683299470544,311.01019234637477,51772.838211428425,74461.54714565029,77843.72991558598,1251.8630984967585,0.0,20617.355702196095,16700.058118778838,10800.0,10800.0,3
2025-07-18,M9,26941.934571700785,0.0,0.0,26941.934571700785,26941.934571700785,0.0,0.0,0.0,0.0,26941.934571700785,43893.90152628368,43893.90152628368,870.763087375737,8441.023729938814,17409.824257732223,14101.957648763098,10800.0,10800.0,0
2025-07-19,M9,26829.013884306565,0.0,32.975456331059064,26861.989340637625,26861.989340637625,0.0,51.60696899723814,0.0,0.0,26861.989340637625,43785.14986849475,43836.756837491994,616.9332595786907,12845.730070161331,17759.977017450678,14568.702559698708,10800.0,10596.532027151494,0
2025-07-20,M9,49824.06404462161,0.0,371.2449786885295,50195.30902331014,50195.30902331014,0.0,535.4393572422242,22.20042702858177,154.87017895138644,50350.17920226153,77081.42258636898,77616.8619436112,1754.7228329047193,0.0,19006.52708160395,15212.165760535547,10596.532027151494,10800.0,1
2025-07-21,M9,49923.76935068364,0.0,1699.7470017986263,51623.516352482264,51623.516352482264,0.0,2063.086895434703,27.68551464622567,193.1341501720703,51816.65050265433,77127.5293612587,79190.6162566934,1450.4933615437315,0.0,19884.52136734684,16106.46230755094,10800.0,10800.0,1
2025-07-22,M9,49218.778720303184,0.0,4541.67257545882,53760.45129576204,53760.45129576204,0.0,5557.1673190399715,140.351604420807,946.5478372773905,54706.999133039426,75802.79276363488,81359.96008267485,3734.0612082270673,249.3819333333331,19588.020678255696,15866.296749387107,10800.0,10800.0,5
2025-07-23,M9,50927.042815895686,0.0,385.79432157427397,51312.837137469956,51312.837137469956,0.0,523.3910158459247,100.04561757132831,675.1697512111361,51988.00688868109,78824.90335404489,79348.29436989082,1072.3973453626054,306.6351338263446,20376.977858913146,16524.21746730661,10800.0,10779.038442681147,3
2025-07-24,M9,50217.76888744678,0.0,1329.8131794370493,51547.582066883835,51547.582066883835,0.0,1657.016208880269,19.908251694105388,134.18233474335824,51681.764401627195,77755.48541114877,79412.50162002903,1968.5710312779415,80.49678333333327,19726.340292236302,15959.470235124438,10779.038442681147,10800.0,2
2025-07-25,M9,25779.78222330188,0.0,266.74593169312095,26046.528154994994,26046.528154994994,0.0,341.0301072841192,0.0,0.0,26046.528154994994,42479.6356742128,42820.66578149692,810.7709083734708,12092.118848260523,18504.207351368295,15091.750893172037,10800.0,10685.174512706979,0
2025-07-26,M9,25895.298336931734,0.0,230.10573234557964,26125.404069277312,26125.404069277312,0.0,280.97299920436876,0.0,0.0,26125.404069277312,42687.322532138955,42968.29553134332,618.3023423036658,10291.633878405322,18784.335228048847,15195.067484081173,10685.174512706979,10707.667902305198,0
2025-07-27,M9,48487.43569056898,0.0,3260.913484249327,51748.3491748183,51748.3491748183,0.0,3719.9307813864207,421.11946288316216,2137.843590206262,53886.19276502456,75076.61998246846,78796.55076385487,1430.3081690599952,0.0,21153.017735540678,17050.845477862633,10707.667902305198,10800.0,5
2025-07-28,M9,50393.62898368118,0.0,4738.8336837422075,55132.4626674234,55132.4626674234,0.0,4532.086720011703,15.933918524933688,107.46631349141525,55239.92898091482,77848.53933870966,82380.62605872136,518.2447584090595,0.0,20649.673607915305,16726.235622411397,10800.0,10800.0,1
2025-07-29,M9,50986.77510502072,0.0,1922.5226037792247,52909.297708799946,52909.297708799946,0.0,2090.917707010549,82.11832916466415,563.3418671316477,53472.63957593159,78582.61781239102,80673.53551940157,1112.99307775146,0.0,18817.061084659996,15243.646263845214,10800.0,10797.970238588205,4
2025-07-30,M9,49591.05062747221,0.0,3079.952953143019,52671.00358061523,52671.00358061523,0.0,3675.4848974505408,5.2939029490731855,36.71269928894618,52707.716279904176,76029.65582227215,79705.1407197227,1251.5600589768767,669.9145483000909,19388.837790127298,15703.131824732494,10797.970238588205,10800.0,2
2025-07-31,M9,49306.882236773476,0.0,2334.002414486173,51640.88465125964,51640.88465125964,0.0,2982.1257080810283,154.9137688147473,1050.3255727225953,52691.21022398224,76158.74240199459,79140.86811007562,1005.2480288750896,0.0,20175.981443972705,16580.443860624095,10800.0,10535.667898882,8
2025-08-01,M9,25357.869367848194,0.0,1353.466487177753,26711.335855025936,26711.335855025936,0.0,1353.291038557859,0.0,0.0,26711.335855025936,41830.004587276795,43183.29562583465,1130.884049528684,17108.37908044533,18183.020727304116,14490.347898110134,10535.667898882,10800.0,0
2025-08-02,M9,25443.184225329765,0.0,0.0,25443.184225329765,25443.184225329765,0.0,0.0,0.0,0.0,25443.184225329765,41888.99670242156,41888.99670242156,586.9968605540148,17008.981335679367,18031.612225963352,14665.618653108517,10800.0,10733.319166579779,0
2025-08-03,M9,45048.46138970574,0.0,131.2501040621794,45179.71149376789,45179.71149376789,0.0,153.9050859930362,260.5469313974222,1757.0631175679164,46936.77461133581,68365.91940783823,68519.82449383127,1293.7247029313717,1514.6504622055966,17696.347284597214,14563.831007838828,10733.319166579779,10477.997269563028,6
2025-08-04,M9,44894.17056393505,0.0,1033.360430230219,45927.530994165274,45927.530994165274,0.0,1537.3673974594615,26.539691895714668,179.16632392068317,46106.69731808596,68021.73687295115,69559.10427041061,270.4322310787885,0.0,18998.706265794342,15099.149617900139,10477.997269563028,10800.0,2
2025-08-05,M9,44752.13575593919,0.0,1106.2439520559367,45858.37970799513,45858.37970799513,0.0,1721.791816722036,20.43469980887278,137.76917894332473,45996.148886938456,67579.52451461993,69301.31633134196,559.0026842072732,0.0,19002.308492685457,15391.869879075213,10800.0,10800.0,3
2025-08-06,M9,45555.3845702951,0.0,2757.5316337557197,48312.91620405084,48312.91620405084,0.0,2479.6086006436817,23.254156381899065,158.10106537373446,48471.01726942457,69195.82324228308,71675.43184292677,349.7860657599414,0.0,18476.64958949248,15242.14892261042,10800.0,10493.263605420545,2
2025-08-07,M9,46571.70932485934,0.0,422.45934537348404,46994.16867023283,46994.16867023283,0.0,544.6251118778758,60.694052434209425,409.8148557817422,47403.98352601457,71588.0857648157,72132.71087669357,2112.8046958775494,2861.6871851015994,18709.816015932232,14878.888217783599,10493.263605420545,10800.0,3
2025-08-08,M9,24555.313040627654,0.0,35.452822904103435,24590.76586353176,24590.76586353176,0.0,55.33883228612103,0.0,0.0,24590.76586353176,40772.93684610044,40828.27567838656,221.3614072809719,21570.78577630189,18330.033039740305,15069.075794936602,10800.0,10553.612185836726,0
2025-08-09,M9,24364.433312383906,0.0,248.57280225696277,24613.00611464087,24613.00611464087,0.0,388.000940071744,0.0,0.0,24613.00611464087,40537.135933489204,40925.13687356095,160.74281624096682,18469.2991412865,18493.840327718386,15120.674411684904,10553.612185836726,10397.319134466712,0
2025-08-10,M9,44377.09326538268,0.0,2029.6768486773724,46406.77011406008,46406.77011406008,0.0,2283.04902292884,68.3526534752192,468.5865842910749,46875.35669835115,67146.26165794188,69429.31068087072,318.0370179103779,0.0,18487.339407661086,14612.332141225515,10397.319134466712,10800.0,3
2025-08-11,M9,44212.06254102557,0.0,1124.4992210095256,45336.56176203509,45336.56176203509,0.0,1692.8089556325474,192.19064908552707,1298.995746058879,46635.55750809397,67186.32218480892,68879.13114044147,431.8506796488042,333.64477920388936,19708.278933373484,15963.705936032518,10800.0,10800.0,5
2025-08-12,M9,44822.704133003346,0.0,2796.5500159518065,47619.25414895514,47619.25414895514,0.0,3021.590856397965,137.22033617743637,926.7922056163764,48546.04635457151,68651.31228504235,71672.90314144031,680.8575206885344,0.0,18806.906837973907,15438.184531044682,10800.0,10572.67778634909,7
2025-08-13,M9,44761.724250737614,0.0,2358.7616012259778,47120.485851963596,47120.485851963596,0.0,3447.509425089767,111.25091777186344,758.5691135842367,47879.05496554783,67972.45435385765,71419.96377894742,1698.0849913513607,0.0,18460.843489905845,14748.693234537921,10572.67778634909,10800.0,4
2025-08-14,M9,44249.75252123014,0.0,1864.1634713295505,46113.91599255968,46113.91599255968,0.0,2792.116830773374,219.8013665387487,1354.6610840758694,47468.577076635556,66903.60121150766,69695.71804228102,355.7656073491553,0.0,20502.593313885933,16869.13049574864,10800.0,10508.855653887742,5
2025-08-15,M9,24691.703737031345,0.0,381.95025543841786,25073.653992469754,25073.653992469754,0.0,437.20028217483946,0.0,0.0,25073.653992469754,40907.72480026349,41344.925082438334,438.81663212181957,20322.81706001112,18452.314835641093,15028.750328669037,10508.855653887742,10417.327529665798,0
2025-08-16,M9,24648.85568647102,0.0,714.4749785150434,25363.330664986064,25363.330664986064,0.0,781.3079672454882,0.0,0.0,25363.330664986064,40890.03920648557,41671.34717373105,253.07520847694553,20724.116456208343,18423.594804681445,14658.719662302348,10417.327529665798,10711.096562432042,0
2025-08-17,M9,44966.63831793934,0.0,199.21221631672424,45165.85053425606,45165.85053425606,0.0,310.9532760738691,106.477360656869,718.4023951014024,45884.25292935746,68142.20574181067,68453.15901788455,466.877283789457,1289.6321832703609,18892.159295825735,15254.426001010803,10711.096562432042,10764.677705329865,4
2025-08-18,M9,44758.24540956061,0.0,867.3895190680375,45625.634928628664,45625.634928628664,0.0,1154.7928020850377,204.774489144036,1392.8489882964889,47018.48391692515,67704.1152148815,68858.90801696654,964.4683357070695,0.0,19333.20257123014,15628.104017493291,10764.677705329865,10800.0,4
2025-08-19,M9,44902.77457544412,0.0,506.7571532251634,45409.53172866931,45409.53172866931,0.0,751.2166618538047,209.26567748994694,1411.6472276959712,46821.17895636528,67767.54691730524,68518.76357915904,541.9799963524234,405.9927803328185,18223.139105072427,14760.742675108664,10800.0,10800.0,5
2025-08-20,M9,45633.741737009055,0.0,3711.5142509657703,49345.255987974815,49345.255987974815,0.0,3523.1175616927812,1101.9327421955174,5901.669542849322,55246.92553082414,69854.26095687744,73377.37851857021,169.63020064430452,0.0,19973.15480049832,16314.164807043548,10800.0,10648.989534844553,10
2025-08-21,M9,46481.42407181791,0.0,431.9180543208286,46913.34212613877,46913.34212613877,0.0,525.7844038060233,57.78423206963123,389.6001804470944,47302.942306585865,71101.37238754096,71627.15679134699,1146.0173548180196,1269.0672333333332,17345.331789715063,13919.893837783125,10648.989534844553,10793.239436940195,4
2025-08-22,M9,24364.18369552152,0.0,1310.6199866096556,25674.803682131173,25674.803682131173,0.0,1432.2378244903905,0.0,0.0,25674.803682131173,40481.383778490264,41913.62160298065,275.8449311284949,17501.13173013992,18519.964138107996,15613.888596395756,10793.239436940195,10112.442054131001,0
2025-08-23,M9,24932.520346068795,0.0,356.3950459777211,25288.915392046514,25288.915392046514,0.0,519.97355827173,0.0,0.0,25288.915392046514,41464.70177777765,41984.67533604938,111.70884497669067,15458.270533951243,18414.629597720806,14529.939790599354,10112.442054131001,10541.231146969332,0
2025-08-24,M9,45627.431891550805,0.0,597.4006273969127,46224.83251894771,46224.83251894771,0.0,861.347392125106,7.8626080030607,52.9664588126184,46277.79897776033,69054.32814936926,69915.67554149436,420.0913830145871,1763.4653007530294,20085.85378132194,16079.461798925462,10541.231146969332,10752.43088468635,1
2025-08-25,M9,49200.705691770825,0.0,646.8434403010383,49847.54913207187,49847.54913207187,0.0,1009.02651919483,50.18439455726411,338.40919410303104,50185.95832617491,76044.0023090389,77053.02882823373,1875.5057468989594,671.1679166666668,19687.580730402202,15904.128187843498,10752.43088468635,10800.0,2
2025-08-26,M9,46884.370873834014,0.0,132.99625138854657,47017.36712522256,47017.36712522256,0.0,207.5958033068705,44.6386013163484,306.52823017345406,47323.89535539602,70767.80528346094,70975.40108676782,1836.9107674111542,146.2392230452706,18463.533233128466,14955.46191883406,10800.0,10800.0,4
2025-08-27,M9,46965.19185803228,0.0,2110.9398191962264,49076.13167722851,49076.13167722851,0.0,3018.8815840308935,47.05839054118269,317.24326461081154,49393.37494183933,70915.02722806542,73933.90881209631,1334.9596412905798,1132.9671354925606,19298.51405597462,15699.622496786928,10800.0,10724.63765394724,4
2025-08-28,M9,46779.85610551035,0.0,3691.4988626592058,50471.35496816955,50471.35496816955,0.0,4444.729991759492,95.27422369798273,642.7936837295887,51114.14865189914,70885.20751462813,75329.93750638762,798.8958944604819,0.0,19951.024951812215,16092.504099520414,10724.63765394724,10800.0,2
2025-08-29,M9,25861.703493072622,0.0,0.0,25861.703493072622,25861.703493072622,0.0,0.0,0.0,0.0,25861.703493072622,42363.84727965832,42363.84727965832,619.2146856271121,15733.424484090834,18340.137654244772,14884.149894304393,10800.0,10768.17956181541,0
2025-08-30,M9,25486.073474268174,0.0,193.66326770476746,25679.736741972945,25679.736741972945,0.0,280.48276071208113,0.0,0.0,25679.736741972945,41926.238662303345,42206.72142301543,93.81408560191545,20522.084451208488,17621.376149072206,14543.273096200515,10768.17956181541,10468.225766868713,0
2025-08-31,M9,45990.29002689275,0.0,1491.3309498395488,47481.620976732294,47481.620976732294,0.0,2266.2905972177964,100.68771659824165,687.5146700722221,48169.13564680452,69365.40554311461,71631.69614033241,1032.3013299845206,0.0,19762.434914708603,15708.975471095808,10468.225766868713,10800.0,4
2025-09-01,M9,47536.87341359652,0.0,0.0,47536.87341359652,47536.87341359652,0.0,0.0,0.0,0.0,47536.87341359652,72704.48950754179,72704.48950754179,12267.708385840942,4134.231720316004,14360.078252902656,11631.663384851156,10800.0,10800.0,0
2025-09-02,M9,40721.66415246771,0.0,865.9538705352331,41587.61802300294,41587.61802300294,0.0,1353.45424501164,161.63133702590412,823.8602471941833,42411.47827019713,61777.7769500447,63131.231195056345,5667.768935787648,0.0,18775.46182260316,15208.12407630856,10800.0,10800.0,3
2025-09-03,M9,39695.823674128835,0.0,961.4669036766986,40657.29057780555,40657.29057780555,0.0,1381.5152563506858,0.0,0.0,40657.29057780555,60325.12359121832,61706.638847569004,2536.805198771253,159.09813722724334,18226.411903002634,14763.393641432127,10800.0,10800.0,0
2025-09-04,M9,39144.125082673454,0.0,808.8560142922463,39952.9810969657,39952.9810969657,0.0,1103.668571657022,351.716175285615,1875.2506356368187,41828.231732602515,59337.13659078578,60440.80516244281,2871.841376671609,203.90813333333404,19953.717251176255,16162.510973452772,10800.0,10800.0,3
2025-09-05,M9,21787.399189766154,0.0,0.0,21787.399189766154,21787.399189766154,0.0,0.0,0.0,0.0,21787.399189766154,36578.1281157773,36578.1281157773,3897.6217541539745,22643.48543117658,16909.259283052987,13696.500019272913,10800.0,10800.0,0
2025-09-06,M9,21370.526818813993,0.0,79.61223706985894,21450.13905588385,21450.13905588385,0.0,124.63939449623098,0.0,0.0,21450.13905588385,36063.47252352284,36188.11191801907,3990.6314939336075,21177.28500592176,17363.745885072116,14064.634166908418,10800.0,10800.0,0
2025-09-07,M9,36842.25163024462,0.0,3410.9090232742574,40253.16065351888,40253.16065351888,0.0,4034.46477909633,301.65466187165123,1565.9250699541099,41819.085723472985,56244.12136930583,60278.58614840216,1871.85307475109,0.0,19723.179572926638,15975.775454070576,10800.0,10800.0,4
2025-09-08,M9,32202.894646567416,0.0,14152.239525708603,46355.134172276026,46355.134172276026,0.0,11719.143292761713,443.8326247445781,2278.4219986941935,48633.556170970216,50450.95252649028,62170.09581925199,39.15742590755326,0.0,19720.111200368854,16540.90971561316,10800.0,10169.311507428452,8
2025-09-09,M9,34984.62977559421,0.0,4456.021507135713,39440.65128272991,39440.65128272991,0.0,4286.638359488749,12.333419272444075,63.19040625422801,39503.84168898414,54396.332762903956,58682.9711223927,82.80013421500303,1900.7796945080058,20070.470216459616,16461.579770184144,10169.311507428452,9942.090513148612,3
2025-09-10,M9,36857.92539660491,0.0,7253.926982722391,44111.85237932729,44111.85237932729,0.0,7967.529390405534,961.4267199977209,4921.657169821242,49033.50954914853,57416.04267833347,65383.572068739,473.4485267406735,0.0,21068.55483092065,16513.00321892459,9942.090513148612,10556.008506616534,7
2025-09-11,M9,38507.01464826817,0.0,1370.4563904291201,39877.47103869727,39877.47103869727,0.0,1399.9627419308488,0.0,0.0,39877.47103869727,59993.1192808243,61393.08202275515,1380.9734834632313,2847.8002430280285,19448.34758589895,15780.125072968392,10556.008506616534,10526.049030627379,0
2025-09-12,M9,20249.027771570443,0.0,0.0,20249.027771570443,20249.027771570443,0.0,0.0,0.0,0.0,20249.027771570443,35049.93926249068,35049.93926249068,1078.3387438725235,18782.13755076267,17848.688923263857,14210.882155408366,10526.049030627379,10800.0,0
2025-09-13,M9,20905.989913904825,0.0,0.0,20905.989913904825,20905.989913904825,0.0,0.0,0.0,0.0,20905.989913904825,36019.51563924595,36019.51563924595,2166.508049495777,22552.094375284098,17335.85121648811,14042.039485355366,10800.0,10800.0,0
2025-09-14,M9,39492.96176938823,0.0,2488.039666504518,41981.00143589276,41981.00143589276,0.0,3445.9778334530365,0.0,0.0,41981.00143589276,60724.548533509806,64170.52636696285,494.19603619227485,0.0,19039.001232206087,15461.995651435507,10800.0,10755.105940723797,0
2025-09-15,M9,37103.84289664945,0.0,1975.1863114954756,39079.02920814493,39079.02920814493,0.0,2036.668695993189,1.1717666666667128,7.893606150000311,39086.92281429493,57752.196081487404,59788.86477748059,160.9544247733878,1523.534816839561,19726.89293848956,16688.376269288583,10755.105940723797,9966.669286154869,1
2025-09-16,M9,41039.008873173836,0.0,1465.9876581220462,42504.99653129588,42504.99653129588,0.0,1507.6521151918685,0.0,0.0,42504.99653129588,63754.33221929162,65261.98433448349,358.29612122347316,1547.3826332911035,18626.962947373962,14762.427350738375,9966.669286154869,10328.238882415455,0
2025-09-17,M9,40689.85197225367,0.0,858.1669384504058,41548.018910704086,41548.018910704086,0.0,1179.4601311626018,7.62916666666672,34.70889375000024,41582.72780445409,62641.55878132181,63821.01891248441,144.0372134152027,0.0,18770.316905973006,15045.824440237127,10328.238882415455,10503.941386416587,1
2025-09-18,M9,39795.519798223715,0.0,2897.5094712337323,42693.029269457424,42693.029269457424,0.0,3817.2097867901716,2.4633999999999787,17.18467839999985,42710.213947857425,60807.8200328998,64625.029819689975,1041.393599176215,1345.6270075731686,18339.53020504072,15055.108708766791,10503.941386416587,10281.620005656803,1
2025-09-19,M9,19389.764434057543,0.0,623.1305585183833,20012.894992575923,20012.894992575923,0.0,705.3891595046364,0.0,0.0,20012.894992575923,33971.840446815084,34677.22960631972,162.85130685218996,14657.51482555048,18132.67269442961,14377.161537179225,10281.620005656803,10626.401500444317,0
2025-09-20,M9,19241.973270545055,0.0,317.88523853258664,19559.858509077643,19559.858509077643,0.0,448.71197773556594,0.0,0.0,19559.858509077643,33700.746669232096,34149.458646967665,181.44403060106356,14827.819992979288,18726.95578525006,15232.19489519608,10626.401500444317,10556.000712507062,0
2025-09-21,M9,42373.77754554404,0.0,890.4494265758841,43264.22697211992,43264.22697211992,0.0,1332.1962518512657,0.0,0.0,43264.22697211992,65053.1711620688,66385.36741392006,2350.8991494471516,2589.8828833333328,16678.930441526387,13521.832543720135,10556.000712507062,10542.77972796955,0
2025-09-22,M9,42372.031248587045,0.0,199.9135123656377,42571.94476095268,42571.94476095268,0.0,312.42917950516755,19.555900000000065,131.78740035000044,42703.73216130269,65201.858985871906,65514.288165377075,517.9944894101681,1044.6481354162042,18136.240825261724,14779.059268044355,10542.77972796955,10444.219506211368,2
2025-09-23,M9,43420.82683477116,0.0,218.99103605480573,43639.81787082596,43639.81787082596,0.0,341.82632647281,6.375,42.9961875,43682.81405832596,66643.71553644401,66985.54186291683,1120.9344438285464,178.9910492316062,18519.473151091144,14944.0973645678,10444.219506211368,10507.192714895846,1
2025-09-24,M9,41419.80093487437,0.0,1688.4770794313567,43108.278014305724,43108.278014305724,0.0,2507.738173971089,0.0,0.0,43108.278014305724,62966.18954852906,65473.92772250014,552.4563327729728,0.0,18919.57754280761,15061.331253080429,10507.192714895846,10800.0,0
2025-09-25,M9,42521.19889590058,0.0,1495.4124037421918,44016.61129964276,44016.61129964276,0.0,2051.5310562100462,0.0,0.0,44016.61129964276,64653.15832241937,66704.68937862941,792.3683953872812,2312.1535,17856.3345222852,14591.615939043062,10800.0,10657.794471119947,0
2025-09-26,M9,20006.250411993118,0.0,0.0,20006.250411993118,20006.250411993118,0.0,0.0,0.0,0.0,20006.250411993118,34864.23256106615,34864.23256106615,627.8916913447836,13240.556290300685,17370.585777764165,14069.044698343487,10657.794471119947,10659.049784059376,0
2025-09-27,M9,19722.082487369826,0.0,483.57247073824215,20205.654958108065,20205.654958108065,0.0,661.0872157119495,0.0,0.0,20205.654958108065,34439.73020284635,35100.817418558305,135.70740671014994,14223.683684631253,18564.81743298361,15624.693355766705,10659.049784059376,10006.615078448287,0
2025-09-28,M9,43232.76322606121,0.0,2813.0827954746956,46045.84602153592,46045.84602153592,0.0,3894.7837663478385,5.868333333333339,39.56136916666671,46085.40739070259,66446.78100561812,70341.56477196595,2106.475862390691,329.8134816611296,19735.41920487479,15311.904610293992,10006.615078448287,10755.265018064501,1
2025-09-29,M9,44028.80440777723,0.0,48.33061664963319,44077.13502442683,44077.13502442683,0.0,72.2325535431371,26.015016666666725,134.73625666666706,44211.8712810935,67432.24088261701,67504.47343616016,1334.5215613220644,236.23894742678692,18327.394670609825,15127.558326531842,10755.265018064501,10441.522081022411,2
2025-09-30,M9,44767.974107291404,0.0,1857.5439420012513,46625.51804929264,46625.51804929264,0.0,2396.846497536516,31.411150000000134,212.2294349750009,46837.74748426764,68275.2920355935,70672.13853313001,1205.2337444110485,0.0,19755.321289328764,15679.180117276464,10441.522081022411,10800.0,1
2025-10-01,M9,43625.1247570579,0.0,0.0,43625.1247570579,43625.1247570579,0.0,0.0,0.0,0.0,43625.1247570579,67074.5812884899,67074.5812884899,7799.236585208096,6741.162098268752,15119.268798314351,12246.607726634624,10800.0,10800.0,0
2025-10-02,M9,41473.68090698984,0.0,156.1422805395148,41629.82318752937,41629.82318752937,0.0,244.3598878194951,0.0,0.0,41629.82318752937,63333.7733725035,63578.13326032299,4908.567861321928,3770.8512922390023,16673.32100050206,13505.390010406667,10800.0,10800.0,0
2025-10-03,M9,18368.638115261347,0.0,347.45668141954656,18716.094796680896,18716.094796680896,0.0,415.9967548509899,0.0,0.0,18716.094796680896,32577.45817228084,32993.454927131825,2303.7216242931063,19637.08413684542,17028.923505227915,13793.428039234608,10800.0,10800.0,0
2025-10-04,M9,18879.502781509786,0.0,378.9144754605981,19258.417256970377,19258.417256970377,0.0,470.4677089550704,0.0,0.0,19258.417256970377,33289.229776568136,33759.697485523204,2025.0826437069409,15329.036967723268,17484.099340838366,14174.503900078704,10800.0,10786.240628889303,0
2025-10-05,M9,39571.26244841603,0.0,773.1346649093437,40344.397113325394,40344.397113325394,0.0,784.8454168393249,0.0,0.0,40344.397113325394,61159.52633153976,61944.37174837908,2138.1901084083715,1779.7398388380634,17253.143686665084,13962.662952199094,10786.240628889303,10800.0,0
2025-10-06,M9,38453.56568280932,0.0,2416.7131421195954,40870.278824928915,40870.278824928915,0.0,2980.390690342486,0.0,0.0,40870.278824928915,59197.01490092674,62177.40559126922,949.583832611358,0.0,18393.22372977826,14898.511221120389,10800.0,10800.0,0
2025-10-07,M9,38388.4266247465,0.0,3615.804373681874,42004.230998428364,42004.230998428364,0.0,4198.732593272959,0.0,0.0,42004.230998428364,58873.79107685781,63072.523670130766,1754.5626728526604,0.0,18665.252617253213,15118.854619975104,10800.0,10800.0,0
2025-10-08,M9,35826.95296234697,0.0,2806.053230492946,38633.0061928399,38633.0061928399,0.0,3233.488715421756,0.0,0.0,38633.0061928399,56300.71144292166,59534.20015834341,105.37047629401411,0.0,19129.346270824815,16179.012255442078,10800.0,10039.731359917798,0
2025-10-09,M9,37792.54401232024,0.0,798.7309033634142,38591.27491568365,38591.27491568365,0.0,1191.5707471313897,0.0,0.0,38591.27491568365,59460.00333304332,60651.57408017471,282.2007568521408,562.3918376408897,20322.275736190244,16275.275933841895,10039.731359917798,10246.13959599803,0
2025-10-10,M9,17383.42872527881,0.0,1118.1391550033572,18501.56788028217,18501.56788028217,0.0,1238.2612299146424,0.0,0.0,18501.56788028217,31931.69436860947,33169.95559852411,84.47305203561086,19826.442194803203,18231.490413347805,14316.060978329175,10246.13959599803,10747.74654764531,0
2025-10-11,M9,18043.196884286255,0.0,99.18231204727095,18142.37919633353,18142.37919633353,0.0,155.06282819654837,0.0,0.0,18142.37919633353,32865.08749317396,33020.15032137051,210.90528803109862,15306.859572889818,17877.55850058169,14481.486623465433,10747.74654764531,10747.008505429467,0
2025-10-12,M9,39111.862920469786,0.0,932.3708096979649,40044.23373016775,40044.23373016775,0.0,1462.331801896988,20.929933333333338,98.03580773333336,40142.269537901084,60625.28086073819,62087.61266263518,377.10779213638756,0.0,17948.999448739814,14732.52062824102,10747.008505429467,10531.640644583053,1
2025-10-13,M9,40904.887386644725,0.0,100.40693856657231,41005.2943252113,41005.2943252113,0.0,156.72666599012302,0.0,0.0,41005.2943252113,63473.138046129345,63629.864712119466,1189.3774379182234,1694.4936032910002,18300.394479131563,14581.796108221311,10531.640644583053,10800.0,0
2025-10-14,M9,41219.085394850954,0.0,858.4306603175855,42077.51605516855,42077.51605516855,0.0,1333.9878530988208,0.0,0.0,42077.51605516855,63912.99289823994,65246.980751338764,819.9390116583287,0.0,19227.43398077424,15574.221524427132,10800.0,10800.0,0
2025-10-15,M9,41369.441178304245,0.0,372.08401545554034,41741.525193759786,41741.525193759786,0.0,580.7881941706881,0.0,0.0,41741.525193759786,64730.359075934204,65311.1472701049,316.8366891461172,0.0,18561.309276775748,15487.022345816968,10800.0,10297.375742634871,0
2025-10-16,M9,41701.93826262089,0.0,1630.2888183273383,43332.227080948236,43332.227080948236,0.0,2082.316987864626,132.57673671599645,623.0101813874367,43955.23726233567,65221.944484926345,67304.26147279097,355.5857657141163,0.0,20887.464375693773,16772.684881900917,10297.375742634871,10459.777145313812,7
2025-10-17,M9,18574.39569452329,0.0,0.0,18574.39569452329,18574.39569452329,0.0,0.0,0.0,0.0,18574.39569452329,33899.09466820459,33899.09466820459,319.5469386407645,14217.352329735855,17161.879596286,13803.883513124689,10459.777145313812,10567.820434054885,0
2025-10-18,M9,18477.807950968854,0.0,131.263396772802,18609.071347741658,18609.071347741658,0.0,167.64552901350297,0.0,0.0,18609.071347741658,33759.427694636885,33927.0732236504,84.02743706921956,14266.66432772014,17432.72911563971,13932.940923445345,10567.820434054885,10776.231167635797,0
2025-10-19,M9,42280.719435942774,0.0,1077.1235614873544,43357.84299743013,43357.84299743013,0.0,1673.8739720509147,198.9538817459649,1137.58909029053,44495.43208772066,66154.08350011216,67827.95747216306,568.3703753128725,0.0,20414.92873447884,16842.110289216012,10776.231167635797,10436.211151760073,6
2025-10-20,M9,44020.759579672704,0.0,316.9310501634477,44337.69062983614,44337.69062983614,0.0,495.1877625251972,0.0,0.0,44337.69062983614,68746.82069810142,69242.00846062662,736.9573770419108,0.0,20225.92130708231,16161.652590164256,10436.211151760073,10682.148561284974,0
2025-10-21,M9,43777.850790951794,0.0,1153.9881507901687,44931.83894174196,44931.83894174196,0.0,1642.5463091462234,0.0,0.0,44931.83894174196,68634.73297817716,70277.27928732338,328.63183905288963,0.0,19787.037495985896,16300.971397715406,10682.148561284974,10378.291865766276,0
2025-10-22,M9,43872.75834875915,0.0,721.3872835947097,44594.14563235385,44594.14563235385,0.0,1011.0268434872971,0.0,0.0,44594.14563235385,68615.09505268949,69626.1218961768,169.03164165491228,0.0,20471.415378693262,16569.221824171378,10378.291865766276,10392.31923528867,0
2025-10-23,M9,46543.93299570643,0.0,82.5779987568137,46626.51099446325,46626.51099446325,0.0,128.89721182675987,0.0,0.0,46626.51099446325,72899.5271230992,73028.42433492596,4211.276194238316,1937.7505333333331,18120.824534502906,14620.923960481932,10392.31923528867,10455.590249139144,0
2025-10-24,M9,18650.842201201947,0.0,290.41071134724814,18941.252912549196,18941.252912549196,0.0,354.9763251459109,0.0,0.0,18941.252912549196,34128.04865400182,34483.024979147725,102.69421298355473,12747.31103692406,17879.079467008698,14666.110454435257,10455.590249139144,10251.083486741132,0
2025-10-25,M9,18311.485885198716,0.0,389.7221546190245,18701.20803981774,18701.20803981774,0.0,456.9146772895071,0.0,0.0,18701.20803981774,33839.4226567147,34296.3373340042,53.67350678333088,11651.151832714078,17580.049437379923,14386.970176206465,10251.083486741132,10087.605562375882,0
2025-10-26,M9,45189.804870175416,0.0,181.02656177903802,45370.83143195445,45370.83143195445,0.0,282.56702064939986,0.0,0.0,45370.83143195445,70775.59177821028,71058.15879885969,1339.0708900082395,1056.9372833333325,19209.84876556986,15092.010156718414,10087.605562375882,10607.569277257187,0
2025-10-27,M9,43698.9423906846,0.0,1702.4402723497042,45401.3826630343,45401.3826630343,0.0,2302.6305559045486,19.744933333333393,92.4852677333336,45493.867930767636,68029.41816597471,70332.04872187927,1881.11049708849,1507.4664674446278,19635.366448500616,16224.7314244878,10607.569277257187,10251.919720365735,1
2025-10-28,M9,44577.9496402686,0.0,1302.3493988240602,45880.29903909266,45880.29903909266,0.0,1876.4166095504697,0.0,0.0,45880.29903909266,69344.29172668276,71220.70833623322,1122.3709485062031,0.0,19970.362811964478,15844.44712423745,10251.919720365735,10620.305001981047,0
2025-10-29,M9,45810.606179129034,0.0,1914.013752336263,47724.61993146529,47724.61993146529,0.0,2405.855212396016,0.0,0.0,47724.61993146529,71338.35745188611,73744.21266428214,613.4121700291715,0.0,20678.590325234152,16860.04663098118,10620.305001981047,10497.651149157136,0
2025-10-30,M9,45098.60472590289,0.0,155.81061452612494,45254.41534042902,45254.41534042902,0.0,243.20707800846787,3.641833333333352,17.058347333333423,45271.47368776235,69987.26253163037,70230.46960963885,624.817418749767,1092.6793023266428,19316.132992793468,15587.335920897687,10497.651149157136,10562.908708340497,1
2025-10-31,M9,19561.809847442517,0.0,51.03106480719202,19612.840912249703,19612.840912249703,0.0,79.74509142398858,0.0,0.0,19612.840912249703,35299.667222735094,35379.41231415908,235.7000744911204,7796.579645709433,17756.292126719025,14313.451599427153,10562.908708340497,10639.736511913008,0
2025-11-01,M9,19559.918830418355,0.0,47.80588593523212,19607.724716353587,19607.724716353587,0.0,74.6831491904436,0.0,0.0,19607.724716353587,35414.901627971914,35489.58477716235,431.87153938620355,9038.394041028127,17670.241806780687,14194.961043365991,10639.736511913008,10770.775200942307,0
2025-11-02,M9,46328.9270008962,0.0,1393.4259612598587,47722.35296215606,47722.35296215606,0.0,1872.9113105337192,0.0,0.0,47722.35296215606,72042.3365548946,73915.24786542833,1430.1863401425644,0.0,20487.482350984785,16798.80475903235,10770.775200942307,10544.170695681556,0
2025-11-03,M9,47810.346487018825,0.0,150.2945659134439,47960.64105293227,47960.64105293227,0.0,234.5969966650182,0.0,0.0,47960.64105293227,74593.60731852156,74828.20431518658,862.2991099078064,565.1147348675261,19317.494400044096,15421.634212966183,10544.170695681556,10794.766530203262,0
2025-11-04,M9,46309.18668924041,0.0,526.5622513487901,46835.748940589205,46835.748940589205,0.0,699.1350347254217,33.599550000000136,155.81717803333396,46991.56611862254,72122.48668255107,72821.62171727649,1205.9655599664384,1005.6755063766841,19173.609912079453,16110.101744479416,10794.766530203262,10150.902401653188,2
2025-11-05,M9,48008.275656655045,0.0,189.58103834615196,48197.856695001195,48197.856695001195,0.0,296.1187026830188,0.0,0.0,48197.856695001195,75098.18131391009,75394.3000165931,770.2493261078068,426.1968526453983,21041.527352997007,16521.693581823776,10150.902401653188,10730.839706212972,0
2025-11-06,M9,46579.30605540549,0.0,2956.46799773593,49535.77405314142,49535.77405314142,0.0,3434.953754478601,0.0,0.0,49535.77405314142,72468.08203611108,75903.0357905897,429.7702457915036,0.0,21270.719633630877,17167.038638832688,10730.839706212972,10800.0,0
2025-11-07,M9,20083.95978045006,0.0,55.73845400576472,20139.698234455824,20139.698234455824,0.0,87.00297199057945,0.0,0.0,20139.698234455824,36173.76847359886,36260.771445589446,642.353820206881,8911.32203859465,17954.821038767615,14566.187235313031,10800.0,10774.686451209716,0
2025-11-08,M9,19929.65333746626,0.0,0.0,19929.65333746626,19929.65333746626,0.0,0.0,0.0,0.0,19929.65333746626,36232.24912250213,36232.24912250213,467.29734076479633,8698.156602102394,17191.411617709062,13915.823538074124,10774.686451209716,10784.93075373218,0
2025-11-09,M9,48013.087242527916,0.0,932.0711246692459,48945.15836719717,48945.15836719717,0.0,1450.6366299399392,0.0,0.0,48945.15836719717,74489.93654872225,75940.57317866219,672.8530772791152,210.83546999931116,20505.10087614979,16795.033428099363,10784.93075373218,10578.373288823253,0
2025-11-10,M9,48435.973192903395,0.0,2294.5329551129917,50730.50614801641,50730.50614801641,0.0,2838.908757560622,0.0,0.0,50730.50614801641,75406.85779056548,78245.76654812609,606.0521023716751,0.0,21019.58933010851,17238.31798435408,10578.373288823253,10342.317036638604,0
2025-11-11,M9,49374.62314931451,0.0,231.67331036557675,49606.296459680096,49606.296459680096,0.0,361.89848410713614,0.0,0.0,49606.296459680096,76487.07208997798,76848.97057408512,905.722800382183,354.800308171167,20257.19925162354,16227.77145275844,10342.317036638604,10542.939193368196,0
2025-11-12,M9,48788.66825923793,0.0,1261.8307237767035,50050.498983014615,50050.498983014615,0.0,1460.7198653984601,0.0,0.0,50050.498983014615,75680.15560977501,77140.87547517347,1832.2044811018388,463.5332000000002,20516.314252324137,16627.164208252496,10542.939193368196,10532.995122401584,0
2025-11-13,M9,48342.34267040986,0.0,1389.9653980873215,49732.30806849718,49732.30806849718,0.0,2083.4024509365463,2.010533333333342,9.417338133333374,49741.72540663051,74640.36971431192,76723.77216524846,319.99503802900324,160.46586666666644,20244.307929257116,16394.85745203765,10532.995122401584,10536.363978691166,1
2025-11-14,M9,19912.46110403941,0.0,363.253999118717,20275.715103158123,20275.715103158123,0.0,461.56876545766397,0.0,0.0,20275.715103158123,35954.7798009218,36416.34856637947,206.39716625933158,5199.422575663718,17769.89925988282,14357.825735426402,10536.363978691166,10576.133606556366,0
2025-11-15,M9,19836.147938929833,0.0,464.9688192605074,20301.116758190343,20301.116758190343,0.0,547.413396215263,0.0,0.0,20301.116758190343,36020.611915664485,36568.02531187974,251.65222243297364,4586.312816295515,18263.99916239586,14745.825805911265,10576.133606556366,10629.481957255668,0
2025-11-16,M9,49909.2445442667,0.0,1638.6791500029447,51547.923694269644,51547.923694269644,0.0,2042.0052785228609,0.0,0.0,51547.923694269644,77093.15435651352,79135.15963503637,623.8409467938088,0.0,21307.727646685,17230.95334177576,10629.481957255668,10660.933126187989,0
2025-11-17,M9,49934.534342219005,0.0,1716.304377044325,51650.83871926334,51650.83871926334,0.0,2113.925264478934,0.0,0.0,51650.83871926334,76962.2817781277,79076.20704260663,2135.179981071422,269.16134999999986,20268.16416721617,16292.052789014288,10660.933126187989,10800.0,0
2025-11-18,M9,49660.31838301256,0.0,1568.350232339159,51228.66861535172,51228.66861535172,0.0,2181.0829508825977,0.0,0.0,51228.66861535172,76759.26923597696,78940.35218685956,269.19905620994587,0.0,21005.58113013907,17224.9798328228,10800.0,10566.156536210949,0
2025-11-19,M9,49769.73555278158,0.0,4159.020784383373,53928.75633716494,53928.75633716494,0.0,4029.541094482429,1.3850000000001046,6.301057500000477,53935.05739466494,76983.5206887798,81013.06178326224,1623.7041636788858,243.10676666666654,20785.050904747004,17005.72665183032,10566.156536210949,10377.450515116236,1
2025-11-20,M9,50444.529623465,0.0,1019.9185746992832,51464.44819816429,51464.44819816429,0.0,1549.5079118516812,0.0,0.0,51464.44819816429,77997.05230107703,79546.5602129287,537.988598711656,28.772050000000036,21532.667864342144,17345.944333458425,10377.450515116236,10483.580111403699,0
2025-11-21,M9,20440.61501036116,0.0,1010.9373438475574,21451.55235420872,21451.55235420872,0.0,1044.2857388209027,0.0,0.0,21451.55235420872,36775.80441802951,37820.090156850405,523.0633035209901,4820.372067873783,17513.120100275268,13900.849381486292,10483.580111403699,10800.0,0
2025-11-22,M9,20441.91187406721,0.0,351.3066438473226,20793.218517914538,20793.218517914538,0.0,436.37803839457524,0.0,0.0,20793.218517914538,36937.55495722771,37373.93299562228,253.0523816359335,3707.8419525221043,17878.75598475925,14685.546806628336,10800.0,10573.606156696285,0
2025-11-23,M9,51242.12753611703,0.0,1662.8452852226753,52904.97282133968,52904.97282133968,0.0,1697.9247904709664,0.0,0.0,52904.97282133968,78928.72023322714,80626.6450236981,1176.7702687562992,0.0,21126.442171763865,16908.66370015539,10573.606156696285,10800.0,0
2025-11-24,M9,50406.20132271343,0.0,548.8935277047001,50955.094850418136,50955.094850418136,0.0,790.1415633745502,18.83966666666663,88.24499866666649,51043.339849084805,77642.44750276313,78432.58906613768,773.4062559158624,183.90513333333342,20010.000263510432,16677.82661995528,10800.0,10278.081770542403,1
2025-11-25,M9,52891.676958131924,0.0,14.9479993659145,52906.624957497836,52906.624957497836,0.0,23.332551886231954,0.0,0.0,52906.624957497836,81576.35157040723,81599.68412229347,1139.5568970620523,36.171841085969845,20971.140516627827,16715.84559914904,10278.081770542403,10578.946458675178,0
2025-11-26,M9,52216.07937413364,0.0,1093.2346805377174,53309.31405467136,53309.31405467136,0.0,1126.6205812340393,0.0,0.0,53309.31405467136,80471.8079862048,81598.42856743882,598.0492821680972,0.0,21282.96955128987,17040.257149352467,10578.946458675178,10800.0,0
2025-11-27,M9,51836.71164327874,0.0,1443.8139217567832,53280.52556503552,53280.52556503552,0.0,1795.7325438375374,0.0,0.0,53280.52556503552,79570.1593007037,81365.89184454124,1509.6388254575559,214.0128166666666,20534.912648963582,16673.565179879894,10800.0,10755.237850867348,0
2025-11-28,M9,20630.489339826803,0.0,294.9701286479389,20925.45946847474,20925.45946847474,0.0,370.0612005123234,0.0,0.0,20925.45946847474,37142.75910935724,37512.82030986956,199.77379995527855,2962.714619976499,18277.127649038684,14848.0343091009,10755.237850867348,10706.836836001166,0
2025-11-29,M9,21040.618848289014,0.0,184.46682179234253,21225.085670081357,21225.085670081357,0.0,287.93697306226886,0.0,0.0,21225.085670081357,37914.876872309906,38202.81384537218,86.52673363004754,0.0,17659.409092351598,14472.572080609472,10706.836836001166,10519.669373995976,0
2025-11-30,M9,53854.16846185426,0.0,1626.1100599534752,55480.27852180774,55480.27852180774,0.0,2019.9089574907396,0.0,0.0,55480.27852180774,82838.22022142801,84858.12917891875,281.04557117000945,0.0,22372.87138267618,18040.615891594098,10519.669373995976,10610.124849966654,0
2025-12-01,M9,54787.69801815045,0.0,10410.099208259559,65197.797226409995,65197.797226409995,0.0,9001.535327978443,211.05543125084517,1023.3506236185616,66221.14785002856,84043.03007249984,93044.56540047827,2209.1641262676985,0.0,24087.585984726782,19340.057012598678,10610.124849966654,10800.0,4
2025-12-02,M9,57064.55641536901,0.0,8706.261961296661,65770.81837666566,65770.81837666566,0.0,7511.383816135522,105.95513179000034,617.9403777355502,66388.7587544012,87011.16759627982,94522.55141241534,1486.6198663465889,0.0,23705.6669887303,19201.59026087154,10800.0,10800.0,3
2025-12-03,M9,59472.72581473055,0.0,4828.659686344861,64301.385501075376,64301.385501075376,0.0,4695.4234977280685,19.607955587667448,114.53987256535939,64415.92537364073,89702.48168892978,94397.90518665785,3232.692442037406,0.0,21168.80070284973,17146.728569308274,10800.0,10800.0,1
2025-12-04,M9,61339.75398424295,0.0,2509.838525948583,63849.59251019154,63849.59251019154,0.0,2016.0482891635852,99.52302405562716,562.1699151042793,64411.76242529582,92304.02594113891,94320.0742303025,3584.6053752587486,0.0,21388.332258417875,17324.549129318482,10800.0,10800.0,2
2025-12-05,M9,24510.52468016367,0.0,2417.702899925611,26928.22758008929,26928.22758008929,0.0,3112.824242524502,0.0,0.0,26928.22758008929,43456.22370762111,46569.047950145614,1823.750549347052,0.0,18071.94588139601,14638.276163930774,10800.0,10800.0,0
2025-12-06,M9,25244.930225972956,0.0,3122.2513737081836,28367.181599681135,28367.181599681135,0.0,3589.442600702436,0.0,0.0,28367.181599681135,44964.885195160736,48554.32779586318,1547.0127447264456,0.0,17593.074918263537,14250.390683793466,10800.0,10800.0,0
2025-12-07,M9,64217.58773069297,0.0,69.59272456415304,64287.18045525712,64287.18045525712,0.0,97.79683439773191,24.548135287347577,143.39793228104085,64430.57838753816,96241.94526213652,96339.74209653425,4860.677155943106,0.0,20268.062241465836,16417.130415587337,10800.0,10800.0,1
2025-12-08,M9,66969.31731493972,0.0,0.0,66969.31731493972,66969.31731493972,0.0,0.0,0.0,0.0,66969.31731493972,100330.32245170898,100330.32245170898,8758.455796622937,0.0,19603.45020220735,15878.794663787958,10800.0,10800.0,0
2025-12-09,M9,65489.09478217705,0.0,0.0,65489.09478217705,65489.09478217705,0.0,0.0,79.69273598829386,463.3827661749348,65952.47754835199,98402.75398381146,98402.75398381146,7144.978508640494,0.0,20784.28391838209,16835.269973889495,10800.0,10800.0,3
2025-12-10,M9,61875.06368380865,0.0,744.2312913919275,62619.29497520058,62619.29497520058,0.0,1048.2509647908587,2.940943939618819,17.17952402328333,62636.47449922386,93742.84252710789,94791.09349189873,2269.316396679555,0.0,21796.670207964686,17659.570635472548,10800.0,10795.258036643163,1
2025-12-11,M9,62169.28318264975,0.0,0.0,62169.28318264975,62169.28318264975,0.0,0.0,30.088760693825975,175.76349559298444,62345.04667824273,94113.67294501275,94113.67294501275,4246.629412404345,0.0,20692.683296216295,16756.805702914047,10795.258036643163,10800.0,1
2025-12-12,M9,25807.74870946179,0.0,1471.6386815005376,27279.38739096233,27279.38739096233,0.0,1980.467665225065,0.0,0.0,27279.38739096233,46228.97503440248,48209.44269962754,865.1898030015366,293.6187969442859,17564.310491113072,14228.089874764679,10800.0,10798.890692263229,0
2025-12-13,M9,25946.605516538082,0.0,1002.2077180705953,26948.81323460868,26948.81323460868,0.0,1408.9469082167186,0.0,0.0,26948.81323460868,46745.82545249349,48154.77236071021,944.0489389233867,0.0,18006.04542796011,14593.855389506625,10798.890692263229,10788.93670019775,0
2025-12-14,M9,59616.27086568405,0.0,2609.0552546831973,62225.326120367245,62225.326120367245,0.0,3216.4660787963176,40.90438201466441,238.9429475386621,62464.26906790591,90698.99004713664,93915.45612593295,723.7115986592763,0.0,23389.31652350699,18935.389414218644,10788.93670019775,10800.0,1
2025-12-15,M9,61210.80457703216,0.0,1369.698540817977,62580.50311785015,62580.50311785015,0.0,1707.7155485186752,30.215768250311612,176.50541023419527,62757.00852808435,93069.02288010046,94776.73842861914,1204.2839582818374,0.0,22111.144429734544,17978.0321578136,10800.0,10724.438700301542,1
2025-12-16,M9,61940.412682073314,0.0,407.8268251495281,62348.23950722284,62348.23950722284,0.0,637.6713405479203,16.538704149733462,96.51857793233468,62444.758085155176,93780.83787388602,94418.50921443396,1013.9114763614457,0.0,21854.79408582385,17851.748976934945,10724.438700301542,10558.476736504184,2
2025-12-17,M9,60824.470195660964,0.0,340.1458405177458,61164.616036178726,61164.616036178726,0.0,520.1660290162698,43.8956745391032,255.52803130350466,61420.14406748223,92826.47510793072,93346.64113694699,1114.160331003735,0.0,22212.054571344626,18127.52515752893,10558.476736504184,10407.631231237769,2
2025-12-18,M9,59739.0402213379,0.0,1680.0712493061897,61419.11147064407,61419.11147064407,0.0,1638.7400475041636,25.736527792521997,148.88227879383356,61567.993749437905,90937.63075784293,92576.37080534708,799.1388505655334,0.0,22857.3954767204,18420.69396081299,10407.631231237769,10511.84942604947,2
2025-12-19,M9,25053.03836998375,0.0,1321.3061600769033,26374.344530060665,26374.344530060665,0.0,1942.7025215828057,0.0,0.0,26374.344530060665,45151.89792033795,47094.60044192075,166.63043517251486,873.5935849863982,18087.47733966287,14941.492217901025,10511.84942604947,10188.921011856028,0
2025-12-20,M9,25865.247988787214,0.0,29.204014342004637,25894.45200312922,25894.45200312922,0.0,45.58497516897626,0.0,0.0,25894.45200312922,46795.62680467038,46841.211779839345,154.69868303534423,166.77124236839234,18418.48124371443,14755.091639278813,10188.921011856028,10371.007865333666,0
2025-12-21,M9,60878.7835062671,0.0,1208.0938747383964,62086.877381005484,62086.877381005484,0.0,1713.6693365892934,17.092947782267856,99.84845447011767,62186.725835475605,92700.01550424582,94413.6848408351,611.9833461254456,0.0,23131.156076976702,18350.143501151433,10371.007865333666,10800.0,1
2025-12-22,M9,60343.668193273654,0.0,1085.4486175960124,61429.11681086967,61429.11681086967,0.0,1272.612647937921,47.07377598202936,266.4540613740245,61695.5708722437,91768.88013341767,93041.49278135558,434.09281188984295,0.0,22249.267598717233,18532.22093660279,10800.0,10232.984242620176,2
2025-12-23,M9,60992.2189916686,0.0,326.35091875813896,61318.56991042674,61318.56991042674,0.0,509.36209210250456,0.0,0.0,61318.56991042674,92893.89245438563,93403.25454648814,1645.398162800904,0.0,22297.34220607437,17797.578355720467,10232.984242620176,10525.50516617548,0
2025-12-24,M9,59744.81085320558,0.0,925.1370344787075,60669.94788768428,60669.94788768428,0.0,1434.0916182019782,13.040803802896676,75.85127185934807,60745.799159543625,91182.73297581048,92616.82459401246,565.911543618585,0.0,23180.76642217605,18971.371884645938,10525.50516617548,10308.892852082887,2
2025-12-25,M9,58961.49505680979,0.0,1667.45318878543,60628.94824559521,60628.94824559521,0.0,2325.9131843782416,0.0,0.0,60628.94824559521,90084.77837091546,92410.69155529371,194.93320015153063,0.0,23289.310680087805,18886.000858278956,10308.892852082887,10284.82706607418,0
2025-12-26,M9,24934.256420013942,0.0,1593.9802497320106,26528.236669745947,26528.236669745947,0.0,1942.271804522833,0.0,0.0,26528.236669745947,45101.445017475366,47043.7168219982,118.21015613464994,0.0,18542.99659486222,14625.112362331995,10284.82706607418,10723.399154414627,0
2025-12-27,M9,25085.732491875897,0.0,826.849384559805,25912.581876435717,25912.581876435717,0.0,1189.8651934375105,0.0,0.0,25912.581876435717,45531.7693613508,46721.63455478831,149.64375780204207,0.0,17992.701850185116,14759.520119865505,10723.399154414627,10517.364019730672,0
2025-12-28,M9,60555.87435158497,0.0,355.36182214906614,60911.236173734025,60911.236173734025,0.0,413.17950040646576,116.99850811685963,678.2461956674788,61589.48236940151,92116.75855754605,92529.93805795252,1637.1684834300936,0.0,21620.54174006177,17420.028407422476,10517.364019730672,10620.264466427963,3
2025-12-29,M9,59983.82395448788,0.0,920.4929830586267,60904.31693754651,60904.31693754651,0.0,1313.646392992264,19.020919558900687,111.11070160331835,61015.42763914983,91544.8493811609,92858.49577415315,1464.912655831775,0.0,21707.892792049483,17819.055020835855,10620.264466427963,10358.417956121544,1
2025-12-30,M9,59141.53951083525,0.0,961.2771199272273,60102.81663076246,60102.81663076246,0.0,1071.98909893433,54.20504858661593,316.6387913187169,60419.45542208118,90530.7633827005,91602.75248163483,1029.255717699455,0.0,22654.561067712802,18251.2618551908,10358.417956121544,10468.343077962185,1
2025-12-31,M9,59038.700276708936,0.0,1514.2338706451578,60552.9341473541,60552.9341473541,0.0,2035.085948312635,154.4965209885905,767.2170055892961,61320.15115294339,90304.45557041504,92339.54151872767,176.5750527639865,0.0,23023.71805240789,19352.677998788946,10468.343077962185,9686.713770919341,6
2025-02-01,M10,21805.834700616462,0.0,39.98423810805969,21845.81893872452,21845.81893872452,0.0,25.37165644189986,0.0,0.0,21845.81893872452,42387.2637574438,42412.63541388569,1554.752227742573,2720.711608348176,19784.18760242955,16025.191957967934,10800.0,10800.0,0
2025-02-02,M10,55828.16699687959,0.0,175.7409516426231,56003.90794852221,56003.90794852221,0.0,90.9561636739503,0.0,0.0,56003.90794852221,88986.96164536827,89077.91780904222,6368.355958584376,59.174066666666704,22600.578072585213,18306.468238794023,10800.0,10800.0,0
2025-02-03,M10,55402.15063520049,0.0,296.7855398436725,55698.93617504416,55698.93617504416,0.0,153.60377809366378,22.387095745879037,156.17237992325218,55855.10855496741,88628.24502267924,88781.84880077289,4146.3469427061145,0.0,23373.53923059301,18932.566776780342,10800.0,10800.0,1
2025-02-04,M10,55109.25976572678,0.0,161.4039288822186,55270.663694609,55270.663694609,0.0,83.53592054561943,4.6089924763813315,22.67393848755796,55293.337633096555,88238.44159631412,88321.97751685974,2432.6784876756997,0.0,24828.115228106115,20129.07115644569,10800.0,10779.66908702252,1
2025-02-05,M10,51710.457110414005,0.0,2047.222574284043,53757.67968469804,53757.67968469804,0.0,1493.6203716216924,1194.2363216777585,6711.0150192740175,60468.69470397206,83598.20934685643,85091.82971847811,950.4873796421034,0.0,24332.59074847486,19745.439071294415,10779.66908702252,10739.624014767216,8
2025-02-06,M10,53273.3129413712,0.0,910.4889424466912,54183.801883817876,54183.801883817876,0.0,510.3964603157142,221.8481610923539,1159.7282484843622,55343.530132302236,85609.89150049593,86120.28796081163,1483.302341836576,0.0,24617.214266597657,20029.437703196905,10739.624014767216,10640.186073375215,8
2025-02-07,M10,19331.1629707745,0.0,327.3601666337612,19658.523137408265,19658.523137408265,0.0,221.1212455729609,539.8841908160595,2776.905564146889,22435.428701555153,38074.44003583096,38295.56128140392,189.8426281811079,2971.4331913983624,20449.36305269942,16580.87306672558,10640.186073375215,10621.420524442934,6
2025-02-08,M10,17022.49246695242,0.0,2702.0908663401306,19724.583333292543,19724.583333292543,0.0,2171.8257083932167,630.9111720024412,3717.394763556139,23441.97809684868,33907.261108330305,36079.086816723524,56.37998898548835,988.8823666666668,21387.183850340705,17299.61093393356,10621.420524442934,10648.09606315673,5
2025-02-09,M10,48991.47691468366,0.0,4673.167885562829,53664.64480024649,53664.64480024649,0.0,3663.1421335648856,1122.8847042419566,5707.095958617954,59371.74075886444,79544.55718345707,83207.69931702196,236.57945711457683,0.0,24011.100959278498,19472.512361795834,10648.09606315673,10621.96208006758,14
2025-02-10,M10,50463.112646574176,0.0,910.8227845360595,51373.93543111023,51373.93543111023,0.0,514.3013689417759,103.54304062404358,469.0977164661777,51843.0331475764,81467.51106595897,81981.81243490073,3433.62254423536,193.20466666666675,22259.738597283824,18127.847915994407,10621.96208006758,10513.673577629243,5
2025-02-11,M10,49643.07968033773,0.0,907.9416248223507,50551.02130516009,50551.02130516009,0.0,500.16967978972696,776.6303522069958,3771.1931272457196,54322.21443240581,80528.83950284353,81029.00918263325,1858.8926027201153,0.0,24030.972748728957,19304.822949942158,10513.673577629243,10691.745773771801,12
2025-02-12,M10,50386.258916656836,0.0,966.035672884318,51352.294589541154,51352.294589541154,0.0,502.71202179396005,130.20844679457898,621.0109043538471,51973.305493895,81350.57707149652,81853.28909329048,2229.8061640102032,84.31429590992047,22961.857895435987,18559.216948604375,10691.745773771801,10736.065714548213,8
2025-02-13,M10,50291.32175281528,0.0,919.5995404506413,51210.92129326593,51210.92129326593,0.0,500.00195090795137,0.0,0.0,51210.92129326593,81204.2051659064,81704.20711681434,5944.070922175682,360.1709518632497,21120.765101063953,17050.2788749552,10736.065714548213,10800.0,0
2025-02-14,M10,18283.4473217023,0.0,1073.7877366741845,19357.235058376482,19357.235058376482,0.0,779.0547242937855,0.0,0.0,19357.235058376482,35582.152403476066,36361.20712776984,325.38837808147196,2172.511548274535,21376.344130248268,17314.838745501096,10800.0,10800.0,0
2025-02-15,M10,18096.271725548777,0.0,1570.5987838709923,19666.87050941977,19666.87050941977,0.0,1206.7902573967556,0.0,0.0,19666.87050941977,35161.12233411066,36367.91259150742,106.44265129613837,3135.5794651124884,20931.02457194888,17085.22519685009,10800.0,10654.338562698342,0
2025-02-16,M10,50547.87282868329,0.0,1017.5081118980893,51565.38094058138,51565.38094058138,0.0,527.4563162443625,47.17144106304613,216.4962369238396,51781.87717750522,81691.2545234689,82218.71083971325,2363.7560107878744,30.539166666666688,22963.751103948838,18469.543100627066,10654.338562698342,10800.0,2
2025-02-17,M10,50072.69700853397,0.0,1182.544682181421,51255.24169071539,51255.24169071539,0.0,612.2825137231348,16.694513422821956,78.19710087249804,51333.43879158789,81341.54111649643,81953.82363021957,6107.797342920017,794.4812,20444.086495030107,16559.710060974387,10800.0,10800.0,1
2025-02-18,M10,47313.41813432064,0.0,2504.6798202820855,49818.09795460272,49818.09795460272,0.0,1621.5257501191986,46.13879046719762,209.97113122346866,50028.069085826195,76931.64539061327,78553.17114073245,2309.0525373828286,95.83631069958756,21594.912104125833,17491.878804341926,10800.0,10800.0,3
2025-02-19,M10,46878.93261528276,0.0,2159.6645330723395,49038.597148355104,49038.597148355104,0.0,1420.9619189488558,651.2785498521666,3149.4609682049895,52188.058116560096,76421.93545219683,77842.89737114568,1142.2169538969529,0.0,23540.166230355564,19067.534646588,10800.0,10800.0,9
2025-02-20,M10,47927.557276108164,0.0,1136.8011440428338,49064.358420150995,49064.358420150995,0.0,602.3721579104991,68.45143864037993,314.6744172954167,49379.03283744641,78087.66692211459,78690.03908002508,3551.9415945459505,0.0,22175.8694251904,17962.454234404224,10800.0,10800.0,2
2025-02-21,M10,18034.80716580144,0.0,1703.9122588610223,19738.71942466246,19738.71942466246,0.0,1229.6946825411878,0.0,0.0,19738.71942466246,35106.89822351109,36336.592906052276,954.7934227961923,5996.036330839093,20134.216416229785,16308.71529714613,10800.0,10800.0,0
2025-02-22,M10,18050.179063923304,0.0,1674.4923348959483,19724.671398819253,19724.671398819253,0.0,1212.6225502595655,0.0,0.0,19724.671398819253,35074.263925179956,36286.886475439525,819.6313218439802,3753.8546704815235,20361.250525161508,16492.612925380818,10800.0,10800.0,0
2025-02-23,M10,47721.23870570576,0.0,1309.6010515740295,49030.8397572798,49030.8397572798,0.0,772.3898417668071,28.80067500616633,132.8693402930513,49163.70909757285,77842.20725121886,78614.59709298567,2741.77459834901,108.02718736657403,22430.22262601539,18168.480327072462,10800.0,10800.0,2
2025-02-24,M10,46114.0595590389,0.0,901.1385112004782,47015.19807023937,47015.19807023937,0.0,494.06473369299243,68.02218512260299,310.6268213642724,47325.82489160364,75390.36947967892,75884.43421337192,2830.3525735300395,760.5988499999997,21886.691359462187,17728.220001164373,10800.0,10800.0,2
2025-02-25,M10,45941.17270369523,0.0,845.2667495330866,46786.43945322832,46786.43945322832,0.0,442.9424286249209,65.42801478012564,290.36124155884823,47076.80069478717,75345.74308566637,75788.68551429128,4745.043749395459,1193.5753032748291,21548.26970035682,17454.098457289023,10800.0,10800.0,3
2025-02-26,M10,43341.99485078544,0.0,3139.4510753239733,46481.44592610942,46481.44592610942,0.0,2506.497006495595,150.4562326807155,715.5497079915956,47196.99563410102,71184.82584263317,73691.32284912877,797.328146142007,0.0,22261.067907021818,18031.465004687678,10800.0,10800.0,5
2025-02-27,M10,43346.85920118862,0.0,1287.117462408271,44633.976663596884,44633.976663596884,0.0,846.2439212383215,1203.0427625507727,5843.412424308679,50477.38908790556,71251.76211424213,72098.00603548044,1821.5057493578774,262.3258893687163,22424.383996340202,18163.751037035567,10800.0,10800.0,10
2025-02-28,M10,17302.84789203606,0.0,1755.1490783189965,19057.996970355063,19057.996970355063,0.0,1320.5765492008675,0.0,0.0,19057.996970355063,33903.89912697153,35224.475676172406,909.1757866823891,7112.192659510356,20581.650947261398,16671.137267281738,10800.0,10800.0,0
2025-03-01,M10,17429.696599233885,0.0,417.4038467877994,17847.100446021683,17847.100446021683,0.0,259.0478785997638,0.0,0.0,17847.100446021683,34124.7717091737,34383.81958777347,635.3112715725065,6185.769030284717,20547.228171489016,16643.254818906105,10800.0,10800.0,0
2025-03-02,M10,44849.904199816025,0.0,5264.192385203589,50114.09658501961,50114.09658501961,0.0,2948.2281495597294,372.2657473128518,2164.1638009643757,52278.26038598399,74086.7500337278,77034.97818328755,879.6163701467879,0.0,22320.45941130886,18151.13891752192,10800.0,10720.48133959806,7
2025-03-03,M10,46744.564023797786,0.0,1875.3513409163165,48619.91536471411,48619.91536471411,0.0,1008.0251242115058,400.97571397227705,2275.2288851306694,50895.14424984477,76624.16658813115,77632.19171234265,1468.510249352579,104.3053166666665,23739.685902271358,19296.480675309,10720.48133959806,10645.66456796561,8
2025-03-04,M10,45585.96961637681,0.0,2556.455351753516,48142.424968130326,48142.424968130326,0.0,1614.9775381914778,0.6247333333334382,2.9262509333338245,48145.35121906366,74761.18255449302,76376.1600926845,2295.0610660802276,600.6831000000002,21803.58335670171,17522.000630097435,10645.66456796561,10800.0,1
2025-03-05,M10,44779.28831852844,0.0,1820.0442360861412,46599.33255461457,46599.33255461457,0.0,1060.9034993252963,6.618300000000204,30.558060533334277,46629.8906151479,73919.32543566496,74980.22893499026,4383.535713249976,438.84349999999984,21231.55792144007,17197.561916366463,10800.0,10800.0,2
2025-03-06,M10,41959.302572763845,0.0,3687.3673003992612,45646.669873163104,45646.669873163104,0.0,2372.8931466085646,140.69792404576322,754.96694495947,46401.63681812258,69367.64619631958,71740.53934292815,1400.9756465670505,803.271483333333,21166.990640946686,17430.654637206495,10800.0,10482.897535511467,6
2025-03-07,M10,16465.463324050786,0.0,1124.2052832814443,17589.668607332227,17589.668607332227,0.0,772.2596176204618,0.0,0.0,17589.668607332227,32518.88986015652,33291.149477776984,453.65389536811557,7779.480621665562,20264.932680896305,16129.203253486332,10482.897535511467,10800.0,0
2025-03-08,M10,15332.34379930018,0.0,3727.4155241609865,19059.759323461167,19059.759323461167,0.0,2768.640125023758,0.0,0.0,19059.759323461167,30301.559563104885,33070.19968812864,670.8187920698681,9512.353731705009,20125.72446151103,16301.836813823933,10800.0,10800.0,0
2025-03-09,M10,41616.16329627765,0.0,3376.37139267158,44992.534688949236,44992.534688949236,0.0,2304.931436075918,0.0,0.0,44992.534688949236,69246.98803547735,71551.91947155326,3117.9902329083843,993.9696666666669,21612.813273569533,17506.37875159132,10800.0,10800.0,0
2025-03-10,M10,40403.22526506986,0.0,6368.982113868936,46772.20737893878,46772.20737893878,0.0,4682.947139872989,18.26450472299723,110.7440211414223,46882.9514000802,67329.63320679484,72012.58034666782,67.22764826074092,0.0,21550.95221751192,17629.406464381835,10800.0,10607.627590892022,3
2025-03-11,M10,40288.91044394451,0.0,3684.6204845471266,43973.53092849163,43973.53092849163,0.0,2757.6980163656135,0.0,0.0,43973.53092849163,66946.60660103161,69704.30461739723,893.9272203589237,696.7541901088615,21060.89073016984,16886.18632324039,10607.627590892022,10800.0,0
2025-03-12,M10,41524.06929961137,0.0,2843.8570116496394,44367.92631126099,44367.92631126099,0.0,1765.370159323138,0.0,0.0,44367.92631126099,69054.43130437215,70819.8014636953,3221.1743780213324,1255.4993519370487,20566.279212650417,16658.686162246835,10800.0,10800.0,0
2025-03-13,M10,41100.32938015653,0.0,4229.090936419526,45329.42031657604,45329.42031657604,0.0,3414.6697948995725,132.97948162513438,585.8064428496589,45915.2267594257,68258.60853457145,71673.27832947104,238.31396880412734,0.0,21755.453996809036,17733.12817118366,10800.0,10676.432851368509,3
2025-03-14,M10,16091.607992436137,0.0,2610.1175884977465,18701.72558093388,18701.72558093388,0.0,1787.7565002918457,0.0,0.0,18701.72558093388,31542.281698454834,33330.03819874668,1550.442661617945,11939.53556559055,19470.65028650795,15660.016298303093,10676.432851368509,10800.0,0
2025-03-15,M10,15898.516636760954,0.0,2896.238455565915,18794.75509232687,18794.75509232687,0.0,1998.4314368286514,0.0,0.0,18794.75509232687,31189.817777248147,33188.2492140768,1151.9470355694366,7335.713861759821,19876.121930250236,16099.658763502694,10800.0,10800.0,0
2025-03-16,M10,41082.38250393237,0.0,3075.1701706954686,44157.55267462785,44157.55267462785,0.0,2028.406306651968,1.6400000000001,7.461180000000455,44165.01385462785,68177.39948624567,70205.80579289763,2759.546519454941,180.25728333333336,20613.658193558058,16697.063136782028,10800.0,10800.0,1
2025-03-17,M10,40783.263214809514,0.0,2070.7241067203386,42853.98732152986,42853.98732152986,0.0,1238.4339498781674,0.0,0.0,42853.98732152986,67911.0211170483,69149.45506692646,5802.555953871949,1826.6224166666661,19274.448752918568,15612.30348986405,10800.0,10800.0,0
2025-03-18,M10,40337.68142851766,0.0,1792.1420604027617,42129.82348892041,42129.82348892041,0.0,1056.3239638334824,746.3909602233405,3709.3695911485706,45839.19308006898,67231.07053952858,68287.39450336205,2893.714756895901,1049.8160319186873,20864.717411074434,16900.421102970286,10800.0,10800.0,7
2025-03-19,M10,37722.40319981594,0.0,3775.8096428111758,41498.2128426271,41498.2128426271,0.0,2962.683804184248,331.128815909872,1612.3639978122083,43110.57684043931,62495.95758378819,65458.64138797243,2394.558813010519,0.0,20682.847057219937,16753.106116348146,10800.0,10800.0,3
2025-03-20,M10,39215.373727667306,0.0,3234.1649747384195,42449.538702405705,42449.538702405705,0.0,2163.452576629342,0.0,0.0,42449.538702405705,65275.16341439119,67438.61599102055,1170.3304660780664,0.0,21364.86162250426,17305.537914228455,10800.0,10800.0,0
2025-03-21,M10,15124.893664155317,0.0,3234.8365141265,18359.730178281814,18359.730178281814,0.0,2248.356971999403,0.0,0.0,18359.730178281814,29789.152883407776,32037.50985540718,1367.3764588764113,14854.968638864217,19903.685478946725,16121.985237946845,10800.0,10800.0,0
2025-03-22,M10,15529.789543686471,0.0,2261.730839865914,17791.520383552386,17791.520383552386,0.0,1553.3354433864583,0.0,0.0,17791.520383552386,30587.814791361707,32141.150234748162,1510.3388588619976,11034.507915377766,19553.1775114477,15838.073784272634,10800.0,10800.0,0
2025-03-23,M10,39090.504098461024,0.0,2890.599440494075,41981.10353895511,41981.10353895511,0.0,1875.7502575711628,0.0,0.0,41981.10353895511,65270.078806379846,67145.82906395101,3075.9574500120716,1457.1833954647072,20226.147904250363,16383.179802442794,10800.0,10800.0,0
2025-03-24,M10,37277.37302896068,0.0,3410.2848328843997,40687.65786184507,40687.65786184507,0.0,2130.140114269492,243.6316809285567,1194.15613533657,41881.81399718164,62620.737651922806,64750.877766192294,1500.5905242572694,1499.426108001244,21031.55648173166,17035.560750202647,10800.0,10800.0,3
2025-03-25,M10,38364.11064942182,0.0,3041.343487330267,41405.45413675208,41405.45413675208,0.0,1988.3879006790269,109.47771480192007,526.3275724187382,41931.78170917082,64448.39831730685,66436.78621798588,898.2800166514354,614.13871173742,21493.265724906705,17409.545237174436,10800.0,10800.0,3
2025-03-26,M10,37016.79119060985,0.0,2864.0406846340265,39880.831875243864,39880.831875243864,0.0,1936.389191694096,0.0,0.0,39880.831875243864,61649.79848285768,63586.187674551795,2726.8887983914155,1445.069950253852,20114.07399599925,16292.399936759397,10800.0,10800.0,0
2025-03-27,M10,37537.3626423809,0.0,2864.5983024676693,40401.96094484856,40401.96094484856,0.0,1888.9975195034424,0.0,0.0,40401.96094484856,62547.861424848874,64436.85894435231,1807.415655780092,0.0,20591.862571432797,16679.40868286058,10800.0,10800.0,0
2025-03-28,M10,15025.111568706503,0.0,1985.9516313002182,17011.063200006723,17011.063200006723,0.0,1345.5369611200163,0.0,0.0,17011.063200006723,29831.407993254805,31176.94495437482,1282.3002867394696,15315.246286466187,19776.40849738155,16018.890882879052,10800.0,10800.0,0
2025-03-29,M10,14830.537424623622,0.0,2236.3507311599164,17066.88815578354,17066.88815578354,0.0,1533.358367653725,0.0,0.0,17066.88815578354,29652.057732375877,31185.4161000296,819.9153931603485,18886.334083505397,19852.40757910803,16080.450139077508,10800.0,10800.0,0
2025-03-30,M10,36078.51103803134,0.0,2138.8913411826456,38217.40237921399,38217.40237921399,0.0,1390.7673463937085,0.0,0.0,38217.40237921399,60299.02696627475,61689.794312668455,1586.1402027517797,814.4712399356254,20755.59563147925,16812.032461498195,10800.0,10800.0,0
2025-03-31,M10,34285.11229717536,0.0,5024.27668637237,39309.38898354775,39309.38898354775,0.0,4874.544887572823,0.0,0.0,39309.38898354775,56706.986330476146,61581.53121804897,808.0802307788936,0.0,20116.113178614476,16294.05167467773,10800.0,10800.0,0
2025-04-01,M10,37313.2685427705,0.0,3896.8611556347705,41210.129698405275,41210.129698405275,0.0,3036.8835145395406,0.0,0.0,41210.129698405275,62735.01796892346,65771.901483463,1109.1893409747058,735.8797462414134,19568.32041884328,15850.339539263057,10800.0,10800.0,0
2025-04-02,M10,36924.00584922296,0.0,4369.796974592983,41293.802823815946,41293.802823815946,0.0,3566.6563451227744,638.2359227095203,3101.42730345784,44395.23012727378,61887.012668999356,65453.66901412213,1762.6011390463377,0.0,20494.570514659612,16600.602116874295,10800.0,10800.0,6
2025-04-03,M10,37722.95735005625,0.0,1099.8048309106052,38822.762180966856,38822.762180966856,0.0,651.7869779426823,0.0,0.0,38822.762180966856,62679.805562833455,63331.59254077614,1898.827769034871,1656.305058567847,20594.365507930284,16681.43606142354,10800.0,10800.0,0
2025-04-04,M10,14521.90694971393,0.0,1203.4092123747578,15725.316162088688,15725.316162088688,0.0,831.0304027526107,0.0,0.0,15725.316162088688,29068.540500997966,29899.570903750573,871.4368456431916,18812.54242922399,19919.944099386306,16135.154720502913,10800.0,10800.0,0
2025-04-05,M10,14307.11077735992,0.0,1781.1061772455503,16088.216954605467,16088.216954605467,0.0,1252.2339040376628,0.0,0.0,16088.216954605467,28874.018597899892,30126.252501937553,373.03924094286907,13889.502820081734,20103.133987261186,16283.538529681562,10800.0,10800.0,0
2025-04-06,M10,35965.31990478108,0.0,738.5942708613499,36703.914175642436,36703.914175642436,0.0,427.4046398964688,0.0,0.0,36703.914175642436,59932.12498048892,60359.52962038541,786.0940616129056,1216.1591737988279,20774.737464773698,16827.537346466695,10800.0,10800.0,0
2025-04-07,M10,34500.028280749466,0.0,2427.055655183697,36927.083935933144,36927.083935933144,0.0,2265.313438957442,0.0,0.0,36927.083935933144,57238.20692379991,59503.52036275735,1309.0705299125868,1164.2707181161863,19933.999112606543,16146.5392812113,10800.0,10800.0,0
2025-04-08,M10,35639.82016625785,0.0,802.4560222888332,36442.27618854668,36442.27618854668,0.0,445.41664497519014,135.67250269458833,673.3646530459939,37115.64084159268,59268.203917657724,59713.6205626329,1369.3943274312896,187.5373318333145,21165.312310797774,17226.144521401548,10800.0,10708.620500382938,4
2025-04-09,M10,35170.63773181743,0.0,5273.8611605276865,40444.4988923451,40444.4988923451,0.0,4980.696842095094,0.0,0.0,40444.4988923451,58620.10376965338,63600.80061174848,487.5900208237673,0.0,20775.50695964582,16796.607385387782,10708.620500382938,10743.67966918887,0
2025-04-10,M10,35792.22355652739,0.0,1963.8841989256239,37756.107755453,37756.107755453,0.0,2031.088343646084,0.0,0.0,37756.107755453,59343.15465696376,61374.243000609844,1897.39719096723,1038.8121569405992,20736.103841286807,16758.70808858479,10743.67966918887,10785.386361252797,0
2025-04-11,M10,13951.017111046847,0.0,2004.104513606227,15955.121624653075,15955.121624653075,0.0,1419.1341794238974,0.0,0.0,15955.121624653075,28219.055321185362,29638.189500609264,633.6874234225481,19883.821627791953,19951.98951502952,16147.959232301426,10785.386361252797,10800.0,0
2025-04-12,M10,14124.784874481815,0.0,1199.2257459027524,15324.010620384566,15324.010620384566,0.0,815.9958372893143,0.0,0.0,15324.010620384566,28553.15281757026,29369.14865485957,797.5566162065937,15805.187351527575,19690.758616449493,15949.514479324085,10800.0,10800.0,0
2025-04-13,M10,34098.731107756816,0.0,2363.9699700894002,36462.70107784622,36462.70107784622,0.0,1776.6991952018975,0.0,0.0,36462.70107784622,57046.5254345694,58823.22462977129,559.1087654060219,0.0,20988.196742273394,17000.43936124145,10800.0,10800.0,0
2025-04-14,M10,34329.56474727956,0.0,1058.6594289303682,35388.22417620992,35388.22417620992,0.0,566.872018954786,0.0,0.0,35388.22417620992,57259.77902155137,57826.651040506156,1425.5963041785035,0.0,20384.33124382976,16511.308307502106,10800.0,10800.0,0
2025-04-15,M10,33607.44993767521,0.0,1183.6396350132272,34791.08957268844,34791.08957268844,0.0,951.1212433390863,0.0,0.0,34791.08957268844,55767.57829875397,56718.69954209306,1159.5771331656304,1675.212121587118,19707.797126352554,15963.31567234557,10800.0,10800.0,0
2025-04-16,M10,34064.28762718223,0.0,2786.961885074065,36851.24951225629,36851.24951225629,0.0,2670.6332654290723,0.0,0.0,36851.24951225629,57097.997691244535,59768.63095667361,171.47359622960187,0.0,20092.449528652665,16274.884118208662,10800.0,10800.0,0
2025-04-17,M10,33432.17215011861,0.0,2247.4675205662274,35679.639670684846,35679.639670684846,0.0,2656.6619802856517,0.0,0.0,35679.639670684846,55030.55717829882,57687.21915858447,982.684757488088,0.0,20190.48447945464,16354.292428358262,10800.0,10800.0,0
2025-04-18,M10,13745.904722156716,0.0,1541.6591470159165,15287.56386917263,15287.56386917263,0.0,1085.4868245847083,0.0,0.0,15287.56386917263,27819.844324811424,28905.33114939613,1043.1168787873219,17789.799153675853,19569.989124208525,15851.691190608904,10800.0,10800.0,0
2025-04-19,M10,13638.443556828046,0.0,869.3968447149233,14507.84040154297,14507.84040154297,0.0,608.766922772,0.0,0.0,14507.84040154297,27664.73166390665,28273.498586678645,756.2668837650389,16967.63128456316,19815.374570265467,16050.453401915018,10800.0,10800.0,0
2025-04-20,M10,33325.694021658725,0.0,1210.5135337550867,34536.20755541383,34536.20755541383,0.0,1222.717224244378,0.0,0.0,34536.20755541383,55227.182272746504,56449.89949699088,584.3944583905042,0.0,20567.158711931937,16659.398556664884,10800.0,10800.0,0
2025-04-21,M10,33804.392981307006,0.0,634.0187177651196,34438.411699072116,34438.411699072116,0.0,338.73329940826727,0.0,0.0,34438.411699072116,56472.469811375064,56811.20311078333,1786.8900222636576,2885.307587120661,19063.658516135234,15441.563398069546,10800.0,10800.0,0
2025-04-22,M10,32162.2486813008,0.0,3254.6605610987676,35416.90924239958,35416.90924239958,0.0,3665.6230713009727,0.0,0.0,35416.90924239958,52741.77784610768,56407.40091740865,370.9519649610096,0.0,20439.57703042626,16556.057394645275,10800.0,10800.0,0
2025-04-23,M10,32306.13783134325,0.0,2591.521026050806,34897.658857394046,34897.658857394046,0.0,3037.8955430893993,0.0,0.0,34897.658857394046,53321.35557735129,56359.25112044069,1102.3178474999183,85.24033845678241,19851.453777985964,16079.677560168633,10800.0,10800.0,0
2025-04-24,M10,32369.963449039053,0.0,367.3213831363286,32737.284832175377,32737.284832175377,0.0,190.83502336599898,0.0,0.0,32737.284832175377,53317.72326456003,53508.55828792603,732.7553984419498,2030.0901187607847,19240.031951175268,15584.425880451963,10800.0,10800.0,0
2025-04-25,M10,13023.751536674792,0.0,319.00736602148527,13342.758902696276,13342.758902696276,0.0,213.8137226500209,0.0,0.0,13342.758902696276,26859.772743708076,27073.586466358094,202.13176968843024,21132.925489064823,20008.747977211075,16270.576419606234,10800.0,10729.454935483043,0
2025-04-26,M10,12902.783056450322,0.0,795.9515487330135,13698.734605183332,13698.734605183332,0.0,671.9235999220418,0.0,0.0,13698.734605183332,26724.832179732966,27396.755779655014,53.7469903043268,23582.597926799994,20293.37273087004,16603.155501652684,10729.454935483043,10545.53983587421,0
2025-04-27,M10,30849.558873723563,0.0,2963.827815107389,33813.38668883095,33813.38668883095,0.0,2188.110469867367,240.73243160543655,1258.5209994312888,35071.90768826224,51015.15028476222,53203.260754629584,136.06787818230782,557.840810736135,21575.479255313145,17398.865941329896,10545.53983587421,10631.39789751171,4
2025-04-28,M10,32525.639421514392,0.0,6981.055361946165,39506.69478346057,39506.69478346057,0.0,6677.264601851418,0.0,0.0,39506.69478346057,54047.69602814481,60724.96062999623,262.3671595256795,0.0,19415.180324023277,15574.554170219393,10631.39789751171,10800.0,0
2025-04-29,M10,32206.440968470026,0.0,1317.9702668723469,33524.411235342384,33524.411235342384,0.0,1071.1230715860768,40.18680442212303,280.3431476487303,33804.754382991116,53229.09811012299,54300.221181709065,241.25614540798256,3149.8288459884325,18505.838305621695,14989.729027553582,10800.0,10800.0,1
2025-04-30,M10,31367.339271337703,0.0,937.7838111881729,32305.123082525883,32305.123082525883,0.0,1155.3961447643562,0.0,0.0,32305.123082525883,51555.6406972674,52711.03684203175,634.9841016421796,0.0,20454.966546310807,16635.768239254558,10800.0,10725.282959174663,0
2025-05-01,M10,31023.040138928423,0.0,2865.1636181348376,33888.20375706325,33888.20375706325,0.0,2231.785946053927,1817.5130326278527,11151.808175184113,45040.01193224736,50798.23839620649,53030.024342260425,0.0,590.8684666666661,20663.6366671442,17418.346558922585,10725.282959174663,9968.83756080157,13
2025-05-02,M10,13217.120527277671,0.0,2618.4437937583175,15835.564321035992,15835.564321035992,0.0,1984.6602807213492,1271.7910113887178,7752.689653133122,23588.253974169114,27265.657668782256,29250.317949503606,1.1368683772161603e-13,12091.89228845451,20561.936940689196,16422.040351584717,9968.83756080157,10227.869305661052,9
2025-05-03,M10,13709.279961089867,0.0,683.9580942969524,14393.238055386817,14393.238055386817,0.0,572.6049641130569,1234.4047122492395,6849.064727816858,21242.302783203675,27992.62056217357,28565.22552628663,2.9488869284778048,17222.222031244346,20024.027605412834,16316.739935049787,10227.869305661052,10119.783111588395,8
2025-05-04,M10,36307.29749086239,0.0,305.06325547519367,36612.36074633758,36612.36074633758,0.0,151.77276391800677,366.32985613932055,1729.138721888201,38341.49946822578,60393.10723871331,60544.88000263131,2789.6633105869687,3241.9934499999995,17236.182566622847,14091.296801772516,10119.783111588395,9975.350975135045,7
2025-05-05,M10,35711.42795715312,0.0,573.2050710543926,36284.633028207514,36284.633028207514,0.0,678.718980682347,624.5065162681551,4028.327482833476,40312.96051104099,59273.66935984169,59952.38834052404,1087.090903588673,0.0,21345.915214228527,16932.11806102501,9975.350975135045,10373.210155690711,7
2025-05-06,M10,34460.17514015165,0.0,1111.035957874127,35571.21109802578,35571.21109802578,0.0,1308.31438188377,267.3969615236455,1305.577852960391,36876.78895098617,56635.03033855589,57943.34472043966,995.5505141130825,969.6142737003981,20261.457687631533,16885.963160148374,10373.210155690711,9846.340785505337,7
2025-05-07,M10,34941.602133677334,0.0,1843.4728414134788,36785.074975090814,36785.074975090814,0.0,1790.4274187325477,850.7496353778013,5602.706177260188,42387.781152351,57857.063979331884,59647.49139806443,579.0839823595437,381.71201115509257,20788.1591176921,16318.560027764504,9846.340785505337,10423.950627245446,7
2025-05-08,M10,38167.776964608325,0.0,114.38695614129503,38282.16392074962,38282.16392074962,0.0,56.90893340362936,35.999250000000075,243.22893262500048,38525.39285337462,62156.76505877732,62213.67399218096,1549.2077134680453,899.6378855034466,19136.162145949285,15161.846902739826,10423.950627245446,10800.0,1
2025-05-09,M10,16248.164691599952,0.0,100.5228269596347,16348.687518559587,16348.687518559587,0.0,53.84045792005287,0.0,0.0,16348.687518559587,30773.897652944608,30827.738110864662,1098.2071937754386,17471.59406700026,19781.847368889285,16023.296368800327,10800.0,10800.0,0
2025-05-10,M10,16054.129857703361,0.0,55.26895891931401,16109.398816622675,16109.398816622675,0.0,29.60229180756488,0.0,0.0,16109.398816622675,30501.61546109213,30531.217752899694,656.1886907547498,13995.83207429179,19779.74581326222,16021.5941087424,10800.0,10800.0,0
2025-05-11,M10,36387.628289767716,0.0,1117.668984313628,37505.29727408135,37505.29727408135,0.0,1122.1052115997145,41.18071666666674,277.36103945833383,37782.65831353968,59654.558494470686,60776.66370607041,725.4169626173756,1340.3414356912058,18349.621560750187,15081.614619655022,10800.0,10557.3098272807,2
2025-05-12,M10,35190.14883315839,0.0,2161.736503869361,37351.88533702776,37351.88533702776,0.0,2629.5756655117234,0.0,0.0,37351.88533702776,57729.8109343009,60359.38659981263,2402.4946824345266,2578.64265,17398.808513240187,13951.754479195424,10557.3098272807,10714.288067868623,0
2025-05-13,M10,35457.28504030924,0.0,277.2139534608178,35734.49899377006,35734.49899377006,0.0,137.91738978150136,0.0,0.0,35734.49899377006,58370.696111650876,58508.61350143237,1094.1130190480646,756.528571459628,18888.976301096514,15360.217156838487,10714.288067868623,10647.458786812727,0
2025-05-14,M10,34814.97400727109,0.0,1871.3535346441022,36686.32754191519,36686.32754191519,0.0,2422.5335617056785,0.0,0.0,36686.32754191519,56812.059234815686,59234.59279652136,1393.519209772257,1398.7013269819702,18654.354171379186,15226.130694945374,10647.458786812727,10518.454546670251,0
2025-05-15,M10,35547.07401340292,0.0,1836.8796094335585,37383.953622836474,37383.953622836474,0.0,2330.9510998920255,0.0,0.0,37383.953622836474,56914.68895971129,59245.640059603305,1631.6083392553683,1000.4850354377854,18921.5657556845,15073.077354107674,10518.454546670251,10800.0,0
2025-05-16,M10,15522.763369387245,0.0,362.36129873673616,15885.124668123979,15885.124668123979,0.0,216.0583077188997,0.0,0.0,15885.124668123979,29375.270608621147,29591.328916340048,842.2291688951317,22337.171323335748,19454.85205671491,15758.430165939073,10800.0,10800.0,0
2025-05-17,M10,15630.403677217733,0.0,710.6481336001971,16341.051810817933,16341.051810817933,0.0,474.2010586648056,0.0,0.0,16341.051810817933,29598.14698303446,30072.348041699268,333.7576435242906,15470.057860568511,20103.860285648123,16284.126831374988,10800.0,10800.0,0
2025-05-18,M10,35420.53302922415,0.0,1321.6894789974997,36742.222508221654,36742.222508221654,0.0,1308.6459045363306,5.236666666666679,35.318698333333415,36777.54120655499,57692.16242169717,59000.8083262335,1770.1478820003701,0.0,18735.41584684106,15175.686835941262,10800.0,10800.0,1
2025-05-19,M10,34093.34418408045,0.0,241.11768160985247,34334.461865690304,34334.461865690304,0.0,134.95073399666492,67.00333333333344,451.9039816666674,34786.365847356974,55508.61429631138,55643.56503030805,733.6773818547869,4037.061531423712,18024.278422962543,14599.665522599656,10800.0,10800.0,1
2025-05-20,M10,33386.56466994259,0.0,4181.196445186715,37567.761115129324,37567.761115129324,0.0,3970.366738027865,117.4518876801568,809.1620699830391,38376.92318511236,54056.995889942526,58027.36262797039,158.95853697134714,0.0,18685.84854891733,15227.387386904791,10800.0,10697.944375242492,2
2025-05-21,M10,33489.35474026162,0.0,3057.104563818515,36546.45930408012,36546.45930408012,0.0,3226.9822231718827,0.0,0.0,36546.45930408012,53954.08202082396,57181.06424399585,380.16078692115286,1766.5473753692984,19369.808367466852,15698.06756909479,10697.944375242492,10688.474606968452,0
2025-05-22,M10,33242.19814893702,0.0,1295.3953750608453,34537.59352399788,34537.59352399788,0.0,1727.0032005155958,2.57000000000005,17.333365000000338,34554.92688899788,53489.406071475954,55216.40927199155,409.0115221056394,0.0,20489.28462889925,16495.947695680006,10688.474606968452,10800.0,1
2025-05-23,M10,14606.047930137825,0.0,892.3067119401795,15498.354642078004,15498.354642078004,0.0,609.1113458321896,0.0,0.0,15498.354642078004,28151.797407665777,28760.908753497963,548.1168161986136,17954.54755926758,20196.29207736021,16358.99658266177,10800.0,10800.0,0
2025-05-24,M10,15055.877230176013,0.0,667.8673294497222,15723.744559625735,15723.744559625735,0.0,449.5550679506338,0.0,0.0,15723.744559625735,28785.08917148178,29234.64423943242,1050.2102020508812,20695.955195797338,19652.512938162472,15918.535479911607,10800.0,10800.0,0
2025-05-25,M10,33239.57265463145,0.0,838.6666467297373,34078.239301361195,34078.239301361195,0.0,829.8098912186397,0.0,0.0,34078.239301361195,53999.0640657308,54828.87395694945,784.1310583315875,1922.1979298660958,18940.782258701598,15363.247473283163,10800.0,10776.429062516807,0
2025-05-26,M10,32302.437521832548,0.0,5834.429243257877,38136.86676509042,38136.86676509042,0.0,6374.537535741025,693.2235549452577,3676.33332422555,41813.200089315964,51886.190860671595,58260.728396412625,501.4276774910069,0.0,20847.875708702017,16975.184384835135,10776.429062516807,10678.201217198477,5
2025-05-27,M10,33013.17932430215,0.0,2635.6559628307077,35648.835287132846,35648.835287132846,0.0,3436.3198942409695,0.0,0.0,35648.835287132846,53032.24384463641,56468.563738877376,1801.6673463826353,1366.471593466302,20002.308392142477,16092.250893114036,10678.201217198477,10800.0,0
2025-05-28,M10,33422.579602671445,0.0,1985.2955394076832,35407.87514207913,35407.87514207913,0.0,2500.0295246124406,0.0,0.0,35407.87514207913,54279.84641340924,56779.87593802168,706.7938232588895,34.645193210435764,19813.751692380887,16049.138870828527,10800.0,10800.0,0
2025-05-29,M10,33018.542731202964,0.0,3603.2705359919933,36621.81326719496,36621.81326719496,0.0,4662.643119538907,150.5482391550866,1035.458321696614,37657.27158889157,53756.18081301142,58418.823932550324,610.7513712406792,41.0249632298503,20611.21074097294,16803.738403738058,10800.0,10679.269218277808,3
2025-05-30,M10,14593.956715753777,0.0,734.7641420775736,15328.720857831353,15328.720857831353,0.0,796.6632976724085,0.0,0.0,15328.720857831353,28258.610431607674,29055.273729280085,466.1475362839483,17970.776602593207,20597.150632559446,16575.034308823182,10679.269218277808,10800.0,0
2025-05-31,M10,14893.448108598266,0.0,926.7594888944534,15820.207597492721,15820.207597492721,0.0,634.5210414200526,0.0,0.0,15820.207597492721,28627.189129211,29261.710170631057,1029.075313218699,16027.05702384634,20086.296229294825,16269.89994572881,10800.0,10800.0,0
2025-06-01,M10,36368.036739673655,0.0,15619.80461060071,51987.84135027437,51987.84135027437,0.0,11856.749117678064,1685.207202874954,10651.314639646891,62639.15598992126,60289.657865889385,72146.40698356745,191.68963857833808,0.0,17793.560607032767,15378.462359168694,10800.0,9727.024147253162,12
2025-06-02,M10,40370.39538772281,0.0,9272.03110385566,49642.4264915785,49642.4264915785,0.0,5778.006452758915,1203.6740487783975,7635.7609966311065,57278.18748820961,67217.30739478795,72995.31384754687,1462.7205247022798,0.0,21326.009600159596,17230.54967853661,9727.024147253162,9775.377589022784,13
2025-06-03,M10,45610.18958645143,0.0,2625.0864139302107,48235.276000381644,48235.276000381644,0.0,2258.9083531516235,199.82592536113486,1348.4489473787528,49583.7249477604,73942.73759891307,76201.64595206469,2953.890898446146,1205.3162666666663,20628.816564716344,16578.91868573665,9775.377589022784,9920.291735337878,6
2025-06-04,M10,48287.49783951332,0.0,706.5447955289842,48994.04263504229,48994.04263504229,0.0,381.3972503016832,151.0080542692191,1028.6449244652513,50022.68755950755,78282.9734278852,78664.37067818688,4803.005406778927,186.21663333333322,19966.764371529993,15785.868495852817,9920.291735337878,10350.525785433952,5
2025-06-05,M10,46725.97753631597,0.0,1844.2327561012032,48570.21029241718,48570.21029241718,0.0,1643.754542069496,334.6521351019319,2188.6203444268326,50758.83063684401,75373.56816103346,77017.32270310294,2089.1876504465827,433.5601166666668,20726.91629755102,17047.00724312605,10350.525785433952,10063.631294200928,8
2025-06-06,M10,18878.8163840956,0.0,3661.748408907615,22540.564793003214,22540.564793003214,0.0,2390.90806357006,993.315322090022,6364.038049133251,28904.602842136464,34661.066268502276,37051.974332072336,24.110161182914226,3341.1302926770854,19832.97257984271,16007.918779540347,10063.631294200928,10126.730194347867,7
2025-06-07,M10,19729.409334710133,0.0,713.1301233604465,20442.53945807058,20442.53945807058,0.0,710.0337559796751,618.5985136014083,4254.492134583382,24697.031592653962,35918.04719635602,36628.080952335695,48.02872094767628,2248.7873994327456,19560.015346667064,15736.665167777048,10126.730194347867,10245.560486595947,3
2025-06-08,M10,55026.594762238004,0.0,0.0,55026.594762238004,55026.594762238004,0.0,0.0,0.0,0.0,55026.594762238004,86529.56750348017,86529.56750348017,16109.847832502246,1846.0099666666665,15209.425660952265,11820.639223307688,10245.560486595947,10800.0,0
2025-06-09,M10,51282.443587869864,0.0,35.09094583251998,51317.53453370238,51317.53453370238,0.0,53.55760963449325,8.551392497199913,57.67486669736481,51375.20940039975,81220.63016447709,81274.18777411159,5930.65632544909,668.9188333333334,19739.217234173862,15988.765959680826,10800.0,10800.0,1
2025-06-10,M10,48637.635934795326,0.0,240.59597641154292,48878.231911206865,48878.231911206865,0.0,336.0764550920934,0.0,0.0,48878.231911206865,77549.89224567881,77885.96870077093,2045.4122191148608,134.39052915038496,21514.32483774918,17426.603118576833,10800.0,10800.0,0
2025-06-11,M10,49138.018207635774,0.0,4532.255238475747,53670.2734461115,53670.2734461115,0.0,3546.5337732891744,258.2681513161676,1266.0370101924427,54936.310456303945,78336.57207799339,81883.10585128257,1823.7203560573985,0.0,22280.038578287764,18046.831248413095,10800.0,10800.0,4
2025-06-12,M10,49729.67898003836,0.0,1226.5419778202374,50956.2209578586,50956.2209578586,0.0,953.8308262728686,0.0,0.0,50956.2209578586,78954.7907714046,79908.62159767747,3469.763412059505,89.91438333333338,20508.170362901546,16611.617993950247,10800.0,10800.0,0
2025-06-13,M10,20255.5957815789,0.0,397.60025931323605,20653.196040892137,20653.196040892137,0.0,268.65333188730096,0.0,0.0,20653.196040892137,35840.14038607609,36108.793717963395,412.43283089857823,4157.208424397988,19757.728531516055,16563.889768849225,10800.0,10177.633712976425,0
2025-06-14,M10,20200.242891880363,0.0,344.26227476692344,20544.505166647286,20544.505166647286,0.0,222.12594248362456,0.0,0.0,20544.505166647286,36051.154283032316,36273.28022551595,106.14427556153828,6561.26898077593,19366.74187075274,15954.217651574263,10177.633712976425,9880.792894904713,0
2025-06-15,M10,48504.25717792621,0.0,896.4950101181657,49400.75218804438,49400.75218804438,0.0,1020.4607440091427,0.0,0.0,49400.75218804438,77881.10077769986,78901.561521709,3198.2539935363657,0.0,22363.40421186078,17287.07101702148,9880.792894904713,10800.0,0
2025-06-16,M10,48070.834461768914,0.0,2571.080126138954,50641.91458790788,50641.91458790788,0.0,2280.5457635486073,1.6679656828478073,11.26961013616121,50653.18419804404,77009.59065888502,79290.13642243363,2377.3625087057067,0.0,22212.57401444271,17992.184951698597,10800.0,10800.0,1
2025-06-17,M10,46475.14372788749,0.0,5440.870620231776,51916.01434811925,51916.01434811925,0.0,4776.26599741204,144.84509952798385,984.6736763480902,52900.68802446734,74805.90172935276,79582.1677267648,877.6944207744814,0.0,22949.664881683882,18737.35769283225,10800.0,10635.41206814633,5
2025-06-18,M10,48024.66943160346,0.0,2025.5734941880582,50050.24292579153,50050.24292579153,0.0,2119.9807354931286,71.58598405821715,482.77154620433606,50533.01447199586,77302.18598936115,79422.16672485428,4481.55038986787,0.0,20714.117265138597,16630.305846093957,10635.41206814633,10800.0,3
2025-06-19,M10,46362.554291016524,0.0,1532.091883140271,47894.6461741568,47894.6461741568,0.0,1137.2222210909615,81.63892626383745,550.3976259828514,48445.04380013965,74408.00255744548,75545.22477853645,2524.1132550328803,715.0238166666666,21727.486490003874,17599.264056903135,10800.0,10800.0,2
2025-06-20,M10,20386.09114326284,0.0,360.86871444203643,20746.959857704875,20746.959857704875,0.0,240.5811465525162,0.0,0.0,20746.959857704875,35296.016644527204,35536.597791079716,1275.6542734127443,8107.102453062557,19754.001129496944,16000.740914892529,10800.0,10800.0,0
2025-06-21,M10,20314.554336051096,0.0,1211.2574998177722,21525.811835868873,21525.811835868873,0.0,851.4665640192121,0.0,0.0,21525.811835868873,35499.983487433994,36351.4500514532,2370.8375400578484,10909.395015555408,19665.66892547338,15929.19182963343,10800.0,10800.0,0
2025-06-22,M10,43235.23721736672,0.0,2825.0324634951576,46060.26968086189,46060.26968086189,0.0,2877.9205727480135,58.15717913800347,397.39955073720284,46457.669231599095,69628.29188282447,72506.21245557247,841.2894112618875,194.05944999999997,21429.893018150568,17358.213344701973,10800.0,10800.0,5
2025-06-23,M10,43530.157284638604,0.0,2753.5623562229434,46283.71964086153,46283.71964086153,0.0,2547.876231924731,32.63526678501398,222.2211341929377,46505.94077505446,69605.34739743613,72153.22362936087,1091.7052527974074,0.0,21616.5452196693,17583.677576320817,10800.0,10717.471168457014,3
2025-06-24,M10,44643.04283998517,0.0,8030.197024974338,52673.23986495955,52673.23986495955,0.0,6567.26041124891,2599.6418877292044,12594.880585705385,65268.12045066494,71939.82423132278,78507.08464257169,555.4965876224858,0.0,22148.219706788062,17865.782014109645,10717.471168457014,10800.0,14
2025-06-25,M10,45107.04450094906,0.0,2751.1507254492963,47858.195226398355,47858.195226398355,0.0,2537.8645409296423,66.25367592707323,446.8489811670744,48305.04420756543,72793.43779013366,75331.3023310633,871.5234428802339,0.0,21519.006302334114,17430.395104890635,10800.0,10800.0,3
2025-06-26,M10,44321.185425688294,0.0,2237.903467635907,46559.08889332418,46559.08889332418,0.0,2439.4667230397235,115.491099161992,779.2895361153662,47338.378429439545,71121.36794735116,73560.83467039088,2087.1015000051493,0.0,21493.42842359833,17451.58798738395,10800.0,10753.43226192299,4
2025-06-27,M10,19071.246211224112,0.0,693.6482422489618,19764.894453473076,19764.894453473076,0.0,487.62632671893203,0.0,0.0,19764.894453473076,33759.04715048349,34246.67347720242,771.5321199642633,9786.523961331693,20395.05560510784,16478.08407586804,10753.43226192299,10800.0,0
2025-06-28,M10,18951.05724460677,0.0,780.2915125076393,19731.348757114407,19731.348757114407,0.0,614.1259745582767,0.0,0.0,19731.348757114407,33960.428884182504,34574.55485874078,488.63375066341405,8436.214592579916,20383.054730688356,16510.27433185757,10800.0,10800.0,0
2025-06-29,M10,42423.19413481507,0.0,4629.2814827018265,47052.47561751692,47052.47561751692,0.0,4877.521545032083,300.637266801526,1547.9192881882866,48600.3949057052,68550.27302904132,73427.7945740734,458.99582958805286,0.0,21550.564429486934,17548.89695153339,10800.0,10696.733595945585,8
2025-06-30,M10,44527.48410090044,0.0,2402.9250621725655,46930.409163072996,46930.409163072996,0.0,2541.8382815542295,396.0145332150721,2151.1620072935884,49081.57117036659,71723.10285661714,74264.94113817139,482.96320998036026,0.0,22144.0458653883,17843.73738731554,10696.733595945585,10800.0,8
2025-07-01,M10,43618.401161337635,0.0,16135.888162291776,59754.2893236294,59754.2893236294,0.0,13232.111679795671,311.1975917563203,2098.69208637373,61852.98141000313,70038.81706023421,83270.92874002989,1265.5088111170503,411.31360973316123,20918.465213555468,17879.7053359528,10800.0,9760.27943003014,6
2025-07-02,M10,45255.209466141205,0.0,11756.77513927927,57011.98460542048,57011.98460542048,0.0,10011.522546797161,212.2198153644497,1438.439340229652,58450.42394565014,72336.2034837125,82347.72603050966,3785.0980307322016,1500.0133500000006,20085.7402217311,15715.672123255847,9760.27943003014,10375.587714859406,8
2025-07-03,M10,50397.8775774094,0.0,6988.626398473019,57386.5039758824,57386.5039758824,0.0,6670.2052641145165,55.80991357593257,383.199274516276,57769.70325039868,79268.00316280423,85938.20842691875,1524.8785368520944,492.0140006631689,21580.40444280876,17363.69757316268,10375.587714859406,10504.954409873197,3
2025-07-04,M10,23958.878112761427,0.0,3142.9951226175585,27101.87323537899,27101.87323537899,0.0,2519.791300062103,0.0,0.0,27101.87323537899,40665.808369863604,43185.59966992571,183.17067063993096,10466.816411120035,19983.45613617808,16328.711014679004,10504.954409873197,10347.05269390125,0
2025-07-05,M10,24934.000433197274,0.0,1348.9381559723172,26282.938589169586,26282.938589169586,0.0,1553.846592975546,31.25570795776668,141.4515685162061,26424.390157685793,42407.47078428155,43961.31737725709,147.26103072295487,11025.302812751252,20664.243024069627,16634.313748995643,10347.05269390125,10462.30058334654,2
2025-07-06,M10,52926.387573061875,0.0,5439.515736698936,58365.903309760804,58365.903309760804,0.0,4576.012499830707,24.42552717629553,164.75018080411334,58530.65349056492,82312.88376657106,86888.89626640176,2648.756914829388,107.82272089849948,21362.269120326593,16999.508512476423,10462.30058334654,10800.0,1
2025-07-07,M10,55565.860546445714,0.0,61.729722578606456,55627.59026902433,55627.59026902433,0.0,62.77257147821172,0.0,0.0,55627.59026902433,85841.79972067807,85904.57229215627,8078.007670097325,1161.5894109007775,17134.17076048167,13878.678315990153,10800.0,10800.0,0
2025-07-08,M10,60162.23449547723,0.0,0.0,60162.23449547723,60162.23449547723,0.0,0.0,0.0,0.0,60162.23449547723,92683.49012961907,92683.49012961907,11748.622881693082,2040.8538365506136,17487.50734057212,14164.880945863413,10800.0,10800.0,0
2025-07-09,M10,56757.020867300176,0.0,0.0,56757.020867300176,56757.020867300176,0.0,0.0,0.0,0.0,56757.020867300176,87854.29142875112,87854.29142875112,9513.35375043497,918.3082720164614,17704.75994543699,14340.855555803959,10800.0,10800.0,0
2025-07-10,M10,52749.907270092874,0.0,113.532195176942,52863.43946526982,52863.43946526982,0.0,177.0068524741846,0.0,0.0,52863.43946526982,81530.52825211962,81707.53510459382,4073.6800306452283,1044.2651379673682,19662.981856041515,15927.01530339363,10800.0,10800.0,0
2025-07-11,M10,26699.033517626827,0.0,0.0,26699.033517626827,26699.033517626827,0.0,0.0,0.0,0.0,26699.033517626827,44220.149570362846,44220.149570362846,1279.1207546258413,6670.530317231194,19745.901834241144,15994.18048573533,10800.0,10800.0,0
2025-07-12,M10,25588.401163358114,0.0,282.80368916851774,25871.20485252664,25871.20485252664,0.0,391.59787038063314,0.0,0.0,25871.20485252664,42975.95228612413,43367.55015650476,30.78971043921871,8689.452259875754,20079.804280737822,16516.739427881366,10800.0,10519.891155018086,0
2025-07-13,M10,49491.854460682596,0.0,496.77639988134183,49988.63086056394,49988.63086056394,0.0,596.1244867804809,72.9605748461056,493.9999006337498,50482.630761197695,77400.51948337516,77996.64397015562,2571.365533896465,2184.140280426487,19969.896685237196,15923.518354558408,10519.891155018086,10800.0,4
2025-07-14,M10,46264.09987770723,0.0,3839.2164072382416,50103.31628494548,50103.31628494548,0.0,3505.2036744726174,107.38184497719301,691.3776864485128,50794.693971393994,72470.03917468012,75975.24284915274,496.28442969064713,0.0,19938.07309458963,16159.412046817006,10800.0,10789.363510889545,6
2025-07-15,M10,51305.98657398824,0.0,0.0,51305.98657398824,51305.98657398824,0.0,0.0,0.0,0.0,51305.98657398824,80063.55221014858,80063.55221014858,3664.2446632778137,176.41471666666666,18232.99687721771,14759.154630346931,10789.363510889545,10800.0,0
2025-07-16,M10,49595.5946026549,0.0,606.0063472226324,50201.60094987753,50201.60094987753,0.0,934.0114111264184,27.11346046441065,182.83460277547,50384.435552653,76945.51093739276,77879.52234851918,2097.2493089946565,0.0,19341.17429818739,15666.35118153179,10800.0,10800.0,2
2025-07-17,M10,48174.15083866379,0.0,3051.7970946135924,51225.94793327738,51225.94793327738,0.0,3338.2833411066777,45.84683299470544,311.01019234637477,51536.95812562375,74624.85870003473,77963.14204114141,1251.8630984967588,0.0,21245.8405735405,17209.130864567807,10800.0,10800.0,3
2025-07-18,M10,26102.693053151797,0.0,0.0,26102.693053151797,26102.693053151797,0.0,0.0,0.0,0.0,26102.693053151797,43379.83486261396,43379.83486261396,870.7630873757371,7611.883949826366,19068.103817957126,15445.164092545267,10800.0,10800.0,0
2025-07-19,M10,25986.781148932885,0.0,33.0062652155359,26019.787414148424,26019.787414148424,0.0,51.60696899723803,0.0,0.0,26019.787414148424,43268.960555874204,43320.56752487144,616.9332595786907,12013.166662708823,19358.789412489034,15851.14085990511,10800.0,10610.53173801223,0
2025-07-20,M10,49264.223047363485,0.0,375.4766741622685,49639.69972152575,49639.69972152575,0.0,534.8434557909056,22.20042702858177,154.87017895138644,49794.56990047714,77224.70488868986,77759.54834448076,1755.56244735723,0.0,19819.403535244524,15883.195427759074,10610.53173801223,10800.0,1
2025-07-21,M10,49362.71254742148,0.0,1981.4147804186277,51344.127327840106,51344.127327840106,0.0,2022.8109555693702,27.68551464622567,193.1341501720703,51537.26147801217,77298.85315014722,79321.6641057166,1450.8928498913087,0.0,20572.144318271137,16663.436897799627,10800.0,10800.0,1
2025-07-22,M10,48674.70532565171,0.0,4576.752269556651,53251.45759520838,53251.45759520838,0.0,5572.888232927588,140.351604420807,946.5478372773905,54198.00543248578,75958.77615401223,81531.66438693981,3724.8016093857464,249.3819333333331,20540.462273551988,16637.774441577105,10800.0,10800.0,5
2025-07-23,M10,50360.870294918845,0.0,392.25065183869236,50753.120946757525,50753.120946757525,0.0,523.1496843531338,108.5454929170611,732.399411913955,51485.52035867148,79071.89378151855,79595.04346587168,1072.3973453626054,306.9538853098495,21667.874802567254,17560.184191117623,10800.0,10789.771554402054,4
2025-07-24,M10,49686.3021681861,0.0,1333.9869710956762,51020.289139281784,51020.289139281784,0.0,1514.450535820457,19.908251694105388,134.18233474335824,51154.471474025144,77924.74218624149,79439.19272206197,1838.0844563483595,80.49678333333327,20604.43227913799,16680.384545063614,10789.771554402054,10800.0,2
2025-07-25,M10,25016.436710987462,0.0,320.72263912176277,25337.159350109217,25337.159350109217,0.0,384.9005958102299,0.0,0.0,25337.159350109217,42005.36042044211,42390.26101625234,810.7709083734708,11388.889460643206,19921.78895581084,16236.507875241843,10800.0,10689.045754405488,0
2025-07-26,M10,25143.71559187144,0.0,277.88328829110003,25421.598880162546,25421.598880162546,0.0,319.09213738897313,0.0,0.0,25421.598880162546,42220.99933960413,42540.091476993104,675.4884909425912,9597.536693068325,20110.42768587232,16312.452959556796,10689.045754405488,10663.482938849696,0
2025-07-27,M10,47997.23332815488,0.0,2798.4697850446573,50795.703113199525,50795.703113199525,0.0,3083.6778354896646,1005.4311520968331,5202.010179898951,55997.71329309847,75319.92617715313,78403.60401264278,1466.5366940227277,0.0,21760.227977271734,17502.919306554835,10663.482938849696,10800.0,8
2025-07-28,M10,49775.148474787806,0.0,4531.012149730589,54306.16062451839,54306.16062451839,0.0,4008.8414238066243,399.06956351460497,1952.1087566579874,56258.269381176375,78153.36978099297,82162.21120479959,540.0998570215944,0.0,21401.598305048803,17335.294627089526,10800.0,10800.0,8
2025-07-29,M10,50323.88159501824,0.0,1905.8291571467098,52229.710752164945,52229.710752164945,0.0,2066.68820188761,140.00233038088163,953.0748473204401,53182.78559948538,78898.99190722298,80965.68010911059,1182.7782322496746,0.0,20282.411880220003,16428.753622978205,10800.0,10800.0,5
2025-07-30,M10,48926.56310476125,0.0,3159.4769748423214,52086.040079603576,52086.040079603576,0.0,3642.3910424244473,5.2939029490731855,36.71269928894618,52122.75277889252,76345.07560503577,79987.46664746023,1108.9896997252054,825.3960132226139,20816.425197165678,16861.304409704197,10800.0,10800.0,2
2025-07-31,M10,48674.088164762936,0.0,2673.125769873181,51347.21393463611,51347.21393463611,0.0,3008.972804616495,258.6380413538084,1700.6037232052174,53047.817657841326,76464.86748288959,79473.84028750609,1081.02134497741,12.589919852005323,21463.396925426037,17519.526128062233,10800.0,10650.917090592067,10
2025-08-01,M10,24512.107628786085,0.0,1520.1793817354153,26032.287010521493,26032.287010521493,0.0,1412.4629628312343,0.0,0.0,26032.287010521493,41226.726837579045,42639.18980041028,1125.5428384588927,16398.08625321095,19631.71801898229,15767.516976908515,10650.917090592067,10800.0,0
2025-08-02,M10,24627.384264199027,0.0,0.0,24627.384264199027,24627.384264199027,0.0,0.0,0.0,0.0,24627.384264199027,41386.503354487475,41386.503354487475,572.731638190613,16198.508193850215,19591.84352590475,15903.604936791438,10800.0,10761.987021323792,0
2025-08-03,M10,44496.667806719786,0.0,134.93302966174355,44631.6008363815,44631.6008363815,0.0,153.21586836747701,280.38778658856324,1890.6515955698694,46522.25243195137,68495.009163657,68648.22503202448,1352.6348882511684,1482.7972902678039,18480.877678914294,15227.177022153559,10761.987021323792,10475.691352176043,7
2025-08-04,M10,44352.21094949352,0.0,1045.8784240750265,45398.08937356856,45398.08937356856,0.0,1533.6012585095361,60.114136307878425,405.2230581477818,45803.312431716346,68179.43699253116,69713.0382510407,333.64797904438944,0.0,19641.95548383841,15618.106158867547,10475.691352176043,10800.0,3
2025-08-05,M10,44123.54519416874,0.0,1299.8801576003736,45423.425351769125,45423.425351769125,0.0,1991.3332527842313,20.43469980887278,137.76917894332473,45561.19453071245,67515.53257647975,69506.86582926397,570.9402209084196,0.0,20021.318814900565,16217.26824006946,10800.0,10800.0,3
2025-08-06,M10,45040.937816275204,0.0,2966.6837207478725,48007.62153702309,48007.62153702309,0.0,2441.5095537602847,23.254156381899065,158.10106537373446,48165.722602396825,69343.29638355432,71784.80593731461,349.7860657599414,0.0,19001.81190825779,15657.937146987893,10800.0,10503.922776334355,2
2025-08-07,M10,46042.98924575451,0.0,455.2390562106451,46498.228301965166,46498.228301965166,0.0,539.1791407208862,60.694052434209425,409.8148557817422,46908.043157746906,71726.52767421625,72265.70681493715,2114.182074707069,2861.6871851015994,19453.036085597945,15490.489728035252,10503.922776334355,10800.0,3
2025-08-08,M10,23767.5553783643,0.0,36.135822390728976,23803.69120075503,23803.69120075503,0.0,56.33898096465384,0.0,0.0,23803.69120075503,40280.31946618753,40336.658447152186,240.75964809097013,20785.986628162907,19849.433727746047,16314.692806847741,10800.0,10537.053902918406,0
2025-08-09,M10,23575.23383241946,0.0,249.662940555657,23824.896772975117,23824.896772975117,0.0,389.2468670964406,0.0,0.0,23824.896772975117,40057.20872426694,40446.45559136338,160.74281624096682,17677.696442092747,20057.049598664125,16370.96226563446,10537.053902918406,10398.44046878894,0
2025-08-10,M10,43867.97431330663,0.0,2518.398265521497,46386.37257882816,46386.37257882816,0.0,2190.3746542163663,68.3526534752192,468.5865842910749,46854.95916311923,67291.05471565425,69481.4293698706,318.0370179103761,0.0,18766.95988076574,14839.83392533029,10398.44046878894,10800.0,3
2025-08-11,M10,43686.76579589032,0.0,1136.3036565398502,44823.06945243017,44823.06945243017,0.0,1692.024151713081,225.79157588196006,1525.2307861792624,46348.30023860944,67336.88319675955,69028.90734847264,346.43216519913426,595.9409773833258,20319.697081386716,16568.624632947915,10800.0,10678.144447750357,6
2025-08-12,M10,44351.61851604972,0.0,3061.4129777595613,47413.031493809256,47413.031493809256,0.0,2952.3892486872974,259.3571647778848,1660.345692349423,49073.37718615868,68936.14114390797,71888.53039259525,665.7359132801362,0.0,19431.561084224664,15709.953090131661,10678.144447750357,10711.045990072937,9
2025-08-13,M10,44177.27249550868,0.0,2420.4534685614954,46597.72596407018,46597.72596407018,0.0,3446.065192108912,129.22591668212908,879.5947812470553,47477.320745317236,67969.8619264324,71415.92711854131,1720.276348030696,0.0,19072.83488557048,15368.937648377736,10711.045990072937,10800.0,5
2025-08-14,M10,43747.07159428752,0.0,1818.4825065459265,45565.55410083344,45565.55410083344,0.0,2761.6206221807734,348.0801709657,2086.454815534505,47652.008916367944,67047.66084531063,69809.28146749138,456.93779101280535,0.0,21212.755982436192,17438.623118325235,10800.0,10515.232474942313,6
2025-08-15,M10,23948.086487703218,0.0,332.5181716552084,24280.604659358418,24280.604659358418,0.0,397.5778678797459,0.0,0.0,24280.604659358418,40436.14201268251,40833.71988056226,413.0634273086748,19535.585712128224,19873.773437005046,16148.429579213029,10515.232474942313,10458.92903578794,0
2025-08-16,M10,23890.822023168537,0.0,690.0171667070201,24580.839189875558,24580.839189875558,0.0,762.1623531380517,0.0,0.0,24580.839189875558,40387.03717072602,41149.19952386407,314.8708172669778,19949.575572598624,19887.244402484383,15931.771635152581,10458.92903578794,10655.480514521014,0
2025-08-17,M10,44488.77060473099,0.0,200.00766122987147,44688.778265960864,44688.778265960864,0.0,311.82984289035153,106.477360656869,718.4023951014024,45407.180661062266,68347.52278246963,68659.35262535998,435.963785402815,1289.6321832703588,19709.330861820687,15834.490461143661,10655.480514521014,10800.0,4
2025-08-18,M10,43996.913975360294,0.0,1355.58598858676,45352.49996394706,45352.49996394706,0.0,1922.7303451064006,204.774489144036,1392.8489882964889,46745.34895224355,67299.51877147112,69222.24911657753,1083.0265356575846,0.0,20788.84975472269,16838.968301325374,10800.0,10800.0,4
2025-08-19,M10,44383.01330901945,0.0,510.886310382603,44893.89961940207,44893.89961940207,0.0,750.4707373016818,209.26567748994694,1411.6472276959712,46305.54684709804,67916.51287665544,68666.98361395713,547.859627186195,405.9927803328185,18972.299125937163,15367.562292009097,10800.0,10800.0,5
2025-08-20,M10,45104.50604874807,0.0,4059.449839517449,49163.95588826552,49163.95588826552,0.0,3460.048700947727,1150.0450889438575,6220.445613637947,55384.40150190346,70005.94917996827,73465.997880916,169.63020064430452,0.0,20444.836629418016,16649.114926869133,10800.0,10701.336381066076,11
2025-08-21,M10,45899.68035068087,0.0,435.0636751608829,46334.744025841785,46334.744025841785,0.0,527.5831345823462,57.78423206963123,389.6001804470944,46724.34420628888,71270.99744634387,71798.58058092621,1165.9979200245953,1269.0672333333332,18358.33641717925,14781.45524087466,10701.336381066076,10800.0,4
2025-08-22,M10,23594.015988847543,0.0,1352.721146083973,24946.737134931518,24946.737134931518,0.0,1455.597157686348,66.06289151526633,312.27743779562576,25259.014572727145,39990.95606332579,41446.55322101214,317.858515715038,16738.11172340751,19936.62133861144,16710.54486520658,10800.0,10175.687132298546,3
2025-08-23,M10,24122.018298544514,0.0,337.38634495906814,24459.404643503585,24459.404643503585,0.0,504.74258709075156,0.0,0.0,24459.404643503585,40914.55482259941,41419.29740969016,111.70884497669067,14642.130830500088,20001.958087854888,15866.506503641494,10175.687132298546,10547.997740655177,0
2025-08-24,M10,45117.66982439847,0.0,607.4580402212417,45725.12786461973,45725.12786461973,0.0,862.5707319402278,12.387147991905636,83.43018655751136,45808.55805117724,69192.09743034668,70054.66816228691,460.76693680383573,1763.4653007530294,20704.622803889386,16595.38921450077,10547.997740655177,10742.836914710333,2
2025-08-25,M10,48678.60835276076,0.0,654.9363099077204,49333.54466266848,49333.54466266848,0.0,1010.4770989258262,50.18439455726411,338.40919410303104,49671.953856771506,76227.59044241696,77238.06754134278,1878.1328275757933,671.1679166666668,20602.1968327907,16636.33265779977,10742.836914710333,10800.0,2
2025-08-26,M10,46345.12677950737,0.0,133.33999543530493,46478.46677494267,46478.46677494267,0.0,207.88898571142022,44.6386013163484,306.52823017345406,46784.99500511613,71062.9487632408,71270.83774895224,1992.4780576351818,0.0,19969.3679436846,16175.18803438453,10800.0,10800.0,4
2025-08-27,M10,46321.06579305071,0.0,2109.8482128474743,48430.914005898194,48430.914005898194,0.0,3014.38940675547,72.77947043859945,490.4232955601185,48921.33730145831,71212.91466065744,74227.30406741292,1378.5127293063938,1100.280457091531,20760.22649995971,16853.08501517279,10800.0,10758.553833105083,5
2025-08-28,M10,46203.28856767043,0.0,3848.379729439276,50051.66829710971,50051.66829710971,0.0,4480.63148548657,146.5363085718359,987.941301185242,51039.609598294956,71051.80018007728,75532.43166556384,907.8854949786873,0.0,20873.61024009605,16870.32274427238,10758.553833105083,10800.0,3
2025-08-29,M10,25078.558700244655,0.0,0.0,25078.558700244655,25078.558700244655,0.0,0.0,0.0,0.0,25078.558700244655,41873.740399389426,41873.740399389426,453.35799710303087,15122.133618832464,19850.87804115824,16107.849607704307,10800.0,10768.17956181541,0
2025-08-30,M10,24691.684836480068,0.0,162.19220637699857,24853.87704285707,24853.87704285707,0.0,253.48950416237892,0.0,0.0,24853.87704285707,41427.64157683909,41681.13108100147,93.81408560191545,19687.67518711148,19139.419569591602,15752.497594636861,10768.17956181541,10490.882069295787,0
2025-08-31,M10,45445.54977679517,0.0,1659.3315521936465,47104.881328988806,47104.881328988806,0.0,2247.24245452839,100.68771659824165,687.5146700722221,47792.39599906103,69515.67290121078,71762.91535573918,1032.312231809674,0.0,20560.32431347699,16375.65655628257,10490.882069295787,10800.0,4
2025-09-01,M10,46960.948961027,0.0,0.0,46960.948961027,46960.948961027,0.0,0.0,0.0,0.0,46960.948961027,72929.50644885017,72929.50644885017,12425.931784271103,4029.1601575565232,15264.63144046957,12364.351466780357,10800.0,10800.0,0
2025-09-02,M10,39942.96211516977,0.0,874.440479859213,40817.40259502899,40817.40259502899,0.0,1353.9946471885173,718.5236235026421,3769.338250256749,44586.740845285734,61373.46578565174,62727.46043284025,5659.232087440422,18.280726896008673,19530.081010560312,15819.365618553846,10800.0,10800.0,6
2025-09-03,M10,39162.45748092004,0.0,1103.349447223956,40265.80692814401,40265.80692814401,0.0,1534.4480469896266,0.0,0.0,40265.80692814401,60477.998167114405,62012.44621410404,2526.351116736287,346.98783972851356,18902.052671785426,15310.66266414619,10800.0,10800.0,0
2025-09-04,M10,38321.35226396723,0.0,840.5269871938804,39161.87925116112,39161.87925116112,0.0,1097.691492086687,1005.4737822091222,5589.6973183950195,44751.576569556135,58836.72953363446,59934.42102572115,2888.765659327045,203.90813333333404,20640.291922473138,16718.636457203247,10800.0,10800.0,6
2025-09-05,M10,21025.201568536126,0.0,0.0,21025.201568536126,21025.201568536126,0.0,0.0,0.0,0.0,21025.201568536126,36079.61255119607,36079.61255119607,3909.2734710793557,21858.950728055614,18353.298344181225,14866.171658786789,10800.0,10800.0,0
2025-09-06,M10,20612.70778076599,0.0,79.6833203138568,20692.391101079847,20692.391101079847,0.0,124.63939449623109,0.0,0.0,20692.391101079847,35566.23921616335,35690.87861065957,3998.031552513825,20377.871648936307,18915.219522154977,15321.327812945534,10800.0,10800.0,0
2025-09-07,M10,36025.252535370324,0.0,3669.900180389219,39695.15271575952,39695.15271575952,0.0,4029.2726194410243,907.7964688537065,4848.949645338937,44544.102361098456,55746.9518484713,59776.224467912325,1858.1877312663073,0.0,20341.313625437168,16476.464036604106,10800.0,10800.0,6
2025-09-08,M10,31379.379946156885,0.0,14979.276573781592,46358.65651993848,46358.65651993848,0.0,12165.824419762297,868.1963987360964,4833.920078643647,51192.57659858213,49948.30519648238,62114.12961624468,39.157425907553375,0.0,20579.09855250141,17031.499496761513,10800.0,10397.300367516254,12
2025-09-09,M10,34070.77909709628,0.0,4853.046763752746,38923.825860849036,38923.825860849036,0.0,4555.297952966093,685.5163283090305,4150.64654976076,43074.47241060979,53690.914719694796,58246.21267266089,188.92324520700697,1536.893933333332,21259.607414317037,17156.529858554117,10397.300367516254,10468.136086452567,10
2025-09-10,M10,36102.90371140456,0.0,6743.296852196266,42846.200563600825,42846.200563600825,0.0,7228.856876439393,1716.434512663035,8947.076925487127,51793.27748908795,56985.861256195865,64214.71813263527,467.58899899771757,0.0,21062.255331236778,16914.690334936193,10468.136086452567,10630.06551241434,11
2025-09-11,M10,37948.5019527837,0.0,710.3215711681441,38658.82352395184,38658.82352395184,0.0,889.258531924298,95.5744652357366,481.9777552461156,39140.801279197956,60104.533773976305,60993.792305900606,1614.622852955723,2142.0751,20940.878856300085,17104.295821452804,10630.06551241434,10472.083348136857,3
2025-09-12,M10,19506.86577977563,0.0,0.3055000234406626,19507.171279799073,19507.171279799073,0.0,0.47630187627169107,0.0,0.0,19507.171279799073,34596.50407602194,34596.98037789822,1018.8531763148835,18032.415064212364,19468.05763523229,15474.001697861324,10472.083348136857,10800.0,0
2025-09-13,M10,20177.42581376397,0.0,0.0,20177.42581376397,20177.42581376397,0.0,0.0,0.0,0.0,20177.42581376397,35540.440459147125,35540.440459147125,2175.1230686961226,21781.749297493323,18823.50847170711,15247.041862082762,10800.0,10800.0,0
2025-09-14,M10,38816.84736068712,0.0,2888.423325873953,41705.270686561096,41705.270686561096,0.0,3377.4222119914866,0.0,0.0,41705.270686561096,61023.7472269975,64401.169438988974,494.19603619227496,0.0,20252.91213760677,16445.263484810057,10800.0,10755.105940723797,0
2025-09-15,M10,36190.23037212477,0.0,1712.0556055850673,37902.28597770984,37902.28597770984,0.0,1949.3161351039048,536.3339093663454,3322.7581552593915,41225.04413296923,57278.273351073054,59227.58948617695,177.7960407293839,759.210650000001,21358.087437695493,17598.20136621491,10755.105940723797,10423.827561077622,11
2025-09-16,M10,40175.53811409171,0.0,1363.464310596503,41539.00242468821,41539.00242468821,0.0,1562.8912091347845,0.0,0.0,41539.00242468821,63546.80611920944,65109.69732834422,358.296121223473,1547.42140295246,19918.88043661252,16206.67061577756,10423.827561077622,10343.40815872048,0
2025-09-17,M10,39998.94959392277,0.0,901.7327608517559,40900.682354774515,40900.682354774515,0.0,1222.4981790463958,7.62916666666672,34.70889375000024,40935.39124852452,62921.97710390906,64144.475282955456,248.1346488884293,0.0,20358.281673966187,16414.430273232487,10343.40815872048,10427.605806142848,1
2025-09-18,M10,38851.904928845914,0.0,3292.63074573258,42144.53567457847,42144.53567457847,0.0,4529.124843547465,2.4633999999999787,17.18467839999985,42161.72035297847,60518.53315613372,65047.6579996812,1093.2346466252388,1192.7428713978957,20219.652099278675,16411.559334287278,10427.605806142848,10390.226768507799,1
2025-09-19,M10,18589.47945987837,0.0,517.8302253572252,19107.309685235596,19107.309685235596,0.0,644.6105724333586,0.0,0.0,19107.309685235596,33375.31045207803,34019.92102451139,179.26720225580425,13765.53633782002,19845.408133878078,15871.642966109179,10390.226768507799,10615.935237765652,0
2025-09-20,M10,18487.69179901333,0.0,246.4661144438847,18734.157913457213,18734.157913457213,0.0,384.8864849296321,0.0,0.0,18734.157913457213,33210.609400321075,33595.495885250704,181.44403060106356,13949.279283348273,20305.61747983017,16486.278641862125,10615.935237765652,10572.903589766,0
2025-09-21,M10,41633.80033505508,0.0,891.1883006053963,42524.98863566048,42524.98863566048,0.0,1332.1962518512605,0.0,0.0,42524.98863566048,65352.57993389616,66684.77618574743,2337.8671884717946,2564.8584426781663,18347.447824233604,14852.884752969478,10572.903589766,10582.401350499049,0
2025-09-22,M10,41636.670020586884,0.0,201.70392074334362,41838.37394133024,41838.37394133024,0.0,314.8896471616589,19.555900000000065,131.78740035000044,41970.16134168024,65471.48558782601,65786.37523498767,565.4930589913442,1023.3091839116784,19689.23770989135,16086.12870114002,10582.401350499049,10429.238954801238,2
2025-09-23,M10,42706.3277520024,0.0,220.73198180372404,42927.05973380613,42927.05973380613,0.0,344.1409133204304,6.375,42.9961875,42970.05592130613,66974.34527479448,67318.48618811491,1173.232942701409,172.6183075633362,20133.667102107647,16271.272747590807,10429.238954801238,10470.34740493056,1
2025-09-24,M10,40666.13513717962,0.0,1763.9825746663018,42430.117711845916,42430.117711845916,0.0,2542.88262733537,0.0,0.0,42430.117711845916,63303.47635291311,65846.35898024848,556.3462218009364,0.0,20684.73854150025,16457.95088305271,10470.34740493056,10800.0,0
2025-09-25,M10,41829.018311484964,0.0,1461.2945413618472,43290.31285284679,43290.31285284679,0.0,2030.9261913467446,15.37166666666667,103.49743166666669,43393.81028451346,64950.26908095376,66981.19527230051,678.0793772184168,2312.1535,19399.279541265154,15728.394379516389,10800.0,10783.357832120426,1
2025-09-26,M10,19224.27184372855,0.0,0.0,19224.27184372855,19224.27184372855,0.0,0.0,0.0,0.0,19224.27184372855,34268.92304097801,34268.92304097801,767.4065369008708,12328.974271034289,18880.118316196487,15401.819583153643,10783.357832120426,10662.331446526552,0
2025-09-27,M10,18979.896203075223,0.0,393.1721279743741,19373.06833104959,19373.06833104959,0.0,586.8194952423413,0.0,0.0,19373.06833104959,33948.98040711037,34535.79990235271,135.70740671014994,13344.81819220453,20185.598213034238,16931.626159596206,10662.331446526552,10016.451883150477,0
2025-09-28,M10,42518.645568292704,0.0,2813.3407838314397,45331.98635212416,45331.98635212416,0.0,3922.0578079427564,5.868333333333339,39.56136916666671,45371.54772129082,66743.20321053945,70665.26101848221,2319.606258488984,87.83191706120829,21425.6247601796,16649.56275058091,10016.451883150477,10800.0,1
2025-09-29,M10,43318.638647263484,0.0,48.69706902446539,43367.335716287926,43367.335716287926,0.0,72.72947198258646,26.015016666666725,134.73625666666706,43502.071972954596,67627.59308224716,67700.32255422976,1384.2270968059497,191.91556703460344,19461.68890886617,16071.385601810305,10800.0,10458.42490485699,2
2025-09-30,M10,44079.76809554649,0.0,1966.8984782499765,46046.66657379647,46046.66657379647,0.0,2405.3966691529054,31.411150000000134,212.2294349750009,46258.89600877147,68547.82019521436,70953.21686436725,1220.2380095461244,0.0,21235.7771185566,16893.561880402132,10458.42490485699,10800.0,1
2025-10-01,M10,42955.45705770597,0.0,0.0,42955.45705770597,42955.45705770597,0.0,0.0,0.0,0.0,42955.45705770597,67365.98993720755,67365.98993720755,8150.702183115888,6431.008029924216,16435.569425442613,13312.811234608513,10800.0,10800.0,0
2025-10-02,M10,40806.85040569937,0.0,156.28880113752535,40963.13920683691,40963.13920683691,0.0,244.359887819493,0.0,0.0,40963.13920683691,63621.239430894864,63865.59931871436,5109.070623626114,3587.8245261162842,18094.321327922604,14656.400275617307,10800.0,10800.0,0
2025-10-03,M10,17656.327769710424,0.0,266.33475847111606,17922.66252818154,17922.66252818154,0.0,347.9790661688353,0.0,0.0,17922.66252818154,32106.91628289942,32454.895349068258,2318.430501693075,18795.63411234664,18545.668605413404,15021.991570384864,10800.0,10800.0,0
2025-10-04,M10,18157.621661403846,0.0,314.7467536134994,18472.36841501735,18472.36841501735,0.0,416.6476414422674,0.0,0.0,18472.36841501735,32813.19408285891,33229.84172430117,2028.9368649262,14494.792933947061,19000.681537339908,15390.552045245327,10800.0,10800.0,0
2025-10-05,M10,38876.23459430028,0.0,638.3458149908669,39514.58040929114,39514.58040929114,0.0,731.3244512420495,0.0,0.0,39514.58040929114,61440.94333048047,62172.26778172252,2188.383104497996,1660.9876879186097,18878.61011915397,15291.67419651472,10800.0,10800.0,0
2025-10-06,M10,37414.88590671265,0.0,3174.90353813598,40589.78944484864,40589.78944484864,0.0,3762.282628393228,0.0,0.0,40589.78944484864,58709.16295117608,62471.44557956931,978.947886001054,0.0,19786.254966148717,16026.866522580462,10800.0,10800.0,0
2025-10-07,M10,37540.97421827325,0.0,3868.9100752305767,41409.88429350383,41409.88429350383,0.0,4420.098799639907,97.26050760625641,473.0770728179714,41882.9613663218,58852.40474015691,63272.50353979682,1789.8934921228206,0.0,20043.723975159246,16235.416419878993,10800.0,10800.0,3
2025-10-08,M10,34762.49945087064,0.0,3115.0042433318813,37877.5036942025,37877.5036942025,0.0,3813.8996007023957,615.0200279280064,3604.874303228942,41482.377997431446,55799.2424099934,59613.14201069578,107.37750361170527,0.0,20605.67042430609,16963.38155596066,10800.0,10496.901653030298,11
2025-10-09,M10,36837.29721865444,0.0,793.5580832262451,37630.855301880685,37630.855301880685,0.0,1198.0935352894535,394.1757527703096,2230.6727382212916,39861.52804010198,59279.30432640084,60477.39786169029,499.38224258516766,519.6053807038227,21366.746887416317,17274.142579578038,10496.901653030298,10533.482096618276,7
2025-10-10,M10,16481.213529070865,0.0,1048.8321274478192,17530.045656518683,17530.045656518683,0.0,1210.6773035372416,0.0,0.0,17530.045656518683,31146.52849436199,32357.205797899234,84.87423353395093,18928.093113250357,19973.445876342448,15972.818341894184,10533.482096618276,10762.007449888502,0
2025-10-11,M10,17257.324559515273,0.0,100.65015943267619,17357.97471894795,17357.97471894795,0.0,157.19323354376252,0.0,0.0,17357.97471894795,32333.100989400096,32490.29422294386,226.7507349679792,14453.672687638433,19516.011315433498,15812.454098429382,10762.007449888502,10757.024191079336,0
2025-10-12,M10,38367.98578001243,0.0,1145.1023039139109,39513.08808392635,39513.08808392635,0.0,1420.51553152027,111.0939079484948,727.0196946486998,40240.107778575046,60924.51606756651,62345.03159908678,394.0902181689924,0.0,19320.75035689623,15773.671051363277,10757.024191079336,10619.398344104526,2
2025-10-13,M10,40158.430920195744,0.0,101.16557507136118,40259.596495267106,40259.596495267106,0.0,157.72618501927218,0.0,0.0,40259.596495267106,63679.56018802498,63837.286373044255,1300.496149728607,1597.9874472490585,19730.873609266728,15819.466133200125,10619.398344104526,10800.0,0
2025-10-14,M10,40525.07842164897,0.0,955.3120251274721,41480.39044677644,41480.39044677644,0.0,1386.9141388737285,52.65480922866122,248.24874570900693,41728.63919248545,64196.67922283293,65583.59336170666,940.6957790404721,0.0,20640.64793979746,16718.924831235945,10800.0,10800.0,2
2025-10-15,M10,40681.639423692366,0.0,374.2229912085367,41055.8624149009,41055.8624149009,0.0,583.4471331595521,0.0,0.0,41055.8624149009,64936.87650241448,65520.32363557404,320.6288422577782,0.0,19647.109886233346,16367.438742917086,10800.0,10296.355849924357,0
2025-10-16,M10,41016.49245829761,0.0,2373.8214679027706,43390.31392620038,43390.31392620038,0.0,2090.227657096224,313.2543817517893,1882.8470482745195,45273.1609744749,65402.82858030756,67493.05623740378,498.36354239588854,0.0,21127.731337482095,16786.257210722404,10296.355849924357,10659.917152855582,8
2025-10-17,M10,17781.69303971378,0.0,0.0,17781.69303971378,17781.69303971378,0.0,0.0,0.0,0.0,17781.69303971378,33242.50969222556,33242.50969222556,298.9775599835015,13453.827394214506,18672.75310328557,15187.247681924673,10659.917152855582,10590.67529922962,0
2025-10-18,M10,17768.25868825564,0.0,70.55669735270642,17838.815385608345,17838.815385608345,0.0,110.14149648509431,0.0,0.0,17838.815385608345,33271.83037166082,33381.97186814592,94.52163636461182,13438.412270599665,18990.77454999947,15218.329855484497,10590.67529922962,10773.116999246371,0
2025-10-19,M10,41617.20360178092,0.0,1783.8851123183958,43401.088714099315,43401.088714099315,0.0,1653.9669986671074,370.4833929803008,2334.178960661257,45735.26767476057,66345.31976144029,67999.2867601074,667.3596194827553,0.0,20782.322521870206,16965.6345215986,10773.116999246371,10626.502244931115,6
2025-10-20,M10,43303.94908013224,0.0,299.5813855746356,43603.53046570687,43603.53046570687,0.0,467.57439495702204,0.0,0.0,43603.53046570687,68808.47148306236,69276.04587801937,715.8893810830825,0.0,21363.189452142295,17243.815321872666,10626.502244931115,10693.577949778439,0
2025-10-21,M10,43135.54670922054,0.0,1172.8039292606866,44308.350638481235,44308.350638481235,0.0,1650.2814887064978,0.0,0.0,44308.350638481235,68899.42493147754,70549.70642018404,328.21162220386304,0.0,21287.918593798717,17529.00514581853,10693.577949778439,10376.032299954475,0
2025-10-22,M10,43257.240468846096,0.0,729.6460963831621,43986.886565229266,43986.886565229266,0.0,1037.8244595743313,0.0,0.0,43986.886565229266,68885.4522851066,69923.27674468093,218.49383895342464,0.0,21965.599338158827,17815.713132431316,10376.032299954475,10349.834890484843,0
2025-10-23,M10,45950.91785507752,0.0,83.49315573786184,46034.411010815376,46034.411010815376,0.0,130.17330174284666,0.0,0.0,46034.411010815376,73214.33831930005,73344.5116210429,4252.728612848623,1896.2981147230319,19577.760023773822,15761.772163635902,10349.834890484843,10456.73873006362,0
2025-10-24,M10,17997.21009056548,0.0,148.27638730839496,18145.486477873874,18145.486477873874,0.0,231.61650935643866,0.0,0.0,18145.486477873874,33689.89970010698,33921.51620946342,102.97701794132013,11880.364523183085,19455.00049054044,15936.876538868091,10456.73873006362,10258.5985728077,0
2025-10-25,M10,17658.340249220906,0.0,198.62113997364978,17856.96138919456,17856.96138919456,0.0,292.62487596519577,0.0,0.0,17856.96138919456,33396.04434464163,33688.66922060683,63.05763867761385,10746.194666303334,19150.283151319712,15669.298969027168,10258.5985728077,10083.521221187486,0
2025-10-26,M10,44582.74909807068,0.0,181.7176421834459,44764.46674025412,44764.46674025412,0.0,283.314066391403,0.0,0.0,44764.46674025412,71046.5063539219,71329.8204203133,1349.8722832378985,1056.9372833333325,20560.265681903486,16181.566844828076,10083.521221187486,10608.24161842499,0
2025-10-27,M10,43088.23254364702,0.0,1662.6971725419148,44750.92971618894,44750.92971618894,0.0,2319.3807225300943,75.58330674972959,356.42167228547737,45107.35138847442,68291.98267983769,70611.36340236779,2158.50572560968,1234.0020372922897,21073.970733709924,17332.113454161045,10608.24161842499,10316.911440807206,5
2025-10-28,M10,43945.73159462947,0.0,1332.8132254637885,45278.544820093244,45278.544820093244,0.0,1892.1821977773907,0.0,0.0,45278.544820093244,69532.32540434434,71424.50760212174,1125.2264019786699,0.0,21335.4772324108,17008.617732267725,10316.911440807206,10620.376803012792,0
2025-10-29,M10,45225.22337233621,0.0,1964.4533740069273,47189.67674634313,47189.67674634313,0.0,2440.579984026548,0.0,0.0,47189.67674634313,71595.45951410565,74036.0394981322,613.4121700291716,0.0,22185.518834565257,18075.148306462226,10620.376803012792,10503.845635830161,0
2025-10-30,M10,44480.93954631101,0.0,157.34859023023574,44638.288136541254,44638.288136541254,0.0,245.32053356756433,3.641833333333352,17.058347333333423,44655.346483874586,70247.51998840188,70492.84052196944,628.2457134829734,1090.5719673995795,20716.04388211076,16726.196857690527,10503.845635830161,10563.621954518148,1
2025-10-31,M10,18912.77084287393,0.0,52.83237869136935,18965.6032215653,18965.6032215653,0.0,82.46851888640867,0.0,0.0,18965.6032215653,34866.98269514305,34949.45121402946,235.7000744911204,7101.9453652950815,19136.959968499807,15429.44626092321,10563.621954518148,10643.056747364411,0
2025-11-01,M10,18921.716762361444,0.0,47.85814289605841,18969.5749052575,18969.5749052575,0.0,74.68314919044792,0.0,0.0,18969.5749052575,34987.14229543527,35061.82544462571,413.0018593212529,8352.260843198928,19006.712533685135,15254.188224912936,10643.056747364411,10800.0,0
2025-11-02,M10,45729.14236783416,0.0,1402.218161754401,47131.36052958856,47131.36052958856,0.0,1970.2808905087181,0.0,0.0,47131.36052958856,72268.78758258044,74239.06847308914,1342.3131722020232,0.0,22086.305798346388,17985.934430792593,10800.0,10693.3036287422,0
2025-11-03,M10,47164.13234634044,0.0,151.1256620709967,47315.25800841144,47315.25800841144,0.0,235.61843166666154,0.0,0.0,47315.25800841144,74684.48717338551,74920.10560505217,873.3115053458749,555.0879097436223,20477.62722367012,16490.851317040775,10693.3036287422,10800.0,0
2025-11-04,M10,45725.378968740624,0.0,453.191519255676,46178.5704879963,46178.5704879963,0.0,653.5855248314381,33.599550000000136,155.81717803333396,46334.38766602964,72373.29844586918,73026.88397070061,1211.7805264072585,907.4410907264073,20628.39482955903,17267.204959325416,10800.0,10179.772058463774,2
2025-11-05,M10,47412.229205474985,0.0,190.25957156051058,47602.48877703549,47602.48877703549,0.0,296.8483756645186,0.0,0.0,47602.48877703549,75323.00642158493,75619.85479724944,849.1371806229347,384.960681386685,22321.114843861513,17613.377975288357,10179.772058463774,10698.355445396519,0
2025-11-06,M10,46009.881576634914,0.0,2636.2494666750013,48646.13104330993,48646.13104330993,0.0,3079.5500333134914,306.73136103222595,1485.609425622658,50131.740468932585,72761.81825461045,75841.36828792395,465.1940556207272,0.0,22342.350850717106,18029.02980738166,10698.355445396519,10774.21586950674,4
2025-11-07,M10,19457.614200002114,0.0,56.14575658182057,19513.759956583934,19513.759956583934,0.0,87.53625909233017,0.0,0.0,19513.759956583934,35773.54396089381,35861.080219986135,591.5991193051925,8262.431498628088,19291.484743555797,15602.896924836272,10774.21586950674,10800.0,0
2025-11-08,M10,19290.992407195965,0.0,0.0,19290.992407195965,19290.992407195965,0.0,0.0,0.0,0.0,19290.992407195965,35789.854450935374,35789.854450935374,487.62047053232277,7993.236117980665,18514.688223275723,14996.897460853334,10800.0,10800.0,0
2025-11-09,M10,47418.53617036664,0.0,1294.5493069847876,48713.08547735144,48713.08547735144,0.0,1382.8444986338704,0.0,0.0,48713.08547735144,74731.11487414062,76113.9593727745,708.5033575860596,184.16735896556781,21440.507051989414,17566.035579099876,10800.0,10578.639036679499,0
2025-11-10,M10,47846.142464152574,0.0,2569.7285004359246,50415.87096458851,50415.87096458851,0.0,2858.142524043615,253.029836274683,1413.3753248376179,51829.246289426126,75665.2245387912,78523.36706283482,658.4748508823787,0.0,22206.144914311983,17946.665966084853,10578.639036679499,10623.429497243773,5
2025-11-11,M10,48660.11950413702,0.0,231.92859792885335,48892.048102065884,48892.048102065884,0.0,361.89848410713626,0.0,0.0,48892.048102065884,76437.18530563213,76799.08378973926,946.5640615304454,327.5266770067997,21288.166812996205,17322.193428460836,10623.429497243773,10535.898041761653,0
2025-11-12,M10,48197.75749267794,0.0,1232.485016502332,49430.24250918028,49430.24250918028,0.0,1477.4142040433821,11.773333333333426,51.561313333333736,49481.80382251361,75948.56390971263,77425.97811375602,1998.121032325625,227.98705000000018,22017.44289344785,17761.78727868412,10535.898041761653,10616.277447326805,1
2025-11-13,M10,47717.81398084176,0.0,1808.9885374420662,49526.80251828382,49526.80251828382,0.0,2002.4443166965345,78.32930849788875,541.8171136812718,50068.61963196509,74806.77515836255,76809.21947505907,319.9950380290032,160.46586666666644,21098.352528813022,17087.135966618393,10616.277447326805,10619.088093682547,2
2025-11-14,M10,19252.041839998266,0.0,310.3716187681774,19562.41345876644,19562.41345876644,0.0,411.6512913865206,0.0,0.0,19562.41345876644,35461.62132782289,35873.272619209405,206.39716625933158,4458.754938132499,19184.273683469575,15574.608468651993,10619.088093682547,10579.813888080727,0
2025-11-15,M10,19191.335330462556,0.0,421.34732641328526,19612.682656875833,19612.682656875833,0.0,523.8908623178426,0.0,0.0,19612.682656875833,35586.23392715659,36110.12478947443,240.91217066385354,3853.1059307577925,19714.56595122865,15910.346179842534,10579.813888080727,10644.76082213925,0
2025-11-16,M10,49306.027961979315,0.0,1720.0506283598547,51026.078590339195,51026.078590339195,0.0,2095.2146910653955,0.0,0.0,51026.078590339195,77338.03950675708,79433.25419782248,666.2169895541643,0.0,22714.063907771215,18381.571082836228,10644.76082213925,10663.450469315301,0
2025-11-17,M10,49350.8802619885,0.0,1695.781696660368,51046.66195864887,51046.66195864887,0.0,2133.7300420307797,0.0,0.0,51046.66195864887,77215.05098134294,79348.78102337373,2258.2201984701687,155.7228666666665,21664.15288045962,17425.069255556067,10663.450469315301,10800.0,0
2025-11-18,M10,49077.00243100348,0.0,1867.9204453874554,50944.92287639092,50944.92287639092,0.0,2125.5099169013993,0.0,0.0,50944.92287639092,77015.25362247371,79140.7635393751,261.1614411725898,0.0,22102.680959364898,18113.630694495718,10800.0,10566.156536210947,0
2025-11-19,M10,49178.47488644309,0.0,4092.5348061871887,53271.009692630265,53271.009692630265,0.0,4016.6327802361675,1.3850000000001046,6.301057500000477,53277.310750130266,77243.02800811904,81259.6607883552,1667.7346190019011,150.20733269289053,22057.508478459473,17982.716241799048,10566.156536210947,10437.118342603311,1
2025-11-20,M10,49828.845146879095,0.0,974.1629290984026,50803.0080759775,50803.0080759775,0.0,1480.263591355491,32.12321673575818,150.51333201539495,50953.5214079929,78190.03538589628,79670.29897725178,497.0508051307508,28.772050000000036,22796.48478647355,18412.961480950107,10437.118342603311,10495.108560484943,2
2025-11-21,M10,19799.16311140131,0.0,901.8964496450494,20701.05956104636,20701.05956104636,0.0,993.9447778705962,0.0,0.0,20701.05956104636,36341.147740144246,37335.09251801485,533.6806565549234,4056.0499694308483,18981.976472625567,15100.998647263157,10495.108560484943,10800.0,0
2025-11-22,M10,19800.909801235433,0.0,287.1502682217333,20088.060069457173,20088.060069457173,0.0,375.36922934578934,0.0,0.0,20088.060069457173,36510.25696126585,36885.62619061164,253.0523816359335,2939.628840289612,19317.26392991253,15844.148444559767,10800.0,10580.928154077088,0
2025-11-23,M10,50623.866663840185,0.0,1592.4462700159033,52216.312933856076,52216.312933856076,0.0,1694.714280517664,0.0,0.0,52216.312933856076,79184.86933885035,80879.58361936802,1161.4650565721322,0.0,22572.934832273324,18086.912552810772,10580.928154077088,10800.0,0
2025-11-24,M10,49792.610354155375,0.0,516.0803170693197,50308.69067122469,50308.69067122469,0.0,777.1443514233443,18.83966666666663,88.24499866666649,50396.93566989136,77907.15029639393,78684.29464781728,761.9109976978749,183.90513333333342,21393.900417728157,17798.525934275407,10800.0,10278.370448982663,1
2025-11-25,M10,52274.22324902803,0.0,15.540212334015033,52289.76346136204,52289.76346136204,0.0,24.228581749321847,0.0,0.0,52289.76346136204,81840.2323961842,81864.46097793352,1087.1824316648378,100.00658333333354,22299.429797109995,17790.818300841307,10278.370448982663,10580.281376557981,0
2025-11-26,M10,51606.0298260623,0.0,1062.4423718983037,52668.472197960604,52668.472197960604,0.0,1172.8623643828605,0.0,0.0,52668.472197960604,80732.18641089369,81905.04877527653,629.605606494017,0.0,22736.997496586184,18219.221211137003,10580.281376557981,10800.0,0
2025-11-27,M10,51230.414628669365,0.0,1359.593208585197,52590.007837254554,52590.007837254554,0.0,1716.6272412611827,0.0,0.0,52590.007837254554,79829.68105466598,81546.30829592717,1588.9321002467311,77.08986666666658,21947.50770994349,17848.114114263044,10800.0,10721.519034212428,0
2025-11-28,M10,20015.624827583135,0.0,202.07493550715736,20217.69976309029,20217.69976309029,0.0,280.1507709487875,0.0,0.0,20217.69976309029,36753.49356669117,37033.644337639955,196.55394229844057,2174.9197708519546,19701.631875837138,15960.699801347571,10721.519034212428,10718.87683207966,0
2025-11-29,M10,20403.05785910324,0.0,610.1036993059718,21013.16155840921,21013.16155840921,0.0,970.2807502442345,0.0,0.0,21013.16155840921,37483.220880899185,38453.50163114342,99.90450705059493,0.0,18909.630546847948,15485.483522755116,10718.87683207966,10531.451521181574,0
2025-11-30,M10,53246.65166452584,0.0,1674.1123618062556,54920.76402633209,54920.76402633209,0.0,2007.3716111700005,6.062833333333515,28.398311333334185,54949.162337665424,83081.20056515152,85088.57217632151,302.345416177452,0.0,23585.31514706649,19037.85367025575,10531.451521181574,10605.064408812803,1
2025-12-01,M10,54185.750084178144,0.0,9625.111243933328,63810.861328111474,63810.861328111474,0.0,8199.715113938448,873.3044518122815,4240.122483904076,68050.98381201555,84302.65121516532,92502.36632910377,2218.736380500487,0.0,24645.077026388164,19787.07035930593,10605.064408812803,10800.0,7
2025-12-02,M10,56460.233209489896,0.0,8406.930775553903,64867.16398504379,64867.16398504379,0.0,7271.699425092575,295.8227600546601,1551.9941749835436,66419.15816002733,87261.53837312272,94533.2377982153,1501.4261030098392,0.0,24683.286869790132,19993.462364530005,10800.0,10800.0,4
2025-12-03,M10,58846.76487259323,0.0,4708.76720062728,63555.532073220485,63555.532073220485,0.0,4697.668363264164,19.607955587667448,114.53987256535939,63670.07194578584,89959.09168253533,94656.7600457995,3245.725621167168,0.0,22462.599018701774,18194.705205148435,10800.0,10800.0,1
2025-12-04,M10,60730.558346988604,0.0,2361.2664107901446,63091.82475777878,63091.82475777878,0.0,2084.348067452708,99.52302405562716,562.1699151042793,63653.994672883055,92553.6202707863,94637.968338239,3623.992884293953,0.0,22854.15646316149,18511.866735160806,10800.0,10800.0,2
2025-12-05,M10,24037.173995059882,0.0,2419.4912066200372,26456.665201679927,26456.665201679927,0.0,3185.0593701506054,0.0,0.0,26456.665201679927,43705.45205050419,46890.51142065479,1863.4707959179354,0.0,19554.804954755447,15839.39201335192,10800.0,10800.0,0
2025-12-06,M10,24756.7127947155,0.0,3062.2333106410715,27818.94610535656,27818.94610535656,0.0,3640.529592883479,0.0,0.0,27818.94610535656,45212.90190305399,48853.43149593746,1567.0931651799567,0.0,19061.618495214996,15439.910981124147,10800.0,10800.0,0
2025-12-07,M10,63590.764158864695,0.0,70.42196276222396,63661.18612162692,63661.18612162692,0.0,98.9826991857808,24.548135287347577,143.39793228104085,63804.58405390796,96494.04502522157,96593.02772440735,4875.137156739191,0.0,21525.039226081688,17435.281773126175,10800.0,10800.0,1
2025-12-08,M10,66335.67711089054,0.0,0.0,66335.67711089054,66335.67711089054,0.0,0.0,0.0,0.0,66335.67711089054,100584.45325494313,100584.45325494313,8786.362853307812,0.0,20794.101499835026,16843.22221486637,10800.0,10800.0,0
2025-12-09,M10,64860.534938970646,0.0,0.0,64860.534938970646,64860.534938970646,0.0,0.0,79.69273598829386,463.3827661749348,65323.917705145584,98655.67315205577,98655.67315205577,7196.92431883047,0.0,21842.038434457547,17692.051131910615,10800.0,10800.0,3
2025-12-10,M10,61262.10749028754,0.0,698.1240167294527,61960.23150701699,61960.23150701699,0.0,1068.2535177012273,2.940943939618819,17.17952402328333,61977.411031040276,93994.55006036237,95062.8035780636,2294.1571821851385,0.0,23073.52038500741,18689.551511856007,10800.0,10800.0,1
2025-12-11,M10,61552.801954416354,0.0,0.0,61552.801954416354,61552.801954416354,0.0,0.0,30.088760693825975,175.76349559298444,61728.56545000934,94358.89999510316,94358.89999510316,4255.068712492045,0.0,21961.39654371028,17788.731200405335,10800.0,10800.0,1
2025-12-12,M10,25307.26955287066,0.0,1429.5638831651606,26736.833436035824,26736.833436035824,0.0,2008.2730874164263,0.0,0.0,26736.833436035824,46479.34581124538,48487.61889866181,1074.3696046228424,91.6433134433255,18985.223669801628,15378.031172539315,10800.0,10800.0,0
2025-12-13,M10,25445.323155456892,0.0,996.1756749193831,26441.49883037628,26441.49883037628,0.0,1446.5558410528188,0.0,0.0,26441.49883037628,46995.38180054669,48441.93764159951,968.2330642845114,0.0,19343.00628411408,15667.835090132414,10800.0,10800.0,0
2025-12-14,M10,58997.56651248003,0.0,2820.4969852323925,61818.063497712414,61818.063497712414,0.0,3159.2775495266105,40.90438201466441,238.9429475386621,62057.00644525108,90940.28806812555,94099.56561765216,710.3066082925367,0.0,24481.271533548937,19829.82994217464,10800.0,10800.0,1
2025-12-15,M10,60586.037165132904,0.0,1323.5727179692778,61909.60988310218,61909.60988310218,0.0,1731.7347754601487,30.215768250311612,176.50541023419527,62086.11529333638,93323.7528605104,95055.48763597055,1245.444973527668,0.0,23524.666059875693,19153.96559584917,10800.0,10690.015458500166,1
2025-12-16,M10,61323.42779861077,0.0,402.0071818261558,61725.43498043693,61725.43498043693,0.0,628.0255643190236,16.538704149733462,96.51857793233468,61821.95355836926,94074.2340361042,94702.25960042322,1013.9114763614434,0.0,23180.85214984297,18894.056654964777,10690.015458500166,10559.38611006465,2
2025-12-17,M10,60193.13609549538,0.0,340.5087390236191,60533.64483451901,60533.64483451901,0.0,520.166029016272,43.8956745391032,255.52803130350466,60789.17286582251,93081.03094399802,93601.19697301429,1142.8989622408576,0.0,23404.87373468457,19094.527116038706,10559.38611006465,10407.631231237769,2
2025-12-18,M10,59108.11769806916,0.0,1616.4754418413402,60724.59313991047,60724.59313991047,0.0,1661.398839389988,25.736527792521997,148.88227879383356,60873.4754187043,91193.61514433968,92855.01398372964,826.9128322866945,0.0,24237.90980474279,19550.339092173963,10407.631231237769,10499.151064201875,2
2025-12-19,M10,24544.267667480563,0.0,1296.783506879394,25841.051174359964,25841.051174359964,0.0,1902.7442658002547,0.0,0.0,25841.051174359964,45422.03521371518,47324.77947951543,168.2984665296429,758.6739521440345,19519.34711513668,16029.93135429492,10499.151064201875,10255.528629719416,0
2025-12-20,M10,25335.48644899274,0.0,27.79771404181658,25363.284163034557,25363.284163034557,0.0,43.33912385690144,0.0,0.0,25363.284163034557,46972.81510653046,47016.15423038736,162.07673479010936,167.79230112447112,19631.996686572325,15802.063742099543,10255.528629719416,10366.477045301684,0
2025-12-21,M10,60254.26853857492,0.0,1258.0390346769516,61512.30757325188,61512.30757325188,0.0,1704.0182191933047,17.092947782267856,99.84845447011767,61612.156027722,92959.04817899811,94663.06639819141,617.3781192630817,0.0,24393.83526744975,19368.835907405824,10366.477045301684,10800.0,1
2025-12-22,M10,59716.33276378805,0.0,997.3187444601415,60713.65150824819,60713.65150824819,0.0,1241.2402605586094,47.07377598202936,266.4540613740245,60980.10556962222,92023.84152902229,93265.0817895809,401.5922658304513,0.0,23591.907322218245,19618.771105819087,10800.0,10234.082027975206,2
2025-12-23,M10,60375.75042056171,0.0,316.7706792503781,60692.52109981209,60692.52109981209,0.0,493.8738373096011,0.0,0.0,60692.52109981209,93141.88350280834,93635.75734011794,1636.344084993739,0.0,23574.75843176717,18833.4377099763,10234.082027975206,10525.322716592,0
2025-12-24,M10,59127.987952069416,0.0,1208.7248715489077,60336.71282361832,60336.71282361832,0.0,1372.3194270025651,201.9619066673947,1333.3978756009444,61670.110699219265,91434.57987556847,92806.89930257104,565.9115436185853,0.0,24178.921999368573,19590.53165041539,10525.322716592,10519.095126673292,5
2025-12-25,M10,58257.61335462574,0.0,1825.6201946486958,60083.23354927443,60083.23354927443,0.0,2308.923522097545,151.4146011917618,869.4619611075052,60952.695510381935,90104.37848471245,92413.30200680999,238.63526247494156,0.0,24169.37657216329,19655.74375996981,10519.095126673292,10431.81875276491,7
2025-12-26,M10,24378.2992538169,0.0,1545.5638556958643,25923.863109512764,25923.863109512764,0.0,1964.1292076478612,0.0,0.0,25923.863109512764,45186.92387713307,47151.05308478093,121.36789297255717,0.0,19774.657505814634,15752.594747339586,10431.81875276491,10726.127455398539,0
2025-12-27,M10,24601.15110614181,0.0,790.6963799950577,25391.847486136874,25391.847486136874,0.0,1212.9264218726705,0.0,0.0,25391.847486136874,45773.06483646389,46985.99125833657,152.67520333972212,0.0,19381.021475954036,15886.514487623856,10726.127455398539,10517.364019730669,0
2025-12-28,M10,59951.155894510564,0.0,240.32862374345646,60191.484518254016,60191.484518254016,0.0,346.23193067961,116.99850811685963,678.2461956674788,60869.7307139215,92362.16122445316,92708.39315513277,1552.0117933985525,0.0,22934.85504091516,18470.729921064085,10517.364019730669,10635.700310927557,3
2025-12-29,M10,59377.02533466348,0.0,783.2483333107248,60160.2736679742,60160.2736679742,0.0,1172.1019134293942,19.020919558900687,111.11070160331835,60271.38436957752,91772.84272058168,92944.94463401109,1329.220496667257,0.0,22953.209930632205,18842.231140396143,10635.700310927557,10357.776870278607,1
2025-12-30,M10,58544.392835283914,0.0,902.4619346272069,59446.85476991111,59446.85476991111,0.0,1111.263365499438,54.20504858661593,316.6387913187169,59763.49356122982,90776.36158890402,91887.62495440345,924.4032781789188,0.0,24167.2986377409,19374.274512929733,10357.776870278607,10581.373963212378,1
2025-12-31,M10,58392.76502814927,0.0,1921.551586022025,60314.31661417128,60314.31661417128,0.0,2138.459892611779,340.38119865873443,1904.6939210085293,62219.01053517981,90423.49319736165,92561.95308997342,165.57382883589753,0.0,24012.487277569628,19922.1497511067,10581.373963212378,10056.89056735093,9
2025-02-01,M7,23847.33865996621,5805.748800360634,8979.801449669554,38632.88890999639,33371.403025251915,5261.4858847444775,16773.583310078902,0.0,0.0,38632.88890999639,51553.246155753775,46544.221313539056,1447.5415969416445,9230.100343155014,7598.4317317106725,6110.028291601608,9527.87709267596,9577.545327213777,0
2025-02-02,M7,48044.71472456162,7344.77954717803,16017.138634220277,71406.63290595991,65193.640986582795,6212.991919377113,25960.77779509655,0.0,0.0,71406.63290595991,84257.06828387796,82104.85019597603,1704.1344460057512,182.64123333333328,11023.714452351875,9161.91788571492,9577.545327213777,9318.979572425003,0
2025-02-03,M7,47851.46261171963,7323.991519909943,16319.350537105684,71494.8046687352,65339.525520184776,6155.279148550428,26484.980299019386,0.0,0.0,71494.8046687352,84319.2277064401,82872.8144663746,823.4517292170392,0.0,11981.217416558511,10148.771179400941,9318.979572425003,8825.662825771058,0
2025-02-04,M7,48024.476875864624,7133.458719559595,16887.526336173985,72045.46193159823,65831.70400864647,6213.757922951758,26719.718089449394,0.0,0.0,72045.46193159823,84433.36064121936,83951.38778717339,1421.552138873192,64.33819999999992,12248.430599014242,10977.797100714044,8825.662825771058,7651.698030757159,0
2025-02-05,M7,47096.66119292298,6405.793005476695,17706.560722974966,71209.01492137462,64978.9223980123,6230.09252336232,26268.836344768268,0.0,0.0,71209.01492137462,81563.8261781341,83800.32327862248,33.75150978028249,0.0,13886.091213608719,10867.946428099844,7651.698030757159,8073.684091782962,0
2025-02-06,M7,47419.50393594179,6794.505676179568,16386.314978177277,70600.32459029864,64518.26057711041,6082.064013188225,25453.555816643267,0.0,0.0,70600.32459029864,82690.58171992743,82231.94084151291,24.789848209911668,0.0,12694.015258342111,10757.92148170577,8073.684091782962,7545.051733506682,0
2025-02-07,M7,23564.702486087823,5377.276584065315,8574.595926756088,37516.57499690924,32459.615998204692,5056.958998704551,15789.786927975067,0.0,0.0,37516.57499690924,50770.888996392954,46429.90000044349,912.687586517807,10710.601897281631,10221.732184666627,7220.801334689236,7545.051733506682,8721.498105607494,0
2025-02-08,M7,21735.73707441655,5118.959927424455,9291.75322351905,36146.450225360044,30854.286821000846,5292.1634043591985,15683.59262798423,0.0,0.0,36146.450225360044,46706.548854517496,43464.32260578445,534.0220895414321,9553.753350887033,9060.67030820216,7261.285859512837,8721.498105607494,8808.005983530727,0
2025-02-09,M7,44927.16109789895,6005.078661411324,18538.84528090607,69471.08504021633,63284.88334901649,6186.2016911998435,26217.977720416857,0.0,0.0,69471.08504021633,76594.49155902214,80815.38606036117,4.121147867408581e-13,0.0,12598.196412275784,11338.226318581264,8808.005983530727,7548.353511710861,0
2025-02-10,M7,45468.50685863049,6711.383228577161,15691.296722286334,67871.18680949397,61253.888125095495,6617.298684398476,24655.174119042567,0.0,0.0,67871.18680949397,79729.96131376535,78684.21301487894,221.56844065537683,651.3681027452501,13284.621347411281,9799.9824592663,7548.353511710861,8615.643325196237,0
2025-02-11,M7,44123.64101926296,6744.499895431452,16125.852064994717,66993.99297968908,60718.47534558787,6275.517634101212,25624.84683434739,0.0,0.0,66993.99297968908,77838.45823175338,77994.99832742907,65.1590425631285,148.03829999999994,13460.67143037657,10899.467578843956,8615.643325196237,8619.728080486315,0
2025-02-12,M7,44676.46263584301,6881.671274323922,14850.979584187822,66409.11349435475,60322.603884520184,6086.5096098345675,24227.52535381982,0.0,0.0,66409.11349435475,79058.56538763258,77489.61267761159,409.7818188321346,254.72922313420008,12269.42473442065,10711.059232108728,8619.728080486315,7761.033416899645,0
2025-02-13,M7,45328.55651775918,7006.365848276952,14516.139234327044,66851.06160036316,59862.26900406892,6988.792596294239,24611.40736644781,0.0,0.0,66851.06160036316,79868.22247441912,77266.90647407674,1262.0740801674533,918.0422000000005,12933.424760152082,9176.113582909456,7761.033416899645,9205.433942248234,0
2025-02-14,M7,22197.993843498727,5428.907258465479,8716.94377778645,36343.84487975066,31290.951168575837,5052.89371117482,15331.529632741194,0.0,0.0,36343.84487975066,48117.15876616059,43842.16265542772,497.2605272591567,11800.733246694994,7790.17525645637,6047.808191649463,9205.433942248234,9496.804793448446,0
2025-02-15,M7,21861.71688806199,5429.842159348228,8596.695060234575,35888.25410764476,30882.16891838398,5006.085189260779,15144.115803089864,0.0,0.0,35888.25410764476,47623.55317554511,43163.54454733124,308.8240830600651,12601.26185469133,7116.718999789991,6143.351490210144,9496.804793448446,9075.905793025946,0
2025-02-16,M7,44598.48254495983,6811.697256302496,15202.62888073957,66612.80868200192,60412.24631553294,6200.562366468985,24660.07988966885,0.0,0.0,66612.80868200192,78524.88770946115,77573.01326034276,150.78947421292756,77.22391666666658,12134.966446583425,10167.345677120258,9075.905793025946,8700.324842595184,0
2025-02-17,M7,44468.567458476355,7055.098004385633,13967.378727849275,65491.04419071126,58878.28217887223,6612.762011839033,24093.490908636853,0.0,0.0,65491.04419071126,79056.28169916052,75726.71272558458,965.6594738028357,1385.723835043042,11184.854184950425,8993.387934878385,8700.324842595184,8774.040348074588,0
2025-02-18,M7,43702.755271214985,6468.776732091927,14950.72195776944,65122.253961076334,58394.564275733435,6727.689685342899,23968.524588615488,0.0,0.0,65122.253961076334,76092.1581128142,75109.32667893481,284.0375651529404,650.810427366254,11750.216485033608,9667.125581951317,8774.040348074588,8607.984537992257,0
2025-02-19,M7,43714.4352167064,6149.8101177536,14772.480631197093,64636.725965657075,58578.43285958301,6058.293106074067,22732.793565957978,0.0,0.0,64636.725965657075,76001.61175590608,76180.59273048837,419.2158960193273,294.4889166666667,13429.895310849515,10842.334776380481,8607.984537992257,8647.851677334058,0
2025-02-20,M7,43429.027476614734,6674.094837887927,14621.064432263232,64724.186746765874,58265.79141752587,6458.395329240004,23741.799921450372,0.0,0.0,64724.186746765874,76763.75936079133,75625.72188655076,962.1276033073932,735.2240683534641,12567.80962237754,9632.573140820965,8647.851677334058,9256.021292117213,0
2025-02-21,M7,21793.76841386782,5429.397317562265,8526.689302574241,35749.85503400432,30745.69398426245,5004.161049741873,14897.81451656558,0.0,0.0,35749.85503400432,47676.56597915643,43118.34685313402,249.44897838772357,15408.810560879985,7539.595082686257,5639.769802153276,9256.021292117213,9775.245975253425,0
2025-02-22,M7,21462.28201003113,5537.95487252149,8657.473964526407,35657.71084707901,30471.28422924674,5186.426617832272,15381.823766583342,0.0,0.0,35657.71084707901,47175.82360398708,42570.625678556156,293.41585528247316,13302.549887911093,6851.867210409624,5721.970158380364,9775.245975253425,9584.181844199466,0
2025-02-23,M7,43034.24726756084,6640.378725124139,14705.363188248322,64379.98918093329,57634.98878669172,6745.0003942415715,23933.924981003158,0.0,0.0,64379.98918093329,75408.82783651265,74141.91948618718,245.10135881772766,528.4661613316966,11310.489156028048,9473.990873323619,9584.181844199466,9236.965558709573,0
2025-02-24,M7,42244.19831135293,6714.267375551888,14690.344618261397,63648.81030516618,56989.28686082191,6659.523444344275,24043.540392782743,0.0,0.0,63648.81030516618,75144.29761952756,73544.90854057149,1417.4982717038715,2190.243749871833,10787.141613361455,9053.00871103233,9236.965558709573,8886.494442921183,0
2025-02-25,M7,42097.42644465713,6769.841954016624,13571.440470911637,62438.708869585345,55457.297599250865,6981.41127033448,23369.75384058345,0.0,0.0,62438.708869585345,74778.1833372609,72213.0016466039,1077.3997604072388,2876.038725441854,11382.637804462576,8944.397877041112,8886.494442921183,9192.648603558491,0
2025-02-26,M7,41894.77343714139,6092.849240460425,12737.00190850339,60724.624586105194,54818.41898684491,5906.205599260284,20466.934933359018,0.0,0.0,60724.624586105194,73518.81036590229,71854.74609758773,211.26955885139992,994.8294166666665,11513.501529111572,9679.702440375233,9192.648603558491,8799.57504600865,0
2025-02-27,M7,41597.401828724534,6226.71408053697,12542.586980619359,60366.70288988088,54300.40878402898,6066.294105851899,20548.547338429424,0.0,0.0,60366.70288988088,73589.12444809265,71376.94621084291,389.6176375421005,1358.1929,13222.780405831985,10550.228932531169,8799.57504600865,8977.600819556132,0
2025-02-28,M7,21236.825965580025,5340.15799971559,8264.61604564333,34841.60001093894,29968.793062427325,4872.8069485116175,14576.05520024599,0.0,0.0,34841.60001093894,47043.56720118479,42404.62208330977,207.3112578256401,16769.04698136579,7653.420182565933,5517.749888447595,8977.600819556132,9734.845774479256,0
2025-03-01,M7,20407.68266319706,5619.22804577719,7983.111425311957,34010.02213428621,29282.743753462022,4727.278380824191,15055.014952314126,0.0,0.0,34010.02213428621,46346.24159766504,40847.1042387095,1303.085848554409,15425.66874235437,5996.508650663582,5536.924936196193,9734.845774479256,8979.564742080714,0
2025-03-02,M7,40857.9036008372,6583.397360214477,15076.162504684551,62517.46346573622,56024.4370551887,6493.026410547522,24217.748443304346,0.0,0.0,62517.46346573622,73220.50789142158,72420.73325689867,978.5190953798054,33.96489999999994,10719.115590578405,11669.1733957262,8979.564742080714,5661.020556127725,0
2025-03-03,M7,43047.8495466835,6627.897547905738,15225.463333100684,64901.21042768993,58711.353680306296,6189.856747383637,24005.63329825464,0.0,0.0,64901.21042768993,77830.06765405412,77155.02285712978,533.1858851986988,296.4895999999999,15503.543797020664,11195.343058422908,5661.020556127725,7174.939908531986,0
2025-03-04,M7,42530.767391757385,6467.836553928356,14409.195577982347,63407.7995236681,56942.39942212656,6465.4001015415415,23016.219008236,0.0,0.0,63407.7995236681,75718.62952171544,74447.0065494143,553.5751832472281,1037.846205022422,13261.237406084369,9605.110178273047,7174.939908531986,8437.708931482317,0
2025-03-05,M7,40767.84595683454,6654.726244823724,13644.675173488133,61067.247375146384,54299.898378755875,6767.348996390509,23026.797222715315,0.0,0.0,61067.247375146384,73214.47064310218,70726.405208235,1198.7620396512275,1441.9275499999994,11108.378648409773,9153.135046492669,8437.708931482317,8265.099663392592,0
2025-03-06,M7,39988.4876394857,6307.393306629829,13239.241538748001,59535.12248486356,53094.61484305461,6440.507641808952,21513.82279607359,0.0,0.0,59535.12248486356,71478.27401154855,69334.57157301792,659.175704358534,1709.4246166666662,10932.916676868499,9907.599558209105,8265.099663392592,7096.280719008563,0
2025-03-07,M7,20783.569375242365,5453.318632224222,7966.990451699024,34203.878459165615,29423.18471390653,4780.693745259086,14711.295150041144,0.0,0.0,34203.878459165615,47571.3800147853,42415.801744276054,724.7263757431938,17219.938466666666,8730.512439111493,5181.661070578629,7096.280719008563,9196.3407246771,0
2025-03-08,M7,19112.966808081408,5223.978498865237,8568.959468731999,32905.90477567864,28001.431367081877,4904.473408596761,14655.928818422764,0.0,0.0,32905.90477567864,43384.59473100514,39222.58753227223,24.439436650618205,18308.68657846541,7607.150523427001,5780.828522937474,9196.3407246771,9619.633392497542,0
2025-03-09,M7,38799.717863947146,6178.386479581077,12927.02344113858,57905.12778466681,51894.0478376545,6011.079947012309,20732.645878234194,0.0,0.0,57905.12778466681,69187.49044682508,66954.93760783627,169.81082884518054,2193.9416070641073,10504.783329067606,9247.123207140623,9619.633392497542,8799.357047391039,0
2025-03-10,M7,39237.063650345786,6014.911709106282,14455.620272123633,59707.59563157573,53757.62289566638,5949.972735909345,22334.976497459982,0.0,0.0,59707.59563157573,69774.72281368333,70123.38243032435,107.93974893503815,0.0,12111.248889154653,10137.877657765337,8799.357047391039,8435.172539002075,0
2025-03-11,M7,39707.186379067665,6314.019016882145,13266.8888921506,59288.0942881004,52397.621462211646,6890.472825888755,21837.925951866564,0.0,0.0,59288.0942881004,70926.67133515785,69016.7277598749,731.3341607007778,2362.4249158008915,11211.231224236715,9227.181340863483,8435.172539002075,8272.856928744586,0
2025-03-12,M7,39737.7249092917,6296.961952828305,12198.826706827973,58233.51356894798,51973.742491353194,6259.771077594785,20661.498870898216,0.0,0.0,58233.51356894798,71410.1770972708,68460.27345774643,639.4226017183007,2959.2168181351813,11276.374387503169,8850.27503294354,8272.856928744586,8587.95495200462,0
2025-03-13,M7,39725.88039435646,6084.146497164916,13992.951676535236,59802.97856805659,53815.440930475954,5987.537637580637,22106.041307755855,0.0,0.0,59802.97856805659,70679.00566127009,70554.21105779249,272.5425688377878,209.46093333333317,12078.658273580353,9552.068734625644,8587.95495200462,8845.33769308733,0
2025-03-14,M7,19548.592317599254,5434.80607453965,8248.737096993047,33232.13548913196,28269.53862411397,4962.596865017986,14704.644242313232,0.0,0.0,33232.13548913196,44887.214869734125,40043.66178735146,157.39804751878333,21307.64077542316,7687.149468544158,5137.952487467973,8845.33769308733,10054.936117590438,0
2025-03-15,M7,18814.273210129082,5427.34739787094,8745.413182192324,32987.03379019235,27929.068828963074,5057.964961229274,15225.435566036087,0.0,0.0,32987.03379019235,43319.80902434529,39100.40660191399,727.1455430923966,16743.857038183793,6196.387390208685,5491.1085195708865,10054.936117590438,9530.453080366164,0
2025-03-16,M7,39327.98563149028,6290.426645167595,13422.216530036947,59040.62880669483,52351.87761901194,6688.751187682894,22173.552521185826,0.0,0.0,59040.62880669483,69727.70692053961,68022.6695210748,820.6993347501385,1708.3238747562702,10896.921652733625,8754.322274498569,9530.453080366164,9610.65781838357,0
2025-03-17,M7,38922.77113901477,6293.152792305108,11521.53706962673,56737.461000946605,50374.46287848936,6362.9981224572475,19906.55297604417,0.0,0.0,56737.461000946605,69549.44851006288,65937.40216075577,1535.7286945571018,4479.907549999999,9429.842428378357,7366.207945513015,9610.65781838357,9912.840508909638,0
2025-03-18,M7,38216.83819302844,6403.568413883409,11911.53393075659,56531.940537668444,50153.71433325057,6378.2262044178715,20629.77388275267,0.0,0.0,56531.940537668444,68756.56327716436,65518.15051033963,335.8026398995013,2301.098281139702,10989.186397179348,9233.895174545589,9912.840508909638,9543.224739098174,0
2025-03-19,M7,38227.47071644291,6186.574424019209,11473.856063743458,55887.90120420559,49473.10859166156,6414.792612544028,19510.035142831777,0.0,0.0,55887.90120420559,68300.18968963875,65053.322649119706,160.30276529826025,3030.363007173739,11422.844807480002,9025.65838083229,9543.224739098174,9795.27575379429,0
2025-03-20,M7,38104.54815465078,6152.990509419937,11728.726621548421,55986.26528561911,50097.08267329347,5889.18261232564,19699.04576545714,0.0,0.0,55986.26528561911,68217.20526093978,65231.57831988458,108.66295547701263,1649.7974903483166,10568.782775276657,9304.626717884068,9795.27575379429,8968.706120560988,0
2025-03-21,M7,18439.23415693652,5365.807510813615,8444.05541672127,32249.097084471396,27327.87968947871,4921.217394992687,14677.481851979019,0.0,0.0,32249.097084471396,43116.80752651949,38608.79357843168,420.7759117936796,23988.9904617508,7797.751532325776,5632.188844105243,8968.706120560988,9728.694895092805,0
2025-03-22,M7,18391.99468914789,5442.837104410132,8207.551639343445,32042.38343290147,27087.952765970487,4954.430666930984,14562.881255831688,0.0,0.0,32042.38343290147,43108.40363409788,38242.971441729474,224.2608486582556,20544.344402108472,6652.403256400155,5059.236798770744,9728.694895092805,10094.483604996567,0
2025-03-23,M7,37612.32418598515,6328.922328176319,12098.929936087412,56040.17645024886,49623.23538046738,6416.941069781482,20851.87292343507,0.0,0.0,56040.17645024886,67749.30948688097,64715.03441437548,1004.2288872508818,3728.0023103719977,9682.706547830154,8469.623447744227,10094.483604996567,9398.226778327899,0
2025-03-24,M7,37015.294051337994,6166.38677061793,11538.687910210005,54720.36873216593,48484.397612957575,6235.971119208356,19584.276344365124,0.0,0.0,54720.36873216593,67037.5908645293,63795.82507805987,551.9806743300081,3921.5270733324296,10740.458841600062,9416.638594535956,9398.226778327899,8601.707964061337,0
2025-03-25,M7,37731.06979618289,6083.758383403347,11886.295885506952,55701.124065093165,49850.47687179914,5850.647193294026,19735.200720466146,0.0,0.0,55701.124065093165,68343.40899685303,65791.9135861027,27.784368478586874,2502.5642704360043,11897.299835393704,9585.859604872256,8601.707964061337,8658.322699390934,0
2025-03-26,M7,37682.24638320645,6214.714116124768,11169.501563319369,55066.46206265058,48844.15057050187,6222.311492148707,19517.885490314595,0.0,0.0,55066.46206265058,68394.59024112296,64718.932539100526,1165.1823449103329,5054.651325168636,11220.759806233287,8314.21580387839,8658.322699390934,9518.988965136014,0
2025-03-27,M7,37392.785792903946,6332.463672737003,11334.934909621694,55060.18437526262,48312.29553278674,6747.888842475884,19967.333802089375,0.0,0.0,55060.18437526262,67378.40762307917,63497.999298291295,240.06303419820426,2987.4772134760533,10541.729081470334,8988.259430853293,9518.988965136014,9019.590215288996,0
2025-03-28,M7,18096.23295363987,5475.033602314086,7957.41661321194,31528.6831691659,26694.84740041774,4833.835768748158,14462.096582836439,0.0,0.0,31528.6831691659,43142.830914667196,38079.28736704028,207.21065408694977,24852.540746921382,7592.843331410669,5395.188132045385,9019.590215288996,9858.495733508167,0
2025-03-29,M7,17708.879327448045,5370.970583147649,8053.643364669869,31133.49327526557,26305.02700310805,4828.466272157519,14288.4189948531,0.0,0.0,31133.49327526557,42111.921899727065,37308.70238848805,7.6417601990831745,28498.596992251194,6223.081213448652,5127.826760744214,9858.495733508167,9761.68353589616,0
2025-03-30,M7,36651.42851551649,6127.642886167989,10457.156673285299,53236.228074969775,47251.37791199412,5984.850162975657,18117.482341968313,0.0,0.0,53236.228074969775,66508.31126283362,62331.87980984764,482.8125535554282,5121.352631228798,10001.134813949502,8619.039888886085,9761.68353589616,9185.993880799515,0
2025-03-31,M7,36528.8869424591,6297.497671337626,11540.773912689037,54367.158526485764,47422.9406644989,6944.217861986865,19973.984719526747,0.0,0.0,54367.158526485764,66407.66133017535,62906.85659004094,1222.37675894785,3825.4606645882322,9225.875238048706,8318.245554877172,9185.993880799515,8246.786534068717,0
2025-04-01,M7,37392.1362304491,6399.144316701031,13246.264945798142,57037.545492948266,49682.139355773885,7355.406137174381,22655.620062510567,0.0,0.0,57037.545492948266,68037.57229026407,66088.50484076055,1055.2333836839057,2115.2943833333334,10885.435398625003,8176.30984154835,8246.786534068717,8958.889679999716,0
2025-04-02,M7,36935.930071171344,6176.846851877881,13379.911512902929,56492.68843595216,50045.518491686424,6447.169944265734,21654.547632759044,0.0,0.0,56492.68843595216,67052.67929276975,65976.90798295547,1031.4126885284427,1869.5215166666667,11940.655956301816,9300.017578541461,8958.889679999716,9372.127175625292,0
2025-04-03,M7,36699.74350936197,6243.474747291474,11147.719909730731,54090.93816638417,48052.220756453215,6038.717409930956,19488.673463574694,0.0,0.0,54090.93816638417,67001.93370929742,63419.076507266946,736.6600192760465,5059.113693158859,10487.647176764993,8727.874648599609,9372.127175625292,9113.37113626978,0
2025-04-04,M7,17448.84498698109,5371.461930520274,7724.171611317331,30544.478528818712,25865.928694730224,4678.549834088488,14047.506040428298,0.0,0.0,30544.478528818712,42243.6473897471,37223.38510400961,258.4270207583866,28401.156739256858,7204.6365867914665,5071.6374927970965,9113.37113626978,9962.391294607542,0
2025-04-05,M7,17024.929310702933,5336.589873658255,7826.824890268326,30188.34407462952,25430.591603606532,4757.752471022988,14066.34064825636,0.0,0.0,30188.34407462952,41244.321634847416,36369.428096625415,63.867755126435355,23410.176178375943,6116.55123898714,5265.282059197433,9962.391294607542,9616.97401058771,0
2025-04-06,M7,35982.5160853578,6082.10324299337,10841.522189251744,52906.1415176029,47003.54937724648,5902.592140356413,18436.298259156247,0.0,0.0,52906.1415176029,65876.14183055531,62323.697404493345,894.993203472781,5510.671116128375,9706.733868819238,8198.777050593708,9616.97401058771,9243.282214087576,0
2025-04-07,M7,35826.0695860136,6212.843022014458,11582.37283182165,53621.28543984967,46924.429767239024,6696.855672610647,20005.316904966738,0.0,0.0,53621.28543984967,65580.48820693837,62463.38272870688,1986.147470672102,5349.34850199545,9401.557203228715,7516.3897305227165,9243.282214087576,9353.139551968183,0
2025-04-08,M7,35960.100345350926,6211.423836517122,10699.685498733486,52871.20968060157,46936.18263862708,5935.027041974492,18660.819579977277,0.0,0.0,52871.20968060157,66349.78420992584,62284.037982987225,700.2784440562808,5946.254883333333,10332.711215122516,9048.400176191572,9353.139551968183,8598.801672032254,0
2025-04-09,M7,36301.531673603575,6161.3739077862565,11301.661505158403,53764.567086548224,47567.55047995867,6197.016606589554,19560.096908247542,0.0,0.0,53764.567086548224,66806.9978462512,63618.95807714558,249.643116557067,2432.792562736674,10734.616884377456,8932.405503192276,8598.801672032254,8335.06186442499,0
2025-04-10,M7,36712.71964272198,6249.67620138392,11537.864841195518,54500.260685301444,48169.708039674246,6330.552645627198,19876.873068487173,0.0,0.0,54500.260685301444,67531.38194358157,64161.11189848359,1011.4152576538613,6031.656612847257,10871.033895646482,8213.631767664014,8335.06186442499,8992.73485088014,0
2025-04-11,M7,17033.976181229355,5337.23848545258,7917.856273219057,30289.07093990099,25498.097821280233,4790.973118620757,14184.296042721187,0.0,0.0,30289.07093990099,41623.151986680496,36820.049567902744,101.96090865004733,29249.448985657335,7457.861752473919,5305.872245545224,8992.73485088014,9809.39682194531,0
2025-04-12,M7,16662.16226147671,5403.393029676043,7755.620059048175,29821.17535020092,25051.187680560128,4769.987669640792,14175.494835187981,0.0,0.0,29821.17535020092,41106.32466243353,36027.252708497486,400.8789141058016,25319.686310126835,6255.898701335551,4974.371767070701,9809.39682194531,9912.625911957643,0
2025-04-13,M7,34682.82108170426,6164.974087877867,11124.725910810297,51972.52108039243,45755.86848724424,6216.652593148188,19023.909468764694,0.0,0.0,51972.52108039243,64226.6306505471,60744.45389522212,927.1026298497247,4775.256533333332,9203.074109660662,8437.337860954936,9912.625911957643,8820.57276514675,0
2025-04-14,M7,35214.30061042893,6160.209889046087,10596.936781020802,51971.4472804958,46154.644980026744,5816.802300469055,18488.851200040503,0.0,0.0,51971.4472804958,65601.12071113764,61532.8601543791,1202.7580343900718,5322.38545,10332.547527025623,7852.8626570365905,8820.57276514675,9394.462587206935,0
2025-04-15,M7,34943.519389255904,6265.246471999588,10825.97483833342,52034.74069958893,45723.168714409985,6311.571985178947,18846.414538545483,0.0,0.0,52034.74069958893,65002.83446989717,60891.5841376625,1612.5241782479598,7979.598280250131,8384.055759859284,7224.02291402821,9394.462587206935,8913.420644382277,0
2025-04-16,M7,35269.219916687725,6158.749969266153,11784.497888881768,53212.46777483567,46762.293554580014,6450.174220255656,19970.888616035827,0.0,0.0,53212.46777483567,65225.263888273934,62518.75112108664,893.0223346688053,4063.3985833333336,9768.224728317095,7985.486475232583,8913.420644382277,8832.060149609231,0
2025-04-17,M7,35343.50035796789,6134.967251146874,10790.49201580625,52268.959624921015,46113.86302296138,6155.096601959638,18650.40995196773,0.0,0.0,52268.959624921015,65434.442327807905,61712.39796544664,1047.7908461342802,5546.7395217152325,9959.196170420171,7709.670922823041,8832.060149609231,9229.035677628448,0
2025-04-18,M7,16520.217662901534,5310.713749958699,7603.237982363476,29434.169395223707,24740.107883720753,4694.061511502954,13931.221559291891,0.0,0.0,29434.169395223707,40897.202877540214,35924.93325989331,240.81534816220443,27129.437736330998,7189.076212860232,4988.51322079346,9229.035677628448,10156.411801654365,0
2025-04-19,M7,15940.972708466314,5268.563719408791,7550.078777885937,28759.615205761045,24140.397482243887,4619.217723517158,13810.629015946504,0.0,0.0,28759.615205761045,39706.644787467194,34770.39170616072,362.11511920900995,26590.375755335837,6031.216218152003,4997.99463653613,10156.411801654365,10031.17902406213,0
2025-04-20,M7,34265.50823415961,6037.257863954924,10873.36819695314,51176.13429506768,45073.32878506475,6102.8055100029305,18539.662424389313,0.0,0.0,51176.13429506768,63223.98268286147,59787.10483360411,1140.3098972581568,5457.506414814816,9398.061332009729,8166.51769381192,10031.17902406213,9415.525674190985,0
2025-04-21,M7,34366.92139082618,6015.8361876942145,10189.720332407336,50572.47791092773,44748.82482487889,5823.653086048842,17500.276754268747,0.0,0.0,50572.47791092773,63999.26749970383,59733.04568813203,909.8952032688412,8687.828741011843,8701.831976908183,7083.420616390165,9415.525674190985,9376.707101863722,0
2025-04-22,M7,34226.568363175,6114.487744634242,11370.100452714672,51711.15656052392,45307.8256502258,6403.330910298122,19351.1615443231,0.0,0.0,51711.15656052392,63453.175069637255,60394.854769429774,1449.3230548539582,5134.943843046525,9351.17942435428,7693.520869491649,9376.707101863722,9244.412062125197,0
2025-04-23,M7,34218.01342939408,6077.398102773824,11240.77243126716,51536.18396343506,45260.890642294515,6275.293321140547,19110.51368394447,0.0,0.0,51536.18396343506,63756.40973093611,60648.134089424406,1926.0171500890287,5201.23189929579,9347.54595842195,7226.577635049021,9244.412062125197,9627.672719094922,0
2025-04-24,M7,33819.23036008327,6016.368396320888,10241.20361873751,50076.802375141706,44276.444918959525,5800.357456182181,17512.578321095803,0.0,0.0,50076.802375141706,63002.388348623965,58930.203391744784,1576.5535011107058,9061.374476189994,8238.66054117517,7036.491826731075,9627.672719094922,9224.142954229163,0
2025-04-25,M7,15744.26784319763,5257.869543863586,7202.210981867503,28204.348368928717,23702.79580021535,4501.552568713367,13528.33276449227,0.0,0.0,28204.348368928717,40054.45375539946,34898.14926863804,222.23618141731365,30924.849311945723,6643.139855719071,4892.4337304440705,9224.142954229163,9766.93134610514,0
2025-04-26,M7,15449.787920281055,5185.25053292359,7115.467874422907,27750.50632762755,23307.53885896025,4442.967468667299,13333.351781350373,0.0,0.0,27750.50632762755,39284.34428038685,34213.158973944956,22.487444707613378,33293.491512297805,6230.061924102755,5403.075540496549,9766.93134610514,9370.569810579233,0
2025-04-27,M7,32708.933646046495,6002.632270029241,10383.983314690333,49095.54923076608,43317.77914973009,5777.770081035989,17717.117640811477,0.0,0.0,49095.54923076608,61977.19734685491,58118.98470350902,967.1213927779343,8264.956933333333,9444.305797950703,9130.870603886277,9370.569810579233,7725.033246639008,0
2025-04-28,M7,34365.65477515934,6091.262602625175,11416.171973739629,51873.089351524126,45830.23134433021,6042.858007193914,19488.46083693957,0.0,0.0,51873.089351524126,65016.77279019027,62360.90844854166,406.15870623848906,2605.1647000000007,11810.243477017706,9082.625751381198,7725.033246639008,8262.445985531396,0
2025-04-29,M7,34007.83847255754,6014.895326560043,10766.176412159966,50788.91021127755,44905.36279679314,5883.547414484412,18243.194649201472,0.0,0.0,50788.91021127755,64067.287219194965,60561.192193727475,1556.73700264623,9540.644030452673,9133.375035066183,7102.777591104274,8262.445985531396,8590.508415863987,0
2025-04-30,M7,33326.91187327706,6168.882691461933,10634.50879788584,50130.30336262485,44030.165761539945,6100.137601084905,18404.714363949588,0.0,0.0,50130.30336262485,63540.52159589851,59504.58526064546,1839.6667748548084,7099.0302251777175,9238.94583542492,6929.912008145318,8590.508415863987,9205.657436473834,0
2025-05-01,M7,33141.174915914184,6013.363716587149,10241.02794808574,49395.566580587096,43449.64277467176,5945.923805915336,17361.094171922443,0.0,0.0,49395.566580587096,62262.52092883091,58008.08103255279,382.1912851881299,8230.779816666667,8926.790974373003,10543.059843675008,9205.657436473834,5525.25837599287,0
2025-05-02,M7,17410.580917213912,5224.725492251436,7314.77536117849,29950.081770643843,25447.77743571659,4502.304334927252,13563.455371497674,0.0,0.0,29950.081770643843,43816.67270792064,38838.348023037215,0.0,21608.18170488476,10990.529575450615,8050.683340631496,5525.25837599287,6471.531282085649,0
2025-05-03,M7,17437.93926085376,5317.746691616413,7386.437236520656,30142.12318899082,25501.523180334254,4640.6000086565655,13800.441845906711,0.0,0.0,30142.12318899082,43686.17557281292,38545.25459065005,116.20677173977802,26885.085157103655,9409.988817437094,6733.197805630475,6471.531282085649,7459.19032263406,0
2025-05-04,M7,36233.57830891142,6466.584123582383,10538.636676764409,53238.79910925821,47065.08933035385,6173.709778904362,19277.476524240963,0.0,0.0,53238.79910925821,68346.91290658139,63446.00145249474,2752.0281404491047,6885.1811275720165,9590.80517229922,7516.680321158932,7459.19032263406,7739.047954193435,0
2025-05-05,M7,35806.22646411891,6587.50355083328,10827.262591345881,53220.992606298045,46958.75049236948,6262.242113928565,19771.34609854216,0.0,0.0,53220.992606298045,68083.8585426563,63267.08505673732,1432.9362366157739,4807.039820247977,11426.888763667837,9475.786563794263,7739.047954193435,7494.596103945307,0
2025-05-06,M7,36214.382756982995,6213.072943185003,10523.350163531251,52950.80586369925,46919.6500381353,6031.155825563947,18445.768052711697,0.0,0.0,52950.80586369925,67674.21748421827,63396.02758213501,1210.3209070760902,7111.314148871794,11023.307499257364,8818.997339736907,7494.596103945307,7616.686920235934,0
2025-05-07,M7,36287.63139832013,6250.806293237105,10603.77475951476,53142.21245107198,47135.78334947804,6006.429101593938,18660.341594425798,0.0,0.0,53142.21245107198,67907.16331767658,63795.67163835953,1514.537180030964,6145.754649999999,10360.926081785175,9293.39222345661,7616.686920235934,6615.529034446357,0
2025-05-08,M7,38453.610477110014,6463.330071461507,11181.617550215069,56098.5580987866,50000.86807089016,6097.690027896439,19932.64506100826,0.0,0.0,56098.5580987866,71068.07087537259,67113.16506064328,2499.784476665759,3968.8513166666653,12436.226414137098,7618.209546826236,6615.529034446357,9343.455532918371,0
2025-05-09,M7,17759.516898910948,5851.750707305925,7908.483316193583,31519.750922410458,26622.03767497008,4897.713247440377,14901.060972773566,0.0,0.0,31519.750922410458,43625.29795973548,37870.15124184647,659.8104444873513,26924.358006681286,7068.776209616082,5282.179268938249,9343.455532918371,9836.2660449748,0
2025-05-10,M7,17361.045608286102,5903.975638346661,7998.913739196814,31263.93498582958,26252.870972745,5011.064013084579,15119.55130765243,0.0,0.0,31263.93498582958,42876.142976577685,37073.523528936756,785.0625178141702,23482.597284156374,6039.249210093524,5354.430766460651,9836.2660449748,9322.222815769357,0
2025-05-11,M7,36259.3655456147,6168.435478575029,11401.898975389622,53829.69999957934,47500.28800128939,6329.41199828995,19535.09242979208,0.0,0.0,53829.69999957934,66120.98905844048,62911.20220053128,1500.7300530328025,4596.268264321316,9071.196194745173,7741.071394901337,9322.222815769357,8885.108952260745,0
2025-05-12,M7,35833.62985676844,6197.306066309236,11724.191682303168,53755.12760538087,47248.83683318428,6506.290772196589,20205.534515056304,0.0,0.0,53755.12760538087,65920.36437557814,63074.19659594705,3157.9614689420778,6357.936337654317,8233.896982838176,6606.793426820858,8885.108952260745,8954.73465145859,0
2025-05-13,M7,35423.92258131896,6253.162332435981,11111.950078446283,52789.03499220127,46604.328767235165,6184.706224966103,19305.99175961048,0.0,0.0,52789.03499220127,65793.4918657294,62145.83423814536,1862.8195135299527,4983.80474869302,9727.856596942307,7557.859387686583,8954.73465145859,9312.184046832679,0
2025-05-14,M7,35304.560959083996,6257.317822545697,11501.05682549366,53062.93560712337,46703.353417045364,6359.5821900780065,20152.416099141185,0.0,0.0,53062.93560712337,65172.02909769297,62031.659035375895,2645.076052990282,5233.815082270828,8532.113566247694,7393.494449466239,9312.184046832679,8776.092423715338,0
2025-05-15,M7,36676.69985765689,6320.290351182931,10994.303876849266,53991.2940856891,47355.71644089566,6635.57764479344,19521.899227538004,0.0,0.0,53991.2940856891,66661.21250380557,62599.77952027252,1184.8211831129017,6043.442499999999,10039.105817693124,7432.648263866833,8776.092423715338,9552.789588676005,0
2025-05-16,M7,17229.856129967597,5706.168045423734,7769.83387769451,30705.85805308585,25822.611626335944,4883.246426749905,14537.746460307138,0.0,0.0,30705.85805308585,42119.62768321457,36582.794852276085,835.4824594709886,31835.95846568151,6277.372739620547,5081.525345830292,9552.789588676005,9556.28578118973,0
2025-05-17,M7,17432.534201750583,5697.38533711445,7751.696922213664,30881.616461078705,25987.659346869495,4893.95711420921,14526.326419215027,0.0,0.0,30881.616461078705,42420.289383092604,36894.61855945221,189.4477391802812,25059.399666666664,6538.24116976184,5341.269099489908,9556.28578118973,9505.959390097714,0
2025-05-18,M7,35550.34128953582,6168.125911125522,11737.502690263053,53455.96989092438,47028.39807021163,6427.57182071275,20367.74517909781,0.0,0.0,53455.96989092438,64916.48665935125,62155.92798154656,2410.563477164476,3796.627633333333,9870.33314862553,7597.76437757677,9505.959390097714,9947.29880433095,0
2025-05-19,M7,34430.79088500216,6076.309938730777,10401.97307862993,50909.073902362885,44937.66495127352,5971.408951089368,17960.05313325054,0.0,0.0,50909.073902362885,63502.82329759792,59416.28805847725,1442.9178177751928,9487.239614565604,8055.279908557444,7084.365832420983,9947.29880433095,9325.53313045378,0
2025-05-20,M7,34492.354541079796,6154.851012981754,11132.783464438935,51779.9890185005,45550.66546981277,6229.323548687731,19176.376601732085,0.0,0.0,51779.9890185005,63900.7577569221,60574.86722162168,1867.2787340363902,3458.455541158477,8596.954073664212,7875.215943904064,9325.53313045378,8312.551859080384,0
2025-05-21,M7,35324.423274508816,6085.284716096005,10958.81923375697,52368.52722436179,46252.8312995179,6115.695924843887,18584.86513983409,0.0,0.0,52368.52722436179,65330.84709892878,61855.8014619161,1444.019265540166,7510.20315,9041.011684550753,7502.0479215081505,8312.551859080384,8113.85357350034,0
2025-05-22,M7,35145.409181264295,6133.095092399513,10557.00515370711,51835.50942737091,45735.70151733962,6099.80791003129,18290.281410988933,0.0,0.0,51835.50942737091,65299.558315961025,61249.912375833694,1204.6885845918134,6242.490717584522,10463.681897824856,7477.579640834162,8113.85357350034,9222.745458393641,0
2025-05-23,M7,16636.707221065368,5599.974193958994,7777.361166248685,30014.04258127304,25191.749619924725,4822.292961348314,14396.028613851955,0.0,0.0,30014.04258127304,41398.66670912744,36089.53991185974,115.01337471561739,27541.077858087898,7458.908270760014,5446.40847503712,9222.745458393641,9884.197929814185,0
2025-05-24,M7,16777.010959129122,5651.343822733381,7603.473865681446,30031.828647543945,25136.194380471683,4895.634267072262,14407.153312218294,0.0,0.0,30031.828647543945,41333.66574826247,35786.1361898177,333.00363556320355,30402.095691788432,6442.356298506418,5145.820819373692,9884.197929814185,9964.73991027697,0
2025-05-25,M7,33842.383525594545,6153.891893069211,10781.784330548726,50778.059749212465,44577.09534323549,6200.964405976978,18610.437622037294,0.0,0.0,50778.059749212465,63036.398366089255,59098.83653502168,1538.0258295187687,8496.038152486384,7713.846778719491,7194.084409036299,9964.73991027697,8913.774889973072,0
2025-05-26,M7,34092.625963935774,6109.183997890618,10856.702416313898,51058.51237814029,44973.69501014853,6084.81736799176,18672.051653813996,0.0,0.0,51058.51237814029,63585.961572000524,60011.32078389937,315.3810902671198,3363.0686141400133,10345.792259493839,8592.754130001595,8913.774889973072,8677.483334626859,0
2025-05-27,M7,34807.637949573014,6167.662697273711,11052.460585195991,52027.76123204272,45481.78932829105,6545.97190375167,19181.39123487034,0.0,0.0,52027.76123204272,64279.66272914909,60576.37071614564,1306.072630091299,7396.814183333333,9604.653569580074,7121.536966859068,8677.483334626859,9408.852695183286,0
2025-05-28,M7,34411.31781645885,5999.254826840493,11138.973170866318,51549.54581416565,45643.68278865536,5905.863025510291,18755.5770966823,0.0,0.0,51549.54581416565,63538.60575747696,60614.0827185372,786.1250361871273,5938.194205196309,9414.127293518395,7798.187916364621,9408.852695183286,9216.91401894471,0
2025-05-29,M7,34174.72797388017,6149.469753320316,11933.992944196007,52258.19067139648,45696.4119445704,6561.77872682608,20186.209572216867,0.0,0.0,52258.19067139648,63195.74805261417,60653.52765834157,436.8659626920356,4888.808166666667,10052.924152309952,8835.194123327085,9216.91401894471,8447.663396771346,0
2025-05-30,M7,16868.25017248068,5621.984082328032,7566.548230689583,30056.7824854983,25277.367180677094,4779.4153048212065,14275.16588558531,0.0,0.0,30056.7824854983,42206.62359416632,36701.8907958589,196.66263684139443,27662.669436925193,8061.453927650306,5815.128472224664,8447.663396771346,9241.718073629207,0
2025-05-31,M7,16944.576559923647,5611.388654717307,7532.126967852218,30088.09218249317,25321.728406794482,4766.363775698686,14299.996969309537,0.0,0.0,30088.09218249317,41820.81062616268,36313.70737405453,364.215167970862,25538.00200806249,7753.098615909111,5730.789967887931,9241.718073629207,9851.96241918304,0
2025-06-01,M7,35382.55456357942,6297.697001053125,17224.519068098885,58904.770632731386,51273.69280933063,7631.077823400759,25790.79308643696,1631.9094071754648,10099.160516246708,69003.9311489781,64289.61079792268,66471.03553107739,146.94693275485076,0.0,9632.30687670859,12901.135171210575,9851.96241918304,4186.443973542354,9
2025-06-02,M7,39927.46083113791,6543.710542119687,14425.305403154223,60896.47677641182,52780.916181799046,8115.560594612776,23749.317044671167,1335.1761640951609,8322.973979023462,69219.45075543529,73246.34717224617,71392.06579421886,249.0530049020947,860.8914701982095,15317.595438232607,12341.105405018901,4186.443973542354,4259.940529041808,11
2025-06-03,M7,43866.39297080439,6818.4771298812975,15446.796777940639,66131.66687862633,58508.321299687006,7623.3455789393265,24661.579208380368,0.0,0.0,66131.66687862633,79035.7479837473,77724.44348652623,1515.9671801273073,2513.987543394426,15131.109581187724,9628.987651516549,4259.940529041808,7179.063983759043,0
2025-06-04,M7,43143.97868101269,7067.50977947831,13873.393617165895,64084.8820776569,57100.378396263884,6984.503681393013,24350.053492917225,0.0,0.0,64084.8820776569,77828.36594720607,74613.97789629007,1845.2914438702458,774.6162900306331,11731.379013834478,9382.569668111952,7179.063983759043,7312.227687196787,0
2025-06-05,M7,43377.5619004661,6587.880433669116,14928.758078790866,64894.20041292609,57870.336428775765,7023.8639841503245,23962.0690973837,0.0,0.0,64894.20041292609,76519.73436653128,75421.10216727643,1458.5379922936086,1120.57660753802,11874.49004928307,10181.820498504927,7312.227687196787,6686.134844323858,0
2025-06-06,M7,21307.831620275065,6085.80773582025,8770.191679100692,36163.831035196,30562.705163566603,5601.1258716294,16215.053712044055,0.0,0.0,36163.831035196,49772.51859903255,44146.296452614,205.03381612104565,12833.086,8894.327312104078,8641.146075611121,6686.134844323858,5089.756007871843,0
2025-06-07,M7,22929.06198503591,6121.85217643521,9229.856875867481,38280.7710373386,32639.528800942062,5641.242236396538,16881.057868544263,0.0,0.0,38280.7710373386,52925.956839532904,47719.93028887551,1205.4608317722948,11386.982775113827,10588.073880705882,6587.100365383158,5089.756007871843,7300.022094525849,0
2025-06-08,M7,47120.258282108836,8131.537316079283,14497.581398194474,69749.37699638259,62896.79852285399,6852.5784735286,26786.777134723085,0.0,0.0,69749.37699638259,85467.89575206759,80505.69202412611,7477.486300007142,3040.2659666666664,10574.261813652807,5771.245322867166,7300.022094525849,10404.362923627634,0
2025-06-09,M7,44801.15243159787,7244.583688613105,13527.540568588121,65573.27668879909,58999.04962608137,6574.22706271772,24176.806420110144,0.0,0.0,65573.27668879909,78792.83803990652,75024.36107572536,2077.020867598717,1257.7740287949077,9626.279252213622,8869.425806215213,10404.362923627634,9213.096688158545,0
2025-06-10,M7,44471.463797579985,6640.918143890786,13945.18621997517,65057.56816144596,58519.38711678136,6538.181044664598,23110.358813343642,0.0,0.0,65057.56816144596,77516.42559066974,75514.55384178732,1617.5887339393717,544.4425940901285,10720.460246715766,8986.381966291283,9213.096688158545,8876.642058767979,0
2025-06-11,M7,44797.945312649026,6669.060029107143,16504.65446586764,67971.65980762383,61521.066351276975,6450.5934563468545,25172.19796565723,0.0,0.0,67971.65980762383,78606.34701675078,78776.86742713615,1105.254440060494,189.61138600128288,11668.929388466893,10271.374104059176,8876.642058767979,7966.040614989101,0
2025-06-12,M7,45352.17508520299,6815.156735793404,15448.888322136116,67616.22014313251,60486.10856769798,7130.11157543453,25088.747145720987,0.0,0.0,67616.22014313251,79218.31659339216,77993.59386395712,2369.0522544943597,555.1648666666666,11498.969213025925,8881.983903563156,7966.040614989101,8446.241902753367,0
2025-06-13,M7,22016.506442547015,6068.986887263255,9058.980036664567,37144.47336647486,31516.67557315685,5627.797793318008,16476.86328073878,0.0,0.0,37144.47336647486,49499.88289498401,44109.427648262244,596.9871496233287,13716.080298559671,7445.337895200366,5994.291395121116,8446.241902753367,8486.722236076903,0
2025-06-14,M7,21751.957379055664,6014.640484035032,8996.078389165821,36762.67625225654,31330.506615306454,5432.169636950086,16421.945627963232,0.0,0.0,36762.67625225654,49168.10763136091,44047.954115647044,928.8676234342126,15978.504666666666,7067.327267546088,6120.088191999919,8486.722236076903,8047.218785757368,0
2025-06-15,M7,44429.713937486,6861.070804308065,15375.40206095279,66666.18680274683,59777.35915261309,6888.827650133739,24638.891803604743,0.0,0.0,66666.18680274683,78939.56118517049,77616.02494167275,2025.733670334779,298.84709999999995,12907.573032558836,8243.103194554204,8047.218785757368,10505.030965555652,0
2025-06-16,M7,43523.366256446505,6682.748978099224,15266.708385675924,65472.82362022164,58457.6566826633,7015.166937558344,24784.14527514574,0.0,0.0,65472.82362022164,75750.11552361096,74647.47300235342,614.5702853391709,349.8794782378068,10409.568503232564,9420.59808112279,10505.030965555652,9406.31141721742,0
2025-06-17,M7,43264.76518297559,6345.519514281961,16606.438710428458,66216.72340768606,59106.65040794926,7110.0729997368035,25471.79028527532,0.0,0.0,66216.72340768606,74705.04750029453,75687.97148272698,442.15698688915427,82.02935000000014,10766.983391586858,10240.2094624157,9406.31141721742,7718.58595585037,0
2025-06-18,M7,44190.80232639067,6935.784412364653,16779.896158851374,67906.48289760666,60098.935758668886,7807.547138937778,27089.203192590794,0.0,0.0,67906.48289760666,77950.74025484908,77567.0840972146,2834.6291796159344,123.70413971193466,11864.880528746835,8184.520650860114,7718.58595585037,9303.0665974335,0
2025-06-19,M7,42965.1508354663,6273.954668926442,14846.708994895052,64085.814499287764,57654.042776155104,6431.771723132661,23120.55640393528,0.0,0.0,64085.814499287764,74364.34844009207,73774.9951064662,1318.322179014071,1723.384286348753,11532.613410539156,9058.828969435772,9303.0665974335,9617.053145323429,0
2025-06-20,M7,21450.13235095051,5987.481476633034,9212.682694068846,36650.29652165239,31081.399778121126,5568.8967435312625,16410.844403875348,0.0,0.0,36650.29652165239,47643.05766060963,42671.79038742482,1086.9139106220496,17899.874823916725,6631.2170902895705,5346.79628740352,9617.053145323429,9644.263762802355,0
2025-06-21,M7,21666.801698257634,5845.113890564354,8682.913897051665,36194.82948587366,30819.927189121485,5374.902296752178,15523.841829498777,0.0,0.0,36194.82948587366,47852.5163785085,42645.114848033314,1133.2895874135415,20208.330058128784,7436.051029968792,5467.296227477794,9644.263762802355,10261.936103687824,0
2025-06-22,M7,40565.0416162702,6317.413705453883,14941.105387290205,61823.56070901427,54919.82131005156,6903.739398962716,23724.149511723852,0.0,0.0,61823.56070901427,70801.22087914351,70279.3389132844,1367.3772112692923,799.1637166666666,9173.864453593704,8518.407568245248,10261.936103687824,9053.516813871885,0
2025-06-23,M7,41350.699650563656,6443.7944606662395,13807.830978517943,61602.325089747814,54746.609635370936,6855.7154543768775,22539.71382021871,0.0,0.0,61602.325089747814,72901.87752185101,71024.43731467772,1415.9351852876907,1603.1880666666673,10465.903643322803,9521.87558059944,9053.516813871885,7892.968336640802,0
2025-06-24,M7,42950.56665023871,6398.742902133957,18562.72320658887,67912.03275896155,59303.9532619727,8608.079496988845,25997.225209804637,0.0,0.0,67912.03275896155,74264.79819351772,76918.6510684814,119.35000794133191,0.0,13249.547740887967,12719.03893034789,7892.968336640802,5685.295825275653,0
2025-06-25,M7,43740.373687524836,6272.570264413726,16235.26611045238,66248.21006239092,59471.261579298865,6776.9484830920555,24676.769120997935,0.0,0.0,66248.21006239092,76996.13546553101,77644.8647381705,526.8770035762949,491.4383125692257,15045.615403032565,8856.487347674258,5685.295825275653,9385.80819058912,0
2025-06-26,M7,41406.42432408068,6342.627094787414,14831.998830889186,62581.05024975732,55838.68061406096,6742.3696356963555,23459.175459867598,0.0,0.0,62581.05024975732,72271.6089178966,71609.50550758315,1125.5109616987884,1112.6424066588897,10974.07249181993,9150.104185927794,9385.80819058912,9095.6910044184,0
2025-06-27,M7,20403.951303432932,5963.882879997876,8482.04560675486,34849.87979018567,29521.622170230203,5328.257619955464,15660.152704850918,0.0,0.0,34849.87979018567,46699.72349748155,41095.3472534217,207.466301355856,19232.38338693594,7750.68838307204,5866.836684608798,9095.6910044184,9552.60312184013,0
2025-06-28,M7,20455.908935967942,5824.5097875999345,8574.728901154947,34855.14762472281,29464.665789191138,5390.481835531675,15450.69121395955,0.0,0.0,34855.14762472281,46463.52588797835,41234.881324117334,269.68461286142895,17904.774813109496,7194.074488544894,5910.57870706515,9552.60312184013,9459.960487013697,0
2025-06-29,M7,40754.91683899281,6081.217479847953,14659.589134226244,61495.72345306703,55317.42397997837,6178.299473088664,22650.235454310645,0.0,0.0,61495.72345306703,71442.64259374642,71568.19968581009,284.7150523167462,0.0,11780.263970724394,9764.547870564376,9459.960487013697,9212.700426705223,0
2025-06-30,M7,41632.599788659194,6172.447275995177,14223.344064946632,62028.39112960103,56051.77257365893,5976.618555942099,22235.300297390604,0.0,0.0,62028.39112960103,72794.92992524404,72384.67070710818,435.5511079508785,17.37090262167112,12407.122790326403,10353.058077124097,9212.700426705223,8875.713074527765,0
2025-07-01,M7,43384.39616226701,6211.347671339302,21150.31288620349,70746.05671980981,61871.97226300984,8874.084456799974,28503.46895110826,0.0,0.0,70746.05671980981,73113.1253602015,77864.10129210539,5.968558980384842e-13,0.0,12464.39085770418,13466.833598932108,8875.713074527765,5130.516403203628,0
2025-07-02,M7,46138.22851531252,6736.054469781939,18041.65534120323,70915.93832629766,61003.15345464138,9912.78487165628,27776.044935577724,0.0,0.0,70915.93832629766,79473.5247025838,80318.9675245585,696.8537707044263,1703.3045433243558,15456.834741265146,10442.791897402094,5130.516403203628,7438.565562117706,0
2025-07-03,M7,48338.582577095396,6792.980232978147,17386.916560174315,72518.4793702478,63658.69003662686,8859.789333620945,27238.57914022937,0.0,0.0,72518.4793702478,82235.74232395273,82772.03928356315,11.938799621377214,965.2532991587802,12969.043478087977,10934.615226638312,7438.565562117706,6961.132218354307,0
2025-07-04,M7,26372.841607232556,5950.085486773028,9838.693403163921,42161.62049716951,36029.24869108397,6132.371806085539,16861.503313341873,0.0,0.0,42161.62049716951,55413.22342542434,50819.19005744682,8.526512829121202e-14,18738.616185189614,10188.552435987855,6988.84603039731,6961.132218354307,8365.444932524142,0
2025-07-05,M7,26368.712638444693,5979.806040306342,9190.475028418121,41538.99370716913,35726.527341177665,5812.466365991466,16208.824254363222,0.0,0.0,41538.99370716913,55440.84207509157,50313.28043072494,2.842170943040401e-14,20071.893415833143,8397.643935324835,6946.336887099703,8365.444932524142,8205.172377539038,0
2025-07-06,M7,50376.85066688762,6543.09933281857,15061.886189593934,71981.83618930011,65255.575689168094,6726.260500132019,24002.988933584555,0.0,0.0,71981.83618930011,85450.30626828854,84410.10456523599,1746.8002491643072,1187.4276333333335,11598.54585667587,9916.650723937513,8205.172377539038,7625.362844172308,0
2025-07-07,M7,51561.15712900172,6792.349407142762,13401.62454707832,71755.13108322279,65319.7046936886,6435.4263895341865,23074.23184790144,0.0,0.0,71755.13108322279,87809.00004087921,84864.88039946876,4229.306053319127,2334.9892666666665,11963.23592266631,7072.133609849989,7625.362844172308,10534.34894140534,0
2025-07-08,M7,51393.12767195202,8180.354217333674,13273.664261025779,72847.14615031147,66095.240733723,6751.905416588474,25111.0100487872,0.0,0.0,72847.14615031147,90801.1465574406,84371.49120395147,3391.6873501124,3189.633964997795,10419.45747073376,8200.674598559148,10534.34894140534,10800.0,0
2025-07-09,M7,49779.167470774635,7617.003150991336,12976.917441050917,70373.08806281688,63667.45850174929,6705.629561067595,24276.564639549,0.0,0.0,70373.08806281688,86938.31028540921,81950.21321706918,4265.575212139762,1874.7465886831278,9216.665260945407,7465.498861365781,10800.0,10800.0,0
2025-07-10,M7,48769.43292711328,6779.4055585836995,11876.252293109861,67425.09077880681,61002.56713869498,6422.523640111831,20622.41911846462,0.0,0.0,67425.09077880681,83264.53281361023,78646.08006978419,2024.1600604006949,2922.8623,9214.832108841525,8369.39778279135,10800.0,9794.018028189215,0
2025-07-11,M7,26898.04255584293,6171.380933942647,8929.741952634187,41999.16544241978,36558.28223164126,5440.88321077852,16352.276852815692,0.0,0.0,41999.16544241978,55844.36583959704,50083.91113034125,459.7517248417897,16137.521143685712,6982.136101197539,6014.274989383786,9794.018028189215,9395.412753285016,0
2025-07-12,M7,26611.748361186474,5901.906283628724,9237.006492820006,41750.661137635216,36206.37299691831,5544.288140716904,16069.021960413585,0.0,0.0,41750.661137635216,55104.890118440955,50208.2868930932,55.181317986617046,18224.41612344743,6937.734953584833,6093.288835259007,9395.412753285016,8869.053283445797,0
2025-07-13,M7,47189.45696571765,6545.627105694259,11670.336219367537,65405.42029077946,59130.96200880269,6274.4582819767675,20077.329346043334,0.0,0.0,65405.42029077946,81792.10015087809,77504.29347743373,1022.516813336359,5413.879822571948,10197.862388207948,8397.68594668251,8869.053283445797,8716.367269852386,0
2025-07-14,M7,46136.283640731264,6037.899861309085,11914.84328492133,64089.02678696167,57836.38107987516,6252.645707086514,19684.658288376435,0.0,0.0,64089.02678696167,79196.55729000662,76449.77956226509,377.786970847735,2511.37782510288,10622.98966713409,8870.054117486281,8716.367269852386,8421.442284177192,0
2025-07-15,M7,48220.716415602896,6917.678768772751,11915.037151963692,67053.43233633936,60605.15175733305,6448.280579006314,21682.04375709267,0.0,0.0,67053.43233633936,84568.46658733065,80147.76152520541,2955.0741623562935,1181.904983333334,11008.364502920696,7746.632706738244,8421.442284177192,9721.600662652218,0
2025-07-16,M7,47342.697522367474,6714.117290713688,12421.253336828906,66478.06814991009,59692.55885612484,6785.509293785253,21465.391119346612,0.0,0.0,66478.06814991009,81989.09372776291,78144.74406216087,2160.7431006011557,2750.0327499999994,9344.536154972538,8245.131326746152,9721.600662652218,8970.426172409556,0
2025-07-17,M7,47583.58134563345,6249.4819209165835,12302.09105423628,66135.1543207863,59592.52425546913,6542.630065317171,20695.609981661233,0.0,0.0,66135.1543207863,81081.30298762285,78345.63267091294,775.3314474728859,2881.213283333333,11383.426454866138,9414.754581426088,8970.426172409556,8754.671557982307,0
2025-07-18,M7,26941.19401587648,6063.041736518598,9111.228688471401,42115.46444086647,36587.73900507931,5527.725435787157,16257.570548406416,0.0,0.0,42115.46444086647,56102.19664173723,50717.73250523788,623.1816761491777,16780.80361781561,7584.130173757354,5544.6310624842645,8754.671557982307,9419.687533825852,0
2025-07-19,M7,26522.358637452504,5984.222783144164,9094.302098560709,41600.88351915735,36144.92725272638,5455.956266430971,16036.65232802529,0.0,0.0,41600.88351915735,55277.88274967013,50032.84031485551,305.2081511573904,21482.441906772285,7022.481911712307,5960.110704786472,9419.687533825852,9117.57602682641,0
2025-07-20,M7,46833.90958443332,6423.45665500164,13506.842511530846,66764.20875096582,60079.73388849097,6684.474862474846,22031.9492072502,0.0,0.0,66764.20875096582,80701.0473470757,78753.73935206572,1489.3605772484088,2570.7887833333334,10831.886586705046,8228.274811887728,9117.57602682641,9723.746386096807,0
2025-07-21,M7,46793.91664686532,6485.619355254308,12753.18408194746,66032.72008406706,59320.14323486506,6712.576849201992,21554.014735282886,0.0,0.0,66032.72008406706,80683.09545199413,77889.16711642918,1300.364206973301,1453.5787662347557,10292.055631537107,9146.580838315973,9723.746386096807,8823.728856351345,0
2025-07-22,M7,47610.72626399416,6762.4342761150165,15326.92232103918,69700.08286114836,60895.12266262697,8804.960198521389,25204.68442861205,0.0,0.0,69700.08286114836,80951.5321926648,79571.99021262869,1177.6974584225122,2355.2472987899064,10414.955901098749,8171.055062349138,8823.728856351345,9118.239098063399,0
2025-07-23,M7,47426.74179361889,6430.282003938162,12349.804540497778,66206.82833805482,59848.16152036602,6358.666817688805,20835.231920651124,0.0,0.0,66206.82833805482,81586.27294385622,78358.89191124545,233.59075597032222,2225.1698111156948,11020.494308297326,9336.910080804562,9118.239098063399,8662.339441303713,0
2025-07-24,M7,47702.34584793135,6317.715125330093,13253.501693703945,67273.56266696537,60440.244693594235,6833.317973371137,22100.621498298413,0.0,0.0,67273.56266696537,81139.3280155368,78791.7923664242,1101.5903795419908,2062.529883333333,10432.363083415778,8421.162979866902,8662.339441303713,8694.61846097025,0
2025-07-25,M7,26061.298296315195,6022.793599424889,9207.780618389956,41291.87251413006,35597.41540377327,5694.457110356787,16296.347098244682,0.0,0.0,41291.87251413006,54863.66239223469,49631.57505618204,617.2183150839058,20858.532132822173,7629.391692343103,5978.886650733808,8694.61846097025,8917.863594374814,0
2025-07-26,M7,26072.360675387292,5925.038982824524,9203.715750659303,41201.11540887112,35607.23067839713,5593.88473047399,15996.607273481135,0.0,0.0,41201.11540887112,54704.443117928524,49686.86273302455,439.9502854929723,18890.159757635858,8106.744186571754,6219.083063342697,8917.863594374814,9303.841069686403,0
2025-07-27,M7,46647.792127854125,6060.692340469169,12484.615878059214,65193.1003463825,59032.38140394901,6160.718942433494,20413.442709853705,0.0,0.0,65193.1003463825,79295.16147045053,77255.49916566728,183.94503659940244,1360.3237833333335,12482.777777958181,10456.737232223626,9303.841069686403,8919.744145155855,0
2025-07-28,M7,47566.72265042869,6166.151677056798,13519.30712201186,67252.18144949735,61172.099022046845,6080.082427450507,21437.700706752235,0.0,0.0,67252.18144949735,81216.08459111853,80076.43531527967,320.96719848135194,63.90923680867081,11549.204756667497,9812.523110011178,8919.744145155855,8411.224970588622,0
2025-07-29,M7,48126.730888368096,6347.402099833403,15175.806596336768,69649.93958453825,62984.37884036085,6665.560744177405,23511.894900363142,0.0,0.0,69649.93958453825,82329.23487737749,81900.71556243795,1557.5605136737088,1119.705183333333,11324.67886658358,8170.474951152667,8411.224970588622,9525.130449233106,0
2025-07-30,M7,47457.35713346856,6077.958280627876,13941.804166402417,67477.11958049885,61293.79992460835,6183.319655890504,21493.133698355614,0.0,0.0,67477.11958049885,80200.69487792536,79259.4929935991,638.1970332050944,2438.7943333333333,11047.383743072289,8968.13616601162,9525.130449233106,9503.18007798525,0
2025-07-31,M7,46742.83805003356,6209.795132669262,13195.583509666263,66148.21669236908,59611.8762150597,6536.340477309379,21592.945092062073,0.0,0.0,66148.21669236908,79566.14493652225,77774.39856106606,760.3577709685253,1487.4287000000004,10444.666002124768,9613.05017869389,9503.18007798525,8222.212614682105,0
2025-08-01,M7,25924.39235522677,5878.466447766588,9508.709904143738,41311.56870713711,35696.00078562343,5615.567921513677,16263.82302413716,0.0,0.0,41311.56870713711,54441.23601316189,49737.67559663394,544.0843284320595,25174.31096638613,8891.075969701194,6123.155334552109,8222.212614682105,9420.675060133057,0
2025-08-02,M7,25129.16345978141,5970.88114363333,9006.672019728332,40106.71662314307,34670.20153702723,5436.51508611584,15870.858446946653,0.0,0.0,40106.71662314307,53443.141645258904,48186.36694650576,321.22123325877595,25615.38372926577,7194.986929020439,5872.249878372559,9420.675060133057,9371.441209170833,0
2025-08-03,M7,45202.15942210213,6208.780436768215,10796.434563259756,62207.37442213008,55945.92429392234,6261.45012820774,18535.70414112406,0.0,0.0,62207.37442213008,78062.01062958005,74019.39390020903,2075.7774454227856,8011.720585864772,8556.618182067728,7464.202296479579,9371.441209170833,8778.839465832261,0
2025-08-04,M7,45223.19296048671,6306.397829071004,11281.296909023293,62810.88769858102,56472.57539589405,6338.3123026869725,19529.344538756544,0.0,0.0,62810.88769858102,78561.96536004255,74842.78768910407,1916.73788603742,6009.000656809692,9448.738193943427,7947.344131019795,8778.839465832261,8452.321472581581,0
2025-08-05,M7,45434.71557285191,6313.5150639571875,10601.19826854718,62349.42890535627,56113.6800205633,6235.748884792971,18824.129121557817,0.0,0.0,62349.42890535627,78882.11880931948,74515.22949862594,912.1774966749081,5904.91525804899,10385.988585584442,7840.161575015726,8452.321472581581,9088.420560701223,0
2025-08-06,M7,45294.40260250283,6224.625640713677,11059.466305745716,62578.49454896224,56454.78116303797,6123.713385924268,19036.22491244909,0.0,0.0,62578.49454896224,78308.32891264537,74428.42144586076,1380.975764288139,4813.379112747575,9138.968102790379,9019.300800631994,9088.420560701223,7292.046519177007,0
2025-08-07,M7,46177.130269627596,6200.528909279286,11100.874199262802,63478.53337816969,57056.46312650761,6422.07025166208,18971.02550772849,0.0,0.0,63478.53337816969,79903.97626919753,75927.30396470983,1425.077219646442,7361.499260659053,11681.164323517905,7928.422089113566,7292.046519177007,8995.736533550278,0
2025-08-08,M7,24341.518394454688,5993.244083986527,9156.295722481862,39491.058200923086,33999.99493324955,5491.063267673533,15993.09556704037,0.0,0.0,39491.058200923086,52789.570393796515,47593.07457638635,501.96592456186556,29806.720345338028,7742.128706936776,6232.911650450316,8995.736533550278,9038.194980404134,0
2025-08-09,M7,24385.443812486104,5858.415999532803,8697.038369245156,38940.898181264056,33715.18051184704,5225.717669417019,15371.91517348983,0.0,0.0,38940.898181264056,52359.58802267867,47132.74345559711,131.5104726404498,27142.911287782117,7323.7920360128255,6387.399340838284,9038.194980404134,8532.49743410647,0
2025-08-10,M7,45096.5801151926,6216.437370794203,10518.673637349875,61831.69112333668,55616.649475041944,6215.041648294733,18291.385092450466,0.0,0.0,61831.69112333668,78293.49482462856,73835.11634212265,1157.5207326644343,5497.795350135068,9518.752878387397,7643.571669064246,8532.49743410647,8606.517614583743,0
2025-08-11,M7,44985.58549474416,6139.591365003268,11091.370287739095,62216.54714748655,55875.590107726835,6340.957039759713,19196.166388042348,0.0,0.0,62216.54714748655,77726.98891815911,74154.63790541509,1020.2280696554991,6361.212916666667,10920.58114846964,8708.637562710055,8606.517614583743,8758.776689639686,0
2025-08-12,M7,44727.4517283821,6100.183464276948,11286.352165714447,62113.98735837348,55824.304285808015,6289.683072565465,19163.271755485977,0.0,0.0,62113.98735837348,77278.76811815758,73830.1472372638,648.9641376435874,4675.864416282685,9453.980371646085,8709.205338308566,8758.776689639686,7590.464203778316,0
2025-08-13,M7,45696.27224646733,6084.956022031163,11058.199951448574,62839.428219947076,56632.61213444208,6206.816085504994,19012.960703400797,0.0,0.0,62839.428219947076,79017.89727077654,75526.09759246338,1484.8359873007466,4263.628618731725,11321.958204787508,7665.304668356592,7590.464203778316,9263.221401024193,0
2025-08-14,M7,44772.438439230595,6131.706493509849,11096.089737677774,62000.23467041821,55834.419102683125,6165.815567735088,19167.81870970936,0.0,0.0,62000.23467041821,77013.9150461478,73636.43713034279,1035.0230780299016,5310.103916666666,10836.243666461673,9471.224514148786,9263.221401024193,8492.257907341049,0
2025-08-15,M7,24928.277297562927,5902.180143125417,8986.215957971686,39816.673398660045,34440.307716783085,5376.36568187696,15748.30504882264,0.0,0.0,39816.673398660045,53171.105577150025,48045.00254638829,54.05484580379258,28870.121804648243,8447.79227520953,6486.6932626066055,8492.257907341049,8887.833996577843,0
2025-08-16,M7,24787.931989854063,5837.690770887877,8985.06267951014,39610.68544025209,34330.42230562232,5280.263134629771,15649.189571317984,0.0,0.0,39610.68544025209,52678.65530074859,47688.91745290144,134.90097687755917,29051.90220606044,7805.649976929274,6232.816073632502,8887.833996577843,8987.567782889188,0
2025-08-17,M7,45157.97830317486,6230.400735936841,10821.63399649969,62210.01303561137,55951.204302427715,6258.808733183658,19110.13656414875,0.0,0.0,62210.01303561137,77917.06329833572,73875.02653672043,1438.7616774260766,7280.853647780175,9996.530115222327,8006.512520374822,8987.567782889188,9088.319863950586,0
2025-08-18,M7,45514.689084091384,6235.846653893705,10412.257921577784,62162.79365956288,55688.81918800598,6473.974471556896,18541.35437973616,0.0,0.0,62162.79365956288,78143.04243860694,73541.43407278595,886.9107105824226,6258.099934973314,10645.364842371231,8643.057031807683,9088.319863950586,9065.751520076157,0
2025-08-19,M7,45500.76467342631,6132.548232834118,10668.778905525687,62302.09181178608,56249.01592516752,6053.075886618557,18531.488852325594,0.0,0.0,62302.09181178608,78127.95684322773,74234.56436367962,1347.9272509527882,6735.564627709559,9583.249674909259,7749.8372398919855,9065.751520076157,9079.74596094784,0
2025-08-20,M7,44943.855898705035,6152.699746710873,11014.532413306746,62111.088058722635,56139.41467265411,5971.673386068527,18902.377864143997,0.0,0.0,62111.088058722635,77511.47966484426,74101.18246317757,70.98291075408963,1819.9055204669778,12405.310374826156,10845.707409536328,9079.74596094784,8193.739287695471,0
2025-08-21,M7,46093.21757923915,6215.058811312646,11213.561121068371,63521.83751162015,57030.28130340974,6491.556208210408,19296.609647641908,0.0,0.0,63521.83751162015,78996.17020397846,75344.48901110105,1713.341526244591,5145.743672064072,9789.061546103585,7148.076216644524,8193.739287695471,9061.5877718059,0
2025-08-22,M7,24754.626739301468,5818.603106023683,9215.93510348718,39789.16494881234,34363.48351590936,5425.681432902973,15845.59307016275,0.0,0.0,39789.16494881234,52404.61470690074,47619.524703625924,155.56901180380927,25543.535181342595,7685.0296438128025,6995.178533333286,9061.5877718059,8205.69385864488,0
2025-08-23,M7,25371.664739237192,5814.5514072171445,9014.17496665407,40200.39111310841,34957.035090341815,5243.356022766595,15577.090020873766,0.0,0.0,40200.39111310841,53743.21635843992,48824.836973487,75.55591491056077,23983.370780056375,8325.925177680207,6090.021049160141,8205.69385864488,8932.336463934691,0
2025-08-24,M7,45760.108713322436,6155.89356770728,10755.474325787747,62671.47660681748,56485.614837746754,6185.861769070725,18059.43671097986,0.0,0.0,62671.47660681748,78513.1355164161,74242.02435979497,509.4638643140363,8018.429251051318,10171.865853350233,8191.3240922539435,8932.336463934691,8985.54451833441,0
2025-08-25,M7,46314.77921990569,6428.341964337737,11658.727030344477,64401.84821458788,57989.588631663326,6412.259582924555,20470.41515212234,0.0,0.0,64401.84821458788,79797.50767551154,76048.85741164333,1481.7285895676505,2778.89195783189,9940.370859905895,8925.221012328775,8985.54451833441,8014.966056328856,0
2025-08-26,M7,47029.074787703925,6435.206779886899,10992.339232073948,64456.62079966475,57801.03603486135,6655.584764803403,19040.219039133117,0.0,0.0,64456.62079966475,80992.86217927927,76365.46651752995,1284.3751519658736,6125.371841879254,11084.647535940838,7657.746395589343,8014.966056328856,9482.541732465239,0
2025-08-27,M7,46368.44591731051,6291.015327626274,11936.222525223722,64595.683770160496,58037.32408721589,6558.359682944603,20234.55139036299,0.0,0.0,64595.683770160496,78777.49410702346,75719.91925108555,1282.8048244878312,5063.451743163839,10154.837445649024,8695.323628881799,9482.541732465239,8960.424734791799,0
2025-08-28,M7,46448.8732126164,6175.30627068011,12509.971907246569,65134.15139054307,58643.99191266515,6490.159477877918,20156.620080628676,0.0,0.0,65134.15139054307,78845.65034691156,76566.7183837775,1157.4449160794898,2306.4997232155865,11112.725340743731,8777.746579594637,8960.424734791799,9208.825786355996,0
2025-08-29,M7,25582.505713209146,6111.797615435711,9332.161361941731,41026.46469058657,35440.80041268841,5585.664277898155,16394.47364821448,0.0,0.0,41026.46469058657,54056.21615618192,48720.92420141051,647.79141820312,24152.095617548664,7444.95744555326,6079.140629894529,9208.825786355996,9154.686787471115,0
2025-08-30,M7,25647.99047549912,5955.037120214499,9261.988899579854,40865.01649529346,35254.3853878008,5610.631107492656,16081.179864055888,0.0,0.0,40865.01649529346,53643.4567749379,48591.15053097644,54.59501850476849,28969.470299999997,7230.889665003549,6176.524285865208,9154.686787471115,8799.68272390186,0
2025-08-31,M7,46196.997403513284,6278.8511231996945,11485.830848654923,63961.67937536794,57734.57629699967,6227.103078368265,19528.639721451545,0.0,0.0,63961.67937536794,79227.76808628811,75844.41503690416,1737.0460633722362,5085.840476900539,10380.543833151685,8005.638419853636,8799.68272390186,9247.018373901006,0
2025-09-01,M7,42937.083100704345,7804.62033460877,12272.231814428576,63013.935249741706,55791.25749941388,7222.677750327828,23160.948478982995,0.0,0.0,63013.935249741706,78759.07383778879,72360.42460673256,8526.797397520946,7307.934820335276,8178.286273967935,5226.7284184249365,9247.018373901006,10800.0,0
2025-09-02,M7,39653.76665538899,6665.597991554369,11673.012861020678,57992.377507964055,51009.79823045712,6982.579277506935,20186.0565271644,0.0,0.0,57992.377507964055,70498.47468282236,66151.08043135094,3641.6065491741356,6649.460024586015,9485.568461004239,7683.310453413433,10800.0,10800.0,0
2025-09-03,M7,39103.44898674265,6336.7556477367425,11193.762097595825,56633.966732075234,50090.79983624156,6543.166895833674,18798.69962935438,0.0,0.0,56633.966732075234,69039.72064126711,64791.780806136296,1169.90789791104,6827.8553833333335,8007.293447296357,6760.993172404434,10800.0,10494.349466561798,0
2025-09-04,M7,38820.67031641856,6377.9795262539155,11162.272546738212,56360.92238941069,49733.14335496445,6627.779034446241,18590.54185802357,0.0,0.0,56360.92238941069,68857.39822449585,64325.11308955817,1212.8385527311812,7525.362428648044,9599.34132248981,7937.994764310856,10494.349466561798,10313.762474235005,0
2025-09-05,M7,20379.502104643623,6365.165959116191,9366.767197621497,36111.43526138133,30422.682888727577,5688.752372653755,16895.786990355693,0.0,0.0,36111.43526138133,47096.55694831879,41250.79408332049,2097.255203924385,30771.359108292054,6738.235870890208,5180.317766452821,10313.762474235005,10622.266128644174,0
2025-09-06,M7,20072.580838312573,6219.260704538184,9648.286835830664,35940.12837868142,30060.361674190768,5879.766704490648,16808.386602029503,0.0,0.0,35940.12837868142,46267.689648104904,40935.79761381005,2093.080292366923,29659.493332091653,6853.577921743271,5391.437632391798,10622.266128644174,10800.0,0
2025-09-07,M7,37354.653048408814,6002.625015159074,12212.559208342976,55569.83727191087,49101.251217476245,6468.5860544346215,19465.997758957023,0.0,0.0,55569.83727191087,65426.013756087006,62816.23142526529,985.02047429004,5184.224295726322,9794.456184625562,8108.453146043307,10800.0,10605.618181670447,0
2025-09-08,M7,33312.196803119325,5733.018312385827,13611.535131682129,52656.75024718729,46280.72145617617,6376.028791011115,20287.290750219825,0.0,0.0,52656.75024718729,59684.61433271867,58843.332822793054,3.410605131648481e-13,2381.266872116329,9857.83727617367,12791.340858830272,10605.618181670447,5265.070775970892,0
2025-09-09,M7,38040.473813049866,5854.2289642607375,11915.783931183256,55810.486708493896,49574.63801694717,6235.848691546729,18738.056010536486,0.0,0.0,55810.486708493896,68833.89130817828,66155.4532567536,283.12048374003683,8215.083373383573,14215.113938154118,9660.698805190807,5265.070775970892,7324.563536764256,0
2025-09-10,M7,38529.11072116266,5825.100408175259,11733.238178659883,56087.4493079978,50320.17607525392,5767.273232743879,18626.78319145988,0.0,0.0,56087.4493079978,68834.76092912117,66434.48519483885,179.7497220743328,1015.1750999904518,14368.926524304863,10445.364801530797,7324.563536764256,8650.636518048852,0
2025-09-11,M7,38811.54875568979,5978.97428760416,10442.499228859897,55233.02227215384,49392.34163278544,5840.680639368395,17523.42815837994,0.0,0.0,55233.02227215384,68745.72718841677,64605.10414742731,383.85053221423703,8307.788038325527,10769.47241022519,8352.092616670972,8650.636518048852,9063.058779839335,0
2025-09-12,M7,20163.470305514038,5968.305883298292,9022.065949114643,35153.84213792698,29809.09398586287,5344.748152064109,15791.661318242246,0.0,0.0,35153.84213792698,46749.48561613756,41508.13241760789,638.2877176048285,27063.38846557131,7837.588237725445,5582.788203293687,9063.058779839335,9913.790190132582,0
2025-09-13,M7,19913.27973000283,6260.562788402855,9450.475435577495,35624.31795398319,29986.14353413287,5638.174419850322,16735.490446254684,0.0,0.0,35624.31795398319,46962.88079142798,41398.20772408576,1180.2983512065007,30678.9833499226,7115.630023076163,5583.805483452838,9913.790190132582,10113.628895953536,0
2025-09-14,M7,38924.75234666142,6194.41699947039,10730.785802384493,55849.955148516296,49724.76974486168,6125.185403654614,18317.16063966326,0.0,0.0,55849.955148516296,68857.14507255511,64636.13614921738,508.23101996771834,3420.7873794280495,9373.322705658335,8765.529705836714,10113.628895953536,8810.14188011635,0
2025-09-15,M7,38324.70861087982,5907.764994321321,10495.171372791647,54727.64497799276,48791.56493931361,5936.080038679145,17362.519406158786,0.0,0.0,54727.64497799276,68124.15820433662,64149.23950154871,49.89299516560857,7560.785787432377,10943.155761956,9471.625676338608,8810.14188011635,8134.953536611637,0
2025-09-16,M7,40621.761902346465,6212.32635994799,11652.357395587895,58486.44565788235,52023.436566901735,6463.009090980617,19934.777634699007,0.0,0.0,58486.44565788235,71498.45267533981,68389.68146311218,1413.0308137887944,5142.1182499999995,10559.441088977394,8216.67867298734,8134.953536611637,8508.807546705348,0
2025-09-17,M7,40473.36756585575,6185.9827810677725,10336.708676120244,56996.059023043774,51072.25349162453,5923.805531419246,17948.562851836024,0.0,0.0,56996.059023043774,71520.88755488613,67014.10401771711,428.7437723990066,4347.202010482599,10764.362421342154,8486.32258650664,8508.807546705348,8767.48640757258,0
2025-09-18,M7,40159.08147894931,6198.13976343889,11530.957185004689,57888.178427392864,51387.31055969099,6500.867867701876,19558.7125709307,0.0,0.0,57888.178427392864,70403.80584078409,67099.93889279784,824.1348341388442,5499.764145506318,10326.514186517565,8506.525390031547,8767.48640757258,8609.654297625562,0
2025-09-19,M7,19883.695061624992,5873.774063423358,9120.678677888107,34878.147802936466,29408.482265534123,5469.665537402343,15806.335599475855,0.0,0.0,34878.147802936466,45918.14189611033,40964.271814443426,96.94329920561269,22966.7382998214,7903.464379876212,6104.226481126467,8609.654297625562,8940.298371595854,0
2025-09-20,M7,19682.521155677514,5784.974317712903,8967.089481157795,34434.58495454823,29230.500961315756,5204.083993232471,15478.573405943616,0.0,0.0,34434.58495454823,45545.152977192076,40654.84372926027,2.842170943040401e-14,23420.06182074482,8111.284457038588,6521.936281856471,8940.298371595854,8993.858514201165,0
2025-09-21,M7,40863.71140439503,6246.834382316007,11802.5941172539,58913.13990396493,52602.118081495515,6311.021822469418,20221.386640869077,0.0,0.0,58913.13990396493,71559.97082473399,68728.6661364745,3316.557038695982,5478.788267897491,9208.501214580268,7562.667868032574,8993.858514201165,8878.54530950943,0
2025-09-22,M7,41017.75125406211,6259.922476167121,10625.193055615093,57902.866785844286,51805.2740008738,6097.592784970489,18708.05002875816,0.0,0.0,57902.866785844286,72079.71463314332,67799.68326700348,701.1492606140573,4913.484816666665,10013.243553966458,8442.214247577034,8878.54530950943,8510.22645521587,0
2025-09-23,M7,41806.25887722876,6329.200167893865,11144.165930314339,59279.62497543697,53155.85930067286,6123.765674764109,19112.80786754573,0.0,0.0,59279.62497543697,73508.64747193998,69429.18806431706,692.7698053277151,4565.611122444886,10541.389159597587,8487.197606386457,8510.22645521587,8567.257136202086,0
2025-09-24,M7,41507.33288867342,6062.304482373094,11013.731889592853,58583.36926063932,52536.387654299404,6046.981606339919,18591.067102513807,0.0,0.0,58583.36926063932,72318.26018459149,68999.30338508074,957.3005395620536,4223.077816666666,11524.648765937687,8768.948837085658,8567.257136202086,9196.164539895279,0
2025-09-25,M7,41415.2973058786,6188.583620304346,11872.29457343919,59476.17549962215,53184.20369829941,6291.971801322739,19902.222480575496,0.0,0.0,59476.17549962215,71783.07606151857,68920.51506280412,1557.00464552659,5510.080533333334,9903.621976608732,8385.640992664537,9196.164539895279,8792.045438104758,0
2025-09-26,M7,20283.488769931242,6009.904345737905,8995.278853484564,35288.67196915371,29903.67134731324,5385.000621840467,15949.307254539244,0.0,0.0,35288.67196915371,46855.50289872245,41492.08346360142,575.14640966261,21525.416013864073,7363.990214446527,5666.712674371791,8792.045438104758,9123.289215137978,0
2025-09-27,M7,20247.213442111228,5830.53439996754,9272.93402592044,35350.68186799919,29919.34818728448,5431.333680714713,15873.675775815766,0.0,0.0,35350.68186799919,46066.667808020386,41299.547326962216,29.178077773675625,22740.709834541572,7515.886403040046,6787.529238393072,9123.289215137978,8345.88782410394,0
2025-09-28,M7,42014.48829514586,6309.494949573881,12644.150182646548,60968.133427366294,54088.682394949945,6879.451032416349,21289.935745155824,0.0,0.0,60968.133427366294,73050.83659336506,70681.55428108381,990.6007399129462,3218.0316166666657,11741.055546330255,8755.76278849272,8345.88782410394,9184.212495253707,0
2025-09-29,M7,41892.81915351233,6299.821001265198,10445.856059003587,58638.496213781094,52549.47944535817,6089.016768422924,18481.34185923581,0.0,0.0,58638.496213781094,73098.67551522535,68352.17634659613,327.39115924782686,3381.4000794158446,10720.118435573982,8836.62492764153,9184.212495253707,9013.84694544637,0
2025-09-30,M7,43010.567644839524,6154.101219077314,11614.545880862775,60779.2147447796,54848.46040480138,5930.754339978223,19170.99315384247,0.0,0.0,60779.2147447796,74107.02986314264,70819.1551595515,104.17696839303387,2910.20537517952,11299.887358487642,8917.289309175347,9013.84694544637,9275.646335668192,0
2025-10-01,M7,41555.81995881539,6359.323275762095,10686.109182826911,58601.2524174044,52486.77244849236,6114.479968912041,18945.319062770795,0.0,0.0,58601.2524174044,72857.37846297966,68401.37123752403,4131.682837914369,11485.508541736865,9214.421192846548,6091.762868307074,9275.646335668192,10800.0,0
2025-10-02,M7,39864.1867848859,6214.757830087097,10392.572203114736,56471.51681808773,50430.22422530147,6041.29259278626,18381.86017562921,0.0,0.0,56471.51681808773,69248.51653221378,64804.55065032317,2829.88726790632,8595.085464843796,8677.86737319154,7029.0725722851475,10800.0,10800.0,0
2025-10-03,M7,18334.959292739695,5713.985541746318,8838.496744608372,32887.441579094375,27771.93833479864,5115.5032442957345,15307.205803102179,0.0,0.0,32887.441579094375,42575.76838781456,37736.940544942554,587.1049755214033,28144.956972960033,6251.183665584798,5063.458769123681,10800.0,10800.0,0
2025-10-04,M7,18702.129344177254,5821.071531706715,8978.790613823245,33501.991489707216,28220.496538009254,5281.494951697961,15608.827423397095,0.0,0.0,33501.991489707216,43240.07327773573,38265.564880890466,404.90127197546235,23759.294015236796,6509.167598852952,5503.780438508078,10800.0,10542.939240625343,0
2025-10-05,M7,38682.47298904177,6014.315995597229,10558.486727918531,55255.27571255755,49308.43499413323,5946.840718424319,17682.37340492334,0.0,0.0,55255.27571255755,67696.20523150516,63642.47390273578,409.2276667676758,6676.982850797414,9199.233319545405,7378.931001041379,10542.939240625343,10623.437004836902,0
2025-10-06,M7,38501.57791020347,5956.655004053226,10615.504945539367,55073.73785979609,49127.03854677348,5946.699313022611,17769.499383886225,0.0,0.0,55073.73785979609,67286.91114479501,63522.26911142215,135.14044080093652,4620.011719908756,9293.05703631432,8259.049335601861,10623.437004836902,9810.466853517724,0
2025-10-07,M7,38613.77328166771,5939.463293587636,11414.57703759636,55967.81361285169,50002.78340583138,5965.030207020311,18510.376388244797,0.0,0.0,55967.81361285169,67616.68725494888,64670.74334565193,28.618748772623206,4220.400729827952,11532.520664782574,8882.35979773122,9810.466853517724,10320.446787676243,0
2025-10-08,M7,35924.81651879015,5924.173781710217,11157.555380732776,53006.545681233154,47042.29217124505,5964.253509988106,18299.507189842632,0.0,0.0,53006.545681233154,64646.1125684119,61518.44867484702,252.40264727038075,4667.435990220851,9840.64207962051,9720.527708931371,10320.446787676243,8376.438316077621,0
2025-10-09,M7,37577.80691060941,5975.60261227056,10323.194760048107,53876.60428292808,48025.680552291684,5850.923730636394,17448.882460411474,0.0,0.0,53876.60428292808,67849.64634481972,63703.77833851271,5.115907697472721e-13,6089.886002603973,11561.844753395708,9707.934100820294,8376.438316077621,7995.505148777884,0
2025-10-10,M7,19366.009389522012,5360.685232140174,8538.990462447306,33265.6850841095,28283.47900402743,4982.206080082069,14785.424581933263,0.0,0.0,33265.6850841095,44526.42656965654,40095.36240250968,0.0,27875.585031488205,8651.051636349832,5774.885181995023,7995.505148777884,9364.91253038715,0
2025-10-11,M7,19442.067589351413,5429.187050132937,8365.080890903739,33236.33553038808,28280.407331995906,4955.928198392176,14603.150182610034,0.0,0.0,33236.33553038808,44373.33828643134,39652.54552591839,69.78782308823573,23762.631609109052,7146.657897964327,5432.84538757656,9364.91253038715,9760.409763469981,0
2025-10-12,M7,38196.95307152402,6241.327524460793,11179.857439669297,55618.13803565411,49414.101688791954,6204.036346862158,19159.761931244928,0.0,0.0,55618.13803565411,68706.31795176628,65097.98348776352,1082.9604194612264,4602.580773474876,9492.7315608576,8595.24524936351,9760.409763469981,8753.595668949025,0
2025-10-13,M7,39771.39410497948,6229.261670311876,10400.803726616541,56401.459501907906,50469.62268526317,5931.836816644733,18175.539115059943,0.0,0.0,56401.459501907906,71090.732946334,66518.37101850547,737.9995216898217,6115.433283333333,11082.750100926918,8445.207187444608,8753.595668949025,9344.507218178125,0
2025-10-14,M7,39795.775984648,6183.552363451963,10171.974498940228,56151.30284704021,50272.52545206996,5878.777394970253,17758.678933814448,0.0,0.0,56151.30284704021,70765.23749374498,66073.28106769938,270.9456846935782,3290.738258858675,11125.94761569754,9388.179774883742,9344.507218178125,8926.549211323983,0
2025-10-15,M7,39430.40732948045,6327.339804976332,10384.428638489167,56142.17577294594,50224.638764979376,5917.537007966566,18454.391717462477,0.0,0.0,56142.17577294594,71033.68140739697,66244.51275713381,180.11209914308904,2499.5881340808883,10730.398117770961,9085.609243861134,8926.549211323983,8488.786135249917,0
2025-10-16,M7,40189.17485824044,6148.430407788803,11459.636810840426,57797.24207686965,51806.76302764331,5990.479049226335,18927.344028970198,0.0,0.0,57797.24207686965,71592.84344482629,68058.99530750948,292.45142154004634,3448.6687378613715,11408.999357130484,10057.597159022413,8488.786135249917,7581.77760219801,0
2025-10-17,M7,20952.079371979216,5357.982216852783,8326.091632966,34636.153221798006,29764.73911607281,4871.4141057251945,14630.98984906029,0.0,0.0,34636.153221798006,47071.466952047514,42435.07102255535,533.2313879210084,22538.79205,8340.51565027604,4981.667382308361,7581.77760219801,9553.055707103822,0
2025-10-18,M7,19923.35498289583,5437.6472072368915,8417.830740040563,33778.832930173274,28730.984955797463,5047.847974375811,14857.661254398887,0.0,0.0,33778.832930173274,44887.69405447953,40162.29984438714,91.59245372392787,22701.277793004112,6515.927640057432,5223.091309064998,9553.055707103822,9613.955795305508,0
2025-10-19,M7,40049.40182449152,6188.549862642039,11781.135931763245,58019.08761889683,51869.09106036952,6149.996558527309,19423.84624953444,0.0,0.0,58019.08761889683,71071.07082039578,67732.91519884346,479.7686980610617,3213.2054637181486,10062.996738634956,9908.778234904028,9613.955795305508,7660.89926573916,0
2025-10-20,M7,41375.14556583051,6394.056938761242,12313.725291240942,60082.9277958327,54029.98209776184,6052.945698070864,20386.898164697985,0.0,0.0,60082.9277958327,74158.56672973535,71111.5286478551,947.8122778593363,2408.9018703061984,12801.600416130157,9487.568283107254,7660.89926573916,8640.597103470467,0
2025-10-21,M7,41012.13592807128,6208.4005295149855,12599.130893054382,59819.66735064064,53723.47014962854,6096.197201012095,20565.8547085872,0.0,0.0,59819.66735064064,72757.95914290854,70465.31427971735,284.6693097904401,1443.2511818818016,11548.027980959352,9273.215542914233,8640.597103470467,8730.24946087363,0
2025-10-22,M7,40858.508814153,6154.628194374169,12747.431791273344,59760.56879980049,53836.88479899526,5923.684000805224,20288.00089752404,0.0,0.0,59760.56879980049,72358.53327173415,70274.0211484042,710.8726580151867,2229.5751229740968,11815.866425935332,10037.189758520406,8730.24946087363,8212.096179192757,0
2025-10-23,M7,41189.4209102665,6624.176432854168,11583.546227593743,59397.14357071445,53360.665935513054,6036.477635201394,20128.986612191675,0.0,0.0,59397.14357071445,73945.70807858676,69508.00100435519,755.0364078673624,2597.9011833333334,12153.304393889222,9377.738014068058,8212.096179192757,8730.361229172995,0
2025-10-24,M7,20822.342774977296,5299.88464415059,8337.620375686161,34459.847794814035,29473.664509245467,4986.183285568568,14567.579762326284,0.0,0.0,34459.847794814035,45996.51895687316,41468.56642960475,99.53142544567461,21004.112039664273,7733.437253776699,5788.565005948561,8730.361229172995,9258.715862073626,0
2025-10-25,M7,20323.202277162716,5177.279191488071,8245.236448587326,33745.71791723812,28935.907782680828,4809.810134557294,14312.354845543781,0.0,0.0,33745.71791723812,44956.7493799686,40614.611574226496,2.025210642175068,19948.357433576537,6925.109525410842,5659.313328736397,9258.715862073626,9203.188514125168,0
2025-10-26,M7,41086.73155944274,6331.009690304677,11546.454937986506,58964.196187733934,52997.17552522806,5967.020662505871,19390.41096730144,0.0,0.0,58964.196187733934,72697.32738899885,68872.26585223159,576.0308623897347,2081.423227647413,10545.942399475223,8875.442653947444,9203.188514125168,8832.933724822375,0
2025-10-27,M7,41404.45151960917,6170.792626566221,12893.61071375907,60468.85485993445,54192.08198279226,6276.77287714219,20567.208283064178,0.0,0.0,60468.85485993445,72655.19492188183,70435.46917533498,1071.6008563649916,4492.36722138893,10723.370771381044,9404.451340466658,8832.933724822375,8034.57704076903,0
2025-10-28,M7,42151.66556519251,6290.6289095559705,12204.77984815761,60647.07432290611,54571.9333885442,6075.140934361909,19948.480619212703,0.0,0.0,60647.07432290611,74601.90978833595,71621.39022553671,812.677965027598,1451.0966713991766,12728.149040598466,9342.95515148851,8034.57704076903,9108.849897875978,0
2025-10-29,M7,41998.135827359496,6239.517732504533,13933.426587353664,62171.080147217726,56179.55261377722,5991.527533440509,21674.813601251888,0.0,0.0,62171.080147217726,73654.43952356969,72565.24538896282,448.6413083358699,922.1808666666667,11619.070046194873,9736.903632234586,9108.849897875978,8747.231125857385,0
2025-10-30,M7,41742.24289716639,6369.680845823863,12337.902175175886,60449.825918166156,54312.794114228556,6137.0318039376,20256.091806796216,0.0,0.0,60449.825918166156,73657.96585454087,70492.22834515467,910.8611414128658,2709.498724860803,11247.627090704362,9163.576261823348,8747.231125857385,8688.344105465363,0
2025-10-31,M7,21536.984490993997,5451.568690497431,8497.83113111804,35486.38431260946,30382.144079138656,5104.240233470802,14913.909313640352,0.0,0.0,35486.38431260946,47212.707113381475,42508.24664517272,8.526512829121202e-14,16205.958442250503,7816.866769231246,5418.870632975689,8688.344105465363,9702.556827800494,0
2025-11-01,M7,21171.496230009965,5401.2329761768115,8498.84966096014,35071.5788671469,29993.0664717628,5078.512395384099,14859.184357890861,0.0,0.0,35071.5788671469,46293.89286503052,41709.10755900269,272.21656849045286,17297.769759697978,6785.54208809089,5190.459290609963,9702.556827800494,10042.36771751567,0
2025-11-02,M7,42154.91614321296,6299.760923721404,13986.46747896687,62441.14454590125,55981.31874503275,6459.825800868493,21898.412785088756,0.0,0.0,62441.14454590125,73292.00189263443,71842.93681583088,795.1074874925747,1214.5422333333331,10537.873509759018,9500.970348087381,10042.36771751567,8969.820156201697,0
2025-11-03,M7,42905.82204281334,6318.020935086208,13758.814595849892,62982.65757374948,56889.98603939111,6092.671534358371,21819.053172694494,0.0,0.0,62982.65757374948,74937.99335783378,73448.80499584138,684.1020712862548,1032.5648322195739,11180.754969434145,8953.547160431917,8969.820156201697,9084.113894879187,0
2025-11-04,M7,42400.35130285351,6242.613734019759,13434.337023346137,62077.30206021939,55735.767405028535,6341.5346551908515,21155.79654427096,0.0,0.0,62077.30206021939,73960.25742548156,71922.77509221292,607.5187064443799,2336.455625118741,10756.001499223426,9357.272771906953,9084.113894879187,8367.545497616979,0
2025-11-05,M7,43229.72487443044,6186.24932583605,13763.262534821071,63179.23673508755,57289.38281437928,5889.853920708272,21518.850939037293,0.0,0.0,63179.23673508755,75295.66054306933,74145.14583463669,225.25394831954569,1333.093233333333,12439.01887760287,9530.240291285738,8367.545497616979,8973.506608253192,0
2025-11-06,M7,42776.62394248857,6032.352119003342,15116.277129155036,63925.253190646945,57940.80665023008,5984.446540416866,22597.205772815985,0.0,0.0,63925.253190646945,74023.12473066189,74666.44521892529,887.8525871599921,184.9767166666668,12542.366117720885,10318.334752622251,8973.506608253192,8796.81972239949,0
2025-11-07,M7,22148.46521315126,5467.382910852968,8685.738718476074,36301.586842480305,31141.782106905837,5159.8047355744675,15083.00657203901,0.0,0.0,36301.586842480305,48021.45050219603,43477.73471363918,527.9009973549174,17093.16184968198,8192.001026189126,5653.7909429201645,8796.81972239949,9887.630709391744,0
2025-11-08,M7,21490.58960956003,5433.88596589747,8382.05286637924,35306.52844183674,30293.45924948358,5013.069192353156,14881.944239591305,0.0,0.0,35306.52844183674,46832.8323517399,42049.01406788718,426.0528998301303,16544.61977860082,6370.412605496069,5083.278316039829,9887.630709391744,9972.915036516175,0
2025-11-09,M7,42775.6239870097,6248.141613863509,14141.336706724942,63165.10230759816,57140.77924458674,6024.323063011419,21725.513352237675,0.0,0.0,63165.10230759816,74129.39113277817,73040.11881351986,439.25005737704896,941.823364591799,10283.265751517523,9971.03754329984,9972.915036516175,8148.923609215451,0
2025-11-10,M7,44015.23109328717,6211.37748589757,16011.054718768537,66237.6632979533,60107.66363251217,6129.99966544113,23563.13689729471,0.0,0.0,66237.6632979533,76553.130993179,77308.44252757003,381.53213234552084,364.88588450851375,12921.957000429327,10218.375589713312,8148.923609215451,8424.934254364825,0
2025-11-11,M7,44264.19225816548,6246.571810278795,14599.698066180217,65110.46213462448,59111.91526658974,5998.54686803474,22268.918169500113,0.0,0.0,65110.46213462448,76451.60946711437,75827.96782075637,710.0286800577387,844.5566833333328,12225.736967178942,9511.374176480305,8424.934254364825,8859.903995403318,0
2025-11-12,M7,43950.942651737394,6417.777658431941,15470.091238376366,65838.81154854571,58862.437258776874,6976.374289768835,23670.492413432185,0.0,0.0,65838.81154854571,75767.33931303004,75223.60514266187,373.03369687807464,1645.0025166666665,11665.42097956193,9415.839800444806,8859.903995403318,8896.738654292601,0
2025-11-13,M7,43884.73831931179,6243.784383051879,14594.530107949624,64723.05281031327,58365.403844905784,6357.648965407483,22533.091964088577,0.0,0.0,64723.05281031327,75408.4041538692,74584.06021994022,84.17336703041951,420.54204641523097,11410.839597361986,9727.366107534073,8896.738654292601,8358.30972799165,0
2025-11-14,M7,22314.602356401192,5407.67482153532,8652.732463621449,36375.00964155797,31185.70875555847,5189.300885999499,15031.704706231401,0.0,0.0,36375.00964155797,48077.39149106479,43599.145507264664,47.215456447714644,13303.550049003428,8297.478419739991,5647.553717926469,8358.30972799165,9550.980619172678,0
2025-11-15,M7,21896.19075311179,5331.338834405364,8613.849110084297,35841.37869760147,30652.02975921557,5189.348938385898,15006.516968194044,0.0,0.0,35841.37869760147,46836.54580247944,42483.891710023076,176.26515445879215,12550.846018678481,7521.402566878593,5976.508946659458,9550.980619172678,9679.67743307512,0
2025-11-16,M7,44347.00549304883,6179.929605535376,16449.17458066697,66976.10967925118,60776.955258812624,6199.154420438557,23760.49132993103,0.0,0.0,66976.10967925118,75817.3817778382,76937.17903910179,792.4707703725537,507.90630913011114,11041.044485041451,9838.786908775655,9679.67743307512,8684.632015417254,0
2025-11-17,M7,45014.40367176043,6354.802628079571,16230.567873494945,67599.77417333491,61050.403393767905,6549.370779567005,24140.108703047274,0.0,0.0,67599.77417333491,77228.37739280457,77587.44661528122,1240.6325391727248,943.9378833333333,12001.469823618427,9294.347964176586,8684.632015417254,9158.901563144294,0
2025-11-18,M7,44378.55624449816,6150.870899044418,15697.877462764294,66227.30460630688,60229.0659219216,5998.238684385273,23114.280912487728,0.0,0.0,66227.30460630688,76130.34473189898,76754.83783222701,194.68720801599764,22.367309175569517,11340.437548247792,9693.206066545672,9158.901563144294,8595.066393738782,0
2025-11-19,M7,44917.41661412832,6261.804658072679,18328.168397870588,69507.38967007156,62741.63577930165,6765.753890769905,25999.952346427934,0.0,0.0,69507.38967007156,76650.82603395592,78921.55492845908,313.00654780335094,813.701083333333,12054.09398522629,9627.558287903877,8595.066393738782,8746.463993882586,0
2025-11-20,M7,45132.59292271232,6172.389375363276,15841.335450728147,67146.31774880373,60980.752747868144,6165.565000935589,23469.45648736343,0.0,0.0,67146.31774880373,76986.00212508407,77540.42071356351,265.05646730647555,288.71074999999985,11714.566502392001,9520.989039468295,8746.463993882586,8710.697135515058,0
2025-11-21,M7,22580.39335789217,5482.363020964428,9613.234481297231,37675.99086015382,32145.393722307042,5530.597137846777,16422.176506540716,0.0,0.0,37675.99086015382,48232.59284771216,44651.27855980751,970.8669959750737,12193.604699056636,8446.16952610608,5823.746727996938,8710.697135515058,9841.420011236156,0
2025-11-22,M7,22213.770453560996,5435.095743735856,8875.00878564769,36523.874982944544,31225.189568140206,5298.6854148043385,15507.214590824184,0.0,0.0,36523.874982944544,47371.83484103113,43109.44158122175,475.4167448521789,11351.704216491471,7092.911158915091,6030.420022370321,9841.420011236156,9524.57336273715,0
2025-11-23,M7,45411.40051611465,6266.480615082616,17026.37745975624,68704.25859095348,62409.541519812745,6294.717071140738,24487.136177823006,0.0,0.0,68704.25859095348,77140.50944365094,78536.71685871057,877.0498129075265,706.8072278992715,11393.400593680828,9672.637059110391,9524.57336273715,9031.259386927239,0
2025-11-24,M7,45090.17677470454,6297.37764015442,15270.055731186289,66657.61014604526,60268.64932041256,6388.960825632705,23177.65672081569,0.0,0.0,66657.61014604526,77006.96581803658,76544.44879554154,157.69393557320015,629.299844718195,11070.794639776384,9475.283324526239,9031.259386927239,8466.881979919053,0
2025-11-25,M7,46664.69492200458,6242.480009333162,15756.81588697179,68663.99081830948,62774.161043846354,5889.829774463127,23530.994278737766,0.0,0.0,68663.99081830948,79353.97714929967,79826.49477861736,555.6460306523984,269.8737603602615,12317.272217002603,9484.957696064568,8466.881979919053,9013.5850907052,0
2025-11-26,M7,46022.93834209854,6279.5351120919195,17261.207212815607,69563.6806670061,63328.54589733457,6235.134769671538,24766.31934759283,0.0,0.0,69563.6806670061,78300.38036247752,79780.03338846486,401.7546830823723,152.82918511169987,11746.364542088184,9278.581905150724,9013.5850907052,9275.777728417099,0
2025-11-27,M7,46053.721515837715,6295.097595892646,16834.152418676866,69182.97153040726,62604.173997468555,6578.7975329387045,24793.25982593842,0.0,0.0,69182.97153040726,77750.858862759,78625.35390368535,640.1816323565972,637.7608999999997,10719.964848845453,9153.44621085003,9275.777728417099,8753.25030254464,0
2025-11-28,M7,23022.70043451239,5384.369073514236,9225.296959998685,37632.36646802529,32299.65610314917,5332.710364876122,15854.394088284775,0.0,0.0,37632.36646802529,48693.07389917985,44956.67060087316,774.8589636903446,10691.42083687065,8611.348636309915,6042.196385997742,8753.25030254464,9789.912535226069,0
2025-11-29,M7,22633.032493533072,5544.161302330034,9482.828572771105,37660.022368634214,32222.264982108874,5437.75738652534,16646.324471119664,0.0,0.0,37660.022368634214,48162.09077125215,44410.241919861466,1145.103462122307,7113.987780362142,7325.922336224834,6104.221758847816,9789.912535226069,9600.774016886407,0
2025-11-30,M7,47121.738017210526,6201.129151690678,17999.074754305926,71321.94192320712,65251.294803444536,6070.647119762587,25382.036253270544,0.0,0.0,71321.94192320712,79255.18648737331,81788.67078832416,220.2885740828341,0.0,11344.389407883818,10020.835310309154,9600.774016886407,8676.463028082775,0
2025-12-01,M7,49502.787207251036,6552.036441474366,24594.10400679592,80648.92765552133,71306.3338451117,9342.593810409628,31363.716350781775,0.0,0.0,80648.92765552133,81086.42500379091,88308.61004636735,6.252776074688882e-13,0.0,14381.605009403884,12371.922696369857,8676.463028082775,7873.326762801983,0
2025-12-02,M7,51738.212241216905,6343.558321672363,24000.605478525595,82082.37604141486,73842.00568421166,8240.370357203195,30497.21448029813,0.0,0.0,82082.37604141486,84755.18679815938,91987.80128621132,1.1368683772161603e-12,0.0,14734.233475619225,11384.242139407892,7873.326762801983,8484.978958183852,0
2025-12-03,M7,53085.16577523884,6219.141430548226,21714.637876858786,81018.94508264585,74369.86195090695,6649.083131738895,29263.58238320337,0.0,0.0,81018.94508264585,86697.59565474401,92323.66630503138,1174.5903417356944,0.0,12941.31531353068,8954.987916901662,8484.978958183852,10182.176166026286,0
2025-12-04,M7,53499.683023054895,6253.013863663071,19809.662171952106,79562.35905867007,73418.04206347033,6144.316995199741,27130.41099183478,0.0,0.0,79562.35905867007,87009.31557155008,90938.94181826511,1938.124685058641,0.0,11869.537798389203,9639.929415182723,10182.176166026286,10153.72750104021,0
2025-12-05,M7,24875.144174014265,5867.273357927709,11147.22772942701,41889.64526136899,35850.504843048664,6039.140418320327,18844.570572559092,0.0,0.0,41889.64526136899,51755.90930999086,48702.915119047444,1202.277357039661,4481.819116666667,9116.219040076994,7409.0280780692065,10153.72750104021,10126.071217032613,0
2025-12-06,M7,25179.19784699422,5861.706642074308,11790.555103480145,42831.459592548665,36756.43639686617,6075.023195682494,19499.35441806056,0.0,0.0,42831.459592548665,52317.83966082106,49959.29311878739,691.5474687718767,3778.6398333333336,9162.183262843022,7337.708262827502,10126.071217032613,10219.026972671887,0
2025-12-07,M7,55388.007170304336,6567.022716423337,17704.714974700808,79659.74486142845,73578.27932915871,6081.465532269736,25523.801856888254,0.0,0.0,79659.74486142845,90655.35410177859,91468.09965227102,1799.1614155964587,0.0,10455.725850456205,8439.468863781634,10219.026972671887,10251.99261165844,0
2025-12-08,M7,56567.56166807249,7540.285998841574,18811.688580952916,82919.53624786701,75710.33097949861,7209.205268368401,29225.912145857837,0.0,0.0,82919.53624786701,94583.24404008957,94257.51603645651,4358.79489689657,0.0,10315.089755021765,8263.579732128492,10251.99261165844,10353.818133257484,0
2025-12-09,M7,54989.02952960199,7362.343600414245,17969.689112568823,80321.06224258502,73904.38707348345,6416.675169101567,27416.83298649799,0.0,0.0,80321.06224258502,92638.49677608398,91907.22170837689,2844.4221967275025,0.0,10752.1811954554,9077.835950472665,10353.818133257484,9944.296819753272,0
2025-12-10,M7,53458.03902591445,6596.597590210497,19564.165253367595,79618.8018694926,73215.61997468966,6403.1818948029395,27488.53300511324,0.0,0.0,79618.8018694926,88662.63805744256,91603.26445949357,1434.204245629797,0.0,10782.533383976986,9001.091636779884,9944.296819753272,9647.363935577125,0
2025-12-11,M7,53065.37692471076,6910.940529903634,18119.798986623922,78096.11644123828,71859.17876357188,6236.937677666399,26927.556366984456,0.0,0.0,78096.11644123828,89350.12911536316,90017.30049206855,1992.2840898548336,0.0,10930.964350673254,8867.202648459526,9647.363935577125,9632.784464005801,0
2025-12-12,M7,25582.02507339577,5803.479940897417,11607.88595408929,42993.390968382475,37023.262889989404,5970.128078393071,19841.20661452055,0.0,0.0,42993.390968382475,53033.370373060745,50858.669107200425,2040.924683160624,3343.4003290834653,8658.483533036975,6898.552921413968,9632.784464005801,9760.360842168007,0
2025-12-13,M7,25519.45232695484,5807.12554748246,11135.324388809244,42461.90226324656,36191.61146426775,6270.290798978807,19220.433193947312,0.0,0.0,42461.90226324656,52846.887327132805,50012.74015955868,1174.1030193698018,3231.5220192063475,8929.208600248063,7120.626862598866,9760.360842168007,9884.840957281418,0
2025-12-14,M7,52222.35690166921,6111.374419083172,20482.54213099743,78816.27345174982,72741.58176101198,6074.691690737833,27552.53103468329,0.0,0.0,78816.27345174982,85906.05423383466,91006.36499294703,606.1055560817465,0.0,11372.747853398385,9751.210216533096,9884.840957281418,9285.636006969866,0
2025-12-15,M7,53196.96446045786,6506.908574439372,19913.49764471841,79617.3706796156,73400.12435291853,6217.2463266970735,27666.693854698355,0.0,0.0,79617.3706796156,88787.40380992179,92249.53994172096,1022.1621662641471,0.0,11203.787255679072,9445.96744688893,9285.636006969866,8873.525151648884,0
2025-12-16,M7,54076.117414806125,6452.412806103228,19021.724012781728,79550.25423369106,73384.9802143882,6165.2740193028585,26910.432748392748,0.0,0.0,79550.25423369106,89752.76093180443,92603.30503355224,924.7279916301004,0.0,11773.368669738957,9512.882961150153,8873.525151648884,8899.686997580444,0
2025-12-17,M7,53183.744491605394,6446.863809976051,17771.118773681166,77401.72707526255,71129.55931574445,6272.167759518095,25759.145444531387,0.0,0.0,77401.72707526255,88738.15839867017,90064.00979666118,78.0699633789456,0.0,11851.218071424717,10057.12530480913,8899.686997580444,8391.199589852553,0
2025-12-18,M7,52981.76361040848,6242.2631648159495,19073.990042824436,78298.0168180489,71916.11290574861,6381.903912300288,26363.57478924882,0.0,0.0,78298.0168180489,87521.79538267569,90496.88299983952,317.57730862639283,27.727100000000064,12661.108784604041,9875.79716005757,8391.199589852553,8813.08954037666,0
2025-12-19,M7,25704.669079540345,5615.584201351257,10726.727701079977,42046.980981971574,36174.818319760714,5872.16266221086,18446.19464278667,0.0,0.0,42046.980981971574,53160.31235667308,50463.88879361521,1600.3110654524594,4098.863586172201,9305.368361970206,7449.045519979654,8813.08954037666,8911.203821727999,0
2025-12-20,M7,25856.801743813507,5608.973386804228,10202.298213832859,41668.073344450604,36011.76883022005,5656.304514230556,17670.575130645364,0.0,0.0,41668.073344450604,53594.66579559854,50303.83931999838,883.2595575295422,4351.8169333333335,9756.613366988195,7544.202787852693,8911.203821727999,9309.70830995883,0
2025-12-21,M7,53138.852585517445,6256.079784218266,19540.889008204493,78935.8213779402,72676.73942633442,6259.081951605782,27022.866973888802,0.0,0.0,78935.8213779402,87877.54226630897,91761.87283087468,719.4510253069451,0.0,11770.08761474979,9765.447675848722,9309.70830995883,9052.28974562395,0
2025-12-22,M7,53184.46787669849,6259.3700620604695,19070.890428921164,78514.72836768013,72110.50744251235,6404.220925167785,26506.085718193826,0.0,0.0,78514.72836768013,87811.39222316066,90771.86040961792,93.43852874866687,0.0,11532.396108166195,9791.401310630265,9052.28974562395,8552.111453384345,0
2025-12-23,M7,53229.06998588119,6494.237852566354,17511.107891669122,77234.41573011667,70983.35548441471,6251.060245701956,25333.683166780906,0.0,0.0,77234.41573011667,88818.27800587603,89689.27969618105,468.552190815647,0.0,11596.140508577299,9633.505536545219,8552.111453384345,8284.742870498118,0
2025-12-24,M7,52837.4833144434,6220.710029045468,18269.226885957167,77327.420229446,71263.0195373663,6064.4006920796965,25457.303995778904,0.0,0.0,77327.420229446,87865.81592943752,90242.47383232595,407.2515293228309,0.0,11906.398166953823,9925.73518061735,8284.742870498118,7971.906575626167,0
2025-12-25,M7,52184.02749004733,6155.6966622162445,19365.43463176896,77705.15878403245,71724.38550867363,5980.773275358821,26779.724545120735,0.0,0.0,77705.15878403245,86915.98549326728,90965.37223466218,103.338563729007,0.0,13151.288259952691,10101.703122352847,7971.906575626167,8583.951429191542,0
2025-12-26,M7,25690.861056481906,5645.718015884885,10757.21516009886,42093.794232465654,36126.213962096794,5967.5802703688605,18403.4702826481,0.0,0.0,42093.794232465654,53197.1530617277,50223.08134423152,872.4876393456753,3627.6520457775596,9942.261814718559,7226.942588943604,8583.951429191542,9502.050852500897,0
2025-12-27,M7,25272.795053108064,5573.8474390365145,10477.900644296742,41324.54313644133,35546.35673631939,5778.186400121944,17942.036625177414,0.0,0.0,41324.54313644133,52374.148890348326,49254.99250596025,802.7360738516661,3563.758191341858,8634.439635660172,7084.750461560116,9502.050852500897,9401.101567306034,0
2025-12-28,M7,52817.887635758045,6388.519800708328,18123.492767924952,77329.90020439136,71166.08257761331,6163.817626778051,26016.38266146038,0.0,0.0,77329.90020439136,87478.85000886241,89385.17127786097,886.5480889104492,0.0,11072.25027460028,9382.88183564975,9401.101567306034,8940.702552613224,0
2025-12-29,M7,52723.59110442394,6389.462915872885,19131.304201048577,78244.3582213454,71665.0982578106,6579.2599635348015,27056.774152920236,0.0,0.0,78244.3582213454,87624.19124089132,90257.97558510199,914.6724715168577,0.0,11230.242800228072,9410.705953309609,8940.702552613224,8591.581124696695,0
2025-12-30,M7,52046.72370563586,6405.21585291892,18704.7146008598,77156.6541594146,70404.01859282685,6752.635566587749,26625.285324899396,0.0,0.0,77156.6541594146,86814.60925724561,89483.81523796372,788.4276785843699,0.0,12678.99999932723,10208.015039947877,8591.581124696695,8660.442190815782,0
2025-12-31,M7,52276.98752630587,6072.0667905473,19103.859856137802,77452.91417299099,71491.45342627847,5961.460746712517,26236.988273319854,0.0,0.0,77452.91417299099,86721.8815078437,90614.60511920071,115.1926328346795,0.0,12663.54894903621,10810.5593960035,8660.442190815782,8045.903582722243,0
