date,grid_cost_yuan,base_cost_yuan,breach_cost_yuan,overbuy_cost_yuan,emergency_cost_yuan,total_cost_yuan,emergency_kwh,start_soc_kwh,end_soc_kwh,unused_plan_kwh,curtailed_pv_kwh,charge_kwh,discharge_kwh,planned_purchase_kwh,planned_cost_yuan,decision_day_planned_purchase_kwh,final_commitment_kwh,reserve_kwh,reserve_effective_kwh,reserve_00_kwh,window_residual_00_kwh,reserve_06_kwh,window_residual_06_kwh,reserve_12_kwh,window_residual_12_kwh,reserve_18_kwh,window_residual_18_kwh,path_up_kwh,path_down_kwh,adjusted_kwh,emergency_slots,reversal_slots,down_slots,below_min_kwh,chain_misprice_yuan,cost_identity_residual_yuan
2025-02-01,21765.9572135,20683.6326314,792.856748103,289.467834008,0,21765.9572135,0,10045.2541983,9790.25442561,865.652508394,1451.43581337,19345.6702596,15899.4927057,42224.2118957,22268.7985414,42279.0995228,40141.441809,567.2974874,567.2974874,567.2974874,-4105.361557,479.951819733,1132.09424843,443.7564176,-538.866017757,175.299538382,108.583937787,298.908421757,2381.67850838,2680.58693014,0,19,37,2380.37377599,0,0
2025-02-02,55141.8358907,53020.3077499,1556.1310885,565.397052241,0,55141.8358907,0,9790.25442561,10049.67006,1706.95528613,0,22443.2499414,17945.5583816,88841.8114304,56132.5699269,89014.8466621,84560.9247959,549.32117844,549.32117844,549.32117844,-5730.8283377,950.96150613,-1107.45325742,436.148448914,-688.042961389,170.47743015,-200.063903622,488.856425502,4769.74305995,5258.59948546,0,13,74,4769.74305995,4.36557456851e-11,0
2025-02-03,55703.3456957,53097.1020112,1460.87460925,1145.36907527,0,55703.3456957,0,10049.67006,9998.32536615,1108.03031296,0,23722.7653671,19261.6501718,88815.5786517,56018.8512297,88792.4317887,85786.0620083,531.344869479,531.344869479,531.344869479,-4029.6895449,833.20908453,574.482099271,428.540480229,-93.4003755733,165.655321919,-239.589419798,1254.6013486,4284.11799204,5538.71934064,0,24,72,4284.11799204,0,0
2025-02-04,57013.0004411,53872.020872,1320.14236532,1820.8372038,0,57013.0004411,0,9998.32536615,9807.83343552,1626.10773335,0,23590.7501365,19279.9503482,89345.4063381,56512.3056026,89363.181319,87131.7714717,513.368560519,513.368560519,513.368560519,-3526.76027781,772.174830654,1028.78129089,420.932511543,858.712633777,160.833213687,48.4582229302,1567.76207946,3781.39694584,5349.15902529,0,27,72,3781.39694584,0,0
2025-02-05,55223.3380437,51570.1073489,392.694489575,3260.53620524,275.723550406,55499.0615941,59.4748454242,9807.83343552,9487.96628942,274.430104784,0,23226.3685866,19101.2389866,83865.8886844,52351.2107055,83813.033945,85088.5118427,495.392251558,495.392251558,495.392251558,1544.29429264,1036.76781826,287.88801759,460.081392121,753.600451444,156.011105455,456.176030125,2445.92070827,1223.29755003,3669.2182583,3,3,22,1219.88570178,1.45519152284e-11,0
2025-02-06,55703.0328894,52320.3162901,1173.50616097,2209.21043824,404.314703127,56107.3475925,73.2461903706,9487.96628942,9760.76884508,186.28736124,0,23723.3476146,18970.3892677,86949.6692479,54667.3286121,86942.6308148,85137.0567344,567.2974874,567.2974874,567.2974874,-1593.89860927,1028.78129089,246.082560998,525.381290205,1439.86491918,175.299538382,251.492608438,1801.70011635,3614.31262984,5416.01274618,3,24,61,3614.31262984,-2.18278728426e-11,9.66338120634e-12
2025-02-07,20513.4020932,19590.2674371,343.311252118,579.823403957,0,20513.4020932,0,9760.76884508,9158.46604539,276.759419569,3258.89609342,19511.4524926,16346.3490388,39241.5888606,20273.4103021,39107.0726423,38506.4386335,549.32117844,549.32117844,549.32117844,-3259.52859766,937.921452569,-2600.63426079,619.708567076,384.125509191,193.809279676,821.477941057,433.747969151,1168.89819622,1602.64616537,0,17,35,1164.17704033,3.63797880709e-12,0
2025-02-08,20925.437364,17459.3007221,82.2637142429,3383.87292765,1141.14239808,22066.5797621,186.674692962,9158.46604539,9609.52591474,64.7276582991,1550.6342449,20516.2435128,16212.203363,34647.9177683,17590.6460497,34630.0884266,37309.8900768,531.344869479,531.344869479,531.344869479,4705.44201874,847.061614244,1733.36971271,596.126747859,1598.14092807,200.68073663,569.490157542,2972.4197622,310.447453721,3282.86721592,1,3,3,266.404314661,0,-2.27373675443e-13
2025-02-09,54918.145473,49992.4218854,112.049941567,4813.67364602,0,54918.145473,0,9609.52591474,9439.88020638,199.755107644,0,23543.7387024,19223.1094865,80549.2940896,50202.4813509,80727.8848286,84075.8002903,663.894033032,663.894033032,663.894033032,3751.2991909,1044.75434563,1132.9696297,687.414412354,325.619113649,210.234353392,578.078385555,3943.01580507,416.509604467,4359.52540954,0,3,5,405.331817907,-1.45519152284e-11,0
2025-02-10,51640.0523571,48547.0153276,1366.49760607,1726.53942339,0,51640.0523571,0,9439.88020638,9500.85261775,219.254946896,0,21843.2536327,17638.1602723,81549.4123932,51271.4529382,81517.0338489,78750.9858907,955.889939713,955.889939713,955.889939713,-2344.90699665,1081.38999187,1484.33164265,665.352399324,452.27763843,228.155127212,484.916705031,1592.85358422,4391.28008676,5984.13367098,0,11,33,4384.46725219,1.45519152284e-11,0
2025-02-11,51890.8637443,48759.1486602,918.572054627,2213.14302949,93.3662671469,51984.2300115,19.9330203132,9500.85261775,9493.36582564,187.775693352,0,22719.7012284,18409.6961079,80825.0207807,50596.2927695,80833.6230669,79698.4449269,808.788851481,808.788851481,808.788851481,-751.84417805,1132.09424843,581.079014838,643.290386294,657.317607179,251.492608438,388.366316312,1767.69383428,2894.26968808,4661.96352236,1,2,32,2894.26968808,0,2.70006239589e-12
2025-02-12,52836.9451944,48721.4747402,1460.75546895,2654.71498526,200.03822283,53036.9834172,47.2393711944,9493.36582564,9739.8133942,366.92633131,0,23369.4426418,18707.4457282,82296.1748603,51642.9856781,82333.9989437,80248.4200071,760.490578665,760.490578665,760.490578665,-2151.61946556,1119.41818429,2157.60287144,654.512163002,1158.48805249,254.444240369,262.063686843,2406.25732304,4454.01217627,6860.26949931,3,29,71,4454.01217627,0,7.53175299906e-12
2025-02-13,50117.3816571,47660.5036445,1432.9781136,1023.89989903,21.5451799642,50138.9268371,4.91955245214,9739.8133942,9858.93215396,1298.4192409,216.334213809,21319.5770877,17161.6505573,80805.5431649,50523.1857039,80797.8170588,76997.2394494,712.192305849,712.192305849,712.192305849,-4911.58751243,1132.61947719,-1637.43226277,715.087313738,-1199.4365496,259.311071447,68.3180922874,660.397794033,4468.70150961,5129.09930364,1,2,49,4466.09489566,0,-2.00017780116e-12
2025-02-14,20596.8537551,18945.987289,109.239044488,1541.62742164,0,20596.8537551,0,9858.93215396,9997.55781706,518.209011803,3121.76057036,19575.657318,15731.5193308,36662.671927,19164.465378,36471.4957207,37285.909386,663.894033032,663.894033032,663.894033032,-571.58669519,1132.44440094,-30.6592071264,695.830744885,-704.256263459,257.934763748,-12.3349467286,1134.77594883,511.53848976,1646.31443859,0,1,1,511.53848976,0,0
2025-02-15,20647.9205199,18362.2601974,236.457949029,2049.2023735,0,20647.9205199,0,9997.55781706,9588.77066584,68.4851120633,3922.86931506,19145.6947306,15875.9211679,35797.681152,18833.1846057,35800.4690952,36541.2190898,615.595760216,615.595760216,615.595760216,-538.356142211,1132.26932468,1569.04932877,676.574176032,1080.80214502,256.55845605,382.06311434,1579.62952448,836.09158659,2415.72111107,0,2,14,833.957542651,7.27595761418e-12,0
2025-02-16,52346.4955699,48921.3350094,1351.77119317,2073.38936729,183.338201951,52529.8337718,40.0923356185,9588.77066584,9911.00439589,91.0837326928,0,22305.0962471,17777.1176031,82660.103229,51624.8773957,82842.5068372,79956.3491411,567.2974874,567.2974874,567.2974874,-2496.95367428,1132.9696297,1038.0460313,753.600451444,1048.40374363,262.063686843,37.2121032846,1711.66399996,4415.41808785,6127.08208781,2,13,72,4415.41808785,0,5.28643795406e-12
2025-02-17,50269.5053064,46441.0150513,2216.83225929,1611.65799581,46.7563284731,50316.2616349,9.98213673636,9911.00439589,9812.21889683,610.017068335,0,20362.871578,16582.8329273,81861.6247311,50874.6795699,81851.5230696,75563.9367489,549.32117844,549.32117844,549.32117844,-6239.23738329,1132.79455344,-2018.96104544,762.994446671,872.77567435,260.687379145,133.923281166,1405.9523703,7703.64035243,9109.59272272,1,12,62,7703.64035243,7.27595761418e-12,1.42108547152e-13
2025-02-18,50397.9018435,46317.8588554,785.065386396,3294.97760172,155.62323,50553.5250735,34.2066666667,9812.21889683,10131.7478514,246.61426149,0,20598.4786355,16397.1916356,76965.9320936,47887.9896282,76970.6036502,76505.082378,531.344869479,531.344869479,531.344869479,-461.404871954,1132.61947719,-1158.16944633,821.364758458,547.307605884,259.311071447,-223.486921821,2697.62772576,3158.47744137,5856.10516713,1,12,32,3158.47744137,0,-2.75690581475e-12
2025-02-19,50482.9543707,46381.0818933,677.985900737,3423.88657664,318.194189131,50801.1485598,71.6073042884,10131.7478514,9751.79041081,544.242939497,0,22094.7630602,18238.7197753,76685.7576954,47735.1708775,76672.0345879,77208.0063034,513.368560519,513.368560519,513.368560519,451.786453222,1132.44440094,751.779211597,802.690820798,-343.652529756,257.934763748,215.497641561,2798.49503171,2276.2464237,5074.7414554,2,8,16,2274.74748468,1.45519152284e-11,-1.02318153949e-12
2025-02-20,49378.980633,46858.6053715,892.765057325,1627.61020418,224.455916298,49603.4365493,47.9197088595,9751.79041081,10071.5274311,1100.02965555,0,21441.8177144,17080.1090303,78584.2921936,48644.1354861,78627.0643076,76406.9523641,495.392251558,495.392251558,495.392251558,-3022.78767212,1132.26932468,-1069.79331847,784.016883138,-541.341058517,256.55845605,-124.771197059,1124.00998373,3301.34981323,4425.35979696,1,13,46,3301.34981323,-1.45519152284e-11,3.95061761083e-12
2025-02-21,20286.7638656,18141.5821003,194.110300858,1951.07146451,0,20286.7638656,0,10071.5274311,10097.131435,296.290287583,6806.30194431,18855.6870297,15250.0628906,35679.5198139,18529.802702,35500.1232913,36268.4784044,477.415942598,477.415942598,477.415942598,-2156.96719531,1132.09424843,-2580.35496762,765.342945478,-221.7602498,255.182148351,-66.6101010861,1412.93208062,823.973490204,2236.90557083,0,1,27,823.973490204,1.09139364213e-11,0
2025-02-22,20773.1017056,18131.2170602,222.250428477,2419.63421687,0,20773.1017056,0,10097.131435,10125.1829873,469.986045598,4379.13829404,19334.4034764,15635.6204188,35465.3478894,18532.8350965,35460.4855942,36392.6702805,472.290044723,472.290044723,472.290044723,181.956618572,1119.41818429,-947.362860574,762.994446671,-288.719924004,254.444240369,-231.866400629,1817.62159409,890.299202944,2707.92079703,0,4,22,837.522273462,-7.27595761418e-12,0
2025-02-23,49304.5897659,45888.0466935,1033.7666131,2382.77645924,68.5448793474,49373.1346452,14.6338341903,10125.1829873,9902.19409685,413.76026951,0,21219.7571192,17388.6932679,77500.3402182,47933.8383516,77685.4291192,75762.0439699,467.164146847,467.164146847,467.164146847,-1766.1544055,1106.74212015,-1578.17479475,760.645947865,361.941577716,253.706332386,32.0762418671,1755.05092014,3493.34716842,5248.39808855,1,19,49,3463.63963798,0,-6.12487838225e-12
2025-02-24,47392.6476396,44776.8603513,1116.75517215,1499.03211622,277.02755272,47669.6751924,60.8489851559,9902.19409685,10139.6332151,796.967554479,133.568743524,21213.5684399,16969.2952299,75793.2637883,47010.3706956,75771.4177961,73316.9941395,462.038248972,462.038248972,462.038248972,-3198.51692892,1094.06605601,-1689.28878514,758.297449058,-190.782131097,252.968424404,-210.163257671,1311.07524889,3787.34489767,5098.42014657,2,18,55,3787.34489767,0,1.47792889038e-12
2025-02-25,46852.7331136,43427.2245777,1782.95726404,1642.55127184,290.339956562,47143.0730701,65.4233362448,10139.6332151,9931.59857101,1544.42981297,0,20862.5564433,17085.9018987,76038.3864735,46985.2299032,76041.6354842,71076.9842546,456.912351097,456.912351097,456.912351097,-6027.29789326,1081.38999187,-3980.50329248,755.948950251,-231.943677737,252.230516421,77.3212089696,1137.50950391,6098.91172276,7236.42122667,3,17,50,6088.37882158,2.18278728426e-11,-4.43378667114e-12
2025-02-26,47526.6291875,43283.4345821,210.60501152,4032.58959393,20.466666903,47547.0958544,4.67336839227,9931.59857101,10288.8582228,526.03930491,0,22207.7009847,17666.704111,71014.6579179,43704.6446051,70987.9094963,73877.2108435,451.786453222,451.786453222,451.786453222,1925.09620854,1068.71392773,1412.94082348,753.600451444,-731.432656783,251.492608438,-435.826318701,3784.80897379,922.256048207,4707.065022,2,22,31,922.256048207,-7.27595761418e-12,2.01794136956e-12
2025-02-27,46750.9004131,42603.7908379,730.445563515,3416.66401175,139.554746058,46890.4551592,31.2508374121,10288.8582228,9957.32683488,866.529705989,0,21809.1972719,17963.8280394,71564.0483721,44064.6819649,71589.2841316,71637.2323011,472.290044723,472.290044723,472.290044723,-521.859556869,1119.41818429,990.497821316,734.343882591,366.655009979,245.658238132,-63.6501018286,3081.00524987,3007.82132087,6088.82657074,3,14,44,3007.82132087,-7.27595761418e-12,-3.46744855051e-12
2025-02-28,19607.0275737,17069.1944208,369.624356838,2168.20879612,0,19607.0275737,0,9957.32683488,9843.67384662,312.274979021,7743.87424124,19655.0532524,16022.8808239,34445.6154209,17806.9269884,34271.7367294,34980.9151988,467.164146847,467.164146847,467.164146847,900.282329604,1106.74212015,-211.399309421,715.087313738,244.408361486,239.823867825,68.960017928,1727.9387567,1192.63897881,2920.57773551,0,13,31,1189.02076142,3.63797880709e-12,0
2025-03-01,18519.1978598,17531.7397543,370.728673378,616.72943214,0,18519.1978598,0,9843.67384662,9486.72499528,310.304822493,7241.89698918,18584.1940678,15374.4511612,35157.5012025,18273.1971011,35144.2283847,34420.7106517,513.368560519,513.368560519,513.368560519,-4044.1384849,1094.06605601,2541.41235688,695.830744885,326.078754847,233.989497518,506.999484825,528.348081856,1265.13863269,1793.48671454,0,13,31,1265.13863269,0,0
2025-03-02,50534.2810173,44756.469819,491.425141362,5286.38605696,1201.80035131,51736.0813686,244.513572828,9486.72499528,9680.95769316,825.482288575,0,22347.3527361,17926.5462881,74905.1988192,45739.3201017,75112.2501923,77360.0822304,495.392251558,495.392251558,495.392251558,2341.29292213,1132.26932468,1925.52483538,676.574176032,1504.57897058,252.230516421,521.43552847,4215.99661707,1761.11320588,5977.10982296,7,25,31,1761.11320588,-7.27595761418e-12,-4.54747350886e-13
2025-03-03,50494.7890698,45425.4194408,1161.72263098,3907.64699807,1222.00448052,51716.7935504,252.749704632,9680.95769316,9619.66197124,559.629264096,0,22040.1578714,17907.6940255,77512.813166,47748.8647028,77465.1406579,76456.4900386,567.2974874,567.2974874,567.2974874,-779.919147529,1132.9696297,2514.72015355,753.600451444,1569.80426984,255.182148351,585.055682849,3246.93060557,4303.25373297,7550.18433854,7,25,40,4303.25373297,1.45519152284e-11,-2.04636307899e-12
2025-03-04,48427.5969883,43257.7396194,1258.79762925,3911.05973965,513.460598068,48941.0575864,112.604473784,9619.66197124,9539.16258985,134.208571745,0,20475.8128189,16657.8578266,74334.6882158,45775.3348779,74362.944128,73039.0170236,549.32117844,549.32117844,549.32117844,-495.934235009,1356.94658472,150.322786156,762.994446671,1817.5773531,260.687379145,563.068507356,3181.00020679,4476.67139895,7657.67160574,6,17,50,4476.67139895,1.45519152284e-11,-3.18323145621e-12
2025-03-05,47176.8230427,41569.603142,1694.35549178,3912.86440885,928.356298394,48105.1793411,163.568075719,9539.16258985,9555.65454614,563.268531813,0,20267.0755716,16401.4884524,73739.1389214,44956.0153677,73707.8528261,70395.759592,531.344869479,531.344869479,531.344869479,-2809.61473486,1300.95234597,-233.800242837,821.364758458,2461.25247661,334.063343342,590.311355798,2798.46824242,6141.84757182,8940.31581425,8,25,52,6139.30018937,2.18278728426e-11,-6.8212102633e-13
2025-03-06,45769.2897517,40907.9278688,642.01320418,4219.34867875,0,45769.2897517,0,9555.65454614,9434.22734318,39.8437894103,0,20957.6520664,17084.9826565,69155.3977991,42191.9542771,69159.1206507,69853.1673327,513.368560519,513.368560519,513.368560519,1323.93695717,1244.95810721,1697.2654697,864.337850006,1737.99085204,384.584395129,613.068607578,3273.34722119,2575.5776876,5848.92490879,0,12,38,2575.5776876,2.18278728426e-11,0
2025-03-07,18397.0403622,16516.5025297,469.194790088,1411.34304241,0,18397.0403622,0,9434.22734318,9586.31384718,211.920943021,8501.56820304,18683.9226969,14997.0995309,33744.7798225,17454.8921099,33588.0449464,33322.5978454,615.595760216,615.595760216,615.595760216,-2539.54465312,1427.21898731,1064.39897109,907.901288206,1968.27616652,401.928259075,346.314324866,1115.56144219,1537.74341928,2653.30486147,0,13,31,1537.74341928,3.63797880709e-12,0
2025-03-08,19694.9627809,15505.7821833,215.744628709,3973.43596889,0,19694.9627809,0,9586.31384718,9758.03068479,75.0325599369,10216.7254371,18539.7397404,14862.6440358,31064.7166877,15937.2714408,31077.2358534,33031.9932182,567.2974874,567.2974874,567.2974874,876.199296134,1412.94082348,52.0524583813,1048.40374363,190.965153643,388.366316312,210.540256279,2926.38198887,959.105458401,3885.48744728,0,2,9,959.105458401,-3.63797880709e-12,0
2025-03-09,45238.1767958,38909.970294,1630.63740845,4697.56909337,0,45238.1767958,0,9758.03068479,9579.91958314,140.978976339,0,20985.0084589,17158.1568432,69208.3232773,42171.2451109,69365.4665584,67301.3556421,760.490578665,760.490578665,760.490578665,-1569.69475376,1356.94658472,1807.51155674,1013.27812977,546.936088587,387.105675918,383.530340531,4096.74055355,6003.7081888,10100.4487424,0,10,28,6003.7081888,-2.18278728426e-11,0
2025-03-10,47133.8446311,40925.9208951,149.697025691,6058.22671035,0,47133.8446311,0,9579.91958314,9671.72887814,58.811977863,0,20719.7454824,16700.3654752,67606.503809,41225.3149465,67601.0448019,72120.263435,712.192305849,712.192305849,712.192305849,4807.80543662,1455.77531498,1976.57240673,978.152515918,537.646676983,386.431926,322.596555233,5214.75248805,700.992862049,5915.7453501,0,1,1,700.992862049,-7.27595761418e-12,0
2025-03-11,44736.9937358,39614.8049702,303.376945167,4818.81182048,0,44736.9937358,0,9671.72887814,9901.46740963,535.049044075,0,19909.209406,15919.6949405,65378.3326772,40181.2261838,65392.1027016,68463.4823096,835.753029342,835.753029342,835.753029342,2756.65542567,1518.2187171,-438.078860153,943.026902062,84.014762571,385.464730844,-63.2492394146,4462.5414302,1377.39179781,5839.93322802,0,15,22,1288.76803011,0,0
2025-03-12,43953.6187925,39516.6663525,1547.32323179,2889.62920822,0,43953.6187925,0,9901.46740963,9684.74259318,86.2035766494,0,19545.1728452,16026.6423394,69208.1568398,42611.312816,69201.4981506,66040.2687658,881.015902828,881.015902828,881.015902828,-2743.41352703,1501.27517988,1464.47016607,907.901288206,497.500112098,384.497535688,348.602333128,2390.4383736,5558.32644765,7948.76482124,0,8,30,5558.32644765,-1.45519152284e-11,0
2025-03-13,46020.9409548,41889.5326247,318.978738399,3812.42959175,0,46020.9409548,0,9684.74259318,9705.02342699,203.630019603,0,21276.4044134,17215.6348244,69128.9902861,42525.4568003,69129.8067574,71810.0176252,876.199296134,876.199296134,876.199296134,2593.12551644,1484.33164265,1088.97242731,872.77567435,-157.230449189,383.530340531,274.765749317,3715.72559745,1034.69825826,4750.42385571,0,4,4,1033.11973082,7.27595761418e-12,0
2025-03-14,18656.2247439,16726.6112276,176.966947988,1752.64656831,0,18656.2247439,0,9705.02342699,10272.7783236,514.66439383,12521.562437,18670.618263,14612.2213861,32606.69117,17079.8249684,32465.1609415,33124.0496911,895.46572291,895.46572291,895.46572291,-2176.63006322,1480.35934734,53.5564678215,869.963066236,-503.399977836,383.236895293,-356.478937282,1263.23196152,745.873440435,2009.10540195,0,14,20,745.20302976,-3.63797880709e-12,0
2025-03-15,18807.1099547,16415.7800748,121.224433539,2270.10544637,0,18807.1099547,0,10272.7783236,9847.06799808,748.363084377,8115.73504164,18214.859638,15137.1755998,31818.808866,16656.9200419,31821.4393368,32865.9073142,890.649116216,890.649116216,890.649116216,706.72868867,1476.38705202,-2944.91739775,867.150458121,-761.140887863,382.943450055,199.391733463,1581.60349773,534.505049523,2116.10854725,0,1,2,533.179044102,3.63797880709e-12,0
2025-03-16,44803.8115614,41591.7171935,366.37065522,2845.72371265,7.46118,44811.2727414,1.64,9847.06799808,10520.7359198,1483.5418452,0,19577.6057797,15251.559552,68421.0708737,42293.9521023,68559.5591599,69158.9950062,885.832509522,885.832509522,885.832509522,-841.439109606,1472.4147567,-2510.87760196,864.337850006,-1015.05849147,382.650004817,-459.708539177,2175.37353514,1437.44940259,3612.82293773,1,5,5,1373.39299337,-1.45519152284e-11,-2.03392858111e-12
2025-03-17,41855.9650203,37131.0795864,1715.14485282,3009.74058103,0,41855.9650203,0,10520.7359198,10433.3997168,1186.22118402,1.5916157281e-12,19189.2633174,15621.9058698,66303.3650989,40561.369292,66323.6778304,62611.7100649,881.015902828,881.015902828,881.015902828,-4681.31204581,1468.44246139,306.305985048,861.525241892,-1203.96467815,382.356559579,-647.075037237,2752.49827142,6444.15330542,9196.65157684,0,25,56,6444.15330542,0,0
2025-03-18,42928.9761962,40559.3870263,938.51490498,1431.07426488,0,42928.9761962,0,10433.3997168,10293.8696698,1281.27807429,0,19244.3339927,15713.4875763,68733.8347468,42436.4168363,68733.442558,65938.0828573,876.199296134,876.199296134,876.199296134,-3764.99131776,1464.47016607,-1926.69039072,858.712633777,-751.189840635,382.06311434,-284.246934949,928.078104292,3723.82999378,4651.90809807,0,12,49,3723.82999378,0,0
2025-03-19,42666.4861951,37760.3230917,427.225378319,4478.937725,0,42666.4861951,0,10293.8696698,10370.853319,1506.63998581,0,19448.8725182,15684.3014555,62167.6405216,38614.2404765,62150.9895568,64736.6814985,862.717207203,862.717207203,862.717207203,1019.55791598,1454.16429755,-1496.24435676,840.038696117,-1922.1322262,375.370958098,-585.912562688,3759.92608616,1190.88510926,4950.81119542,0,12,24,1189.60989019,0,0
2025-03-20,44976.9070636,38120.9215699,1117.28706661,5738.69842706,0,44976.9070636,0,10370.853319,10152.9692072,848.662125679,0,19531.5767407,16016.6728606,65209.3709278,40355.4957032,65232.405733,66572.5278225,890.649116216,890.649116216,890.649116216,812.799538677,1443.85842903,2889.38351627,821.364758458,-138.312583776,368.678801855,-366.425590122,5427.53107817,4064.37418348,9491.90526165,0,12,27,4064.37418348,1.45519152284e-11,0
2025-03-21,18486.5612239,15267.6673663,394.003688829,2824.89016877,0,18486.5612239,0,10152.9692072,9967.66120245,448.04351652,15706.5383235,18678.8799418,15296.6699571,30656.8763367,16048.8223503,30473.3836515,31570.2563414,885.832509522,885.832509522,885.832509522,-2443.76299756,1472.4147567,-779.646210143,802.690820798,-401.080806666,361.986645613,-12.4015532373,2071.04131065,1157.66130592,3228.70261657,0,3,13,1150.71936116,0,0
2025-03-22,18107.8618455,16156.3884807,263.269832368,1688.20353242,0,18107.8618455,0,9967.66120245,10342.3251225,348.086616663,11899.8060403,18614.1348236,14740.2516791,31688.7299375,16682.9281455,31706.2995107,32002.9755349,881.015902828,881.015902828,881.015902828,-453.741132982,1468.44246139,1392.93437658,784.016883138,-489.909993613,355.29448937,-381.093264433,1269.17665844,954.93106107,2224.10771951,0,14,31,954.93106107,0,0
2025-03-23,41738.5947135,38874.5950794,935.893632904,1928.10600113,0,41738.5947135,0,10342.3251225,10133.7379734,1195.64540641,698.675198991,18412.4414288,15101.8059915,66079.7927938,40740.2243797,66230.1773877,63974.6761594,876.199296134,876.199296134,876.199296134,-3692.92428598,1464.47016607,-3671.76287807,765.342945478,-1460.35555472,348.602333128,-188.898519117,1200.23156896,3305.34820336,4505.57977232,0,2,19,3300.02073979,7.27595761418e-12,0
2025-03-24,40758.7667382,37062.6263923,939.182146176,2756.95819977,0,40758.7667382,0,10133.7379734,10253.3864857,389.258670079,161.955276451,19949.3457454,16051.2863927,63427.7923915,38940.4200535,63428.4518427,62447.7703826,863.519344643,863.519344643,863.519344643,-1732.79668439,1454.16429755,-1043.47417861,762.994446671,-1010.3267661,348.144731475,-300.316483877,2247.83976964,3227.86177857,5475.70154821,0,2,12,3227.41877634,0,0
2025-03-25,43177.5722711,37826.3827959,1194.90153499,4156.28794023,0,43177.5722711,0,10253.3864857,10023.3005792,416.729775976,0,19524.4983538,16021.9209825,65706.4866827,40216.1858659,65700.7990233,64869.431864,850.839393151,850.839393151,850.839393151,-1006.7276139,1443.85842903,1765.44380309,760.645947865,0.342557158361,347.687129823,-58.8457209922,3769.34638034,4606.40119905,8375.74757939,0,14,30,4606.40119905,7.27595761418e-12,0
2025-03-26,40028.2912987,36012.2576458,911.621231082,3104.41242175,0,40028.2912987,0,10023.3005792,10182.7080298,692.286871055,0,18594.7952296,14918.3174305,61378.0625039,37832.1212048,61378.367058,59961.3195369,838.15944166,838.15944166,838.15944166,-1980.69955898,1472.4147567,-2969.77770478,758.297449058,-691.459028012,347.229528171,-293.119103213,2156.05063329,3572.79360035,5728.84423364,0,3,20,3570.0511234,1.45519152284e-11,0
2025-03-27,41333.3786925,38077.2459594,491.697954924,2764.43477821,0,41333.3786925,0,10182.7080298,10326.6776484,614.590966014,0,18856.3109463,15144.0392097,63303.0952169,39060.6418692,63310.2194153,63043.8521026,825.479490169,825.479490169,825.479490169,-843.553422693,1468.44246139,-998.155356999,755.948950251,-566.575377124,346.771926518,-344.836572112,1890.71103708,2149.95415138,4040.66518847,0,1,11,2149.95415138,1.45519152284e-11,0
2025-03-28,17589.4573432,15529.1865486,263.004442456,1797.26635207,0,17589.4573432,0,10326.6776484,10132.2125104,880.814918326,16301.6277865,18173.6976975,14895.7137592,31000.6869001,16055.0636448,30824.779058,31282.3074098,812.799538677,812.799538677,812.799538677,-2833.48814711,1464.47016607,-875.337995344,753.600451444,-1158.80010324,346.314324866,-238.687719542,1283.45501308,1001.83450343,2285.28951651,0,4,10,1001.70099236,3.63797880709e-12,0
2025-03-29,17630.295818,15270.3065473,129.68707014,2230.30220059,0,17630.295818,0,10132.2125104,10182.0577842,215.410563802,19654.2574069,18386.8740592,14848.5072415,30221.4059311,15528.8134326,30233.4194212,31115.2439717,811.997401238,811.997401238,811.997401238,-2929.87392719,1454.16429755,-1696.79575603,734.343882591,-637.89448,341.570770939,-202.026743067,1495.26388146,601.425840902,2096.68972236,0,2,2,600.547252185,0,0
2025-03-30,38903.3635882,35461.7667294,881.48674397,2560.1101148,0,38903.3635882,0,10182.0577842,10200.1337656,233.884175027,0,18882.7184929,15278.7335959,60768.6207757,37224.7402174,60939.0562445,59183.488772,811.195263799,811.195263799,811.195263799,-1811.95731998,1443.85842903,322.423082939,715.087313738,355.653175716,336.827217013,-294.879839042,2107.42128522,3692.55328896,5799.97457418,0,2,19,3692.55328896,-7.27595761418e-12,0
2025-03-31,41109.6757906,33998.2382443,548.19663903,6563.24090723,0,41109.6757906,0,10200.1337656,10297.415311,350.969843645,0,19205.0613666,15468.5463161,56250.7413378,34840.9311902,56251.79772,61038.8743775,810.393126359,810.393126359,810.393126359,4402.53235867,1433.55256051,-1393.80008501,695.830744885,252.717911162,332.083663086,-420.664721103,6743.06244667,1954.92940692,8697.99185359,0,6,16,1498.75450173,-7.27595761418e-12,0
2025-04-01,42228.4625968,37135.2260155,674.761788938,4418.47479237,0,42228.4625968,0,10297.415311,10160.6594453,806.984824381,6.8212102633e-12,17980.3197284,14687.1392592,63442.8404407,38396.5424462,63430.5459978,64309.0168103,825.479490169,825.479490169,825.479490169,485.384040199,1423.246692,-2490.36026635,676.574176032,-605.508185788,327.340109159,-360.327795719,3501.45045537,2635.27408582,6136.72454119,0,7,8,2451.70780068,-7.27595761418e-12,0
2025-04-02,43465.4399988,36774.9188891,694.232420502,5996.28868917,0,43465.4399988,0,10160.6594453,10016.3462755,1132.91074806,66.0107364642,19376.7217774,15825.0264925,62659.9023231,38040.8006371,62649.5427933,65185.9521694,812.799538677,812.799538677,812.799538677,1469.06734555,1412.94082348,-2867.81918234,657.317607179,-921.906009117,322.596555233,-106.047018895,4849.18562894,2323.13578265,7172.32141159,0,5,6,2123.35308433,7.27595761418e-12,0
2025-04-03,39687.7510233,36386.2177323,1412.51154749,1889.02174345,0,39687.7510233,0,10016.3462755,10173.3336052,228.992986581,174.209139369,18961.022062,15217.1392735,63796.2813725,39206.8813871,63795.9611565,60010.6151812,863.519344643,863.519344643,863.519344643,-4183.44130573,1408.9395341,-2332.51929973,654.512163002,-660.619294972,313.03039405,-201.556273843,1379.15049932,5164.81669067,6543.96719,0,2,29,5161.43229489,0,0
2025-04-04,16544.6799867,14508.7807122,332.173888105,1703.72538643,0,16544.6799867,0,10173.3336052,10152.9333436,416.800631406,19550.6786648,18795.7032492,15242.8798673,29713.2710192,15173.1284884,29551.3956188,29951.1049281,850.839393151,850.839393151,850.839393151,-3272.87088952,1404.93824472,-630.982948816,651.706718825,-1271.07772773,303.464232866,-190.809072291,1294.60318685,1056.769278,2351.37246485,0,3,30,1056.769278,-3.63797880709e-12,0
2025-04-05,17014.3247477,14545.0902966,157.777548439,2311.45690273,0,17014.3247477,0,10152.9333436,10052.763531,207.791741792,14627.6629776,18535.3205491,15103.7624761,29236.9667857,14859.0276302,29262.2113056,30311.1277757,838.15944166,838.15944166,838.15944166,3824.06625075,1400.93695534,2501.79937578,648.901274648,2012.06946249,293.898071683,-63.2461369401,1729.51228257,655.351292632,2384.8635752,0,12,12,653.845275823,-3.63797880709e-12,0
2025-04-06,37890.2503285,34411.8143091,1102.35764604,2376.07837339,0,37890.2503285,0,10052.763531,10065.4735565,201.906622398,291.56306364,19573.9219689,15843.4377718,60319.9472797,36616.5296011,60487.250092,58634.0301498,881.015902828,881.015902828,881.015902828,-2196.94829402,1423.246692,-242.409651578,676.574176032,-1089.35035204,284.3319105,-177.663867259,2083.69868163,3769.61581157,5853.31449321,0,19,42,3769.61581157,7.27595761418e-12,0
2025-04-07,37198.3514297,33970.435405,393.197293515,2834.7187312,0,37198.3514297,0,10065.4735565,10120.4237067,577.310406987,56.3471032992,19080.5956401,15405.8273333,56773.320573,34666.5583509,56774.8486487,57551.1451004,876.199296134,876.199296134,876.199296134,187.2380875,1412.94082348,-1594.45697607,657.317607179,-618.337326,274.765749317,-75.37446084,2213.61572524,1435.79119787,3649.40692312,0,3,4,1279.34254092,1.45519152284e-11,0
2025-04-08,38069.3843635,35229.4684603,914.187572397,1925.72833082,0,38069.3843635,0,10120.4237067,9933.04951138,374.831894141,143.421855491,18946.9767936,15515.6879786,60556.0223387,37056.7830757,60547.0783657,58302.7361813,863.519344643,863.519344643,863.519344643,-2487.62401659,1408.9395341,-1001.71315877,654.512163002,153.305642118,272.225336822,83.2537707408,1441.89720319,3695.1833606,5137.08056379,0,14,41,3693.9384617,1.45519152284e-11,0
2025-04-09,40384.5101144,35639.8893909,220.509280429,4524.1114431,0,40384.5101144,0,9933.04951138,9985.25513502,467.507892175,0,19569.9150572,15804.6461351,59119.3984644,36080.9079518,59110.3825079,63367.087831,850.839393151,850.839393151,850.839393151,3864.43659686,1404.93824472,844.658864477,651.706718825,-597.074294796,269.684924327,32.4328604427,5010.19320362,762.503837054,5772.69704067,0,13,21,762.503837054,7.27595761418e-12,0
2025-04-10,38621.3686288,35090.5061606,862.59698198,2668.26548617,0,38621.3686288,0,9985.25513502,10068.5325138,732.994812361,96.7634793175,19540.7342659,15753.0451145,59724.9817614,36655.9047565,59716.4543645,59078.0853431,885.832509522,885.832509522,885.832509522,-1476.13879429,1400.93695534,-3349.80659591,648.901274648,-191.607050228,267.144511833,-233.124470411,2668.22941506,3315.12583335,5983.35524842,0,6,24,2949.69300447,0,0
2025-04-11,16825.5013166,14052.9075928,204.836560543,2567.75716327,0,16825.5013166,0,10068.5325138,10031.3504225,268.993110662,20500.8103926,18727.8134351,15202.9927645,28543.0317342,14409.080455,28368.7069455,29611.2743405,881.015902828,881.015902828,881.015902828,698.129071883,1396.93566596,-1262.60017096,646.095830471,-57.1141172258,264.604099338,-32.0128565285,1788.22999696,719.987390682,2508.21738764,0,3,3,662.482486071,0,0
2025-04-12,16041.5296032,14400.9692133,278.82730114,1361.73308883,0,16041.5296032,0,10031.3504225,10213.7407861,183.164672397,16456.0953485,18619.7966039,14917.883922,29241.0779937,14958.6238155,29257.2616099,29366.3332528,876.199296134,876.199296134,876.199296134,-2038.26319722,1392.93437658,222.487518816,643.290386294,-122.71768361,262.063686843,-258.25607409,1060.45519484,935.199935702,1995.65513055,0,14,30,935.199935702,-3.63797880709e-12,0
2025-04-13,36997.7150389,33959.1424399,399.864573641,2638.70802529,0,36997.7150389,0,10213.7407861,10122.1360171,402.96446623,0,19746.5216239,16077.1268074,57135.836134,34758.8715872,57306.8180625,58348.717766,863.519344643,863.519344643,863.519344643,605.363436713,1340.94142721,1302.25770955,624.093830212,302.151091152,260.687379145,-221.646161068,2586.85841375,1373.97678169,3960.83519544,0,26,46,1373.97678169,-2.18278728426e-11,0
2025-04-14,36302.737768,33209.8907983,1158.42688116,1934.42008859,0,36302.737768,0,10122.1360171,9979.69776531,284.326680386,0,18807.4247687,15362.2084892,58385.7459791,35526.7445606,58378.2159007,56257.5747599,850.839393151,850.839393151,850.839393151,-2119.60290371,1356.66370977,603.102483014,604.89727413,893.500729675,259.311071447,-101.444165089,1725.37652789,3853.54774712,5578.92427501,0,1,26,3853.54774712,7.27595761418e-12,0
2025-04-15,35314.9079462,33056.1087679,392.489001849,1866.31017644,0,35314.9079462,0,9979.69776531,10154.7688985,675.666551142,706.327487449,19126.7016706,15335.0643333,55323.8178145,33792.4772455,55343.20892,55313.0602092,838.15944166,838.15944166,838.15944166,-1400.49495771,1338.52837637,-1452.98051275,648.901274648,169.301808623,257.934763748,-268.765462565,1610.04789613,1620.80550141,3230.85339755,0,15,29,1554.32536805,0,0
2025-04-16,37987.3613162,34368.9795859,251.363232364,3367.01849787,0,37987.3613162,0,10154.7688985,10015.3628326,435.769401142,0,18706.7346737,15277.9205451,57622.7961318,34839.4979766,57610.484419,59644.1754798,825.479490169,825.479490169,825.479490169,1774.26903907,1320.39304296,-827.691931205,646.095830471,-157.232290578,256.55845605,-93.4145628101,3107.05059376,1085.67124572,4192.72183947,0,3,3,1017.06223129,7.27595761418e-12,0
2025-04-17,36827.9947752,33510.1926581,134.105681294,3183.69643576,0,36827.9947752,0,10015.3628326,10148.4505626,881.282935237,220.941301259,19421.1009895,15611.3128444,54652.3626188,33778.0972521,54636.330009,57780.3547316,876.199296134,876.199296134,876.199296134,1875.64420997,1302.25770955,-1093.89623854,643.290386294,2.89980051137,255.182148351,-316.404613648,3687.77774153,559.785628802,4247.56337033,0,14,26,559.393491995,-7.27595761418e-12,0
2025-04-18,15855.0595202,13866.5825015,184.131981771,1804.34503691,0,15855.0595202,0,10148.4505626,10158.4419856,659.698213114,18400.0809321,18639.5561513,15089.0482019,28308.0823402,14229.4292303,28138.4038065,28964.4042779,895.46572291,895.46572291,895.46572291,506.386365224,1268.40009358,-1127.03230979,624.093830212,341.295867783,254.444240369,-332.782804427,1234.06006702,577.738129227,1811.79819624,0,2,7,572.327354728,1.81898940355e-12,0
2025-04-19,15075.5736023,13275.100587,331.490509605,1468.98250569,0,15075.5736023,0,10158.4419856,10043.6624776,438.449143766,17596.3160572,19261.4459183,15705.072751,27923.4540996,13937.6342368,27929.4804437,28375.8176183,890.649116216,890.649116216,890.649116216,-2091.96198834,1234.54247761,-851.401445472,604.89727413,-1491.02056389,253.706332386,-147.612073683,1339.96791824,887.604399586,2227.57231783,0,2,10,887.151183676,3.63797880709e-12,0
2025-04-20,35252.286517,33089.3372317,327.351918398,1835.59736694,0,35252.286517,0,10043.6624776,10355.9529727,140.650575504,0,20082.7905788,15985.9989233,55332.0444465,33729.1168148,55511.3472955,56195.1871143,885.832509522,885.832509522,885.832509522,282.116484985,1200.68486164,-595.274592694,585.700718048,-717.771990328,252.968424404,-391.57336086,1691.5545275,828.411859719,2519.96638722,0,3,5,798.363423686,-2.18278728426e-11,0
2025-04-21,34068.5579236,32414.1333879,842.626747781,811.797787964,0,34068.5579236,0,10355.9529727,10073.3202841,455.712523834,1580.69949483,18604.1649926,15323.7430637,56268.6073392,34097.4998676,56246.0064946,53833.7443309,881.015902828,881.015902828,881.015902828,-4272.88930657,1166.82724567,27.7859712752,566.504161966,-593.092209539,252.230516421,-110.809491969,572.43270285,3007.29571122,3579.72841407,0,2,25,3005.79342967,7.27595761418e-12,0
2025-04-22,36080.5178456,32467.4051139,169.229504052,3443.88322773,0,36080.5178456,0,10073.3202841,10109.0548858,474.053176711,350.512859672,19305.2331414,15605.077703,53511.3650534,32771.2436718,53534.7468843,56677.6507914,876.199296134,876.199296134,876.199296134,3212.32612846,1132.9696297,-1164.36646121,547.307605884,167.912737064,251.492608438,-167.581640767,3656.90192857,490.616190565,4147.51811914,0,2,3,449.180494482,0,0
2025-04-23,35830.2804248,32061.7792621,143.257157856,3625.24400487,0,35830.2804248,0,10109.0548858,10270.610837,475.851267414,453.927336999,19073.1702804,15303.8675711,52800.8811486,32338.4785519,52794.1608868,56098.9980304,895.46572291,895.46572291,895.46572291,2290.73929552,1132.79455344,-1312.92141936,547.233302425,-703.517298308,245.658238132,-453.283728652,3710.44837833,412.331496515,4122.77987485,0,2,3,402.820996949,0,0
2025-04-24,33174.3494218,32045.5401279,345.508341845,783.300952003,0,33174.3494218,0,10270.610837,10093.1337121,793.007525424,2153.65728086,18859.1313947,15435.6258421,53309.8259022,32736.5568116,53296.6056027,53460.2770589,971.847681428,971.847681428,971.847681428,-2646.22221545,1132.61947719,-583.826495247,547.158998965,-2060.52766227,239.823867825,-123.774505814,855.672080873,705.220924149,1560.89300502,0,13,30,705.220924149,-1.45519152284e-11,0
2025-04-25,13893.4611193,13378.7605799,153.563678709,361.136860656,0,13893.4611193,0,10093.1337121,9863.26198333,375.27980049,21550.4380826,18960.2045786,15564.6502646,27492.3734787,13685.8834042,27337.1035046,27321.6298471,947.992564153,947.992564153,947.992564153,664.272454967,1132.44440094,530.973136151,547.084695506,-155.542764964,233.989497518,94.607063645,284.286136635,455.029768189,739.315904824,0,14,27,455.025548167,-3.63797880709e-12,0
2025-04-26,14351.0384056,13303.3223185,91.6754864,956.040600674,0,14351.0384056,0,9863.26198333,9797.09548745,60.7257928327,24056.7562003,19229.0619028,15635.0899875,27277.6480539,13486.0734984,27294.2938186,27781.6475417,924.137446879,924.137446879,924.137446879,-1277.13794417,1132.26932468,-251.811739196,547.010392047,-420.566802558,228.155127212,199.036964134,816.76965564,312.770167809,1129.53982345,0,2,2,312.162536522,3.63797880709e-12,0
2025-04-27,34920.0056426,31290.2831323,60.9281015614,3568.79440875,0,34920.0056426,0,9797.09548745,9864.36420583,318.521864893,1710.48341559,20125.020878,16240.7250647,51473.2658298,31412.1393355,51627.7416095,54486.7722772,900.282329604,900.282329604,900.282329604,2570.34955463,1132.09424843,-743.859642788,546.936088587,608.344361092,222.320756905,35.1565899844,3289.13739994,275.630952557,3564.76835249,0,21,21,275.630952557,-1.45519152284e-11,0
2025-04-28,37934.9456694,33345.8910628,60.5881171441,4528.46648949,0,37934.9456694,0,9864.36420583,10070.9162353,341.451975369,0,20155.8735829,16140.3607757,55027.4021011,33467.0672971,55017.5601306,60978.9320993,995.702798702,995.702798702,995.702798702,5166.02670606,1123.4698842,288.084580364,547.233302425,-268.532834237,220.956133836,-200.00826768,6156.49348091,204.963482671,6361.45696358,0,13,25,204.963482671,7.27595761418e-12,0
2025-04-29,33194.5948013,32272.2530186,3.06537809247,919.276404607,0,33194.5948013,0,10070.9162353,10091.7643426,177.854127171,2031.34578331,19186.6075293,15522.3888021,52187.33355,32278.3837748,52185.4117915,53306.6323543,1202.18534069,1202.18534069,1202.18534069,-1345.32387789,1114.84551998,-1091.31617284,547.158998965,-271.353647811,219.591510767,-186.478865156,1128.45738836,9.15858408266,1137.61597244,0,1,1,9.15858408266,-7.27595761418e-12,0
2025-04-30,32330.2639227,31419.4049045,186.641981579,724.217036591,0,32330.2639227,0,10091.7643426,9862.7805116,261.057359932,0,19830.9586763,16269.1619756,51395.4848832,31792.6888676,51417.4479989,52079.7084939,1141.30953245,1141.30953245,1141.30953245,1298.69696462,1106.22115576,1116.76605513,547.084695506,137.409546963,218.226887699,33.8290539006,1054.0148039,369.791193254,1423.80599715,0,10,28,369.791193254,7.27595761418e-12,0
2025-05-01,35019.2093476,32255.6802493,8.26708208523,2755.26201628,7477.96546685,42497.1748145,1211.62840427,9862.7805116,8861.71412391,1.13686837722e-13,2257.44597094,18936.9224702,16239.8669497,51980.5220138,32272.2144134,51965.0252256,54754.2518871,1303.74496313,1303.74496313,1303.74496313,4338.33840049,1119.83169379,2716.10509439,547.010392047,3040.08230234,216.86226463,2429.88453348,2798.21064322,24.4807699518,2822.69141317,8,0,2,24.4807699518,0,-3.63797880709e-12
2025-05-02,15669.7760063,14609.7352159,0,1060.04079042,6401.41755167,22071.193558,1078.52079521,8861.71412391,9246.35671053,149.632553397,12844.8345804,19663.5017823,15581.2581157,28843.3736622,14609.7352159,28676.6446119,30288.5100885,1323.93695717,1323.93695717,1323.93695717,8032.62762442,1132.09424843,3295.30605777,547.307605884,2751.67020733,222.320756905,1895.91862158,1445.13642627,0,1445.13642627,9,0,0,0,0,-1.81898940355e-12
2025-05-03,15057.3117367,14676.8491412,57.4719881164,322.990607366,3478.84555743,18536.1572941,694.432187861,9246.35671053,8750.93486971,2.94888692848,18165.0374492,18454.9196848,15394.3646014,29020.5518838,14791.7931175,29033.9238677,29401.2808816,1440.04126787,1440.04126787,1440.04126787,1387.00037068,1132.79455344,953.864647622,596.137010051,1507.8098131,245.658238132,1912.43428735,505.032110132,124.303112369,629.3352225,8,9,20,124.303112369,0,-4.54747350886e-12
2025-05-04,36052.3753256,34139.4173681,1357.00219839,555.955759172,2411.03360683,38463.4089325,470.633901138,8750.93486971,9117.66315557,272.233704451,1172.27338289,18450.5926106,14614.9245573,60214.6043884,36853.4217649,60382.2847016,56544.2085728,1436.2405556,1436.2405556,1436.2405556,-3625.04724923,1132.61947719,553.275260506,629.311976213,1828.94793068,253.706332386,1364.01713096,868.678498662,4539.07431422,5407.75281288,8,9,41,4539.07431422,0,2.27373675443e-12
2025-05-05,37213.5433545,35427.3359485,996.215573497,789.991832512,3434.39582606,40647.9391805,540.754731354,9117.66315557,9464.86279456,675.388131903,20.257024421,20152.9275993,16011.3916804,60526.2315407,37419.7670955,60545.2740252,59372.4331439,1419.82716063,1419.82716063,1419.82716063,-978.361057674,1132.44440094,717.456237355,648.901274648,1797.62972617,257.934763748,1115.22506882,1233.81063857,2387.6090353,3621.41967387,7,9,39,2387.6090353,-7.27595761418e-12,1.81898940355e-12
2025-05-06,36264.0375394,33993.2432425,324.618897986,1946.17539884,586.207761235,36850.2453006,130.199814493,9464.86279456,8790.62477708,492.496943639,1198.87014009,19468.55646,16376.3449483,55581.9986241,34642.4810385,55567.0759636,57523.4611476,1403.41376565,1403.41376565,1403.41376565,1293.76983132,1132.26932468,-733.979832646,676.574176032,1047.32053464,264.604099338,1339.85484438,2570.13002916,628.667505719,3198.79753488,4,9,29,628.667505719,1.45519152284e-11,5.68434188608e-13
2025-05-07,37345.2145438,35609.7418883,51.7784773279,1683.69417819,2137.60035067,39482.8148945,354.926846926,8790.62477708,9091.49315627,626.619678242,654.420078073,20361.030509,16221.653171,57729.2394849,35713.298843,57752.5011955,60133.3361974,1387.00037068,1387.00037068,1387.00037068,2236.81749106,1132.09424843,779.434499062,753.600451444,969.334442976,274.765749317,1233.38571692,2518.59334701,114.496634577,2633.08998159,7,9,18,114.496634577,1.45519152284e-11,1.04591890704e-11
2025-05-08,38799.9393088,37380.7929972,780.219428182,638.926883366,243.228932625,39043.1682414,35.99925,9091.49315627,10083.4778538,812.63595018,1.29602995003e-11,19510.5568849,14910.764849,62552.3106359,38941.2318536,62554.5116285,61202.9411361,1452.65395057,1452.65395057,1452.65395057,-2209.29122845,1129.02860977,504.135296724,762.994446671,-378.817979592,313.03039405,-213.303896418,986.906964132,2336.27646394,3323.18342807,1,13,42,2336.27646394,7.27595761418e-12,2.41584530158e-12
2025-05-09,17089.4419514,16952.2875827,137.154368652,4.18242080968e-11,0,17089.4419514,0,10083.4778538,10190.7527564,724.721873517,18516.8190073,18232.295724,14671.6121242,31577.1011776,17226.59632,31398.9411484,31301.6103307,1436.2405556,1436.2405556,1436.2405556,-5277.86825688,1125.96297111,-1300.30228746,760.645947865,-761.856490046,303.464232866,-485.395024699,3.53566065314e-11,275.490846905,275.490846905,0,0,16,275.490846905,0,0
2025-05-10,16796.2400991,16622.8276539,118.982747256,54.4296979155,0,16796.2400991,0,10190.7527564,9871.02714032,635.942520154,15004.9637475,17799.6974402,14705.507981,31011.8764119,16860.7931485,31003.4042623,30856.1410102,1419.82716063,1419.82716063,1419.82716063,-430.209434712,1122.89733245,-758.260390904,758.297449058,-100.583461795,293.898071683,132.250545866,85.3330122386,241.06841386,326.401426098,0,0,14,241.06841386,-3.63797880709e-12,0
2025-05-11,37090.6615554,35961.4842087,378.393565337,750.783781369,185.806975833,37276.4685313,27.5616666667,9871.02714032,9559.61963118,150.1598537,0,18001.1849975,14861.2266062,59029.2565183,36669.2486916,59194.4493807,58746.6356617,1403.41376565,1403.41376565,1403.41376565,-48.2089080162,1119.83169379,-782.920258158,755.948950251,571.425201386,284.3319105,337.477406679,996.065105005,1278.68596162,2274.75106663,1,3,13,1166.03716884,7.27595761418e-12,3.09796632791e-12
2025-05-12,36968.772156,34740.8891431,79.6619421393,2148.22107073,0,36968.772156,0,9559.61963118,10003.1687757,588.770466429,2010.08213123,17274.392325,13593.0635532,55653.1528357,34863.6608361,55670.021896,58211.3766028,1387.00037068,1387.00037068,1387.00037068,-45.364856831,1116.76605513,-2516.51968048,753.600451444,-128.368651438,322.596555233,-114.840330251,2776.64532415,218.421556995,2995.06688114,0,10,10,168.404874827,0,0
2025-05-13,36617.625459,34566.2018829,902.797779422,1148.62579667,0,36617.625459,0,10003.1687757,9974.72794238,803.987258338,90.5634953579,18108.1087271,14693.1648189,58944.9945578,36371.7974418,58915.5753782,57438.7074285,1374.38768798,1374.38768798,1374.38768798,-2302.523862,1111.20732956,1047.84814127,734.343882591,-930.76242447,313.03039405,-179.556616654,1796.02662144,3302.31375072,5098.34037216,0,11,18,3302.31375072,7.27595761418e-12,0
2025-05-14,37070.7600244,34358.8979105,606.279068126,2105.58304584,0,37070.7600244,0,9974.72794238,9774.87262181,811.613161791,1003.21606271,18327.2674962,15024.9564604,56584.3015304,35537.5789493,56588.2736171,58131.2890436,1361.77500528,1361.77500528,1361.77500528,-203.179227099,1105.648604,-2777.39431894,715.087313738,987.24611088,303.464232866,204.862296165,3160.2007505,1613.2132373,4773.4139878,0,10,37,1530.84733058,-7.27595761418e-12,0
2025-05-15,38463.3209791,35946.0815946,337.677078826,2179.56230569,0,38463.3209791,0,9774.87262181,10800,936.973830682,931.586150655,19411.4835539,14800.6870383,57004.9032418,36566.1672829,57014.7682117,59244.4147803,1349.16232257,1349.16232257,1349.16232257,-581.650577614,1100.08987844,-3233.90802788,758.297449058,-967.053054114,293.898071683,-1145.63104198,2907.61189415,668.100355646,3575.7122498,0,11,29,591.519408749,7.27595761418e-12,0
2025-05-16,16349.3579338,16041.9476765,224.645381641,82.7648756693,0,16349.3579338,0,10800,10066.1980286,1403.60569048,22968.8862961,17500.693612,14835.9836,30058.7132874,16491.2384398,29891.6009012,29752.7085319,1336.54963987,1336.54963987,1336.54963987,-3503.18609965,1094.53115288,-1446.04272734,755.948950251,-844.003659644,284.3319105,-18.3844141106,129.710754247,435.715509686,565.426263933,0,10,23,435.715509686,0,0
2025-05-17,16639.9313536,16453.6966121,55.2748714751,130.959870015,0,16639.9313536,0,10066.1980286,10174.3606955,201.367980468,15947.9647093,18836.4027995,15160.1398674,30197.8815637,16560.4016035,30181.060682,30274.3947052,1323.93695717,1323.93695717,1323.93695717,949.876485249,1088.97242731,-655.512287819,753.600451444,-545.273552236,274.765749317,-275.403962634,204.570827701,128.057686258,332.628513959,0,10,20,118.87977039,-3.63797880709e-12,0
2025-05-18,37010.1008652,35699.0688894,359.247072618,951.784903231,35.3186983333,37045.4195636,5.23666666667,10174.3606955,10511.1520625,886.379069217,124.544746491,18678.1863344,14826.2187006,58274.8283324,36401.5202023,58458.383906,58533.8228829,1318.88895866,1318.88895866,1318.88895866,-1436.8382563,1084.9207274,-2578.60110794,734.343882591,-1540.01768091,272.225336822,-730.277448624,1331.02778225,1072.03323181,2403.06101406,1,2,10,1037.55427144,7.27595761418e-12,2.79953837889e-12
2025-05-19,34613.4373625,34116.2842439,264.060801852,233.09231676,451.903981667,35065.3413442,67.0033333333,10511.1520625,9965.59045342,1042.96714808,3792.37124729,17014.6190688,14272.8468939,55346.1956358,34644.4058476,55355.5616525,55025.3237869,1313.84096015,1313.84096015,1313.84096015,-4676.92397153,1080.86902748,-3051.12094102,715.087313738,-1234.82044685,269.684924327,-172.766722408,364.040487483,684.912336355,1048.95282384,1,10,20,684.912336355,-1.45519152284e-11,2.55795384874e-12
2025-05-20,36811.5435768,34107.2474307,5.28851782164,2699.00762831,0,36811.5435768,0,9965.59045342,9821.96067894,110.579144836,0,18658.3792441,15242.5539848,54143.8851248,34117.8244663,54109.6189588,58053.7992209,1308.79296164,1308.79296164,1308.79296164,3815.5429081,1076.81732756,1476.41309574,695.830744885,483.836944436,267.144511833,97.8059488109,3934.12712517,24.2130290977,3958.34015427,0,10,11,24.2130290977,7.27595761418e-12,0
2025-05-21,37140.6040869,33890.4486167,3.72464418947,3246.43082604,0,37140.6040869,0,9821.96067894,9944.36603524,446.937992328,1816.19646195,19078.4749357,15343.3998773,53246.4359267,33897.8979051,53245.8896568,57360.8247961,1336.54963987,1336.54963987,1336.54963987,1784.39054275,1094.53115288,-1859.76912062,676.574176032,75.8371163305,264.604099338,-66.349881142,4129.18519485,14.7963254428,4143.98152029,0,10,12,14.7963254428,-7.27595761418e-12,0
2025-05-22,34852.3587369,34282.4135664,2.71226319685,567.232907298,17.333365,34869.6921019,2.57,9944.36603524,10312.4969277,113.542945148,0,19191.936483,15214.150748,54011.7925548,34287.8380928,54026.6856255,54905.3894968,1387.00037068,1387.00037068,1387.00037068,631.01440782,1088.97242731,344.526772948,657.317607179,-271.715880674,262.063686843,-440.812153613,902.257667761,8.66072571804,910.918393479,1,9,11,8.66072571804,1.45519152284e-11,-1.74438241629e-12
2025-05-23,15781.4143836,14948.8829396,299.263786161,533.267657792,0,15781.4143836,0,10312.4969277,10283.4423022,686.046781239,18486.1831957,19597.5654472,15900.1771752,28937.485895,15547.4105119,28778.3544096,29290.5671323,1374.38768798,1374.38768798,1374.38768798,-188.044913845,1084.9207274,-1314.3235726,654.512163002,-2695.46451946,260.687379145,-441.263094154,833.085501976,480.004264702,1313.08976668,0,0,2,480.004264702,1.81898940355e-12,0
2025-05-24,15930.1412218,15719.553196,145.052200767,65.5358250936,0,15930.1412218,0,10283.4423022,10306.5394125,726.486077365,21235.0387092,18518.2705118,14979.0117154,29426.8052038,16009.6575975,29424.9682558,29255.2849663,1361.77500528,1361.77500528,1361.77500528,-1328.22281541,1080.86902748,-1713.20537116,651.706718825,-2168.62505007,259.311071447,-417.93513715,102.691726481,274.211963946,376.903690427,0,0,13,274.211963946,0,0
2025-05-25,34330.5611724,33742.831387,45.7702999558,541.959485417,0,34330.5611724,0,10306.5394125,10118.4045447,593.453809922,2168.03396384,17892.8297692,14662.513494,53824.1728809,33834.3719869,53991.9911406,54536.8142323,1349.16232257,1349.16232257,1349.16232257,-2192.66791535,1076.81732756,-2005.65091064,648.901274648,574.5001568,257.934763748,-315.790504033,846.684799045,134.043447713,980.728246758,0,10,16,134.043447713,-7.27595761418e-12,0
2025-05-26,38416.1700355,33367.6051554,20.2342036506,5028.33067638,0,38416.1700355,0,10118.4045447,9968.3507818,541.394544568,0,19319.9872664,15784.2380724,52667.5602267,33408.0735627,52670.6506869,58656.9766885,1336.54963987,1336.54963987,1336.54963987,6099.65323328,1072.76562765,2266.33735371,646.095830471,-212.79223792,256.55845605,-92.7719817225,6031.74058737,42.3241255394,6074.06471291,0,10,18,42.3241255394,-7.27595761418e-12,0
2025-05-27,36406.8969242,33002.3088381,251.326058022,3153.26202808,0,36406.8969242,0,9968.3507818,9979.52167022,1749.10898081,1081.84082192,19789.3870026,16019.3496725,52405.3819818,33444.891514,52389.9472131,55991.3544328,1387.00037068,1387.00037068,1387.00037068,922.955000257,1088.97242731,-3316.69029018,643.290386294,-1232.22011784,255.182148351,-167.409985128,4071.20379171,485.231340736,4556.43513245,0,1,2,405.500201711,7.27595761418e-12,0
2025-05-28,35924.6680582,34296.3664851,137.556538061,1490.7450351,0,35924.6680582,0,9979.52167022,10298.9586929,347.227455414,383.84979456,18676.7318519,14840.6594797,55295.4602075,34547.3630015,55290.372686,56840.9737222,1374.38768798,1374.38768798,1374.38768798,328.923807512,1084.9207274,-1322.39962979,636.301181254,-887.803446143,254.444240369,-428.216623298,2118.21951083,572.705996041,2690.92550687,0,3,4,538.701840589,-7.27595761418e-12,0
2025-05-29,38491.8731948,33419.658943,314.559178214,4757.65507365,0,38491.8731948,0,10298.9586929,9807.42871438,1109.95278369,1472.10542497,19397.6243697,16154.4527201,54344.2570864,33966.5148913,54346.946645,59935.3533582,1361.77500528,1361.77500528,1361.77500528,3002.5167853,1080.86902748,-2333.3491478,629.311976213,808.925262758,253.706332386,-43.043357071,6515.65197592,924.555704063,7440.20767999,0,2,4,774.508663521,-1.45519152284e-11,0
2025-05-30,16096.560483,15734.9667669,3.0804553903,358.513260702,0,16096.560483,0,9807.42871438,10314.8651538,312.715255489,18785.8566694,19209.4082216,15102.927864,29255.6366608,15741.1276777,29090.4743717,29801.2855491,1419.82716063,1419.82716063,1419.82716063,-1788.3328903,1076.81732756,-529.219046799,648.901274648,414.900928635,252.968424404,-377.349331733,560.38463706,14.7357487095,575.12038577,0,9,9,14.7357487095,-1.81898940355e-12,0
2025-05-31,16132.9647828,15884.5854929,170.613091001,77.7661988771,0,16132.9647828,0,10314.8651538,10185.3824094,983.14158182,16799.2941642,18629.101253,15206.1064849,29828.2146702,16225.8116749,29849.1310524,29594.6120642,1403.41376565,1403.41376565,1403.41376565,-1029.91594183,1072.76562765,-1436.19276562,646.095830471,-1389.73284257,252.230516421,-416.573323541,122.158071377,355.760677428,477.918748805,0,0,13,355.760677428,-1.81898940355e-12,0
2025-06-01,51263.0840243,37015.5264599,439.398464113,13808.1591003,9396.34252872,60659.426553,1504.72998936,10185.3824094,8788.39448212,464.974736023,0,18907.5393901,16572.3960405,61379.9646989,37859.4779999,61541.8430539,72520.2143962,1387.00037068,1387.00037068,1387.00037068,12742.9777073,1068.71392773,4489.41639816,643.290386294,5760.34212718,251.492608438,2903.27647188,12079.2232431,938.973545802,13018.1967889,14,4,4,893.101731944,-7.27595761418e-12,-1.81898940355e-12
2025-06-02,49163.8977041,41037.5235596,640.087506176,7486.28663833,6431.18737447,55595.0850786,1033.58068439,8788.39448212,8865.3484225,258.255187871,0,20380.5157212,16438.9591879,68750.4079595,42317.6985719,68737.3990177,71807.0384869,1452.65395057,1452.65395057,1452.65395057,4766.31318743,1084.9207274,4374.82501712,654.512163002,4918.74326024,254.444240369,2346.04660692,5579.04976717,2522.4192398,8101.46900697,14,1,12,2522.4192398,7.27595761418e-12,-2.72848410532e-12
2025-06-03,49919.2594469,44019.1863096,1552.41813719,4347.65500015,2087.40143009,52006.660877,361.042245302,8865.3484225,9319.08246968,813.136149372,1173.2486019,20308.5775254,16041.5871531,74504.8755493,47028.6566817,74573.8115998,74084.6997116,1514.2035138,1514.2035138,1514.2035138,-1309.438932,1105.648604,-4004.24723875,715.087313738,2467.54680145,259.311071447,1091.5314577,4415.47088017,4835.64671789,9251.11759806,10,23,32,4669.56337123,0,2.72848410532e-12
2025-06-04,49363.6708936,45102.9663206,2469.39222086,1791.3123521,1007.54124071,50371.2121343,147.873612856,9319.08246968,9229.64419753,283.180337966,1.13466666667,19075.3083642,15531.49422,79075.7848199,50019.5326986,79060.8612322,73325.5163527,1499.15812439,1499.15812439,1499.15812439,-4751.6662881,1100.08987844,1065.9224186,758.297449058,670.210366178,267.144511833,966.395235747,1984.06095396,7734.32942112,9718.39037508,4,17,59,7681.20808807,-2.91038304567e-11,4.32009983342e-12
2025-06-05,49121.5336659,45851.7326387,900.138184818,2369.66284243,1657.20193721,50778.7356031,244.683075171,9229.64419753,9140.34446638,329.978286895,65.0771343557,20278.9665832,16506.3326905,75415.5203273,47649.4595524,75433.6923813,75072.3242555,1484.11273497,1484.11273497,1484.11273497,267.276468821,1094.53115288,-918.357183986,755.948950251,2052.70904937,284.3319105,1195.38660327,2728.23922779,3071.43529955,5799.67452734,5,17,26,3065.33741832,1.45519152284e-11,1.36424205266e-12
2025-06-06,22664.5744432,19882.58764,288.177337675,2493.80946558,4947.41426617,27611.9887094,788.645212001,9140.34446638,9121.23281449,166.049149066,4036.3428935,18875.40054,15306.2749241,36176.5626326,20455.0161701,35979.8327306,37837.8678465,1469.06734555,1469.06734555,1469.06734555,4551.58799862,1088.97242731,4875.61604328,765.342945478,4497.40162563,322.596555233,1719.15912848,2197.29246622,535.987252392,2733.27971861,6,13,15,526.59306496,-3.63797880709e-12,-2.72848410532e-12
2025-06-07,21543.3190526,20359.8004158,250.028588667,933.490048117,2805.59478586,24348.9138384,411.136293721,9121.23281449,9243.85703011,42.0377434102,3351.59688606,18166.2440208,14604.2958628,36863.5962524,20859.8575931,36894.3745984,37670.9596604,1529.24890322,1529.24890322,1529.24890322,-187.835286816,1111.20732956,3073.52021458,800.208799302,2732.63009493,334.50123639,1175.97728144,1407.19085853,599.827450552,2007.01830908,3,14,29,599.827450552,3.63797880709e-12,3.63797880709e-12
2025-06-08,51047.0921435,46403.3460279,4161.62786287,482.118252716,0,51047.0921435,0,9243.85703011,10800,3263.41295119,2.27373675443e-12,19281.0783378,14217.1447807,84933.4421679,54726.6017536,85194.6502096,73512.2697749,1514.2035138,1514.2035138,1514.2035138,-14912.9597434,1125.96297111,-5040.22898567,838.797685369,-804.276635186,342.779557591,-1157.28441965,515.327971223,11936.5003641,12451.8283354,0,18,70,11936.5003641,0,0
2025-06-09,51285.2504097,48789.5345444,2002.12165459,493.594210768,221.249454458,51506.4998642,32.8142726929,10800,10650.9256509,2362.53117142,229.710315631,20184.9037985,16483.9389909,81810.5954438,52793.7778535,81757.9430479,77193.1047552,1499.15812439,1499.15812439,1499.15812439,-6979.09211489,1122.89733245,-1435.02185352,828.840211165,-1050.22633457,341.012173954,-921.861709107,731.577632097,5349.06832063,6080.64595272,2,17,65,5349.06832063,0,3.18323145621e-12
2025-06-10,50176.0168545,47756.6077229,729.5661269,1689.84300461,30.9506798421,50206.9675343,4.59140777958,10650.9256509,10491.3811473,1598.56802807,130.080933333,20112.1712185,16434.4487403,76769.0868287,49215.7399767,76781.6496684,77020.2242652,1484.11273497,1484.11273497,1484.11273497,-1478.08169046,1119.83169379,852.692498788,818.882736962,-1026.32656409,339.244790316,-529.736673378,2050.88667394,1799.74923749,3850.63591143,1,19,54,1799.74923749,7.27595761418e-12,-4.16378043155e-12
2025-06-11,53533.5231022,50004.0819171,172.767328626,3356.67385655,67.9404211932,53601.4635234,10.0755864067,10491.3811473,10352.7836739,1522.10992272,0,22181.4365532,18091.7013341,78338.6029962,50349.6165743,78309.4825085,81686.2158721,1469.06734555,1469.06734555,1469.06734555,1572.08149885,1116.76605513,1906.15244578,808.925262758,299.978039996,337.477406679,-420.357681307,3732.95764667,385.344770767,4118.30241743,2,20,22,385.344770767,1.45519152284e-11,-9.57811607805e-12
2025-06-12,50848.7330514,48852.0816126,744.776389712,1251.87504908,0,50848.7330514,0,10352.7836739,10443.1191184,1460.17410759,0,20481.5803622,16508.7781934,78139.6627816,50341.6343921,78156.0911904,77885.3677097,1529.24890322,1529.24890322,1529.24890322,-1938.86962493,1129.02860977,-26.9750044848,800.208799302,447.641320469,334.50123639,-546.271744014,1557.66789144,1811.96296327,3369.63085471,0,26,40,1811.96296327,0,0
2025-06-13,21704.2112208,20716.6935058,387.433878635,600.083836387,0,21704.2112208,0,10443.1191184,9413.20034149,960.221529228,5102.81318948,18242.7800875,15703.5787701,36873.9858427,21491.561263,36663.2073639,36947.5497362,1514.2035138,1514.2035138,1514.2035138,-48.7946230768,1125.96297111,637.484699965,791.492335846,685.506690408,331.5250661,472.979745996,937.827148153,864.263254699,1802.09040285,0,9,30,864.263254699,-3.63797880709e-12,0
2025-06-14,21562.0056944,20585.8131099,371.67364076,604.518943734,0,21562.0056944,0,9413.20034149,9279.45596607,16.8660302622,7244.57997695,18484.1667311,15092.5449901,36704.3409916,21329.1603914,36716.6838593,36846.4104983,1499.15812439,1499.15812439,1499.15812439,-1907.7840586,1122.89733245,285.901341223,782.77587239,2202.69738604,341.012173954,736.32087782,944.86947824,802.799971619,1747.66944986,0,9,29,802.799971619,-3.63797880709e-12,0
2025-06-15,50376.0329077,48382.0032869,145.819741489,1848.20987937,0,50376.0329077,0,9279.45596607,10800,2292.10578938,0,22084.340436,16519.8261227,76419.9465825,48673.6427699,76668.1572549,78483.5944361,1484.11273497,1484.11273497,1484.11273497,-1143.26470175,1119.83169379,390.953219108,818.882736962,-1454.07232912,346.771926518,-1435.39397816,2428.05738857,364.40953495,2792.46692352,0,10,16,364.40953495,1.45519152284e-11,0
2025-06-16,51299.0355831,48664.06057,21.1999902591,2613.77502288,11.2703660592,51310.3059492,1.6680775637,10800,10800,2251.1920015,0,20745.7732036,16804.0762949,76205.6337517,48706.4605505,76173.7467122,78885.2736493,1469.06734555,1469.06734555,1469.06734555,323.02178186,1116.76605513,-17.4368529017,808.925262758,-547.464542131,346.314324866,-1301.79312401,2772.06284613,92.4229485766,2864.4857947,1,9,11,92.4229485766,2.18278728426e-11,2.82263101781e-12
2025-06-17,51835.0424844,46859.4770198,0,4975.5654646,984.674450558,52819.7169349,144.845214115,10800,10034.8515936,1279.33349948,0,21871.2721356,18404.3639956,73729.989046,46859.4770198,73720.0194184,79238.407642,1452.65395057,1452.65395057,1452.65395057,4694.97559674,1111.20732956,889.18978413,800.208799302,-78.5601128545,344.546941228,109.649722032,5508.41859599,0,5508.41859599,5,0,0,0,-1.45519152284e-11,1.70530256582e-12
2025-06-18,49784.7937617,46792.5591689,758.281214049,2233.95337879,482.771546204,50267.5653079,71.5859840582,10034.8515936,10312.3574112,1541.89901005,0,20800.0966085,16598.323017,75945.2536902,48228.5809062,75927.4974758,76600.4775175,1514.2035138,1514.2035138,1514.2035138,-1123.93958772,1105.648604,-3104.926234,791.492335846,-763.470952905,342.779557591,-303.510646552,2652.91677338,1997.69294609,4650.60971947,3,3,17,1839.47224256,-7.27595761418e-12,-1.70530256582e-12
2025-06-19,48830.322206,44675.1648713,1122.15468495,3033.00264976,550.397625983,49380.719832,81.6389262638,10312.3574112,10124.7041356,1995.52637732,0,21514.4046456,17595.555711,73673.2501957,46919.4742412,73666.1790892,74092.2405857,1499.15812439,1499.15812439,1499.15812439,-1775.35937635,1100.08987844,217.497052586,782.77587239,-2186.38124134,341.012173954,-386.464142817,3274.89570936,2855.90531943,6130.80102879,2,4,18,2855.90531943,-7.27595761418e-12,-2.72848410532e-12
2025-06-20,21545.5345407,20949.5326354,360.03010606,235.971799231,0,21545.5345407,0,10124.7041356,10306.8841388,967.972696245,8983.59515846,18546.6771856,14858.8465174,36345.7883562,21669.5928475,36156.1267608,36039.9793729,1484.11273497,1484.11273497,1484.11273497,-2532.60670601,1094.53115288,-1523.32014499,774.059408934,-1056.49291438,339.244790316,-307.30575665,369.821644989,675.630628279,1045.45227327,0,9,30,675.630628279,-3.63797880709e-12,0
2025-06-21,21389.622116,21031.8679695,170.482146815,187.271999631,0,21389.622116,0,10306.8841388,10556.5951123,1687.74665487,11337.4324878,18972.0426646,15142.6146822,36250.3706603,21372.8322632,36298.206546,36189.347525,1469.06734555,1469.06734555,1469.06734555,-2887.16783361,1088.97242731,-3854.86625114,765.342945478,-3173.36198967,337.477406679,-926.830884908,268.169155108,329.192290382,597.36144549,0,0,12,329.192290382,-3.63797880709e-12,0
2025-06-22,46619.6819364,43140.178283,85.4943187388,3394.00933465,398.316627112,47017.9985635,58.2933145755,10556.5951123,10386.1310716,749.817288815,0,20287.085217,16585.9566624,68362.1433441,43311.1669205,68518.0631822,71849.9936289,1452.65395057,1452.65395057,1452.65395057,2273.7171581,1084.9207274,276.568656583,762.994446671,-864.161901141,334.50123639,-510.164437794,3680.09142584,192.241141102,3872.33256694,5,0,3,192.241141102,-7.27595761418e-12,-1.47792889038e-12
2025-06-23,46282.5292562,44527.0752584,25.4950186955,1729.95897908,223.020055041,46505.5493112,32.7538626209,10386.1310716,9989.15212987,1250.97944134,0,20548.8209422,17001.8260108,69813.6935501,44578.0652958,69797.9002114,71826.5065102,1514.2035138,1514.2035138,1514.2035138,971.709243224,1080.86902748,693.351098596,760.645947865,844.300492928,331.5250661,-51.4787530529,2106.22805793,93.4150979128,2199.64315584,3,9,10,93.4150979128,0,-5.88329385209e-12
2025-06-24,54326.0233198,46581.7835695,16.7150736418,7727.52467663,1065.01523323,55391.038553,230.1880288,9989.15212987,10267.6253187,416.532826492,0,23518.6421741,18799.4742911,73514.807867,46615.2137168,73512.2907742,81174.3049307,1499.15812439,1499.15812439,1499.15812439,6588.53200016,1076.81732756,3293.94609989,782.77587239,-121.81632322,328.548895811,-499.773039953,7737.54125786,78.0441941227,7815.58545198,5,3,3,78.0441941227,-2.18278728426e-11,6.36646291241e-12
2025-06-25,47899.9651756,45532.0297918,162.76989016,2205.16549369,380.860540987,48280.8257166,56.4529273484,10267.6253187,10030.6802407,949.483828327,0,20541.6210473,16851.9636185,72364.4788354,45857.5695721,72354.9390009,75020.1096964,1549.85173388,1549.85173388,1549.85173388,1639.96705179,1094.53115288,-333.807029112,774.059408934,-769.152457347,325.572725522,-95.3325444088,2897.38028943,241.749428427,3139.12971785,3,0,1,241.749428427,2.91038304567e-11,-1.04591890704e-11
2025-06-26,46294.9286254,45057.5053263,189.412687426,1048.0106117,777.112560223,47072.0411857,115.167714218,10030.6802407,10026.8715051,898.531736158,0,19829.159457,16065.0470222,70874.0165883,45436.3307012,70895.8965237,72094.86029,1572.08149885,1572.08149885,1572.08149885,213.696924902,1088.97242731,-1138.88046475,765.342945478,-230.538074751,322.596555233,64.4146350182,1502.71029751,281.866595798,1784.57689331,4,0,4,281.866595798,2.18278728426e-11,6.8212102633e-13
2025-06-27,20402.1649969,19966.7382803,368.093762551,67.3329540134,0,20402.1649969,0,10026.8715051,10126.5674938,394.358136382,10859.289191,18670.8590649,15033.6694527,35351.9056652,20694.5142695,35173.7893516,34662.4828062,1566.52405761,1566.52405761,1566.52405761,-2010.6129431,1084.9207274,-979.651048947,762.994446671,331.477569717,313.03039405,-285.823682172,105.890001989,795.312860972,901.202862961,0,9,27,775.202199713,-1.45519152284e-11,0
2025-06-28,20342.3975242,19756.4392649,241.416553783,344.541705518,0,20342.3975242,0,10126.5674938,10113.82417,536.458834453,9077.53978121,19167.3526112,15537.0246065,34888.5708709,20239.2723724,34914.1773607,35021.2527371,1560.96661637,1560.96661637,1560.96661637,944.045768081,1080.86902748,-1306.30506252,760.645947865,-1073.63494672,303.464232866,-275.477970829,516.229077461,383.547211312,899.776288774,0,0,6,383.547211312,0,0
2025-06-29,47806.6433751,42767.6273183,235.2841985,4803.73185825,379.106548747,48185.7499238,56.1646020995,10113.82417,10017.1819002,375.985551271,0,20567.5687841,16746.708758,68188.6506381,43238.1957153,68355.7453897,73408.4495086,1555.40917513,1555.40917513,1555.40917513,4473.01458315,1076.81732756,1805.6311918,758.297449058,-629.195391719,293.898071683,-280.84902953,5577.50112309,357.702252617,5935.20337571,4,0,3,357.702252617,-2.18278728426e-11,2.21689333557e-12
2025-06-30,47844.1581245,45364.0920074,174.24450211,2305.82161497,399.994764431,48244.1528889,59.1570391088,10017.1819002,10030.0417624,327.864971028,0,20597.1081199,16672.0837012,71689.8103088,45712.5810117,71641.7229403,74071.416334,1585.65860944,1585.65860944,1585.65860944,1872.0220793,1094.53115288,1511.00385412,755.948950251,-284.625427555,284.3319105,-35.415012852,2759.24592,377.639894747,3136.88581475,4,9,13,377.639894747,-7.27595761418e-12,1.36424205266e-12
2025-07-01,61468.2063457,41780.3744574,967.22019116,18720.6116972,4883.00765323,66351.213999,788.216426169,10030.0417624,9035.41725552,3.01980662698e-13,1.5916157281e-12,19146.9948393,16404.227876,68289.9019774,43523.4399381,68293.5615149,80821.0945705,1639.96705179,1639.96705179,1639.96705179,13877.8971714,1116.76605513,1406.3776804,753.600451444,4489.27786216,274.765749317,2011.30337387,15476.3088633,2945.11627026,18421.4251336,11,6,6,2577.64538074,0,7.27595761418e-12
2025-07-02,54651.6791029,43165.1651029,1247.29001546,10239.2239845,2941.73146201,57593.4105649,453.789447887,9035.41725552,9261.07929373,263.022237033,0,20518.0185913,16416.4992246,70677.5057349,45369.879425,70722.0338144,76815.5185225,1747.40864162,1747.40864162,1747.40864162,6653.63478018,1129.02860977,-1748.34527718,762.994446671,2290.52612341,313.03039405,1410.25370725,9795.02128317,3657.00849551,13452.0297787,11,6,7,3137.6468999,0,5.45696821064e-12
2025-07-03,59349.9517128,50194.7682848,1267.71163081,7887.47179728,488.932073178,59838.883786,71.5135818757,9261.07929373,9823.70072592,505.847476712,413.943141994,20338.654805,15967.9511031,80754.9410658,52546.4064035,80851.5946225,84979.3996721,1780.34194128,1780.34194128,1780.34194128,3413.21589983,1125.96297111,-3582.27344479,791.492335846,698.839770158,331.5250661,342.90679118,8296.54927011,4072.09066382,12368.6399339,3,6,7,3664.79620591,1.45519152284e-11,1.02318153949e-12
2025-07-04,27335.6792728,24464.0513372,350.23202672,2521.39590891,0,27335.6792728,0,9823.70072592,9391.97921076,390.109301529,11025.5952682,19049.406179,15818.5683686,41577.742253,25099.3058591,41405.6726384,43527.4098467,1819.44315737,1819.44315737,1819.44315737,3219.16762217,1122.89733245,-3565.72326607,782.77587239,583.249336101,339.649160479,693.847411509,2549.68646806,600.018874345,3149.70534241,0,1,2,523.472881247,0,0
2025-07-05,26925.1091872,26074.895113,125.839043947,724.375030221,0,26925.1091872,0,9391.97921076,9698.77449059,146.779497207,11819.6084845,18890.8187165,15025.4474085,43675.5881269,26326.5732009,43632.7911127,44621.8392564,1872.74650544,1872.74650544,1872.74650544,1606.67078722,1119.83169379,-526.322105349,774.059408934,2365.21278437,343.588297917,253.531747897,1135.02557037,188.774440911,1323.80001128,0,0,9,188.774440911,-3.63797880709e-12,0
2025-07-06,58677.831871,52916.2976863,435.053332281,5326.48085249,164.750180804,58842.5820518,24.4255271763,9698.77449059,10635.0493395,1290.85646486,76.6099,20979.8565462,16151.0364384,81671.5242081,53651.0886547,81942.862174,85965.8424955,1872.0220793,1872.0220793,1872.0220793,2147.20211071,1116.76605513,-2121.57248574,808.925262758,-1169.14410742,342.90679118,-757.55065736,6159.29569207,1864.97740464,8024.27309671,1,11,15,1562.51207129,2.18278728426e-11,-9.09494701773e-13
2025-07-07,54289.8633028,52338.2654462,1741.32838833,210.269468222,0,54289.8633028,0,10635.0493395,10800,3108.73987255,280.928541803,17516.4101954,14039.8366638,84774.7824888,55815.8585089,84707.8396022,80275.7247126,1874.91978383,1874.91978383,1874.91978383,-7670.95688364,1111.20732956,-5068.40294383,800.208799302,-3493.86905825,341.820914279,-1278.66707746,299.824903188,4798.88267938,5098.70758257,0,9,54,4786.7719706,7.27595761418e-12,0
2025-07-08,60201.4766169,54653.5015934,3667.3258066,1880.64921688,0,60201.4766169,0,10800,10800,6318.75067382,379.730170019,18988.1453768,15380.3977552,93552.597101,61988.1532066,93652.0929203,85877.6154821,1874.1953577,1874.1953577,1874.1953577,-14211.8286411,1105.648604,-2316.42455331,791.492335846,-3357.57624617,340.735037379,-2549.43403207,1927.86991287,9602.8515318,11530.7214447,0,27,67,9602.8515318,0,0
2025-07-09,56476.6962568,52839.4722554,2701.7439822,935.480019184,0,56476.6962568,0,10800,10800,4932.77421966,161.482306409,18437.2678031,14934.1869205,88396.23288,58242.9602198,88361.1969222,82656.0624253,1873.47093157,1873.47093157,1873.47093157,-10637.4560579,1100.08987844,-3475.12279282,782.77587239,-2215.67267861,339.649160479,-2395.81577729,1217.07997639,6957.25043102,8174.33040741,0,17,60,6957.25043102,-1.45519152284e-11,0
2025-07-10,53570.7208822,51199.6165046,1048.07276229,1323.03161535,0,53570.7208822,0,10800,10800,3111.83170734,0,18914.3332212,15320.6099091,80637.5622488,53295.7620292,80629.3032586,79559.1784027,1872.74650544,1872.74650544,1872.74650544,-4218.84927605,1094.53115288,52.370639484,774.059408934,-357.777747718,338.563283579,-1696.19077941,1829.64590047,2908.02974662,4737.67564709,0,18,46,2908.02974662,-7.27595761418e-12,0
2025-07-11,27830.3848355,27355.2618501,475.122985447,1.40275460581e-11,0,27830.3848355,0,10800,10159.985234,1497.54226292,8100.32503075,17083.4559027,14413.6125706,45777.0548263,28305.507821,45568.2894547,44786.4877758,1872.0220793,1872.0220793,1872.0220793,-362.397739157,1088.97242731,-1010.75298469,765.342945478,-1149.55650921,337.477406679,-196.892419595,1.76214598469e-11,990.567050516,990.567050516,0,0,32,990.567050516,7.27595761418e-12,0
2025-07-12,26937.97128,25814.7426473,419.052200766,704.176431917,0,26937.97128,0,10159.985234,9782.88140802,164.588964382,9726.33673901,18779.9617886,15551.1624921,43726.3517515,26652.8470488,43679.4213607,44203.9683332,1854.49577199,1854.49577199,1854.49577199,3440.87679991,1084.9207274,-1107.93350219,762.994446671,-1557.26821539,334.50123639,266.942535969,1102.7913686,625.174786885,1727.96615548,0,0,3,625.174786885,0,0
2025-07-13,51491.3623159,46686.8582915,2105.70549873,2698.79852567,493.999900634,51985.3622166,72.9605748461,9782.88140802,10247.4831711,682.814198964,6.59383658785e-12,20024.7973464,15801.9442637,77495.033049,50898.269289,77698.882932,74100.4271067,1874.1953577,1874.1953577,1874.1953577,-4520.02866924,1080.86902748,670.323951604,760.645947865,1611.65721585,331.5250661,-318.799191179,2632.10399374,6026.70993601,8658.81392975,4,26,56,6026.70993601,7.27595761418e-12,3.18323145621e-12
2025-07-14,50620.5141116,46709.471914,102.302924904,3808.73927272,519.351038973,51139.8651506,76.9763905217,10247.4831711,10085.0148383,508.152623174,0,18998.8270426,15535.2714041,72375.174641,46914.0777638,72338.9895182,75702.4110878,1873.47093157,1873.47093157,1873.47093157,2719.373371,1076.81732756,2798.85305813,782.77587239,1058.90424064,328.548895811,-211.483608957,3785.03736721,457.800920398,4242.83828761,3,4,6,457.800920398,0,2.27373675443e-13
2025-07-15,54557.0040241,48685.8661875,1800.40729447,4070.73054208,0,54557.0040241,0,10085.0148383,10800,1938.55378381,5.22959453519e-12,17966.2908302,13909.2089269,80249.0461761,52286.6807765,80311.7798625,78744.6862704,1885.53460968,1885.53460968,1885.53460968,-4163.06511596,1094.53115288,2713.18610367,816.000308792,42.0310367223,325.572725522,-1377.00454,4223.66686796,5728.02677364,9951.69364161,0,30,56,5728.02677364,-7.27595761418e-12,0
2025-07-16,52814.734313,48209.8313845,1425.26659146,3179.63633711,108.970278445,52923.7045915,16.128214082,10800,10747.6895842,2046.95252689,1.15960574476e-11,18547.3130906,15070.4029776,77700.0136251,51060.3645674,77671.5316959,77642.2978091,1875.64420997,1875.64420997,1875.64420997,-2175.48304066,1116.76605513,2750.75139928,808.925262758,-544.799475264,322.596555233,-961.85366277,4029.39881293,4087.11462893,8116.51344187,1,28,55,4087.11462893,7.27595761418e-12,-5.40012479178e-13
2025-07-17,51147.7778202,48957.3010756,18.9372497671,2171.53949478,311.010192346,51458.7880125,45.8468329947,10747.6895842,10201.9685633,1653.14711629,0,19716.6230196,16461.6135647,74764.5176891,48982.335946,74756.9893308,77582.7258049,1874.91978383,1874.91978383,1874.91978383,1268.898375,1129.02860977,503.94003774,800.208799302,-171.069758565,313.03039405,-243.266520566,2909.96099401,91.7528781867,3001.7138722,3,10,10,60.5356909016,0,-8.58335624798e-12
2025-07-18,27084.3582404,26647.1812745,406.182933771,30.9940321808,0,27084.3582404,0,10201.9685633,10254.7184699,413.127622808,8617.59104644,17397.882541,14044.8099422,44535.5009649,27456.6678615,44359.9275287,43658.039368,1874.1953577,1874.1953577,1874.1953577,-322.564241186,1125.96297111,-1036.12263924,791.492335846,569.274669724,303.464232866,-212.705761026,48.7473357367,926.208932585,974.956268321,0,9,33,919.324609156,3.63797880709e-12,0
2025-07-19,27085.9187749,26052.9606432,633.206495219,399.75163647,0,27085.9187749,0,10254.7184699,9775.50312557,570.12632556,12842.9470186,17997.4478388,15009.2265594,44199.3809181,27316.3776967,44217.5420725,43584.1136736,1873.47093157,1873.47093157,1873.47093157,-4091.01812758,1122.89733245,3097.5854378,782.77587239,-850.089063645,293.898071683,94.5000379268,627.245490359,1242.51273486,1869.75822522,0,9,30,1235.34784076,-3.63797880709e-12,0
2025-07-20,50695.5312342,49062.4472242,432.663314824,1200.42069517,154.870178951,50850.4014132,22.2004270286,9775.50312557,10565.6549255,1005.46826161,3.86535248253e-12,19803.6760666,15329.840994,77220.7074671,49927.7738539,77391.7222557,77547.0811239,1872.74650544,1872.74650544,1872.74650544,-1425.85842537,1132.26932468,269.718613064,774.059408934,-212.031076333,284.3319105,-741.144470073,1647.73133531,1321.35767854,2969.08901385,1,17,42,1321.35767854,-7.27595761418e-12,7.90123522165e-12
2025-07-21,53374.5690686,48394.1307305,1061.36102202,3919.07731613,202.417916501,53576.9869851,29.0163297736,10565.6549255,10381.3417205,1715.68766724,0,20102.2941664,16448.7401593,77649.8771916,50516.8527745,77618.7063131,79329.9746946,1872.0220793,1872.0220793,1872.0220793,-270.910702852,1132.09424843,3028.98182555,765.342945478,-1087.98622132,274.765749317,-535.079845107,4489.9412851,2809.84378209,7299.7850672,1,28,56,2809.84378209,7.27595761418e-12,2.75690581475e-12
2025-07-22,54268.0029683,47312.2236842,989.305544299,5966.47373983,946.736603486,55214.7395718,140.379625828,10381.3417205,10282.2199148,2093.42181176,0,20050.5614437,16330.1643945,75205.0305111,49056.0043513,75216.408206,79468.5838518,1854.49577199,1854.49577199,1854.49577199,1887.02006368,1132.79455344,-4503.41056679,762.994446671,51.754737939,273.201106647,-122.175203147,7227.10236241,2963.54902176,10190.6513842,5,3,7,2466.06383941,-7.27595761418e-12,6.13908923697e-12
2025-07-23,53723.0434014,48900.6749356,1690.87559297,3131.49287279,675.358848691,54398.4022501,100.073688154,10282.2199148,10026.8244066,823.995829375,9.77706804406e-12,20251.3954454,16633.4862682,80292.0337722,52282.4261216,80262.8371959,78558.3784352,1874.1953577,1874.1953577,1874.1953577,-2568.60225584,1132.61947719,2962.62444166,760.645947865,-25.9536274957,271.636463977,-66.692065995,3678.19704677,5411.85238378,9090.04943055,3,27,60,5411.85238378,7.27595761418e-12,3.75166564481e-12
2025-07-24,51526.7397899,49942.8482976,477.8980993,1105.99339298,134.369686997,51661.1094769,19.9360632065,10026.8244066,10423.4857475,320.780726901,0,19920.6316434,15778.7164244,78300.3671903,50898.6444962,78300.2984884,78059.2318827,1873.47093157,1873.47093157,1873.47093157,-1133.15456205,1200.68486164,-88.7573311287,758.297449058,-560.152721137,270.071821308,-543.338128699,1526.60866224,1767.74396985,3294.3526321,2,1,14,1767.74396985,2.18278728426e-11,1.27897692437e-12
2025-07-25,25877.8203373,25378.1952959,328.280950293,171.344091129,0,25877.8203373,0,10423.4857475,9679.44367046,987.265242567,12116.1398043,17836.8147611,15117.4578258,42686.8029737,26034.7571965,42506.4156921,42328.0815489,1872.74650544,1872.74650544,1872.74650544,-54.4285580164,1166.82724567,-3469.56145218,755.948950251,-515.248326661,268.507178638,272.220662184,269.289652848,628.011077682,897.30073053,0,0,18,628.011077682,7.27595761418e-12,0
2025-07-26,26182.744985,25801.1820593,177.752361645,203.810564034,0,26182.744985,0,9679.44367046,9836.3198627,358.014976379,10607.3043612,18395.7220084,14759.3462538,43057.4588374,26156.6867826,43089.6721258,43070.7866589,1872.0220793,1872.0220793,1872.0220793,-850.436711627,1132.9696297,-852.94063273,753.600451444,-370.693681336,272.220662184,-86.1342858205,320.079346578,306.751525114,626.830871692,0,0,11,306.751525114,-3.63797880709e-12,0
2025-07-27,51938.5413464,49016.9513423,132.22174633,2789.36825777,101.1807707,52039.7221171,15.0016003775,9836.3198627,10306.0087804,530.969268475,0,20967.6213104,16561.0532354,75870.4302498,49281.394835,76046.6453316,78607.725543,1854.49577199,1854.49577199,1854.49577199,1392.27342732,1132.79455344,698.905696089,742.648315186,120.564871403,271.165036941,-488.998022188,3318.54059455,581.245301326,3899.78589588,2,4,8,581.245301326,-7.27595761418e-12,2.48689957516e-12
2025-07-28,54546.0545306,50598.0270138,9.85517909693,3938.17233768,107.466313491,54653.5208441,15.9339185249,10306.0087804,10151.777487,744.492989217,0,20512.3384462,16753.8023055,77872.0027672,50617.737372,77858.3859687,82441.9724447,1836.96946468,1836.96946468,1836.96946468,3516.11848308,1132.61947719,2792.31021335,731.696178929,389.774730408,270.109411698,-232.089123198,4613.68032214,43.7106445967,4657.39096673,1,10,10,43.7106445967,7.27595761418e-12,7.36122274247e-12
2025-07-29,52887.1667292,49852.1396595,405.354247217,2629.67282246,951.966333611,53839.1330628,139.837574469,10151.777487,10224.9711384,754.471806057,0,19828.1850572,15994.9556101,77902.9250279,50662.8481539,77928.2127616,80517.1096287,1873.47093157,1873.47093157,1873.47093157,1595.69634221,1200.68486164,-841.256918577,720.744042672,-1038.66635032,269.053786455,-232.889555635,3236.31882077,622.134219999,3858.45304076,5,9,14,622.134219999,7.27595761418e-12,-1.02318153949e-12
2025-07-30,52617.5034894,48206.8148227,458.906412163,3951.78225453,36.8997684845,52654.4032579,5.32167244296,10224.9711384,10262.5608083,561.862258859,583.409297382,19901.5187628,16086.399495,75037.0376541,49110.0346899,75000.6427194,79058.3232016,1872.74650544,1872.74650544,1872.74650544,2433.00089281,1166.82724567,-1594.17123691,709.791906415,-1584.62950924,267.998161212,-464.088539315,4881.69903045,860.413482882,5742.11251334,2,1,3,827.33037885,0,-1.86872739505e-12
2025-07-31,51844.8313463,48772.0765715,7.89343584965,3064.86133887,1050.89331655,52895.7246628,154.997907853,10262.5608083,9759.65972986,1118.90725582,0,20216.0173999,16827.5850645,75206.0728018,48787.8634432,75224.0392891,79047.3379501,1875.64420997,1875.64420997,1875.64420997,2908.00793834,1132.9696297,1725.98126484,698.839770158,362.93633802,266.942535969,144.69598888,3875.79946574,34.5343174572,3910.3337832,8,9,10,34.5343174572,7.27595761418e-12,-2.50111042988e-12
2025-08-01,26039.2865645,24738.8788546,414.466207235,885.941502679,0,26039.2865645,0,9759.65972986,9945.56086794,634.0022166,16678.3358414,18519.7855947,14833.7153074,41997.425866,25567.8112691,41791.4047919,42249.7680119,1884.74489294,1884.74489294,1884.74489294,-4246.50196252,1268.40009358,-500.296384082,696.173154208,-744.144915606,265.966766144,-183.728864195,1075.85689766,823.514751747,1899.37164941,0,0,14,823.514751747,7.27595761418e-12,0
2025-08-02,25702.4994159,24979.5475313,423.18542833,299.766456238,0,25702.4994159,0,9945.56086794,9946.95934969,316.608095627,17302.9937184,18213.2902106,14751.506437,42300.5563217,25825.918388,42317.3206313,42008.410521,1882.46972219,1882.46972219,1882.46972219,-7041.40490155,1234.54247761,-954.835723783,693.506538258,443.695189632,264.990996318,-157.637408787,470.793579043,762.939379723,1233.73295877,0,9,30,762.939379723,0,0
2025-08-03,44820.3902252,43714.2406204,503.711148774,602.438456001,1757.65551011,46578.0457353,260.634723353,9946.95934969,9706.84066144,260.136902634,1203.94869821,18569.6142515,15257.4943632,67610.9828105,44721.662918,67804.9353201,67355.0507492,1880.19455145,1880.19455145,1880.19455145,-1228.24595585,1200.68486164,-265.111748281,690.839922308,1424.47640011,264.015226493,448.700276432,893.030710232,1148.96277151,2041.99348175,6,9,31,1148.96277151,7.27595761418e-12,5.00222085975e-12
2025-08-04,46660.3867412,43952.8038286,737.925772493,1969.65714015,179.167628781,46839.55437,26.5398850223,9706.84066144,10161.8195244,113.536023386,0,19815.9685184,15641.4535232,68579.9525216,45428.6553736,68581.3365063,69677.1662169,1877.91938071,1877.91938071,1877.91938071,699.482740991,1166.82724567,-588.860208627,709.791906415,1736.79588515,267.998161212,-183.20435491,2590.27259143,1493.05889619,4083.33148761,2,17,36,1493.05889619,1.45519152284e-11,-2.04636307899e-12
2025-08-05,45767.160835,44283.7513658,480.265708823,1003.14376039,250.775974475,46017.9368095,37.1727795293,10161.8195244,10039.139808,544.370693342,0,18697.4136959,15255.3168385,68274.4779884,45244.2827834,68249.2291402,69101.6045046,1875.64420997,1875.64420997,1875.64420997,656.767627921,1132.9696297,-911.955772594,753.600451444,-382.197972241,266.942535969,-3.71023102729,1572.53193467,745.405418533,2317.9373532,3,0,26,745.405418533,7.27595761418e-12,-4.26325641456e-13
2025-08-06,47592.910089,46095.61438,87.9508244005,1409.34488463,187.482143596,47780.3922326,27.5333995121,10039.139808,9711.5220676,339.273386116,0,18769.1448445,15497.8632904,69635.0004209,46271.0672315,69631.7823991,71697.4208074,1874.91978383,1874.91978383,1874.91978383,1685.23223865,1132.79455344,1896.93698008,742.648315186,15.0010938504,265.966766144,246.268100735,2206.68486275,144.264476268,2350.94933902,2,9,26,143.190868746,-7.27595761418e-12,-2.44426701101e-12
2025-08-07,46457.252437,44324.0155029,1398.56837871,734.668555399,437.312138927,46894.5645759,64.7779545798,9711.5220676,9815.30585195,338.956225304,1516.9645698,18873.2360456,15193.915791,72594.3079039,47121.1522603,72572.6394589,68858.4483451,1874.1953577,1874.1953577,1874.1953577,-5618.20920929,1234.54247761,-2404.01304229,731.696178929,-702.298085817,264.990996318,318.538958393,989.780661087,4725.6402199,5715.42088099,4,0,10,4725.6402199,-7.27595761418e-12,2.8990143619e-12
2025-08-08,24990.3898985,24617.5332615,176.158018449,196.698618497,0,24990.3898985,0,9815.30585195,9829.86957713,222.263796659,21982.5743771,18028.4687284,14589.9523173,41453.0201577,24969.8492984,41308.7989158,41418.5258348,1873.47093157,1873.47093157,1873.47093157,-1430.26343807,1200.68486164,434.16424713,720.744042672,-567.129740918,269.053786455,126.472605548,309.46977827,343.964101135,653.433879405,0,9,21,343.964101135,1.81898940355e-11,0
2025-08-09,24809.4963671,24544.8520776,65.8817154133,198.762574105,0,24809.4963671,0,9829.86957713,9629.28999833,114.117438556,18779.8750158,17948.5926245,14718.8816468,40848.1650536,24676.6155084,40844.0284826,41045.6324321,1872.74650544,1872.74650544,1872.74650544,1131.49004843,1166.82724567,2284.37488894,709.791906415,-698.32566673,267.998161212,357.026872669,312.016121155,114.548742669,426.564863824,0,9,20,114.548742669,3.63797880709e-12,0
2025-08-10,46147.0859723,44530.5257843,122.548151063,1494.01203686,468.589304728,46615.675277,68.3530496793,9629.28999833,10177.4711796,155.029674651,0,18634.1530516,14600.3009087,67413.4424453,44775.6220865,67604.9657266,69425.1478179,1872.0220793,1872.0220793,1872.0220793,1614.03960478,1302.25770955,2945.04414735,698.839770158,654.022182691,272.220662184,-204.391987134,2234.26749132,222.562118725,2456.82961005,3,17,31,222.562118725,-7.27595761418e-12,1.53477230924e-12
2025-08-11,45679.1373573,43731.6103802,368.01437619,1579.51260094,1299.41597094,46978.5533283,192.252868034,10177.4711796,9811.27606446,331.449057952,821.582158721,19342.2371011,15996.7876555,67690.9720598,44426.78266,67691.0565266,68867.4811276,1854.49577199,1854.49577199,1854.49577199,132.105869459,1374.79904318,-1484.16130953,696.173154208,-957.703054578,271.165036941,293.114078277,2192.6902211,1016.18115332,3208.87137442,5,2,4,922.532216504,7.27595761418e-12,-9.09494701773e-13
2025-08-12,47285.6066773,44982.9906208,141.443021115,2161.17303541,1080.22147993,48365.8281572,159.995989805,9811.27606446,9891.79387279,262.816428087,0,18957.0324606,15282.7302656,69408.0354114,45265.876663,69385.7633925,71537.6662833,1836.96946468,1836.96946468,1836.96946468,1736.77008282,1356.66370977,445.712878456,693.506538258,-89.6237069325,273.747714464,201.112486915,2524.12183301,394.490961093,2918.6127941,7,0,4,394.490961093,1.45519152284e-11,2.95585778076e-12
2025-08-13,46194.6735785,43828.5717796,409.728858229,1956.37294066,892.390861726,47087.0644402,131.126280903,9891.79387279,10048.0599107,489.888069171,0,19151.231399,15371.8579991,67980.0285561,44648.0294961,67973.1879079,70259.1146382,1819.44315737,1819.44315737,1819.44315737,1578.11655066,1338.52837637,-152.915554147,690.839922308,-1095.13680469,273.238697037,-63.2868520669,2887.80454482,608.718462686,3496.52300751,5,0,2,608.718462686,0,7.95807864051e-13
2025-08-14,47558.0470277,44036.7966152,331.293588882,3189.95682362,899.28771212,48457.3347398,131.066344335,10048.0599107,9697.71949461,541.52594471,1317.67680769,19407.527086,16035.4033141,67512.7149004,44699.3837929,67517.431242,71026.5511633,1801.91685006,1801.91685006,1801.91685006,1742.33441448,1320.39304296,-2002.22681673,688.173306358,-398.225089638,272.729679611,222.897251729,4166.86975877,653.03349591,4819.90325468,3,0,11,653.03349591,0,-1.00044417195e-11
2025-08-15,25128.3763962,24517.0523858,266.28697489,345.037035476,0,25128.3763962,0,9697.71949461,9443.01596542,474.105988406,20404.470622,18440.1615726,15165.7640501,41424.307301,25049.6263356,41249.8153993,41312.7010163,1784.39054275,1784.39054275,1784.39054275,-5327.13249843,1302.25770955,-2894.50422616,685.506690408,306.65918127,272.220662184,371.828751326,386.635075866,498.241360579,884.876436445,0,0,19,498.241360579,0,0
2025-08-16,25427.5290893,24530.2792534,316.774234816,580.475601056,0,25427.5290893,0,9443.01596542,9739.93858359,283.253162598,20437.9238394,18558.9774161,14765.5413507,41441.8886512,25163.8277231,41448.6828773,41443.8934341,1782.36624202,1782.36624202,1782.36624202,-3271.05752159,1268.40009358,-4.07910980728,682.447425562,-409.120998733,274.25673189,264.446524032,637.485533337,635.480750379,1272.96628372,0,0,15,635.480750379,-7.27595761418e-12,0
2025-08-17,45488.6946939,44699.6459525,432.334667319,356.714074088,718.814844024,46207.5095379,106.538434795,9739.93858359,10041.3032054,196.875784303,1187.94063196,19184.7572213,15268.4251896,69557.6050749,45564.3152871,69745.2193973,68360.0036298,1780.34194128,1780.34194128,1780.34194128,-2710.1038769,1234.54247761,-2071.61434376,679.388160716,-205.566328585,273.747714464,-105.376264625,559.581679933,1757.18312503,2316.76480496,4,9,28,1757.18312503,-7.27595761418e-12,1.81898940355e-12
2025-08-18,46391.8396769,44400.528409,442.57859132,1548.73267654,1393.05399594,47784.8936728,204.804802846,10041.3032054,10247.085182,947.132245206,953.400723251,19468.914261,15584.6167725,68446.3183611,45285.6855917,68435.6233818,69974.1412708,1778.31764054,1778.31764054,1778.31764054,-278.309182345,1200.68486164,-2133.16328389,676.32889587,-28.1793489093,273.238697037,-289.454522831,2243.47830395,715.655394288,2959.13369823,4,0,20,715.655394288,7.27595761418e-12,-6.36646291241e-12
2025-08-19,45257.6752444,44246.0425778,342.664371596,668.968295047,1412.05332669,46669.7285711,209.325922412,10247.085182,9947.08684511,546.95478106,366.149726743,18426.7822546,15195.6921294,67754.6633911,44931.371321,67776.6485783,68252.5287606,1776.29333981,1776.29333981,1776.29333981,-168.94792128,1166.82724567,-288.812185625,673.269631024,-894.306230534,272.729679611,134.7431048,1008.30116848,510.435799047,1518.73696753,5,0,9,510.435799047,-7.27595761418e-12,-2.50111042988e-12
2025-08-20,50081.5788679,46115.2880242,228.21114616,3738.07969753,1118.86575185,51200.4446198,165.799506811,9947.08684511,9864.48288551,127.94811188,0,19260.4683492,15675.3229265,71527.2403567,46571.7103166,71475.3750839,74197.9850945,1774.26903907,1774.26903907,1774.26903907,2656.85430559,1132.9696297,2517.81352911,670.210366178,1452.47049925,272.220662184,259.846560961,3495.62067324,824.87593549,4320.49660874,5,14,25,824.87593549,0,2.72848410532e-12
2025-08-21,46261.759563,44907.6552691,760.1705164,593.933777494,390.002976045,46651.762539,57.8439873785,9864.48288551,9791.83348437,136.999012456,1.13686837722e-12,17766.8765636,14456.5544775,71047.3075394,46427.9963019,71084.6224037,69233.8955945,1782.36624202,1782.36624202,1782.36624202,-1652.54144557,1268.40009358,-441.741201303,682.447425562,188.150526118,271.165036941,195.543712693,757.001787238,2570.41373215,3327.41551939,4,0,16,2570.41373215,-1.45519152284e-11,2.10320649785e-12
2025-08-22,25478.5523488,24583.7561863,36.5713451822,858.224817317,0,25478.5523488,0,9791.83348437,9347.58160596,323.706803637,17177.735113,18783.9577225,15614.8324458,40936.6780532,24656.8988767,40741.7990704,41901.1365934,1780.34194128,1780.34194128,1780.34194128,1301.94268468,1234.54247761,2914.47549198,679.388160716,844.06409415,270.109411698,573.535621428,1032.61706689,68.1585266569,1100.77559354,0,0,5,68.1585266569,7.27595761418e-12,0
2025-08-23,25332.1479476,24761.6494411,57.7421418594,512.756364654,0,25332.1479476,0,9347.58160596,9770.38693032,111.708844977,15620.072052,18357.7405345,14489.245041,41495.9091386,24877.1337248,41519.3533705,42130.2825404,1778.31764054,1778.31764054,1778.31764054,2291.86847607,1338.52837637,3107.17428606,690.839922308,327.581615277,273.238697037,156.537205807,720.555703074,86.1823012827,806.738004357,0,0,1,86.1823012827,0,0
2025-08-24,47091.0506975,44264.740399,705.02088155,2121.28941696,53.1675689974,47144.2182665,7.89246181213,9770.38693032,10005.2425659,407.949354995,1472.2015931,20423.0982799,16331.3395347,68863.9479235,45674.7821621,69013.7949226,69697.6067148,1801.91685006,1801.91685006,1801.91685006,-1499.35849609,1395.62303735,1515.83631213,688.173306358,-1198.41355801,272.729679611,-189.192852103,2475.11785832,1641.45906706,4116.57692538,1,24,46,1641.45906706,2.18278728426e-11,-3.23296944771e-12
2025-08-25,50980.9544486,47872.1396646,1396.47224215,1712.34254183,338.610494428,51319.564943,50.2142389346,10005.2425659,10160.413102,894.690635596,0,19321.6223509,15510.8606217,78199.3715444,50665.0841489,78235.1887121,75428.3251425,1784.39054275,1784.39054275,1784.39054275,-3833.54916773,1406.3776804,1632.11645563,685.506690408,-280.837605071,272.220662184,-192.1803923,2488.46257681,5259.50897873,7747.97155554,2,14,28,5259.50897873,-2.18278728426e-11,2.04636307899e-12
2025-08-26,46740.6323223,46389.8808815,241.640398955,109.111041826,306.931032029,47047.5633543,44.6982781529,10160.413102,10365.5120634,670.284876388,0,18493.4741633,14795.1250071,70494.2798657,46855.2744465,70488.6443247,69852.7541378,1782.36624202,1782.36624202,1782.36624202,-1568.88001318,1411.62819486,-1166.87150617,682.447425562,-412.589378046,271.165036941,-478.326200502,173.529042982,815.054770867,988.58381385,4,10,22,771.565267003,-7.27595761418e-12,-1.25055521494e-12
2025-08-27,49906.6829549,46687.2335769,409.846117248,2809.60326083,410.563748367,50317.2467033,60.9020977047,10365.5120634,9961.52733361,1633.45239598,1041.37133805,18486.7878429,15337.8844095,71404.2819629,47361.7868389,71348.4481663,73676.9739364,1780.34194128,1780.34194128,1780.34194128,-124.262049639,1410.31556625,-3268.75705279,679.388160716,-966.788837362,270.109411698,71.8192382007,3658.56089388,1385.86892038,5044.42981427,4,2,28,1044.6586305,-1.45519152284e-11,-3.97903932026e-13
2025-08-28,50016.4760933,45842.6537561,318.944722018,3854.87761514,988.085651601,51004.5617449,146.557747159,9961.52733361,10103.5769858,331.514972118,0,20721.3526775,16656.4509818,70657.7820415,46480.5432002,70700.9842757,75017.653904,1778.31764054,1778.31764054,1778.31764054,3596.48128724,1409.00293763,610.330739645,676.32889587,-620.255160414,269.053786455,-73.3034988751,4848.26635775,488.394495256,5336.660853,3,9,11,488.394495256,1.45519152284e-11,1.93267624127e-12
2025-08-29,26164.2780647,24817.2152256,741.440222646,605.622616416,0,26164.2780647,0,10103.5769858,9881.80232919,631.870706128,16108.2076106,18691.1219521,15339.4059722,43082.1417063,26300.0956709,42878.1225881,42647.0146467,1801.91685006,1801.91685006,1801.91685006,-4306.94378176,1407.69030902,1187.74105253,673.269631024,-604.127914997,267.998161212,139.917212218,948.904449616,1384.03150924,2332.93595886,0,9,30,1384.03150924,0,0
2025-08-30,25679.09494,25154.0877237,223.00252991,302.004686435,0,25679.09494,0,9881.80232919,9642.33569348,35.9406265465,20451.9463196,17884.3118216,14701.8125476,42084.6445428,25600.0927835,42113.0767137,42183.1060535,1784.39054275,1784.39054275,1784.39054275,-4771.80439057,1406.3776804,-1692.69445424,670.210366178,543.961288983,266.942535969,366.336167073,474.280043717,375.818533099,850.098576816,0,0,18,375.818533099,3.63797880709e-12,0
2025-08-31,47644.9936931,45738.9636953,21.2851610563,1884.74483669,687.714653151,48332.7083462,100.717287594,9642.33569348,10321.289264,576.297754988,0,19922.9386056,15526.5220571,68840.187351,45781.5340174,69002.3062866,71518.6200992,1782.36624202,1782.36624202,1782.36624202,1623.76990255,1403.68901964,733.54767517,667.631814379,340.916094371,271.165036941,-481.764612588,2745.44841723,67.0156690308,2812.46408626,4,12,12,67.0156690308,0,2.27373675443e-12
2025-09-01,46805.6230223,40921.4691409,3551.82122615,2332.33265524,0,46805.6230223,0,10321.289264,10800,7734.63062164,1358.61524095,16519.519465,12949.9711042,73532.5522127,48025.1115932,73534.5490323,66236.9287567,1780.34194128,1780.34194128,1780.34194128,-16469.2292582,1401.00035888,-2987.69627997,665.053262579,-6596.03187972,270.109411698,-3401.83304683,2386.80345189,9682.42690788,12069.2303598,0,30,57,9682.42690788,-7.27595761418e-12,0
2025-09-02,40860.9852624,39839.0477797,419.249937711,602.68754501,0,40860.9852624,0,10800,10800,4519.75883757,0,18961.2798628,15358.6366888,61962.9454544,40677.5476551,61903.6374518,62180.1578615,1778.31764054,1778.31764054,1778.31764054,-3894.69054322,1398.31169811,-2991.96782473,662.474710779,-3399.19422904,269.053786455,-2045.10738447,957.764996653,740.552589599,1698.31758625,0,9,25,740.552589599,7.27595761418e-12,0
2025-09-03,40879.5711183,38754.19559,486.314775587,1639.06075279,0,40879.5711183,0,10800,10800,2523.00049163,103.137848632,18949.1751159,15348.8318439,60300.5331058,39726.8251411,60269.5935761,61774.1988623,1776.29333981,1776.29333981,1776.29333981,-1445.99208541,1395.62303735,1373.84523912,659.896158979,-2444.73443796,267.998161212,-1595.95763915,2289.61305021,815.947293712,3105.56034392,0,11,15,815.947293712,-1.45519152284e-11,0
2025-09-04,40182.527111,38680.1456661,380.252131253,1122.1293137,834.483686061,41017.0107971,158.573826496,10800,10800,2754.05101735,203.908133333,20121.985919,16298.8085944,59752.4803743,39440.6499286,59746.8990331,60548.1281988,1774.26903907,1774.26903907,1774.26903907,-785.952222184,1392.93437658,2699.19855733,657.317607179,-1755.41103944,266.942535969,-1593.73234317,1544.98431326,749.33648875,2294.32080201,2,10,23,749.33648875,0,7.27595761418e-12
2025-09-05,21503.4481018,20351.7642346,787.156099752,364.527767466,0,21503.4481018,0,10800,10800,3033.09548777,22651.1032049,17605.4716527,14260.4320387,36798.6197405,21926.0764341,36638.8326078,35853.4999734,1767.88211415,1767.88211415,1767.88211415,-4209.48223704,1403.68901964,-602.696307778,656.658522281,-2566.01630505,266.443333581,-1372.60360402,573.817816242,1518.93758335,2092.75539959,0,9,27,1518.93758335,0,0
2025-09-06,21345.1095332,20178.997161,623.305329389,542.807042791,0,21345.1095332,0,10800,10800,3386.55035929,21312.6574522,17989.6390422,14571.6076241,36148.0522543,21425.6078198,36180.9670263,35838.3229295,1761.49518923,1761.49518923,1761.49518923,-2429.08560938,1401.00035888,-1271.61319452,655.999437384,-3554.21284913,265.944131194,-1784.75619794,852.600648345,1162.32997311,2014.93062145,0,9,27,1162.32997311,0,0
2025-09-07,40515.8842165,36687.9076695,0,3827.97654698,309.73111214,40825.6153286,60.9385023484,10800,10771.8751153,1741.39028904,0,19779.0089196,16046.3096211,55905.8873073,36687.9076695,56002.7702264,60374.1347018,1755.10826432,1755.10826432,1755.10826432,6470.96418851,1398.31169811,761.033521518,655.340352486,-1419.35521234,265.444928806,-1474.41558618,4468.24739454,0,4468.24739454,2,0,0,0,0,-3.29691829393e-12
2025-09-08,44918.5396471,32381.9126153,0,12536.6270318,2730.13655645,47648.6762035,508.585284973,10771.8751153,9475.74612562,893.114250867,0,19585.8044448,17031.017691,50725.1171382,32381.9126153,50658.5843578,62334.8852531,1776.29333981,1776.29333981,1776.29333981,13952.2184608,1395.62303735,6363.76255561,654.681267588,2419.62667992,264.945726419,1058.08010668,11609.7681148,0,11609.7681148,8,0,0,0,-7.27595761418e-12,-3.18323145621e-12
2025-09-09,39623.498639,34801.1353115,1.57441036208e-10,4822.36332753,15.8683994167,39639.3670384,2.35261666667,9475.74612562,9159.85653482,319.415614605,1829.47552221,19889.541675,16394.8293885,54151.5392093,34801.1353115,54193.8057069,58744.0850733,1784.39054275,1784.39054275,1784.39054275,6405.52982779,1406.3776804,545.412746574,657.317607179,1150.94651112,266.942535969,762.410615374,4592.54586402,4.30873114965e-10,4592.54586402,1,0,0,0,1.45519152284e-11,-2.70361510957e-12
2025-09-10,44423.8025878,37246.7527305,56.3300910828,7120.71976617,847.292297086,45271.0948849,173.791511793,9159.85653482,9806.44883086,271.984443189,0,21693.970071,16990.1826911,58505.3857983,37359.4129127,58511.2896249,66117.9789613,1854.49577199,1854.49577199,1854.49577199,7085.55867419,1403.68901964,5552.97665609,667.631814379,469.795635101,271.165036941,59.3959380651,7836.84424014,224.251077123,8061.09531727,3,11,12,224.251077123,0,2.6147972676e-12
2025-09-11,39140.0795342,37369.4219249,585.41283816,1185.24477117,0,39140.0795342,0,9806.44883086,9812.86557109,190.012517489,1356.77285788,19706.5542238,15956.5338551,59716.1613242,38540.2476012,59676.6691562,58792.8915274,1874.1953577,1874.1953577,1874.1953577,-2695.50889844,1410.31556625,620.251722435,665.053262579,138.106590928,270.109411698,38.2754293635,1305.2391473,2228.50894403,3533.74809132,0,0,20,2228.50894403,0,0
2025-09-12,20550.1465554,19459.1683841,538.382925063,552.595246314,0,20550.1465554,0,9812.86557109,10525.0022368,458.094045122,19167.848612,18725.2986691,14526.5689228,35482.7870256,20535.9342342,35393.3828022,35376.3286035,1873.47093157,1873.47093157,1873.47093157,1609.26140782,1409.00293763,3825.76793862,662.474710779,-1555.59235861,269.053786455,-704.741507003,866.653476078,973.11189826,1839.76537434,0,9,26,973.11189826,3.63797880709e-12,0
2025-09-13,21203.7341288,20098.4847317,487.137934344,618.111462685,0,21203.7341288,0,10525.0022368,10752.5578253,1864.79865079,22750.7807936,17954.3801081,14338.2478579,36227.1501149,21072.7606004,36250.5772341,36238.8131779,1872.74650544,1872.74650544,1872.74650544,-3174.10340655,1423.246692,-1716.15655394,659.896158979,-826.446913585,267.998161212,-1129.15525866,969.842265735,958.179202713,1928.02146845,0,9,26,958.179202713,-3.63797880709e-12,0
2025-09-14,42524.0412077,39330.428732,730.908208703,2462.70426703,0,42524.0412077,0,10752.5578253,10006.1983619,1156.38614943,0,18416.3033634,15588.9292414,62432.7051616,40792.2451494,62555.3432622,64083.0850214,1872.0220793,1872.0220793,1872.0220793,800.159562371,1412.94082348,3312.99135706,657.317607179,278.908806933,266.942535969,-84.6600623604,3657.14792071,2006.76806094,5663.91598165,0,13,45,2006.76806094,2.18278728426e-11,0
2025-09-15,38807.589725,37155.2175947,0,1652.37213031,7.89360615,38815.4833312,1.17176666667,10006.1983619,9241.8651364,134.627724909,1391.46165005,19996.5770217,16885.1272905,57756.8907584,37155.2175947,57726.3467781,59703.3979728,1854.49577199,1854.49577199,1854.49577199,3630.59412691,1454.16429755,2412.40423841,656.658522281,1414.11625915,266.443333581,623.47477053,1946.50721436,0,1946.50721436,1,0,0,0,-1.45519152284e-11,-1.35091937636e-12
2025-09-16,42237.9852647,40094.0701854,709.423428377,1434.49165088,0,42237.9852647,0,9241.8651364,9512.97066791,161.598717745,359.566846095,19012.3054384,15155.9724267,64309.383087,41477.2487216,64344.8135364,63869.2685588,1874.1953577,1874.1953577,1874.1953577,-636.828671247,1471.63592387,-1945.49215663,665.053262579,410.948541658,270.109411698,503.019187381,1875.05340103,2315.16792918,4190.2213302,0,3,17,2233.20864788,1.45519152284e-11,0
2025-09-17,41715.6725886,41026.714493,75.0053021492,613.952793411,34.70889375,41750.3814824,7.62916666667,9512.97066791,9667.7846499,36.3486216682,0,18322.9083746,14702.2231997,63168.4537447,41174.1539304,63147.5840411,63609.52303,1873.47093157,1873.47093157,1873.47093157,686.265228865,1469.24733794,553.144290259,662.474710779,539.318740637,273.238697037,312.675627807,666.849385452,225.78010017,892.629485622,1,9,24,219.630392781,-1.45519152284e-11,9.09494701773e-13
2025-09-18,43194.2959136,39323.5941705,274.496455575,3596.20528743,17.1846784,43211.480592,2.4634,9667.7846499,9374.3797116,1053.80338083,1949.30734063,18635.4052686,15358.7427121,60865.0922019,39872.5870817,60853.6486463,65233.3609947,1872.74650544,1872.74650544,1872.74650544,3059.76773499,1466.858752,-2682.99816188,659.896158979,-78.2335646315,278.435415109,529.002961658,4779.19330064,410.924507823,5190.11780846,1,0,12,410.924507823,2.18278728426e-11,9.98312543743e-13
2025-09-19,20200.0959578,19281.958506,187.71055222,730.426899573,0,20200.0959578,0,9374.3797116,9885.2756328,345.953145483,14560.4816782,18392.787125,14438.3512422,34373.9679847,19657.3796104,34213.7854175,34962.2230232,1875.64420997,1875.64420997,1875.64420997,2695.01140647,1464.47016607,637.81936061,657.317607179,324.289317229,293.114078277,33.8136205475,887.514587609,299.259549175,1186.77413678,0,0,1,299.259549175,0,0
2025-09-20,19609.2610997,19215.5083933,82.9516912354,310.801015112,0,19609.2610997,0,9885.2756328,9808.88089707,157.105297351,14907.533924,18697.8140201,15213.9846185,33893.567279,19381.4117758,33901.5981607,34193.9023563,1884.74489294,1884.74489294,1884.74489294,3570.32649965,1454.16429755,-155.354816902,656.658522281,687.677780617,289.444412485,10.061541994,485.709147624,185.374070312,671.083217936,0,0,11,185.374070312,-3.63797880709e-12,0
2025-09-21,42055.1747084,40463.7238274,931.219543142,660.231337852,0,42055.1747084,0,9808.88089707,9684.09150292,676.46515333,792.643406087,17301.6686537,14126.6620642,64919.233625,42227.8087224,65109.3946353,62931.6026322,1909.86575059,1909.86575059,1909.86575059,-3046.71123358,1443.85842903,-3964.43985973,665.053262579,257.25437458,285.774746693,120.259806235,1033.08996078,3020.72095359,4053.81091437,0,11,32,2788.95877678,1.45519152284e-11,0
2025-09-22,42486.5390657,41660.0963894,512.697460503,313.745215749,131.78740035,42618.326466,19.5559,9684.09150292,9693.45834946,115.976062221,0,18473.4886949,14955.095681,65563.0517555,42685.4913104,65553.0189024,64228.8330595,1902.25052162,1902.25052162,1902.25052162,-1261.70604966,1433.55256051,570.606835575,662.474710779,572.72343686,282.105080901,237.635224189,492.605136392,1826.82383238,2319.42896877,2,0,33,1826.82383238,-1.45519152284e-11,3.29691829393e-12
2025-09-23,43661.6127646,42754.9597284,444.787308654,461.865727601,42.9961875,43704.6089521,6.375,9693.45834946,9741.32020345,800.676935306,0,19299.9835921,15589.911041,66931.4709308,43644.5343457,66950.7612867,66620.9900697,1894.63529265,1894.63529265,1894.63529265,-1054.36318099,1423.246692,499.634541363,659.896158979,398.741508612,278.435415109,37.9978925488,724.851241316,1035.33210235,1760.18334367,1,9,34,1035.33210235,7.27595761418e-12,-6.46593889542e-12
2025-09-24,42754.4561412,41472.0783025,1.20418837566,1281.1736503,0,42754.4561412,0,9741.32020345,9942.70983775,207.010483989,0,18617.9478082,14899.2870538,63053.3674851,41474.4866793,63012.1481968,64988.8963384,1887.02006368,1887.02006368,1887.02006368,2394.35193705,1412.94082348,399.574988086,657.317607179,10.4817372758,274.765749317,-60.3607258927,1937.3479105,1.81905716112,1939.16696766,0,0,3,1.81905716112,7.27595761418e-12,0
2025-09-25,44161.0928357,41625.9234087,530.67017627,2004.49925075,0,44161.0928357,0,9942.70983775,9790.50237812,312.33223879,1627.30892207,18002.5560428,14719.0571084,64603.7989977,42535.3866744,64615.0121185,65558.5889953,1917.48097957,1917.48097957,1917.48097957,-853.644013208,1411.62819486,-3412.26985448,656.658522281,-193.71496957,274.25673189,155.608636595,2814.70379307,1859.91379543,4674.6175885,0,12,22,1512.23427978,0,0
2025-09-26,20045.3055266,19663.6979849,322.693971979,58.9135696663,0,20045.3055266,0,9790.50237812,9771.88308908,320.434031228,13427.4323631,17508.556014,14198.6877314,35331.8529848,20309.0859289,35140.824009,34751.9781769,1909.86575059,1909.86575059,1909.86575059,-644.422986967,1410.31556625,778.736778539,655.999437384,546.752991107,273.747714464,206.086731594,92.6959513818,672.570759346,765.266710728,0,9,27,672.570759346,-7.27595761418e-12,0
2025-09-27,20341.2921095,19630.5663144,85.9938862888,624.731908749,0,20341.2921095,0,9771.88308908,9246.13066642,216.326788008,14180.9861782,18591.3716016,15532.1881777,34576.3717208,19802.554087,34611.4046718,35257.7986401,1902.25052162,1902.25052162,1902.25052162,4984.79636869,1409.00293763,397.154243761,655.340352486,1042.8131793,273.238697037,602.059034871,818.523589415,137.09667005,955.620259465,0,0,1,137.09667005,7.27595761418e-12,0
2025-09-28,46612.8305675,41731.2915666,782.132352179,4099.40664871,39.5613691667,46652.3919367,5.86833333333,9246.13066642,10104.9135276,1268.06478468,211.392775792,20412.5334761,15761.2475406,66209.7383398,43142.4346775,66347.4661102,69612.5043294,1969.51738897,1969.51738897,1969.51738897,1412.80810711,1407.69030902,-3345.45347148,659.896158979,69.9370149868,278.435415109,-205.350180621,5640.55076232,2237.78477279,7878.33553511,1,11,35,1880.63496597,7.27595761418e-12,-8.81072992343e-13
2025-09-29,44799.5198149,41967.1073515,1082.55317531,1749.85928816,134.736256667,44934.2560716,26.0150166667,10104.9135276,9705.95248583,321.321632643,0,18772.2743157,15564.6071334,67352.5308972,44130.1453273,67390.3589624,66262.8653983,1925.09620854,1925.09620854,1925.09620854,-1244.52959532,1406.3776804,2463.02367214,657.317607179,582.357511961,274.765749317,114.817081425,2561.18888848,3650.85438733,6212.04327581,2,13,39,3645.91095834,3.63797880709e-11,3.58113538823e-12
2025-09-30,46708.2192967,43835.1249824,421.167453558,2451.92686073,212.229434975,46920.4487316,31.41115,9705.95248583,10229.555039,582.069043865,0,20302.7016035,15973.946001,67858.1379394,44677.4598895,67833.1706429,70301.588263,1917.48097957,1917.48097957,1917.48097957,1280.05270529,1411.62819486,408.729349468,656.658522281,-1422.70120302,274.25673189,-272.309527768,3141.87181973,698.421496066,3840.2933158,1,2,20,698.421496066,-1.45519152284e-11,7.27595761418e-12
2025-10-01,41325.5540633,39938.6088169,1386.94524638,3.81920585824e-11,0,41325.5540633,0,10229.555039,10800,2856.71909609,4811.14223119,17579.0088997,13725.5967438,65598.774079,42712.4993096,65588.4020325,61182.7950165,1909.86575059,1909.86575059,1909.86575059,-12580.3531411,1410.31556625,-9444.49828119,655.999437384,-3445.53781019,273.747714464,-2119.52405796,3.12638803734e-11,4415.97906248,4415.97906248,0,0,49,4415.97906248,2.18278728426e-11,0
2025-10-02,40973.6326272,39667.2210195,1178.9965032,127.415104546,0,40973.6326272,0,10800,10800,3025.74846924,2719.33509841,17044.7229291,13806.2255726,64116.9798532,42025.2140259,64096.7837496,60714.3640408,1902.25052162,1902.25052162,1902.25052162,-9096.15042261,1409.00293763,-6990.32912044,655.340352486,-3262.23120611,273.238697037,-2255.94377852,200.334179654,3602.94999202,3803.28417167,0,0,30,3602.94999202,-1.45519152284e-11,0
2025-10-03,18492.2309387,18175.0906461,102.756195676,214.384096894,0,18492.2309387,0,10800,10800,2146.91163996,19577.9452726,17227.5617169,13954.3249907,32665.0421487,18380.6030375,32494.0597209,32815.2473388,1894.63529265,1894.63529265,1894.63529265,-1201.40866207,1407.69030902,-166.126879283,654.681267588,-1280.28223874,272.729679611,-1473.63828496,316.129635015,165.924444941,482.054079956,0,0,3,165.924444941,-7.27595761418e-12,0
2025-10-04,19151.8381482,18837.103518,115.933159387,198.801470763,0,19151.8381482,0,10800,10776.728465,1847.95134837,15416.3808102,17540.8907276,14229.0658709,33544.6324445,19068.9698368,33562.0605113,33672.1394486,1887.02006368,1887.02006368,1887.02006368,-2279.55386815,1406.3776804,11.7922731629,654.022182691,-1092.06373754,272.220662184,-1169.63503065,312.487757135,184.980752986,497.46851012,0,0,2,184.980752986,0,0
2025-10-05,39817.1323045,38511.4558538,762.28693164,543.389519026,0,39817.1323045,0,10776.728465,10800,1446.41200659,441.95160582,17851.2052727,14438.5318894,61762.3547276,40036.0297171,61922.7087858,60036.9980624,1884.74489294,1884.74489294,1884.74489294,-3933.70971548,1403.68901964,-1223.25512479,651.875823411,-1640.30599752,271.165036941,-1359.36943171,766.686764322,2492.0434296,3258.73019392,0,0,13,2492.0434296,-1.45519152284e-11,0
2025-10-06,41005.0715993,38428.2567415,9.51278248878,2567.30207524,0,41005.0715993,0,10800,10720.6908536,1022.74573043,0,18257.4069099,14859.8778287,59097.7793227,38447.2823065,59108.5943642,62153.3840616,1882.46972219,1882.46972219,1882.46972219,4820.12685782,1401.00035888,1046.48845282,649.729464132,-43.7306463178,270.109411698,-871.474754789,3083.44170497,27.8369660391,3111.278671,0,0,4,27.8369660391,-7.27595761418e-12,0
2025-10-07,41595.2868371,37952.0399216,215.302859326,3427.94405608,0,41595.2868371,0,10720.6908536,10759.8422632,1245.12483032,0,19296.2531224,15594.7287606,58814.4515011,38382.6456403,58803.8408212,62718.2121922,1902.25052162,1902.25052162,1902.25052162,2524.64133743,1398.31169811,-476.308149901,647.583104853,-1530.59031372,269.053786455,-1115.53866318,4224.03270194,320.272010898,4544.30471284,0,0,1,320.272010898,1.45519152284e-11,0
2025-10-08,38449.4887603,35877.5358238,11.848691883,2560.10424466,1692.03501097,40141.5237713,308.417379888,10759.8422632,9629.51333254,902.864213381,0,18437.8645498,15951.9663229,56334.7611992,35901.2332076,56292.0269485,59558.840727,1969.51738897,1969.51738897,1969.51738897,4998.66707764,1395.62303735,2680.01685731,645.436745573,1369.44541654,267.998161212,627.344866708,3258.84623988,34.7667120075,3293.61295188,8,0,4,34.7667120075,0,3.41060513165e-12
2025-10-09,38914.3763936,37349.6031536,641.158778745,923.614461193,0,38914.3763936,0,9629.51333254,9500.6452374,78.5545717806,0,19959.7421403,16283.3724193,60134.2853091,38631.9207111,60102.4920167,59514.9059762,2147.20211071,2147.20211071,2147.20211071,-678.431747516,1406.3776804,2677.83321593,654.022182691,1257.54427294,272.220662184,426.090688503,1447.40822638,2066.78755937,3514.19578575,0,0,17,2066.78755937,1.45519152284e-11,0
2025-10-10,18245.4866851,17398.2684595,163.876133661,683.342092019,0,18245.4866851,0,9500.6452374,10004.3449081,198.339742047,19628.7542885,18594.300777,14608.0539258,32352.8901537,17726.0207268,32230.8986174,33156.9517984,2102.78093027,2102.78093027,2102.78093027,-2152.01444774,1411.62819486,-2760.47995478,656.658522281,554.251271823,274.25673189,9.2017666233,1072.88733896,268.825694222,1341.71303318,0,0,4,268.825694222,3.63797880709e-12,0
2025-10-11,18385.9847953,17928.3212945,152.322217618,305.341283211,0,18385.9847953,0,10004.3449081,10010.3176349,180.921000421,15654.8879684,17714.7669259,14343.5857558,33079.0357505,18232.9657297,33106.9320435,33313.3037222,2058.35974984,2058.35974984,2058.35974984,689.209654033,1410.31556625,654.005008437,655.999437384,-106.14762268,273.747714464,-157.781471904,479.333757236,245.065785563,724.399542799,0,0,4,245.065785563,-3.63797880709e-12,0
2025-10-12,40210.0987944,38929.2661061,138.153877555,1142.67881069,98.0358077333,40308.1346021,20.9299333333,10010.3176349,9783.48501756,372.004994051,0,18253.2508041,14989.2825069,60628.8505801,39205.5738612,60812.2799678,62129.9993412,2013.93856941,2013.93856941,2013.93856941,1224.78312749,1409.00293763,1524.48345771,655.340352486,1713.91690729,273.238697037,201.738999509,1788.3928239,287.244062798,2075.6368867,1,9,27,287.244062798,-7.27595761418e-12,1.06155084723e-11
2025-10-13,40679.6076126,39070.9185627,817.670923919,791.018126057,0,40679.6076126,0,9783.48501756,10262.0717001,431.012881273,1.81898940355e-12,19430.3351707,15307.843474,63042.8858708,40706.2604105,63040.8060495,61580.899878,1969.51738897,1969.51738897,1969.51738897,-2468.31875354,1423.246692,586.772353815,659.896158979,1190.67332179,272.729679611,-426.308122522,1238.74954441,2700.73553719,3939.48508161,0,9,41,2700.73553719,-1.45519152284e-11,0
2025-10-14,43207.7072331,40122.2676733,686.317437425,2399.12212236,0,43207.7072331,0,10262.0717001,10097.1153888,985.745528866,0,19042.8833003,15573.1961535,64199.7721315,41494.9025482,64208.6517032,65229.2619591,1925.09620854,1925.09620854,1925.09620854,-70.8198574373,1412.94082348,3960.54685105,670.210366178,-407.057832882,272.220662184,-189.710596049,3596.62347895,2567.13365138,6163.75713033,0,15,38,2567.13365138,0,0
2025-10-15,42988.0567158,39884.4964263,963.397028794,2140.16326064,270.748721289,43258.8054371,59.6767161781,10097.1153888,9593.17842462,363.789702228,9.09494701773e-13,18636.3428731,15548.9809949,65248.623128,41811.2904839,65217.7371043,65311.4985142,1917.48097957,1917.48097957,1917.48097957,97.9989692405,1454.16429755,3222.69296446,667.631814379,574.743962907,271.165036941,387.778090162,3121.63801302,3058.7626268,6180.40063982,4,14,48,3058.7626268,2.18278728426e-11,-3.97903932026e-13
2025-10-16,43197.2020539,41688.0145354,20.5912409348,1488.59627751,747.770931721,43944.9729856,150.542782475,9593.17842462,9720.82630649,200.644912732,0,20642.1292892,16605.2416305,65028.2571735,41729.1970173,65035.5794076,67053.4627389,1909.86575059,1909.86575059,1909.86575059,1905.76114394,1471.63592387,1460.6127798,665.053262579,823.245875037,273.747714464,315.011361769,2107.47451312,82.2689477209,2189.74346084,8,10,14,82.2689477209,0,0
2025-10-17,18325.4529683,17968.8614966,192.54551272,164.045958945,0,18325.4529683,0,9720.82630649,9646.27879527,213.094159421,14032.6944698,17611.5285774,14332.4309078,33609.3900884,18353.9525221,33450.5682695,33529.0856155,1913.49516978,1913.49516978,1913.49516978,2903.29644445,1469.24733794,1512.53626716,676.32889587,-650.887050743,282.105080901,329.640718073,257.448146492,337.752619365,595.200765857,0,0,13,337.752619365,-7.27595761418e-12,0
2025-10-18,18748.0226998,18310.3241652,195.020305203,242.678229386,0,18748.0226998,0,9646.27879527,10031.1244704,59.4869736498,14095.0631893,17666.3294051,13963.3657105,33958.9355773,18697.5103146,33966.2185021,33934.1071242,1969.51738897,1969.51738897,1969.51738897,-1286.52185994,1477.99680512,-3181.3687587,673.269631024,499.821445981,297.026388183,-2.13792530669,380.975140208,405.803593362,786.778733569,0,9,24,398.981019153,-3.63797880709e-12,0
2025-10-19,43429.5677712,42331.9031769,51.8895852567,1045.77500902,375.637559696,43805.2053309,78.7502205065,10031.1244704,9547.94413465,375.133736858,0,20100.6495693,16716.3884533,66154.475518,42428.4567593,66308.7652001,67566.3671657,1925.09620854,1925.09620854,1925.09620854,1287.29031617,1476.41309574,1516.36706443,670.210366178,1597.11806234,293.114078277,362.543276336,1636.60892866,224.717280954,1861.32620961,4,10,16,207.149597653,-1.45519152284e-11,1.08002495836e-12
2025-10-20,44457.6445257,43688.9861116,487.685795051,280.972618972,0,44457.6445257,0,9547.94413465,9480.18021827,733.521540826,0,19914.0652116,16191.3803461,69534.4111191,44664.3577017,69544.4371456,68896.988773,1921.22919562,1921.22919562,1921.22919562,-974.284661359,1482.74793327,430.906712381,682.447425562,566.034778742,308.763317901,512.85152973,441.441754616,1078.86410077,1520.30585538,0,9,44,1078.86410077,-7.27595761418e-12,0
2025-10-21,45121.8174372,43875.6698843,6.69233854427,1239.45521432,0,45121.8174372,0,9480.18021827,9625.9135545,303.440730334,0,20411.1476177,16401.8695677,68923.0026165,43889.0545614,68887.7665223,70775.3001303,1917.3621827,1917.3621827,1917.3621827,1731.63790018,1481.16422388,1034.00120436,679.388160716,440.090824981,314.077068184,348.219022728,1874.01822607,21.7207122656,1895.73893834,0,9,11,21.7207122656,-7.27595761418e-12,0
2025-10-22,44830.1126022,42970.6908995,416.113911721,1443.30779097,1330.4900627,46160.6026649,229.697533436,9625.9135545,9532.26653099,240.662595402,0,20877.4966591,16995.054615,68325.6523285,43802.9187229,68345.2994857,69448.303806,1913.49516978,1913.49516978,1913.49516978,1215.53302121,1479.5805145,2422.71747628,676.32889587,897.517667416,316.422400419,714.159230289,2170.28565843,1047.63418093,3217.91983936,6,10,44,1047.63418093,7.27595761418e-12,3.18323145621e-12
2025-10-23,46438.4437594,42025.6238984,2550.84387132,1861.97598967,0,46438.4437594,0,9532.26653099,9695.87890204,353.851496128,2.50111042988e-12,20307.9469134,16302.1858659,73719.5433751,47127.311641,73709.7125607,67739.109577,1909.62815686,1909.62815686,1909.62815686,-6211.91913921,1489.66608494,2373.07132496,685.94090845,965.040385005,319.350477761,286.420401828,2338.25063312,8318.68443123,10656.9350643,0,21,55,8318.68443123,0,0
2025-10-24,18932.1569041,18548.4977328,85.2090761029,298.450095216,0,18932.1569041,0,9695.87890204,9497.61816184,266.01987434,12587.3971016,18158.0641465,14886.4666248,34213.3830152,18718.915885,34063.2505172,34545.0652143,1905.76114394,1905.76114394,1905.76114394,-368.924587673,1511.00385412,438.807529822,687.677780617,-40.9385827797,318.538958393,438.275771346,468.611795199,136.929596171,605.541391371,0,0,3,136.929596171,-7.27595761418e-12,0
2025-10-25,18518.2638123,18222.92093,29.4387774227,265.904104812,0,18518.2638123,0,9497.61816184,9336.33544693,86.0314533817,11341.6600312,17905.5993116,14648.6898859,33713.1231982,18281.7984849,33698.2536365,34083.0336437,1902.01292788,1902.01292788,1902.01292788,-56.8642790104,1505.66941182,1738.07504262,687.243562575,1262.68151253,321.785035865,612.741663861,417.590340804,47.6798953931,465.270236197,0,0,2,47.6798953931,3.63797880709e-12,0
2025-10-26,45786.4489095,42643.4534151,1449.99338722,1693.0021071,0,45786.4489095,0,9336.33544693,9854.6020244,87.4821361597,0,20554.7666998,16182.9211071,71142.9993192,45543.4401896,71300.8905789,69003.6397455,1898.26471183,1898.26471183,1898.26471183,-2290.36354177,1511.92330194,2301.16390778,694.374974342,559.158280277,326.823052937,121.646489193,2376.03832391,4515.39789764,6891.43622155,0,13,39,4515.39789764,0,0
2025-10-27,45008.6435044,42677.6454583,483.520581757,1847.47746432,92.4852677333,45101.1287721,19.7449333333,9854.6020244,9500.0790978,587.865772217,288.45514318,19399.4799327,16032.6493794,67557.7779967,43540.3021056,67587.109063,67775.988202,1894.51649578,1894.51649578,1894.51649578,-262.956108772,1513.85628515,-2151.21498161,692.142576433,488.855954221,325.414220369,464.894827323,2408.19423663,2189.98403136,4598.17826799,1,13,16,1950.7290428,0,-7.24753590475e-13
2025-10-28,45641.612613,44603.1951612,20.708458467,1017.70899334,0,45641.612613,0,9500.0790978,9876.08566345,589.591247023,0,19580.6817311,15521.9462931,69178.8930519,44644.6120781,69153.9772076,70620.748385,1890.76827973,1890.76827973,1890.76827973,912.957918556,1513.19627615,738.725229424,689.910178525,-56.6911116758,331.208055794,-52.151863534,1507.42776611,65.5724330232,1573.00019914,0,9,12,65.5724330232,7.27595761418e-12,0
2025-10-29,47738.0781194,46000.9142062,28.0081114847,1709.15580171,0,47738.0781194,0,9876.08566345,9738.40371237,710.05700267,0,20335.1005689,16595.3452168,71503.9560698,46056.9304291,71526.4434985,73762.0691548,1887.02006368,1887.02006368,1887.02006368,1614.17434712,1512.53626716,1445.86616597,687.677780617,97.633654002,329.640718073,212.014560977,2355.88572405,97.7726390866,2453.65836314,0,10,14,97.7726390866,7.27595761418e-12,0
2025-10-30,45248.6951356,43506.6209659,618.459704948,1123.6144647,17.0583473333,45265.7534829,3.64183333333,9738.40371237,9785.44087473,502.158418836,0,20609.1623092,16651.0880243,69239.696049,44743.5403758,69228.8260976,69244.4085204,1884.74489294,1884.74489294,1884.74489294,-561.13472717,1512.22978455,1689.08404078,687.243562575,500.815981504,328.231885505,227.600140205,1755.11413036,1750.40165899,3505.51578935,1,12,26,1750.40165899,-7.27595761418e-12,1.2896350654e-11
2025-10-31,19819.9921506,19596.2337185,100.766314337,122.992117701,0,19819.9921506,0,9785.44087473,9919.10206842,338.480682646,7829.898949,17773.2196429,14276.0128365,35603.867303,19795.7272624,35439.7569935,35569.8785048,1882.46972219,1882.46972219,1882.46972219,1283.82658258,1514.51629414,921.978369208,686.809344533,130.425478828,326.823052937,-55.800334384,193.071813707,227.060611917,420.132425624,0,9,25,222.186629575,7.27595761418e-12,0
2025-11-01,19664.8841632,19374.0629437,96.4717602301,194.349459235,0,19664.8841632,0,9919.10206842,10216.7164373,165.311682543,9041.35793839,18030.6821394,14336.9996009,35344.3648845,19567.0064642,35336.4912175,35444.3905928,1880.19455145,1880.19455145,1880.19455145,708.905854668,1513.85628515,478.954107961,686.375126492,-231.725784418,325.414220369,-257.677301689,305.080468176,205.054759898,510.135228073,0,9,25,205.054759898,0,0
2025-11-02,47708.1676596,45396.2730052,322.989408743,1988.90524569,0,47708.1676596,0,10216.7164373,9620.19698301,1271.66282121,0,20524.2954949,17161.5468597,71335.6869564,46042.2518226,71525.2115364,73430.7953897,1877.91938071,1877.91938071,1877.91938071,948.551030107,1513.19627615,-1254.47237544,685.94090845,-82.5589501154,324.005387801,255.786971676,2672.30365627,577.195223005,3249.49887928,0,9,30,577.195223005,7.27595761418e-12,0
2025-11-03,47729.1337933,46914.8750744,484.797028702,329.461690207,0,47729.1337933,0,9620.19698301,10078.0747549,180.321365024,0,20588.0638036,16264.2416862,74684.6196808,47884.4691318,74679.2420487,74009.0737658,1875.64420997,1875.64420997,1875.64420997,-1037.94831198,1512.53626716,77.0732754687,685.506690408,-253.243069213,322.596555233,-127.475708862,517.406588803,1192.95250387,1710.35909267,0,1,34,1192.95250387,2.91038304567e-11,0
2025-11-04,46339.5261399,44892.4059038,562.511057909,884.609178188,155.817178033,46495.3433179,33.59955,10078.0747549,9392.77037843,415.029188171,128.403684946,19678.5763092,16556.4207493,71556.8501053,46017.4280196,71547.4394745,71212.0609164,1874.91978383,1874.91978383,1874.91978383,-405.047150888,1512.22978455,-660.592755111,682.447425562,727.058838298,321.785035865,545.950549353,1316.95874933,1661.74793825,2978.70668758,2,9,31,1661.74793825,0,-5.31485966349e-12
2025-11-05,48786.362183,46430.2082054,839.84431554,1516.30966204,0,48786.362183,0,9392.77037843,9947.53328881,264.793301868,0,21551.7574281,16957.6368974,75118.1800043,48109.8968365,75108.9370621,74536.9338992,1874.1953577,1874.1953577,1874.1953577,-1054.59370194,1511.92330194,1703.60954724,686.809344533,-62.4741111812,326.823052937,33.5648766509,2214.30468516,2795.55079024,5009.8554754,0,5,28,2795.55079024,-1.45519152284e-11,0
2025-11-06,49083.069565,46024.7006412,271.776222177,2786.59270159,0,49083.069565,0,9947.53328881,9578.71597628,260.050100047,0,20800.3360769,17180.2078036,72326.7648334,46568.2530855,72339.3929059,75249.7629234,1873.47093157,1873.47093157,1873.47093157,2749.02569098,1513.85628515,505.400789124,686.375126492,-132.901679468,325.414220369,381.079077828,3328.3123718,405.314281837,3733.62665363,0,0,2,405.314281837,7.27595761418e-12,0
2025-11-07,20348.7045067,20209.6302393,44.2095275544,94.8647398561,0,20348.7045067,0,9578.71597628,10153.3503035,372.188781659,9119.06753399,17974.7346625,14042.3641821,36698.9043457,20298.0492944,36535.5446047,36742.0885794,1877.91938071,1877.91938071,1877.91938071,-1316.50016981,1513.19627615,-3376.66807493,685.94090845,-375.883387948,331.208055794,-230.108051923,149.003166617,105.818932943,254.822099561,0,9,20,105.818932943,7.27595761418e-12,0
2025-11-08,19936.6921272,19696.8388289,119.564278511,120.289019847,0,19936.6921272,0,10153.3503035,10044.7876601,476.058311347,8683.83752561,17134.8454813,13976.9312189,36145.1234965,19935.9673859,36136.8449232,36109.0171993,1875.64420997,1875.64420997,1875.64420997,-2133.1046163,1512.53626716,1430.05496263,685.506690408,-268.297987002,329.640718073,-147.747469951,189.043297695,225.149594854,414.19289255,0,9,14,225.149594854,0,0
2025-11-09,49515.5895538,47206.3034287,378.667128973,1930.61899609,0,49515.5895538,0,10044.7876601,9820.55808607,660.594489835,0,20773.0271238,17027.9585869,74273.3134678,47963.6376867,74461.116216,75752.4802101,1874.91978383,1874.91978383,1874.91978383,750.99773767,1512.22978455,2063.95086532,682.447425562,669.715069649,328.231885505,45.4838385235,2366.04905427,886.882312033,3252.9313663,0,21,44,886.882312033,-1.45519152284e-11,0
2025-11-10,51011.1057645,48480.5579469,16.2834987622,2514.26431882,0,51011.1057645,0,9820.55808607,9640.27192723,656.231850072,0,20690.8661249,16921.8591041,75267.1252003,48513.1249444,75246.0754893,78283.6819709,1874.1953577,1874.1953577,1874.1953577,2548.85613844,1514.51629414,432.862054021,679.388160716,552.771349975,326.823052937,244.913617254,3075.81634198,59.259571463,3135.07591344,0,9,12,59.259571463,2.18278728426e-11,0
2025-11-11,49518.5172047,48532.9657508,495.121954249,490.42949958,8.98527416667,49527.5024788,2.05166666667,9640.27192723,9793.68889101,283.945831647,0,20861.0391302,16759.366428,76461.0624546,49523.2096593,76474.467692,75942.5865338,1880.19455145,1880.19455145,1880.19455145,-778.643899349,1513.85628515,417.272744079,676.32889587,353.047081208,325.414220369,200.058240337,769.235066874,1287.71098774,2056.94605462,1,9,31,1287.71098774,1.45519152284e-11,2.65387711806e-12
2025-11-12,50102.5314339,47309.0391616,632.16860959,2161.32366265,0,50102.5314339,0,9793.68889101,9705.2701673,1021.66074919,6.94726067958,20727.0236159,16868.4659802,75115.3862141,48503.4141248,75088.5582399,75843.1533955,1877.91938071,1877.91938071,1877.91938071,-194.822395828,1513.19627615,-2025.25171144,673.269631024,352.938531862,324.005387801,199.469180663,2615.29568905,1887.52850764,4502.82419669,0,14,28,1740.64903024,-7.27595761418e-12,0
2025-11-13,50223.9675065,48104.7795626,15.312238416,2103.87570548,9.41733813333,50233.3848446,2.01053333333,9705.2701673,9801.15853249,162.996013755,0,19929.8627693,16056.8893145,74235.9119493,48135.4040395,74233.9057935,76429.8302519,1875.64420997,1875.64420997,1875.64420997,2112.49833174,1512.53626716,1709.68126641,670.210366178,1157.21189423,322.596555233,38.4531533203,2253.65456691,59.736264272,2313.39083118,1,0,3,59.736264272,0,-2.16004991671e-12
2025-11-14,20282.9793781,19972.4225577,34.55886483,275.997955618,0,20282.9793781,0,9801.15853249,9830.45234478,345.249880943,5075.06817634,17952.0765128,14514.8175443,36110.5265718,20041.5402873,35948.1787973,36456.0323258,1884.74489294,1884.74489294,1884.74489294,2360.26999589,1515.17630314,3070.97701559,682.447425562,141.18923368,321.785035865,36.0604760417,433.460979575,87.9552256229,521.416205198,0,0,8,87.9552256229,-7.27595761418e-12,0
2025-11-15,20110.1862023,19768.018794,90.0357753601,252.131632954,0,20110.1862023,0,9830.45234478,9752.58072135,150.063108223,4568.84692189,18140.9667878,14764.2675592,36116.3946598,19948.0903448,36147.7540323,36307.4961754,1898.26471183,1898.26471183,1898.26471183,-116.342530172,1516.15476351,82.0000520027,679.388160716,493.900730448,320.973516497,170.678595612,354.984450372,163.882934835,518.867385207,0,0,10,163.882934835,0,0
2025-11-16,51645.0879182,49554.8636951,29.9758239235,2060.24839921,0,51645.0879182,0,9752.58072135,9907.09618627,490.821107933,0,21451.51974,17236.6670709,76660.4611084,49614.8153429,76782.4631656,79140.2181603,1894.51649578,1894.51649578,1894.51649578,1738.16915628,1516.04861305,908.929232073,676.32889587,283.879950838,320.161997129,107.696880796,2615.17014758,135.413095718,2750.5832433,0,9,18,135.413095718,-7.27595761418e-12,0
2025-11-17,51542.3379933,48869.4090454,338.266984377,2334.66196351,0,51542.3379933,0,9907.09618627,10007.5173234,1373.42295224,98.0033741147,20569.3816188,16570.8200878,76121.0165637,49504.321171,76143.353076,78165.7421907,1890.76827973,1890.76827973,1890.76827973,397.153181769,1515.94246259,-1967.86794491,673.269631024,-468.259172692,319.350477761,-59.0168490494,2961.58139136,916.855764369,3878.43715573,0,10,19,822.496564288,1.45519152284e-11,0
2025-11-18,51912.7314228,48740.3373923,195.22693214,2977.16709838,0,51912.7314228,0,10007.5173234,9852.90021788,184.746129496,0,21651.8979305,17677.1927187,75920.1479774,49130.7912565,75929.4568766,79050.0031746,1887.02006368,1887.02006368,1887.02006368,2745.06906143,1515.83631213,3291.7558814,670.210366178,616.466238111,318.538958393,17.0898354019,3622.7430846,492.887887348,4115.63097195,0,24,38,492.887887348,1.45519152284e-11,0
2025-11-19,54259.4333018,48606.5667458,444.229356168,5208.63719986,6.3010575,54265.7343593,1.385,9852.90021788,9532.64348242,853.385196983,1.81898940355e-12,20819.0918379,17151.6954506,76311.0165845,49391.4756625,76292.9638866,79887.7081843,1902.01292788,1902.01292788,1902.01292788,3006.52759582,1516.26091397,-1877.76639654,670.111306873,308.263232361,317.833439068,440.737523431,5197.02826181,1620.33666205,6817.36492386,1,2,3,1390.54297983,7.27595761418e-12,2.76223488527e-13
2025-11-20,51377.2003477,50034.10388,9.11155590283,1333.98491184,0,51377.2003477,0,9532.64348242,9731.58243745,250.829819697,0,21900.0753164,17560.0159468,77342.1957697,50052.3269918,77341.4212145,79383.9652227,1917.3621827,1917.3621827,1917.3621827,1730.31551421,1516.15476351,1338.95611458,670.012247567,402.399335892,320.973516497,192.902096152,2070.12595087,28.3564978778,2098.48244875,0,9,12,28.3564978778,7.27595761418e-12,0
2025-11-21,21156.7006689,20170.376858,153.899772086,832.42403876,0,21156.7006689,0,9731.58243745,10085.1114665,241.225463796,4693.05148605,17988.3719762,14252.4051745,36796.9774779,20478.1764022,36635.9710691,37534.6278182,1913.49516978,1913.49516978,1913.49516978,1507.79593333,1516.04861305,-2486.1280103,669.913188261,-138.813456697,320.161997129,-64.8637321456,984.938477309,247.288137038,1232.22661435,0,0,1,247.288137038,3.63797880709e-12,0
2025-11-22,20686.9354543,20419.7460708,30.5802954932,236.609087961,0,20686.9354543,0,10085.1114665,9819.25429811,186.52633794,3655.26509318,17927.9135957,14760.8814641,36937.3288613,20480.9066618,36956.3763026,37228.6530461,1909.62815686,1909.62815686,1909.62815686,-447.977298423,1515.94246259,-500.132430733,669.814128955,20.9214626299,319.350477761,125.302978726,371.627653696,80.3034689354,451.931122631,0,0,8,80.3034689354,3.63797880709e-12,0
2025-11-23,52780.6069954,49937.4334636,431.766147303,2411.40738453,0,52780.6069954,0,9819.25429811,9825.29789667,335.357969339,87.4086425181,20914.9330673,16935.6565458,78215.1783872,50799.1920285,78368.6319035,79634.1394167,1905.76114394,1905.76114394,1905.76114394,972.876430272,1515.83631213,-969.626361648,669.715069649,-48.0147857535,318.538958393,130.084269526,2333.76079725,914.799767809,3248.56056506,0,1,34,910.902317311,7.27595761418e-12,0
2025-11-24,50748.6491711,49615.9058159,157.148846273,975.594508969,88.2449986667,50836.8941698,18.8396666667,9825.29789667,9515.29712303,169.182199752,0,20811.9483126,17136.6788295,76949.4870677,49930.2035084,76932.0219947,77987.5557162,1902.01292788,1902.01292788,1902.01292788,1113.71427198,1515.17630314,1292.48601793,667.235577155,904.014822886,317.833439068,483.988417354,1452.30897653,414.24032804,1866.54930457,1,10,24,414.24032804,1.45519152284e-11,2.33058017329e-12
2025-11-25,52870.6808719,52339.9201868,495.519187599,35.2414975736,0,52870.6808719,0,9515.29712303,9819.69765022,206.937018845,0,21103.9189156,16820.2138472,81968.455249,53330.958562,81994.8156777,80659.302554,1898.26471183,1898.26471183,1898.26471183,-1358.21547233,1514.51629414,-310.191587593,670.012247567,104.31459072,320.973516497,180.476691128,55.3617264613,1364.51442148,1419.87614794,0,9,55,1364.51442148,1.45519152284e-11,0
2025-11-26,53526.5653673,51873.6587251,20.3054379038,1632.60120429,0,53526.5653673,0,9819.69765022,10049.0722391,611.843706951,0,21320.9772338,17063.5544294,79990.3139763,51914.2696009,79974.7250581,81626.9333947,1894.51649578,1894.51649578,1894.51649578,867.984041198,1513.85628515,106.993625517,669.913188261,-60.5646554449,320.161997129,-116.027616695,1712.37322406,75.7538056035,1788.12702967,0,9,14,75.7538056035,7.27595761418e-12,0
2025-11-27,52915.8384226,51019.6034616,173.272770662,1722.96219028,0,52915.8384226,0,10049.0722391,10009.7740867,524.141713671,0,20944.5581875,17000.460469,78863.5773259,51345.5506929,78865.5211122,80249.1321655,1890.76827973,1890.76827973,1890.76827973,722.367223295,1513.19627615,-546.59807847,669.814128955,110.911073436,319.350477761,-29.1407122185,2141.09246595,755.537626353,2896.6300923,0,10,12,710.276562731,7.27595761418e-12,0
2025-11-28,20936.8385187,20530.4749462,85.6391206636,320.724451909,0,20936.8385187,0,10009.7740867,9820.08856144,339.92746249,2972.03351059,18323.1445617,15012.4640677,37238.0240957,20701.7531875,37064.0416879,37543.880017,1887.02006368,1887.02006368,1887.02006368,1315.27434715,1512.53626716,-852.999600407,669.715069649,207.185146357,318.538958393,22.3230713398,461.382052225,155.526130915,616.90818314,0,0,10,155.526130915,-3.63797880709e-12,0
2025-11-29,21572.29244,20666.227441,273.932367544,632.132631469,0,21572.29244,0,9820.08856144,9754.50492084,51.4887983127,296.928370291,17892.3453724,14551.8250282,38144.0160615,21214.0921761,38159.4958583,38618.3876128,1884.74489294,1884.74489294,1884.74489294,697.29223592,1512.22978455,2140.02508818,667.235577155,-318.579098699,317.833439068,246.217669149,1003.8087188,529.437167475,1533.24588627,0,9,28,529.437167475,7.27595761418e-12,0
2025-11-30,55609.830919,53378.0262476,12.1700631495,2219.63460833,0,55609.830919,0,9754.50492084,9865.53500083,233.072915934,0,22530.3951583,18149.6930062,82188.1065411,53402.3663739,82362.2228339,84858.6031847,1882.46972219,1882.46972219,1882.46972219,2179.28975753,1514.51629414,988.764790709,664.756084661,217.380204014,317.127919743,129.156766374,2718.37253318,47.8758896494,2766.24842283,0,9,17,47.8758896494,-7.27595761418e-12,0
2025-12-01,64011.9039037,54095.628764,413.864610354,9502.41052938,2633.21682294,66645.1207267,545.214298206,9865.53500083,10530.3478947,548.970588027,0,25131.9170408,19758.5211986,83836.9895838,54866.8100358,83830.5497508,91676.0798654,1894.51649578,1894.51649578,1894.51649578,6507.98105967,1513.85628515,-336.546530828,662.276592167,-1428.60762779,316.422400419,-659.427600557,8480.95817192,641.867890354,9122.82606227,6,2,4,591.772584453,0,6.8212102633e-12
2025-12-02,65041.1500275,56218.4815654,415.396908196,8407.27155395,557.648237145,65598.7982647,95.7145762481,10530.3478947,10278.9391764,939.206306553,0,24127.4756268,19769.5231041,86879.4542689,57044.3266306,86878.9002157,93839.254203,1909.62815686,1909.62815686,1909.62815686,5664.08244009,1513.19627615,-561.68685189,659.797099673,-1098.53280668,315.716881094,-324.328095341,7605.32205809,645.52212405,8250.84418214,3,1,3,634.303009985,2.91038304567e-11,-2.72848410532e-12
2025-12-03,63299.5171286,57781.6341226,538.483853721,4979.39915222,18.0288368962,63317.5459655,3.08633688199,10278.9391764,10650.9972288,1341.27164827,0,22755.0499776,18096.7382348,88663.0580495,58858.6018301,88665.4978186,93159.2456209,1925.09620854,1925.09620854,1925.09620854,2408.84009238,1512.53626716,-2046.15648482,657.317607179,-2407.26325344,315.011361769,-882.545818255,5297.8822495,801.694678066,6099.57692756,1,0,2,801.694678066,0,2.56505927609e-12
2025-12-04,62872.4953838,60162.7543043,554.231156871,2155.50992263,524.903719501,63397.3991033,93.1434647638,10650.9972288,10679.5508617,1856.97911964,0,22187.6058942,17946.2625047,91715.8277865,61271.216618,91729.3611136,92776.3877944,2075.0179071,2075.0179071,2075.0179071,-1010.57706267,1512.22978455,-2160.44895392,656.658522281,-2354.82505028,314.544214977,-898.695118893,2086.30704926,1025.74704142,3112.05409068,2,0,14,1025.74704142,-2.91038304567e-11,-2.27373675443e-13
2025-12-05,26610.7649928,23918.0259468,311.075902438,2381.66314359,0,26610.7649928,0,10679.5508617,10613.9501958,1278.83185759,0,18696.3035116,15203.0464437,43157.1093863,24540.1777516,42997.4463024,46083.7166088,2037.53748246,2037.53748246,2037.53748246,1534.91357637,1511.92330194,-594.32640444,655.999437384,-1195.9025191,314.077068184,-704.207903486,3424.39316419,497.785941631,3922.17910582,0,0,2,497.785941631,3.63797880709e-12,0
2025-12-06,27951.7909516,24886.714797,211.030472396,2854.04568224,0,27951.7909516,0,10613.9501958,10627.9918116,1008.10521409,0,18250.6182044,14770.3632913,44728.9105289,25308.7757417,44747.7056594,48152.9909439,2000.05705782,2000.05705782,2000.05705782,2120.02224752,1511.61681933,-87.1966408673,655.340352486,-1369.42028541,313.609921392,-791.070420972,3761.30716232,337.226747389,4098.53390971,0,0,2,337.226747389,7.27595761418e-12,0
2025-12-07,63138.6503517,60141.9329986,1966.8253017,1029.89205136,401.621114243,63540.2714659,68.9699825555,10627.9918116,10800,814.661472641,0,22930.3408829,18418.7687457,95584.9216112,64075.583602,95745.4456423,92909.9448774,2114.00311489,2114.00311489,2114.00311489,-4102.67825147,1511.31033672,-990.22768778,654.681267588,-2493.03545933,313.142774599,-934.620593875,1614.0272455,4289.0039793,5903.0312248,2,1,66,4289.0039793,1.45519152284e-11,2.50111042988e-12
2025-12-08,65668.8705606,64229.7287806,1399.36873008,39.7730498402,145.646953188,65814.5175137,24.9383304171,10800,10698.9819456,5101.45937894,0,20069.2558,16347.013447,99969.8597928,67028.4662408,100002.858482,96645.9745182,2112.49833174,2112.49833174,2112.49833174,-8112.95254702,1511.00385412,-4141.6795413,654.022182691,-2068.44754277,312.675627807,-1090.8537872,63.0075578436,3386.89283239,3449.90039024,2,9,57,3386.89283239,0,4.17799128627e-12
2025-12-09,64249.4470859,61812.9985584,1881.24777832,555.200749183,859.712639857,65109.1597258,148.095846428,10698.9819456,10531.7209163,3364.53397446,0,22011.7550555,17980.0565213,98113.5066758,65575.494115,98087.0107984,94636.5909289,2075.0179071,2075.0179071,2075.0179071,-6694.08809139,1505.66941182,-867.627493306,651.875823411,-1169.58287923,308.763317901,-714.933439382,872.182119321,4349.09786616,5221.27998549,3,10,73,4349.09786616,7.27595761418e-12,3.29691829393e-12
2025-12-10,62456.8247517,60785.1293453,359.710459168,1311.98494721,21.480628222,62478.3053799,3.6981369066,10531.7209163,10379.4486769,1717.37265156,0,22233.0126765,18145.7852835,92872.4769344,61504.5502636,92848.211613,94188.5203744,2037.53748246,2037.53748246,2037.53748246,-462.740742578,1500.33496953,-181.380756382,649.729464132,-903.065212183,304.851007995,-415.24447699,2008.87147444,692.828034517,2701.69950896,1,9,32,692.828034517,7.27595761418e-12,3.6202152387e-12
2025-12-11,61536.5674686,59591.1244629,1254.63513274,690.807872944,367.875837684,61904.4433063,63.1111167351,10379.4486769,10234.5974463,1981.82676001,0,21820.2204484,17804.7446707,93673.6533435,62100.3947284,93679.9400227,91895.4461209,2000.05705782,2000.05705782,2000.05705782,-3759.8297549,1495.00052724,96.2793914484,647.583104853,-307.573689229,300.938698089,-318.780327151,1083.14796027,2861.35518284,3944.50314311,2,9,73,2861.35518284,-3.63797880709e-11,9.26547727431e-12
2025-12-12,27186.7906288,25159.2797673,302.009809273,1725.50105222,0,27186.7906288,0,10234.5974463,9972.18786692,842.239885884,230.937625578,17891.5546289,14728.3278709,46003.7492093,25763.2993858,45824.028217,47950.8177528,1962.57663318,1962.57663318,1962.57663318,1154.67976039,1489.66608494,-1033.13185007,645.436745573,-509.395571145,297.026388183,-89.9148132745,2446.41856289,499.35001941,2945.7685823,0,0,14,499.35001941,-1.45519152284e-11,0
2025-12-13,26781.8098757,25637.8133443,139.176401796,1004.82012961,0,26781.8098757,0,9972.18786692,10060.0273738,343.715408367,0,18140.0772443,14614.4070117,46556.4874443,25916.1661479,46582.506594,47667.9190243,1925.09620854,1925.09620854,1925.09620854,565.127909641,1484.33164265,-561.271776122,643.290386294,-575.978399715,293.114078277,-176.253989963,1356.88133907,245.449759064,1602.33109813,0,0,4,245.449759064,-7.27595761418e-12,0
2025-12-14,62259.4528108,58925.289126,26.8826298716,3307.28105493,186.770891031,62446.2237018,31.9731046874,10060.0273738,10196.6221616,335.221544154,0,23923.4045263,19255.0223572,89662.3821489,58979.0543858,89808.7205069,93750.3524086,1921.22919562,1921.22919562,1921.22919562,3085.7401547,1482.74793327,1913.30801741,637.925556657,-441.287288794,291.775342987,-256.612880746,4146.52172217,58.5514625059,4205.07318468,1,9,21,58.5514625059,1.45519152284e-11,9.37916411203e-13
2025-12-15,62677.4202744,60572.136998,90.5274120606,2014.75586437,143.996816823,62821.4170913,24.7138311944,10196.6221616,9944.90205882,1239.67050134,0,21986.9656947,18035.9903052,92052.9265045,60753.1918221,92063.0775048,94635.4900263,2037.53748246,2037.53748246,2037.53748246,1383.70272698,1500.33496953,1055.721297,632.560727021,451.8281656,290.436607697,36.8360635005,2831.25764028,248.694118505,3079.95175878,2,9,23,248.694118505,-7.27595761418e-12,-4.83169060317e-13
2025-12-16,62607.1837565,61018.7633603,466.917311087,1121.50308504,122.114975676,62729.2987321,20.9453395159,9944.90205882,9802.69735566,677.767157714,0,22236.8324201,18139.8184932,93451.9711979,61952.5979825,93439.0230374,94171.9270785,2000.05705782,2000.05705782,2000.05705782,113.588792599,1495.00052724,1503.74139967,627.195897384,542.889560187,289.097872407,196.816307415,1757.0024061,1037.04652544,2794.04893154,3,10,57,1037.04652544,7.27595761418e-12,-3.2684965845e-12
2025-12-17,61031.0700015,59581.806302,592.841730271,856.421969221,226.657731582,61257.727733,38.9533994862,9802.69735566,9657.63123124,64.8818903712,0,22519.9987496,18371.7584992,92531.0292109,60767.4897625,92517.7410414,92366.015808,1962.57663318,1962.57663318,1962.57663318,-137.24704697,1505.19389056,1393.30364854,621.831067747,1214.0761638,287.759137117,314.903741382,1340.7331713,1505.74657416,2846.47974545,2,0,37,1505.74657416,7.27595761418e-12,-7.1054273576e-12
2025-12-18,61408.1230727,58987.9828334,274.032065094,2146.10817417,56.5875365366,61464.7106092,9.6871585272,9657.63123124,9761.43406981,388.658921021,0,23025.7345128,18557.4224007,90402.5137205,59534.9922592,90445.3112085,92213.5508413,1925.09620854,1925.09620854,1925.09620854,1375.09142485,1503.74139967,-257.729689151,643.290386294,680.501107682,293.114078277,243.876524078,2401.67131489,590.634194068,2992.30550896,1,1,8,588.243116257,2.18278728426e-11,9.62785406955e-12
2025-12-19,26515.2866997,24176.2794746,459.49542397,1879.51180111,0,26515.2866997,0,9761.43406981,9425.44151943,298.85038187,1.36424205266e-11,18407.6556234,15212.5943503,44825.1219526,25018.7886311,44592.3040385,46402.302955,1921.22919562,1921.22919562,1921.22919562,1854.43211395,1499.85944827,-95.6308066443,651.875823411,1244.58932205,291.775342987,569.025089562,2850.38776065,1273.20675824,4123.59451888,0,11,20,1094.37578244,-1.45519152284e-11,0
2025-12-20,25979.7817198,25590.4358375,130.576069544,258.769812713,0,25979.7817198,0,9425.44151943,9608.44292844,42.0615634889,0,18399.4424283,14738.8470988,46502.5001218,25851.5879766,46560.3483538,46559.009143,1917.3621827,1917.3621827,1917.3621827,295.812527979,1495.97749686,687.362714096,655.999437384,718.40316498,304.851007995,416.875502073,406.207278739,349.69825761,755.905536349,0,9,28,349.69825761,-3.63797880709e-12,0
2025-12-21,62535.3026885,59575.8646066,538.08941034,2421.34867157,319.70007802,62855.0027665,54.9310806191,9608.44292844,9843.16168966,452.723258405,0,23457.3083972,18789.1729167,92272.3360395,60652.0434273,92422.5123186,94103.709525,1913.49516978,1913.49516978,1913.49516978,1249.55364148,1492.09554546,2426.49038592,662.276592167,-414.925928561,313.566873237,76.5281962738,3086.168093,1254.79460749,4340.9627005,2,17,48,1254.79460749,-7.27595761418e-12,1.53477230924e-12
2025-12-22,61348.61169,60221.1255372,9.31067900188,1118.17547373,90.2441940795,61438.8558841,16.4739310112,9843.16168966,9478.35243424,156.298461051,0,22570.9952677,18610.8344967,91484.7956386,60239.7468953,91460.9884315,93037.4123844,1909.62815686,1909.62815686,1909.62815686,1629.77525986,1505.19389056,1078.43837908,659.797099673,795.933357487,313.121250522,419.929054579,1578.8465873,26.2298415896,1605.07642889,1,0,5,26.2298415896,-7.27595761418e-12,1.02318153949e-11
2025-12-23,61342.7689528,59339.3179637,775.242016915,1228.2089721,0,61342.7689528,0,9478.35243424,9771.20170317,510.145872644,0,23198.5765968,18527.2827014,92586.1682628,60889.8019976,92589.6882,92439.5323014,1905.76114394,1905.76114394,1905.76114394,-714.15085603,1503.74139967,1575.03020091,669.715069649,1357.4530351,314.903741382,202.829004782,1852.62298274,1999.25894417,3851.8819269,0,18,56,1999.25894417,0,0
2025-12-24,60758.8023122,59650.2572205,50.6457578637,1057.8993338,214.243622955,60973.0459352,36.88450081,9771.20170317,9557.42391011,404.06840106,0,22964.8387832,18793.9194281,90903.6142801,59751.5487363,90917.8374649,92392.662572,1902.01292788,1902.01292788,1902.01292788,1218.89344632,1509.55136323,1269.68102858,670.111306873,1335.85888749,314.458118667,375.526139233,1646.71820736,157.669915539,1804.3881229,1,9,33,157.669915539,0,2.84217094304e-12
2025-12-25,60905.1122751,58486.7556935,35.320547521,2383.03603403,39.4716177126,60944.5838928,6.79549241845,9557.42391011,9534.99980133,279.083620735,0,23278.8733309,18876.0690959,89370.9876615,58557.3967886,89366.0028439,92487.5408966,1898.26471183,1898.26471183,1898.26471183,2940.99325131,1508.09887234,3083.58519655,676.38481108,352.545029356,314.968313614,333.277949313,3196.59686016,80.0436250402,3276.6404852,1,11,26,80.0436250402,-1.45519152284e-11,3.25428572978e-12
2025-12-26,26763.8117933,24822.5776576,0,1941.23413576,0,26763.8117933,0,9534.99980133,9985.30954778,238.924853853,0,18454.1573097,14542.5886491,44691.1461735,24822.5776576,44506.3252253,47158.1159478,1913.49516978,1913.49516978,1913.49516978,2305.6087414,1511.61681933,939.735888824,674.32666278,558.871601091,316.422400419,36.6907496086,2466.96977429,0,2466.96977429,0,0,0,0,0,0
2025-12-27,26057.6411726,24809.4131378,24.3180434178,1223.90999131,0,26057.6411726,0,9985.30954778,9767.36401973,104.276997795,0,18119.5330627,14872.972756,44893.335474,24858.0492247,44932.6052913,46689.6463711,1962.57663318,1962.57663318,1962.57663318,1796.51343937,1511.31033672,1428.25565572,672.268514479,599.078332807,315.716881094,177.582279174,1909.12134968,112.810452585,2021.93180226,0,10,13,112.810452585,0,0
2025-12-28,60407.2332378,59792.3674055,271.522141649,343.343690641,523.724740962,60930.9579788,90.5188693474,9767.36401973,9905.95072759,409.536406568,0,21848.7078704,17572.7253379,91561.8112778,60333.2526487,91719.2794784,91404.2548197,1925.09620854,1925.09620854,1925.09620854,-468.140907845,1511.00385412,-217.3268626,670.210366178,121.400215504,315.011361769,7.77406057375,513.037627445,670.594085615,1183.63171306,3,9,43,665.432145459,0,3.52429196937e-12
2025-12-29,60398.0513705,59116.916564,212.393612423,1068.74119407,60.129237989,60458.1806085,10.2934585276,9905.95072759,9596.77393422,539.975147337,0,22069.4218791,18154.4908361,90710.8084692,59541.7037888,90717.2517739,91968.3789985,1921.22919562,1921.22919562,1921.22919562,937.496881758,1509.55136323,367.873071236,670.111306873,53.5074583509,314.989837692,398.33451633,1621.41458346,363.844054154,1985.25863761,1,6,28,363.844054154,1.45519152284e-11,3.28981286657e-12
2025-12-30,59973.6821645,58495.0150975,280.050397317,1198.61666964,204.860902926,60178.5430674,35.0699140505,9596.77393422,9616.45027963,282.25454138,0,22586.0941183,18277.027525,90160.4479876,59055.1158921,90127.5325798,90780.6538207,1917.3621827,1917.3621827,1917.3621827,538.123723532,1508.09887234,-175.709629477,670.012247567,286.034207357,317.127919743,343.352097522,1353.70100454,733.495171411,2087.19617595,1,0,13,733.495171411,-1.45519152284e-11,1.04876107798e-11
2025-12-31,75321.3104677,59023.8628409,29.0157937159,16268.4318331,10751.9655771,86073.2760448,2123.34178013,9616.45027963,6000,16301.2367913,5.68434188608e-14,14439.5435624,14950.8355372,90260.4572899,59081.8944283,90299.8182872,102313.02597,1913.49516978,1913.49516978,1913.49516978,2766.05674025,1506.64638145,2326.77163069,669.913188261,787.097939137,320.161997129,614.301453234,12177.965803,125.397123186,12303.3629261,19,4,11,125.397123186,2.91038304567e-11,0
