date,t,time_end,L_actual_kw,P_act_kw,L_fc_kw,P_fc_kw,x_plan_kwh,y_used_kwh,r_purchase_waste_kwh,u_charge_kwh,v_discharge_kwh,e_emergency_kwh,w_pv_waste_kwh,g_pv_used_kwh,E_end_kwh,physical_slot0,decision_date,plan_slot0,price_actual,total_cost_yuan,period_start,period_end,L_commit_fc_kw,P_commit_fc_kw,forecast_issue_hour,x0_kwh,x3_kwh,price_fc,E_start_kwh
2025-03-17,1,00:10,3395.9681,0,3489.64827392,0,560.383292769,560.383292769,0,0,5.61139056404,0,0,0,10793.7651216,0,2025-03-16,143,0.4193,234.968714658,00:00,00:10,3362.29975662,0,0,560.383292769,560.383292769,0.423437747239,10800
2025-03-17,2,00:20,3401.7395,0,3491.20870557,0,581.868117595,573.884226005,7.98389158991,6.92764267166,0,0,0,0,10800,1,2025-03-17,0,0.4217,245.37378519,00:10,00:20,3491.20870557,0,0,581.868117595,581.868117595,0.429807877903,10793.7651216
2025-03-17,3,00:30,3555.85,0,3448.73190608,0,574.788651014,574.788651014,0,0,17.8530156528,0,0,0,10780.1633159,2,2025-03-17,1,0.4315,248.021302912,00:20,00:30,3448.73190608,0,0,574.788651014,574.788651014,0.434859275506,10800
2025-03-17,4,00:40,3411.405,0,3515.82562363,0,585.970937271,585.970937271,0,17.4034372709,0,0,0,0,10795.8264095,3,2025-03-17,2,0.4351,254.955954807,00:30,00:40,3515.82562363,0,0,585.970937271,585.970937271,0.437816971115,10780.1633159
2025-03-17,5,00:50,3254.9941,0,3510.6976775,0,585.116279583,547.136339461,37.979940122,4.63732279426,0,0,0,0,10800,4,2025-03-17,3,0.3985,233.168837414,00:40,00:50,3510.6976775,0,0,585.116279583,585.116279583,0.419950309448,10795.8264095
2025-03-17,6,01:00,3311.57,0,3462.07047551,0,577.011745918,551.928333333,25.0834125845,0,0,0,0,0,10800,5,2025-03-17,4,0.367,211.763310752,00:50,01:00,3462.07047551,0,0,577.011745918,577.011745918,0.416455254372,10800
2025-03-17,7,01:10,3503.657,0,3570.74811327,0,595.124685545,583.942833333,11.1818522116,0,0,0,0,0,10800,6,2025-03-17,5,0.4168,248.047968935,01:00,01:10,3570.74811327,0,0,595.124685545,595.124685545,0.458387602084,10800
2025-03-17,8,01:20,3563.2025,0,3562.60502703,0,593.767504506,593.767504506,0,0,0.0995788275334,0,0,0,10799.8893569,7,2025-03-17,6,0.4187,248.610454137,01:10,01:20,3562.60502703,0,0,593.767504506,593.767504506,0.458807444504,10800
2025-03-17,9,01:30,3459.71,0,3487.32175019,0,581.220291698,576.741270157,4.47902154023,0.122936824114,0,0,0,0,10800,8,2025-03-17,7,0.3873,225.106618975,01:20,01:30,3487.32175019,0,0,581.220291698,581.220291698,0.425116339861,10799.8893569
2025-03-17,10,01:40,3413.7832,0,3579.2494154,0,596.541569233,568.963866667,27.5777025665,0,0,0,0,0,10800,9,2025-03-17,8,0.4608,274.886355103,01:30,01:40,3579.2494154,0,0,596.541569233,596.541569233,0.45348598822,10800
2025-03-17,11,01:50,3514.2289,0,3607.33181932,0,601.221969886,585.704816667,15.5171532196,0,0,0,0,0,10800,10,2025-03-17,9,0.4936,296.763164336,01:40,01:50,3607.33181932,0,0,601.221969886,601.221969886,0.471133727818,10800
2025-03-17,12,02:00,3666.85,0,3554.61126154,0,592.435210256,592.435210256,0,0,18.7064564103,0,0,0,10779.2150484,11,2025-03-17,10,0.4552,269.676507709,01:50,02:00,3554.61126154,0,0,592.435210256,592.435210256,0.456037721406,10800
2025-03-17,13,02:10,3685.9538,0,3652.06378761,0,608.677297936,608.677297936,0,0,5.64833539778,0,0,0,10772.9391202,12,2025-03-17,11,0.4612,280.721969808,02:00,02:10,3652.06378761,0,0,608.677297936,608.677297936,0.44963860909,10779.2150484
2025-03-17,14,02:20,3608.4664,0,3639.8426995,0,606.640449917,606.640449917,0,5.22938325074,0,0,0,0,10777.6455651,13,2025-03-17,12,0.4623,280.449879997,02:10,02:20,3639.8426995,0,0,606.640449917,606.640449917,0.453034020164,10772.9391202
2025-03-17,15,02:30,3546.73,0,3530.00761415,0,588.334602358,588.334602358,0,0,2.78706430834,0,0,0,10774.548827,14,2025-03-17,13,0.4248,249.924539082,02:20,02:30,3530.00761415,0,0,588.334602358,588.334602358,0.464266079594,10777.6455651
2025-03-17,16,02:40,3583.8009,0,3535.13910614,0,589.189851024,589.189851024,0,0,8.11029897648,0,0,0,10765.5373837,15,2025-03-17,14,0.3831,225.718631927,02:30,02:40,3535.13910614,0,0,589.189851024,589.189851024,0.459760996904,10774.548827
2025-03-17,17,02:50,3615.4101,0,3545.78000766,0,590.963334611,590.963334611,0,0,11.6050153894,0,0,0,10752.6429222,16,2025-03-17,15,0.4041,238.808283516,02:40,02:50,3545.78000766,0,0,590.963334611,590.963334611,0.448391787362,10765.5373837
2025-03-17,18,03:00,3545.01,0,3467.5967591,0,577.932793184,577.932793184,0,0,12.9022068164,0,0,0,10738.3071368,17,2025-03-17,16,0.4501,260.127550212,02:50,03:00,3467.5967591,0,0,577.932793184,577.932793184,0.443870785338,10752.6429222
2025-03-17,19,03:10,3404.7037,0,3460.25168505,0,576.708614175,576.708614175,0,9.25799750873,0,0,0,0,10746.6393346,18,2025-03-17,17,0.4236,244.293768965,03:00,03:10,3460.25168505,0,0,576.708614175,576.708614175,0.452256459363,10738.3071368
2025-03-17,20,03:20,3499.1219,0,3580.61750857,0,596.769584762,596.769584762,0,13.5826014282,0,0,0,0,10758.8636759,19,2025-03-17,18,0.4269,254.760935735,03:10,03:20,3580.61750857,0,0,596.769584762,596.769584762,0.464432155188,10746.6393346
2025-03-17,21,03:30,3675.67,0,3732.55837893,0,622.093063155,622.093063155,0,9.4813964883,0,0,0,0,10767.3969327,20,2025-03-17,19,0.4562,283.798855411,03:20,03:30,3732.55837893,0,0,622.093063155,622.093063155,0.467744583454,10758.8636759
2025-03-17,22,03:40,3513.0181,0,3644.46328996,0,607.410548326,607.410548326,0,21.9075316593,0,0,0,0,10787.1137112,21,2025-03-17,20,0.4116,250.010181691,03:30,03:40,3644.46328996,0,0,607.410548326,607.410548326,0.45653421537,10767.3969327
2025-03-17,23,03:50,3576.8409,0,3570.98001496,0,595.163335827,595.163335827,0,0,0.97681417292,0,0,0,10786.0283621,22,2025-03-17,21,0.4279,254.6703914,03:40,03:50,3570.98001496,0,0,595.163335827,595.163335827,0.447189676712,10787.1137112
2025-03-17,24,04:00,3841.86,0,3594.69229684,0,599.115382807,599.115382807,0,0,41.1946171928,0,0,0,10740.2565652,23,2025-03-17,22,0.4981,298.419372176,03:50,04:00,3594.69229684,0,0,599.115382807,599.115382807,0.448385411186,10786.0283621
2025-03-17,25,04:10,3687.7281,0.0015,3577.64280866,0,596.273801443,596.273801443,0,0,18.3472985569,0,0,0.00025,10719.8706779,24,2025-03-17,23,0.4704,280.487196199,04:00,04:10,3577.64280866,0,0,596.273801443,596.273801443,0.459925813987,10740.2565652
2025-03-17,26,04:20,3473.9966,0,3603.25080517,0,600.541800862,600.541800862,0,21.5423675285,0,0,0,0,10739.2588087,25,2025-03-17,24,0.422,253.428639964,04:10,04:20,3603.25080517,0,0,600.541800862,600.541800862,0.453443632019,10719.8706779
2025-03-17,27,04:30,3502.58,0,3657.86890633,0,609.644817721,609.644817721,0,25.8814843881,0,0,0,0,10762.5521447,26,2025-03-17,25,0.4059,247.454831513,04:20,04:30,3657.86890633,0,0,609.644817721,609.644817721,0.435199180338,10739.2588087
2025-03-17,28,04:40,3694.7269,0.0208,3574.03555213,0,595.672592021,595.672592021,0,0,20.1117579791,0,0,0.00346666666667,10740.2057469,27,2025-03-17,26,0.3982,237.196826143,04:30,04:40,3574.03555213,0,0,595.672592021,595.672592021,0.441296385744,10762.5521447
2025-03-17,29,04:50,3712.4964,0,3594.52710074,0,599.087850124,599.087850124,0,0,19.661549876,0,0,0,10718.3595804,28,2025-03-17,27,0.4045,242.331035375,04:40,04:50,3594.52710074,0,0,599.087850124,599.087850124,0.46079243708,10740.2057469
2025-03-17,30,05:00,3519.49,0,3700.12951273,0,616.688252122,616.688252122,0,30.1065854555,0,0,0,0,10745.4555073,29,2025-03-17,28,0.4174,257.405676436,04:50,05:00,3700.12951273,0,0,616.688252122,616.688252122,0.477190477902,10718.3595804
2025-03-17,31,05:10,3420.1197,0.2894,3606.71066248,0,601.118443747,601.118443747,0,31.1467270802,0,0,0,0.0482333333333,10773.4875617,30,2025-03-17,29,0.4241,254.934331993,05:00,05:10,3606.71066248,0,0,601.118443747,601.118443747,0.462357083624,10745.4555073
2025-03-17,32,05:20,3608.8794,0,3626.98996552,0,604.498327587,604.498327587,0,3.0184275869,0,0,0,0,10776.2041465,31,2025-03-17,30,0.468,282.905217311,05:10,05:20,3626.98996552,0,0,604.498327587,604.498327587,0.461705110229,10773.4875617
2025-03-17,33,05:30,3759.44,0,3639.62644658,0,606.604407763,606.604407763,0,0,19.9689255698,0,0,0,10754.0164514,32,2025-03-17,31,0.4794,290.806153082,05:20,05:30,3639.62644658,0,0,606.604407763,606.604407763,0.452149753982,10776.2041465
2025-03-17,34,05:40,3455.625,4.0304,3436.58146673,0,598.966976412,598.966976412,0,23.7012097452,0,0,0,0.671733333333,10775.3475402,33,2025-03-17,32,0.382,228.805384989,05:30,05:40,3436.58146673,0,0,598.966976412,598.966976412,0.395173118558,10754.0164514
2025-03-17,35,05:50,3808.7623,0,3870.76711839,0,645.127853065,645.127853065,0,10.3341363982,0,0,0,0,10784.6482629,34,2025-03-17,33,0.5576,359.723290869,05:40,05:50,3870.76711839,0,0,645.127853065,645.127853065,0.59250974737,10775.3475402
2025-03-17,36,06:00,4713.02,0,4803.03703406,0,0,0,0,0,785.503333333,0,0,0,9911.86678147,35,2025-03-17,34,0.9275,0,05:50,06:00,4803.03703406,0,0,0,0,0.990501481376,10784.6482629
2025-03-17,37,06:10,4874.9044,122.1253,4931.10161985,64.7093546198,0,0,0,0,792.12985,0,0,20.3542166667,9031.72250369,36,2025-03-17,35,1.002,0,06:00,06:10,4931.10161985,64.7093546198,0,0,0,1.00564650769,9911.86678147
2025-03-17,38,06:20,4658.0096,343.2006,4772.45902774,246.216339586,0,0,0,0,719.134833333,0,0,57.2001,8232.68379999,37,2025-03-17,36,0.9454,0,06:10,06:20,4772.45902774,246.216339586,0,0,0,0.926833820045,9031.72250369
2025-03-17,39,06:30,4632.22,625.275,4763.3112908,509.252685065,0,0,0,0,667.824166667,0,0,104.2125,7490.65694813,38,2025-03-17,37,0.922,0,06:20,06:30,4763.3112908,509.252685065,0,0,0,0.932596514428,8232.68379999
2025-03-17,40,06:40,4947.1029,943.2927,4728.40991558,789.90348562,0,0,0,0,667.3017,0,0,157.21545,6749.2106148,39,2025-03-17,38,0.9179,0,06:30,06:40,4728.40991558,789.90348562,0,0,0,0.916416136765,7490.65694813
2025-03-17,41,06:50,5006.0602,1317.3711,4654.3114882,1075.10652056,86.8433753521,86.8433753521,0,0,527.938141315,0,0,219.56185,6162.61268001,40,2025-03-17,39,0.8873,77.0561269499,06:40,06:50,4654.3114882,1075.10652056,0,86.8433753521,86.8433753521,0.902708922093,6749.2106148
2025-03-17,42,07:00,4771.26,1718.5125,4781.76245711,1343.41519342,573.057877282,573.057877282,1.13686837722e-13,64.2666272821,0,0,0,286.41875,6220.45264456,41,2025-03-17,40,0.8282,474.606533965,06:50,07:00,4781.76245711,1343.41519342,0,573.057877282,573.057877282,0.894769604565,6162.61268001
2025-03-17,43,07:10,4796.1094,2071.3996,4750.36351103,1646.99439607,517.228185826,517.228185826,0,63.1098858259,0,0,0,345.233266667,6277.2515418,42,2025-03-17,41,0.7875,407.317196338,07:00,07:10,4750.36351103,1646.99439607,0,517.228185826,517.228185826,0.848908597746,6220.45264456
2025-03-17,44,07:20,5019.9514,2360.4312,4911.14288457,1949.98477867,493.526350983,493.526350983,0,50.2729843162,0,0,0,393.4052,6322.49722769,43,2025-03-17,42,0.8046,397.091302001,07:10,07:20,4911.14288457,1949.98477867,0,493.526350983,493.526350983,0.84801495806,6277.2515418
2025-03-17,45,07:30,5045.14,2663.025,4908.3621141,2250.18686969,443.029207401,443.029207401,0,46.0100407346,0,0,0,443.8375,6363.90626435,44,2025-03-17,43,0.8094,358.587840471,07:20,07:30,4908.3621141,2250.18686969,0,443.029207401,443.029207401,0.839376154966,6322.49722769
2025-03-17,46,07:40,4701.5557,3072.8154,4545.2001284,2550.93574052,1165.71073131,1104.79005,60.9206813136,833.333333333,0,0,0,512.1359,7113.90626435,45,2025-03-17,44,0.7288,849.569980981,07:30,07:40,4545.2001284,2550.93574052,0,1165.71073131,1165.71073131,0.702575044885,6363.90626435
2025-03-17,47,07:50,5340.1526,3444.9369,5252.11137037,2842.76724769,401.557353779,401.557353779,0,85.6880704456,0,0,0,574.15615,7191.02552775,46,2025-03-17,45,0.8847,355.257790888,07:40,07:50,5252.11137037,2842.76724769,0,401.557353779,401.557353779,0.875003338927,7113.90626435
2025-03-17,48,08:00,6640.33,3718.2,6569.22270377,3187.96160052,0,0,0,0,487.021666667,0,0,619.7,6649.89034256,47,2025-03-17,46,1.1958,0,07:50,08:00,6569.22270377,3187.96160052,0,0,0,1.24260713426,7191.02552775
2025-03-17,49,08:10,6833.9697,3975.3478,6650.9872323,3521.70158,0,0,0,0,476.436983333,0,0,662.557966667,6120.51591664,48,2025-03-17,47,1.229,0,08:00,08:10,6650.9872323,3521.70158,0,0,0,1.2446256147,6649.89034256
2025-03-17,50,08:20,6551.3288,4295.761,6462.13800599,3871.79014321,0,0,0,0,375.927966667,0,0,715.960166667,5702.8181759,49,2025-03-17,48,1.1475,0,08:10,08:20,6462.13800599,3871.79014321,0,0,0,1.14415220281,6120.51591664
2025-03-17,51,08:30,6440.82,4699.8,6493.0402557,4237.19856506,0,0,0,0,290.17,0,0,783.3,5380.40706479,50,2025-03-17,49,1.1039,0,08:20,08:30,6493.0402557,4237.19856506,0,0,0,1.14733292928,5702.8181759
2025-03-17,52,08:40,6493.5817,5150.1285,6521.8362541,4590.79294951,0,0,0,0,223.908866667,0,0,858.35475,5131.61943516,51,2025-03-17,50,1.0788,0,08:30,08:40,6521.8362541,4590.79294951,0,0,0,1.18331991689,5380.40706479
2025-03-17,53,08:50,6499.2246,5604.849,6541.01192577,4932.20786501,0,0,0,0,149.0626,0,0,934.1415,4965.99432405,52,2025-03-17,51,1.0301,0,08:40,08:50,6541.01192577,4932.20786501,0,0,0,1.13362914172,5131.61943516
2025-03-17,54,09:00,6466.18,6017.9625,6538.93561412,5176.26047431,0,0,0,0,74.7029166667,0,0,1002.99375,4882.99108331,53,2025-03-17,52,0.9844,0,08:50,09:00,6538.93561412,5176.26047431,0,0,0,1.07386027198,4965.99432405
2025-03-17,55,09:10,6587.726,6365.3664,6503.1021185,5570.30820708,0,0,0,0,37.0599333333,0,0,1060.8944,4841.8133796,54,2025-03-17,53,1.0028,0,09:00,09:10,6503.1021185,5570.30820708,0,0,0,1.11147924452,4882.99108331
2025-03-17,56,09:20,6746.8065,6720.6517,6465.88147426,5847.31945254,0,0,0,0,4.35913333333,0,0,1120.10861667,4836.96989812,55,2025-03-17,54,0.9997,0,09:10,09:20,6465.88147426,5847.31945254,0,0,0,1.1025435098,4841.8133796
2025-03-17,57,09:30,6758.14,7085.7375,6425.44367534,5970.35158545,0,0,0,54.5995833333,0,0,0,1180.95625,4886.10952312,56,2025-03-17,55,0.9496,0,09:20,09:30,6425.44367534,5970.35158545,0,0,0,1.03484830613,4836.96989812
2025-03-17,58,09:40,6539.3484,7355.0995,6472.68654425,6018.04446387,0,0,0,135.958516667,0,0,0,1225.84991667,5008.47218812,57,2025-03-17,56,0.9111,0,09:30,09:40,6472.68654425,6018.04446387,0,0,0,1.04672229145,4886.10952312
2025-03-17,59,09:50,6361.3999,7389.4481,6534.9026296,6148.21743355,0,0,0,171.341366667,0,0,0,1231.57468333,5162.67941812,58,2025-03-17,57,0.8888,0,09:40,09:50,6534.9026296,6148.21743355,0,0,0,1.02778654326,5008.47218812
2025-03-17,60,10:00,6372.01,7303.05,6557.39645668,6353.77127918,0,0,0,155.173333333,0,0,0,1217.175,5302.33541812,59,2025-03-17,58,0.8813,0,09:50,10:00,6557.39645668,6353.77127918,0,0,0,0.987669585259,5162.67941812
2025-03-17,61,10:10,6485.8549,7333.2505,6500.51708203,6499.75893447,0,0,0,141.2326,0,0,0,1222.20841667,5429.44475812,60,2025-03-17,59,0.8895,0,10:00,10:10,6500.51708203,6499.75893447,0,0,0,0.981980303678,5302.33541812
2025-03-17,62,10:20,6535.8811,7189.2339,6467.95706431,6637.87359858,0,0,0,108.892133333,0,0,0,1198.20565,5527.44767812,61,2025-03-17,60,0.891,0,10:10,10:20,6467.95706431,6637.87359858,0,0,0,0.954852955674,5429.44475812
2025-03-17,63,10:30,6441.76,6975.15,6469.86567362,6762.17447816,0,0,0,88.8983333333,0,0,0,1162.525,5607.45617812,62,2025-03-17,61,0.9085,0,10:20,10:30,6469.86567362,6762.17447816,0,0,0,0.929633243232,5527.44767812
2025-03-17,64,10:40,6299.1913,7135.5142,6362.73544404,6797.06723516,0,0,0,139.38715,0,0,0,1189.25236667,5732.90461312,63,2025-03-17,62,0.9534,0,10:30,10:40,6362.73544404,6797.06723516,0,0,0,0.987322992552,5607.45617812
2025-03-17,65,10:50,6459.0854,7374.4244,6336.15324634,6872.45142794,0,0,0,152.5565,0,0,0,1229.07073333,5870.20546312,64,2025-03-17,63,0.8031,0,10:40,10:50,6336.15324634,6872.45142794,0,0,0,0.877055191368,5732.90461312
2025-03-17,66,11:00,6662.4,7605.675,6434.05018681,7061.57269853,0,0,0,157.2125,0,0,0,1267.6125,6011.69671312,65,2025-03-17,64,0.5338,0,10:50,11:00,6434.05018681,7061.57269853,0,0,0,0.635143059778,5870.20546312
2025-03-17,67,11:10,6330.7874,8025.0573,6495.08705779,7149.26459836,469.801549777,469.801549777,0,752.179866444,0,0,0,1337.50955,6688.65859292,66,2025-03-17,65,0.4669,219.350343591,11:00,11:10,6495.08705779,7149.26459836,0,469.801549777,469.801549777,0.600246179743,6011.69671312
2025-03-17,68,11:20,6255.0414,8366.5893,6507.92257303,7259.4366163,0,0,0,351.92465,0,0,0,1394.43155,7005.39077792,67,2025-03-17,66,0.4775,0,11:10,11:20,6507.92257303,7259.4366163,0,0,0,0.61364054181,6688.65859292
2025-03-17,69,11:30,6573.42,8534.2125,6435.96088584,7326.0946363,684.977708255,506.534583333,178.443124922,833.333333333,0,0,0,1422.36875,7755.39077792,68,2025-03-17,67,0.4649,318.446136568,11:20,11:30,6435.96088584,7326.0946363,0,684.977708255,684.977708255,0.588745697156,7005.39077792
2025-03-17,70,11:40,6588.1755,8640.9976,6225.84748919,7240.38074859,664.244456766,491.196316667,173.0481401,833.333333333,0,0,0,1440.16626667,8505.39077792,69,2025-03-17,68,0.4583,304.423234536,11:30,11:40,6225.84748919,7240.38074859,0,664.244456766,664.244456766,0.585427061184,7755.39077792
2025-03-17,71,11:50,6273.8315,8497.5388,6089.9773397,7152.20845761,656.294813681,462.71545,193.579363681,833.333333333,0,0,0,1416.25646667,9255.39077792,70,2025-03-17,69,0.4487,294.479482899,11:40,11:50,6089.9773397,7152.20845761,0,656.294813681,656.294813681,0.584349821915,8505.39077792
2025-03-17,72,12:00,5953.4,8292.4875,6088.83122241,7148.99799147,656.638871823,443.485416667,213.153455157,833.333333333,0,0,0,1382.08125,10005.3907779,71,2025-03-17,70,0.4313,283.208345417,11:50,12:00,6088.83122241,7148.99799147,0,656.638871823,656.638871823,0.571473799815,9255.39077792
2025-03-17,73,12:10,5963.3324,8454.7049,6007.6066274,7161.06525778,641.09022827,418.104583333,222.985644937,833.333333333,0,0,0,1409.11748333,10755.3907779,72,2025-03-17,71,0.4144,265.667790595,12:00,12:10,6007.6066274,7161.06525778,0,641.09022827,641.09022827,0.55341404001,10005.3907779
2025-03-17,74,12:20,6027.9813,8561.0877,6010.31075098,7229.40108217,630.151611468,0,630.151611468,49.5658023113,0,0,372.618597689,1054.22935231,10800,73,2025-03-17,72,0.4003,252.249690071,12:10,12:20,6010.31075098,7229.40108217,0,630.151611468,630.151611468,0.561263842697,10755.3907779
2025-03-17,75,12:30,5984.69,8303.5125,6085.6653127,7198.84275339,647.803759885,0,647.803759885,0,0,0,386.470416667,997.448333333,10800,74,2025-03-17,73,0.3889,251.930882219,12:20,12:30,6085.6653127,7198.84275339,0,647.803759885,647.803759885,0.566596450203,10800
2025-03-17,76,12:40,5952.7532,7790.5161,5981.10070875,7073.38647773,651.285705171,0,651.285705171,0,0,0,306.293816667,992.125533333,10800,75,2025-03-17,74,0.4131,269.046124806,12:30,12:40,5981.10070875,7073.38647773,0,651.285705171,651.285705171,0.552890711251,10800
2025-03-17,77,12:50,6096.1013,7448.4448,6110.87866832,7022.09220867,0,0,0,0,0,0,225.390583333,1016.01688333,10800,76,2025-03-17,75,0.6276,0,12:40,12:50,6110.87866832,7022.09220867,0,0,0,0.671230203731,10800
2025-03-17,78,13:00,6321.55,7395.7875,6318.3727549,7037.72453112,0,0,0,0,0,0,179.039583333,1053.59166667,10800,77,2025-03-17,76,0.907,0,12:50,13:00,6318.3727549,7037.72453112,0,0,0,0.87791603321,10800
2025-03-17,79,13:10,6369.8356,7400.0977,6334.98898624,6924.76899,0,0,0,0,0,0,171.71035,1061.63926667,10800,78,2025-03-17,77,0.9377,0,13:00,13:10,6334.98898624,6924.76899,0,0,0,0.921958026634,10800
2025-03-17,80,13:20,6370.4893,7362.2966,6270.88541886,6806.16797566,0,0,0,0,0,0,165.301216667,1061.74821667,10800,79,2025-03-17,78,0.8875,0,13:10,13:20,6270.88541886,6806.16797566,0,0,0,0.926290298174,10800
2025-03-17,81,13:30,6366.45,7277.85,6236.34454106,6749.40618292,0,0,0,0,0,0,151.9,1061.075,10800,80,2025-03-17,79,0.8835,0,13:20,13:30,6236.34454106,6749.40618292,0,0,0,0.950594089015,10800
2025-03-17,82,13:40,6281.7896,7191.1923,6263.80279667,6656.30817929,0,0,0,0,0,0,151.567116667,1046.96493333,10800,81,2025-03-17,80,0.892,0,13:30,13:40,6263.80279667,6656.30817929,0,0,0,0.913350225235,10800
2025-03-17,83,13:50,6297.3577,7112.2632,6216.47973107,6467.06508857,0,0,0,0,0,0,135.817583333,1049.55961667,10800,82,2025-03-17,81,0.894,0,13:40,13:50,6216.47973107,6467.06508857,0,0,0,0.894840398325,10800
2025-03-17,84,14:00,6328.56,6986.6625,6147.48977361,6207.37300298,0,0,0,0,0,0,109.68375,1054.76,10800,83,2025-03-17,82,0.8901,0,13:50,14:00,6147.48977361,6207.37300298,0,0,0,0.921258601739,10800
2025-03-17,85,14:10,6125.489,6759.3729,6166.56662326,6023.66080784,0,0,0,0,0,0,105.647316667,1020.91483333,10800,84,2025-03-17,83,0.8866,0,14:00,14:10,6166.56662326,6023.66080784,0,0,0,0.966483779653,10800
2025-03-17,86,14:20,6081.3797,6584.6674,6166.78590854,5822.40649325,0,0,0,0,0,0,83.8812833333,1013.56328333,10800,85,2025-03-17,84,0.8608,0,14:10,14:20,6166.78590854,5822.40649325,0,0,0,0.997157330986,10800
2025-03-17,87,14:30,6245.07,6474.1125,6143.14483888,5624.80150448,0,0,0,0,0,0,38.17375,1040.845,10800,86,2025-03-17,85,0.8835,0,14:20,14:30,6143.14483888,5624.80150448,0,0,0,1.0233725587,10800
2025-03-17,88,14:40,6257.5501,6270.8465,6134.1414329,5458.69659041,0,0,0,0,0,0,2.21606666667,1042.92501667,10800,87,2025-03-17,86,1.016,0,14:30,14:40,6134.1414329,5458.69659041,0,0,0,1.05493450617,10800
2025-03-17,89,14:50,6163.9567,5930.0688,6212.83471816,5292.13415811,0,0,0,0,38.9813166667,0,0,988.3448,10756.6874259,88,2025-03-17,87,0.9032,0,14:40,14:50,6212.83471816,5292.13415811,0,0,0,0.972839582317,10800
2025-03-17,90,15:00,6121.21,5510.8125,6292.46594953,4993.89876796,216.427863595,149.857998971,66.5698646238,48.1250823045,0,0,0,918.46875,10800,89,2025-03-17,88,0.6328,136.955552083,14:50,15:00,6292.46594953,4993.89876796,0,216.427863595,216.427863595,0.80190968996,10756.6874259
2025-03-17,91,15:10,6204.2446,5125.7447,6227.18208936,4761.25311991,244.321494908,179.749983333,64.5715115749,0,0,0,0,854.290783333,10800,90,2025-03-17,89,0.6628,161.936286825,15:00,15:10,6227.18208936,4761.25311991,0,244.321494908,244.321494908,0.774692936738,10800
2025-03-17,92,15:20,6156.5244,4803.2991,6145.24257676,4559.05073976,264.365306167,225.53755,38.8277561673,0,0,0,0,800.54985,10800,91,2025-03-17,90,0.7503,198.353289217,15:10,15:20,6145.24257676,4559.05073976,0,264.365306167,264.365306167,0.770653399489,10800
2025-03-17,93,15:30,6027.5,4456.8375,6118.72231106,4259.89031442,845.149770561,261.777083333,583.372687228,0,0,0,0,742.80625,10800,92,2025-03-17,91,0.7415,626.678554871,15:20,15:30,6118.72231106,4259.89031442,0,845.149770561,845.149770561,0.76400078367,10800
2025-03-17,94,15:40,6122.9222,3988.3705,6135.27544311,3917.07767141,369.699628617,355.758616667,13.9410119503,0,0,0,0,664.728416667,10800,93,2025-03-17,92,0.7411,273.984394768,15:30,15:40,6135.27544311,3917.07767141,0,369.699628617,369.699628617,0.853255351944,10800
2025-03-17,95,15:50,6227.5315,3615.0325,6159.50679578,3598.25074511,426.876008445,426.876008445,0,0,8.54049155492,0,0,602.505416667,10790.5105649,94,2025-03-17,93,0.8006,341.756932361,15:40,15:50,6159.50679578,3598.25074511,0,426.876008445,426.876008445,0.88846465304,10800
2025-03-17,96,16:00,6206.12,3354.1875,6173.16332291,3330.77655313,473.731128297,473.731128297,0,0,1.59095503682,0,0,559.03125,10788.7428371,95,2025-03-17,94,0.8721,413.140916987,15:50,16:00,6173.16332291,3330.77655313,0,473.731128297,473.731128297,0.848984155035,10790.5105649
2025-03-17,97,16:10,6153.1916,3019.6567,6204.23417113,3029.45173578,529.130405891,529.130405891,0,6.87458922424,0,0,0,503.276116667,10794.9299674,96,2025-03-17,95,0.8651,457.750714136,16:00,16:10,6204.23417113,3029.45173578,0,529.130405891,529.130405891,0.865962778817,10788.7428371
2025-03-17,98,16:20,6213.6195,2721.2786,6173.59379867,2695.79559294,579.633034289,579.633034289,0,0,2.42378237749,0,0,453.546433333,10792.2368759,97,2025-03-17,96,0.8522,493.963271821,16:10,16:20,6173.59379867,2695.79559294,0,579.633034289,579.633034289,0.889688726687,10794.9299674
2025-03-17,99,16:30,6311.22,2461.3875,6105.80994653,2355.68111558,625.021471826,625.021471826,0,0,16.6172781742,0,0,410.23125,10773.7732335,98,2025-03-17,97,0.8919,557.456650721,16:20,16:30,6105.80994653,2355.68111558,0,625.021471826,625.021471826,0.905610318935,10792.2368759
2025-03-17,100,16:40,6220.5748,2110.1116,6091.7117675,2030.81833545,676.815572008,676.815572008,0,0,8.26162799178,0,0,351.685266667,10764.5936468,99,2025-03-17,98,0.9661,653.871524117,16:30,16:40,6091.7117675,2030.81833545,0,676.815572008,676.815572008,0.950734600153,10773.7732335
2025-03-17,101,16:50,6044.5972,1744.0756,6126.98500683,1665.79049041,743.532419404,743.532419404,0,26.7788194036,0,0,0,290.679266667,10788.6945843,100,2025-03-17,99,0.9821,730.223189096,16:40,16:50,6126.98500683,1665.79049041,0,743.532419404,743.532419404,0.979541252378,10764.5936468
2025-03-17,102,17:00,5973.23,1425.2625,6196.31972456,1358.25853342,806.343531857,770.556156354,35.7873755034,12.5615730206,0,0,0,237.54375,10800,101,2025-03-17,100,0.9656,778.605314361,16:50,17:00,6196.31972456,1358.25853342,0,806.343531857,806.343531857,0.994840871723,10788.6945843
2025-03-17,103,17:10,6091.9807,1141.6921,6228.2067789,1096.92539119,855.213564619,825.0481,30.1654646188,0,0,0,0,190.282016667,10800,102,2025-03-17,101,1.028,879.159544428,17:00,17:10,6228.2067789,1096.92539119,0,855.213564619,855.213564619,1.04487088345,10800
2025-03-17,104,17:20,6082.9796,860.2686,6176.39003525,810.467641917,894.320398889,870.451833333,23.8685655556,0,0,0,0,143.3781,10800,103,2025-03-17,102,1.0797,965.59773468,17:10,17:20,6176.39003525,810.467641917,0,894.320398889,894.320398889,1.0736012258,10800
2025-03-17,105,17:30,6073.13,578.8875,6150.50854869,533.141000574,936.227924686,915.707083333,20.5208413526,0,0,0,0,96.48125,10800,104,2025-03-17,103,1.0704,1002.13837058,17:20,17:30,6150.50854869,533.141000574,0,936.227924686,936.227924686,1.06389896029,10800
2025-03-17,106,17:40,6320.6216,327.4002,6246.08923776,256.62481837,998.244069898,998.244069898,0,0,0.626163435209,0,0,54.5667,10799.3042628,105,2025-03-17,104,1.0567,1054.84450866,17:30,17:40,6246.08923776,256.62481837,0,998.244069898,998.244069898,1.04405262308,10800
2025-03-17,107,17:50,5522.014,122.4196,5524.63129478,81.8969484763,907.122391051,900.705441278,6.41694977334,0.773041278036,0,0,0,20.4032666667,10800,106,2025-03-17,105,1.1482,1041.55792941,17:40,17:50,5524.63129478,81.8969484763,0,907.122391051,907.122391051,1.12531391545,10799.3042628
2025-03-17,108,18:00,4156.9,0,4251.849407,0,708.641567833,692.816666667,15.8249011665,0,0,0,0,0,10800,107,2025-03-17,106,1.2785,905.998244475,17:50,18:00,4251.849407,0,0,708.641567833,708.641567833,1.26981405247,10800
2025-03-17,109,18:10,4120.4176,0,4027.81353236,0,671.302255393,671.302255393,0,0,15.4340112739,0,0,0,10782.8510986,108,2025-03-17,107,1.2698,852.419603898,18:00,18:10,4027.81353236,0,0,671.302255393,671.302255393,1.25950009204,10800
2025-03-17,110,18:20,4311.033,4.1521,4318.68844016,0,719.781406694,719.781406694,0,1.96792336049,0,0,0,0.692016666667,10784.6222296,109,2025-03-17,108,1.2439,895.336091786,18:10,18:20,4318.68844016,0,0,719.781406694,719.781406694,1.25792030012,10782.8510986
2025-03-17,111,18:30,4193.91,0,4402.59278468,0,0,0,0,0,698.985,0,0,0,10007.9722296,110,2025-03-17,109,1.2671,0,18:20,18:30,4402.59278468,0,0,0,0,1.29125341001,10784.6222296
2025-03-17,112,18:40,4340.1172,0,4367.10284864,0,0,0,0,0,723.352866667,0,0,0,9204.2468222,111,2025-03-17,110,1.2821,0,18:30,18:40,4367.10284864,0,0,0,0,1.28701371116,10007.9722296
2025-03-17,113,18:50,4404.7463,0.2981,4373.45650018,0,0,0,0,0,734.0747,0,0,0.0496833333333,8388.60826665,112,2025-03-17,111,1.2656,0,18:40,18:50,4373.45650018,0,0,0,0,1.28986816985,9204.2468222
2025-03-17,114,19:00,4246.56,0,4460.57457638,0,0,0,0,0,707.76,0,0,0,7602.20826665,113,2025-03-17,112,1.2409,0,18:50,19:00,4460.57457638,0,0,0,0,1.30075120443,8388.60826665
2025-03-17,115,19:10,4130.4519,0,4477.11444845,0,536.718858377,536.718858377,0,0,151.689791623,0,0,0,7433.66405373,114,2025-03-17,113,1.2514,671.649979374,19:00,19:10,4477.11444845,0,0,536.718858377,536.718858377,1.28125455802,7602.20826665
2025-03-17,116,19:20,4150.7796,0.0214,4394.94372706,0,732.490621177,732.490621177,0,40.6975878435,0,0,0,0.00356666666667,7470.29188279,115,2025-03-17,114,1.2759,934.584783559,19:10,19:20,4394.94372706,0,0,732.490621177,732.490621177,1.27482063341,7433.66405373
2025-03-17,117,19:30,4229.12,0,4359.82787882,0,0,0,0,0,704.853333333,0,0,0,6687.12151242,116,2025-03-17,115,1.2819,0,19:20,19:30,4359.82787882,0,0,0,0,1.29047185892,7470.29188279
2025-03-17,118,19:40,4253.2071,0,4491.54634569,0,0,0,0,0,708.86785,0,0,0,5899.49056798,117,2025-03-17,116,1.2601,0,19:30,19:40,4491.54634569,0,0,0,0,1.29083685338,6687.12151242
2025-03-17,119,19:50,4452.7161,0.0015,4483.27895842,0,747.213159736,747.213159736,0,5.09405973633,0,0,0,0.00025,5904.07522174,118,2025-03-17,117,1.2698,948.811270233,19:40,19:50,4483.27895842,0,0,747.213159736,747.213159736,1.2751994382,5899.49056798
2025-03-17,120,20:00,4607.02,0,4285.72625191,0,714.287708651,714.287708651,0,0,53.5489580157,0,0,0,5844.5763795,119,2025-03-17,118,1.2827,916.216843887,19:50,20:00,4285.72625191,0,0,714.287708651,714.287708651,1.26664094999,5904.07522174
2025-03-17,121,20:10,4275.5813,0,4282.27450759,0,0,0,0,0,712.596883333,0,0,0,5052.80206468,120,2025-03-17,119,1.2207,0,20:00,20:10,4282.27450759,0,0,0,0,1.28960865315,5844.5763795
2025-03-17,122,20:20,4241.1391,0,4260.37473378,0,0,0,0,0,706.856516667,0,0,0,4267.40593505,121,2025-03-17,120,1.2169,0,20:10,20:20,4260.37473378,0,0,0,0,1.28569389779,5052.80206468
2025-03-17,123,20:30,4557.64,0,4227.77642489,0,704.629404148,704.629404148,0,0,54.9772625189,0,0,0,4206.32008781,122,2025-03-17,121,1.2953,912.706467193,20:20,20:30,4227.77642489,0,0,704.629404148,704.629404148,1.27015541436,4267.40593505
2025-03-17,124,20:40,4499.3346,0,4453.24770338,0,0,0,0,0,749.8891,0,0,0,3373.1099767,123,2025-03-17,122,1.3189,0,20:30,20:40,4453.24770338,0,0,0,0,1.29316706513,4206.32008781
2025-03-17,125,20:50,4369.007,0,4511.92803681,0,751.988006136,751.988006136,0,23.8201728025,0,0,0,0,3394.54813222,124,2025-03-17,123,1.1688,878.923581572,20:40,20:50,4511.92803681,0,0,751.988006136,751.988006136,1.15461506454,3373.1099767
2025-03-17,126,21:00,4402.68,0,4397.25127109,0,732.875211848,732.875211848,0,0,0.904788152252,0,0,0,3393.54281205,125,2025-03-17,124,0.9562,700.775277569,20:50,21:00,4397.25127109,0,0,732.875211848,732.875211848,0.932572866614,3394.54813222
2025-03-17,127,21:10,4464.3014,0,4436.02841822,0,739.338069703,739.338069703,0,0,4.71216363044,0,0,0,3388.30707469,126,2025-03-17,125,0.9189,679.37775225,21:00,21:10,4436.02841822,0,0,739.338069703,739.338069703,0.90634755411,3393.54281205
2025-03-17,128,21:20,4294.9597,0,4504.65314363,0,750.775523938,750.775523938,0,34.9489072711,0,0,0,0,3419.76109123,127,2025-03-17,126,0.9129,685.382975803,21:10,21:20,4504.65314363,0,0,750.775523938,750.775523938,0.950493244137,3388.30707469
2025-03-17,129,21:30,4157.57,0,4554.57049791,0,759.095082985,759.095082985,0,66.1667496514,0,0,0,0,3479.31116592,128,2025-03-17,127,0.9056,687.436507151,21:20,21:30,4554.57049791,0,0,759.095082985,759.095082985,0.972963613197,3419.76109123
2025-03-17,130,21:40,4468.9728,0,4532.79775181,0,755.466291968,755.466291968,0,10.6374919675,0,0,0,0,3488.88490869,129,2025-03-17,128,0.9708,733.406676242,21:30,21:40,4532.79775181,0,0,755.466291968,755.466291968,0.993200743196,3479.31116592
2025-03-17,131,21:50,4134.9841,0,4078.79496448,0,679.799160747,679.799160747,0,0,9.36485591981,0,0,0,3478.47951322,130,2025-03-17,129,0.7912,537.857095983,21:40,21:50,4078.79496448,0,0,679.799160747,679.799160747,0.792580810296,3488.88490869
2025-03-17,132,22:00,3240.58,0,3449.99813696,0,574.999689494,574.999689494,0,34.9030228275,0,0,0,0,3509.89223377,131,2025-03-17,130,0.452,259.899859651,21:50,22:00,3449.99813696,0,0,574.999689494,574.999689494,0.461307082353,3478.47951322
2025-03-17,133,22:10,3035.3964,0,3221.84930009,0,1370.30821668,1339.23273333,31.0754833489,833.333333333,0,0,0,0,4259.89223377,132,2025-03-17,131,0.3879,531.542557251,22:00,22:10,3221.84930009,0,0,1370.30821668,1370.30821668,0.380016840598,3509.89223377
2025-03-17,134,22:20,3191.3036,0,3339.47963383,0,1389.9132723,1365.21726667,24.6960056382,833.333333333,0,0,0,0,5009.89223377,133,2025-03-17,132,0.43,597.662707091,22:10,22:20,3339.47963383,0,0,1389.9132723,1389.9132723,0.411134685237,4259.89223377
2025-03-17,135,22:30,3318.59,0,3484.96501686,0,1414.16083614,1386.43166667,27.7291694771,833.333333333,0,0,0,0,5759.89223377,134,2025-03-17,133,0.4273,604.270925284,22:20,22:30,3484.96501686,0,0,1414.16083614,1414.16083614,0.438543612189,5009.89223377
2025-03-17,136,22:40,3366.7275,0,3514.61029749,0,628.525415286,628.525415286,0,67.4041652857,0,0,0,0,5820.55598252,135,2025-03-17,134,0.4072,255.935549104,22:30,22:40,3514.61029749,0,0,628.525415286,628.525415286,0.44635662472,5759.89223377
2025-03-17,137,22:50,3251.1396,0,3422.35383251,0,1403.72563875,1375.18993333,28.5357054181,833.333333333,0,0,0,0,6570.55598252,136,2025-03-17,135,0.4098,575.24676676,22:40,22:50,3422.35383251,0,0,1403.72563875,1403.72563875,0.438910221703,5820.55598252
2025-03-17,138,23:00,3087.75,0,3338.46563071,0,1389.74427179,1347.95833333,41.7859384517,833.333333333,0,0,0,0,7320.55598252,137,2025-03-17,136,0.4151,576.882847218,22:50,23:00,3338.46563071,0,0,1389.74427179,1389.74427179,0.41967309061,6570.55598252
2025-03-17,139,23:10,3132.3944,0,3337.16692289,0,1389.52782048,1355.39906667,34.1287538154,833.333333333,0,0,0,0,8070.55598252,138,2025-03-17,137,0.378,525.241516142,23:00,23:10,3337.16692289,0,0,1389.52782048,1389.52782048,0.421233092649,7320.55598252
2025-03-17,140,23:20,3344.3248,0,3421.52487097,0,1403.5874785,1390.7208,12.8666784952,833.333333333,0,0,0,0,8820.55598252,139,2025-03-17,138,0.3897,546.97804037,23:10,23:20,3421.52487097,0,0,1403.5874785,1403.5874785,0.427777894936,8070.55598252
2025-03-17,141,23:30,3497.18,0,3460.23160189,0,1410.03860031,1410.03860031,0,827.175266981,0,0,0,0,9565.01372281,140,2025-03-17,139,0.4418,622.955053619,23:20,23:30,3460.23160189,0,0,1410.03860031,1410.03860031,0.432340587467,8820.55598252
2025-03-17,142,23:40,3387.6461,0,3378.5331809,0,1396.42219682,1396.42219682,0,831.814513483,0,0,0,0,10313.6467849,141,2025-03-17,140,0.4309,601.718324608,23:30,23:40,3378.5331809,0,0,1396.42219682,1396.42219682,0.446043268081,9565.01372281
2025-03-17,143,23:50,3324.3932,0,3371.46599661,0,561.910999435,561.910999435,0,7.84546610194,0,0,0,0,10320.7077044,142,2025-03-17,141,0.4092,229.933980969,23:40,23:50,3371.46599661,0,0,561.910999435,561.910999435,0.4555191463,10313.6467849
2025-03-17,144,00:00+1,3365.04,0,3466.29262645,0,577.715437741,577.715437741,0,16.8754377414,0,0,0,0,10335.8955984,143,2025-03-17,142,0.4072,235.245726248,23:50,00:00+1,3466.29262645,0,0,577.715437741,577.715437741,0.462990001543,10320.7077044
2025-03-18,1,00:10,3306.312,0,3486.37989914,0,1414.94137899,1066.72355733,348.217821653,515.671557334,0,0,0,0,10800,0,2025-03-17,143,0.4056,573.900223317,00:00,00:10,3489.64827392,0,0,1414.94137899,1414.94137899,0.466036065473,10335.8955984
2025-03-18,2,00:20,3402.2507,0,3479.621701,0,579.936950167,567.041783333,12.8951668336,0,0,0,0,0,10800,1,2025-03-18,0,0.4315,250.242793997,00:10,00:20,3479.621701,0,0,579.936950167,579.936950167,0.458579252453,10800
2025-03-18,3,00:30,3568.2,0,3484.90619557,0,580.817699262,580.817699262,0,0,13.882300738,0,0,0,10784.5752214,2,2025-03-18,1,0.4478,260.09016573,00:20,00:30,3484.90619557,0,0,580.817699262,580.817699262,0.442394737111,10800
2025-03-18,4,00:40,3425.6265,0,3488.27283134,0,581.378805223,581.378805223,0,10.4410552227,0,0,0,0,10793.9721711,3,2025-03-18,2,0.389,226.156355232,00:30,00:40,3488.27283134,0,0,581.378805223,581.378805223,0.442507415617,10784.5752214
2025-03-18,5,00:50,3241.0675,0,3437.06182573,0,572.843637621,546.87550433,25.968133291,6.69758766368,0,0,0,0,10800,4,2025-03-18,3,0.3707,212.353136466,00:40,00:50,3437.06182573,0,0,572.843637621,572.843637621,0.435666459832,10793.9721711
2025-03-18,6,01:00,3259.86,0,3398.97050027,0,566.495083379,543.31,23.185083379,0,0,0,0,0,10800,5,2025-03-18,4,0.4158,235.548655669,00:50,01:00,3398.97050027,0,0,566.495083379,566.495083379,0.429094142079,10800
2025-03-18,7,01:10,3457.5259,0,3616.82432457,0,602.804054095,576.254316667,26.5497374281,0,0,0,0,0,10800,6,2025-03-18,5,0.4328,260.893594612,01:00,01:10,3616.82432457,0,0,602.804054095,602.804054095,0.444686154739,10800
2025-03-18,8,01:20,3500.3242,0,3610.54410493,0,601.757350821,583.387366667,18.3699841545,0,0,0,0,0,10800,7,2025-03-18,6,0.4293,258.334430708,01:10,01:20,3610.54410493,0,0,601.757350821,601.757350821,0.444547187796,10800
2025-03-18,9,01:30,3434.89,0,3459.91436752,0,576.652394586,572.481666667,4.17072791954,0,0,0,0,0,10800,8,2025-03-18,7,0.4202,242.309336205,01:20,01:30,3459.91436752,0,0,576.652394586,576.652394586,0.428271140901,10800
2025-03-18,10,01:40,3580.3983,0,3529.22512633,0,588.204187722,588.204187722,0,0,8.52886227792,0,0,0,10790.5234864,9,2025-03-18,8,0.4052,238.340336865,01:30,01:40,3529.22512633,0,0,588.204187722,588.204187722,0.439154521742,10800
2025-03-18,11,01:50,3550.3863,0,3664.26291995,0,610.710486659,602.260509602,8.4499770567,10.5294596024,0,0,0,0,10800,10,2025-03-18,9,0.4023,245.688828783,01:40,01:50,3664.26291995,0,0,610.710486659,610.710486659,0.454174803014,10790.5234864
2025-03-18,12,02:00,3385.03,0,3637.16434663,0,606.194057772,564.171666667,42.0223911057,0,0,0,0,0,10800,11,2025-03-18,10,0.4183,253.570974366,01:50,02:00,3637.16434663,0,0,606.194057772,606.194057772,0.442785962131,10800
2025-03-18,13,02:10,3530.1639,0,3566.39773023,0,594.399621706,588.36065,6.03897170574,0,0,0,0,0,10800,12,2025-03-18,11,0.44,261.535833551,02:00,02:10,3566.39773023,0,0,594.399621706,594.399621706,0.425598068633,10800
2025-03-18,14,02:20,3638.7736,0,3531.25842992,0,588.543071653,588.543071653,0,0,17.919195014,0,0,0,10780.0897833,13,2025-03-18,12,0.4391,258.429262763,02:10,02:20,3531.25842992,0,0,588.543071653,588.543071653,0.45450132445,10800
2025-03-18,15,02:30,3539.7,0,3514.4576381,0,585.742939684,585.742939684,0,0,4.20706031618,0,0,0,10775.4152719,14,2025-03-18,13,0.43,251.869464064,02:20,02:30,3514.4576381,0,0,585.742939684,585.742939684,0.492509657573,10780.0897833
2025-03-18,16,02:40,3428.6006,0,3460.04218599,0,576.673697666,576.673697666,0,5.24026433226,0,0,0,0,10780.1315098,15,2025-03-18,14,0.4481,258.407483924,02:30,02:40,3460.04218599,0,0,576.673697666,576.673697666,0.447522198349,10775.4152719
2025-03-18,17,02:50,3437.4838,0,3482.82560595,0,580.470934324,580.470934324,0,7.55696765757,0,0,0,0,10786.9327806,16,2025-03-18,15,0.4362,253.201421552,02:40,02:50,3482.82560595,0,0,580.470934324,580.470934324,0.415090886017,10780.1315098
2025-03-18,18,03:00,3498.17,0,3555.25359386,0,592.542265643,592.542265643,0,9.51393230995,0,0,0,0,10795.4953197,17,2025-03-18,16,0.4217,249.875073422,02:50,03:00,3555.25359386,0,0,592.542265643,592.542265643,0.434185576779,10786.9327806
2025-03-18,19,03:10,3462.642,0,3498.57997714,0,583.096662857,582.112200305,0.984462551479,5.00520030539,0,0,0,0,10800,18,2025-03-18,17,0.4866,283.734836146,03:00,03:10,3498.57997714,0,0,583.096662857,583.096662857,0.444800934292,10795.4953197
2025-03-18,20,03:20,3564.3969,0,3514.99497652,0,585.832496086,585.832496086,0,0,8.23365391405,0,0,0,10790.8514957,19,2025-03-18,18,0.505,295.845410523,03:10,03:20,3514.99497652,0,0,585.832496086,585.832496086,0.442737599761,10800
2025-03-18,21,03:30,3690.64,0,3617.67063396,0,602.945105659,602.945105659,0,0,12.1615610073,0,0,0,10777.3386501,20,2025-03-18,19,0.4659,280.912124727,03:20,03:30,3617.67063396,0,0,602.945105659,602.945105659,0.436004802658,10790.8514957
2025-03-18,22,03:40,3490.1794,0,3554.77570989,0,592.462618316,592.462618316,0,10.7660516491,0,0,0,0,10787.0280966,21,2025-03-18,20,0.4757,281.834467533,03:30,03:40,3554.77570989,0,0,592.462618316,592.462618316,0.42044675317,10777.3386501
2025-03-18,23,03:50,3410.0786,0,3480.09133623,0,580.015222705,580.015222705,0,11.6687893713,0,0,0,0,10797.530007,22,2025-03-18,21,0.4442,257.642761925,03:40,03:50,3480.09133623,0,0,580.015222705,580.015222705,0.417171965269,10787.0280966
2025-03-18,24,04:00,3584.2,0,3508.98928536,0,584.83154756,584.83154756,0,0,12.5351191067,0,0,0,10783.6020969,23,2025-03-18,22,0.3859,225.686494203,03:50,04:00,3508.98928536,0,0,584.83154756,584.83154756,0.435453733719,10797.530007
2025-03-18,25,04:10,3701.1273,0.0016,3719.99850728,0,619.999751214,619.999751214,0,3.14546788019,0,0,0,0.000266666666667,10786.433018,24,2025-03-18,23,0.4187,259.593895833,04:00,04:10,3719.99850728,0,0,619.999751214,619.999751214,0.457676240496,10783.6020969
2025-03-18,26,04:20,3738.9523,0,3783.04925826,0,630.50820971,630.50820971,0,7.34949304357,0,0,0,0,10793.0475617,25,2025-03-18,24,0.453,285.620218999,04:10,04:20,3783.04925826,0,0,630.50820971,630.50820971,0.452905694299,10786.433018
2025-03-18,27,04:30,3755.19,0,3612.44449558,0,602.074082597,602.074082597,0,0,23.7909174027,0,0,0,10766.613209,26,2025-03-18,25,0.4487,270.150640861,04:20,04:30,3612.44449558,0,0,602.074082597,602.074082597,0.435088381303,10793.0475617
2025-03-18,28,04:40,3774.1574,0.0228,3561.21258147,0,593.535430245,593.535430245,0,0,35.4870030879,0,0,0.0038,10727.1832056,27,2025-03-18,26,0.4552,270.177327848,04:30,04:40,3561.21258147,0,0,593.535430245,593.535430245,0.447965066943,10766.613209
2025-03-18,29,04:50,3689.7892,0,3645.23231949,0,607.538719915,607.538719915,0,0,7.42614675132,0,0,0,10718.9319314,28,2025-03-18,27,0.4682,284.449628664,04:40,04:50,3645.23231949,0,0,607.538719915,607.538719915,0.475108579523,10727.1832056
2025-03-18,30,05:00,3541.77,0,3692.77304741,0,615.462174568,615.462174568,0,25.1671745678,0,0,0,0,10741.5823886,29,2025-03-18,28,0.4588,282.374045692,04:50,05:00,3692.77304741,0,0,615.462174568,615.462174568,0.473982022748,10718.9319314
2025-03-18,31,05:10,3514.9089,0.3177,3583.32132741,0,597.220221235,597.220221235,0,11.455021235,0,0,0,0.05295,10751.8919077,30,2025-03-18,29,0.411,245.457510928,05:00,05:10,3583.32132741,0,0,597.220221235,597.220221235,0.448219562364,10741.5823886
2025-03-18,32,05:20,3648.3668,0,3591.32813493,0,598.554689156,598.554689156,0,0,9.50644417766,0,0,0,10741.3291919,31,2025-03-18,30,0.3969,237.566356126,05:10,05:20,3591.32813493,0,0,598.554689156,598.554689156,0.453570654738,10751.8919077
2025-03-18,33,05:30,3653.93,0,3700.89547662,0,616.81591277,616.81591277,0,7.82757943699,0,0,0,0,10748.3740134,32,2025-03-18,31,0.4082,251.784255593,05:20,05:30,3700.89547662,0,0,616.81591277,616.81591277,0.453835626277,10741.3291919
2025-03-18,34,05:40,3306.0108,4.4246,3607.41197943,0,601.235329906,601.235329906,0,50.970963239,0,0,0,0.737433333333,10794.2478803,33,2025-03-18,32,0.4044,243.139567414,05:30,05:40,3607.41197943,0,0,601.235329906,601.235329906,0.400967917285,10748.3740134
2025-03-18,35,05:50,3714.5044,0,3985.55851134,0,664.25975189,625.475310747,38.7844411428,6.3912440803,0,0,0,0,10800,34,2025-03-18,33,0.6067,403.006391472,05:40,05:50,3985.55851134,0,0,664.25975189,664.25975189,0.6044226762,10794.2478803
2025-03-18,36,06:00,4710.36,0,4605.50018437,0,0,0,0,0,785.06,0,0,0,9927.71111111,35,2025-03-18,34,0.9247,0,05:50,06:00,4605.50018437,0,0,0,0,0.963126992948,10800
2025-03-18,37,06:10,4941.7979,132.6154,4787.91916214,92.335314136,0,0,0,0,801.530416667,0,0,22.1025666667,9037.12175926,36,2025-03-18,35,1.0055,0,06:00,06:10,4787.91916214,92.335314136,0,0,0,0.994346136803,9927.71111111
2025-03-18,38,06:20,4773.8984,365.7581,4756.39030542,275.108782427,0,0,0,0,734.69005,0,0,60.9596833333,8220.79948148,37,2025-03-18,36,0.9539,0,06:10,06:20,4756.39030542,275.108782427,0,0,0,0.913283813172,9037.12175926
2025-03-18,39,06:30,4650.27,663.975,4787.65431821,562.042724708,0,0,0,0,664.3825,0,0,110.6625,7482.5967037,38,2025-03-18,37,0.9182,0,06:20,06:30,4787.65431821,562.042724708,0,0,0,0.916418383016,8220.79948148
2025-03-18,40,06:40,4630.7778,995.86,4767.56267111,876.578597475,0,0,0,0,605.819633333,0,0,165.976666667,6809.46377778,39,2025-03-18,38,0.9367,0,06:30,06:40,4767.56267111,876.578597475,0,0,0,0.934896370643,7482.5967037
2025-03-18,41,06:50,4712.6196,1289.2274,4661.70734572,1196.61268411,0,0,0,0,570.565366667,0,0,214.871233333,6175.50225926,40,2025-03-18,39,0.9134,0,06:40,06:50,4661.70734572,1196.61268411,0,0,0,0.914599229111,6809.46377778
2025-03-18,42,07:00,4847.9,1547.175,4652.01322217,1551.43554185,516.76294672,516.76294672,0,0,33.3578866134,0,0,257.8625,6138.4379408,41,2025-03-18,40,0.8375,432.788967878,06:50,07:00,4652.01322217,1551.43554185,0,516.76294672,516.76294672,0.861866761189,6175.50225926
2025-03-18,43,07:10,4949.1959,1835.1885,4911.12442374,1867.15779614,507.327771267,507.327771267,0,0,11.6734620666,0,0,305.86475,6125.46742739,42,2025-03-18,41,0.796,403.832905928,07:00,07:10,4911.12442374,1867.15779614,0,507.327771267,507.327771267,0.836787022602,6138.4379408
2025-03-18,44,07:20,4909.8498,2127.1866,5022.79713143,2166.1585033,476.106438021,476.106438021,0,12.3292380206,0,0,0,354.5311,6136.56374161,43,2025-03-18,42,0.7942,378.123733076,07:10,07:20,5022.79713143,2166.1585033,0,476.106438021,476.106438021,0.822804581501,6125.46742739
2025-03-18,45,07:30,4731.93,2406.525,4947.86794794,2456.67960182,415.198057687,415.198057687,0,27.6305576871,0,0,0,401.0875,6161.43124353,44,2025-03-18,43,0.7866,326.594792177,07:20,07:30,4947.86794794,2456.67960182,0,415.198057687,415.198057687,0.785516101803,6136.56374161
2025-03-18,46,07:40,4657.7649,2688.7295,4578.48441106,2819.94539716,566.655611497,566.655611497,0,238.48304483,0,0,0,448.121583333,6376.06598388,45,2025-03-18,44,0.7615,431.508248155,07:30,07:40,4578.48441106,2819.94539716,0,566.655611497,566.655611497,0.732905813029,6161.43124353
2025-03-18,47,07:50,5385.9175,2984.3854,5310.02815402,3178.99559781,0,0,0,0,400.25535,0,0,497.397566667,5931.33781721,46,2025-03-18,45,0.945,0,07:40,07:50,5310.02815402,3178.99559781,0,0,0,0.938230743299,6376.06598388
2025-03-18,48,08:00,6541.54,3290.175,6539.29911724,3483.2490422,0,0,0,0,541.894166667,0,0,548.3625,5329.23318758,47,2025-03-18,46,1.2276,0,07:50,08:00,6539.29911724,3483.2490422,0,0,0,1.23680915646,5931.33781721
2025-03-18,49,08:10,6921.4474,3584.9905,6700.77339154,3804.12115359,0,0,0,0,556.07615,0,0,597.498416667,4711.37079869,48,2025-03-18,47,1.2449,0,08:00,08:10,6700.77339154,3804.12115359,0,0,0,1.24548130213,5329.23318758
2025-03-18,50,08:20,6751.7863,3826.5677,6486.133473,4117.41726788,0,0,0,0,487.536433333,0,0,637.761283333,4169.66365054,49,2025-03-18,48,1.1856,0,08:10,08:20,6486.133473,4117.41726788,0,0,0,1.16716537651,4711.37079869
2025-03-18,51,08:30,6578.55,3985.5,6411.85692081,4491.40054904,0,0,0,0,432.175,0,0,664.25,3689.4692061,50,2025-03-18,49,1.1919,0,08:20,08:30,6411.85692081,4491.40054904,0,0,0,1.12422751508,4169.66365054
2025-03-18,52,08:40,6719.2424,4106.1071,6483.42811936,4920.13225498,0,0,0,0,435.52255,0,0,684.351183333,3205.55526165,51,2025-03-18,50,1.2129,0,08:30,08:40,6483.42811936,4920.13225498,0,0,0,1.10796709668,3689.4692061
2025-03-18,53,08:50,6797.0624,4437.1851,6583.48974136,5308.60181563,0,0,0,0,393.312883333,0,0,739.53085,2768.54094684,52,2025-03-18,51,1.1864,0,08:40,08:50,6583.48974136,5308.60181563,0,0,0,1.09958974203,3205.55526165
2025-03-18,54,09:00,6661.85,4860.225,6597.9979656,5681.65365568,0,0,0,0,300.270833333,0,0,810.0375,2434.90668758,53,2025-03-18,52,1.1409,0,08:50,09:00,6597.9979656,5681.65365568,0,0,0,1.09987716331,2768.54094684
2025-03-18,55,09:10,6509.2154,5015.7195,6562.7405248,6081.64454266,0,0,0,0,248.915983333,0,0,835.95325,2158.33337277,54,2025-03-18,53,1.1442,0,09:00,09:10,6562.7405248,6081.64454266,0,0,0,1.08556111321,2434.90668758
2025-03-18,56,09:20,6326.896,5236.6944,6534.97840462,6425.77704572,0,0,0,0,181.700266667,0,0,872.7824,1956.44418758,55,2025-03-18,54,1.0629,0,09:10,09:20,6534.97840462,6425.77704572,0,0,0,1.02598014794,2158.33337277
2025-03-18,57,09:30,6221.39,5661.2625,6533.76446476,6624.65128897,0,0,0,0,93.3545833333,0,0,943.54375,1852.71687277,56,2025-03-18,55,0.9275,0,09:20,09:30,6533.76446476,6624.65128897,0,0,0,0.979218411378,1956.44418758
2025-03-18,58,09:40,6360.2932,6043.1538,6479.14656171,6778.63316601,0,0,0,0,52.8565666667,0,0,1007.1923,1793.98735425,57,2025-03-18,56,0.9204,0,09:30,09:40,6479.14656171,6778.63316601,0,0,0,0.962933835106,1852.71687277
2025-03-18,59,09:50,6467.8706,6110.8791,6442.03538074,6896.09450419,0,0,0,0,59.4985833333,0,0,1018.47985,1727.87781721,58,2025-03-18,57,0.9752,0,09:40,09:50,6442.03538074,6896.09450419,0,0,0,0.949107970609,1793.98735425
2025-03-18,60,10:00,6445.94,6085.4625,6476.88939505,7000.8004712,0,0,0,0,60.0795833333,0,0,1014.24375,1661.12272462,59,2025-03-18,58,1.0101,0,09:50,10:00,6476.88939505,7000.8004712,0,0,0,0.928008031623,1727.87781721
2025-03-18,61,10:10,6448.7193,6465.5486,6562.82065633,7079.28955954,0,0,0,2.80488333333,0,0,0,1077.59143333,1663.64711962,60,2025-03-18,59,0.9991,0,10:00,10:10,6562.82065633,7079.28955954,0,0,0,0.94970175459,1661.12272462
2025-03-18,62,10:20,6478.2633,6896.4437,6575.82647698,7053.17850837,0,0,0,69.6967333333,0,0,0,1149.40728333,1726.37417962,61,2025-03-18,60,0.9451,0,10:10,10:20,6575.82647698,7053.17850837,0,0,0,0.965224193554,1663.64711962
2025-03-18,63,10:30,6483.46,7147.5375,6487.18829151,7056.42848001,0,0,0,110.679583333,0,0,0,1191.25625,1825.98580462,62,2025-03-18,61,0.8979,0,10:20,10:30,6487.18829151,7056.42848001,0,0,0,0.95455925964,1726.37417962
2025-03-18,64,10:40,6422.2307,7317.679,6347.26173051,7148.49437584,0,0,0,149.241383333,0,0,0,1219.61316667,1960.30304962,63,2025-03-18,62,0.8943,0,10:30,10:40,6347.26173051,7148.49437584,0,0,0,0.930568382382,1825.98580462
2025-03-18,65,10:50,6338.1411,7451.0694,6307.24952652,7308.81658227,0,0,0,185.48805,0,0,0,1241.8449,2127.24229462,64,2025-03-18,63,0.7705,0,10:40,10:50,6307.24952652,7308.81658227,0,0,0,0.787291992042,1960.30304962
2025-03-18,66,11:00,6336.47,7550.1375,6405.54864682,7506.73820308,0,0,0,202.277916667,0,0,0,1258.35625,2309.29241962,65,2025-03-18,64,0.5684,0,10:50,11:00,6405.54864682,7506.73820308,0,0,0,0.610318008133,2127.24229462
2025-03-18,67,11:10,6493.2074,7601.5933,6488.66915098,7699.82393786,0,0,0,184.730983333,0,0,0,1266.93221667,2475.55030462,66,2025-03-18,65,0.5107,0,11:00,11:10,6488.66915098,7699.82393786,0,0,0,0.55771039503,2309.29241962
2025-03-18,68,11:20,6613.3901,7628.226,6447.86058003,7875.53208174,225.025234246,225.025234246,1.13686837722e-13,394.164550912,0,0,0,1271.371,2830.29840044,67,2025-03-18,66,0.525,118.138247979,11:10,11:20,6447.86058003,7875.53208174,0,225.025234246,225.025234246,0.552818725775,2475.55030462
2025-03-18,69,11:30,6590.55,7698.15,6331.69010179,7980.19045991,558.583273646,558.583273646,0,743.183273646,0,0,0,1283.025,3499.16334672,68,2025-03-18,67,0.5301,296.10499336,11:20,11:30,6331.69010179,7980.19045991,0,558.583273646,558.583273646,0.552509643592,2830.29840044
2025-03-18,70,11:40,6463.7775,7854.1873,6375.94037793,7977.76334208,0,0,0,231.734966667,0,0,0,1309.03121667,3707.72481672,69,2025-03-18,68,0.5173,0,11:30,11:40,6375.94037793,7977.76334208,0,0,0,0.592411360358,3499.16334672
2025-03-18,71,11:50,6232.893,7904.3377,6265.47509189,7897.43708748,0,0,0,278.574116667,0,0,0,1317.38961667,3958.44152172,70,2025-03-18,69,0.4955,0,11:40,11:50,6265.47509189,7897.43708748,0,0,0,0.588005913428,3707.72481672
2025-03-18,72,12:00,6004.32,7836.375,6055.87490205,7852.53723247,533.889611596,527.990833333,5.89877826261,833.333333333,0,0,0,1306.0625,4708.44152172,71,2025-03-18,70,0.4863,259.630518119,11:50,12:00,6055.87490205,7852.53723247,0,533.889611596,533.889611596,0.51597918437,3958.44152172
2025-03-18,73,12:10,5936.0248,7831.1551,6033.62823014,7892.15707984,523.578525051,517.478283333,6.10024171791,833.333333333,0,0,0,1305.19251667,5458.44152172,72,2025-03-18,71,0.5029,263.307640248,12:00,12:10,6033.62823014,7892.15707984,0,523.578525051,523.578525051,0.481222317363,4708.44152172
2025-03-18,74,12:20,5922.6668,7882.29,5958.85762261,7946.67051578,502.031184472,502.031184472,1.13686837722e-13,828.635051139,0,0,0,1313.715,6204.21306774,73,2025-03-18,72,0.4906,246.296499102,12:10,12:20,5958.85762261,7946.67051578,0,502.031184472,502.031184472,0.492310080826,5458.44152172
2025-03-18,75,12:30,5862.11,7841.4,5851.11138801,7889.81462509,493.549460487,493.549460487,0,823.431127153,0,0,0,1306.9,6945.30108218,74,2025-03-18,73,0.4426,218.444991211,12:20,12:30,5851.11138801,7889.81462509,0,493.549460487,493.549460487,0.477465814443,6204.21306774
2025-03-18,76,12:40,5785.0136,7606.1729,6026.79110704,7621.29225305,567.583142331,529.806783333,37.7763589979,833.333333333,0,0,0,1267.69548333,7695.30108218,75,2025-03-18,74,0.4359,247.409491742,12:30,12:40,6026.79110704,7621.29225305,0,567.583142331,567.583142331,0.460577205652,6945.30108218
2025-03-18,77,12:50,5954.1481,7603.6435,6114.53080858,7448.54538058,0,0,0,274.9159,0,0,0,1267.27391667,7942.72539218,76,2025-03-18,75,0.61,0,12:40,12:50,6114.53080858,7448.54538058,0,0,0,0.623724669522,7695.30108218
2025-03-18,78,13:00,6285.72,7822.0875,6189.90769616,7370.49498157,0,0,0,256.06125,0,0,0,1303.68125,8173.18051718,77,2025-03-18,76,0.851,0,12:50,13:00,6189.90769616,7370.49498157,0,0,0,0.87438788871,7942.72539218
2025-03-18,79,13:10,6394.9526,7790.9036,6255.20057323,7257.57422822,0,0,0,232.6585,0,0,0,1298.48393333,8382.57316718,78,2025-03-18,77,0.8867,0,13:00,13:10,6255.20057323,7257.57422822,0,0,0,0.931422560107,8173.18051718
2025-03-18,80,13:20,6310.1645,7498.358,6277.43751809,7184.83579305,0,0,0,198.03225,0,0,0,1249.72633333,8560.80219218,79,2025-03-18,78,0.8745,0,13:10,13:20,6277.43751809,7184.83579305,0,0,0,0.916979154545,8382.57316718
2025-03-18,81,13:30,6207.18,7188.525,6264.67585403,7066.31635409,0,0,0,163.5575,0,0,0,1198.0875,8708.00394218,80,2025-03-18,79,0.8999,0,13:20,13:30,6264.67585403,7066.31635409,0,0,0,0.919499430074,8560.80219218
2025-03-18,82,13:40,6230.6908,7113.5937,6180.71185306,7002.56942651,0,0,0,147.150483333,0,0,0,1185.59895,8840.43937718,81,2025-03-18,80,0.8918,0,13:30,13:40,6180.71185306,7002.56942651,0,0,0,0.891519568466,8708.00394218
2025-03-18,83,13:50,6247.5296,7027.3315,6195.48071973,6818.22271414,0,0,0,129.966983333,0,0,0,1171.22191667,8957.40966218,82,2025-03-18,81,0.881,0,13:40,13:50,6195.48071973,6818.22271414,0,0,0,0.879017684582,8840.43937718
2025-03-18,84,14:00,6187.66,6747,6279.89081968,6631.7533998,0,0,0,93.2233333333,0,0,0,1124.5,9041.31066218,83,2025-03-18,82,0.8879,0,13:50,14:00,6279.89081968,6631.7533998,0,0,0,0.905648366698,8957.40966218
2025-03-18,85,14:10,6132.0209,6332.0096,6222.52007789,6404.57249733,0,0,0,33.33145,0,0,0,1055.33493333,9071.30896718,84,2025-03-18,83,0.9012,0,14:00,14:10,6222.52007789,6404.57249733,0,0,0,0.940890308948,9041.31066218
2025-03-18,86,14:20,6221.7511,6040.8164,6134.28033485,6183.02580614,0,0,0,0,30.1557833333,0,0,1006.80273333,9037.80254126,85,2025-03-18,84,0.9323,0,14:10,14:20,6134.28033485,6183.02580614,0,0,0,0.971371356972,9071.30896718
2025-03-18,87,14:30,6348.3,5924.175,6112.81150374,6040.90742422,0,0,0,0,70.6875,0,0,987.3625,8959.26087459,86,2025-03-18,85,0.9885,0,14:20,14:30,6112.81150374,6040.90742422,0,0,0,1.00726883632,9037.80254126
2025-03-18,88,14:40,6249.8089,5793.8846,6146.13298654,5894.72169669,0,0,0,0,75.9873833333,0,0,965.647433333,8874.83044866,87,2025-03-18,86,1.0343,0,14:30,14:40,6146.13298654,5894.72169669,0,0,0,1.02996878325,8959.26087459
2025-03-18,89,14:50,6098.21,5534.5139,6244.25780936,5601.9478141,0,0,0,0,93.94935,0,0,922.418983333,8770.442282,88,2025-03-18,87,0.9174,0,14:40,14:50,6244.25780936,5601.9478141,0,0,0,0.926009350159,8874.83044866
2025-03-18,90,15:00,6038.33,5212.4625,6298.81687073,5242.47131479,176.057592656,176.057592656,0,38.4130093228,0,0,0,868.74375,8805.01399039,89,2025-03-18,88,0.7204,126.831889749,14:50,15:00,6298.81687073,5242.47131479,0,176.057592656,176.057592656,0.743855071009,8770.442282
2025-03-18,91,15:10,6066.1034,4998.6395,6209.22709938,4995.52133546,400.972640617,400.972640617,0,223.061990617,0,0,0,833.106583333,9005.76978194,90,2025-03-18,89,0.6985,280.079389471,15:00,15:10,6209.22709938,4995.52133546,0,400.972640617,400.972640617,0.706918887138,8805.01399039
2025-03-18,92,15:20,6136.7669,4839.1817,6171.6220073,4681.45632231,248.360947498,248.360947498,1.13686837722e-13,32.0967474983,0,0,0,806.530283333,9034.65685469,91,2025-03-18,90,0.7475,185.649808255,15:10,15:20,6171.6220073,4681.45632231,0,248.360947498,248.360947498,0.767864987181,9005.76978194
2025-03-18,93,15:30,6221.61,4634.0625,6213.80330884,4353.48333385,310.053329165,310.053329165,0,45.462079165,0,0,0,772.34375,9075.57272594,92,2025-03-18,91,0.771,239.051116786,15:20,15:30,6213.80330884,4353.48333385,0,310.053329165,310.053329165,0.80346436849,9034.65685469
2025-03-18,94,15:40,6286.255,4325.9451,6212.55190042,3955.73059342,376.1368845,376.1368845,0,49.4185678335,0,0,0,720.99085,9120.04943699,93,2025-03-18,92,0.7756,291.731767618,15:30,15:40,6212.55190042,3955.73059342,0,376.1368845,376.1368845,0.793643308899,9075.57272594
2025-03-18,95,15:50,6187.0515,3979.0092,6161.33083514,3623.65042727,422.946734646,422.946734646,1.13686837722e-13,54.9396846457,0,0,0,663.1682,9169.49515317,94,2025-03-18,93,0.7801,329.940747697,15:40,15:50,6161.33083514,3623.65042727,0,422.946734646,422.946734646,0.799521207958,9120.04943699
2025-03-18,96,16:00,6030.69,3640.95,6102.99949713,3321.2819756,463.61958692,463.61958692,0,65.3295869204,0,0,0,606.825,9228.2917814,95,2025-03-18,94,0.8013,371.498374999,15:50,16:00,6102.99949713,3321.2819756,0,463.61958692,463.61958692,0.847450954424,9169.49515317
2025-03-18,97,16:10,6081.722,3299.5211,6183.89845611,3028.03844742,525.976668114,525.976668114,1.13686837722e-13,62.2765181144,0,0,0,549.920183333,9284.3406477,96,2025-03-18,95,0.8419,442.819756886,16:00,16:10,6183.89845611,3028.03844742,0,525.976668114,525.976668114,0.90457078813,9228.2917814
2025-03-18,98,16:20,6134.8191,2893.5599,6223.0381462,2707.6691454,585.894833467,585.894833467,0,45.6849668002,0,0,0,482.259983333,9325.45711782,97,2025-03-18,96,0.8672,508.087999582,16:10,16:20,6223.0381462,2707.6691454,0,585.894833467,585.894833467,0.938551771045,9284.3406477
2025-03-18,99,16:30,6100.78,2439.225,6114.52471444,2411.9509018,617.095635439,617.095635439,0,6.83646877249,0,0,0,406.5375,9331.60993972,98,2025-03-18,97,0.873,538.724489738,16:20,16:30,6114.52471444,2411.9509018,0,617.095635439,617.095635439,0.954334693325,9325.45711782
2025-03-18,100,16:40,6086.0176,2032.4678,5960.7104998,2083.61996166,646.181756356,646.181756356,0,0,29.4098769769,0,0,338.744633333,9298.93229863,99,2025-03-18,98,0.8896,574.843290455,16:30,16:40,5960.7104998,2083.61996166,0,646.181756356,646.181756356,0.963485141197,9331.60993972
2025-03-18,101,16:50,6039.1443,1727.9305,5990.272768,1740.02516911,708.374599815,708.374599815,0,0,10.1610335183,0,0,287.988416667,9287.64226139,100,2025-03-18,99,0.9267,656.450741649,16:40,16:50,5990.272768,1740.02516911,0,708.374599815,708.374599815,0.98018695095,9298.93229863
2025-03-18,102,17:00,6011.15,1470.3375,6133.36684191,1411.63639789,786.955074002,786.955074002,0,30.1529906686,0,0,0,245.05625,9314.77995299,101,2025-03-18,100,0.9934,781.761170514,16:50,17:00,6133.36684191,1411.63639789,0,786.955074002,786.955074002,1.00327918538,9287.64226139
2025-03-18,103,17:10,6110.8179,1153.4245,6158.47447951,1129.64336529,838.138519037,838.138519037,0,11.9062857033,0,0,0,192.237416667,9325.49561012,102,2025-03-18,101,1.0791,904.435275892,17:00,17:10,6158.47447951,1129.64336529,0,838.138519037,838.138519037,0.997133951012,9314.77995299
2025-03-18,104,17:20,6118.1544,856.7381,6123.71932899,850.588966582,878.855060401,878.855060401,0,1.9523437344,0,0,0,142.789683333,9327.25271949,103,2025-03-18,102,1.0794,948.636152197,17:10,17:20,6123.71932899,850.588966582,0,878.855060401,878.855060401,1.03292252495,9325.49561012
2025-03-18,105,17:30,6133.5,600.8625,6151.10638597,545.639398207,934.24449796,934.24449796,0,12.1382479598,0,0,0,100.14375,9338.17714265,104,2025-03-18,103,1.0089,942.559273992,17:20,17:30,6151.10638597,545.639398207,0,934.24449796,934.24449796,1.07536435451,9327.25271949
2025-03-18,106,17:40,6309.8585,330.5732,6220.94332416,280.288265947,990.109176368,990.109176368,0,0,6.43837363177,0,0,55.0955333333,9331.02339417,105,2025-03-18,104,1.0073,997.336973356,17:30,17:40,6220.94332416,280.288265947,0,990.109176368,990.109176368,1.02962986758,9338.17714265
2025-03-18,107,17:50,5482.0383,111.6014,5442.21686978,93.9859627714,891.371817835,891.371817835,0,0,3.70099883161,0,0,18.6002333333,9326.91117325,106,2025-03-18,105,1.1351,1011.79615042,17:40,17:50,5442.21686978,93.9859627714,0,891.371817835,891.371817835,1.1178604951,9331.02339417
2025-03-18,108,18:00,4144.01,0,4231.82034354,0,0,0,0,0,690.668333333,0,0,0,8559.50191399,107,2025-03-18,106,1.2749,0,17:50,18:00,4231.82034354,0,0,0,0,1.28662199236,9326.91117325
2025-03-18,109,18:10,4095.0719,0,4139.85382475,0,0,0,0,0,682.511983333,0,0,0,7801.15526584,108,2025-03-18,107,1.2483,0,18:00,18:10,4139.85382475,0,0,0,0,1.28529775366,8559.50191399
2025-03-18,110,18:20,4423.4088,3.5636,4391.16056314,0,731.860093856,731.860093856,0,0,4.78077281062,0,0,0.593933333333,7795.84329605,109,2025-03-18,108,1.2519,916.215651498,18:10,18:20,4391.16056314,0,0,731.860093856,731.860093856,1.26155083566,7801.15526584
2025-03-18,111,18:30,4431.7,0,4355.31880787,0,725.886467979,725.886467979,0,0,12.7301986876,0,0,0,7781.69863084,110,2025-03-18,109,1.3196,957.879783145,18:20,18:30,4355.31880787,0,0,725.886467979,725.886467979,1.26456319809,7795.84329605
2025-03-18,112,18:40,4323.6511,0,4263.78731717,0,0,0,0,0,720.608516667,0,0,0,6981.02250121,111,2025-03-18,110,1.2947,0,18:30,18:40,4263.78731717,0,0,0,0,1.28076110124,7781.69863084
2025-03-18,113,18:50,4248.1245,0.2559,4272.65802325,0,0,0,0,0,707.9781,0,0,0.04265,6194.38016788,112,2025-03-18,111,1.2859,0,18:40,18:50,4272.65802325,0,0,0,0,1.29132686013,6981.02250121
2025-03-18,114,19:00,4279.14,0,4313.30149058,0,0,0,0,0,713.19,0,0,0,5401.94683454,113,2025-03-18,112,1.3148,0,18:50,19:00,4313.30149058,0,0,0,0,1.28857081879,6194.38016788
2025-03-18,115,19:10,4395.5745,0,4270.18657085,0,711.697761808,711.697761808,0,0,20.8979881923,0,0,0,5378.72684766,114,2025-03-18,113,1.2892,917.520754523,19:00,19:10,4270.18657085,0,0,711.697761808,711.697761808,1.26414662469,5401.94683454
2025-03-18,116,19:20,4409.9033,0.0184,4321.70131138,0,720.283551897,720.283551897,0,0,14.6972647695,0,0,0.00306666666667,5362.39655348,115,2025-03-18,114,1.2795,921.602804652,19:10,19:20,4321.70131138,0,0,720.283551897,720.283551897,1.25833175887,5378.72684766
2025-03-18,117,19:30,4317.12,0,4420.50944445,0,0,0,0,0,719.52,0,0,0,4562.92988681,116,2025-03-18,115,1.2968,0,19:20,19:30,4420.50944445,0,0,0,0,1.27582370117,5362.39655348
2025-03-18,118,19:40,4277.8425,0,4425.25474252,0,383.666300225,383.666300225,0,0,329.307449775,0,0,0,4197.03272039,117,2025-03-18,116,1.277,489.941865388,19:30,19:40,4425.25474252,0,0,383.666300225,383.666300225,1.26801915484,4562.92988681
2025-03-18,119,19:50,4226.6778,0.0013,4387.84343057,0,731.307238428,731.307238428,0,26.8611550948,0,0,0,0.000216666666667,4221.20775998,118,2025-03-18,117,1.2611,922.251558382,19:40,19:50,4387.84343057,0,0,731.307238428,731.307238428,1.26320770872,4197.03272039
2025-03-18,120,20:00,4169.4,0,4370.55496423,0,0,0,0,0,694.9,0,0,0,3449.09664887,119,2025-03-18,118,1.268,0,19:50,20:00,4370.55496423,0,0,0,0,1.27118862309,4221.20775998
2025-03-18,121,20:10,4198.2792,0,4343.97989325,0,723.996648876,723.996648876,0,24.2834488758,0,0,0,0,3470.95175285,120,2025-03-18,119,1.2687,918.534548429,20:00,20:10,4343.97989325,0,0,723.996648876,723.996648876,1.26379124572,3449.09664887
2025-03-18,122,20:20,4235.1014,0,4354.00851416,0,725.668085694,725.668085694,0,19.8178523603,0,0,0,0,3488.78781998,121,2025-03-18,120,1.2415,900.916928389,20:10,20:20,4354.00851416,0,0,725.668085694,725.668085694,1.25542286164,3470.95175285
2025-03-18,123,20:30,4249.48,0,4322.74785346,0,0,0,0,0,708.246666667,0,0,0,2701.84707924,122,2025-03-18,121,1.2372,0,20:20,20:30,4322.74785346,0,0,0,0,1.27020560607,3488.78781998
2025-03-18,124,20:40,4284.5414,0,4293.76889806,0,0,0,0,0,714.090233333,0,0,0,1908.41348665,123,2025-03-18,122,1.2982,0,20:30,20:40,4293.76889806,0,0,0,0,1.29843040973,2701.84707924
2025-03-18,125,20:50,4311.0276,0,4310.95748771,0,718.492914618,718.492914618,0,0,0.011685382383,0,0,0,1908.40050289,124,2025-03-18,123,1.1702,840.780408686,20:40,20:50,4310.95748771,0,0,718.492914618,718.492914618,1.17492670616,1908.41348665
2025-03-18,126,21:00,4305.03,0,4429.55889876,0,738.25981646,738.25981646,0,20.75481646,0,0,0,0,1927.0798377,125,2025-03-18,124,0.9357,690.789710262,20:50,21:00,4429.55889876,0,0,738.25981646,738.25981646,0.948644287692,1908.40050289
2025-03-18,127,21:10,4265.6112,0,4491.79603091,0,748.632671818,748.632671818,0,37.6974718181,0,0,0,0,1961.00756234,126,2025-03-18,125,0.9411,704.538207448,21:00,21:10,4491.79603091,0,0,748.632671818,748.632671818,0.897076265371,1927.0798377
2025-03-18,128,21:20,4191.8841,0,4511.08788809,0,751.847981349,751.847981349,0,53.2006313487,0,0,0,0,2008.88813055,127,2025-03-18,126,0.9563,718.992224564,21:10,21:20,4511.08788809,0,0,751.847981349,751.847981349,0.920599614844,1961.00756234
2025-03-18,129,21:30,4218.93,0,4486.88069704,0,747.813449507,747.813449507,0,44.6584495074,0,0,0,0,2049.08073511,128,2025-03-18,127,0.9311,696.289102836,21:20,21:30,4486.88069704,0,0,747.813449507,747.813449507,0.956038034137,2008.88813055
2025-03-18,130,21:40,4411.0997,0,4438.32541336,0,739.720902227,739.720902227,0,4.53761889406,0,0,0,0,2053.16459211,129,2025-03-18,128,1.0038,742.531841656,21:30,21:40,4438.32541336,0,0,739.720902227,739.720902227,0.9859618161,2049.08073511
2025-03-18,131,21:50,4054.3656,0,3900.66379947,0,650.110633244,650.110633244,0,0,25.6169667558,0,0,0,2024.70129572,130,2025-03-18,129,0.7816,508.126470944,21:40,21:50,3900.66379947,0,0,650.110633244,650.110633244,0.762099479482,2053.16459211
2025-03-18,132,22:00,3363.41,0,3289.47805492,0,1381.57967582,1381.57967582,0,821.011342487,0,0,0,0,2763.61150396,131,2025-03-18,130,0.389,537.434493894,21:50,22:00,3289.47805492,0,0,1381.57967582,1381.57967582,0.425909509998,2024.70129572
2025-03-18,133,22:10,3312.3138,0,3259.15178925,0,1376.52529821,1376.52529821,0,824.472998209,0,0,0,0,3505.63720234,132,2025-03-18,131,0.3831,527.346841744,22:00,22:10,3259.15178925,0,0,1376.52529821,1376.52529821,0.388584496197,2763.61150396
2025-03-18,134,22:20,3434.3354,0,3388.26213146,0,1398.04368858,1398.04368858,0,825.654455244,0,0,0,0,4248.72621206,133,2025-03-18,132,0.4539,634.572030245,22:10,22:20,3388.26213146,0,0,1398.04368858,1398.04368858,0.423746796753,3505.63720234
2025-03-18,135,22:30,3363.11,0,3343.82406444,0,1390.63734407,1390.63734407,0,830.11901074,0,0,0,0,4995.83332173,134,2025-03-18,133,0.4187,582.259855964,22:20,22:30,3343.82406444,0,0,1390.63734407,1390.63734407,0.412837809075,4248.72621206
2025-03-18,136,22:40,3234.0222,0,3388.94206593,0,1398.15701099,1372.33703333,25.8199776549,833.333333333,0,0,0,0,5745.83332173,135,2025-03-18,134,0.416,581.633316571,22:30,22:40,3388.94206593,0,0,1398.15701099,1398.15701099,0.411806702778,4995.83332173
2025-03-18,137,22:50,3283.2443,0,3273.8740602,0,1378.97901003,1378.97901003,0,831.771626701,0,0,0,0,6494.42778576,136,2025-03-18,135,0.4617,636.674608933,22:40,22:50,3273.8740602,0,0,1378.97901003,1378.97901003,0.41741674152,5745.83332173
2025-03-18,138,23:00,3438.49,0,3182.17188402,0,582.267145413,582.267145413,0,9.18547874589,0,0,0,0,6502.69471663,137,2025-03-18,136,0.4831,281.293257949,22:50,23:00,3182.17188402,0,0,582.267145413,582.267145413,0.427611726336,6494.42778576
2025-03-18,139,23:10,3395.4864,0,3387.89453136,0,564.64908856,564.64908856,0,0,1.26531144008,0,0,0,6501.28881503,138,2025-03-18,137,0.4102,231.619056127,23:00,23:10,3387.89453136,0,0,564.64908856,564.64908856,0.438927960233,6502.69471663
2025-03-18,140,23:20,3237.8117,0,3455.94970538,0,575.991617564,575.991617564,0,36.3563342307,0,0,0,0,6534.00951584,139,2025-03-18,138,0.3908,225.097524144,23:10,23:20,3455.94970538,0,0,575.991617564,575.991617564,0.438365223545,6501.28881503
2025-03-18,141,23:30,3194.33,0,3321.9027064,0,1386.9837844,1365.72166667,21.2621177341,833.333333333,0,0,0,0,7284.00951584,140,2025-03-18,139,0.44,610.272865136,23:20,23:30,3321.9027064,0,0,1386.9837844,1386.9837844,0.424486860106,6534.00951584
2025-03-18,142,23:40,3404.8527,0,3317.22075571,0,1386.20345929,1386.20345929,0,818.728009285,0,0,0,0,8020.8647242,141,2025-03-18,140,0.4283,593.710941612,23:30,23:40,3317.22075571,0,0,1386.20345929,1386.20345929,0.405159277054,7284.00951584
2025-03-18,143,23:50,3494.1346,0,3336.44366508,0,1389.40727751,1389.40727751,0,807.051510846,0,0,0,0,8747.21108396,142,2025-03-18,141,0.3983,553.400918633,23:40,23:50,3336.44366508,0,0,1389.40727751,1389.40727751,0.406989299612,8020.8647242
2025-03-18,144,00:00+1,3412.87,0,3307.02849381,0,1384.50474897,1384.50474897,0,815.693082302,0,0,0,0,9481.33485803,143,2025-03-18,142,0.4011,555.324854811,23:50,00:00+1,3307.02849381,0,0,1384.50474897,1384.50474897,0.419440382949,8747.21108396
2025-03-19,1,00:10,3431.2079,0,3392.99224789,0,581.063316524,581.063316524,0,9.19533319044,0,0,0,0,9489.6106579,0,2025-03-18,143,0.4301,249.915332437,00:00,00:10,3486.37989914,0,0,581.063316524,581.063316524,0.411923526095,9481.33485803
2025-03-19,2,00:20,3297.927,0,3470.62314715,0,1411.77052453,1382.98783333,28.7826911921,833.333333333,0,0,0,0,10239.6106579,1,2025-03-19,0,0.3996,564.1435016,00:10,00:20,3470.62314715,0,0,1411.77052453,1411.77052453,0.409732579455,9489.6106579
2025-03-19,3,00:30,3117.68,0,3463.3421894,0,577.223698233,577.223698233,0,57.6103649,0,0,0,0,10291.4599863,2,2025-03-19,1,0.3534,203.990854956,00:20,00:30,3463.3421894,0,0,577.223698233,577.223698233,0.413942751038,10239.6106579
2025-03-19,4,00:40,3290.5028,0,3441.98699346,0,573.66449891,573.66449891,0,25.247365577,0,0,0,0,10314.1826153,3,2025-03-19,2,0.414,237.497102549,00:30,00:40,3441.98699346,0,0,573.66449891,573.66449891,0.415420605649,10291.4599863
2025-03-19,5,00:50,3449.4926,0,3445.99374647,0,574.332291078,574.332291078,0,0,0.583142255548,0,0,0,10313.5346795,4,2025-03-19,3,0.4338,249.14534787,00:40,00:50,3445.99374647,0,0,574.332291078,574.332291078,0.412729206098,10314.1826153
2025-03-19,6,01:00,3403.74,0,3458.56004388,0,576.426673981,576.426673981,0,9.13667398074,0,0,0,0,10321.7576861,5,2025-03-19,4,0.3818,220.079704126,00:50,01:00,3458.56004388,0,0,576.426673981,576.426673981,0.415493278377,10313.5346795
2025-03-19,7,01:10,3329.7152,0,3386.39507716,0,564.399179526,564.399179526,0,9.44664619307,0,0,0,0,10330.2596676,6,2025-03-19,5,0.379,213.907289041,01:00,01:10,3386.39507716,0,0,564.399179526,564.399179526,0.428537205368,10321.7576861
2025-03-19,8,01:20,3372.0515,0,3400.32702823,0,566.721171372,566.721171372,0,4.71258803857,0,0,0,0,10334.5009969,7,2025-03-19,6,0.4135,234.339204362,01:10,01:20,3400.32702823,0,0,566.721171372,566.721171372,0.418805128462,10330.2596676
2025-03-19,9,01:30,3461.96,0,3478.67624984,0,579.779374974,579.779374974,0,2.7860416407,0,0,0,0,10337.0084344,8,2025-03-19,7,0.4415,255.972594051,01:20,01:30,3478.67624984,0,0,579.779374974,579.779374974,0.415548844017,10334.5009969
2025-03-19,10,01:40,3435.1511,0,3569.415366,0,594.902561,594.902561,0,22.3773776666,0,0,0,0,10357.1480743,9,2025-03-19,8,0.4418,262.82795145,01:30,01:40,3569.415366,0,0,594.902561,594.902561,0.458174309369,10337.0084344
2025-03-19,11,01:50,3534.8505,0,3550.54316869,0,591.757194782,591.757194782,0,2.61544478235,0,0,0,0,10359.5019746,10,2025-03-19,9,0.4642,274.693689818,01:40,01:50,3550.54316869,0,0,591.757194782,591.757194782,0.477149608413,10357.1480743
2025-03-19,12,02:00,3745.9,0,3503.06268504,0,583.843780839,583.843780839,0,0,40.4728858274,0,0,0,10314.5321014,11,2025-03-19,10,0.5013,292.680887335,01:50,02:00,3503.06268504,0,0,583.843780839,583.843780839,0.457268353346,10359.5019746
2025-03-19,13,02:10,3763.7166,0,3591.7105357,0,598.618422616,598.618422616,0,0,28.6676773841,0,0,0,10282.6791265,12,2025-03-19,11,0.492,294.520263927,02:00,02:10,3591.7105357,0,0,598.618422616,598.618422616,0.439853655071,10314.5321014
2025-03-19,14,02:20,3582.7117,0,3576.96048711,0,596.160081185,596.160081185,0,0,0.958535481242,0,0,0,10281.6140871,13,2025-03-19,12,0.4597,274.054789321,02:10,02:20,3576.96048711,0,0,596.160081185,596.160081185,0.434058597728,10282.6791265
2025-03-19,15,02:30,3430.47,0,3469.35555763,0,578.225926271,578.225926271,0,6.48092627113,0,0,0,0,10287.4469208,14,2025-03-19,13,0.439,253.841181633,02:20,02:30,3469.35555763,0,0,578.225926271,578.225926271,0.430051483941,10281.6140871
2025-03-19,16,02:40,3558.1356,0,3519.88510643,0,586.647517739,586.647517739,0,0,6.3750822611,0,0,0,10280.363496,15,2025-03-19,14,0.4396,257.890248798,02:30,02:40,3519.88510643,0,0,586.647517739,586.647517739,0.428062620545,10287.4469208
2025-03-19,17,02:50,3703.6722,0,3618.32769332,0,603.054615554,603.054615554,0,0,14.2240844463,0,0,0,10264.5589578,16,2025-03-19,15,0.4204,253.524160379,02:40,02:50,3618.32769332,0,0,603.054615554,603.054615554,0.449687806061,10280.363496
2025-03-19,18,03:00,3710.45,0,3680.43258675,0,613.405431126,613.405431126,0,0,5.00290220764,0,0,0,10259.0001775,17,2025-03-19,16,0.3974,243.767318329,02:50,03:00,3680.43258675,0,0,613.405431126,613.405431126,0.458156053103,10264.5589578
2025-03-19,19,03:10,3657.8862,0,3677.35595006,0,612.892658344,612.892658344,0,3.2449583437,0,0,0,0,10261.92064,18,2025-03-19,17,0.4285,262.6245041,03:00,03:10,3677.35595006,0,0,612.892658344,612.892658344,0.427990419039,10259.0001775
2025-03-19,20,03:20,3625.7299,0,3635.72611249,0,605.954352081,605.954352081,0,1.66603541473,0,0,0,0,10263.4200719,19,2025-03-19,18,0.4609,279.284360874,03:10,03:20,3635.72611249,0,0,605.954352081,605.954352081,0.411530200292,10261.92064
2025-03-19,21,03:30,3639.83,0,3592.9687066,0,598.828117767,598.828117767,0,0,7.81021556597,0,0,0,10254.7420546,20,2025-03-19,19,0.4604,275.70046542,03:20,03:30,3592.9687066,0,0,598.828117767,598.828117767,0.433560936156,10263.4200719
2025-03-19,22,03:40,3650.5382,0,3559.64939082,0,593.274898469,593.274898469,0,0,15.1481348639,0,0,0,10237.9107937,21,2025-03-19,20,0.4431,262.880107512,03:30,03:40,3559.64939082,0,0,593.274898469,593.274898469,0.43665823435,10254.7420546
2025-03-19,23,03:50,3525.1462,0,3542.67055153,0,590.445091922,590.445091922,0,2.92072525547,0,0,0,0,10240.5394464,22,2025-03-19,21,0.4404,260.032018483,03:40,03:50,3542.67055153,0,0,590.445091922,590.445091922,0.430042209676,10237.9107937
2025-03-19,24,04:00,3414.32,0,3564.60934225,0,594.101557042,594.101557042,0,25.0482237087,0,0,0,0,10263.0828477,23,2025-03-19,22,0.4547,270.137977987,03:50,04:00,3564.60934225,0,0,594.101557042,594.101557042,0.426819058674,10240.5394464
2025-03-19,25,04:10,3598.4006,0.0018,3634.07928194,0,605.679880324,605.679880324,0,5.94674699056,0,0,0,0.0003,10268.43492,24,2025-03-19,23,0.4594,278.249337021,04:00,04:10,3634.07928194,0,0,605.679880324,605.679880324,0.43229780454,10263.0828477
2025-03-19,26,04:20,3683.8104,0,3628.38150557,0,604.730250928,604.730250928,0,0,9.2381490721,0,0,0,10258.1703099,25,2025-03-19,24,0.4391,265.537053182,04:10,04:20,3628.38150557,0,0,604.730250928,604.730250928,0.4237477822,10268.43492
2025-03-19,27,04:30,3598.39,0,3597.50856924,0,1215.87031074,1201.76465563,14.1056551182,602.032988959,0,0,0,0,10800,26,2025-03-19,25,0.4053,492.792236944,04:20,04:30,3597.50856924,0,0,1215.87031074,1215.87031074,0.410504318055,10258.1703099
2025-03-19,28,04:40,3647.9482,0.0254,3675.84554913,0,612.640924856,607.987133333,4.6537915223,0,0,0,0,0.00423333333333,10800,27,2025-03-19,26,0.3912,239.665129804,04:30,04:40,3675.84554913,0,0,612.640924856,612.640924856,0.442347500265,10800
2025-03-19,29,04:50,3684.4307,0,3664.0949206,0,610.682486767,610.682486767,0,0,3.38929656621,0,0,0,10796.2341149,28,2025-03-19,27,0.4197,256.303439696,04:40,04:50,3664.0949206,0,0,610.682486767,610.682486767,0.452505774421,10800
2025-03-19,30,05:00,3604.71,0,3585.93207877,0,597.655346462,597.655346462,0,0,3.12965353781,0,0,0,10792.7567221,29,2025-03-19,28,0.4547,271.753886036,04:50,05:00,3585.93207877,0,0,597.655346462,597.655346462,0.425500891237,10796.2341149
2025-03-19,31,05:10,3493.4627,0.3537,3655.66804449,0,609.278007415,590.232919882,19.0450875331,8.04808654817,0,0,0,0.05895,10800,30,2025-03-19,29,0.4465,272.042630311,05:00,05:10,3655.66804449,0,0,609.278007415,609.278007415,0.417791924705,10792.7567221
2025-03-19,32,05:20,3518.8601,0,3697.22820101,0,616.204700168,586.476683333,29.7280168342,0,0,0,0,0,10800,31,2025-03-19,30,0.5061,311.861198755,05:10,05:20,3697.22820101,0,0,616.204700168,616.204700168,0.431526066687,10800
2025-03-19,33,05:30,3584.46,0,3596.18876866,0,599.364794777,597.41,1.95479477699,0,0,0,0,0,10800,32,2025-03-19,31,0.5334,319.701181534,05:20,05:30,3596.18876866,0,0,599.364794777,599.364794777,0.43836368175,10800
2025-03-19,34,05:40,3539.4543,4.9264,3586.58995369,0,597.764992281,589.087983333,8.67700894788,0,0,0,0,0.821066666667,10800,33,2025-03-19,32,0.3697,220.993717646,05:30,05:40,3586.58995369,0,0,597.764992281,597.764992281,0.427605310299,10800
2025-03-19,35,05:50,4095.6763,0,4144.0663627,0,690.677727116,682.612716667,8.06501044958,0,0,0,0,0,10800,34,2025-03-19,33,0.59,407.499858999,05:40,05:50,4144.0663627,0,0,690.677727116,690.677727116,0.63577800169,10800
2025-03-19,36,06:00,4940.67,0,4800.95035429,0,0,0,0,0,823.445,0,0,0,9885.06111111,35,2025-03-19,34,1.0608,0,05:50,06:00,4800.95035429,0,0,0,0,0.974431197713,10800
2025-03-19,37,06:10,4972.457,144.6043,4800.29089232,135.260022302,0,0,0,0,804.642116667,0,0,24.1007166667,8991.01431481,36,2025-03-19,35,1.0381,0,06:00,06:10,4800.29089232,135.260022302,0,0,0,0.999881086436,9885.06111111
2025-03-19,38,06:20,4865.0673,383.3165,4731.44812241,346.399179439,0,0,0,0,746.958466667,0,0,63.8860833333,8161.06046296,37,2025-03-19,36,0.8984,0,06:10,06:20,4731.44812241,346.399179439,0,0,0,0.932826551627,8991.01431481
2025-03-19,39,06:30,4881.84,669.975,4794.59182688,654.917726943,0,0,0,0,701.9775,0,0,111.6625,7381.08546296,38,2025-03-19,37,0.9057,0,06:20,06:30,4794.59182688,654.917726943,0,0,0,0.933375328996,8161.06046296
2025-03-19,40,06:40,4643.8415,986.6364,4871.68958036,970.279868121,0,0,0,0,609.534183333,0,0,164.4394,6703.82525926,39,2025-03-19,38,0.9327,0,06:30,06:40,4871.68958036,970.279868121,0,0,0,0.945328207846,7381.08546296
2025-03-19,41,06:50,4642.247,1316.594,4828.91254798,1287.30394068,0,0,0,0,554.2755,0,0,219.432333333,6087.96359259,40,2025-03-19,39,0.9034,0,06:40,06:50,4828.91254798,1287.30394068,0,0,0,0.89327257269,6703.82525926
2025-03-19,42,07:00,4816.99,1643.8875,4779.6449958,1592.09335631,531.258606581,531.258606581,0,2.40818991416,0,0,0,273.98125,6090.13096352,41,2025-03-19,40,0.8368,444.557201987,06:50,07:00,4779.6449958,1592.09335631,0,531.258606581,531.258606581,0.813223241385,6087.96359259
2025-03-19,43,07:10,4622.2644,1956.0234,4782.53770379,1933.82399738,474.785617736,474.785617736,0,30.4121177357,0,0,0,326.0039,6117.50186948,42,2025-03-19,41,0.8065,382.914600704,07:00,07:10,4782.53770379,1933.82399738,0,474.785617736,474.785617736,0.798878433289,6090.13096352
2025-03-19,44,07:20,4642.0367,2250.2085,4953.23163477,2249.12197263,450.684943691,450.684943691,0,52.0469103573,0,0,0,375.03475,6164.3440888,43,2025-03-19,42,0.7908,356.401653471,07:10,07:20,4953.23163477,2249.12197263,0,450.684943691,450.684943691,0.820120824128,6117.50186948
2025-03-19,45,07:30,4829.63,2498.925,4948.86064937,2528.43379501,403.404475726,403.404475726,5.68434188608e-14,14.9536423927,0,0,0,416.4875,6177.80236695,44,2025-03-19,43,0.7442,300.213610835,07:20,07:30,4948.86064937,2528.43379501,0,403.404475726,403.404475726,0.799355860298,6164.3440888
2025-03-19,46,07:40,4658.9117,2691.9663,4614.10131896,2897.46892506,849.091217805,849.091217805,0,521.266984472,0,0,0,448.66105,6646.94265298,45,2025-03-19,44,0.6944,589.608941644,07:30,07:40,4614.10131896,2897.46892506,0,849.091217805,849.091217805,0.695048468051,6177.80236695
2025-03-19,47,07:50,5291.5639,2986.3327,5401.12630009,3268.02038444,0,0,0,0,384.2052,0,0,497.722116667,6220.04798631,46,2025-03-19,45,0.9345,0,07:40,07:50,5401.12630009,3268.02038444,0,0,0,0.866266861972,6646.94265298
2025-03-19,48,08:00,6480.37,3339.9375,6609.73546196,3548.4205683,0,0,0,0,523.405416667,0,0,556.65625,5638.48641224,47,2025-03-19,46,1.2859,0,07:50,08:00,6609.73546196,3548.4205683,0,0,0,1.21037194703,6220.04798631
2025-03-19,49,08:10,6689.6717,3552.9582,6680.38421942,3840.16825654,0,0,0,0,522.785583333,0,0,592.1597,5057.61354187,48,2025-03-19,47,1.2491,0,08:00,08:10,6680.38421942,3840.16825654,0,0,0,1.23952345547,5638.48641224
2025-03-19,50,08:20,6560.8433,3752.2552,6532.60828862,4140.64335873,0,0,0,0,468.098016667,0,0,625.375866667,4537.50463446,49,2025-03-19,48,1.174,0,08:10,08:20,6532.60828862,4140.64335873,0,0,0,1.17658725023,5057.61354187
2025-03-19,51,08:30,6546.25,3987,6580.798242,4477.80442947,0,0,0,0,426.541666667,0,0,664.5,4063.56944927,50,2025-03-19,49,1.2015,0,08:20,08:30,6580.798242,4477.80442947,0,0,0,1.14781502244,4537.50463446
2025-03-19,52,08:40,6433.0507,4178.399,6552.83734793,4738.03066878,0,0,0,0,375.775283333,0,0,696.399833333,3646.04135668,51,2025-03-19,50,1.1315,0,08:30,08:40,6552.83734793,4738.03066878,0,0,0,1.11138922299,4063.56944927
2025-03-19,53,08:50,6354.1802,4381.418,6525.55540293,5122.85796128,0,0,0,0,328.7937,0,0,730.236333333,3280.71502335,52,2025-03-19,51,1.0988,0,08:40,08:50,6525.55540293,5122.85796128,0,0,0,1.10327433198,3646.04135668
2025-03-19,54,09:00,6369.14,4631.2125,6539.69135736,5473.41793232,0,0,0,0,289.654583333,0,0,771.86875,2958.87659742,53,2025-03-19,52,1.1269,0,08:50,09:00,6539.69135736,5473.41793232,0,0,0,1.10526864658,3280.71502335
2025-03-19,55,09:10,6403.5703,4933.6498,6536.5784861,5765.90099657,0,0,0,0,244.98675,0,0,822.274966667,2686.66909742,54,2025-03-19,53,1.0865,0,09:00,09:10,6536.5784861,5765.90099657,0,0,0,1.05806389467,2958.87659742
2025-03-19,56,09:20,6514.0488,5388.1737,6504.5206252,6037.15657522,0,0,0,0,187.64585,0,0,898.02895,2478.17370853,55,2025-03-19,54,1.0297,0,09:10,09:20,6504.5206252,6037.15657522,0,0,0,0.99284333161,2686.66909742
2025-03-19,57,09:30,6649.66,5904.4875,6457.06066931,6334.64081413,0,0,0,0,124.195416667,0,0,984.08125,2340.17880113,56,2025-03-19,55,1.0051,0,09:20,09:30,6457.06066931,6334.64081413,0,0,0,0.941966467553,2478.17370853
2025-03-19,58,09:40,6664.7651,6266.8363,6475.86108227,6630.59333471,0,0,0,0,66.3214666667,0,0,1044.47271667,2266.48828261,57,2025-03-19,56,0.9969,0,09:30,09:40,6475.86108227,6630.59333471,0,0,0,0.945514067167,2340.17880113
2025-03-19,59,09:50,6602.1714,6602.2852,6467.12276328,6768.15090273,0,0,0,0.0189666666668,0,0,0,1100.38086667,2266.50535261,58,2025-03-19,57,0.9431,0,09:40,09:50,6467.12276328,6768.15090273,0,0,0,0.95749993133,2266.48828261
2025-03-19,60,10:00,6531.37,6891.525,6454.38092916,6850.58640632,0,0,0,60.0258333333,0,0,0,1148.5875,2320.52860261,59,2025-03-19,58,0.8968,0,09:50,10:00,6454.38092916,6850.58640632,0,0,0,0.940069011306,2266.50535261
2025-03-19,61,10:10,6479.0144,6963.2464,6497.77482162,7052.57905432,0,0,0,80.7053333333,0,0,0,1160.54106667,2393.16340261,60,2025-03-19,59,0.9636,0,10:00,10:10,6497.77482162,7052.57905432,0,0,0,0.910386362186,2320.52860261
2025-03-19,62,10:20,6393.2385,6970.7827,6483.73898891,7154.3813102,0,0,0,96.2573666667,0,0,0,1161.79711667,2479.79503261,61,2025-03-19,60,0.9649,0,10:10,10:20,6483.73898891,7154.3813102,0,0,0,0.880394963482,2393.16340261
2025-03-19,63,10:30,6313.7,7035.9375,6418.75776824,7285.71332466,0,0,0,120.372916667,0,0,0,1172.65625,2588.13065761,62,2025-03-19,61,0.9016,0,10:20,10:30,6418.75776824,7285.71332466,0,0,0,0.886172270627,2479.79503261
2025-03-19,64,10:40,6328.4338,7192.6555,6458.62435095,7370.65780202,0,0,0,144.03695,0,0,0,1198.77591667,2717.76391261,63,2025-03-19,62,0.92,0,10:30,10:40,6458.62435095,7370.65780202,0,0,0,0.935191317514,2588.13065761
2025-03-19,65,10:50,6287.7284,7566.2113,6465.3122631,7491.57201973,0,0,0,213.080483333,0,0,0,1261.03521667,2909.53634761,64,2025-03-19,63,0.7575,0,10:40,10:50,6465.3122631,7491.57201973,0,0,0,0.790762578617,2717.76391261
2025-03-19,66,11:00,6263.14,7889.7,6403.24823391,7589.07911942,0,0,0,271.093333333,0,0,0,1314.95,3153.52034761,65,2025-03-19,64,0.4919,0,10:50,11:00,6403.24823391,7589.07911942,0,0,0,0.558868895035,2909.53634761
2025-03-19,67,11:10,6468.9818,7767.7134,6353.31774253,7707.52591912,0,0,0,216.455266667,0,0,0,1294.6189,3348.33008761,66,2025-03-19,65,0.4941,0,11:00,11:10,6353.31774253,7707.52591912,0,0,0,0.523069565959,3153.52034761
2025-03-19,68,11:20,6581.1457,7910.4133,6377.73978827,7837.42894067,0,0,0,221.5446,0,0,0,1318.40221667,3547.72022761,67,2025-03-19,66,0.5398,0,11:10,11:20,6377.73978827,7837.42894067,0,0,0,0.533637286277,3348.33008761
2025-03-19,69,11:30,6552.91,8273.025,6443.98349979,7932.79918037,0,0,0,286.685833333,0,0,0,1378.8375,3805.73747761,68,2025-03-19,67,0.5347,0,11:20,11:30,6443.98349979,7932.79918037,0,0,0,0.499352051733,3547.72022761
2025-03-19,70,11:40,6606.8243,8103.1089,6399.59884082,8011.79436834,449.644775338,449.644775338,0,699.025542004,0,0,0,1350.51815,4434.86046541,69,2025-03-19,68,0.5962,268.078215056,11:30,11:40,6399.59884082,8011.79436834,0,449.644775338,449.644775338,0.483135796774,3805.73747761
2025-03-19,71,11:50,6406.5893,7934.0714,6245.93635083,8002.69475848,540.540265393,540.540265393,0,795.120615393,0,0,0,1322.34523333,5150.46901926,70,2025-03-19,69,0.5657,305.783628133,11:40,11:50,6245.93635083,8002.69475848,0,540.540265393,540.540265393,0.46968279849,4434.86046541
2025-03-19,72,12:00,6027.31,8015.4375,6073.62247197,7941.71822592,521.984041009,501.97875,20.0052910087,833.333333333,0,0,0,1335.90625,5900.46901926,71,2025-03-19,70,0.4602,240.217055672,11:50,12:00,6073.62247197,7941.71822592,0,521.984041009,521.984041009,0.466458972289,5150.46901926
2025-03-19,73,12:10,5951.7863,8091.3897,5983.88829787,7953.30750991,505.096797994,476.732766667,28.3640313271,833.333333333,0,0,0,1348.56495,6650.46901926,72,2025-03-19,71,0.4699,237.344985377,12:00,12:10,5983.88829787,7953.30750991,0,505.096797994,505.096797994,0.472385471379,5900.46901926
2025-03-19,74,12:20,6070.8733,8333.4204,6086.21710803,7993.98016705,0,0,0,377.091183333,0,0,0,1388.9034,6989.85108426,73,2025-03-19,72,0.4901,0,12:10,12:20,6086.21710803,7993.98016705,0,0,0,0.485947386003,6650.46901926
2025-03-19,75,12:30,6121.01,8611.9875,6079.63640457,7952.05715313,521.263208574,418.170416667,103.092791907,833.333333333,0,0,0,1435.33125,7739.85108426,74,2025-03-19,73,0.4284,223.309158553,12:20,12:30,6079.63640457,7952.05715313,0,521.263208574,521.263208574,0.476471493808,6989.85108426
2025-03-19,76,12:40,5960.0968,8523.8874,6019.78210109,7769.60997448,541.695354435,406.0349,135.660454435,833.333333333,0,0,0,1420.6479,8489.85108426,75,2025-03-19,74,0.3425,185.530658894,12:30,12:40,6019.78210109,7769.60997448,0,541.695354435,541.695354435,0.445436137233,7739.85108426
2025-03-19,77,12:50,5920.3324,8228.5618,6152.84505865,7686.50963435,0,0,0,384.7049,0,0,0,1371.42696667,8836.08549426,76,2025-03-19,75,0.5144,0,12:40,12:50,6152.84505865,7686.50963435,0,0,0,0.597329113112,8489.85108426
2025-03-19,78,13:00,6160.33,8001.8625,6372.13023701,7672.78306095,0,0,0,306.922083333,0,0,0,1333.64375,9112.31536926,77,2025-03-19,76,0.8328,0,12:50,13:00,6372.13023701,7672.78306095,0,0,0,0.852360021636,8836.08549426
2025-03-19,79,13:10,6484.9665,7962.5924,6226.58598566,7561.00353757,0,0,0,246.270983333,0,0,0,1327.09873333,9333.95925426,78,2025-03-19,77,0.8878,0,13:00,13:10,6226.58598566,7561.00353757,0,0,0,0.905766362515,9112.31536926
2025-03-19,80,13:20,6478.6578,7741.4555,6166.01846074,7400.06490432,0,0,0,210.466283333,0,0,0,1290.24258333,9523.37890926,79,2025-03-19,78,0.8614,0,13:10,13:20,6166.01846074,7400.06490432,0,0,0,0.886425950609,9333.95925426
2025-03-19,81,13:30,6261.55,7413.1875,6314.21170566,7221.30129143,0,0,0,191.939583333,0,0,0,1235.53125,9696.12453426,80,2025-03-19,79,0.8874,0,13:20,13:30,6314.21170566,7221.30129143,0,0,0,0.898163730856,9523.37890926
2025-03-19,82,13:40,6314.7354,7383.0511,6309.82458479,7141.57334895,0,0,0,178.052616667,0,0,0,1230.50851667,9856.37188926,81,2025-03-19,80,0.9077,0,13:30,13:40,6309.82458479,7141.57334895,0,0,0,0.906786440599,9696.12453426
2025-03-19,83,13:50,6238.6177,7147.3017,6232.92023607,6996.46596489,0,0,0,151.447333333,0,0,0,1191.21695,9992.67448926,82,2025-03-19,81,0.905,0,13:40,13:50,6232.92023607,6996.46596489,0,0,0,0.921001728799,9856.37188926
2025-03-19,84,14:00,5999.99,6693.1875,6188.69133045,6745.86040432,0,0,0,115.532916667,0,0,0,1115.53125,10096.6541143,83,2025-03-19,82,0.902,0,13:50,14:00,6188.69133045,6745.86040432,0,0,0,0.960055433773,9992.67448926
2025-03-19,85,14:10,6014.3953,6523.1977,6180.29530319,6475.19789522,0,0,0,84.8004,0,0,0,1087.19961667,10172.9744743,84,2025-03-19,83,0.9329,0,14:00,14:10,6180.29530319,6475.19789522,0,0,0,0.98593753167,10096.6541143
2025-03-19,86,14:20,6127.2133,6319.7023,6146.15362412,6258.45942579,0,0,0,32.0815,0,0,0,1053.28371667,10201.8478243,85,2025-03-19,84,0.9695,0,14:10,14:20,6146.15362412,6258.45942579,0,0,0,0.982807117925,10172.9744743
2025-03-19,87,14:30,6192.06,5933.475,6139.30758408,6099.66307873,0,0,0,0,43.0975,0,0,988.9125,10153.9617132,86,2025-03-19,85,1.012,0,14:20,14:30,6139.30758408,6099.66307873,0,0,0,0.988011290486,10201.8478243
2025-03-19,88,14:40,6226.9575,5577.5788,6119.39890471,5949.89018366,0,0,0,0,108.229783333,0,0,929.596466667,10033.7063983,87,2025-03-19,86,1.0595,0,14:30,14:40,6119.39890471,5949.89018366,0,0,0,1.02306068325,10153.9617132
2025-03-19,89,14:50,6273.1306,5382.184,6206.25004071,5663.1466324,0,0,0,0,148.4911,0,0,897.030666667,9868.71628723,88,2025-03-19,87,0.9394,0,14:40,14:50,6206.25004071,5663.1466324,0,0,0,0.922671266512,10033.7063983
2025-03-19,90,15:00,6256.6,5305.2375,6279.50416005,5333.44204916,312.462334263,312.462334263,0,153.901917597,0,0,0,884.20625,10007.2280131,89,2025-03-19,88,0.7134,222.910629263,14:50,15:00,6279.50416005,5333.44204916,0,312.462334263,312.462334263,0.707402496098,9868.71628723
2025-03-19,91,15:10,6092.7393,5169.4135,6168.1423416,5073.29271718,182.474937403,182.474937403,0,28.58730407,0,0,0,861.568916667,10032.9565867,90,2025-03-19,89,0.6499,118.590461818,15:00,15:10,6168.1423416,5073.29271718,0,182.474937403,182.474937403,0.708414475221,10007.2280131
2025-03-19,92,15:20,6109.5922,4854.5331,6105.19243661,4786.94193965,219.70841616,219.70841616,0,10.5318994938,0,0,0,809.08885,10042.4352963,91,2025-03-19,90,0.7337,161.200064937,15:10,15:20,6105.19243661,4786.94193965,0,219.70841616,219.70841616,0.763171687819,10032.9565867
2025-03-19,93,15:30,6242.64,4461.1125,6120.59313778,4534.13995607,264.408863618,264.408863618,0,0,32.5123863821,0,0,743.51875,10006.3104225,92,2025-03-19,91,0.8356,220.940046439,15:20,15:30,6120.59313778,4534.13995607,0,264.408863618,264.408863618,0.763967442967,10042.4352963
2025-03-19,94,15:40,6120.4343,4216.6751,6107.63459007,4175.4727117,322.026979727,322.026979727,0,4.73377972742,0,0,0,702.779183333,10010.5708243,93,2025-03-19,92,0.8316,267.797636341,15:30,15:40,6107.63459007,4175.4727117,0,322.026979727,322.026979727,0.749946445128,10006.3104225
2025-03-19,95,15:50,6106.9145,4038.9704,6099.15139026,3837.23304639,376.986390644,376.986390644,0,32.3290406445,0,0,0,673.161733333,10039.6669608,94,2025-03-19,93,0.7739,291.74976772,15:40,15:50,6099.15139026,3837.23304639,0,376.986390644,376.986390644,0.817202296939,10010.5708243
2025-03-19,96,16:00,6185.24,3796.9125,6127.77564154,3530.5616642,432.868996222,432.868996222,1.13686837722e-13,34.814412889,0,0,0,632.81875,10070.9999324,95,2025-03-19,94,0.745,322.487402186,15:50,16:00,6127.77564154,3530.5616642,0,432.868996222,432.868996222,0.898793922839,10039.6669608
2025-03-19,97,16:10,5982.6772,3419.8851,6112.37491023,3223.02824914,481.557776848,481.557776848,1.13686837722e-13,54.4257601815,0,0,0,569.98085,10119.9831166,96,2025-03-19,95,0.791,380.912201487,16:00,16:10,6112.37491023,3223.02824914,0,481.557776848,481.557776848,0.859980892148,10070.9999324
2025-03-19,98,16:20,5955.2469,2957.1473,6112.51667454,2842.13534834,545.063554367,545.063554367,0,45.3802877004,0,0,0,492.857883333,10160.8253755,97,2025-03-19,96,0.8695,473.932760522,16:10,16:20,6112.51667454,2842.13534834,0,545.063554367,545.063554367,0.857104772887,10119.9831166
2025-03-19,99,16:30,6134.72,2520.1125,6150.25562944,2464.46405378,614.298595944,614.298595944,0,11.8640126104,0,0,0,420.01875,10171.5029869,98,2025-03-19,97,0.9204,565.400427707,16:20,16:30,6150.25562944,2464.46405378,0,614.298595944,614.298595944,0.935705812551,10160.8253755
2025-03-19,100,16:40,6083.4045,2207.5327,6117.2996908,2122.6857603,665.768988418,665.768988418,0,19.7903550846,0,0,0,367.922116667,10189.3143065,99,2025-03-19,98,0.9095,605.516894966,16:30,16:40,6117.2996908,2122.6857603,0,665.768988418,665.768988418,0.964167619035,10171.5029869
2025-03-19,101,16:50,6024.7694,1939.6319,6100.69770086,1788.76754703,718.655025638,718.655025638,0,37.7987756385,0,0,0,323.271983333,10223.3332045,100,2025-03-19,99,0.8888,638.740586787,16:40,16:50,6100.69770086,1788.76754703,0,718.655025638,718.655025638,0.974849435223,10189.3143065
2025-03-19,102,17:00,6086.1,1642.05,6110.45630203,1479.84774359,771.768093074,771.768093074,0,31.0930930744,0,0,0,273.675,10251.3169883,101,2025-03-19,100,0.9088,701.382842986,16:50,17:00,6110.45630203,1479.84774359,0,771.768093074,771.768093074,0.984683703232,10223.3332045
2025-03-19,103,17:10,6134.1999,1304.9072,6151.69375904,1175.8361062,829.309608806,829.309608806,0,24.4274921389,0,0,0,217.484533333,10273.3017312,102,2025-03-19,101,0.9793,812.142899903,17:00,17:10,6151.69375904,1175.8361062,0,829.309608806,829.309608806,0.993098654301,10251.3169883
2025-03-19,104,17:20,6080.0676,973.3083,6133.66009174,876.009753772,876.275056328,876.275056328,0,25.1485063277,0,0,0,162.21805,10295.9353869,103,2025-03-19,102,1.0378,909.398253457,17:10,17:20,6133.66009174,876.009753772,0,876.275056328,876.275056328,1.03855579919,10273.3017312
2025-03-19,105,17:30,6126.14,675.5625,6134.44243311,593.37072901,923.511950683,923.511950683,0,15.0823673499,0,0,0,112.59375,10309.5095175,104,2025-03-19,103,1.0552,974.489810361,17:20,17:30,6134.44243311,593.37072901,0,923.511950683,923.511950683,1.09829612473,10295.9353869
2025-03-19,106,17:40,6388.6366,408.3651,6266.94227717,330.255634207,989.447773827,989.447773827,0,0,7.26414283938,0,0,68.06085,10301.4382477,105,2025-03-19,104,1.066,1054.7513269,17:30,17:40,6266.94227717,330.255634207,0,989.447773827,989.447773827,1.07085630457,10309.5095175
2025-03-19,107,17:50,5618.664,164.6811,5540.73803216,125.88890855,902.474853936,902.474853936,0,0,6.5222960645,0,0,27.44685,10294.1912521,106,2025-03-19,105,1.151,1038.74855688,17:40,17:50,5540.73803216,125.88890855,0,902.474853936,902.474853936,1.12726697162,10301.4382477
2025-03-19,108,18:00,4259.5,0,4244.360113,0,707.393352166,707.393352166,0,0,2.52331450062,0,0,0,10291.3875693,107,2025-03-19,106,1.2537,886.859045611,17:50,18:00,4244.360113,0,0,707.393352166,707.393352166,1.27415932454,10294.1912521
2025-03-19,109,18:10,4108.1979,0,4167.686214,0,453.55219823,453.55219823,0,0,231.14745177,0,0,0,10034.5570674,108,2025-03-19,107,1.2381,561.542976628,18:00,18:10,4167.686214,0,0,453.55219823,453.55219823,1.27546681647,10291.3875693
2025-03-19,110,18:20,4276.424,5.7982,4407.13729214,0,734.522882023,734.522882023,0,22.7519153563,0,0,0,0.966366666667,10055.0337912,109,2025-03-19,108,1.2359,907.796829892,18:10,18:20,4407.13729214,0,0,734.522882023,734.522882023,1.26634117272,10034.5570674
2025-03-19,111,18:30,4217.31,0,4390.10704527,0,0,0,0,0,702.885,0,0,0,9274.05045784,110,2025-03-19,109,1.2844,0,18:20,18:30,4390.10704527,0,0,0,0,1.28401621003,10055.0337912
2025-03-19,112,18:40,4292.2503,0,4397.21086881,0,0,0,0,0,715.37505,0,0,0,8479.18929117,111,2025-03-19,110,1.2879,0,18:30,18:40,4397.21086881,0,0,0,0,1.28801109805,9274.05045784
2025-03-19,113,18:50,4363.2854,0.4163,4312.77135941,0,0,0,0,0,727.14485,0,0,0.0693833333333,7671.25056895,112,2025-03-19,111,1.2663,0,18:40,18:50,4312.77135941,0,0,0,0,1.28123386054,8479.18929117
2025-03-19,114,19:00,4346.43,0,4181.03234274,0,696.838723791,696.838723791,0,0,27.5662762093,0,0,0,7640.62137316,113,2025-03-19,112,1.2498,870.909036994,18:50,19:00,4181.03234274,0,0,696.838723791,696.838723791,1.26939625347,7671.25056895
2025-03-19,115,19:10,4317.3888,0,4374.62255211,0,729.103758685,729.103758685,0,9.53895868487,0,0,0,0,7649.20643598,114,2025-03-19,113,1.2467,908.973655952,19:00,19:10,4374.62255211,0,0,729.103758685,729.103758685,1.26172285351,7640.62137316
2025-03-19,116,19:20,4234.6986,0.0299,4432.22092445,0,0,0,0,0,705.778116667,0,0,0.00498333333333,6865.00852857,115,2025-03-19,114,1.2572,0,19:10,19:20,4432.22092445,0,0,0,0,1.27583137264,7649.20643598
2025-03-19,117,19:30,4135.3,0,4336.19194685,0,0,0,0,0,689.216666667,0,0,0,6099.21223227,116,2025-03-19,115,1.2674,0,19:20,19:30,4336.19194685,0,0,0,0,1.29659894745,6865.00852857
2025-03-19,118,19:40,4135.7259,0,4359.66611638,0,0,0,0,0,689.28765,0,0,0,5333.33706561,117,2025-03-19,116,1.2579,0,19:30,19:40,4359.66611638,0,0,0,0,1.29062972606,6099.21223227
2025-03-19,119,19:50,4229.8793,0.0021,4400.0262901,0,0,0,0,0,704.979533333,0,0,0.00035,4550.02647301,118,2025-03-19,117,1.2388,0,19:40,19:50,4400.0262901,0,0,0,0,1.27551442871,5333.33706561
2025-03-19,120,20:00,4337.59,0,4426.89873798,0,737.81645633,737.81645633,0,14.884789663,0,0,0,0,4563.42278371,119,2025-03-19,118,1.2241,903.161124193,19:50,20:00,4426.89873798,0,0,737.81645633,737.81645633,1.26631082921,4550.02647301
2025-03-19,121,20:10,4360.6113,0,4489.20512491,0,748.200854152,748.200854152,0,21.4323041522,0,0,0,0,4582.71185745,120,2025-03-19,119,1.2242,915.947485653,20:00,20:10,4489.20512491,0,0,748.200854152,748.200854152,1.26236388234,4563.42278371
2025-03-19,122,20:20,4299.8142,0,4474.7214469,0,745.786907817,745.786907817,0,29.1512078169,0,0,0,0,4608.94794448,121,2025-03-19,120,1.251,932.979421679,20:10,20:20,4474.7214469,0,0,745.786907817,745.786907817,1.27098123006,4582.71185745
2025-03-19,123,20:30,4240.16,0,4398.47564039,0,0,0,0,0,706.693333333,0,0,0,3823.73312967,122,2025-03-19,121,1.3074,0,20:20,20:30,4398.47564039,0,0,0,0,1.28743695252,4608.94794448
2025-03-19,124,20:40,4278.2772,0,4398.40274615,0,0,0,0,0,713.0462,0,0,0,3031.45957411,123,2025-03-19,122,1.3494,0,20:30,20:40,4398.40274615,0,0,0,0,1.29389363232,3823.73312967
2025-03-19,125,20:50,4325.261,0,4386.3205249,0,731.053420817,731.053420817,0,10.1765874834,0,0,0,0,3040.61850285,124,2025-03-19,123,1.1952,873.75504856,20:40,20:50,4386.3205249,0,0,731.053420817,731.053420817,1.14710914117,3031.45957411
2025-03-19,126,21:00,4317.72,0,4378.07436433,0,729.679060721,729.679060721,0,10.0590607212,0,0,0,0,3049.6716575,125,2025-03-19,124,0.949,692.465428624,20:50,21:00,4378.07436433,0,0,729.679060721,729.679060721,0.947552383352,3040.61850285
2025-03-19,127,21:10,4280.1677,0,4401.64410672,0,733.607351121,733.607351121,0,20.2460677872,0,0,0,0,3067.89311851,126,2025-03-19,125,0.918,673.451548329,21:00,21:10,4401.64410672,0,0,733.607351121,733.607351121,0.917253999308,3049.6716575
2025-03-19,128,21:20,4297.0863,0,4386.41099467,0,731.068499112,731.068499112,0,14.8874491121,0,0,0,0,3081.29182271,127,2025-03-19,126,0.9491,693.857112507,21:10,21:20,4386.41099467,0,0,731.068499112,731.068499112,0.91705498417,3067.89311851
2025-03-19,129,21:30,4433.5,0,4362.02323805,0,727.003873008,727.003873008,0,0,11.9127936586,0,0,0,3068.05538531,128,2025-03-19,127,0.9656,701.994939777,21:20,21:30,4362.02323805,0,0,727.003873008,727.003873008,0.916292110955,3081.29182271
2025-03-19,130,21:40,4584.3104,0,4444.17074092,0,740.695123487,740.695123487,0,0,23.3566098458,0,0,0,3042.10359659,129,2025-03-19,128,1.0048,744.25046008,21:30,21:40,4444.17074092,0,0,740.695123487,740.695123487,0.992903944556,3068.05538531
2025-03-19,131,21:50,4143.0002,0,4040.84356945,0,673.473928242,673.473928242,0,0,17.0261050911,0,0,0,3023.18570204,130,2025-03-19,129,0.798,537.432194737,21:40,21:50,4040.84356945,0,0,673.473928242,673.473928242,0.773022051979,3042.10359659
2025-03-19,132,22:00,3389.55,0,3369.4536396,0,1394.90893993,1394.90893993,0,829.983939933,0,0,0,0,3770.17124798,131,2025-03-19,130,0.441,615.154842511,21:50,22:00,3369.4536396,0,0,1394.90893993,1394.90893993,0.391747024265,3023.18570204
2025-03-19,133,22:10,3254.4505,0,3269.39495101,0,1378.23249184,1375.74175,2.49074183507,833.333333333,0,0,0,0,4520.17124798,132,2025-03-19,131,0.3401,468.736870473,22:00,22:10,3269.39495101,0,0,1378.23249184,1378.23249184,0.371489706911,3770.17124798
2025-03-19,134,22:20,3251.7622,0,3368.19796862,0,561.366328103,561.366328103,0,19.4059614362,0,0,0,0,4537.63661328,133,2025-03-19,132,0.3775,211.915788859,22:10,22:20,3368.19796862,0,0,561.366328103,561.366328103,0.437097136022,4520.17124798
2025-03-19,135,22:30,3155.07,0,3408.54223665,0,1401.42370611,1359.17833333,42.2453727757,833.333333333,0,0,0,0,5287.63661328,134,2025-03-19,133,0.4145,580.890126182,22:20,22:30,3408.54223665,0,0,1401.42370611,1401.42370611,0.42727986941,4537.63661328
2025-03-19,136,22:40,3242.1918,0,3521.95220468,0,1420.32536745,1373.69863333,46.6267341139,833.333333333,0,0,0,0,6037.63661328,135,2025-03-19,134,0.4316,613.01242859,22:30,22:40,3521.95220468,0,0,1420.32536745,1420.32536745,0.421648675417,5287.63661328
2025-03-19,137,22:50,3319.2885,0,3510.37738519,0,1418.39623087,1386.54808333,31.8481475325,833.333333333,0,0,0,0,6787.63661328,136,2025-03-19,135,0.4278,606.789907564,22:40,22:50,3510.37738519,0,0,1418.39623087,1418.39623087,0.425286845098,6037.63661328
2025-03-19,138,23:00,3304.3,0,3379.16709365,0,639.623725984,639.623725984,0,88.9070593178,0,0,0,0,6867.65296666,137,2025-03-19,136,0.4128,264.036674086,22:50,23:00,3379.16709365,0,0,639.623725984,639.623725984,0.429686369908,6787.63661328
2025-03-19,139,23:10,3320.603,0,3359.20339981,0,559.867233302,559.867233302,0,6.43339996818,0,0,0,0,6873.44302663,138,2025-03-19,137,0.4019,225.010641064,23:00,23:10,3359.20339981,0,0,559.867233302,559.867233302,0.438032550771,6867.65296666
2025-03-19,140,23:20,3364.8361,0,3411.53532032,0,568.589220054,568.589220054,0,7.78320338686,0,0,0,0,6880.44790968,139,2025-03-19,138,0.4029,229.08459676,23:10,23:20,3411.53532032,0,0,568.589220054,568.589220054,0.439930305819,6873.44302663
2025-03-19,141,23:30,3348.1,0,3425.7660608,0,1404.29434347,1391.35,12.9443434667,833.333333333,0,0,0,0,7630.44790968,140,2025-03-19,139,0.4103,576.181969124,23:20,23:30,3425.7660608,0,0,1404.29434347,1404.29434347,0.423389472788,6880.44790968
2025-03-19,142,23:40,3220.2834,0,3335.43358141,0,1389.23893023,1370.04723333,19.1916969016,833.333333333,0,0,0,0,8380.44790968,141,2025-03-19,140,0.4145,575.839536582,23:30,23:40,3335.43358141,0,0,1389.23893023,1389.23893023,0.404395262985,7630.44790968
2025-03-19,143,23:50,3271.009,0,3368.6897497,0,1394.78162495,1378.5015,16.2801249504,833.333333333,0,0,0,0,9130.44790968,142,2025-03-19,141,0.4298,599.477142404,23:40,23:50,3368.6897497,0,0,1394.78162495,1394.78162495,0.402239647614,8380.44790968
2025-03-19,144,00:00+1,3410.51,0,3508.09739283,0,1418.01623214,1401.75166667,16.2645654711,833.333333333,0,0,0,0,9880.44790968,143,2025-03-19,142,0.4495,637.398296346,23:50,00:00+1,3508.09739283,0,0,1418.01623214,1418.01623214,0.425427887229,9130.44790968
2025-03-20,1,00:10,3299.0689,0,3531.2899584,0,1398.83204132,1383.17815,15.6538913153,833.333333333,0,0,0,0,10630.4479097,0,2025-03-19,143,0.4487,627.655936938,00:00,00:10,3392.99224789,0,0,1398.83204132,1398.83204132,0.433934543876,9880.44790968
2025-03-20,2,00:20,3421.881,0,3499.93466464,0,583.322444106,583.322444106,0,13.0089441062,0,0,0,0,10642.1559594,1,2025-03-20,0,0.4373,255.086904808,00:10,00:20,3499.93466464,0,0,583.322444106,583.322444106,0.431182914792,10630.4479097
2025-03-20,3,00:30,3683.11,0,3498.80959298,0,583.134932164,583.134932164,0,0,30.7167345031,0,0,0,10608.0262544,2,2025-03-20,1,0.4311,251.389469256,00:20,00:30,3498.80959298,0,0,583.134932164,583.134932164,0.433714153598,10642.1559594
2025-03-20,4,00:40,3476.737,0,3518.74917571,0,586.458195952,586.458195952,0,7.00202928557,0,0,0,0,10614.3280807,3,2025-03-20,2,0.4344,254.757440322,00:30,00:40,3518.74917571,0,0,586.458195952,586.458195952,0.447398331519,10608.0262544
2025-03-20,5,00:50,3302.6695,0,3494.03860249,0,582.339767082,582.339767082,0,31.8948504153,0,0,0,0,10643.0334461,4,2025-03-20,3,0.4238,246.795593289,00:40,00:50,3494.03860249,0,0,582.339767082,582.339767082,0.44889126615,10614.3280807
2025-03-20,6,01:00,3426.94,0,3451.38307907,0,575.230513178,575.230513178,0,4.07384651125,0,0,0,0,10646.699908,5,2025-03-20,4,0.4296,247.119028461,00:50,01:00,3451.38307907,0,0,575.230513178,575.230513178,0.438201434776,10643.0334461
2025-03-20,7,01:10,3609.5343,0,3429.27421883,0,571.545703139,571.545703139,0,0,30.0433468613,0,0,0,10613.3184115,6,2025-03-20,5,0.4989,285.144151296,01:00,01:10,3429.27421883,0,0,571.545703139,571.545703139,0.424185577165,10646.699908
2025-03-20,8,01:20,3668.9025,0,3401.49505007,0,566.915841678,566.915841678,0,0,44.5679083219,0,0,0,10563.7985133,7,2025-03-20,6,0.5083,288.163322325,01:10,01:20,3401.49505007,0,0,566.915841678,566.915841678,0.417647825252,10613.3184115
2025-03-20,9,01:30,3589.3,0,3348.13056414,0,558.021760689,558.021760689,0,0,40.1949059774,0,0,0,10519.1375067,8,2025-03-20,7,0.4468,249.324122676,01:20,01:30,3348.13056414,0,0,558.021760689,558.021760689,0.421745271103,10563.7985133
2025-03-20,10,01:40,3503.6157,0,3398.26597779,0,566.377662965,566.377662965,0,0,17.5582870351,0,0,0,10499.6282989,9,2025-03-20,8,0.4284,242.636190814,01:30,01:40,3398.26597779,0,0,566.377662965,566.377662965,0.428073336311,10519.1375067
2025-03-20,11,01:50,3545.9703,0,3511.69760686,0,585.282934477,585.282934477,0,0,5.71211552256,0,0,0,10493.2815038,10,2025-03-20,9,0.4436,259.631509734,01:40,01:50,3511.69760686,0,0,585.282934477,585.282934477,0.441832748981,10499.6282989
2025-03-20,12,02:00,3590.66,0,3584.16323018,0,597.360538363,597.360538363,0,0,1.08279497046,0,0,0,10492.0783983,11,2025-03-20,10,0.454,271.201684417,01:50,02:00,3584.16323018,0,0,597.360538363,597.360538363,0.439061272511,10493.2815038
2025-03-20,13,02:10,3395.9017,0,3515.21549748,0,797.310079462,797.310079462,0,231.326462796,0,0,0,0,10700.2722148,12,2025-03-20,11,0.4404,351.135358995,02:00,02:10,3515.21549748,0,0,797.310079462,797.310079462,0.40704326253,10492.0783983
2025-03-20,14,02:20,3276.7246,0,3444.50718088,0,574.084530147,574.084530147,0,27.9637634799,0,0,0,0,10725.439602,13,2025-03-20,12,0.4405,252.88423553,02:10,02:20,3444.50718088,0,0,574.084530147,574.084530147,0.419605884533,10700.2722148
2025-03-20,15,02:30,3394.28,0,3468.70453682,0,578.117422803,578.117422803,0,12.4040894698,0,0,0,0,10736.6032825,14,2025-03-20,13,0.4545,262.754368664,02:20,02:30,3468.70453682,0,0,578.117422803,578.117422803,0.459755444951,10725.439602
2025-03-20,16,02:40,3587.5594,0,3563.78515039,0,593.964191732,593.964191732,0,0,3.96237493436,0,0,0,10732.2006437,15,2025-03-20,14,0.4389,260.690883751,02:30,02:40,3563.78515039,0,0,593.964191732,593.964191732,0.44693858651,10736.6032825
2025-03-20,17,02:50,3605.7268,0,3636.29688806,0,606.049481344,606.049481344,0,5.0950146773,0,0,0,0,10736.7861569,16,2025-03-20,15,0.3868,234.419939384,02:40,02:50,3636.29688806,0,0,606.049481344,606.049481344,0.430574171584,10732.2006437
2025-03-20,18,03:00,3522.79,0,3606.6133392,0,601.102223201,601.102223201,0,13.970556534,0,0,0,0,10749.3596578,17,2025-03-20,16,0.3634,218.440547911,02:50,03:00,3606.6133392,0,0,601.102223201,601.102223201,0.43108129103,10736.7861569
2025-03-20,19,03:10,3631.2618,0,3509.34930979,0,584.891551632,584.891551632,0,0,20.3187483679,0,0,0,10726.7832707,18,2025-03-20,17,0.4416,258.288109201,03:00,03:10,3509.34930979,0,0,584.891551632,584.891551632,0.425178671696,10749.3596578
2025-03-20,20,03:20,3731.3543,0,3461.59895263,0,576.933158772,576.933158772,0,0,44.9592245612,0,0,0,10676.8285767,19,2025-03-20,18,0.4839,279.17795553,03:10,03:20,3461.59895263,0,0,576.933158772,576.933158772,0.446287643186,10726.7832707
2025-03-20,21,03:30,3721.01,0,3518.8772618,0,586.479543633,586.479543633,0,0,33.6887897008,0,0,0,10639.3965882,20,2025-03-20,19,0.4574,268.255743258,03:20,03:30,3518.8772618,0,0,586.479543633,586.479543633,0.480630264488,10676.8285767
2025-03-20,22,03:40,3699.7385,0,3633.24467403,0,605.540779006,605.540779006,0,0,11.0823043276,0,0,0,10627.0829167,21,2025-03-20,20,0.4575,277.034906395,03:30,03:40,3633.24467403,0,0,605.540779006,605.540779006,0.459338050143,10639.3965882
2025-03-20,23,03:50,3674.7825,0,3581.69805416,0,596.949675694,596.949675694,0,0,15.5140743059,0,0,0,10609.8450564,22,2025-03-20,21,0.4629,276.328004879,03:40,03:50,3581.69805416,0,0,596.949675694,596.949675694,0.438358605235,10627.0829167
2025-03-20,24,04:00,3623.58,0,3506.88798184,0,584.481330306,584.481330306,0,0,19.4486696938,0,0,0,10588.2354234,23,2025-03-20,22,0.4426,258.691436794,03:50,04:00,3506.88798184,0,0,584.481330306,584.481330306,0.444933184155,10609.8450564
2025-03-20,25,04:10,3538.7697,0.0019,3644.44570593,0,607.407617655,607.407617655,0,17.6129843222,0,0,0,0.000316666666667,10604.0871092,24,2025-03-20,23,0.4023,244.360084583,04:00,04:10,3644.44570593,0,0,607.407617655,607.407617655,0.474404462061,10588.2354234
2025-03-20,26,04:20,3488.7843,0,3669.27613974,0,611.54602329,611.54602329,0,30.0819732904,0,0,0,0,10631.1608852,25,2025-03-20,24,0.4075,249.205004491,04:10,04:20,3669.27613974,0,0,611.54602329,611.54602329,0.463401399757,10604.0871092
2025-03-20,27,04:30,3513.51,0,3535.67713268,0,589.279522113,589.279522113,0,3.69452211258,0,0,0,0,10634.4859551,26,2025-03-20,25,0.452,266.354343995,04:20,04:30,3535.67713268,0,0,589.279522113,589.279522113,0.423172496117,10631.1608852
2025-03-20,28,04:40,3598.3779,0.0271,3594.46381983,0,599.077303305,599.077303305,0,0,0.647830028003,0,0,0.00451666666667,10633.766144,27,2025-03-20,26,0.4646,278.331315116,04:30,04:40,3594.46381983,0,0,599.077303305,599.077303305,0.433181334041,10634.4859551
2025-03-20,29,04:50,3700.4359,0,3666.64673291,0,611.107788819,611.107788819,0,0,5.63152784772,0,0,0,10627.5088908,28,2025-03-20,27,0.4561,278.72626248,04:40,04:50,3666.64673291,0,0,611.107788819,611.107788819,0.443479456869,10633.766144
2025-03-20,30,05:00,3753.57,0,3653.615477,0,608.935912833,608.935912833,0,0,16.6590871666,0,0,0,10608.998794,29,2025-03-20,28,0.4379,266.65303623,04:50,05:00,3653.615477,0,0,608.935912833,608.935912833,0.433878039271,10627.5088908
2025-03-20,31,05:10,3716.9811,0.3776,3597.90613459,0,599.651022431,599.651022431,0,0,19.7828942352,0,0,0.0629333333333,10587.0178004,30,2025-03-20,29,0.4177,250.47423207,05:00,05:10,3597.90613459,0,0,599.651022431,599.651022431,0.430189764154,10608.998794
2025-03-20,32,05:20,3707.0664,0,3600.12087494,0,600.020145823,600.020145823,0,0,17.8242541767,0,0,0,10567.2130735,31,2025-03-20,30,0.464,278.409347662,05:10,05:20,3600.12087494,0,0,600.020145823,600.020145823,0.454121454199,10587.0178004
2025-03-20,33,05:30,3642.69,0,3637.29678099,0,606.216130165,606.216130165,0,0,0.898869835381,0,0,0,10566.2143292,32,2025-03-20,31,0.4802,291.104985705,05:20,05:30,3637.29678099,0,0,606.216130165,606.216130165,0.46550797937,10567.2130735
2025-03-20,34,05:40,3457.8398,5.2594,3626.20425582,0,604.367375971,604.367375971,0,28.9373093041,0,0,0,0.876566666667,10592.2579076,33,2025-03-20,32,0.352,212.737316342,05:30,05:40,3626.20425582,0,0,604.367375971,604.367375971,0.430600231463,10566.2143292
2025-03-20,35,05:50,4028.7787,0,4140.60720903,0,690.101201505,690.101201505,0,18.6380848383,0,0,0,0,10609.032184,34,2025-03-20,33,0.5794,399.844636152,05:40,05:50,4140.60720903,0,0,690.101201505,690.101201505,0.622012217043,10592.2579076
2025-03-20,36,06:00,4962.09,0,4775.18290744,0,0,0,0,0,827.015,0,0,0,9690.12662841,35,2025-03-20,34,1.0185,0,05:50,06:00,4775.18290744,0,0,0,0,0.961466832047,10609.032184
2025-03-20,37,06:10,4905.1198,153.4202,4755.62913143,141.635860783,0,0,0,0,791.949933333,0,0,25.5700333333,8810.18225804,36,2025-03-20,35,0.995,0,06:00,06:10,4755.62913143,141.635860783,0,0,0,0.995293236064,9690.12662841
2025-03-20,38,06:20,4660.8239,401.044,4644.19477836,379.936305042,0,0,0,0,709.963316667,0,0,66.8406666667,8021.33412841,37,2025-03-20,36,0.8932,0,06:10,06:20,4644.19477836,379.936305042,0,0,0,0.940878828347,8810.18225804
2025-03-20,39,06:30,4703.75,675.525,4913.27112376,665.245130246,0,0,0,0,671.370833333,0,0,112.5875,7275.36653581,38,2025-03-20,37,0.9281,0,06:20,06:30,4913.27112376,665.245130246,0,0,0,0.944701718279,8021.33412841
2025-03-20,40,06:40,4726.9008,952.6316,4661.04411014,981.590869702,0,0,0,0,629.044866667,0,0,158.771933333,6576.42779507,39,2025-03-20,38,0.9231,0,06:30,06:40,4661.04411014,981.590869702,0,0,0,0.903344294619,7275.36653581
2025-03-20,41,06:50,4819.4733,1302.5378,4758.25805745,1307.71768727,9.86850895996,9.86850895996,0,0,576.287407707,0,0,217.089633333,5936.10845318,40,2025-03-20,39,0.902,8.90139508188,06:40,06:50,4758.25805745,1307.71768727,0,9.86850895996,9.86850895996,0.858962750197,6576.42779507
2025-03-20,42,07:00,4880.33,1693.2375,4853.86734735,1642.14202755,535.2875533,535.2875533,0,4.10546996654,0,0,0,282.20625,5939.80337615,41,2025-03-20,40,0.8707,466.074872658,06:50,07:00,4853.86734735,1642.14202755,0,535.2875533,535.2875533,0.847918539372,5936.10845318
2025-03-20,43,07:10,4689.3761,2009.9231,4793.86850461,1990.49189073,467.229435646,467.229435646,0,20.6539356456,0,0,0,334.987183333,5958.39191823,42,2025-03-20,41,0.7992,373.409764968,07:00,07:10,4793.86850461,1990.49189073,0,467.229435646,467.229435646,0.822618219631,5939.80337615
2025-03-20,44,07:20,4713.3646,2305.9149,4772.59909304,2287.83436202,414.12745517,414.12745517,5.68434188608e-14,12.8858385029,0,0,0,384.31915,5969.98917288,43,2025-03-20,42,0.7957,329.521216078,07:10,07:20,4772.59909304,2287.83436202,0,414.12745517,414.12745517,0.802689796491,5958.39191823
2025-03-20,45,07:30,4827.2,2609.7375,4754.17710454,2525.65820453,371.419816668,371.419816668,0,1.8427333342,0,0,0,434.95625,5971.64763288,44,2025-03-20,43,0.8046,298.844384491,07:20,07:30,4754.17710454,2525.65820453,0,371.419816668,371.419816668,0.754870884648,5969.98917288
2025-03-20,46,07:40,4578.156,2894.0148,4544.37161175,2830.40551079,1118.99435016,1114.02353333,4.97081682643,833.333333333,0,0,0,482.3358,6721.64763288,45,2025-03-20,44,0.7001,783.407944547,07:30,07:40,4544.37161175,2830.40551079,0,1118.99435016,1118.99435016,0.679176462076,5971.64763288
2025-03-20,47,07:50,5187.0368,3179.5684,5418.2522003,3195.10630711,0,0,0,0,334.578066667,0,0,529.928066667,6349.89422547,46,2025-03-20,45,0.8467,0,07:40,07:50,5418.2522003,3195.10630711,0,0,0,0.882084092943,6721.64763288
2025-03-20,48,08:00,6405.59,3476.5125,6582.79571468,3485.59146742,0,0,0,0,488.179583333,0,0,579.41875,5807.47246622,47,2025-03-20,46,1.1788,0,07:50,08:00,6582.79571468,3485.59146742,0,0,0,1.22590561606,6349.89422547
2025-03-20,49,08:10,6658.0486,3761.2255,6539.40597822,3763.73529399,0,0,0,0,482.80385,0,0,626.870916667,5271.02374399,48,2025-03-20,47,1.2356,0,08:00,08:10,6539.40597822,3763.73529399,0,0,0,1.21468485194,5807.47246622
2025-03-20,50,08:20,6606.6001,3976.3717,6344.38183376,4056.28864337,0,0,0,0,438.3714,0,0,662.728616667,4783.94441066,49,2025-03-20,48,1.1876,0,08:10,08:20,6344.38183376,4056.28864337,0,0,0,1.12336646372,5271.02374399
2025-03-20,51,08:30,6687.27,4220.325,6491.45414372,4304.05242201,0,0,0,0,411.1575,0,0,703.3875,4327.10274399,50,2025-03-20,49,1.1569,0,08:20,08:30,6491.45414372,4304.05242201,0,0,0,1.10907970186,4783.94441066
2025-03-20,52,08:40,6649.776,4653.7429,6449.23341925,4522.89563019,0,0,0,0,332.672183333,0,0,775.623816667,3957.46698473,51,2025-03-20,50,1.0869,0,08:30,08:40,6449.23341925,4522.89563019,0,0,0,1.08237025964,4327.10274399
2025-03-20,53,08:50,6705.5335,5037.5027,6498.48262971,4801.16784617,0,0,0,0,278.005133333,0,0,839.583783333,3648.57239214,52,2025-03-20,51,1.0527,0,08:40,08:50,6498.48262971,4801.16784617,0,0,0,1.07184836532,3957.46698473
2025-03-20,54,09:00,6757.81,5180.8875,6631.13163485,5168.50966164,0,0,0,0,262.820416667,0,0,863.48125,3356.54970696,53,2025-03-20,52,1.068,0,08:50,09:00,6631.13163485,5168.50966164,0,0,0,1.07839317784,3648.57239214
2025-03-20,55,09:10,6494.2004,5166.4978,6545.39528918,5440.99266287,0,0,0,0,221.283766667,0,0,861.082966667,3110.6788551,54,2025-03-20,53,1.0672,0,09:00,09:10,6545.39528918,5440.99266287,0,0,0,1.06625584489,3356.54970696
2025-03-20,56,09:20,6436.4392,5533.329,6454.2428252,5731.93226841,0,0,0,0,150.518366667,0,0,922.2215,2943.43622547,55,2025-03-20,54,1.0563,0,09:10,09:20,6454.2428252,5731.93226841,0,0,0,1.04633671262,3110.6788551
2025-03-20,57,09:30,6570.85,6107.7375,6458.68337907,6051.0513744,0,0,0,0,77.1854166667,0,0,1017.95625,2857.6746514,56,2025-03-20,55,1.0344,0,09:20,09:30,6458.68337907,6051.0513744,0,0,0,1.02572519562,2943.43622547
2025-03-20,58,09:40,6399.3635,6182.795,6467.96238359,6291.70823153,0,0,0,0,36.09475,0,0,1030.46583333,2817.56937362,57,2025-03-20,56,0.9937,0,09:30,09:40,6467.96238359,6291.70823153,0,0,0,1.00800357751,2857.6746514
2025-03-20,59,09:50,6445.9301,6198.386,6466.32539241,6498.26124101,0,0,0,0,41.25735,0,0,1033.06433333,2771.72787362,58,2025-03-20,57,0.9971,0,09:40,09:50,6466.32539241,6498.26124101,0,0,0,1.02646875706,2817.56937362
2025-03-20,60,10:00,6697.43,6426.1875,6464.86380847,6646.95762288,0,0,0,0,45.2070833333,0,0,1071.03125,2721.49778103,59,2025-03-20,58,1.0131,0,09:50,10:00,6464.86380847,6646.95762288,0,0,0,1.03781709769,2771.72787362
2025-03-20,61,10:10,6577.9956,6675.2481,6458.86727637,6827.70907636,0,0,0,16.20875,0,0,0,1112.54135,2736.08565603,60,2025-03-20,59,0.948,0,10:00,10:10,6458.86727637,6827.70907636,0,0,0,1.03173488042,2721.49778103
2025-03-20,62,10:20,6445.2772,6774.004,6451.68741107,6972.09209024,0,0,0,54.7878,0,0,0,1129.00066667,2785.39467603,61,2025-03-20,60,0.9058,0,10:10,10:20,6451.68741107,6972.09209024,0,0,0,0.990763468881,2736.08565603
2025-03-20,63,10:30,6473.61,6879.075,6412.48828457,7076.79491748,0,0,0,67.5775,0,0,0,1146.5125,2846.21442603,62,2025-03-20,61,0.9279,0,10:20,10:30,6412.48828457,7076.79491748,0,0,0,0.961834586825,2785.39467603
2025-03-20,64,10:40,6454.2353,7268.5137,6341.24069731,7170.06521195,0,0,0,135.713066667,0,0,0,1211.41895,2968.35618603,63,2025-03-20,62,0.927,0,10:30,10:40,6341.24069731,7170.06521195,0,0,0,0.989938639272,2846.21442603
2025-03-20,65,10:50,6352.336,7455.3554,6327.79742205,7367.23341313,0,0,0,183.836566667,0,0,0,1242.55923333,3133.80909603,64,2025-03-20,63,0.7628,0,10:40,10:50,6327.79742205,7367.23341313,0,0,0,0.826036557202,2968.35618603
2025-03-20,66,11:00,6279.9,7263,6400.2722595,7519.59328833,646.779828529,646.779828529,0,810.629828529,0,0,0,1210.5,3863.37594171,65,2025-03-20,64,0.544,351.84822672,10:50,11:00,6400.2722595,7519.59328833,0,646.779828529,646.779828529,0.559112396843,3133.80909603
2025-03-20,67,11:10,6362.0436,7021.6679,6450.58758368,7544.283893,244.249158281,244.249158281,0,354.186541614,0,0,0,1170.27798333,4182.14382916,66,2025-03-20,65,0.5346,130.575600017,11:00,11:10,6450.58758368,7544.283893,0,244.249158281,244.249158281,0.573285984716,3863.37594171
2025-03-20,68,11:20,6393.8373,7052.8842,6403.64868193,7635.81342263,0,0,0,109.84115,0,0,0,1175.4807,4281.00086416,67,2025-03-20,66,0.5872,0,11:10,11:20,6403.64868193,7635.81342263,0,0,0,0.622518296105,4182.14382916
2025-03-20,69,11:30,6360.1,7317.5625,6339.7395738,7772.17700912,0,0,0,159.577083333,0,0,0,1219.59375,4424.62023916,68,2025-03-20,67,0.577,0,11:20,11:30,6339.7395738,7772.17700912,0,0,0,0.587723971015,4281.00086416
2025-03-20,70,11:40,6424.0276,7505.6333,6388.17492169,7787.47122624,0,0,0,180.267616667,0,0,0,1250.93888333,4586.86109416,69,2025-03-20,68,0.5241,0,11:30,11:40,6388.17492169,7787.47122624,0,0,0,0.592838121029,4424.62023916
2025-03-20,71,11:50,6379.6216,7635.0323,6284.93684987,7762.52429834,0,0,0,209.235116667,0,0,0,1272.50538333,4775.17269916,70,2025-03-20,69,0.5111,0,11:40,11:50,6284.93684987,7762.52429834,0,0,0,0.585485217113,4586.86109416
2025-03-20,72,12:00,6168.32,7818.45,6065.31190161,7757.2725856,551.339886002,551.339886002,1.13686837722e-13,826.361552669,0,0,0,1303.075,5518.89809656,71,2025-03-20,70,0.5158,284.3811132,11:50,12:00,6065.31190161,7757.2725856,0,551.339886002,551.339886002,0.527681320968,4775.17269916
2025-03-20,73,12:10,5958.8116,8082.9395,6042.90603322,7775.52509355,544.563489945,479.312016667,65.2514732787,833.333333333,0,0,0,1347.15658333,6268.89809656,72,2025-03-20,71,0.4519,246.088241106,12:00,12:10,6042.90603322,7775.52509355,0,544.563489945,544.563489945,0.515942497137,5518.89809656
2025-03-20,74,12:20,5855.2299,8090.5707,6085.55798634,7875.57917661,534.996468288,460.776533333,74.2199349546,833.333333333,0,0,0,1348.42845,7018.89809656,73,2025-03-20,72,0.4435,237.270933686,12:10,12:20,6085.55798634,7875.57917661,0,534.996468288,534.996468288,0.530212109081,6268.89809656
2025-03-20,75,12:30,5883.66,7709.3625,6061.77155777,7957.80415808,517.32789995,517.32789995,0,821.61164995,0,0,0,1284.89375,7758.34858152,74,2025-03-20,73,0.4915,254.266662825,12:20,12:30,6061.77155777,7957.80415808,0,517.32789995,517.32789995,0.493674165818,7018.89809656
2025-03-20,76,12:40,6006.2794,7205.256,6032.34336491,7845.1066702,531.206115784,531.206115784,0,731.035549118,0,0,0,1200.876,8416.28057572,75,2025-03-20,74,0.4972,264.115680768,12:30,12:40,6032.34336491,7845.1066702,0,531.206115784,531.206115784,0.462552562222,7758.34858152
2025-03-20,77,12:50,6168.3548,7206.9442,6067.55437795,7728.4320479,0,0,0,173.098233333,0,0,0,1201.15736667,8572.06898572,76,2025-03-20,75,0.6604,0,12:40,12:50,6067.55437795,7728.4320479,0,0,0,0.647698853186,8416.28057572
2025-03-20,78,13:00,6351.38,7525.8,6209.54209604,7687.47267267,0,0,0,195.736666667,0,0,0,1254.3,8748.23198572,77,2025-03-20,76,0.9001,0,12:50,13:00,6209.54209604,7687.47267267,0,0,0,0.945985867583,8572.06898572
2025-03-20,79,13:10,6510.6216,7339.075,6329.96941772,7605.57522785,0,0,0,138.075566667,0,0,0,1223.17916667,8872.49999572,78,2025-03-20,77,0.9125,0,13:00,13:10,6329.96941772,7605.57522785,0,0,0,0.944274412421,8748.23198572
2025-03-20,80,13:20,6358.8315,6900.6338,6321.12150381,7402.28620856,0,0,0,90.3003833333,0,0,0,1150.10563333,8953.77034072,79,2025-03-20,78,0.919,0,13:10,13:20,6321.12150381,7402.28620856,0,0,0,0.913964315936,8872.49999572
2025-03-20,81,13:30,6039.3,6610.0125,6262.20787193,7203.472671,0,0,0,95.11875,0,0,0,1101.66875,9039.37721572,80,2025-03-20,79,0.9817,0,13:20,13:30,6262.20787193,7203.472671,0,0,0,0.952512760136,8953.77034072
2025-03-20,82,13:40,6028.9848,6642.1795,6333.99305309,7145.50364283,0,0,0,102.199116667,0,0,0,1107.02991667,9131.35642072,81,2025-03-20,80,0.9361,0,13:30,13:40,6333.99305309,7145.50364283,0,0,0,0.95298484027,9039.37721572
2025-03-20,83,13:50,6177.7813,6806.5377,6291.65135061,7036.92290296,0,0,0,104.792733333,0,0,0,1134.42295,9225.66988072,82,2025-03-20,81,0.8829,0,13:40,13:50,6291.65135061,7036.92290296,0,0,0,0.943197544341,9131.35642072
2025-03-20,84,14:00,6280.02,6799.95,6166.16682715,6738.13315224,0,0,0,86.655,0,0,0,1133.325,9303.65938072,83,2025-03-20,82,0.8924,0,13:50,14:00,6166.16682715,6738.13315224,0,0,0,0.945930616407,9225.66988072
2025-03-20,85,14:10,6283.4823,6453.6137,6238.00021623,6483.11210005,0,0,0,28.3552333333,0,0,0,1075.60228333,9329.17909072,84,2025-03-20,83,0.9351,0,14:00,14:10,6238.00021623,6483.11210005,0,0,0,0.966771984719,9303.65938072
2025-03-20,86,14:20,6314.912,6203.5886,6246.21717643,6304.71233213,0,0,0,0,18.5539,0,0,1033.93143333,9308.56364628,85,2025-03-20,84,0.9817,0,14:10,14:20,6246.21717643,6304.71233213,0,0,0,0.967753743206,9329.17909072
2025-03-20,87,14:30,6352.79,6115.6875,6180.07711013,6035.96055714,0,0,0,0,39.5170833333,0,0,1019.28125,9264.65577591,86,2025-03-20,85,1.0267,0,14:20,14:30,6180.07711013,6035.96055714,0,0,0,0.981334439408,9308.56364628
2025-03-20,88,14:40,6259.4213,5837.6616,6265.74266339,5812.16120066,0,0,0,0,70.2932833333,0,0,972.9436,9186.55212776,87,2025-03-20,86,1.0547,0,14:30,14:40,6265.74266339,5812.16120066,0,0,0,1.04914982769,9264.65577591
2025-03-20,89,14:50,6190.1146,5431.9635,6317.41908996,5568.70878671,0,0,0,0,126.358516667,0,0,905.32725,9046.15377591,88,2025-03-20,87,0.9267,0,14:40,14:50,6317.41908996,5568.70878671,0,0,0,0.932225701574,9186.55212776
2025-03-20,90,15:00,6156.64,5072.775,6261.53766703,5333.88700781,431.647191962,431.647191962,0,251.003025295,0,0,0,845.4625,9272.05649867,89,2025-03-20,88,0.7137,308.066600903,14:50,15:00,6261.53766703,5333.88700781,0,431.647191962,431.647191962,0.696401641362,9046.15377591
2025-03-20,91,15:10,6039.3659,4855.4545,6196.75005799,5136.14616261,176.767315896,176.767315896,0,0,20.5512507707,0,0,809.242416667,9249.22177559,90,2025-03-20,89,0.6525,115.340673622,15:00,15:10,6196.75005799,5136.14616261,0,176.767315896,176.767315896,0.707470573404,9272.05649867
2025-03-20,92,15:20,6054.6789,4561.8383,6159.43723034,4872.46398991,214.495540071,214.495540071,0,0,34.3112265953,0,0,760.306383333,9211.09819049,91,2025-03-20,90,0.6799,145.835517695,15:10,15:20,6159.43723034,4872.46398991,0,214.495540071,214.495540071,0.765452347432,9249.22177559
2025-03-20,93,15:30,6187.68,4146.825,6167.99258389,4545.41155968,270.4301707,270.4301707,0,0,69.7123292998,0,0,691.1375,9133.64004682,92,2025-03-20,91,0.7301,197.441067628,15:20,15:30,6167.99258389,4545.41155968,0,270.4301707,270.4301707,0.766982724374,9211.09819049
2025-03-20,94,15:40,6195.3721,3778.6785,6222.53084278,4247.96858671,329.093709345,329.093709345,0,0,73.6885573219,0,0,629.77975,9051.76387202,93,2025-03-20,92,0.805,264.920436023,15:30,15:40,6222.53084278,4247.96858671,0,329.093709345,329.093709345,0.822350697722,9133.64004682
2025-03-20,95,15:50,6186.1376,3471.4229,6172.46281926,3957.98329038,369.079921481,369.079921481,0,0,83.3725285195,0,0,578.570483333,8959.12772922,94,2025-03-20,93,0.8788,324.347434997,15:40,15:50,6172.46281926,3957.98329038,0,369.079921481,369.079921481,0.819355235153,9051.76387202
2025-03-20,96,16:00,6200.17,3156.225,6008.13477149,3665.07976094,390.509168425,390.509168425,0,0,116.814998242,0,0,526.0375,8829.33328673,95,2025-03-20,94,0.9089,354.933783181,15:50,16:00,6008.13477149,3665.07976094,0,390.509168425,390.509168425,0.787210427263,8959.12772922
2025-03-20,97,16:10,6153.3743,2779.805,6115.50237002,3318.80082433,466.11692428,466.11692428,0,0,34.6278206894,61.5168050302,0,463.300833333,8790.85793041,96,2025-03-20,95,0.8767,678.303622367,16:00,16:10,6115.50237002,3318.80082433,0,466.11692428,466.11692428,0.828044761374,8829.33328673
2025-03-20,98,16:20,6101.7592,2507.3559,6159.46657639,2921.12378364,539.723798791,539.723798791,0,0,-0,59.343417876,0,417.89265,8790.85793041,97,2025-03-20,96,0.8888,743.428661406,16:10,16:20,6159.46657639,2921.12378364,0,539.723798791,539.723798791,0.878473699698,8790.85793041
2025-03-20,99,16:30,6118.95,2334.4125,6146.66188531,2496.76348324,608.316400345,608.316400345,0,0,-0,22.4398496553,0,389.06875,8790.85793041,98,2025-03-20,97,0.9441,680.238823863,16:20,16:30,6146.66188531,2496.76348324,0,608.316400345,608.316400345,0.919014803331,8790.85793041
2025-03-20,100,16:40,6209.4949,2077.0816,6134.39854596,2152.02218653,663.729393238,663.729393238,0,0,-0,25.0061567621,0,346.180266667,8790.85793041,99,2025-03-20,98,0.946,746.167127488,16:30,16:40,6134.39854596,2152.02218653,0,663.729393238,663.729393238,0.968461114638,8790.85793041
2025-03-20,101,16:50,6190.199,1733.8533,6150.72160898,1846.36182288,717.393297683,717.393297683,0,0,-0,25.3309856501,0,288.97555,8790.85793041,100,2025-03-20,99,0.9677,816.785468236,16:40,16:50,6150.72160898,1846.36182288,0,717.393297683,717.393297683,0.982754487428,8790.85793041
2025-03-20,102,17:00,6102.19,1377.7125,6176.95397726,1546.3644756,771.764916944,771.764916944,0,0,-0,15.6479997224,0,229.61875,8790.85793041,101,2025-03-20,100,1.0139,861.819983882,16:50,17:00,6176.95397726,1546.3644756,0,771.764916944,771.764916944,0.99457746586,8790.85793041
2025-03-20,103,17:10,6143.2969,1083.9022,6135.81920791,1243.02879183,815.465069347,815.465069347,0,0,-0,27.7673806529,0,180.650366667,8790.85793041,102,2025-03-20,101,1.0152,968.807362595,17:00,17:10,6135.81920791,1243.02879183,0,815.465069347,815.465069347,1.0413131137,8790.85793041
2025-03-20,104,17:20,6075.0134,831.8823,6057.21020113,936.866625397,853.390595955,853.390595955,0,0,-0,20.4645873783,0,138.64705,8790.85793041,103,2025-03-20,102,1.0487,1002.2567819,17:10,17:20,6057.21020113,936.866625397,0,853.390595955,853.390595955,1.07004448414,8790.85793041
2025-03-20,105,17:30,6025.68,597.3375,6120.99495289,647.920017991,912.179155816,912.179155816,0,7.45540581613,0,0,0,99.55625,8797.56779564,104,2025-03-20,103,1.0879,992.359703612,17:20,17:30,6120.99495289,647.920017991,0,912.179155816,912.179155816,1.05420222155,8790.85793041
2025-03-20,106,17:40,6213.4416,374.8971,6302.28579201,373.475024197,988.135127969,988.135127969,0,15.0443779685,0,0,0,62.48285,8811.10773581,105,2025-03-20,104,1.0391,1026.77121147,17:30,17:40,6302.28579201,373.475024197,0,988.135127969,988.135127969,1.07092440935,8797.56779564
2025-03-20,107,17:50,5394.1467,156.1276,5624.75063627,143.802310561,913.491387619,913.491387619,0,40.4882042855,0,0,0,26.0212666667,8847.54711967,106,2025-03-20,105,1.0932,998.628784945,17:40,17:50,5624.75063627,143.802310561,0,913.491387619,913.491387619,1.1336441445,8811.10773581
2025-03-20,108,18:00,4094.12,0,4380.63995532,0,730.10665922,730.10665922,0,47.7533258868,0,0,0,0,8890.52511297,107,2025-03-20,106,1.2488,911.757196034,17:50,18:00,4380.63995532,0,0,730.10665922,730.10665922,1.24083827214,8847.54711967
2025-03-20,109,18:10,4187.9837,0,4211.06102368,0,701.843503947,701.843503947,0,3.84622061409,0,0,0,0,8893.98671152,108,2025-03-20,107,1.2993,911.905264679,18:00,18:10,4211.06102368,0,0,701.843503947,701.843503947,1.27274277033,8890.52511297
2025-03-20,110,18:20,4441.4267,5.5774,4377.10965434,0,729.518275723,729.518275723,0,0,9.78994094331,0,0,0.929566666667,8883.10899936,109,2025-03-20,108,1.2761,930.938271651,18:10,18:20,4377.10965434,0,0,729.518275723,729.518275723,1.27229576808,8893.98671152
2025-03-20,111,18:30,4255.45,0,4348.31479911,0,724.719133184,724.719133184,0,15.4774665175,0,0,0,0,8897.03871923,110,2025-03-20,109,1.2567,910.754534673,18:20,18:30,4348.31479911,0,0,724.719133184,724.719133184,1.27062886418,8883.10899936
2025-03-20,112,18:40,4286.5369,0,4377.54992634,0,0,0,0,0,714.422816667,0,0,0,8103.2355896,111,2025-03-20,110,1.2773,0,18:30,18:40,4377.54992634,0,0,0,0,1.28132387417,8897.03871923
2025-03-20,113,18:50,4470.2464,0.4004,4377.22025531,0,0,0,0,0,744.974333333,0,0,0.0667333333333,7275.48633034,112,2025-03-20,111,1.2813,0,18:40,18:50,4377.22025531,0,0,0,0,1.2844569279,8103.2355896
2025-03-20,114,19:00,4579.24,0,4345.91147219,0,0,0,0,0,763.206666667,0,0,0,6427.47892293,113,2025-03-20,112,1.2693,0,18:50,19:00,4345.91147219,0,0,0,0,1.28004718342,7275.48633034
2025-03-20,115,19:10,4480.3082,0,4343.40543154,0,0,0,0,0,746.718033333,0,0,0,5597.79221923,114,2025-03-20,113,1.2899,0,19:00,19:10,4343.40543154,0,0,0,0,1.27948118601,6427.47892293
2025-03-20,116,19:20,4285.5618,0.0288,4336.48680837,0,0,0,0,0,714.2555,0,0,0.0048,4804.17499701,115,2025-03-20,114,1.2669,0,19:10,19:20,4336.48680837,0,0,0,0,1.27931385773,5597.79221923
2025-03-20,117,19:30,4196.78,0,4389.26834549,0,0,0,0,0,699.463333333,0,0,0,4026.99351552,116,2025-03-20,115,1.2323,0,19:20,19:30,4389.26834549,0,0,0,0,1.27887604347,4804.17499701
2025-03-20,118,19:40,4330.8684,0,4502.39840754,0,0,0,0,0,721.8114,0,0,0,3224.98084886,117,2025-03-20,116,1.2902,0,19:30,19:40,4502.39840754,0,0,0,0,1.28411061144,4026.99351552
2025-03-20,119,19:50,4370.9481,0.0021,4490.87436451,0,0,0,0,0,728.491,0,0,0.00035,2415.54640441,118,2025-03-20,117,1.2824,0,19:40,19:50,4490.87436451,0,0,0,0,1.28398726414,3224.98084886
2025-03-20,120,20:00,4358.21,0,4352.19490939,0,725.365818231,725.365818231,0,0,1.00251510216,0,0,0,2414.43249874,119,2025-03-20,118,1.2233,887.340005442,19:50,20:00,4352.19490939,0,0,725.365818231,725.365818231,1.2756126941,2415.54640441
2025-03-20,121,20:10,4586.0191,0,4416.02342245,0,736.003903742,736.003903742,0,0,28.3326129249,0,0,0,2382.95181772,120,2025-03-20,119,1.2789,941.275392495,20:00,20:10,4416.02342245,0,0,736.003903742,736.003903742,1.2670722055,2414.43249874
2025-03-20,122,20:20,4523.6629,0,4419.62454331,0,736.604090552,736.604090552,0,0,17.3397261147,0,0,0,2363.68545537,121,2025-03-20,120,1.2779,941.306367316,20:10,20:20,4419.62454331,0,0,736.604090552,736.604090552,1.24812919933,2382.95181772
2025-03-20,123,20:30,4215.37,0,4291.53168601,0,472.554694433,472.554694433,0,0,230.006972233,0,0,0,2108.12215289,122,2025-03-20,121,1.2388,585.400755464,20:20,20:30,4291.53168601,0,0,472.554694433,472.554694433,1.27876441708,2363.68545537
2025-03-20,124,20:40,4256.2469,0,4371.31429351,0,0,0,0,0,709.374483333,0,0,0,1319.92828252,123,2025-03-20,122,1.3228,0,20:30,20:40,4371.31429351,0,0,0,0,1.30489214482,2108.12215289
2025-03-20,125,20:50,4319.0159,0,4478.58352142,0,746.430586903,746.430586903,0,26.5946035699,0,0,0,0,1343.86342573,124,2025-03-20,123,1.1769,878.474157726,20:40,20:50,4478.58352142,0,0,746.430586903,746.430586903,1.158366236,1319.92828252
2025-03-20,126,21:00,4257.25,0,4495.0350424,0,749.172507067,749.172507067,0,39.6308404004,0,0,0,0,1379.53118209,125,2025-03-20,124,0.8862,663.916675763,20:50,21:00,4495.0350424,0,0,749.172507067,749.172507067,0.951926539356,1343.86342573
2025-03-20,127,21:10,4290.2681,0,4390.34041473,0,731.723402455,731.723402455,0,16.6787191221,0,0,0,0,1394.5420293,126,2025-03-20,125,0.917,670.990360052,21:00,21:10,4390.34041473,0,0,731.723402455,731.723402455,0.892811899677,1379.53118209
2025-03-20,128,21:20,4418.7036,0,4319.92998222,0,719.98833037,719.98833037,0,0,16.4622696297,0,0,0,1376.2506186,127,2025-03-20,126,0.9999,719.916331537,21:10,21:20,4319.92998222,0,0,719.98833037,719.98833037,0.894912143014,1394.5420293
2025-03-20,129,21:30,4553.6,0,4397.10018402,0,732.850030671,732.850030671,0,0,26.0833026627,0,0,0,1347.2691712,128,2025-03-20,127,0.9964,730.21177056,21:20,21:30,4397.10018402,0,0,732.850030671,732.850030671,0.919528589159,1376.2506186
2025-03-20,130,21:40,4526.2528,0,4401.97380693,0,733.662301155,733.662301155,0,0,20.7131655118,0,0,0,1324.25454285,129,2025-03-20,128,1.0003,733.882399845,21:30,21:40,4401.97380693,0,0,733.662301155,733.662301155,0.972413753171,1347.2691712
2025-03-20,131,21:50,4001.6252,0,3918.86478909,0,653.144131514,653.144131514,0,0,13.793401819,0,0,0,1308.92854083,130,2025-03-20,129,0.7708,503.443496571,21:40,21:50,3918.86478909,0,0,653.144131514,653.144131514,0.744490603216,1324.25454285
2025-03-20,132,22:00,3318.94,0,3334.52417488,0,1389.08736248,1386.49,2.59736248072,833.333333333,0,0,0,0,2058.92854083,131,2025-03-20,130,0.419,582.027604879,21:50,22:00,3334.52417488,0,0,1389.08736248,1389.08736248,0.406490244274,1308.92854083
2025-03-20,133,22:10,3233.4088,0,3329.92468833,0,1388.32078139,1372.2348,16.0859813876,833.333333333,0,0,0,0,2808.92854083,132,2025-03-20,131,0.3484,483.690960235,22:00,22:10,3329.92468833,0,0,1388.32078139,1388.32078139,0.394427701964,2058.92854083
2025-03-20,134,22:20,3319.971,0,3437.3182777,0,572.886379616,572.886379616,0,19.5578796159,0,0,0,0,2826.53063248,133,2025-03-20,132,0.3833,219.587349307,22:10,22:20,3437.3182777,0,0,572.886379616,572.886379616,0.438924594266,2808.92854083
2025-03-20,135,22:30,3255.84,0,3400.37574645,0,1400.06262441,1375.97333333,24.0892910745,833.333333333,0,0,0,0,3576.53063248,134,2025-03-20,133,0.3903,546.444442306,22:20,22:30,3400.37574645,0,0,1400.06262441,1400.06262441,0.417642194636,2826.53063248
2025-03-20,136,22:40,3144.1326,0,3431.70320092,0,1405.28386682,1357.35543333,47.9284334868,833.333333333,0,0,0,0,4326.53063248,135,2025-03-20,134,0.4126,579.82012345,22:30,22:40,3431.70320092,0,0,1405.28386682,1405.28386682,0.426061996654,3576.53063248
2025-03-20,137,22:50,3161.8174,0,3413.29676598,0,1402.21612766,1360.3029,41.9132276631,833.333333333,0,0,0,0,5076.53063248,136,2025-03-20,135,0.4343,608.982464244,22:40,22:50,3413.29676598,0,0,1402.21612766,1402.21612766,0.431701034038,4326.53063248
2025-03-20,138,23:00,3296.4,0,3403.48858847,0,1400.58143141,1382.73333333,17.8480980779,833.333333333,0,0,0,0,5826.53063248,137,2025-03-20,136,0.4428,620.177457829,22:50,23:00,3403.48858847,0,0,1400.58143141,1400.58143141,0.4255668588,5076.53063248
2025-03-20,139,23:10,3356.4081,0,3505.74832832,0,1417.62472139,1392.73468333,24.8900380535,833.333333333,0,0,0,0,6576.53063248,138,2025-03-20,137,0.4397,623.329589994,23:00,23:10,3505.74832832,0,0,1417.62472139,1417.62472139,0.428681596825,5826.53063248
2025-03-20,140,23:20,3261.7676,0,3500.49226237,0,583.415377062,583.415377062,0,39.7874437286,0,0,0,0,6612.33933184,139,2025-03-20,138,0.4049,236.224886172,23:10,23:20,3500.49226237,0,0,583.415377062,583.415377062,0.434889328621,6576.53063248
2025-03-20,141,23:30,3267.73,0,3413.99387037,0,568.998978396,568.998978396,0,24.3773117291,0,0,0,0,6634.27891239,140,2025-03-20,139,0.3814,217.01621036,23:20,23:30,3413.99387037,0,0,568.998978396,568.998978396,0.438359629517,6612.33933184
2025-03-20,142,23:40,3604.076,0,3445.08252506,0,1407.51375418,1407.51375418,0,806.834420843,0,0,0,0,7360.42989115,141,2025-03-20,140,0.4248,597.911842774,23:30,23:40,3445.08252506,0,0,1407.51375418,1407.51375418,0.424462485281,6634.27891239
2025-03-20,143,23:50,3245.8691,0,3076.46565874,0,1346.07760979,1346.07760979,0,805.099426457,0,0,0,0,8085.01937496,142,2025-03-20,141,0.3795,510.836452916,23:40,23:50,3076.46565874,0,0,1346.07760979,1346.07760979,0.393750624264,7360.42989115
2025-03-20,144,00:00+1,2401,0,2578.78950036,0,1263.13158339,1233.5,29.6315833925,833.333333333,0,0,0,0,8835.01937496,143,2025-03-20,142,0.2794,352.9189644,23:50,00:00+1,2578.78950036,0,0,1263.13158339,1263.13158339,0.365250063716,8085.01937496
2025-03-21,1,00:10,2359.4277,0,2444.78435676,0,689.501582408,689.501582408,0,296.263632408,0,0,0,0,9101.65664413,0,2025-03-20,143,0.3172,218.70990194,00:00,00:10,3531.2899584,0,0,689.501582408,689.501582408,0.319438526046,8835.01937496
2025-03-21,2,00:20,2565.8193,0,2480.12719882,0,413.354533136,413.354533136,0,0,14.2820168635,0,0,0,9085.78773651,1,2025-03-21,0,0.3548,146.658188357,00:10,00:20,2480.12719882,0,0,413.354533136,413.354533136,0.328770379152,9101.65664413
2025-03-21,3,00:30,2575.28,0,2437.28538179,0,406.214230299,406.214230299,0,0,22.9991030347,0,0,0,9060.23317758,2,2025-03-21,1,0.3402,138.194081148,00:20,00:30,2437.28538179,0,0,406.214230299,406.214230299,0.329421426341,9085.78773651
2025-03-21,4,00:40,2518.1559,0,2393.49359436,0,398.915599061,398.915599061,0,0,20.7770509394,0,0,0,9037.14756542,3,2025-03-21,2,0.3566,142.253302625,00:30,00:40,2393.49359436,0,0,398.915599061,398.915599061,0.322687445515,9060.23317758
2025-03-21,5,00:50,2469.2345,0,2440.94244938,0,406.823741563,406.823741563,0,0,4.71534177002,0,0,0,9031.90829679,4,2025-03-21,3,0.3495,142.184897676,00:40,00:50,2440.94244938,0,0,406.823741563,406.823741563,0.31863309345,9037.14756542
2025-03-21,6,01:00,2452.15,0,2578.46952134,0,429.744920223,429.744920223,0,21.0532535566,0,0,0,0,9050.85622499,5,2025-03-21,4,0.3096,133.049027301,00:50,01:00,2578.46952134,0,0,429.744920223,429.744920223,0.32542371928,9031.90829679
2025-03-21,7,01:10,2467.8812,0,2488.85019192,0,414.80836532,414.80836532,0,3.49483198644,0,0,0,0,9054.00157378,6,2025-03-21,5,0.2969,123.156603663,01:00,01:10,2488.85019192,0,0,414.80836532,414.80836532,0.332536177836,9050.85622499
2025-03-21,8,01:20,2545.8704,0,2433.48089844,0,405.580149739,405.580149739,0,0,18.7315835938,0,0,0,9033.18870312,7,2025-03-21,6,0.319,129.380067767,01:10,01:20,2433.48089844,0,0,405.580149739,405.580149739,0.316539193346,9054.00157378
2025-03-21,9,01:30,2630.1,0,2432.47770893,0,405.412951488,405.412951488,0,0,32.9370485122,0,0,0,8996.59198255,8,2025-03-21,7,0.3348,135.732256158,01:20,01:30,2432.47770893,0,0,405.412951488,405.412951488,0.303440005175,9033.18870312
2025-03-21,10,01:40,2613.006,0,2523.53669562,0,420.589449269,420.589449269,0,0,14.9115507308,0,0,0,8980.02359285,9,2025-03-21,8,0.2987,125.630068497,01:30,01:40,2523.53669562,0,0,420.589449269,420.589449269,0.325828456245,8996.59198255
2025-03-21,11,01:50,2552.2316,0,2612.82105572,0,435.470175953,435.470175953,0,10.0982426197,0,0,0,0,8989.11201121,10,2025-03-21,9,0.2831,123.281606812,01:40,01:50,2612.82105572,0,0,435.470175953,435.470175953,0.347239171772,8980.02359285
2025-03-21,12,02:00,2541.69,0,2674.96399141,0,445.827331902,445.827331902,0,22.2123319024,0,0,0,0,9009.10310992,11,2025-03-21,10,0.3196,142.486415276,01:50,02:00,2674.96399141,0,0,445.827331902,445.827331902,0.350089762208,8989.11201121
2025-03-21,13,02:10,2619.4506,0,2635.48935501,0,439.248225835,439.248225835,0,2.6731258354,0,0,0,0,9011.50892317,12,2025-03-21,11,0.3679,161.599422285,02:00,02:10,2635.48935501,0,0,439.248225835,439.248225835,0.34212267169,9009.10310992
2025-03-21,14,02:20,2634.2617,0,2480.93608477,0,413.489347462,413.489347462,0,0,25.5542692044,0,0,0,8983.11529072,13,2025-03-21,12,0.3883,160.55791362,02:10,02:20,2480.93608477,0,0,413.489347462,413.489347462,0.318167706149,9011.50892317
2025-03-21,15,02:30,2611.53,0,2401.74085189,0,400.290141981,400.290141981,0,0,34.9648580191,0,0,0,8944.26544848,14,2025-03-21,13,0.3775,151.109528598,02:20,02:30,2401.74085189,0,0,400.290141981,400.290141981,0.296671098929,8983.11529072
2025-03-21,16,02:40,2720.1249,0,2460.20783889,0,410.034639815,410.034639815,0,0,43.3195101847,0,0,0,8896.13265938,15,2025-03-21,14,0.3651,149.703646997,02:30,02:40,2460.20783889,0,0,410.034639815,410.034639815,0.298647143953,8944.26544848
2025-03-21,17,02:50,2811.4736,0,2591.99939495,0,431.999899158,431.999899158,0,0,36.5790341751,0,0,0,8855.48928808,16,2025-03-21,15,0.3651,157.723163183,02:40,02:50,2591.99939495,0,0,431.999899158,431.999899158,0.32994347183,8896.13265938
2025-03-21,18,03:00,2755.16,0,2668.51167632,0,0,0,0,0,459.193333333,0,0,0,8345.27447326,17,2025-03-21,16,0.3531,0,02:50,03:00,2668.51167632,0,0,0,0,0.374411285037,8855.48928808
2025-03-21,19,03:10,2585.9171,0,2695.8637141,0,0,0,0,0,430.986183333,0,0,0,7866.40093623,18,2025-03-21,17,0.3061,0,03:00,03:10,2695.8637141,0,0,0,0,0.362010522901,8345.27447326
2025-03-21,20,03:20,2583.1026,0,2679.83526743,0,446.639211238,446.639211238,0,16.122111238,0,0,0,0,7880.91083634,19,2025-03-21,18,0.3341,149.222160475,03:10,03:20,2679.83526743,0,0,446.639211238,446.639211238,0.339862585821,7866.40093623
2025-03-21,21,03:30,2720.82,0,2567.98021983,0,427.996703305,427.996703305,0,0,25.473296695,0,0,0,7852.60717335,20,2025-03-21,19,0.3952,169.144297146,03:20,03:30,2567.98021983,0,0,427.996703305,427.996703305,0.33763493568,7880.91083634
2025-03-21,22,03:40,2717.5963,0,2528.0950429,0,421.349173817,421.349173817,0,0,31.5835428494,0,0,0,7817.51434796,21,2025-03-21,20,0.3411,143.722203189,03:30,03:40,2528.0950429,0,0,421.349173817,421.349173817,0.328102047388,7852.60717335
2025-03-21,23,03:50,2719.3215,0,2596.33478341,0,432.722463901,432.722463901,0,0,20.497786099,0,0,0,7794.73903007,22,2025-03-21,21,0.3314,143.404224537,03:40,03:50,2596.33478341,0,0,432.722463901,432.722463901,0.329429781703,7817.51434796
2025-03-21,24,04:00,2719.41,0,2685.59255531,0,447.598759218,447.598759218,0,0,5.63624078233,0,0,0,7788.47654031,23,2025-03-21,22,0.3858,172.683601306,03:50,04:00,2685.59255531,0,0,447.598759218,447.598759218,0.337234554343,7794.73903007
2025-03-21,25,04:10,2572.9256,0.0023,2708.6159406,0,0,0,0,0,428.82055,0,0,0.000383333333333,7312.00926253,24,2025-03-21,23,0.3601,0,04:00,04:10,2708.6159406,0,0,0,0,0.361925092847,7788.47654031
2025-03-21,26,04:20,2612.286,0,2687.09486581,0,316.237261131,316.237261131,0,0,119.143738869,0,0,0,7179.62733046,25,2025-03-21,24,0.3237,102.366001428,04:10,04:20,2687.09486581,0,0,316.237261131,316.237261131,0.353549384993,7312.00926253
2025-03-21,27,04:30,2778.68,0,2624.1705069,0,437.36175115,437.36175115,0,0,25.7515821837,0,0,0,7151.01446137,26,2025-03-21,25,0.3382,147.915744239,04:20,04:30,2624.1705069,0,0,437.36175115,437.36175115,0.330187791783,7179.62733046
2025-03-21,28,04:40,2677.0324,0.0318,2724.42099197,0,454.070165328,454.070165328,0,7.9033986613,0,0,0,0.0053,7158.12752016,27,2025-03-21,26,0.3813,173.13695404,04:30,04:40,2724.42099197,0,0,454.070165328,454.070165328,0.3231771295,7151.01446137
2025-03-21,29,04:50,2605.978,0,2771.13730914,0,461.85621819,461.85621819,0,27.5265515236,0,0,0,0,7182.90141653,28,2025-03-21,27,0.357,164.882669894,04:40,04:50,2771.13730914,0,0,461.85621819,461.85621819,0.353217476732,7158.12752016
2025-03-21,30,05:00,2700.26,0,2699.32595382,0,0,0,0,0,450.043333333,0,0,0,6682.85326838,29,2025-03-21,28,0.299,0,04:50,05:00,2699.32595382,0,0,0,0,0.371538677883,7182.90141653
2025-03-21,31,05:10,2777.9368,0.4426,2645.21168237,0,440.868613729,440.868613729,0,0,22.0470862713,0,0,0.0737666666667,6658.35650586,30,2025-03-21,29,0.3359,148.087767351,05:00,05:10,2645.21168237,0,0,440.868613729,440.868613729,0.340679546217,6682.85326838
2025-03-21,32,05:20,2766.8966,0,2642.3574483,0,440.39290805,440.39290805,0,0,20.7565252833,0,0,0,6635.29369999,31,2025-03-21,30,0.3867,170.299937543,05:10,05:20,2642.3574483,0,0,440.39290805,440.39290805,0.320465586118,6658.35650586
2025-03-21,33,05:30,2733.67,0,2638.88020674,0,439.813367789,439.813367789,0,0,15.7982988772,0,0,0,6617.74003457,32,2025-03-21,31,0.359,157.892999036,05:20,05:30,2638.88020674,0,0,439.813367789,439.813367789,0.311087933667,6635.29369999
2025-03-21,34,05:40,2794.526,6.1653,2601.26690415,0,433.544484024,433.544484024,0,0,31.1822993091,0,0,1.02755,6583.09303534,33,2025-03-21,32,0.2788,120.872202146,05:30,05:40,2601.26690415,0,0,433.544484024,433.544484024,0.32808342023,6617.74003457
2025-03-21,35,05:50,2839.1231,0,2713.94279445,0,0,0,0,0,473.187183333,0,0,0,6057.3294983,34,2025-03-21,33,0.4535,0,05:40,05:50,2713.94279445,0,0,0,0,0.509703783717,6583.09303534
2025-03-21,36,06:00,2792.61,0,2833.30518323,0,0,0,0,0,465.435,0,0,0,5540.1794983,35,2025-03-21,34,0.7742,0,05:50,06:00,2833.30518323,0,0,0,0,0.784839748266,6057.3294983
2025-03-21,37,06:10,2696.9196,171.8382,2726.96505003,153.98388207,0,0,0,0,420.8469,0,0,28.6397,5072.57183163,36,2025-03-21,35,0.8068,0,06:00,06:10,2726.96505003,153.98388207,0,0,0,0.783516324593,5540.1794983
2025-03-21,38,06:20,2681.3328,409.2391,2672.29965908,392.543525561,0,0,0,0,378.682283333,0,0,68.2065166667,4651.81373904,37,2025-03-21,36,0.7532,0,06:10,06:20,2672.29965908,392.543525561,0,0,0,0.714096662551,5072.57183163
2025-03-21,39,06:30,2748.23,661.65,2697.62697082,666.97519119,0,0,0,0,347.763333333,0,0,110.275,4265.41003534,38,2025-03-21,37,0.738,0,06:20,06:30,2697.62697082,666.97519119,0,0,0,0.716849187287,4651.81373904
2025-03-21,40,06:40,2815.9656,951.9755,2653.90360503,960.110536133,0,0,0,0,310.665016667,0,0,158.662583333,3920.22668349,39,2025-03-21,38,0.6845,0,06:30,06:40,2653.90360503,960.110536133,0,0,0,0.696483248931,4265.41003534
2025-03-21,41,06:50,3041.6208,1226.6013,2808.04462387,1286.58711522,0,0,0,0,302.50325,0,0,204.43355,3584.11196126,40,2025-03-21,39,0.6712,0,06:40,06:50,2808.04462387,1286.58711522,0,0,0,0.673429168258,3920.22668349
2025-03-21,42,07:00,3279.13,1515.15,3255.07869877,1643.91885045,0,0,0,0,293.996666667,0,0,252.525,3257.4489983,41,2025-03-21,40,0.6935,0,06:50,07:00,3255.07869877,1643.91885045,0,0,0,0.689586791678,3584.11196126
2025-03-21,43,07:10,3206.7424,1898.9358,3304.69255278,2001.77338207,0,0,0,0,217.967766667,0,0,316.4893,3015.26259089,42,2025-03-21,41,0.6599,0,07:00,07:10,3304.69255278,2001.77338207,0,0,0,0.712857831508,3257.4489983
2025-03-21,44,07:20,3231.8696,2260.5977,3232.75476031,2301.18768862,0,0,0,0,161.87865,0,0,376.766283333,2835.39742423,43,2025-03-21,42,0.6208,0,07:10,07:20,3232.75476031,2301.18768862,0,0,0,0.688523826289,3015.26259089
2025-03-21,45,07:30,3358.92,2617.2375,3168.02894392,2568.11536422,0,0,0,0,123.61375,0,0,436.20625,2698.04881312,44,2025-03-21,43,0.5691,0,07:20,07:30,3168.02894392,2568.11536422,0,0,0,0.619031444739,2835.39742423
2025-03-21,46,07:40,3200.0881,3103.8497,3110.15013537,2893.95935366,0,0,0,0,16.0397333333,0,0,517.308283333,2680.22688719,45,2025-03-21,44,0.4824,0,07:30,07:40,3110.15013537,2893.95935366,0,0,0,0.541101378336,2698.04881312
2025-03-21,47,07:50,3133.1293,3588.4582,3122.19128066,3209.88647257,0,0,0,75.88815,0,0,0,598.076366667,2748.52622219,46,2025-03-21,45,0.6353,0,07:40,07:50,3122.19128066,3209.88647257,0,0,0,0.671281583553,2680.22688719
2025-03-21,48,08:00,3215.5,3927.9,3176.45976738,3494.81142482,0,0,0,118.733333333,0,0,0,654.65,2855.38622219,47,2025-03-21,46,0.9037,0,07:50,08:00,3176.45976738,3494.81142482,0,0,0,0.904946825824,2748.52622219
2025-03-21,49,08:10,3147.9488,4106.8511,3108.72085488,3792.05989517,0,0,0,159.81705,0,0,0,684.475183333,2999.22156719,48,2025-03-21,47,0.8655,0,08:00,08:10,3108.72085488,3792.05989517,0,0,0,0.892437032128,2855.38622219
2025-03-21,50,08:20,3249.8115,4377.1544,3132.73752172,4048.43590414,0,0,0,187.890483333,0,0,0,729.525733333,3168.32300219,49,2025-03-21,48,0.7845,0,08:10,08:20,3132.73752172,4048.43590414,0,0,0,0.828934478353,2999.22156719
2025-03-21,51,08:30,3381.09,4742.325,3253.55338187,4320.66801711,0,0,0,226.8725,0,0,0,790.3875,3372.50825219,50,2025-03-21,49,0.7703,0,08:20,08:30,3253.55338187,4320.66801711,0,0,0,0.810841975858,3168.32300219
2025-03-21,52,08:40,3110.6884,4984.6424,3198.79591222,4643.56479164,0,0,0,312.325666667,0,0,0,830.773733333,3653.60135219,51,2025-03-21,50,0.6818,0,08:30,08:40,3198.79591222,4643.56479164,0,0,0,0.80311149931,3372.50825219
2025-03-21,53,08:50,3266.6515,5246.246,3455.93662892,4970.4088489,0,0,0,329.932416667,0,0,0,874.374333333,3950.54052719,52,2025-03-21,51,0.6884,0,08:40,08:50,3455.93662892,4970.4088489,0,0,0,0.814111380453,3653.60135219
2025-03-21,54,09:00,3743.54,5463.7125,3887.67566871,5258.90102227,0,0,0,286.695416667,0,0,0,910.61875,4208.56640219,53,2025-03-21,52,0.794,0,08:50,09:00,3887.67566871,5258.90102227,0,0,0,0.836968784367,3950.54052719
2025-03-21,55,09:10,3624.7818,5427.3138,3936.45024093,5471.35864094,0,0,0,300.422,0,0,0,904.5523,4478.94620219,54,2025-03-21,53,0.813,0,09:00,09:10,3936.45024093,5471.35864094,0,0,0,0.806593870137,4208.56640219
2025-03-21,56,09:20,3715.4945,5520.1117,3820.40398916,5765.24396758,0,0,0,300.769533333,0,0,0,920.018616667,4749.63878219,55,2025-03-21,54,0.7837,0,09:10,09:20,3820.40398916,5765.24396758,0,0,0,0.774395246276,4478.94620219
2025-03-21,57,09:30,4034.39,5868.9,3763.87442462,6145.77259028,0,0,0,305.751666667,0,0,0,978.15,5024.81528219,56,2025-03-21,55,0.7427,0,09:20,09:30,3763.87442462,6145.77259028,0,0,0,0.741271655733,4749.63878219
2025-03-21,58,09:40,3748.4692,6229.5057,3733.91059305,6307.69765089,0,0,0,413.506083333,0,0,0,1038.25095,5396.97075719,57,2025-03-21,56,0.6811,0,09:30,09:40,3733.91059305,6307.69765089,0,0,0,0.723960723487,5024.81528219
2025-03-21,59,09:50,3509.4392,6507.141,3642.61683519,6515.03792939,0,0,0,499.616966667,0,0,0,1084.5235,5846.62602719,58,2025-03-21,57,0.6473,0,09:40,09:50,3642.61683519,6515.03792939,0,0,0,0.715907225014,5396.97075719
2025-03-21,60,10:00,3650.03,6699.975,3583.8535556,6719.53736436,0,0,0,508.324166667,0,0,0,1116.6625,6304.11777719,59,2025-03-21,58,0.6482,0,09:50,10:00,3583.8535556,6719.53736436,0,0,0,0.699939101643,5846.62602719
2025-03-21,61,10:10,3833.0174,6866.1957,3748.2035577,6915.67666702,0,0,0,505.529716667,0,0,0,1144.36595,6759.09452219,60,2025-03-21,59,0.6397,0,10:00,10:10,3748.2035577,6915.67666702,0,0,0,0.675580574549,6304.11777719
2025-03-21,62,10:20,3863.5355,7096.4314,3818.27297135,7035.29167645,0,0,0,538.815983333,0,0,0,1182.73856667,7244.02890719,61,2025-03-21,60,0.606,0,10:10,10:20,3818.27297135,7035.29167645,0,0,0,0.644420706547,6759.09452219
2025-03-21,63,10:30,3759.9,7418.025,3730.80305085,7135.12716086,0,0,0,609.6875,0,0,0,1236.3375,7792.74765719,62,2025-03-21,61,0.589,0,10:20,10:30,3730.80305085,7135.12716086,0,0,0,0.643789401921,7244.02890719
2025-03-21,64,10:40,3703.6641,7773.0483,3727.79498463,7305.70053351,0,0,0,678.2307,0,0,0,1295.50805,8403.15528719,63,2025-03-21,62,0.6157,0,10:30,10:40,3727.79498463,7305.70053351,0,0,0,0.67951012235,7792.74765719
2025-03-21,65,10:50,3835.8185,8046.8652,3655.32576961,7480.37008484,0,0,0,701.841116667,0,0,0,1341.1442,9034.81229219,64,2025-03-21,63,0.4675,0,10:40,10:50,3655.32576961,7480.37008484,0,0,0,0.505760231149,8403.15528719
2025-03-21,66,11:00,3965.11,8135.175,3576.26067733,7495.71936172,0,0,0,695.010833333,0,0,0,1355.8625,9660.32204219,65,2025-03-21,64,0.227,0,10:50,11:00,3576.26067733,7495.71936172,0,0,0,0.290222525117,9034.81229219
2025-03-21,67,11:10,3774.8146,8070.6472,3708.50799429,7435.873884,0,0,0,715.9721,0,0,0,1345.10786667,10304.6969322,66,2025-03-21,65,0.208,0,11:00,11:10,3708.50799429,7435.873884,0,0,0,0.28276080523,9660.32204219
2025-03-21,68,11:20,3704.2487,8308.2366,3754.52246628,7537.4342201,0,0,0,550.336742011,0,0,216.994574655,1167.71152534,10800,67,2025-03-21,66,0.208,0,11:10,11:20,3754.52246628,7537.4342201,0,0,0,0.294155793015,10304.6969322
2025-03-21,69,11:30,3861.49,8710.725,3646.74103692,7734.83913656,0,0,0,0,0,0,808.205833333,643.581666667,10800,68,2025-03-21,67,0.1656,0,11:20,11:30,3646.74103692,7734.83913656,0,0,0,0.265188887927,10800
2025-03-21,70,11:40,3906.7627,8710.8243,3628.05085101,7791.0238775,0,0,0,0,0,0,800.676933333,651.127116667,10800,69,2025-03-21,68,0.2205,0,11:30,11:40,3628.05085101,7791.0238775,0,0,0,0.253241475019,10800
2025-03-21,71,11:50,3809.3095,8778.2381,3650.58603858,7783.5010325,0,0,0,0,0,0,828.154766667,634.884916667,10800,70,2025-03-21,69,0.2295,0,11:40,11:50,3650.58603858,7783.5010325,0,0,0,0.258585538022,10800
2025-03-21,72,12:00,3743.31,8906.5125,3626.78194833,7806.44818993,0,0,0,0,0,0,860.53375,623.885,10800,71,2025-03-21,70,0.1806,0,11:50,12:00,3626.78194833,7806.44818993,0,0,0,0.272919007912,10800
2025-03-21,73,12:10,3855.7024,8617.1882,3633.10083193,7869.84999052,0,0,0,0,0,0,793.580966667,642.617066667,10800,72,2025-03-21,71,0.2057,0,12:00,12:10,3633.10083193,7869.84999052,0,0,0,0.290108862559,10800
2025-03-21,74,12:20,3726.8411,8483.5218,3675.78712923,7912.31968346,0,0,0,0,0,0,792.780116667,621.140183333,10800,73,2025-03-21,72,0.1996,0,12:10,12:20,3675.78712923,7912.31968346,0,0,0,0.29030350721,10800
2025-03-21,75,12:30,3478.64,8609.475,3698.11798648,7863.79835986,0,0,0,0,0,0,855.139166667,579.773333333,10800,74,2025-03-21,73,0.1365,0,12:20,12:30,3698.11798648,7863.79835986,0,0,0,0.267961006249,10800
2025-03-21,76,12:40,3661.1832,8502.4022,3608.85099117,7713.2631629,0,0,0,0,0,0,806.869833333,610.1972,10800,75,2025-03-21,74,0.1352,0,12:30,12:40,3608.85099117,7713.2631629,0,0,0,0.253517229165,10800
2025-03-21,77,12:50,3820.4558,8241.9993,3508.2631157,7604.27816036,0,0,0,0,0,0,736.923916667,636.742633333,10800,76,2025-03-21,75,0.3171,0,12:40,12:50,3508.2631157,7604.27816036,0,0,0,0.362994784212,10800
2025-03-21,78,13:00,3730.77,7995.75,3466.50763006,7598.22034737,0,0,0,0,0,0,710.83,621.795,10800,77,2025-03-21,76,0.5654,0,12:50,13:00,3466.50763006,7598.22034737,0,0,0,0.607211028421,10800
2025-03-21,79,13:10,3616.594,7840.3695,3540.66687358,7471.26953491,0,0,0,0,0,0,703.962583333,602.765666667,10800,78,2025-03-21,77,0.6184,0,13:00,13:10,3540.66687358,7471.26953491,0,0,0,0.629484584827,10800
2025-03-21,80,13:20,3552.0978,7743.4814,3577.61518043,7245.49811983,0,0,0,0,0,0,698.563933333,592.0163,10800,79,2025-03-21,78,0.5805,0,13:10,13:20,3577.61518043,7245.49811983,0,0,0,0.620070233456,10800
2025-03-21,81,13:30,3490.6,7651.7625,3597.67690195,7045.48560129,0,0,0,0,0,0,693.527083333,581.766666667,10800,80,2025-03-21,79,0.5725,0,13:20,13:30,3597.67690195,7045.48560129,0,0,0,0.67125557421,10800
2025-03-21,82,13:40,3383.8889,7537.0226,3667.53922108,6972.04018791,0,0,0,0,0,0,692.18895,563.981483333,10800,81,2025-03-21,80,0.6163,0,13:30,13:40,3667.53922108,6972.04018791,0,0,0,0.713745537025,10800
2025-03-21,83,13:50,3472.4549,7441.2948,3667.28910449,6919.87433319,0,0,0,0,0,0,661.473316667,578.742483333,10800,82,2025-03-21,81,0.6518,0,13:40,13:50,3667.28910449,6919.87433319,0,0,0,0.719164658244,10800
2025-03-21,84,14:00,3685.68,7246.8375,3575.12754121,6710.46638614,0,0,0,0,0,0,593.52625,614.28,10800,83,2025-03-21,82,0.657,0,13:50,14:00,3575.12754121,6710.46638614,0,0,0,0.696117481263,10800
2025-03-21,85,14:10,3688.7835,6771.2287,3628.17596784,6425.12399846,0,0,0,0,0,0,513.740866667,614.79725,10800,84,2025-03-21,83,0.6635,0,14:00,14:10,3628.17596784,6425.12399846,0,0,0,0.710683165282,10800
2025-03-21,86,14:20,3620.0331,6272.7653,3679.66723496,6224.73008758,0,0,0,0,0,0,442.122033333,603.33885,10800,85,2025-03-21,84,0.6879,0,14:10,14:20,3679.66723496,6224.73008758,0,0,0,0.750271647084,10800
2025-03-21,87,14:30,3584.09,5902.6875,3615.84719616,5996.72995428,0,0,0,0,0,0,386.432916667,597.348333333,10800,86,2025-03-21,85,0.7335,0,14:20,14:30,3615.84719616,5996.72995428,0,0,0,0.781242031681,10800
2025-03-21,88,14:40,3547.3175,5622.0983,3517.83871499,5736.37339843,0,0,0,0,0,0,345.7968,591.219583333,10800,87,2025-03-21,86,0.762,0,14:30,14:40,3517.83871499,5736.37339843,0,0,0,0.79267180159,10800
2025-03-21,89,14:50,3543.0798,5500.8166,3478.18515643,5429.78819136,0,0,0,0,0,0,326.289466667,590.5133,10800,88,2025-03-21,87,0.6193,0,14:40,14:50,3478.18515643,5429.78819136,0,0,0,0.681808505518,10800
2025-03-21,90,15:00,3528.37,5468.2125,3513.64337105,5170.71874992,0,0,0,0,0,0,323.307083333,588.061666667,10800,89,2025-03-21,88,0.4027,0,14:50,15:00,3513.64337105,5170.71874992,0,0,0,0.499670271703,10800
2025-03-21,91,15:10,3429.2521,5345.6113,3487.73952479,4983.5753704,0,0,0,0,0,0,319.3932,571.542016667,10800,90,2025-03-21,89,0.3845,0,15:00,15:10,3487.73952479,4983.5753704,0,0,0,0.469390586823,10800
2025-03-21,92,15:20,3418.0606,5195.0844,3443.20145824,4733.30543035,0,0,0,0,0,0,296.170633333,569.676766667,10800,91,2025-03-21,90,0.4221,0,15:10,15:20,3443.20145824,4733.30543035,0,0,0,0.516422448477,10800
2025-03-21,93,15:30,3516.82,4976.4375,3424.31460084,4378.35702872,0,0,0,0,0,0,243.269583333,586.136666667,10800,92,2025-03-21,91,0.4466,0,15:20,15:30,3424.31460084,4378.35702872,0,0,0,0.537036707264,10800
2025-03-21,94,15:40,3554.1053,4580.3104,3482.32639548,4040.4061841,0,0,0,0,0,0,171.034183333,592.350883333,10800,93,2025-03-21,92,0.5206,0,15:30,15:40,3482.32639548,4040.4061841,0,0,0,0.554380626026,10800
2025-03-21,95,15:50,3445.6468,4263.4599,3535.13268928,3753.0497014,0,0,0,0,0,0,136.302183333,574.274466667,10800,94,2025-03-21,93,0.5223,0,15:40,15:50,3535.13268928,3753.0497014,0,0,0,0.60253907423,10800
2025-03-21,96,16:00,3342.26,4046.0625,3540.06616586,3487.77624955,8.7149860507,0,8.7149860507,0,0,0,117.300416667,557.043333333,10800,95,2025-03-21,94,0.4752,4.14136137129,15:50,16:00,3540.06616586,3487.77624955,0,8.7149860507,8.7149860507,0.633202423739,10800
2025-03-21,97,16:10,3454.2621,3684.8059,3460.30559073,3132.85980332,54.5742979015,0,54.5742979015,0,0,0,38.4239666667,575.71035,10800,96,2025-03-21,95,0.5319,29.0280690538,16:00,16:10,3460.30559073,3132.85980332,0,54.5742979015,54.5742979015,0.62818338488,10800
2025-03-21,98,16:20,3412.5591,3203.3591,3457.5303833,2801.58994954,109.323405627,34.8666666667,74.4567389599,0,0,0,0,533.893183333,10800,97,2025-03-21,96,0.5949,65.0364940072,16:10,16:20,3457.5303833,2801.58994954,0,109.323405627,109.323405627,0.641654761804,10800
2025-03-21,99,16:30,3301.7,2724.7875,3545.86518609,2492.25108717,175.60234982,96.1520833333,79.4502664868,0,0,0,0,454.13125,10800,98,2025-03-21,97,0.6306,110.734841797,16:20,16:30,3545.86518609,2492.25108717,0,175.60234982,175.60234982,0.678537190943,10800
2025-03-21,100,16:40,3514.9419,2351.5888,3494.79481097,2157.98840741,222.801067261,193.892183333,28.9088839275,0,0,0,0,391.931466667,10800,99,2025-03-21,98,0.6941,154.646220786,16:30,16:40,3494.79481097,2157.98840741,0,222.801067261,222.801067261,0.683625250697,10800
2025-03-21,101,16:50,3321.9457,1992.5102,3098.81514624,1848.16794687,208.441199895,208.441199895,0,0,13.1313834383,0,0,332.085033333,10785.409574,100,2025-03-21,99,0.6881,143.428389648,16:40,16:50,3098.81514624,1848.16794687,0,208.441199895,208.441199895,0.670035555144,10800
2025-03-21,102,17:00,2724.73,1612.725,2732.77829821,1508.92676566,203.975255424,201.545751158,2.42950426605,16.2115844917,0,0,0,268.7875,10800,101,2025-03-21,100,0.6353,129.585479771,16:50,17:00,2732.77829821,1508.92676566,0,203.975255424,203.975255424,0.683569693571,10785.409574
2025-03-21,103,17:10,2514.9969,1271.8529,2772.2252616,1203.74593169,261.413221652,207.190666667,54.2225549853,0,0,0,0,211.975483333,10800,102,2025-03-21,101,0.6674,174.467184131,17:00,17:10,2772.2252616,1203.74593169,0,261.413221652,261.413221652,0.725950422141,10800
2025-03-21,104,17:20,2569.2819,985.1233,2827.62831789,913.004713578,319.103934051,264.026433333,55.077500718,0,0,0,0,164.187216667,10800,103,2025-03-21,102,0.7157,228.382685601,17:10,17:20,2827.62831789,913.004713578,0,319.103934051,319.103934051,0.758140454632,10800
2025-03-21,105,17:30,2650.07,722.7,2774.90009401,636.136493995,356.460600002,321.228333333,35.2322666689,0,0,0,0,120.45,10800,104,2025-03-21,103,0.7139,254.477222342,17:20,17:30,2774.90009401,636.136493995,0,356.460600002,356.460600002,0.763827319155,10800
2025-03-21,106,17:40,2673.2405,440.8647,2774.9758136,383.738107851,398.539617624,372.062633333,26.476984291,0,0,0,0,73.47745,10800,105,2025-03-21,104,0.6932,276.267662937,17:30,17:40,2774.9758136,383.738107851,0,398.539617624,398.539617624,0.731188423642,10800
2025-03-21,107,17:50,2664.3189,172.869,2788.00507451,160.332398075,437.945446072,415.24165,22.7037960724,0,0,0,0,28.8115,10800,106,2025-03-21,105,0.8471,370.983587368,17:40,17:50,2788.00507451,160.332398075,0,437.945446072,437.945446072,0.867123573658,10800
2025-03-21,108,18:00,2671.73,0,2757.07583839,0,0,0,0,0,445.288333333,0,0,0,10305.2351852,107,2025-03-21,106,1.0876,0,17:50,18:00,2757.07583839,0,0,0,0,1.10616806845,10800
2025-03-21,109,18:10,2713.5631,0,2726.02972217,0,0,0,0,0,452.260516667,0,0,0,9802.7235,108,2025-03-21,107,1.1224,0,18:00,18:10,2726.02972217,0,0,0,0,1.15250199383,10305.2351852
2025-03-21,110,18:20,2702.9262,5.9984,2722.31627537,0,0,0,0,0,449.487966667,0,0,0.999733333333,9303.29242593,109,2025-03-21,108,1.119,0,18:10,18:20,2722.31627537,0,0,0,0,1.10487667222,9802.7235
2025-03-21,111,18:30,2614.26,0,2713.28999158,0,452.214998596,452.214998596,0,16.5049985962,0,0,0,0,9318.14692466,110,2025-03-21,109,1.1477,519.007153889,18:20,18:30,2713.28999158,0,0,452.214998596,452.214998596,1.08242067746,9303.29242593
2025-03-21,112,18:40,2541.4788,0,2679.82745078,0,0,0,0,0,423.5798,0,0,0,8847.50270244,111,2025-03-21,110,1.1148,0,18:30,18:40,2679.82745078,0,0,0,0,1.1162000909,9318.14692466
2025-03-21,113,18:50,2688.527,0.4307,2643.90950267,0,0,0,0,0,448.01605,0,0,0.0717833333333,8349.70709133,112,2025-03-21,111,1.1269,0,18:40,18:50,2643.90950267,0,0,0,0,1.12044939195,8847.50270244
2025-03-21,114,19:00,2883.47,0,2686.95206321,0,0,0,0,0,480.578333333,0,0,0,7815.7311654,113,2025-03-21,112,1.1778,0,18:50,19:00,2686.95206321,0,0,0,0,1.10104537349,8349.70709133
2025-03-21,115,19:10,2742.7098,0,2731.00646959,0,0,0,0,0,457.1183,0,0,0,7307.82194318,114,2025-03-21,113,1.1421,0,19:00,19:10,2731.00646959,0,0,0,0,1.09783769203,7815.7311654
2025-03-21,116,19:20,2629.359,0.0309,2666.33523991,0,0,0,0,0,438.22135,0,0,0.00515,6820.90933207,115,2025-03-21,114,1.0779,0,19:10,19:20,2666.33523991,0,0,0,0,1.08933809934,7307.82194318
2025-03-21,117,19:30,2725.96,0,2627.25234146,0,419.134757441,419.134757441,0,0,35.1919092258,0,0,0,6781.80721071,116,2025-03-21,115,1.0561,442.648217333,19:20,19:30,2627.25234146,0,0,419.134757441,419.134757441,1.08421255095,6820.90933207
2025-03-21,118,19:40,2863.5218,0,2775.79238887,0,0,0,0,0,477.253633333,0,0,0,6251.52539589,117,2025-03-21,116,1.0917,0,19:30,19:40,2775.79238887,0,0,0,0,1.11393350477,6781.80721071
2025-03-21,119,19:50,2952.2413,0.0022,2849.10991983,0,0,0,0,0,492.03985,0,0,0.000366666666667,5704.81445145,118,2025-03-21,117,1.1173,0,19:40,19:50,2849.10991983,0,0,0,0,1.12952307988,6251.52539589
2025-03-21,120,20:00,2895.31,0,2746.2839803,0,0,0,0,0,482.551666667,0,0,0,5168.64593293,119,2025-03-21,118,1.1105,0,19:50,20:00,2746.2839803,0,0,0,0,1.11584482579,5704.81445145
2025-03-21,121,20:10,2680.3533,0,2722.54078828,0,0,0,0,0,446.72555,0,0,0,4672.28421071,120,2025-03-21,119,1.1102,0,20:00,20:10,2722.54078828,0,0,0,0,1.09966761612,5168.64593293
2025-03-21,122,20:20,2729.6593,0,2747.7846714,0,0,0,0,0,454.943216667,0,0,0,4166.79174774,121,2025-03-21,120,1.1385,0,20:10,20:20,2747.7846714,0,0,0,0,1.09576633943,4672.28421071
2025-03-21,123,20:30,2968.95,0,2763.6371693,0,0,0,0,0,494.825,0,0,0,3616.98619219,122,2025-03-21,121,1.1788,0,20:20,20:30,2763.6371693,0,0,0,0,1.11770705581,4166.79174774
2025-03-21,124,20:40,2901.1609,0,2778.7744091,0,0,0,0,0,483.526816667,0,0,0,3079.73417367,123,2025-03-21,122,1.1666,0,20:30,20:40,2778.7744091,0,0,0,0,1.15548970209,3616.98619219
2025-03-21,125,20:50,2750.0023,0,2797.68326979,0,466.280544964,466.280544964,0,7.94682829765,0,0,0,0,3086.88631914,124,2025-03-21,123,0.9932,463.109837259,20:40,20:50,2797.68326979,0,0,466.280544964,466.280544964,1.00897424073,3079.73417367
2025-03-21,126,21:00,2690.23,0,2811.88960928,0,468.648268213,468.648268213,0,20.2766015459,0,0,0,0,3105.13526053,125,2025-03-21,124,0.7711,361.374679619,20:50,21:00,2811.88960928,0,0,468.648268213,468.648268213,0.772226773059,3086.88631914
2025-03-21,127,21:10,2673.5533,0,2754.42493988,0,459.070823314,459.070823314,0,13.478606647,0,0,0,0,3117.26600651,126,2025-03-21,125,0.745,342.007763369,21:00,21:10,2754.42493988,0,0,459.070823314,459.070823314,0.728103303803,3105.13526053
2025-03-21,128,21:20,2703.3172,0,2728.09330132,0,454.682216887,454.682216887,0,4.12935022041,0,0,0,0,3120.98242171,127,2025-03-21,126,0.7656,348.104705249,21:10,21:20,2728.09330132,0,0,454.682216887,454.682216887,0.747186488774,3117.26600651
2025-03-21,129,21:30,2812.34,0,2789.65729178,0,464.942881963,464.942881963,0,0,3.78045136985,0,0,0,3116.78192019,128,2025-03-21,127,0.7761,360.842170692,21:20,21:30,2789.65729178,0,0,464.942881963,464.942881963,0.771175903392,3120.98242171
2025-03-21,130,21:40,2946.0913,0,2837.62314662,0,472.937191103,472.937191103,0,0,18.0780255632,0,0,0,3096.69522512,129,2025-03-21,128,0.8209,388.234140177,21:30,21:40,2837.62314662,0,0,472.937191103,472.937191103,0.829253590899,3116.78192019
2025-03-21,131,21:50,2677.1833,0,2707.16341212,0,451.193902021,451.193902021,0,4.99668535398,0,0,0,0,3101.19224194,130,2025-03-21,129,0.6005,270.941938163,21:40,21:50,2707.16341212,0,0,451.193902021,451.193902021,0.629917937851,3096.69522512
2025-03-21,132,22:00,2222.59,0,2404.97555501,0,1234.1625925,1203.765,30.3975925012,833.333333333,0,0,0,0,3851.19224194,131,2025-03-21,130,0.2516,310.515308273,21:50,22:00,2404.97555501,0,0,1234.1625925,1234.1625925,0.307691553493,3101.19224194
2025-03-21,133,22:10,2279.0919,0,2333.22984919,0,1222.20497487,1213.18198333,9.02299153222,833.333333333,0,0,0,0,4601.19224194,132,2025-03-21,131,0.2468,301.640187797,22:00,22:10,2333.22984919,0,0,1222.20497487,1222.20497487,0.278544978835,3851.19224194
2025-03-21,134,22:20,2521.1249,0,2364.42251506,0,1227.40375251,1227.40375251,0,807.216269177,0,0,0,0,5327.6868842,133,2025-03-21,132,0.3199,392.646460428,22:10,22:20,2364.42251506,0,0,1227.40375251,1227.40375251,0.300372429932,4601.19224194
2025-03-21,135,22:30,2572.13,0,2416.66683603,0,1236.11113934,1236.11113934,0,807.422806005,0,0,0,0,6054.3674096,134,2025-03-21,133,0.3082,380.969453144,22:20,22:30,2416.66683603,0,0,1236.11113934,1236.11113934,0.303916704565,5327.6868842
2025-03-21,136,22:40,2383.5469,0,2384.62822012,0,1230.77137002,1230.59115,0.180220019557,833.333333333,0,0,0,0,6804.3674096,135,2025-03-21,134,0.3096,381.046816158,22:30,22:40,2384.62822012,0,0,1230.77137002,1230.77137002,0.322721825468,6054.3674096
2025-03-21,137,22:50,2344.5656,0,2361.80867799,0,393.634779665,393.634779665,0,2.87384633118,0,0,0,0,6806.9538713,136,2025-03-21,135,0.2958,116.437167825,22:40,22:50,2361.80867799,0,0,393.634779665,393.634779665,0.325159000465,6804.3674096
2025-03-21,138,23:00,2417.96,0,2368.08065643,0,1228.01344274,1228.01344274,0,825.020109405,0,0,0,0,7549.47196976,137,2025-03-21,136,0.2748,337.458094065,22:50,23:00,2368.08065643,0,0,1228.01344274,1228.01344274,0.311898526234,6806.9538713
2025-03-21,139,23:10,2259.3637,0,2370.75304107,0,1228.45884018,1209.89395,18.5648901782,833.333333333,0,0,0,0,8299.47196976,138,2025-03-21,137,0.3009,369.64326501,23:00,23:10,2370.75304107,0,0,1228.45884018,1228.45884018,0.321302847523,7549.47196976
2025-03-21,140,23:20,2390.9613,0,2430.09378479,0,405.015630798,405.015630798,0,6.52208079807,0,0,0,0,8305.34184248,139,2025-03-21,138,0.3281,132.885628465,23:10,23:20,2430.09378479,0,0,405.015630798,405.015630798,0.326374802429,8299.47196976
2025-03-21,141,23:30,2671.23,0,2551.83409947,0,1258.63901658,1258.63901658,0,813.434016578,0,0,0,0,9037.4324574,140,2025-03-21,139,0.3349,421.518206652,23:20,23:30,2551.83409947,0,0,1258.63901658,1258.63901658,0.317353411116,8305.34184248
2025-03-21,142,23:40,2416.7437,0,2480.22415833,0,1246.70402639,1236.12395,10.580076389,833.333333333,0,0,0,0,9787.4324574,141,2025-03-21,140,0.3405,424.502720985,23:30,23:40,2480.22415833,0,0,1246.70402639,1246.70402639,0.315677953469,9037.4324574
2025-03-21,143,23:50,2284.9201,0,2406.48671174,0,526.558420265,526.558420265,0,145.738403598,0,0,0,0,9918.59702064,142,2025-03-21,141,0.3286,173.027096899,23:40,23:50,2406.48671174,0,0,526.558420265,526.558420265,0.322965545152,9787.4324574
2025-03-21,144,00:00+1,2450.59,0,2419.6148578,0,403.269142966,403.269142966,0,0,5.16252370039,0,0,0,9912.8608832,143,2025-03-21,142,0.3013,121.504992776,23:50,00:00+1,2419.6148578,0,0,403.269142966,403.269142966,0.335181072184,9918.59702064
2025-03-22,1,00:10,2430.3122,0,2530.94510611,0,1240.79739279,1238.38536667,2.41202612667,833.333333333,0,0,0,0,10662.8608832,0,2025-03-21,143,0.2868,355.860692253,00:00,00:10,2444.78435676,0,0,1240.79739279,1240.79739279,0.348612118427,9912.8608832
2025-03-22,2,00:20,2405.3057,0,2563.62562195,0,427.270936991,427.270936991,0,26.386653658,0,0,0,0,10686.6088715,1,2025-03-22,0,0.3052,130.40308997,00:10,00:20,2563.62562195,0,0,427.270936991,427.270936991,0.332363782132,10662.8608832
2025-03-22,3,00:30,2450.06,0,2558.15010952,0,426.358351587,426.358351587,0,18.0150182537,0,0,0,0,10702.8223879,2,2025-03-22,1,0.3172,135.240869123,00:20,00:30,2558.15010952,0,0,426.358351587,426.358351587,0.315818498255,10686.6088715
2025-03-22,4,00:40,2428.3992,0,2537.25787301,0,422.876312168,422.876312168,0,18.1431121677,0,0,0,0,10719.1511889,3,2025-03-22,2,0.2747,116.164122952,00:30,00:40,2537.25787301,0,0,422.876312168,422.876312168,0.329554341211,10702.8223879
2025-03-22,5,00:50,2477.1664,0,2520.4835001,0,420.080583351,420.080583351,0,7.21951668395,0,0,0,0,10725.6487539,4,2025-03-22,3,0.312,131.065142005,00:40,00:50,2520.4835001,0,0,420.080583351,420.080583351,0.320038612915,10719.1511889
2025-03-22,6,01:00,2525.39,0,2463.23165586,0,410.53860931,410.53860931,0,0,10.3597240232,0,0,0,10714.1379494,5,2025-03-22,4,0.3775,154.978325015,00:50,01:00,2463.23165586,0,0,410.53860931,410.53860931,0.297408240866,10725.6487539
2025-03-22,7,01:10,2361.4063,0,2541.44444628,0,423.574074379,423.574074379,0,30.0063577127,0,0,0,0,10741.1436714,6,2025-03-22,5,0.2906,123.090626015,01:00,01:10,2541.44444628,0,0,423.574074379,423.574074379,0.320687976385,10714.1379494
2025-03-22,8,01:20,2312.4557,0,2571.03190306,0,428.505317176,428.505317176,0,43.096033843,0,0,0,0,10779.9301018,7,2025-03-22,6,0.2694,115.439332447,01:10,01:20,2571.03190306,0,0,428.505317176,428.505317176,0.337430853604,10741.1436714
2025-03-22,9,01:30,2502.35,0,2514.36150818,0,419.060251364,419.060251364,0,2.00191803023,0,0,0,0,10781.731828,8,2025-03-22,7,0.3655,153.166521873,01:20,01:30,2514.36150818,0,0,419.060251364,419.060251364,0.33175227608,10779.9301018
2025-03-22,10,01:40,2706.2165,0,2504.15621393,0,417.359368989,417.359368989,0,0,33.6767143446,0,0,0,10744.3132565,9,2025-03-22,8,0.4039,168.571449135,01:30,01:40,2504.15621393,0,0,417.359368989,417.359368989,0.333368260387,10781.731828
2025-03-22,11,01:50,2682.2321,0,2529.53784635,0,421.589641058,421.589641058,0,0,25.4490422753,0,0,0,10716.0365429,10,2025-03-22,9,0.3785,159.57167914,01:40,01:50,2529.53784635,0,0,421.589641058,421.589641058,0.328139657993,10744.3132565
2025-03-22,12,02:00,2481.59,0,2617.33812373,0,436.223020622,436.223020622,0,22.6246872885,0,0,0,0,10736.3987615,11,2025-03-22,10,0.3356,146.396445721,01:50,02:00,2617.33812373,0,0,436.223020622,436.223020622,0.322560688434,10716.0365429
2025-03-22,13,02:10,2382.5576,0,2648.73336356,0,441.455560594,441.455560594,0,44.3626272602,0,0,0,0,10776.325126,12,2025-03-22,11,0.3186,140.647741605,02:00,02:10,2648.73336356,0,0,441.455560594,441.455560594,0.34319291214,10736.3987615
2025-03-22,14,02:20,2398.9799,0,2651.88238088,0,0,0,0,0,399.829983333,0,0,0,10332.069589,13,2025-03-22,12,0.3294,0,02:10,02:20,2651.88238088,0,0,0,0,0.360751846741,10776.325126
2025-03-22,15,02:30,2504.86,0,2641.73282884,0,0,0,0,0,417.476666667,0,0,0,9868.206626,14,2025-03-22,13,0.346,0,02:20,02:30,2641.73282884,0,0,0,0,0.354957349106,10332.069589
2025-03-22,16,02:40,2671.4817,0,2748.29103914,0,458.048506524,458.048506524,0,12.8015565236,0,0,0,0,9879.72802687,15,2025-03-22,14,0.3462,158.576392958,02:30,02:40,2748.29103914,0,0,458.048506524,458.048506524,0.346422881622,9868.206626
2025-03-22,17,02:50,2747.1509,0,2727.62732509,0,454.604554182,454.604554182,0,0,3.25392915181,0,0,0,9876.11255004,16,2025-03-22,15,0.3563,161.975602655,02:40,02:50,2727.62732509,0,0,454.604554182,454.604554182,0.333218006301,9879.72802687
2025-03-22,18,03:00,2682.29,0,2584.53382577,0,430.755637628,430.755637628,0,0,16.2926957052,0,0,0,9858.00955481,17,2025-03-22,16,0.3625,156.14891864,02:50,03:00,2584.53382577,0,0,430.755637628,430.755637628,0.321776314958,9876.11255004
2025-03-22,19,03:10,2577.2183,0,2596.99490306,0,432.832483843,432.832483843,0,3.2961005101,0,0,0,0,9860.97604527,18,2025-03-22,17,0.3224,139.545192791,03:00,03:10,2596.99490306,0,0,432.832483843,432.832483843,0.33180230849,9858.00955481
2025-03-22,20,03:20,2588.5808,0,2633.93295123,0,438.988825205,438.988825205,0,7.55869187182,0,0,0,0,9867.77886795,19,2025-03-22,18,0.2882,126.516579424,03:10,03:20,2633.93295123,0,0,438.988825205,438.988825205,0.341698386444,9860.97604527
2025-03-22,21,03:30,2646.27,0,2559.76540489,0,426.627567482,426.627567482,0,0,14.4174325184,0,0,0,9851.75949849,20,2025-03-22,19,0.2928,124.916551759,03:20,03:30,2559.76540489,0,0,426.627567482,426.627567482,0.335037504197,9867.77886795
2025-03-22,22,03:40,2547.1253,0,2579.5150558,0,429.919175967,429.919175967,0,5.39829263379,0,0,0,0,9856.61796186,21,2025-03-22,20,0.3201,137.617128227,03:30,03:40,2579.5150558,0,0,429.919175967,429.919175967,0.332655177055,9851.75949849
2025-03-22,23,03:50,2503.0358,0,2637.22057124,0,439.536761874,439.536761874,0,22.3641285405,0,0,0,0,9876.74567754,22,2025-03-22,21,0.334,146.805278466,03:40,03:50,2637.22057124,0,0,439.536761874,439.536761874,0.346369760658,9856.61796186
2025-03-22,24,04:00,2599.79,0,2671.05198856,0,215.539006507,215.539006507,0,0,217.759326827,0,0,0,9634.79086996,23,2025-03-22,22,0.347,74.7920352578,03:50,04:00,2671.05198856,0,0,215.539006507,215.539006507,0.350095337712,9876.74567754
2025-03-22,25,04:10,2694.047,0.0027,2608.38571948,0,434.730953247,434.730953247,0,0,14.2764300863,0,0,0.00045,9618.92816986,24,2025-03-22,23,0.3899,169.501598671,04:00,04:10,2608.38571948,0,0,434.730953247,434.730953247,0.325433321067,9634.79086996
2025-03-22,26,04:20,2665.6074,0,2630.2343668,0,438.372394466,438.372394466,0,0,5.89550553396,0,0,0,9612.37760816,25,2025-03-22,24,0.3617,158.559295078,04:10,04:20,2630.2343668,0,0,438.372394466,438.372394466,0.334711686614,9618.92816986
2025-03-22,27,04:30,2622.96,0,2716.17836167,0,0,0,0,0,437.16,0,0,0,9126.64427483,26,2025-03-22,25,0.3084,0,04:20,04:30,2716.17836167,0,0,0,0,0.375332139483,9612.37760816
2025-03-22,28,04:40,2770.4849,0.0376,2714.70870384,0,0,0,0,0,461.741216667,0,0,0.00626666666667,8613.59847853,27,2025-03-22,26,0.3755,0,04:30,04:40,2714.70870384,0,0,0,0,0.368342941413,9126.64427483
2025-03-22,29,04:50,2830.8751,0,2664.59234742,0,444.098724569,444.098724569,0,0,27.7137920974,0,0,0,8582.8053762,28,2025-03-22,27,0.3954,175.596635695,04:40,04:50,2664.59234742,0,0,444.098724569,444.098724569,0.335029722881,8613.59847853
2025-03-22,30,05:00,2771.14,0,2660.89859086,0,443.483098476,443.483098476,0,0,18.3735681906,0,0,0,8562.39030043,29,2025-03-22,28,0.3361,149.054669398,04:50,05:00,2660.89859086,0,0,443.483098476,443.483098476,0.316924961762,8582.8053762
2025-03-22,31,05:10,2821.9319,0.5234,2739.60265096,0,0,0,0,0,470.23475,0,0,0.0872333333333,8039.90724488,30,2025-03-22,29,0.3361,0,05:00,05:10,2739.60265096,0,0,0,0,0.35214805034,8562.39030043
2025-03-22,32,05:20,2811.6916,0,2757.15192685,0,0,0,0,0,468.615266667,0,0,0,7519.22361525,31,2025-03-22,30,0.3562,0,05:10,05:20,2757.15192685,0,0,0,0,0.388312491555,8039.90724488
2025-03-22,33,05:30,2734.01,0,2694.9470248,0,0,0,0,0,455.668333333,0,0,0,7012.9254671,32,2025-03-22,31,0.3391,0,05:20,05:30,2694.9470248,0,0,0,0,0.362840313586,7519.22361525
2025-03-22,34,05:40,2773.8686,7.2902,2607.76292513,0,434.627154189,434.627154189,0,0,26.4692458114,0,0,1.21503333333,6983.51519397,33,2025-03-22,32,0.307,133.430536336,05:30,05:40,2607.76292513,0,0,434.627154189,434.627154189,0.319796733705,7012.9254671
2025-03-22,35,05:50,2808.2517,0,2649.62919367,0,0,0,0,0,468.04195,0,0,0,6463.46858286,34,2025-03-22,33,0.4698,0,05:40,05:50,2649.62919367,0,0,0,0,0.465902169519,6983.51519397
2025-03-22,36,06:00,2756.85,0,2690.16845735,0,0,0,0,0,459.475,0,0,0,5952.94080509,35,2025-03-22,34,0.7311,0,05:50,06:00,2690.16845735,0,0,0,0,0.753721738136,6463.46858286
2025-03-22,37,06:10,2689.1,205.1944,2727.53734551,164.871852222,0,0,0,0,413.984266667,0,0,34.1990666667,5492.95828657,36,2025-03-22,35,0.7663,0,06:00,06:10,2727.53734551,164.871852222,0,0,0,0.749809552545,5952.94080509
2025-03-22,38,06:20,2768.2011,498.1887,2758.29806119,404.758481224,0,0,0,0,378.3354,0,0,83.03145,5072.5856199,37,2025-03-22,36,0.7387,0,06:10,06:20,2758.29806119,404.758481224,0,0,0,0.712483178433,5492.95828657
2025-03-22,39,06:30,2848.66,789.225,2769.16568321,673.725578048,0,0,0,0,343.239166667,0,0,131.5375,4691.20876805,38,2025-03-22,37,0.7365,0,06:20,06:30,2769.16568321,673.725578048,0,0,0,0.733404446098,5072.5856199
2025-03-22,40,06:40,2671.328,1069.2392,2732.82508591,972.275114969,0,0,0,0,267.0148,0,0,178.206533333,4394.52565694,39,2025-03-22,38,0.6857,0,06:30,06:40,2732.82508591,972.275114969,0,0,0,0.68498965767,4691.20876805
2025-03-22,41,06:50,2809.8101,1366.736,2834.96579423,1284.46611942,0,0,0,0,240.51235,0,0,227.789333333,4127.28971249,40,2025-03-22,39,0.6627,0,06:40,06:50,2834.96579423,1284.46611942,0,0,0,0.681272679773,4394.52565694
2025-03-22,42,07:00,3235.94,1691.625,3179.64127618,1615.72051781,0,0,0,0,257.385833333,0,0,281.9375,3841.30545323,41,2025-03-22,40,0.6897,0,06:50,07:00,3179.64127618,1615.72051781,0,0,0,0.71907811591,4127.28971249
2025-03-22,43,07:10,3314.4444,2028.0903,3176.10334266,1967.21207053,0,0,0,0,214.39235,0,0,338.01505,3603.09173101,42,2025-03-22,41,0.7062,0,07:00,07:10,3176.10334266,1967.21207053,0,0,0,0.659887777856,3841.30545323
2025-03-22,44,07:20,3228.0394,2365.15,3153.28865563,2286.77187298,0,0,0,0,143.8149,0,0,394.191666667,3443.29739768,43,2025-03-22,42,0.6984,0,07:10,07:20,3153.28865563,2286.77187298,0,0,0,0.616332159016,3603.09173101
2025-03-22,45,07:30,3191.72,2668.4625,3237.91469879,2614.107429,0,0,0,0,87.2095833333,0,0,444.74375,3346.39786064,44,2025-03-22,43,0.6479,0,07:20,07:30,3237.91469879,2614.107429,0,0,0,0.609203464529,3443.29739768
2025-03-22,46,07:40,3204.0027,2911.0318,3197.27122862,2998.25650405,0,0,0,0,48.8284833333,0,0,485.171966667,3292.14399027,45,2025-03-22,44,0.5671,0,07:30,07:40,3197.27122862,2998.25650405,0,0,0,0.537936130369,3346.39786064
2025-03-22,47,07:50,3134.0132,3187.4934,3103.1763219,3365.51350516,0,0,0,8.91336666667,0,0,0,531.2489,3300.16602027,46,2025-03-22,45,0.6504,0,07:40,07:50,3103.1763219,3365.51350516,0,0,0,0.657405737845,3292.14399027
2025-03-22,48,08:00,3090.95,3458.8875,3094.770524,3696.08620659,0,0,0,61.3229166667,0,0,0,576.48125,3355.35664527,47,2025-03-22,46,0.8544,0,07:50,08:00,3094.770524,3696.08620659,0,0,0,0.885993622644,3300.16602027
2025-03-22,49,08:10,3287.8711,3620.9007,3217.53550546,3959.7681573,0,0,0,55.5049333333,0,0,0,603.48345,3405.31108527,48,2025-03-22,47,0.9228,0,08:00,08:10,3217.53550546,3959.7681573,0,0,0,0.909079747988,3355.35664527
2025-03-22,50,08:20,3295.6317,3945.8804,3214.47897661,4256.81543858,0,0,0,108.374783333,0,0,0,657.646733333,3502.84839027,49,2025-03-22,48,0.879,0,08:10,08:20,3214.47897661,4256.81543858,0,0,0,0.832483221907,3405.31108527
2025-03-22,51,08:30,3069.34,4369.1625,3071.18822785,4596.24923316,0,0,0,216.637083333,0,0,0,728.19375,3697.82176527,50,2025-03-22,49,0.8055,0,08:20,08:30,3071.18822785,4596.24923316,0,0,0,0.774595018191,3502.84839027
2025-03-22,52,08:40,3073.5006,4532.8108,3167.32158108,4896.17084043,0,0,0,243.218366667,0,0,0,755.468466667,3916.71829527,51,2025-03-22,50,0.7644,0,08:30,08:40,3167.32158108,4896.17084043,0,0,0,0.743281981419,3697.82176527
2025-03-22,53,08:50,3589.2657,4632.844,3419.63325576,5197.15573308,0,0,0,173.929716667,0,0,0,772.140666667,4073.25504027,52,2025-03-22,51,0.7882,0,08:40,08:50,3419.63325576,5197.15573308,0,0,0,0.755677122048,3916.71829527
2025-03-22,54,09:00,4167.1,4897.425,3716.73956085,5445.82424298,0,0,0,121.720833333,0,0,0,816.2375,4182.80379027,53,2025-03-22,52,0.8388,0,08:50,09:00,3716.73956085,5445.82424298,0,0,0,0.785277498214,4073.25504027
2025-03-22,55,09:10,4034.4884,5352.757,3770.55186258,5547.92220773,0,0,0,219.711433333,0,0,0,892.126166667,4380.54408027,54,2025-03-22,53,0.8357,0,09:00,09:10,3770.55186258,5547.92220773,0,0,0,0.783773942558,4182.80379027
2025-03-22,56,09:20,3813.6396,5674.207,3791.94859797,5773.07356759,0,0,0,310.094566667,0,0,0,945.701166667,4659.62919027,55,2025-03-22,54,0.7841,0,09:10,09:20,3791.94859797,5773.07356759,0,0,0,0.766293153229,4380.54408027
2025-03-22,57,09:30,3830.52,5737.05,3877.41788742,6085.29711642,0,0,0,317.755,0,0,0,956.175,4945.60869027,56,2025-03-22,55,0.7509,0,09:20,09:30,3877.41788742,6085.29711642,0,0,0,0.755500118612,4659.62919027
2025-03-22,58,09:40,3830.9713,5721.5299,3802.82183077,6274.43069717,0,0,0,315.0931,0,0,0,953.588316667,5229.19248027,57,2025-03-22,56,0.7926,0,09:30,09:40,3802.82183077,6274.43069717,0,0,0,0.751063771595,4945.60869027
2025-03-22,59,09:50,3843.3047,5872.4628,3705.57301325,6447.02914277,0,0,0,338.193016667,0,0,0,978.7438,5533.56619527,58,2025-03-22,57,0.7748,0,09:40,09:50,3705.57301325,6447.02914277,0,0,0,0.741287771953,5229.19248027
2025-03-22,60,10:00,3824.31,6226.5,3717.799575,6627.21576412,0,0,0,400.365,0,0,0,1037.75,5893.89469527,59,2025-03-22,58,0.7006,0,09:50,10:00,3717.799575,6627.21576412,0,0,0,0.731375398429,5533.56619527
2025-03-22,61,10:10,3682.3038,6601.4252,3796.53728641,6834.49981298,0,0,0,486.520233333,0,0,0,1100.23753333,6331.76290527,60,2025-03-22,59,0.7026,0,10:00,10:10,3796.53728641,6834.49981298,0,0,0,0.723347092687,5893.89469527
2025-03-22,62,10:20,3707.2152,6836.292,3810.61892337,7008.55820421,0,0,0,521.5128,0,0,0,1139.382,6801.12442527,61,2025-03-22,60,0.6952,0,10:10,10:20,3810.61892337,7008.55820421,0,0,0,0.719460058357,6331.76290527
2025-03-22,63,10:30,3791.67,7053.075,3744.01457706,7157.6186398,0,0,0,543.5675,0,0,0,1175.5125,7290.33517527,62,2025-03-22,61,0.6527,0,10:20,10:30,3744.01457706,7157.6186398,0,0,0,0.715287019405,6801.12442527
2025-03-22,64,10:40,3550.1007,7483.5429,3696.26292469,7356.32806971,0,0,0,655.5737,0,0,0,1247.25715,7880.35150527,63,2025-03-22,62,0.6216,0,10:30,10:40,3696.26292469,7356.32806971,0,0,0,0.70287892386,7290.33517527
2025-03-22,65,10:50,3438.0704,7721.4534,3664.05309444,7542.85561834,0,0,0,713.897166667,0,0,0,1286.9089,8522.85895527,64,2025-03-22,63,0.4832,0,10:40,10:50,3664.05309444,7542.85561834,0,0,0,0.505559732786,7880.35150527
2025-03-22,66,11:00,3592.6,7732.8,3683.09239511,7572.1098274,0,0,0,690.033333333,0,0,0,1288.8,9143.88895527,65,2025-03-22,64,0.2853,0,10:50,11:00,3683.09239511,7572.1098274,0,0,0,0.294362887113,8522.85895527
2025-03-22,67,11:10,3685.7175,7847.2361,3729.60770071,7520.90079562,0,0,0,693.586433333,0,0,0,1307.87268333,9768.11674527,66,2025-03-22,65,0.2241,0,11:00,11:10,3729.60770071,7520.90079562,0,0,0,0.286756814013,9143.88895527
2025-03-22,68,11:20,3668.4601,7740.2817,3669.71794994,7635.91171553,0,0,0,678.636933333,0,0,0,1290.04695,10378.8899853,67,2025-03-22,66,0.2506,0,11:10,11:20,3669.71794994,7635.91171553,0,0,0,0.314874006037,9768.11674527
2025-03-22,69,11:30,3611.89,7606.8375,3546.23671931,7853.42294901,0,0,0,467.900016366,0,0,197.924566968,1069.88168303,10800,68,2025-03-22,67,0.2582,0,11:20,11:30,3546.23671931,7853.42294901,0,0,0,0.314492614996,10378.8899853
2025-03-22,70,11:40,3624.5936,8011.717,3526.05943122,7852.38449867,0,0,0,0,0,0,731.187233333,604.098933333,10800,69,2025-03-22,68,0.1901,0,11:30,11:40,3526.05943122,7852.38449867,0,0,0,0.346889943136,10800
2025-03-22,71,11:50,3774.9157,8278.4416,3654.07671971,7890.13604693,0,0,0,0,0,0,750.58765,629.152616667,10800,70,2025-03-22,69,0.1607,0,11:40,11:50,3654.07671971,7890.13604693,0,0,0,0.3612186777,10800
2025-03-22,72,12:00,3830.99,8191.1625,3783.97689807,8007.33657956,0,0,0,0,0,0,726.695416667,638.498333333,10800,71,2025-03-22,70,0.1784,0,11:50,12:00,3783.97689807,8007.33657956,0,0,0,0.332918728308,10800
2025-03-22,73,12:10,3488.8094,8135.4693,3630.00066925,7997.83547747,0,0,0,0,0,0,774.443316667,581.468233333,10800,72,2025-03-22,71,0.1546,0,12:00,12:10,3630.00066925,7997.83547747,0,0,0,0.280636161276,10800
2025-03-22,74,12:20,3288.1525,7812.317,3487.23126363,7990.77016238,0,0,0,0,0,0,754.027416667,548.025416667,10800,73,2025-03-22,72,0.2005,0,12:10,12:20,3487.23126363,7990.77016238,0,0,0,0.276452784035,10800
2025-03-22,75,12:30,3384.53,7282.0875,3511.23030734,7981.66187613,0,0,0,0,0,0,649.592916667,564.088333333,10800,74,2025-03-22,73,0.2739,0,12:20,12:30,3511.23030734,7981.66187613,0,0,0,0.296495092731,10800
2025-03-22,76,12:40,3436.9515,7064.2371,3614.37311408,7802.90993306,0,0,0,0,0,0,604.5476,572.82525,10800,75,2025-03-22,74,0.2309,0,12:30,12:40,3614.37311408,7802.90993306,0,0,0,0.275787846635,10800
2025-03-22,77,12:50,3505.5411,7336.1266,3669.06947885,7691.334033,0,0,0,0,0,0,638.430916667,584.25685,10800,76,2025-03-22,75,0.3247,0,12:40,12:50,3669.06947885,7691.334033,0,0,0,0.37727091913,10800
2025-03-22,78,13:00,3610.08,7687.0875,3623.10426135,7686.92155594,0,0,0,0,0,0,679.50125,601.68,10800,77,2025-03-22,76,0.5467,0,12:50,13:00,3623.10426135,7686.92155594,0,0,0,0.611175395589,10800
2025-03-22,79,13:10,3655.4369,7467.448,3578.94751346,7586.60365912,0,0,0,0,0,0,635.335183333,609.239483333,10800,78,2025-03-22,77,0.6192,0,13:00,13:10,3578.94751346,7586.60365912,0,0,0,0.619009335373,10800
2025-03-22,80,13:20,3672.0771,7042.3433,3528.93820762,7427.75255715,0,0,0,0,0,0,561.711033333,612.01285,10800,79,2025-03-22,78,0.6385,0,13:10,13:20,3528.93820762,7427.75255715,0,0,0,0.595249969063,10800
2025-03-22,81,13:30,3642.94,6683.4,3481.67878077,7275.8719647,0,0,0,0,0,0,506.743333333,607.156666667,10800,80,2025-03-22,79,0.6846,0,13:20,13:30,3481.67878077,7275.8719647,0,0,0,0.607337752244,10800
2025-03-22,82,13:40,3538.7779,6363.1717,3498.55256191,7200.42246872,0,0,0,0,0,0,470.7323,589.796316667,10800,81,2025-03-22,80,0.7242,0,13:30,13:40,3498.55256191,7200.42246872,0,0,0,0.625452367347,10800
2025-03-22,83,13:50,3585.9294,6255.6542,3579.22689549,7126.16103124,0,0,0,0,0,0,444.954133333,597.6549,10800,82,2025-03-22,81,0.7285,0,13:40,13:50,3579.22689549,7126.16103124,0,0,0,0.65276206097,10800
2025-03-22,84,14:00,3669.71,6294.7875,3610.71138723,6961.27780548,0,0,0,0,0,0,437.512916667,611.618333333,10800,83,2025-03-22,82,0.6955,0,13:50,14:00,3610.71138723,6961.27780548,0,0,0,0.675440955757,10800
2025-03-22,85,14:10,3456.5337,6205.4092,3553.03705025,6586.80071633,0,0,0,0,0,0,458.145916667,576.08895,10800,84,2025-03-22,83,0.6572,0,14:00,14:10,3553.03705025,6586.80071633,0,0,0,0.690161921468,10800
2025-03-22,86,14:20,3341.6582,6048.4671,3425.70651603,6268.44993493,0,0,0,0,0,0,451.134816667,556.943033333,10800,85,2025-03-22,84,0.6788,0,14:10,14:20,3425.70651603,6268.44993493,0,0,0,0.690466899666,10800
2025-03-22,87,14:30,3480.01,5866.4625,3342.9997102,6040.60760308,0,0,0,0,0,0,397.742083333,580.001666667,10800,86,2025-03-22,85,0.7532,0,14:20,14:30,3342.9997102,6040.60760308,0,0,0,0.71002403804,10800
2025-03-22,88,14:40,3620.589,5628.3365,3468.10406737,5805.41939977,0,0,0,0,0,0,334.624583333,603.4315,10800,87,2025-03-22,86,0.7833,0,14:30,14:40,3468.10406737,5805.41939977,0,0,0,0.780774035897,10800
2025-03-22,89,14:50,3603.4724,5424.3577,3546.02805573,5605.86167008,0,0,0,0,0,0,303.480883333,600.578733333,10800,88,2025-03-22,87,0.642,0,14:40,14:50,3546.02805573,5605.86167008,0,0,0,0.656065680268,10800
2025-03-22,90,15:00,3450.34,5211.0375,3534.40807042,5414.0158633,0,0,0,0,0,0,293.449583333,575.056666667,10800,89,2025-03-22,88,0.4471,0,14:50,15:00,3534.40807042,5414.0158633,0,0,0,0.426329230145,10800
2025-03-22,91,15:10,3322.5726,4856.7517,3525.82023901,5237.87066824,0,0,0,0,0,0,255.696516667,553.7621,10800,90,2025-03-22,89,0.4594,0,15:00,15:10,3525.82023901,5237.87066824,0,0,0,0.430042997965,10800
2025-03-22,92,15:20,3317.6662,4528.6824,3542.0630656,5008.13554503,0,0,0,0,0,0,201.836033333,552.944366667,10800,91,2025-03-22,90,0.5157,0,15:10,15:20,3542.0630656,5008.13554503,0,0,0,0.482967838824,10800
2025-03-22,93,15:30,3376.16,4250.8875,3494.77103784,4701.50001248,0,0,0,0,0,0,145.787916667,562.693333333,10800,92,2025-03-22,91,0.5121,0,15:20,15:30,3494.77103784,4701.50001248,0,0,0,0.480417111758,10800
2025-03-22,94,15:40,3371.7638,3899.385,3433.39896346,4325.76912648,0,0,0,0,0,0,87.9368666667,561.960633333,10800,93,2025-03-22,92,0.511,0,15:30,15:40,3433.39896346,4325.76912648,0,0,0,0.481233485106,10800
2025-03-22,95,15:50,3456.4875,3625.128,3423.26080551,4009.81635122,0,0,0,0,0,0,28.10675,576.08125,10800,94,2025-03-22,93,0.5593,0,15:40,15:50,3423.26080551,4009.81635122,0,0,0,0.516360606955,10800
2025-03-22,96,16:00,3590.67,3389.25,3518.36824996,3736.14488396,0,0,0,0,33.57,0,0,564.875,10762.7,95,2025-03-22,94,0.6285,0,15:50,16:00,3518.36824996,3736.14488396,0,0,0,0.578830960444,10800
2025-03-22,97,16:10,3545.2703,3005.5093,3582.05547967,3388.61791255,32.239594521,32.239594521,0,0,57.7205721456,0,0,500.918216667,10698.5660309,96,2025-03-22,95,0.6456,20.8138822228,16:00,16:10,3582.05547967,3388.61791255,0,32.239594521,32.239594521,0.59461455035,10762.7
2025-03-22,98,16:20,3386.5018,2727.5256,3478.6996122,2993.04784588,80.9419610539,80.9419610539,0,0,28.8874056128,0,0,454.5876,10666.4689136,97,2025-03-22,96,0.64,51.8028550745,16:10,16:20,3478.6996122,2993.04784588,0,80.9419610539,80.9419610539,0.611525034032,10698.5660309
2025-03-22,99,16:30,3295.21,2591.8125,3354.03180438,2629.88951273,120.690381941,120.690381941,0,3.45746527471,0,0,0,431.96875,10669.5806323,98,2025-03-22,97,0.6428,77.5797775119,16:20,16:30,3354.03180438,2629.88951273,0,120.690381941,120.690381941,0.644333236092,10666.4689136
2025-03-22,100,16:40,3357.7977,2361.9723,3488.65162546,2291.98688472,199.444123457,199.444123457,0,33.4732234567,0,0,0,393.66205,10699.7065335,99,2025-03-22,98,0.6531,130.25695703,16:30,16:40,3488.65162546,2291.98688472,0,199.444123457,199.444123457,0.681436887819,10669.5806323
2025-03-22,101,16:50,3159.7583,2030.6165,3276.79266083,1930.99224134,224.300069916,224.300069916,0,36.1097699159,0,0,0,338.436083333,10732.2053264,100,2025-03-22,99,0.6438,144.404385012,16:40,16:50,3276.79266083,1930.99224134,0,224.300069916,224.300069916,0.687428428914,10699.7065335
2025-03-22,102,17:00,2811.22,1671.6,2772.46203724,1560.80979089,201.942041057,201.942041057,0,12.0053743906,0,0,0,278.6,10743.0101633,101,2025-03-22,100,0.6292,127.061932233,16:50,17:00,2772.46203724,1560.80979089,0,201.942041057,201.942041057,0.674340613333,10732.2053264
2025-03-22,103,17:10,2834.1825,1347.9779,2719.01506154,1246.55992094,245.4091901,245.4091901,0,0,2.29157656674,0,0,224.662983333,10740.4639672,102,2025-03-22,101,0.6548,160.693937677,17:00,17:10,2719.01506154,1246.55992094,0,245.4091901,245.4091901,0.672491612254,10743.0101633
2025-03-22,104,17:20,2819.4121,1003.2124,2754.64421404,958.22165929,299.403759124,299.403759124,0,0,3.29619087584,0,0,167.202066667,10736.8015328,103,2025-03-22,102,0.6965,208.53471823,17:10,17:20,2754.64421404,958.22165929,0,299.403759124,299.403759124,0.704301824627,10740.4639672
2025-03-22,105,17:30,2627.18,665.925,2737.64413178,678.034428602,343.268283863,343.268283863,0,16.39245053,0,0,0,110.9875,10751.5547383,104,2025-03-22,103,0.7125,244.578652253,17:20,17:30,2737.64413178,678.034428602,0,343.268283863,343.268283863,0.741081879208,10736.8015328
2025-03-22,106,17:40,2550.9984,429.987,2697.59501368,410.66974295,381.154211788,381.154211788,0,27.6523117879,0,0,0,71.6645,10776.4418189,105,2025-03-22,104,0.7072,269.552258576,17:30,17:40,2697.59501368,410.66974295,0,381.154211788,381.154211788,0.720316189161,10751.5547383
2025-03-22,107,17:50,2580.0978,197.0739,2707.39100649,172.451970436,422.489839343,422.489839343,0,25.3191893428,0,0,0,32.84565,10799.2290893,106,2025-03-22,105,0.856,361.651302477,17:40,17:50,2707.39100649,172.451970436,0,422.489839343,422.489839343,0.880038309528,10776.4418189
2025-03-22,108,18:00,2635.48,0,2742.00919925,0,0,0,0,0,439.246666667,0,0,0,10311.1772375,107,2025-03-22,106,1.0851,0,17:50,18:00,2742.00919925,0,0,0,0,1.12162905384,10799.2290893
2025-03-22,109,18:10,2678.7353,0,2757.06985435,0,0,0,0,0,446.455883333,0,0,0,9815.11514489,108,2025-03-22,107,1.128,0,18:00,18:10,2757.06985435,0,0,0,0,1.1073712491,10311.1772375
2025-03-22,110,18:20,2771.0441,7.3413,2798.33800951,0,0,0,0,0,460.617133333,0,0,1.22355,9303.31833008,109,2025-03-22,108,1.1061,0,18:10,18:20,2798.33800951,0,0,0,0,1.0858688934,9815.11514489
2025-03-22,111,18:30,2793.53,0,2826.68804924,0,0,0,0,0,465.588333333,0,0,0,8785.99795971,110,2025-03-22,109,1.1081,0,18:20,18:30,2826.68804924,0,0,0,0,1.14153450847,9303.31833008
2025-03-22,112,18:40,2581.5607,0,2751.97400447,0,0,0,0,0,430.260116667,0,0,0,8307.93116341,111,2025-03-22,110,1.1049,0,18:30,18:40,2751.97400447,0,0,0,0,1.10279187934,8785.99795971
2025-03-22,113,18:50,2579.8835,0.5271,2712.38636072,0,0,0,0,0,429.892733333,0,0,0.08785,7830.27257082,112,2025-03-22,111,1.1248,0,18:40,18:50,2712.38636072,0,0,0,0,1.08211322589,8307.93116341
2025-03-22,114,19:00,2777.6,0,2736.00306875,0,0,0,0,0,462.933333333,0,0,0,7315.90220045,113,2025-03-22,112,1.1446,0,18:50,19:00,2736.00306875,0,0,0,0,1.10317843938,7830.27257082
2025-03-22,115,19:10,2719.3083,0,2730.36484946,0,5.5533061922,5.5533061922,0,0,447.664743808,0,0,0,6818.49692955,114,2025-03-22,113,1.1075,6.15028660786,19:00,19:10,2730.36484946,0,0,5.5533061922,5.5533061922,1.06645238671,7315.90220045
2025-03-22,116,19:20,2603.8094,0.0378,2751.64344212,0,458.607240353,458.607240353,0,24.6453070199,0,0,0,0.0063,6840.67770587,115,2025-03-22,114,1.0855,497.818159403,19:10,19:20,2751.64344212,0,0,458.607240353,458.607240353,1.03104595153,6818.49692955
2025-03-22,117,19:30,2601.2,0,2762.80429057,0,460.467381762,460.467381762,0,26.9340484291,0,0,0,0,6864.91834946,116,2025-03-22,115,1.0844,499.330828783,19:20,19:30,2762.80429057,0,0,460.467381762,460.467381762,1.02835073545,6840.67770587
2025-03-22,118,19:40,2669.2659,0,2738.82735182,0,0,0,0,0,444.87765,0,0,0,6370.60984946,117,2025-03-22,116,1.0496,0,19:30,19:40,2738.82735182,0,0,0,0,1.08420676042,6864.91834946
2025-03-22,119,19:50,2714.911,0.0027,2684.81843449,0,0,0,0,0,452.484716667,0,0,0.00045,5867.84905316,118,2025-03-22,117,1.0712,0,19:40,19:50,2684.81843449,0,0,0,0,1.10819444957,6370.60984946
2025-03-22,120,20:00,2691.82,0,2671.45102979,0,0,0,0,0,448.636666667,0,0,0,5369.36386797,119,2025-03-22,118,1.1374,0,19:50,20:00,2671.45102979,0,0,0,0,1.08904746139,5867.84905316
2025-03-22,121,20:10,2632.8635,0,2772.37283344,0,0,0,0,0,438.810583333,0,0,0,4881.79655316,120,2025-03-22,119,1.1398,0,20:00,20:10,2772.37283344,0,0,0,0,1.07930093635,5369.36386797
2025-03-22,122,20:20,2652.1905,0,2783.84819325,0,0,0,0,0,442.03175,0,0,0,4390.65016427,121,2025-03-22,120,1.139,0,20:10,20:20,2783.84819325,0,0,0,0,1.07197654563,4881.79655316
2025-03-22,123,20:30,2742.38,0,2729.29873932,0,0,0,0,0,457.063333333,0,0,0,3882.80201612,122,2025-03-22,121,1.1642,0,20:20,20:30,2729.29873932,0,0,0,0,1.08313559502,4390.65016427
2025-03-22,124,20:40,2776.7646,0,2826.87640707,0,0,0,0,0,462.7941,0,0,0,3368.58634946,123,2025-03-22,122,1.1549,0,20:30,20:40,2826.87640707,0,0,0,0,1.15039399104,3882.80201612
2025-03-22,125,20:50,2720.8813,0,2898.76807435,0,483.128012392,483.128012392,0,29.6477957256,0,0,0,0,3395.26936561,124,2025-03-22,123,1.0024,484.287519622,20:40,20:50,2898.76807435,0,0,483.128012392,483.128012392,1.00921826004,3368.58634946
2025-03-22,126,21:00,2659.33,0,2804.11245496,0,467.352075827,467.352075827,0,24.1304091603,0,0,0,0,3416.98673385,125,2025-03-22,124,0.7936,370.890607376,20:50,21:00,2804.11245496,0,0,467.352075827,467.352075827,0.757486427892,3395.26936561
2025-03-22,127,21:10,2716.63,0,2805.17671067,0,467.529451778,467.529451778,0,14.7577851118,0,0,0,0,3430.26874045,126,2025-03-22,125,0.746,348.776971027,21:00,21:10,2805.17671067,0,0,467.529451778,467.529451778,0.726694965274,3416.98673385
2025-03-22,128,21:20,2802.5239,0,2863.58507495,0,477.264179158,477.264179158,0,10.1768624913,0,0,0,0,3439.4279167,127,2025-03-22,126,0.7759,370.309276609,21:10,21:20,2863.58507495,0,0,477.264179158,477.264179158,0.775382899375,3430.26874045
2025-03-22,129,21:30,2849,0,2930.33426269,0,488.389043781,488.389043781,0,13.5557104481,0,0,0,0,3451.6280561,128,2025-03-22,127,0.799,390.222845981,21:20,21:30,2930.33426269,0,0,488.389043781,488.389043781,0.783352314564,3439.4279167
2025-03-22,130,21:40,2834.9436,0,3048.05801329,0,508.009668882,508.009668882,0,35.5190688816,0,0,0,0,3483.59521809,129,2025-03-22,128,0.7838,398.177978469,21:30,21:40,3048.05801329,0,0,508.009668882,508.009668882,0.845503451567,3451.6280561
2025-03-22,131,21:50,2629.7148,0,2767.08856778,0,461.181427964,461.181427964,0,22.895627964,0,0,0,0,3504.20128326,130,2025-03-22,129,0.6095,281.090080344,21:40,21:50,2767.08856778,0,0,461.181427964,461.181427964,0.647807339084,3483.59521809
2025-03-22,132,22:00,2320.05,0,2378.59570646,0,1229.76595108,1220.00833333,9.75761774369,833.333333333,0,0,0,0,4254.20128326,131,2025-03-22,130,0.3671,451.44708064,21:50,22:00,2378.59570646,0,0,1229.76595108,1229.76595108,0.314510931445,3504.20128326
2025-03-22,133,22:10,2186.4053,0,2404.30125878,0,1234.0502098,1197.73421667,36.3159931302,833.333333333,0,0,0,0,5004.20128326,132,2025-03-22,131,0.2993,369.351227792,22:00,22:10,2404.30125878,0,0,1234.0502098,1234.0502098,0.291260933178,4254.20128326
2025-03-22,134,22:20,2293.0684,0,2418.58546597,0,1236.43091099,1215.5114,20.9195109949,833.333333333,0,0,0,0,5754.20128326,133,2025-03-22,132,0.3201,395.781534609,22:10,22:20,2418.58546597,0,0,1236.43091099,1236.43091099,0.32587737829,5004.20128326
2025-03-22,135,22:30,2451.16,0,2365.59546911,0,1227.59924485,1227.59924485,0,819.072578184,0,0,0,0,6491.36660363,134,2025-03-22,133,0.3521,432.237694112,22:20,22:30,2365.59546911,0,0,1227.59924485,1227.59924485,0.317674350338,5754.20128326
2025-03-22,136,22:40,2396.3096,0,2457.65436737,0,1242.94239456,1232.71826667,10.2241278949,833.333333333,0,0,0,0,7241.36660363,135,2025-03-22,134,0.3933,488.849243781,22:30,22:40,2457.65436737,0,0,1242.94239456,1242.94239456,0.328923271995,6491.36660363
2025-03-22,137,22:50,2337.3433,0,2512.17058579,0,1252.02843097,1222.89055,29.1378809653,833.333333333,0,0,0,0,7991.36660363,136,2025-03-22,135,0.3728,466.756199064,22:40,22:50,2512.17058579,0,0,1252.02843097,1252.02843097,0.324655235729,7241.36660363
2025-03-22,138,23:00,2363.74,0,2387.86682936,0,1231.31113823,1227.29,4.02113822648,833.333333333,0,0,0,0,8741.36660363,137,2025-03-22,136,0.2959,364.344965801,22:50,23:00,2387.86682936,0,0,1231.31113823,1231.31113823,0.306263001437,7991.36660363
2025-03-22,139,23:10,2385.8885,0,2385.37907429,0,1230.89651238,1230.89651238,0,833.248429048,0,0,0,0,9491.29018977,138,2025-03-22,137,0.255,313.878610657,23:00,23:10,2385.37907429,0,0,1230.89651238,1230.89651238,0.323887147403,8741.36660363
2025-03-22,140,23:20,2539.6334,0,2419.5651303,0,553.262202325,553.262202325,0,129.989968991,0,0,0,0,9608.28116186,139,2025-03-22,138,0.3103,171.677261381,23:10,23:20,2419.5651303,0,0,553.262202325,553.262202325,0.330436308501,9491.29018977
2025-03-22,141,23:30,2623.91,0,2429.46403351,0,1238.24400558,1238.24400558,0,800.925672251,0,0,0,0,10329.1142669,140,2025-03-22,139,0.3833,474.618927341,23:20,23:30,2429.46403351,0,0,1238.24400558,1238.24400558,0.312206416678,9608.28116186
2025-03-22,142,23:40,2365.6529,0,2464.38890013,0,1244.06481669,917.481853457,326.582963232,523.206370124,0,0,0,0,10800,141,2025-03-22,140,0.3372,419.498656188,23:30,23:40,2464.38890013,0,0,1244.06481669,1244.06481669,0.298804555458,10329.1142669
2025-03-22,143,23:50,2722.5157,0,2740.34208584,0,456.723680973,453.752616667,2.97106430609,0,0,0,0,0,10800,142,2025-03-22,141,0.3112,142.132409519,23:40,23:50,2740.34208584,0,0,456.723680973,456.723680973,0.335876918828,10800
2025-03-22,144,00:00+1,3487.42,0,3316.28865221,0,552.714775368,552.714775368,0,0,28.5218912988,0,0,0,10768.3090097,143,2025-03-22,142,0.3593,198.59041879,23:50,00:00+1,3316.28865221,0,0,552.714775368,552.714775368,0.413911155822,10800
2025-03-23,1,00:10,3450.6115,0,3424.63116824,0,421.824184352,421.824184352,0,0,153.277732315,0,0,0,10598.0004182,0,2025-03-22,143,0.3978,167.801660535,00:00,00:10,2530.94510611,0,0,421.824184352,421.824184352,0.445850010831,10768.3090097
2025-03-23,2,00:20,3267.5474,0,3366.57574348,0,561.095957247,561.095957247,0,16.504723914,0,0,0,0,10612.8546697,1,2025-03-23,0,0.4168,233.864794981,00:10,00:20,3366.57574348,0,0,561.095957247,561.095957247,0.422716787532,10598.0004182
2025-03-23,3,00:30,3367.92,0,3413.32898557,0,568.888164262,568.888164262,0,7.56816426168,0,0,0,0,10619.6660176,2,2025-03-23,1,0.424,241.208581647,00:20,00:30,3413.32898557,0,0,568.888164262,568.888164262,0.424910139938,10612.8546697
2025-03-23,4,00:40,3507.2084,0,3434.25980062,0,572.376633437,572.376633437,0,0,12.158099896,0,0,0,10606.1570177,3,2025-03-23,2,0.4252,243.374544538,00:30,00:40,3434.25980062,0,0,572.376633437,572.376633437,0.42067037899,10619.6660176
2025-03-23,5,00:50,3578.1579,0,3494.30981588,0,582.384969313,582.384969313,0,0,13.974680687,0,0,0,10590.6295947,4,2025-03-23,3,0.4238,246.814749995,00:40,00:50,3494.30981588,0,0,582.384969313,582.384969313,0.42136191378,10606.1570177
2025-03-23,6,01:00,3536.89,0,3576.84544449,0,596.140907416,596.140907416,0,6.65924074902,0,0,0,0,10596.6229114,5,2025-03-23,4,0.4104,244.656228403,00:50,01:00,3576.84544449,0,0,596.140907416,596.140907416,0.432659834324,10590.6295947
2025-03-23,7,01:10,3417.1036,0,3540.01408172,0,590.002346954,590.002346954,0,20.4850802874,0,0,0,0,10615.0594836,6,2025-03-23,5,0.3794,223.846890434,01:00,01:10,3540.01408172,0,0,590.002346954,590.002346954,0.445020438293,10596.6229114
2025-03-23,8,01:20,3461.4616,0,3535.84335,0,589.307225,589.307225,0,12.3969583335,0,0,0,0,10626.2167461,7,2025-03-23,6,0.386,227.47258885,01:10,01:20,3535.84335,0,0,589.307225,589.307225,0.440924043459,10615.0594836
2025-03-23,9,01:30,3595.09,0,3579.52640843,0,596.587734739,596.587734739,0,0,2.59393192776,0,0,0,10623.3345995,8,2025-03-23,7,0.4289,255.87647943,01:20,01:30,3579.52640843,0,0,596.587734739,596.587734739,0.424944061683,10626.2167461
2025-03-23,10,01:40,3509.0564,0,3505.53147248,0,584.255245413,584.255245413,0,0,0.587487920627,0,0,0,10622.6818352,9,2025-03-23,8,0.4501,262.97328596,01:30,01:40,3505.53147248,0,0,584.255245413,584.255245413,0.433307066718,10623.3345995
2025-03-23,11,01:50,3425.1581,0,3462.81185169,0,577.135308615,577.135308615,0,6.27562528168,0,0,0,0,10628.3298979,10,2025-03-23,9,0.452,260.865159494,01:40,01:50,3462.81185169,0,0,577.135308615,577.135308615,0.441633891055,10622.6818352
2025-03-23,12,02:00,3446.87,0,3491.81350664,0,581.968917773,581.968917773,0,7.49058443946,0,0,0,0,10635.0714239,11,2025-03-23,10,0.4477,260.547484487,01:50,02:00,3491.81350664,0,0,581.968917773,581.968917773,0.437192028955,10628.3298979
2025-03-23,13,02:10,3468.3177,0,3560.69049432,0,593.44841572,593.44841572,0,15.3954657198,0,0,0,0,10648.9273431,12,2025-03-23,11,0.4435,263.194372372,02:00,02:10,3560.69049432,0,0,593.44841572,593.44841572,0.441966798444,10635.0714239
2025-03-23,14,02:20,3559.5393,0,3580.03024357,0,596.671707261,596.671707261,0,3.41515726111,0,0,0,0,10652.0009846,13,2025-03-23,12,0.4398,262.416216853,02:10,02:20,3580.03024357,0,0,596.671707261,596.671707261,0.455568898647,10648.9273431
2025-03-23,15,02:30,3679.15,0,3520.82447867,0,586.804079779,586.804079779,0,0,26.3875868879,0,0,0,10622.6814436,14,2025-03-23,13,0.442,259.367403262,02:20,02:30,3520.82447867,0,0,586.804079779,586.804079779,0.46681778681,10652.0009846
2025-03-23,16,02:40,3681.3606,0,3473.95781103,0,578.992968504,578.992968504,0,0,34.5671314958,0,0,0,10584.2735197,15,2025-03-23,14,0.4555,263.731297154,02:30,02:40,3473.95781103,0,0,578.992968504,578.992968504,0.455641990661,10622.6814436
2025-03-23,17,02:50,3631.7104,0,3497.60198396,0,582.933663993,582.933663993,0,0,22.3514026739,0,0,0,10559.4386279,16,2025-03-23,15,0.4614,268.965592566,02:40,02:50,3497.60198396,0,0,582.933663993,582.933663993,0.458167170717,10584.2735197
2025-03-23,18,03:00,3562.28,0,3603.01097034,0,600.50182839,600.50182839,0,6.78849505704,0,0,0,0,10565.5482734,17,2025-03-23,16,0.4411,264.881356503,02:50,03:00,3603.01097034,0,0,600.50182839,600.50182839,0.468714766445,10559.4386279
2025-03-23,19,03:10,3479.3672,0,3689.91095264,0,614.985158773,614.985158773,0,35.0906254401,0,0,0,0,10597.1298363,18,2025-03-23,17,0.4038,248.331007113,03:00,03:10,3689.91095264,0,0,614.985158773,614.985158773,0.446752261918,10565.5482734
2025-03-23,20,03:20,3618.5746,0,3657.05602113,0,609.509336855,609.509336855,0,6.41357018851,0,0,0,0,10602.9020495,19,2025-03-23,18,0.4359,265.685119935,03:10,03:20,3657.05602113,0,0,609.509336855,609.509336855,0.433311901294,10597.1298363
2025-03-23,21,03:30,3826.07,0,3590.53720489,0,598.422867482,598.422867482,0,0,39.2554658514,0,0,0,10559.2848652,20,2025-03-23,19,0.5,299.211433741,03:20,03:30,3590.53720489,0,0,598.422867482,598.422867482,0.445891342906,10602.9020495
2025-03-23,22,03:40,3685.8627,0,3607.88904647,0,601.314841079,601.314841079,0,0,12.9956089213,0,0,0,10544.8452998,21,2025-03-23,20,0.4707,283.038895696,03:30,03:40,3607.88904647,0,0,601.314841079,601.314841079,0.45649923951,10559.2848652
2025-03-23,23,03:50,3513.1234,0,3638.35486296,0,606.392477161,606.392477161,0,20.871910494,0,0,0,0,10563.6300192,22,2025-03-23,21,0.436,264.387120042,03:40,03:50,3638.35486296,0,0,606.392477161,606.392477161,0.444259914959,10544.8452998
2025-03-23,24,04:00,3557.81,0,3627.8866565,0,604.647776083,604.647776083,0,11.6794427501,0,0,0,0,10574.1415177,23,2025-03-23,22,0.454,274.510090342,03:50,04:00,3627.8866565,0,0,604.647776083,604.647776083,0.433972974083,10563.6300192
2025-03-23,25,04:10,3743.9665,0.0017,3538.48084255,0,589.746807092,589.746807092,0,0,34.247326241,0,0,0.000283333333333,10536.088933,24,2025-03-23,23,0.4878,287.6784925,04:00,04:10,3538.48084255,0,0,589.746807092,589.746807092,0.454834489783,10574.1415177
2025-03-23,26,04:20,3724.7642,0,3491.38974018,0,581.89829003,581.89829003,0,0,38.895743303,0,0,0,10492.8714404,25,2025-03-23,24,0.4663,271.339172641,04:10,04:20,3491.38974018,0,0,581.89829003,581.89829003,0.449225200541,10536.088933
2025-03-23,27,04:30,3568.2,0,3537.09448612,0,589.515747686,589.515747686,0,0,5.18425231356,0,0,0,10487.1111601,26,2025-03-23,25,0.4077,240.345570332,04:20,04:30,3537.09448612,0,0,589.515747686,589.515747686,0.426068622317,10492.8714404
2025-03-23,28,04:40,3652.6995,0.0242,3633.32284798,0,605.553807997,605.553807997,0,0,3.22540866965,0,0,0.00403333333333,10483.5273726,27,2025-03-23,26,0.4023,243.614296957,04:30,04:40,3633.32284798,0,0,605.553807997,605.553807997,0.458632559086,10487.1111601
2025-03-23,29,04:50,3695.8505,0,3649.32089783,0,608.220149638,608.220149638,0,0,7.75493369577,0,0,0,10474.9107797,28,2025-03-23,27,0.4372,265.913849422,04:40,04:50,3649.32089783,0,0,608.220149638,608.220149638,0.460006545503,10483.5273726
2025-03-23,30,05:00,3620.21,0,3541.23040457,0,590.205067428,590.205067428,0,0,13.1632659049,0,0,0,10460.2849286,29,2025-03-23,28,0.4607,271.907474564,04:50,05:00,3541.23040457,0,0,590.205067428,590.205067428,0.423831241158,10474.9107797
2025-03-23,31,05:10,3655.9561,0.3367,3481.58350899,0,580.263918165,580.263918165,0,0,29.0059818346,0,0,0.0561166666667,10428.0560599,30,2025-03-23,29,0.438,254.155596156,05:00,05:10,3481.58350899,0,0,580.263918165,580.263918165,0.438880765849,10460.2849286
2025-03-23,32,05:20,3757.2802,0,3546.80613892,0,591.134356487,591.134356487,0,0,35.0790101794,0,0,0,10389.079382,31,2025-03-23,30,0.4438,262.345427409,05:10,05:20,3546.80613892,0,0,591.134356487,591.134356487,0.460722234985,10428.0560599
2025-03-23,33,05:30,3699.05,0,3572.44535558,0,595.407559263,595.407559263,0,0,21.1007740704,0,0,0,10365.6340774,32,2025-03-23,31,0.4467,265.968556723,05:20,05:30,3572.44535558,0,0,595.407559263,595.407559263,0.44111167737,10389.079382
2025-03-23,34,05:40,3426.3039,4.689,3466.98490619,0,796.929050192,796.929050192,0,226.659900192,0,0,0,0.7815,10569.6279876,33,2025-03-23,32,0.3912,311.758644435,05:30,05:40,3466.98490619,0,0,796.929050192,796.929050192,0.38843393613,10365.6340774
2025-03-23,35,05:50,3922.9107,0,3969.05957853,0,661.509929755,661.509929755,0,7.69147975509,0,0,0,0,10576.5503194,34,2025-03-23,33,0.6363,420.918768303,05:40,05:50,3969.05957853,0,0,661.509929755,661.509929755,0.596503054382,10569.6279876
2025-03-23,36,06:00,4917.21,11.625,4785.80781242,0,0,0,0,0,817.5975,0,0,1.9375,9668.10865273,35,2025-03-23,34,1.0318,0,05:50,06:00,4785.80781242,0,0,0,0,0.947799284564,10576.5503194
2025-03-23,37,06:10,5089.1019,182.9627,4755.22351448,184.427515179,0,0,0,0,817.689866667,0,0,30.4937833333,8759.56435643,36,2025-03-23,35,1.033,0,06:00,06:10,4755.22351448,184.427515179,0,0,0,0.998854521375,9668.10865273
2025-03-23,38,06:20,4963.7033,444.575,4599.32084509,429.847109434,0,0,0,0,753.18805,0,0,74.0958333333,7922.68874532,37,2025-03-23,36,0.9552,0,06:10,06:20,4599.32084509,429.847109434,0,0,0,0.944940883174,8759.56435643
2025-03-23,39,06:30,4938.03,722.2875,4781.5979859,719.210113102,0,0,0,0,702.62375,0,0,120.38125,7141.99568976,38,2025-03-23,37,0.9704,0,06:20,06:30,4781.5979859,719.210113102,0,0,0,0.922348450155,7922.68874532
2025-03-23,40,06:40,4866.8287,990.4178,4755.95080132,1013.31099269,0,0,0,0,646.068483333,0,0,165.069633333,6424.14181939,39,2025-03-23,38,0.9354,0,06:30,06:40,4755.95080132,1013.31099269,0,0,0,0.901969012149,7141.99568976
2025-03-23,41,06:50,4849.9397,1307.4091,4621.16208207,1307.66900173,0,0,0,0,590.421766667,0,0,217.901516667,5768.11763421,40,2025-03-23,39,0.9015,0,06:40,06:50,4621.16208207,1307.66900173,0,0,0,0.894918617689,6424.14181939
2025-03-23,42,07:00,4825.19,1677.3,4661.15492537,1622.34921669,98.6286299474,98.6286299474,0,0,426.019703386,0,0,279.55,5294.76240822,41,2025-03-23,40,0.8682,85.6293765204,06:50,07:00,4661.15492537,1622.34921669,0,98.6286299474,98.6286299474,0.880589038387,5768.11763421
2025-03-23,43,07:10,4644.5765,2042.9806,4903.56208028,1977.40164143,487.693406475,487.693406475,0,54.0940898085,0,0,0,340.496766667,5343.44708905,42,2025-03-23,41,0.7764,378.645160787,07:00,07:10,4903.56208028,1977.40164143,0,487.693406475,487.693406475,0.839884382206,5294.76240822
2025-03-23,44,07:20,4706.3784,2400.8395,4914.98706272,2303.55935357,435.237951524,435.237951524,0,50.9814681906,0,0,0,400.139916667,5389.33041042,43,2025-03-23,42,0.7431,323.425321777,07:10,07:20,4914.98706272,2303.55935357,0,435.237951524,435.237951524,0.832908502154,5343.44708905
2025-03-23,45,07:30,4861.31,2705.025,4660.21427119,2632.07604478,338.023037735,338.023037735,0,0,21.3577955979,0,0,450.8375,5365.59952642,44,2025-03-23,43,0.7486,253.044046049,07:20,07:30,4660.21427119,2632.07604478,0,338.023037735,338.023037735,0.80443608061,5389.33041042
2025-03-23,46,07:40,4699.7854,2905.8599,4593.46037012,2972.00314969,1103.5762034,1103.5762034,0,804.588620072,0,0,0,484.309983333,6089.72928449,45,2025-03-23,44,0.6927,764.447236099,07:30,07:40,4593.46037012,2972.00314969,0,1103.5762034,1103.5762034,0.703716572765,5365.59952642
2025-03-23,47,07:50,5430.2926,3156.088,5431.21473239,3298.89982097,0,0,0,0,379.0341,0,0,526.014666667,5668.58028449,46,2025-03-23,45,0.8602,0,07:40,07:50,5431.21473239,3298.89982097,0,0,0,0.895570937561,6089.72928449
2025-03-23,48,08:00,6685.6,3476.85,6512.39976062,3602.69561858,0,0,0,0,534.791666667,0,0,579.475,5074.36732153,47,2025-03-23,46,1.1653,0,07:50,08:00,6512.39976062,3602.69561858,0,0,0,1.21435398706,5668.58028449
2025-03-23,49,08:10,6763.6612,3776.3018,6574.65479058,3849.05232405,0,0,0,0,497.893233333,0,0,629.383633333,4521.15261782,48,2025-03-23,47,1.1997,0,08:00,08:10,6574.65479058,3849.05232405,0,0,0,1.21404477221,5074.36732153
2025-03-23,50,08:20,6530.4784,4227.7208,6437.92927591,4171.84604933,0,0,0,0,383.792933333,0,0,704.620133333,4094.71602523,49,2025-03-23,48,1.1311,0,08:10,08:20,6437.92927591,4171.84604933,0,0,0,1.13328677041,4521.15261782
2025-03-23,51,08:30,6518.87,4748.325,6551.1238849,4550.49803861,0,0,0,0,295.090833333,0,0,791.3875,3766.83732153,50,2025-03-23,49,1.0949,0,08:20,08:30,6551.1238849,4550.49803861,0,0,0,1.12655501938,4094.71602523
2025-03-23,52,08:40,6409.6637,5039.8036,6533.6521083,4798.81278966,0,0,0,0,228.310016667,0,0,839.967266667,3513.15952523,51,2025-03-23,50,1.0645,0,08:30,08:40,6533.6521083,4798.81278966,0,0,0,1.10404053009,3766.83732153
2025-03-23,53,08:50,6445.0668,5231.9848,6474.15878871,5050.6991518,0,0,0,0,202.180333333,0,0,871.997466667,3288.51471041,52,2025-03-23,51,1.0898,0,08:40,08:50,6474.15878871,5050.6991518,0,0,0,1.05050497352,3513.15952523
2025-03-23,54,09:00,6590.58,5402.8125,6413.38006962,5340.30484,0,0,0,0,197.96125,0,0,900.46875,3068.55776597,53,2025-03-23,52,1.1164,0,08:50,09:00,6413.38006962,5340.30484,0,0,0,1.00773224616,3288.51471041
2025-03-23,55,09:10,6526.8877,5488.9249,6427.30980449,5607.68170298,0,0,0,0,172.9938,0,0,914.820816667,2876.34243264,54,2025-03-23,53,1.0351,0,09:00,09:10,6427.30980449,5607.68170298,0,0,0,1.04559089238,3068.55776597
2025-03-23,56,09:20,6493.5843,5514.0559,6477.20564299,5897.43646057,0,0,0,0,163.254733333,0,0,919.009316667,2694.94828449,55,2025-03-23,54,1.0087,0,09:10,09:20,6477.20564299,5897.43646057,0,0,0,1.01722234528,2876.34243264
2025-03-23,57,09:30,6559.42,5579.7,6480.72166359,6105.85384778,0,0,0,0,163.286666667,0,0,929.95,2513.51865486,56,2025-03-23,55,1.0677,0,09:20,09:30,6480.72166359,6105.85384778,0,0,0,0.940472317713,2694.94828449
2025-03-23,58,09:40,6546.5366,5791.0234,6451.14224572,6225.79460046,0,0,0,0,125.918866667,0,0,965.170566667,2373.60880301,57,2025-03-23,56,1.0687,0,09:30,09:40,6451.14224572,6225.79460046,0,0,0,0.950774825699,2513.51865486
2025-03-23,59,09:50,6543.9909,6054.476,6451.69988279,6410.45623443,0,0,0,0,81.5858166667,0,0,1009.07933333,2282.9578956,58,2025-03-23,57,0.9858,0,09:40,09:50,6451.69988279,6410.45623443,0,0,0,0.956770253448,2373.60880301
2025-03-23,60,10:00,6534.66,6303.6375,6492.52527771,6639.11740524,0,0,0,0,38.50375,0,0,1050.60625,2240.17595116,59,2025-03-23,58,0.9078,0,09:50,10:00,6492.52527771,6639.11740524,0,0,0,0.933548681902,2282.9578956
2025-03-23,61,10:10,6402.5536,6552.7244,6502.29586136,6838.5981001,0,0,0,25.0284666667,0,0,0,1092.12073333,2262.70157116,60,2025-03-23,59,0.9431,0,10:00,10:10,6502.29586136,6838.5981001,0,0,0,0.957932993213,2240.17595116
2025-03-23,62,10:20,6332.7993,6825.8573,6468.30365044,7006.32118784,0,0,0,82.1763333333,0,0,0,1137.64288333,2336.66027116,61,2025-03-23,60,0.9537,0,10:10,10:20,6468.30365044,7006.32118784,0,0,0,0.927733759398,2262.70157116
2025-03-23,63,10:30,6385.12,7079.8875,6421.15371016,7195.81336487,0,0,0,115.794583333,0,0,0,1179.98125,2440.87539616,62,2025-03-23,61,0.9201,0,10:20,10:30,6421.15371016,7195.81336487,0,0,0,0.873471268364,2336.66027116
2025-03-23,64,10:40,6444.1779,7204.8719,6439.88225603,7391.90303951,0,0,0,126.782333333,0,0,0,1200.81198333,2554.97949616,63,2025-03-23,62,0.9354,0,10:30,10:40,6439.88225603,7391.90303951,0,0,0,0.935660317285,2440.87539616
2025-03-23,65,10:50,6500.264,7111.1629,6390.79995449,7582.25972566,0,0,0,101.816483333,0,0,0,1185.19381667,2646.61433116,64,2025-03-23,63,0.8306,0,10:40,10:50,6390.79995449,7582.25972566,0,0,0,0.798016119166,2554.97949616
2025-03-23,66,11:00,6467.29,6985.4625,6326.90163534,7687.07129429,0,0,0,86.3620833333,0,0,0,1164.24375,2724.34020616,65,2025-03-23,64,0.6244,0,10:50,11:00,6326.90163534,7687.07129429,0,0,0,0.510641992568,2646.61433116
2025-03-23,67,11:10,6271.4093,7146.7738,6305.58476715,7740.62346057,0,0,0,145.894083333,0,0,0,1191.12896667,2855.64488116,66,2025-03-23,65,0.5339,0,11:00,11:10,6305.58476715,7740.62346057,0,0,0,0.486972461248,2724.34020616
2025-03-23,68,11:20,6284.6894,7375.2026,6341.58610617,7820.14935834,0,0,0,181.7522,0,0,0,1229.20043333,3019.22186116,67,2025-03-23,66,0.5479,0,11:10,11:20,6341.58610617,7820.14935834,0,0,0,0.505660194919,2855.64488116
2025-03-23,69,11:30,6466.18,7631.025,6399.8167438,7926.64083981,578.862650665,578.862650665,0,773.003483998,0,0,0,1271.8375,3714.92499675,68,2025-03-23,67,0.5601,324.220970637,11:20,11:30,6399.8167438,7926.64083981,0,578.862650665,578.862650665,0.453091103707,3019.22186116
2025-03-23,70,11:40,6376.0004,8045.0799,6404.65430401,8035.29324609,269.139236015,269.139236015,0,547.319152681,0,0,0,1340.84665,4207.51223417,69,2025-03-23,68,0.4852,130.586357314,11:30,11:40,6404.65430401,8035.29324609,0,269.139236015,269.139236015,0.464553025219,3714.92499675
2025-03-23,71,11:50,6082.1794,8184.1843,6274.55096777,8083.7107676,0,0,0,350.33415,0,0,0,1364.03071667,4522.81296917,70,2025-03-23,69,0.4552,0,11:40,11:50,6274.55096777,8083.7107676,0,0,0,0.472437704485,4207.51223417
2025-03-23,72,12:00,5808.96,8043.9375,6038.74206438,8058.79916032,496.657150676,460.837083333,35.8200673422,833.333333333,0,0,0,1340.65625,5272.81296917,71,2025-03-23,70,0.4776,237.203455163,11:50,12:00,6038.74206438,8058.79916032,0,496.657150676,496.657150676,0.444652351988,4522.81296917
2025-03-23,73,12:10,5757.7239,8018.9778,5933.06884407,7996.60133654,489.411251255,456.457683333,32.9535679214,833.333333333,0,0,0,1336.4963,6022.81296917,72,2025-03-23,71,0.4422,216.417655305,12:00,12:10,5933.06884407,7996.60133654,0,489.411251255,489.411251255,0.444066992923,5272.81296917
2025-03-23,74,12:20,5932.3656,7828.9836,5982.52662045,7898.17962894,514.057831918,514.057831918,0,830.160831918,0,0,0,1304.8306,6769.95771789,73,2025-03-23,72,0.4711,242.172644617,12:10,12:20,5982.52662045,7898.17962894,0,514.057831918,514.057831918,0.452596298718,6022.81296917
2025-03-23,75,12:30,6009.63,7519.2,6012.74755419,7753.5302278,543.202887732,543.202887732,0,794.797887732,0,0,0,1253.2,7485.27581685,74,2025-03-23,73,0.513,278.663081407,12:20,12:30,6012.74755419,7753.5302278,0,543.202887732,543.202887732,0.453576211386,6769.95771789
2025-03-23,76,12:40,5695.5426,7454.5374,5945.22283184,7586.37915445,559.807279564,540.167533333,19.6397462309,833.333333333,0,0,0,1242.4229,8235.27581685,75,2025-03-23,74,0.423,236.798479256,12:30,12:40,5945.22283184,7586.37915445,0,559.807279564,559.807279564,0.439910382615,7485.27581685
2025-03-23,77,12:50,5866.2191,7302.4076,6058.71693786,7585.02036449,0,0,0,239.36475,0,0,0,1217.06793333,8450.70409185,76,2025-03-23,75,0.5891,0,12:40,12:50,6058.71693786,7585.02036449,0,0,0,0.579953492538,8235.27581685
2025-03-23,78,13:00,6394.05,7147.875,6259.30843829,7643.13457243,0,0,0,125.6375,0,0,0,1191.3125,8563.77784185,77,2025-03-23,76,0.9244,0,12:50,13:00,6259.30843829,7643.13457243,0,0,0,0.833131376355,8450.70409185
2025-03-23,79,13:10,6270.4014,7427.417,6292.93816735,7464.44318806,0,0,0,192.835933333,0,0,0,1237.90283333,8737.33018185,78,2025-03-23,77,0.9245,0,13:00,13:10,6292.93816735,7464.44318806,0,0,0,0.904547114264,8563.77784185
2025-03-23,80,13:20,6126.7353,7619.8709,6288.66224874,7246.83555624,0,0,0,248.855933333,0,0,0,1269.97848333,8961.30052185,79,2025-03-23,78,0.8458,0,13:10,13:20,6288.66224874,7246.83555624,0,0,0,0.911003535321,8737.33018185
2025-03-23,81,13:30,6268.23,7568.3625,6311.64489079,7092.30740611,0,0,0,216.68875,0,0,0,1261.39375,9156.32039685,80,2025-03-23,79,0.8602,0,13:20,13:30,6311.64489079,7092.30740611,0,0,0,0.939174653611,8961.30052185
2025-03-23,82,13:40,6325.794,7595.5322,6265.93082717,6931.64865182,0,0,0,211.623033333,0,0,0,1265.92203333,9346.78112685,81,2025-03-23,80,0.8747,0,13:30,13:40,6265.93082717,6931.64865182,0,0,0,0.936249500711,9156.32039685
2025-03-23,83,13:50,6240.85,7518.7834,6244.25280871,6826.72516154,0,0,0,212.9889,0,0,0,1253.13056667,9538.47113685,82,2025-03-23,81,0.8669,0,13:40,13:50,6244.25280871,6826.72516154,0,0,0,0.928063176919,9346.78112685
2025-03-23,84,14:00,6160.19,7426.6125,6250.38351901,6680.84406982,0,0,0,211.070416667,0,0,0,1237.76875,9728.43451185,83,2025-03-23,82,0.8591,0,13:50,14:00,6250.38351901,6680.84406982,0,0,0,0.929927594173,9538.47113685
2025-03-23,85,14:10,6251.3098,7613.3493,6172.74361223,6432.65452663,0,0,0,227.006583333,0,0,0,1268.89155,9932.74043685,84,2025-03-23,83,0.878,0,14:00,14:10,6172.74361223,6432.65452663,0,0,0,0.940728478498,9728.43451185
2025-03-23,86,14:20,6297.0662,7601.7738,6158.60223085,6179.26466572,0,0,0,217.451266667,0,0,0,1266.9623,10128.4465769,85,2025-03-23,84,0.8758,0,14:10,14:20,6158.60223085,6179.26466572,0,0,0,0.938714998966,9932.74043685
2025-03-23,87,14:30,6222.08,7207.575,6219.80865297,5961.14269152,0,0,0,164.249166667,0,0,0,1201.2625,10276.2708269,86,2025-03-23,85,0.8878,0,14:20,14:30,6219.80865297,5961.14269152,0,0,0,0.959502598715,10128.4465769
2025-03-23,88,14:40,6160.961,6687.2062,6233.59246287,5794.96657291,0,0,0,87.7075333333,0,0,0,1114.53436667,10355.2076069,87,2025-03-23,86,0.9738,0,14:30,14:40,6233.59246287,5794.96657291,0,0,0,1.00485225921,10276.2708269
2025-03-23,89,14:50,6130.1839,6106.8525,6224.95357201,5587.8164266,0,0,0,0,3.88856666667,0,0,1017.80875,10350.8869772,88,2025-03-23,87,0.8959,0,14:40,14:50,6224.95357201,5587.8164266,0,0,0,0.915696632996,10355.2076069
2025-03-23,90,15:00,6088.02,5653.1625,6199.77026795,5353.0861693,141.114016442,141.114016442,0,68.6377664416,0,0,0,942.19375,10412.660967,89,2025-03-23,88,0.6895,97.2981143365,14:50,15:00,6199.77026795,5353.0861693,0,141.114016442,141.114016442,0.72358828831,10350.8869772
2025-03-23,91,15:10,6018.7797,5524.5511,6143.59243453,5097.90164674,448.855665625,448.855665625,5.68434188608e-14,366.484232292,0,0,0,920.758516667,10742.4967761,90,2025-03-23,89,0.6445,289.287476495,15:00,15:10,6143.59243453,5097.90164674,0,448.855665625,448.855665625,0.675929410741,10412.660967
2025-03-23,92,15:20,6100.9371,5295.1247,6194.19279138,4841.53221165,225.443429954,198.194537685,27.2488922686,63.8924710188,0,0,0,882.520783333,10800,91,2025-03-23,90,0.6777,152.78301248,15:10,15:20,6194.19279138,4841.53221165,0,225.443429954,225.443429954,0.748940607104,10742.4967761
2025-03-23,93,15:30,6239.74,4888.275,6298.36502631,4577.24535398,286.853278721,225.244166667,61.6091120545,0,0,0,0,814.7125,10800,92,2025-03-23,91,0.7026,201.543113629,15:20,15:30,6298.36502631,4577.24535398,0,286.853278721,286.853278721,0.801887064943,10800
2025-03-23,94,15:40,6153.9798,4604.4958,6224.14275455,4219.85240646,334.048391348,258.247333333,75.8010580147,0,0,0,0,767.415966667,10800,93,2025-03-23,92,0.7298,243.788516006,15:30,15:40,6224.14275455,4219.85240646,0,334.048391348,334.048391348,0.78478827618,10800
2025-03-23,95,15:50,6092.4019,4238.6083,6136.65304635,3903.02894102,372.270684222,308.9656,63.3050842216,0,0,0,0,706.434716667,10800,94,2025-03-23,93,0.778,289.626592324,15:40,15:50,6136.65304635,3903.02894102,0,372.270684222,372.270684222,0.78520686957,10800
2025-03-23,96,16:00,6156.99,3794.55,6092.32316983,3629.3107337,410.502072689,393.74,16.7620726893,0,0,0,0,632.425,10800,95,2025-03-23,94,0.821,337.022201678,15:50,16:00,6092.32316983,3629.3107337,0,410.502072689,410.502072689,0.82251615902,10800
2025-03-23,97,16:10,6192.347,3512.5662,6091.08554959,3303.94902444,464.522754191,446.630133333,17.8926208579,0,0,0,0,585.4277,10800,96,2025-03-23,95,0.8155,378.818306043,16:00,16:10,6091.08554959,3303.94902444,0,464.522754191,464.522754191,0.844450881145,10800
2025-03-23,98,16:20,6149.898,3224.4946,6128.37206508,2933.6740412,532.449670647,487.567233333,44.8824373135,0,0,0,0,537.415766667,10800,97,2025-03-23,96,0.8309,442.41243134,16:10,16:20,6128.37206508,2933.6740412,0,532.449670647,532.449670647,0.866057738262,10800
2025-03-23,99,16:30,6128.96,2901.9,6161.66456718,2650.81776826,585.141133154,537.843333333,47.297799821,0,0,0,0,483.65,10800,98,2025-03-23,97,0.8863,518.610586315,16:20,16:30,6161.66456718,2650.81776826,0,585.141133154,585.141133154,0.897009035321,10800
2025-03-23,100,16:40,6224.8277,2677.2003,6136.81599824,2333.8600818,633.825986074,591.271233333,42.5547527406,0,0,0,0,446.20005,10800,99,2025-03-23,98,0.9268,587.429923893,16:30,16:40,6136.81599824,2333.8600818,0,633.825986074,633.825986074,0.919527116471,10800
2025-03-23,101,16:50,6072.5268,2355.088,6126.12547503,1997.28601508,688.139909992,619.573133333,68.5667766587,0,0,0,0,392.514666667,10800,100,2025-03-23,99,0.922,634.464997013,16:40,16:50,6126.12547503,1997.28601508,0,688.139909992,688.139909992,0.94265097705,10800
2025-03-23,102,17:00,5830.75,1909.8,6167.7105759,1617.37116309,758.389902135,653.491666667,104.898235469,0,0,0,0,318.3,10800,101,2025-03-23,100,0.9173,695.671057229,16:50,17:00,6167.7105759,1617.37116309,0,758.389902135,758.389902135,0.971106650227,10800
2025-03-23,103,17:10,6044.3059,1517.4216,6111.38535329,1290.18799056,803.532893789,754.480716667,49.0521771221,0,0,0,0,252.9036,10800,102,2025-03-23,101,0.9872,793.247672748,17:00,17:10,6111.38535329,1290.18799056,0,803.532893789,803.532893789,0.979484924489,10800
2025-03-23,104,17:20,6266.1431,1148.193,6063.38267246,967.696421836,849.281041771,849.281041771,0,0,3.71064156186,0,0,191.3655,10795.8770649,103,2025-03-23,102,1.0491,890.980740922,17:10,17:20,6063.38267246,967.696421836,0,849.281041771,849.281041771,1.00179527051,10800
2025-03-23,105,17:30,6335.8,796.8,6106.5125162,675.319495923,905.198836714,905.198836714,0,0,17.967829953,0,0,132.8,10775.9128094,104,2025-03-23,103,1.0394,940.86367088,17:20,17:30,6106.5125162,675.319495923,0,905.198836714,905.198836714,1.05056286108,10795.8770649
2025-03-23,106,17:40,6389.2673,509.5025,6215.07356033,417.8467188,966.204473588,966.204473588,0,0,13.7563264124,0,0,84.9170833333,10760.6280023,105,2025-03-23,104,0.9984,964.65854643,17:30,17:40,6215.07356033,417.8467188,0,966.204473588,966.204473588,1.06926484107,10775.9128094
2025-03-23,107,17:50,5641.74,230.0933,5522.75359218,182.800838322,889.992125643,889.992125643,0,0,11.9489910238,0,0,38.3488833333,10747.3513456,106,2025-03-23,105,1.1316,1007.11508938,17:40,17:50,5522.75359218,182.800838322,0,889.992125643,889.992125643,1.13958985979,10760.6280023
2025-03-23,108,18:00,4431.53,13.2375,4357.47421205,0,726.245702008,726.245702008,0,0,10.1363813256,0,0,2.20625,10736.0886997,107,2025-03-23,106,1.3252,962.420804301,17:50,18:00,4357.47421205,0,0,726.245702008,726.245702008,1.25614330267,10747.3513456
2025-03-23,109,18:10,4052.2956,0,4210.86816426,0,701.81136071,701.81136071,0,26.4287607104,0,0,0,0,10759.8745843,108,2025-03-23,107,1.2566,881.896155869,18:00,18:10,4210.86816426,0,0,701.81136071,701.81136071,1.26358374971,10736.0886997
2025-03-23,110,18:20,4192.0015,6.4551,4376.30835868,0,729.384726446,729.384726446,0,31.7936597795,0,0,0,1.07585,10788.4888781,109,2025-03-23,108,1.1933,870.374794068,18:10,18:20,4376.30835868,0,0,729.384726446,729.384726446,1.26218491933,10759.8745843
2025-03-23,111,18:30,4349.52,0,4378.1593208,0,0,0,0,0,724.92,0,0,0,9983.02221147,110,2025-03-23,109,1.2617,0,18:20,18:30,4378.1593208,0,0,0,0,1.27423764661,10788.4888781
2025-03-23,112,18:40,4349.0284,0,4374.86188865,0,729.143648108,729.143648108,0,4.30558144173,0,0,0,0,9986.89723476,111,2025-03-23,110,1.3186,961.448814396,18:30,18:40,4374.86188865,0,0,729.143648108,729.143648108,1.26496430655,9983.02221147
2025-03-23,113,18:50,4392.5491,0.4635,4409.30380549,0,0,0,0,0,732.014266667,0,0,0.07725,9173.54804958,112,2025-03-23,111,1.312,0,18:40,18:50,4409.30380549,0,0,0,0,1.26981612664,9986.89723476
2025-03-23,114,19:00,4448.62,0,4386.35151365,0,0,0,0,0,741.436666667,0,0,0,8349.72953106,113,2025-03-23,112,1.2725,0,18:50,19:00,4386.35151365,0,0,0,0,1.28445961698,9173.54804958
2025-03-23,115,19:10,4304.0602,0,4270.07922827,0,0,0,0,0,717.343366667,0,0,0,7552.68134588,114,2025-03-23,113,1.2704,0,19:00,19:10,4270.07922827,0,0,0,0,1.26915122988,8349.72953106
2025-03-23,116,19:20,4299.7723,0.0333,4142.40568619,0,690.400947698,690.400947698,0,0,26.2222189688,0,0,0.00555,7523.54554702,115,2025-03-23,114,1.3072,902.492118831,19:10,19:20,4142.40568619,0,0,690.400947698,690.400947698,1.26552849808,7552.68134588
2025-03-23,117,19:30,4444.77,0,4187.15109752,0,0,0,0,0,740.795,0,0,0,6700.43999147,116,2025-03-23,115,1.3289,0,19:20,19:30,4187.15109752,0,0,0,0,1.27218229942,7523.54554702
2025-03-23,118,19:40,4413.6616,0,4350.38860136,0,725.064766893,725.064766893,0,0,10.5454997732,0,0,0,6688.7227695,117,2025-03-23,116,1.2763,925.400161986,19:30,19:40,4350.38860136,0,0,725.064766893,725.064766893,1.25199775416,6700.43999147
2025-03-23,119,19:50,4421.0247,0.0024,4364.22981671,0,727.371636118,727.371636118,0,0,9.46541388182,0,0,0.0004,6678.20564296,118,2025-03-23,117,1.2222,888.993613664,19:40,19:50,4364.22981671,0,0,727.371636118,727.371636118,1.24870785085,6688.7227695
2025-03-23,120,20:00,4404.04,0,4223.87352398,0,280.282564638,280.282564638,0,0,453.724102029,0,0,0,6174.06775182,119,2025-03-23,118,1.215,340.543316035,19:50,20:00,4223.87352398,0,0,280.282564638,280.282564638,1.26735269919,6678.20564296
2025-03-23,121,20:10,4117.3271,0,4269.22198817,0,0,0,0,0,686.221183333,0,0,0,5411.59977034,120,2025-03-23,119,1.2417,0,20:00,20:10,4269.22198817,0,0,0,0,1.27172240924,6174.06775182
2025-03-23,122,20:20,4210.6115,0,4328.6963025,0,0,0,0,0,701.768583333,0,0,0,4631.85689997,121,2025-03-23,120,1.275,0,20:10,20:20,4328.6963025,0,0,0,0,1.26796765137,5411.59977034
2025-03-23,123,20:30,4537.34,0,4308.5399818,0,0,0,0,0,756.223333333,0,0,0,3791.60875182,122,2025-03-23,121,1.2901,0,20:20,20:30,4308.5399818,0,0,0,0,1.27573839011,4631.85689997
2025-03-23,124,20:40,4322.5722,0,4268.51203517,0,0,0,0,0,720.4287,0,0,0,2991.13241848,123,2025-03-23,122,1.2609,0,20:30,20:40,4268.51203517,0,0,0,0,1.28927005824,3791.60875182
2025-03-23,125,20:50,4326.6455,0,4352.77984453,0,725.463307422,725.463307422,0,4.35572408879,0,0,0,0,2995.05257016,124,2025-03-23,123,1.1407,827.535994776,20:40,20:50,4352.77984453,0,0,725.463307422,725.463307422,1.15244715956,2991.13241848
2025-03-23,126,21:00,4573.14,0,4438.24599152,0,739.707665254,739.707665254,0,0,22.4823347462,0,0,0,2970.07219822,125,2025-03-23,124,0.9738,720.327324424,20:50,21:00,4438.24599152,0,0,739.707665254,739.707665254,0.94023375544,2995.05257016
2025-03-23,127,21:10,4308.3819,0,4314.91188762,0,719.15198127,719.15198127,0,1.08833126958,0,0,0,0,2971.05169637,126,2025-03-23,125,0.8813,633.788641093,21:00,21:10,4314.91188762,0,0,719.15198127,719.15198127,0.895653594539,2970.07219822
2025-03-23,128,21:20,4163.9474,0,4270.11465895,0,711.685776492,711.685776492,0,17.6945431585,0,0,0,0,2986.97678521,127,2025-03-23,126,0.9022,642.082907551,21:10,21:20,4270.11465895,0,0,711.685776492,711.685776492,0.923693221839,2971.05169637
2025-03-23,129,21:30,4377.55,0,4431.4049085,0,738.567484749,738.567484749,0,8.97581808266,0,0,0,0,2995.05502148,128,2025-03-23,127,0.9833,726.233407754,21:20,21:30,4431.4049085,0,0,738.567484749,738.567484749,0.947400851826,2986.97678521
2025-03-23,130,21:40,4466.5235,0,4516.25072146,0,752.708453577,752.708453577,0,8.28787024358,0,0,0,0,3002.5141047,129,2025-03-23,128,0.9883,743.90176467,21:30,21:40,4516.25072146,0,0,752.708453577,752.708453577,0.991353110348,2995.05502148
2025-03-23,131,21:50,4100.1923,0,4082.42081547,0,680.403469244,680.403469244,0,0,2.96191408907,0,0,0,2999.22308905,130,2025-03-23,129,0.7503,510.506722974,21:40,21:50,4082.42081547,0,0,680.403469244,680.403469244,0.776653934176,3002.5141047
2025-03-23,132,22:00,3518.8,0,3400.43700915,0,1400.07283486,1400.07283486,0,813.606168192,0,0,0,0,3731.46864042,131,2025-03-23,130,0.4165,583.130335719,21:50,22:00,3400.43700915,0,0,1400.07283486,1400.07283486,0.424919965315,2999.22308905
2025-03-23,133,22:10,3301.6385,0,3279.1392934,0,1379.8565489,1379.8565489,0,829.583465567,0,0,0,0,4478.09375943,132,2025-03-23,131,0.3404,469.703169246,22:00,22:10,3279.1392934,0,0,1379.8565489,1379.8565489,0.374605332397,3731.46864042
2025-03-23,134,22:20,3292.7847,0,3337.64551656,0,1389.60758609,1382.13078333,7.4768027602,833.333333333,0,0,0,0,5228.09375943,133,2025-03-23,132,0.4202,583.913107677,22:10,22:20,3337.64551656,0,0,1389.60758609,1389.60758609,0.435503977013,4478.09375943
2025-03-23,135,22:30,3310.46,0,3336.97349819,0,556.162249699,556.162249699,0,4.41891636526,0,0,0,0,5232.07078416,134,2025-03-23,133,0.4843,269.349377529,22:20,22:30,3336.97349819,0,0,556.162249699,556.162249699,0.445596179996,5228.09375943
2025-03-23,136,22:40,3325.4942,0,3358.06398058,0,559.677330097,559.677330097,0,5.42829676323,0,0,0,0,5236.95625125,135,2025-03-23,134,0.4544,254.317378796,22:30,22:40,3358.06398058,0,0,559.677330097,559.677330097,0.446531393039,5232.07078416
2025-03-23,137,22:50,3270.4271,0,3321.11917954,0,1386.85319659,1378.40451667,8.4486799237,833.333333333,0,0,0,0,5986.95625125,136,2025-03-23,135,0.4313,598.149783689,22:40,22:50,3321.11917954,0,0,1386.85319659,1386.85319659,0.434756268221,5236.95625125
2025-03-23,138,23:00,3205.92,0,3278.10193383,0,1379.68365564,1367.65333333,12.0303223046,833.333333333,0,0,0,0,6736.95625125,137,2025-03-23,136,0.4408,608.164555405,22:50,23:00,3278.10193383,0,0,1379.68365564,1379.68365564,0.408012141354,5986.95625125
2025-03-23,139,23:10,3257.9015,0,3333.66575176,0,1388.94429196,1376.31691667,12.627375294,833.333333333,0,0,0,0,7486.95625125,138,2025-03-23,137,0.4162,578.078614314,23:00,23:10,3333.66575176,0,0,1388.94429196,1388.94429196,0.402672523126,6736.95625125
2025-03-23,140,23:20,3266.2446,0,3409.96649975,0,1401.66108329,1377.70743333,23.9536499585,833.333333333,0,0,0,0,8236.95625125,139,2025-03-23,138,0.3965,555.758619525,23:10,23:20,3409.96649975,0,0,1401.66108329,1401.66108329,0.420442264038,7486.95625125
2025-03-23,141,23:30,3244.62,0,3440.13844924,0,747.881801113,747.881801113,0,207.111801113,0,0,0,0,8423.35687225,140,2025-03-23,139,0.3973,297.133439582,23:20,23:30,3440.13844924,0,0,747.881801113,747.881801113,0.436864465328,8236.95625125
2025-03-23,142,23:40,3356.9857,0,3440.57660449,0,1406.76276741,1392.83095,13.9318174145,833.333333333,0,0,0,0,9173.35687225,141,2025-03-23,140,0.3935,553.561148978,23:30,23:40,3440.57660449,0,0,1406.76276741,1406.76276741,0.433950986163,8423.35687225
2025-03-23,143,23:50,3395.7836,0,3477.60455865,0,1412.93409311,1399.29726667,13.6368264423,833.333333333,0,0,0,0,9923.35687225,142,2025-03-23,141,0.3988,563.478116332,23:40,23:50,3477.60455865,0,0,1412.93409311,1412.93409311,0.420978636167,9173.35687225
2025-03-23,144,00:00+1,3392.55,0,3505.5572947,0,1417.59288245,1398.75833333,18.8345491162,833.333333333,0,0,0,0,10673.3568722,143,2025-03-23,142,0.4201,595.530769917,23:50,00:00+1,3505.5572947,0,0,1417.59288245,1417.59288245,0.413768393708,9923.35687225
