date,t,time_end,L_actual_kw,P_act_kw,L_fc_kw,P_fc_kw,x_plan_kwh,y_used_kwh,r_purchase_waste_kwh,u_charge_kwh,v_discharge_kwh,e_emergency_kwh,w_pv_waste_kwh,g_pv_used_kwh,E_end_kwh,physical_slot0,decision_date,plan_slot0,price_actual,total_cost_yuan,period_start,period_end,L_commit_fc_kw,P_commit_fc_kw,forecast_issue_hour,x0_kwh,x3_kwh,price_fc,E_start_kwh
2025-03-20,1,00:10,3299.0689,0,3533.31443377,0,1399.1842671,950.152466027,449.031801074,400.307649361,0,0,0,0,10800,0,2025-03-19,143,0.4487,627.813980648,00:00,00:10,3395.10560261,0,0,1399.1842671,1399.1842671,0.433934543876,10439.7231156
2025-03-20,2,00:20,3421.881,0,3503.33303413,0,583.888839022,570.3135,13.5753390219,0,0,0,0,0,10800,1,2025-03-20,0,0.4373,255.334589304,00:10,00:20,3503.33303413,0,0,583.888839022,583.888839022,0.431182914792,10800
2025-03-20,3,00:30,3683.11,0,3498.8856807,0,583.14761345,583.14761345,0,0,30.7040532165,0,0,0,10765.8843853,2,2025-03-20,1,0.4311,251.394936158,00:20,00:30,3498.8856807,0,0,583.14761345,583.14761345,0.433714153598,10800
2025-03-20,4,00:40,3476.737,0,3515.46937539,0,585.911562565,585.911562565,0,6.45539589876,0,0,0,0,10771.6942416,3,2025-03-20,2,0.4344,254.519982778,00:30,00:40,3515.46937539,0,0,585.911562565,585.911562565,0.447398331519,10765.8843853
2025-03-20,5,00:50,3302.6695,0,3487.32238066,0,581.220396776,581.220396776,0,30.7754801095,0,0,0,0,10799.3921737,4,2025-03-20,3,0.4238,246.321204154,00:40,00:50,3487.32238066,0,0,581.220396776,581.220396776,0.44889126615,10771.6942416
2025-03-20,6,01:00,3426.94,0,3442.60533857,0,573.767556428,571.832029197,1.93552723044,0.675362530635,0,0,0,0,10800,5,2025-03-20,4,0.4296,246.490542241,00:50,01:00,3442.60533857,0,0,573.767556428,573.767556428,0.438201434776,10799.3921737
2025-03-20,7,01:10,3609.5343,0,3417.92323568,0,569.653872613,569.653872613,0,0,31.9351773869,0,0,0,10764.5164696,6,2025-03-20,5,0.4989,284.200317047,01:00,01:10,3417.92323568,0,0,569.653872613,569.653872613,0.424185577165,10800
2025-03-20,8,01:20,3668.9025,0,3387.71529036,0,564.619215059,564.619215059,0,0,46.8645349408,0,0,0,10712.4447641,7,2025-03-20,6,0.5083,286.995947015,01:10,01:20,3387.71529036,0,0,564.619215059,564.619215059,0.417647825252,10764.5164696
2025-03-20,9,01:30,3589.3,0,3335.87356796,0,555.978927993,555.978927993,0,0,42.2377386732,0,0,0,10665.5139433,8,2025-03-20,7,0.4468,248.411385027,01:20,01:30,3335.87356796,0,0,555.978927993,555.978927993,0.421745271103,10712.4447641
2025-03-20,10,01:40,3503.6157,0,3390.86251531,0,565.143752551,565.143752551,0,0,18.7921974491,0,0,0,10644.6337239,9,2025-03-20,8,0.4284,242.107583593,01:30,01:40,3390.86251531,0,0,565.143752551,565.143752551,0.428073336311,10665.5139433
2025-03-20,11,01:50,3545.9703,0,3511.99349763,0,585.332249606,585.332249606,0,0,5.66280039444,0,0,0,10638.3417235,10,2025-03-20,9,0.4436,259.653385925,01:40,01:50,3511.99349763,0,0,585.332249606,585.332249606,0.441832748981,10644.6337239
2025-03-20,12,02:00,3590.66,0,3588.91266155,0,598.152110258,598.152110258,0,0,0.291223074952,0,0,0,10638.0181423,11,2025-03-20,10,0.454,271.561058057,01:50,02:00,3588.91266155,0,0,598.152110258,598.152110258,0.439061272511,10638.3417235
2025-03-20,13,02:10,3395.9017,0,3515.1584956,0,585.859749266,585.859749266,0,19.8761325993,0,0,0,0,10655.9066617,12,2025-03-20,11,0.4404,258.012633577,02:00,02:10,3515.1584956,0,0,585.859749266,585.859749266,0.40704326253,10638.0181423
2025-03-20,14,02:20,3276.7246,0,3433.54968888,0,572.25828148,572.25828148,0,26.1375148134,0,0,0,0,10679.430425,13,2025-03-20,12,0.4405,252.079772992,02:10,02:20,3433.54968888,0,0,572.25828148,572.25828148,0.419605884533,10655.9066617
2025-03-20,15,02:30,3394.28,0,3449.97706618,0,574.996177696,574.996177696,0,9.28284436266,0,0,0,0,10687.7849849,14,2025-03-20,13,0.4545,261.335762763,02:20,02:30,3449.97706618,0,0,574.996177696,574.996177696,0.459755444951,10679.430425
2025-03-20,16,02:40,3587.5594,0,3543.35367345,0,590.558945575,590.558945575,0,0,7.36762109195,0,0,0,10679.5987393,15,2025-03-20,14,0.4389,259.196321213,02:30,02:40,3543.35367345,0,0,590.558945575,590.558945575,0.44693858651,10687.7849849
2025-03-20,17,02:50,3605.7268,0,3619.67893113,0,603.279821855,603.279821855,0,2.32535518839,0,0,0,0,10681.6915589,16,2025-03-20,15,0.3868,233.348635094,02:40,02:50,3619.67893113,0,0,603.279821855,603.279821855,0.430574171584,10679.5987393
2025-03-20,18,03:00,3522.79,0,3591.51803627,0,598.586339378,598.586339378,0,11.4546727108,0,0,0,0,10692.0007644,17,2025-03-20,16,0.3634,217.52627573,02:50,03:00,3591.51803627,0,0,598.586339378,598.586339378,0.43108129103,10681.6915589
2025-03-20,19,03:10,3631.2618,0,3491.42445158,0,581.904075263,581.904075263,0,0,23.3062247374,0,0,0,10666.1049591,18,2025-03-20,17,0.4416,256.968839636,03:00,03:10,3491.42445158,0,0,581.904075263,581.904075263,0.425178671696,10692.0007644
2025-03-20,20,03:20,3731.3543,0,3440.0097944,0,573.334965733,573.334965733,0,0,48.5574176007,0,0,0,10612.1522729,19,2025-03-20,18,0.4839,277.436789918,03:10,03:20,3440.0097944,0,0,573.334965733,573.334965733,0.446287643186,10666.1049591
2025-03-20,21,03:30,3721.01,0,3496.02912225,0,582.671520375,582.671520375,0,0,37.4968129588,0,0,0,10570.4891474,20,2025-03-20,19,0.4574,266.513953419,03:20,03:30,3496.02912225,0,0,582.671520375,582.671520375,0.480630264488,10612.1522729
2025-03-20,22,03:40,3699.7385,0,3608.76003057,0,601.460005095,601.460005095,0,0,15.1630782388,0,0,0,10553.6412827,21,2025-03-20,20,0.4575,275.167952331,03:30,03:40,3608.76003057,0,0,601.460005095,601.460005095,0.459338050143,10570.4891474
2025-03-20,23,03:50,3674.7825,0,3556.16589658,0,592.694316097,592.694316097,0,0,19.7694339032,0,0,0,10531.675245,22,2025-03-20,21,0.4629,274.358198921,03:40,03:50,3556.16589658,0,0,592.694316097,592.694316097,0.438358605235,10553.6412827
2025-03-20,24,04:00,3623.58,0,3481.20905649,0,580.201509414,580.201509414,0,0,23.7284905857,0,0,0,10505.3102554,23,2025-03-20,22,0.4426,256.797188067,03:50,04:00,3481.20905649,0,0,580.201509414,580.201509414,0.444933184155,10531.675245
2025-03-20,25,04:10,3538.7697,0.0019,3617.53583332,0.00073311965812,602.9225167,602.9225167,0,13.1278833663,0,0,0,0.000316666666667,10517.1253505,24,2025-03-20,23,0.4023,242.555728468,04:00,04:10,3617.53583332,0.00073311965812,0,602.9225167,602.9225167,0.474404462061,10505.3102554
2025-03-20,26,04:20,3488.7843,0,3641.90288924,0.00073311965812,606.983692687,606.983692687,0,25.519642687,0,0,0,0,10540.0930289,25,2025-03-20,24,0.4075,247.34585477,04:10,04:20,3641.90288924,0.00073311965812,0,606.983692687,606.983692687,0.463401399757,10517.1253505
2025-03-20,27,04:30,3513.51,0,3511.43644118,0,585.239406863,585.239406863,0,0,0.345593137411,0,0,0,10539.7090365,26,2025-03-20,25,0.452,264.528211902,04:20,04:30,3511.43644118,0,0,585.239406863,585.239406863,0.423172496117,10540.0930289
2025-03-20,28,04:40,3598.3779,0.0271,3573.03368249,0.00073311965812,595.505491562,595.505491562,0,0,4.21964177093,0,0,0.00451666666667,10535.0205457,27,2025-03-20,26,0.4646,276.67185138,04:30,04:40,3573.03368249,0.00073311965812,0,595.505491562,595.505491562,0.433181334041,10539.7090365
2025-03-20,29,04:50,3700.4359,0,3647.11718943,0.00073311965812,607.852742718,607.852742718,0,0,8.88657394827,0,0,0,10525.1465746,28,2025-03-20,27,0.4561,277.241635954,04:40,04:50,3647.11718943,0.00073311965812,0,607.852742718,607.852742718,0.443479456869,10535.0205457
2025-03-20,30,05:00,3753.57,0,3628.60907755,0,604.768179592,604.768179592,0,0,20.8268204084,0,0,0,10502.005663,29,2025-03-20,28,0.4379,264.827985843,04:50,05:00,3628.60907755,0,0,604.768179592,604.768179592,0.433878039271,10525.1465746
2025-03-20,31,05:10,3716.9811,0.3776,3566.5265221,0.151473931624,594.395841362,594.395841362,0,0,25.0380753047,0,0,0.0629333333333,10474.1855794,30,2025-03-20,29,0.4177,248.279142937,05:00,05:10,3566.5265221,0.151473931624,0,594.395841362,594.395841362,0.430189764154,10502.005663
2025-03-20,32,05:20,3707.0664,0,3564.06461277,0.151473931624,593.98552314,593.98552314,0,0,23.8588768598,0,0,0,10447.6757162,31,2025-03-20,30,0.464,275.609282737,05:10,05:20,3564.06461277,0.151473931624,0,593.98552314,593.98552314,0.454121454199,10474.1855794
2025-03-20,33,05:30,3642.69,0,3597.79315566,0,599.632192609,599.632192609,0,0,7.48280739076,0,0,0,10439.3614858,32,2025-03-20,31,0.4802,287.943378891,05:20,05:30,3597.79315566,0,0,599.632192609,599.632192609,0.46550797937,10447.6757162
2025-03-20,34,05:40,3457.8398,5.2594,3589.36386508,0.151473931624,598.202065191,598.202065191,0,22.7719985244,0,0,0,0.876566666667,10459.8562844,33,2025-03-20,32,0.352,210.567126947,05:30,05:40,3589.36386508,0.151473931624,0,598.202065191,598.202065191,0.430600231463,10439.3614858
2025-03-20,35,05:50,4028.7787,0,4108.54272305,0.151473931624,684.731874854,684.731874854,0,13.268758187,0,0,0,0,10471.7981668,34,2025-03-20,33,0.5794,396.73364829,05:40,05:50,4108.54272305,0.151473931624,0,684.731874854,684.731874854,0.622012217043,10459.8562844
2025-03-20,36,06:00,4962.09,0,4747.25051902,0,0,0,0,0,827.015,0,0,0,9552.89261124,35,2025-03-20,34,1.0185,0,05:50,06:00,4747.25051902,0,0,0,0,0.961466832047,10471.7981668
2025-03-20,37,06:10,4905.1198,153.4202,4752.76695565,167.504693807,0,0,0,0,791.949933333,0,0,25.5700333333,8672.94824087,36,2025-03-20,35,0.995,0,06:00,06:10,4752.76695565,167.504693807,6,0,0,0.995293236064,9552.89261124
2025-03-20,38,06:20,4660.8239,401.044,4635.81104737,431.988722052,0,0,0,0,709.963316667,0,0,66.8406666667,7884.10011124,37,2025-03-20,36,0.8932,0,06:10,06:20,4635.81104737,431.988722052,6,0,0,0.940878828347,8672.94824087
2025-03-20,39,06:30,4703.75,675.525,4899.53137004,726.917145289,0,0,0,0,671.370833333,0,0,112.5875,7138.13251865,38,2025-03-20,37,0.9281,0,06:20,06:30,4899.53137004,726.917145289,6,0,0,0.944701718279,7884.10011124
2025-03-20,40,06:40,4726.9008,952.6316,4650.08059856,1041.94624117,0,0,0,0,629.044866667,0,0,158.771933333,6439.19377791,39,2025-03-20,38,0.9231,0,06:30,06:40,4650.08059856,1041.94624117,6,0,0,0.903344294619,7138.13251865
2025-03-20,41,06:50,4819.4733,1302.5378,4751.58019542,1363.309931,0,0,0,0,586.155916667,0,0,217.089633333,5787.90942606,40,2025-03-20,39,0.902,0,06:40,06:50,4751.58019542,1363.309931,6,0,0,0.858962750197,6439.19377791
2025-03-20,42,07:00,4880.33,1693.2375,4850.17960369,1690.04740852,22.8658327674,22.8658327674,0,0,508.316250566,0,0,282.20625,5223.1135921,41,2025-03-20,40,0.8707,29.8639208859,06:50,07:00,4850.17960369,1690.04740852,6,0,22.8658327674,0.847918539372,5787.90942606
2025-03-20,43,07:10,4689.3761,2009.9231,4792.3149802,2018.96746917,462.224585172,462.224585172,0,15.6490851716,0,0,0,334.987183333,5237.19776875,42,2025-03-20,41,0.7992,535.300109017,07:00,07:10,4792.3149802,2018.96746917,6,47.0838931105,462.224585172,0.822618219631,5223.1135921
2025-03-20,44,07:20,4713.3646,2305.9149,4771.13890395,2329.49501722,406.940647789,406.940647789,0,5.699031122,0,0,0,384.31915,5242.32689676,43,2025-03-20,42,0.7957,331.749084194,07:10,07:20,4771.13890395,2329.49501722,6,386.96726398,406.940647789,0.802689796491,5237.19776875
2025-03-20,45,07:30,4827.2,2609.7375,4752.25266577,2640.68216524,351.928416756,351.928416756,0,0,17.6486665777,0,0,434.95625,5222.71726723,44,2025-03-20,43,0.8046,292.617487664,07:20,07:30,4752.25266577,2640.68216524,6,328.423859105,351.928416756,0.754870884648,5242.32689676
2025-03-20,46,07:40,4578.156,2894.0148,4543.26445298,2951.1276511,1098.68946698,1098.68946698,0,817.99926698,0,0,0,482.3358,5958.91660751,45,2025-03-20,44,0.7001,1070.8817037,07:30,07:40,4543.26445298,2951.1276511,6,236.843422498,1098.68946698,0.679176462076,5222.71726723
2025-03-20,47,07:50,5187.0368,3179.5684,5427.77723452,3260.90871776,0,0,0,0,334.578066667,0,0,529.928066667,5587.1632001,46,2025-03-20,45,0.8467,0,07:40,07:50,5427.77723452,3260.90871776,6,0,0,0.882084092943,5958.91660751
2025-03-20,48,08:00,6405.59,3476.5125,6604.2049237,3571.5122602,0,0,0,0,488.179583333,0,0,579.41875,5044.74144085,47,2025-03-20,46,1.1788,0,07:50,08:00,6604.2049237,3571.5122602,6,0,0,1.22590561606,5587.1632001
2025-03-20,49,08:10,6658.0486,3761.2255,6566.43091304,3879.97384956,0,0,0,0,482.80385,0,0,626.870916667,4508.29271862,48,2025-03-20,47,1.2356,0,08:00,08:10,6566.43091304,3879.97384956,6,0,0,1.21468485194,5044.74144085
2025-03-20,50,08:20,6606.6001,3976.3717,6371.64569412,4186.60763977,0,0,0,0,438.3714,0,0,662.728616667,4021.21338529,49,2025-03-20,48,1.1876,0,08:10,08:20,6371.64569412,4186.60763977,6,0,0,1.12336646372,4508.29271862
2025-03-20,51,08:30,6687.27,4220.325,6519.42799932,4490.90100275,0,0,0,0,411.1575,0,0,703.3875,3564.37171862,50,2025-03-20,49,1.1569,0,08:20,08:30,6519.42799932,4490.90100275,6,0,0,1.10907970186,4021.21338529
2025-03-20,52,08:40,6649.776,4653.7429,6477.35497028,4793.68315476,0,0,0,0,332.672183333,0,0,775.623816667,3194.73595936,51,2025-03-20,50,1.0869,0,08:30,08:40,6477.35497028,4793.68315476,6,0,0,1.08237025964,3564.37171862
2025-03-20,53,08:50,6705.5335,5037.5027,6524.0110682,5099.57070086,0,0,0,0,278.005133333,0,0,839.583783333,2885.84136677,52,2025-03-20,51,1.0527,0,08:40,08:50,6524.0110682,5099.57070086,6,0,0,1.07184836532,3194.73595936
2025-03-20,54,09:00,6757.81,5180.8875,6654.08357942,5410.1124759,0,0,0,0,262.820416667,0,0,863.48125,2593.81868159,53,2025-03-20,52,1.068,0,08:50,09:00,6654.08357942,5410.1124759,6,0,0,1.07839317784,2885.84136677
2025-03-20,55,09:10,6494.2004,5166.4978,6564.4264589,5688.78189417,0,0,0,0,221.283766667,0,0,861.082966667,2347.94782973,54,2025-03-20,53,1.0672,0,09:00,09:10,6564.4264589,5688.78189417,6,0,0,1.06625584489,2593.81868159
2025-03-20,56,09:20,6436.4392,5533.329,6470.22683042,5906.49101603,0,0,0,0,150.518366667,0,0,922.2215,2180.7052001,55,2025-03-20,54,1.0563,0,09:10,09:20,6470.22683042,5906.49101603,6,0,0,1.04633671262,2347.94782973
2025-03-20,57,09:30,6570.85,6107.7375,6472.89951193,6125.99484456,0,0,0,0,77.1854166667,0,0,1017.95625,2094.94362603,56,2025-03-20,55,1.0344,0,09:20,09:30,6472.89951193,6125.99484456,6,0,0,1.02572519562,2180.7052001
2025-03-20,58,09:40,6399.3635,6182.795,6480.29386382,6340.50153973,0,0,0,0,36.09475,0,0,1030.46583333,2054.83834825,57,2025-03-20,56,0.9937,0,09:30,09:40,6480.29386382,6340.50153973,6,0,0,1.00800357751,2094.94362603
2025-03-20,59,09:50,6445.9301,6198.386,6478.22106313,6552.83621616,0,0,0,0,41.25735,0,0,1033.06433333,2008.99684825,58,2025-03-20,57,0.9971,0,09:40,09:50,6478.22106313,6552.83621616,6,0,0,1.02646875706,2054.83834825
2025-03-20,60,10:00,6697.43,6426.1875,6482.74341472,6761.48609782,0,0,0,0,45.2070833333,0,0,1071.03125,1958.76675566,59,2025-03-20,58,1.0131,0,09:50,10:00,6482.74341472,6761.48609782,6,0,0,1.03781709769,2008.99684825
2025-03-20,61,10:10,6577.9956,6675.2481,6480.5859447,6859.97219165,0,0,0,16.20875,0,0,0,1112.54135,1973.35463066,60,2025-03-20,59,0.948,0,10:00,10:10,6480.5859447,6859.97219165,6,0,0,1.03173488042,1958.76675566
2025-03-20,62,10:20,6445.2772,6774.004,6475.15526645,7004.8703535,0,0,0,54.7878,0,0,0,1129.00066667,2022.66365066,61,2025-03-20,60,0.9058,0,10:10,10:20,6475.15526645,7004.8703535,6,0,0,0.990763468881,1973.35463066
2025-03-20,63,10:30,6473.61,6879.075,6433.39841717,7142.66283607,0,0,0,67.5775,0,0,0,1146.5125,2083.48340066,62,2025-03-20,61,0.9279,0,10:20,10:30,6433.39841717,7142.66283607,6,0,0,0.961834586825,2022.66365066
2025-03-20,64,10:40,6454.2353,7268.5137,6358.95669125,7278.40805228,0,0,0,135.713066667,0,0,0,1211.41895,2205.62516066,63,2025-03-20,62,0.927,0,10:30,10:40,6358.95669125,7278.40805228,6,0,0,0.989938639272,2083.48340066
2025-03-20,65,10:50,6352.336,7455.3554,6348.05948138,7432.75865485,0,0,0,183.836566667,0,0,0,1242.55923333,2371.07807066,64,2025-03-20,63,0.7628,0,10:40,10:50,6348.05948138,7432.75865485,6,0,0,0.826036557202,2205.62516066
2025-03-20,66,11:00,6279.9,7263,6427.64099352,7579.08526306,584.203759834,584.203759834,0,748.053759834,0,0,0,1210.5,3044.32645451,65,2025-03-20,64,0.544,320.247647661,10:50,11:00,6427.64099352,7579.08526306,6,593.177297742,584.203759834,0.559112396843,2371.07807066
2025-03-20,67,11:10,6362.0436,7021.6679,6484.73644186,7734.70996174,-0,-0,0,109.937383333,0,0,0,1170.27798333,3143.27009951,66,2025-03-20,65,0.5346,161.475244879,11:00,11:10,6484.73644186,7734.70996174,6,604.097436884,-0,0.573285984716,3044.32645451
2025-03-20,68,11:20,6393.8373,7052.8842,6441.59269309,7828.10909448,0,0,0,109.84115,0,0,0,1175.4807,3242.12713451,67,2025-03-20,66,0.5872,0,11:10,11:20,6441.59269309,7828.10909448,6,0,0,0.622518296105,3143.27009951
2025-03-20,69,11:30,6360.1,7317.5625,6377.10741614,7929.55314507,-0,-0,0,159.577083333,0,0,0,1219.59375,3385.74650951,68,2025-03-20,67,0.577,136.891950503,11:20,11:30,6377.10741614,7929.55314507,6,474.495495678,-0,0.587723971015,3242.12713451
2025-03-20,70,11:40,6424.0276,7505.6333,6422.9532848,8009.27279241,0,0,0,180.267616667,0,0,0,1250.93888333,3547.98736451,69,2025-03-20,68,0.5241,0,11:30,11:40,6422.9532848,8009.27279241,6,0,0,0.592838121029,3385.74650951
2025-03-20,71,11:50,6379.6216,7635.0323,6311.86080263,8081.7716632,-0,-0,0,209.235116667,0,0,0,1272.50538333,3736.29896951,70,2025-03-20,69,0.5111,148.635409637,11:40,11:50,6311.86080263,8081.7716632,6,581.629464437,-0,0.585485217113,3547.98736451
2025-03-20,72,12:00,6168.32,7818.45,6088.87992681,8157.80459715,488.512554944,488.512554944,0,763.534221611,0,0,0,1303.075,4423.47976896,71,2025-03-20,70,0.5158,267.912499426,11:50,12:00,6088.87992681,8157.80459715,6,550.310630112,488.512554944,0.527681320968,3736.29896951
2025-03-20,73,12:10,5958.8116,8082.9395,6061.1644307,7834.837784,537.721107782,479.312016667,58.4090911157,833.333333333,0,0,0,1347.15658333,5173.47976896,72,2025-03-20,71,0.4519,277.95597112,12:00,12:10,6061.1644307,7834.837784,12,577.535942978,537.721107782,0.515942497137,4423.47976896
2025-03-20,74,12:20,5855.2299,8090.5707,6108.14524099,7800.04645881,551.349797029,460.776533333,90.5732636959,833.333333333,0,0,0,1348.42845,5923.47976896,73,2025-03-20,72,0.4435,285.992452621,12:10,12:20,6108.14524099,7800.04645881,12,596.043199965,551.349797029,0.530212109081,5173.47976896
2025-03-20,75,12:30,5883.66,7709.3625,6083.97338187,7765.46777497,553.084267816,529.049583333,24.0346844825,833.333333333,0,0,0,1284.89375,6673.47976896,74,2025-03-20,73,0.4915,325.720024929,12:20,12:30,6083.97338187,7765.46777497,12,603.954096433,553.084267816,0.493674165818,5923.47976896
2025-03-20,76,12:40,6006.2794,7205.256,6051.44738428,7733.21386202,553.038920378,553.038920378,0,752.868353711,0,0,0,1200.876,7351.0612873,75,2025-03-20,74,0.4972,337.15958121,12:30,12:40,6051.44738428,7733.21386202,12,623.639545826,553.038920378,0.462552562222,6673.47976896
2025-03-20,77,12:50,6168.3548,7206.9442,6086.0319981,7701.00738293,564.170769194,564.170769194,0,737.269002528,0,0,0,1201.15736667,8014.60338957,76,2025-03-20,75,0.6604,558.867563964,12:40,12:50,6086.0319981,7701.00738293,12,0,564.170769194,0.647698853186,7351.0612873
2025-03-20,78,13:00,6351.38,7525.8,6234.47243931,7667.89787505,0,0,0,195.736666667,0,0,0,1254.3,8190.76638957,77,2025-03-20,76,0.9001,0,12:50,13:00,6234.47243931,7667.89787505,12,0,0,0.945985867583,8014.60338957
2025-03-20,79,13:10,6510.6216,7339.075,6364.205585,7534.76852403,0,0,0,138.075566667,0,0,0,1223.17916667,8315.03439957,78,2025-03-20,77,0.9125,0,13:00,13:10,6364.205585,7534.76852403,12,0,0,0.944274412421,8190.76638957
2025-03-20,80,13:20,6358.8315,6900.6338,6360.25783764,7409.7150652,0,0,0,90.3003833333,0,0,0,1150.10563333,8396.30474457,79,2025-03-20,78,0.919,0,13:10,13:20,6360.25783764,7409.7150652,12,0,0,0.913964315936,8315.03439957
2025-03-20,81,13:30,6039.3,6610.0125,6305.69717175,7284.89514401,0,0,0,95.11875,0,0,0,1101.66875,8481.91161957,80,2025-03-20,79,0.9817,0,13:20,13:30,6305.69717175,7284.89514401,12,0,0,0.952512760136,8396.30474457
2025-03-20,82,13:40,6028.9848,6642.1795,6376.76961827,7167.42470959,0,0,0,102.199116667,0,0,0,1107.02991667,8573.89082457,81,2025-03-20,80,0.9361,0,13:30,13:40,6376.76961827,7167.42470959,12,0,0,0.95298484027,8481.91161957
2025-03-20,83,13:50,6177.7813,6806.5377,6332.42073773,7047.31327689,0,0,0,104.792733333,0,0,0,1134.42295,8668.20428457,82,2025-03-20,81,0.8829,0,13:40,13:50,6332.42073773,7047.31327689,12,0,0,0.943197544341,8573.89082457
2025-03-20,84,14:00,6280.02,6799.95,6205.05959286,6917.27644055,0,0,0,86.655,0,0,0,1133.325,8746.19378457,83,2025-03-20,82,0.8924,0,13:50,14:00,6205.05959286,6917.27644055,12,0,0,0.945930616407,8668.20428457
2025-03-20,85,14:10,6283.4823,6453.6137,6276.31703387,6636.97375932,0,0,0,28.3552333333,0,0,0,1075.60228333,8771.71349457,84,2025-03-20,83,0.9351,0,14:00,14:10,6276.31703387,6636.97375932,12,0,0,0.966771984719,8746.19378457
2025-03-20,86,14:20,6314.912,6203.5886,6287.98520144,6363.69390679,0,0,0,0,18.5539,0,0,1033.93143333,8751.09805013,85,2025-03-20,84,0.9817,0,14:10,14:20,6287.98520144,6363.69390679,12,0,0,0.967753743206,8771.71349457
2025-03-20,87,14:30,6352.79,6115.6875,6224.01052126,6081.13868225,0,0,0,0,39.5170833333,0,0,1019.28125,8707.19017976,86,2025-03-20,85,1.0267,0,14:20,14:30,6224.01052126,6081.13868225,12,0,0,0.981334439408,8751.09805013
2025-03-20,88,14:40,6259.4213,5837.6616,6311.58694289,5803.19819089,0,0,0,0,70.2932833333,0,0,972.9436,8629.08653161,87,2025-03-20,86,1.0547,0,14:30,14:40,6311.58694289,5803.19819089,12,0,0,1.04914982769,8707.19017976
2025-03-20,89,14:50,6190.1146,5431.9635,6365.83104611,5523.24015254,0,0,0,0,126.358516667,0,0,905.32725,8488.68817976,88,2025-03-20,87,0.9267,0,14:40,14:50,6365.83104611,5523.24015254,12,0,0,0.932225701574,8629.08653161
2025-03-20,90,15:00,6156.64,5072.775,6308.50325679,5244.16811943,1010.72252289,1010.72252289,0,830.078356228,0,0,0,845.4625,9235.75870036,89,2025-03-20,88,0.7137,1166.65373778,14:50,15:00,6308.50325679,5244.16811943,12,862.442014558,1010.72252289,0.696401641362,8488.68817976
2025-03-20,91,15:10,6039.3659,4855.4545,6241.12036304,4953.77550675,913.374243827,913.374243827,1.13686837722e-13,716.055677161,0,0,0,809.242416667,9880.20880981,90,2025-03-20,89,0.6525,867.038039598,15:00,15:10,6241.12036304,4953.77550675,12,264.62387968,913.374243827,0.707470573404,9235.75870036
2025-03-20,92,15:20,6054.6789,4561.8383,6201.21042458,4634.64350695,261.094486272,261.094486272,0,12.2877196055,0,0,0,760.306383333,9891.26775745,91,2025-03-20,90,0.6799,220.298405431,15:10,15:20,6201.21042458,4634.64350695,12,300.78621828,261.094486272,0.765452347432,9880.20880981
2025-03-20,93,15:30,6187.68,4146.825,6211.4617717,4306.37031249,317.515243201,317.515243201,0,0,22.6272567985,0,0,691.1375,9866.12636101,92,2025-03-20,91,0.7301,274.656664233,15:20,15:30,6211.4617717,4306.37031249,12,351.935309814,317.515243201,0.766982724374,9891.26775745
2025-03-20,94,15:40,6195.3721,3778.6785,6269.66567703,3982.36829859,381.216229739,381.216229739,0,0,21.566036928,0,0,629.77975,9842.16409776,93,2025-03-20,92,0.805,351.099068922,15:30,15:40,6269.66567703,3982.36829859,12,407.921377356,381.216229739,0.822350697722,9866.12636101
2025-03-20,95,15:50,6186.1376,3471.4229,6221.54644646,3659.44205868,427.017397963,427.017397963,0,0,25.4350520367,0,0,578.570483333,9813.90292883,94,2025-03-20,93,0.8788,420.413130988,15:40,15:50,6221.54644646,3659.44205868,12,445.48993113,427.017397963,0.819355235153,9842.16409776
2025-03-20,96,16:00,6200.17,3156.225,6054.02665708,3336.09486202,452.98863251,452.98863251,0,0,54.3355341564,0,0,526.0375,9753.5301131,95,2025-03-20,94,0.9089,455.197275102,15:50,16:00,6054.02665708,3336.09486202,12,463.563959903,452.98863251,0.787210427263,9813.90292883
2025-03-20,97,16:10,6153.3743,2779.805,6163.07462654,2978.24253187,530.805349112,530.805349112,0,0,31.4562008881,0,0,463.300833333,9718.57877878,96,2025-03-20,95,0.8767,518.710410952,16:00,16:10,6163.07462654,2978.24253187,12,570.755912302,530.805349112,0.828044761374,9753.5301131
2025-03-20,98,16:20,6101.7592,2507.3559,6209.020044,2657.22640722,555.438297688,555.438297688,0,0,43.6289189782,0,0,417.89265,9670.10220214,97,2025-03-20,96,0.8888,524.642825618,16:10,16:20,6209.020044,2657.22640722,12,625.126116392,555.438297688,0.878473699698,9718.57877878
2025-03-20,99,16:30,6118.95,2334.4125,6196.89504593,2334.10098416,612.61605254,612.61605254,0,0,18.1401974601,0,0,389.06875,9649.94642718,98,2025-03-20,97,0.9441,606.335297268,16:20,16:30,6196.89504593,2334.10098416,12,671.856561099,612.61605254,0.919014803331,9670.10220214
2025-03-20,100,16:40,6209.4949,2077.0816,6182.18995977,2017.26940373,665.340907674,665.340907674,0,0,23.3946423258,0,0,346.180266667,9623.95238015,99,2025-03-20,98,0.946,651.58586231,16:30,16:40,6182.18995977,2017.26940373,12,712.219054925,665.340907674,0.968461114638,9649.94642718
2025-03-20,101,16:50,6190.199,1733.8533,6194.36930224,1703.5271516,720.575099576,720.575099576,0,0,22.1491837576,0,0,288.97555,9599.34217598,100,2025-03-20,99,0.9677,713.53336747,16:40,16:50,6194.36930224,1703.5271516,12,754.124430176,720.575099576,0.982754487428,9623.95238015
2025-03-20,102,17:00,6102.19,1377.7125,6223.18449703,1390.23255809,778.29772928,778.29772928,0,0,9.11518738696,0,0,229.61875,9589.21418999,101,2025-03-20,100,1.0139,799.289792655,16:50,17:00,6223.18449703,1390.23255809,12,798.366227038,778.29772928,0.99457746586,9599.34217598
2025-03-20,103,17:10,6143.2969,1083.9022,6185.20212685,1097.1248916,837.839201797,837.839201797,0,0,5.39324820332,0,0,180.650366667,9583.22169199,102,2025-03-20,101,1.0152,856.5434361,17:00,17:10,6185.20212685,1097.1248916,12,849.598615579,837.839201797,1.0413131137,9589.21418999
2025-03-20,104,17:20,6075.0134,831.8823,6110.36296679,842.606481941,870.11317444,870.11317444,0,0,3.74200889381,0,0,138.64705,9579.06390433,103,2025-03-20,102,1.0487,916.815691854,17:10,17:20,6110.36296679,842.606481941,12,878.367214335,870.11317444,1.07004448414,9583.22169199
2025-03-20,105,17:30,6025.68,597.3375,6179.44991768,596.231226607,924.95190704,924.95190704,0,20.2281570395,0,0,0,99.55625,9597.26924566,104,2025-03-20,103,1.0879,1008.77538313,17:20,17:30,6179.44991768,596.231226607,12,929.585059826,924.95190704,1.05420222155,9579.06390433
2025-03-20,106,17:40,6213.4416,374.8971,6358.62249959,356.715398692,996.938357444,996.938357444,0,23.8476074436,0,0,0,62.48285,9618.73209236,105,2025-03-20,104,1.0391,1036.39946037,17:30,17:40,6358.62249959,356.715398692,12,997.863798984,996.938357444,1.07092440935,9597.26924566
2025-03-20,107,17:50,5394.1467,156.1276,5675.48391278,138.377366183,921.363852053,921.363852053,0,48.3606687201,0,0,0,26.0212666667,9662.25669421,106,2025-03-20,105,1.0932,1008.28477094,17:40,17:50,5675.48391278,138.377366183,12,919.443237574,921.363852053,1.1336441445,9618.73209236
2025-03-20,108,18:00,4094.12,0,4417.25086248,0,736.715152017,736.715152017,0,54.3618186842,0,0,0,0,9711.18233103,107,2025-03-20,106,1.2488,922.601740527,17:50,18:00,4417.25086248,0,12,732.564193197,736.715152017,1.24083827214,9662.25669421
2025-03-20,109,18:10,4187.9837,0,4229.22952835,0.15997297512,707.756592137,707.756592137,0,9.75930880415,0,0,0,0,9719.96570895,108,2025-03-20,107,1.2993,922.178908312,18:00,18:10,4229.22952835,0.15997297512,18,703.768647632,707.756592137,1.27274277033,9711.18233103
2025-03-20,110,18:20,4441.4267,5.5774,4398.3847284,0.15997297512,736.065582503,736.065582503,0,0,3.24263416345,0,0,0.929566666667,9716.3627821,109,2025-03-20,108,1.2761,941.939569732,18:10,18:20,4398.3847284,0.15997297512,18,731.918133401,736.065582503,1.27229576808,9719.96570895
2025-03-20,111,18:30,4255.45,0,4372.55894356,0,731.770167106,731.770167106,0,22.5285004392,0,0,0,0,9736.6384325,110,2025-03-20,109,1.2567,922.206316828,18:20,18:30,4372.55894356,0,18,727.647070382,731.770167106,1.27062886418,9716.3627821
2025-03-20,112,18:40,4286.5369,0,4401.52278175,0.15997297512,0,0,0,0,714.422816667,0,0,0,8942.83530287,111,2025-03-20,110,1.2773,0,18:30,18:40,4401.52278175,0.15997297512,18,0,0,1.28132387417,9736.6384325
2025-03-20,113,18:50,4470.2464,0.4004,4399.73030459,0.15997297512,0,0,0,0,744.974333333,0,0,0.0667333333333,8115.08604361,112,2025-03-20,111,1.2813,0,18:40,18:50,4399.73030459,0.15997297512,18,0,0,1.2844569279,8942.83530287
2025-03-20,114,19:00,4579.24,0,4367.57429013,0,0,0,0,0,763.206666667,0,0,0,7267.0786362,113,2025-03-20,112,1.2693,0,18:50,19:00,4367.57429013,0,18,0,0,1.28004718342,8115.08604361
2025-03-20,115,19:10,4480.3082,0,4363.51677618,0.000772222222222,0,0,0,0,746.718033333,0,0,0,6437.3919325,114,2025-03-20,113,1.2899,0,19:00,19:10,4363.51677618,0.000772222222222,18,0,0,1.27948118601,7267.0786362
2025-03-20,116,19:20,4285.5618,0.0288,4354.42258153,0.000772222222222,0,0,0,0,714.2555,0,0,0.0048,5643.77471028,115,2025-03-20,114,1.2669,0,19:10,19:20,4354.42258153,0.000772222222222,18,0,0,1.27931385773,6437.3919325
2025-03-20,117,19:30,4196.78,0,4410.43310162,0,0,0,0,0,699.463333333,0,0,0,4866.59322879,116,2025-03-20,115,1.2323,0,19:20,19:30,4410.43310162,0,18,0,0,1.27887604347,5643.77471028
2025-03-20,118,19:40,4330.8684,0,4528.41186242,0.000772222222222,0,0,0,0,721.8114,0,0,0,4064.58056213,117,2025-03-20,116,1.2902,0,19:30,19:40,4528.41186242,0.000772222222222,18,0,0,1.28411061144,4866.59322879
2025-03-20,119,19:50,4370.9481,0.0021,4521.62098681,0.000772222222222,0,0,0,0,728.491,0,0,0.00035,3255.14611768,118,2025-03-20,117,1.2824,0,19:40,19:50,4521.62098681,0.000772222222222,18,0,0,1.28398726414,4064.58056213
2025-03-20,120,20:00,4358.21,0,4382.33854769,0,733.406834019,733.406834019,0,7.03850068577,0,0,0,0,3261.4807683,119,2025-03-20,118,1.2233,1209.70233805,19:50,20:00,4382.33854769,0,18,222.451617813,733.406834019,1.2756126941,3255.14611768
2025-03-20,121,20:10,4586.0191,0,4440.93425338,0,743.213125917,743.213125917,0,0,21.1233907499,0,0,0,3238.01033413,120,2025-03-20,119,1.2789,953.173009076,20:00,20:10,4440.93425338,0,18,739.025554815,743.213125917,1.2670722055,3261.4807683
2025-03-20,122,20:20,4523.6629,0,4441.39994812,0,743.29106232,743.29106232,0,0,10.6527543462,0,0,0,3226.17394042,121,2025-03-20,120,1.2779,952.527577674,20:10,20:20,4441.39994812,0,18,739.103052093,743.29106232,1.24812919933,3238.01033413
2025-03-20,123,20:30,4215.37,0,4313.26588103,0,32.6090971919,32.6090971919,0,0,669.952569475,0,0,0,2481.78219655,122,2025-03-20,121,1.2388,60.594224402,20:20,20:30,4313.26588103,0,18,0,32.6090971919,1.27876441708,3226.17394042
2025-03-20,124,20:40,4256.2469,0,4396.65333433,0,0,0,0,0,709.374483333,0,0,0,1693.58832618,123,2025-03-20,122,1.3228,0,20:30,20:40,4396.65333433,0,18,0,0,1.30489214482,2481.78219655
2025-03-20,125,20:50,4319.0159,0,4507.46818249,0,754.347920222,754.347920222,0,34.511936889,0,0,0,0,1724.64906938,124,2025-03-20,123,1.1769,890.29316173,20:40,20:50,4507.46818249,0,18,750.09761107,754.347920222,1.158366236,1693.58832618
2025-03-20,126,21:00,4257.25,0,4524.27839999,0,757.161196344,757.161196344,0,47.6195296778,0,0,0,0,1767.50664609,125,2025-03-20,124,0.8862,672.886587837,20:50,21:00,4524.27839999,0,18,752.895036027,757.161196344,0.951926539356,1724.64906938
2025-03-20,127,21:10,4290.2681,0,4416.30902634,0,739.091967863,739.091967863,0,24.0472845298,0,0,0,0,1789.14920217,126,2025-03-20,125,0.917,679.656689366,21:00,21:10,4416.30902634,0,18,734.927617076,739.091967863,0.892811899677,1767.50664609
2025-03-20,128,21:20,4418.7036,0,4342.16483142,0,726.68355654,726.68355654,0,0,9.76704345989,0,0,0,1778.29693166,127,2025-03-20,126,0.9999,728.657901787,21:10,21:20,4342.16483142,0,18,722.58911989,726.68355654,0.894912143014,1789.14920217
2025-03-20,129,21:30,4553.6,0,4417.09249046,0,739.223084603,739.223084603,0,0,19.7102487299,0,0,0,1756.39665529,128,2025-03-20,127,0.9964,738.636929114,21:20,21:30,4417.09249046,0,18,735.05799505,739.223084603,0.919528589159,1778.29693166
2025-03-20,130,21:40,4526.2528,0,4420.09699776,0,739.72590431,739.72590431,0,0,14.6495623565,0,0,0,1740.11936379,129,2025-03-20,128,1.0003,742.032408594,21:30,21:40,4420.09699776,0,18,735.557981662,739.72590431,0.972413753171,1756.39665529
2025-03-20,131,21:50,4001.6252,0,3933.35294382,0,658.266790256,658.266790256,0,0,8.67074307696,0,0,0,1730.48520481,130,2025-03-20,129,0.7708,508.821470567,21:40,21:50,3933.35294382,0,18,654.557842053,658.266790256,0.744490603216,1740.11936379
2025-03-20,132,22:00,3318.94,0,3344.50455841,0,1392.66837921,1386.49,6.17837921265,833.333333333,0,0,0,0,2480.48520481,131,2025-03-20,130,0.419,584.10810358,21:50,22:00,3344.50455841,0,18,1389.89963129,1392.66837921,0.406490244274,1730.48520481
2025-03-20,133,22:10,3233.4088,0,3338.44265386,0,1391.65458611,1372.2348,19.4197861082,833.333333333,0,0,0,0,3230.48520481,132,2025-03-20,131,0.3484,485.333899492,22:00,22:10,3338.44265386,0,18,1388.89085653,1391.65458611,0.394427701964,2480.48520481
2025-03-20,134,22:20,3319.971,0,3448.98828472,0,576.808907501,576.808907501,0,23.4804075012,0,0,0,0,3251.61757156,133,2025-03-20,132,0.3833,221.638061906,22:10,22:20,3448.98828472,0,18,573.953662729,576.808907501,0.438924594266,3230.48520481
2025-03-20,135,22:30,3255.84,0,3411.43826639,0,1403.86237461,1375.97333333,27.8890412734,833.333333333,0,0,0,0,4001.61757156,134,2025-03-20,133,0.3903,548.478619436,22:20,22:30,3411.43826639,0,18,1401.03821562,1403.86237461,0.417642194636,3251.61757156
2025-03-20,136,22:40,3144.1326,0,3443.84560163,0,1409.28217836,1357.35543333,51.9267450225,833.333333333,0,0,0,0,4751.61757156,135,2025-03-20,134,0.4126,582.057985491,22:30,22:40,3443.84560163,0,18,1406.43119095,1409.28217836,0.426061996654,4001.61757156
2025-03-20,137,22:50,3161.8174,0,3421.75305198,0,1405.58741967,1360.3029,45.2845196682,833.333333333,0,0,0,0,5501.61757156,136,2025-03-20,135,0.4343,611.061736751,22:40,22:50,3421.75305198,0,18,1402.75472158,1405.58741967,0.431701034038,4751.61757156
2025-03-20,138,23:00,3296.4,0,3409.3606771,0,1403.51491851,1382.73333333,20.7815851769,833.333333333,0,0,0,0,6251.61757156,137,2025-03-20,136,0.4428,622.101293924,22:50,23:00,3409.3606771,0,18,1400.69247945,1403.51491851,0.4255668588,5501.61757156
2025-03-20,139,23:10,3356.4081,0,3512.80273335,0,1420.8145712,1392.73468333,28.0798878666,833.333333333,0,0,0,0,7001.61757156,138,2025-03-20,137,0.4397,625.371506929,23:00,23:10,3512.80273335,0,18,1417.90649764,1420.8145712,0.428681596825,6251.61757156
2025-03-20,140,23:20,3261.7676,0,3509.71844204,0,1418.28640701,1376.96126667,41.3251403392,833.333333333,0,0,0,0,7751.61757156,139,2025-03-20,138,0.4049,845.141742179,23:10,23:20,3509.71844204,0,18,1094.44977153,1418.28640701,0.434889328621,7001.61757156
2025-03-20,141,23:30,3267.73,0,3420.88994729,0,763.77888288,763.77888288,0,219.157216213,0,0,0,0,7948.85906615,140,2025-03-20,139,0.3814,328.396630614,23:20,23:30,3420.88994729,0,18,569.277757115,763.77888288,0.438359629517,7751.61757156
2025-03-20,142,23:40,3604.076,0,3450.12931025,0,1410.33306598,1410.33306598,0,809.653732646,0,0,0,0,8677.54742554,141,2025-03-20,140,0.4248,599.71614105,23:30,23:40,3450.12931025,0,18,1407.47687661,1410.33306598,0.424462485281,7948.85906615
2025-03-20,143,23:50,3245.8691,0,3076.87132908,0,1347.90938965,1347.90938965,0,806.931206321,0,0,0,0,9403.78551123,142,2025-03-20,141,0.3795,512.014942253,23:40,23:50,3076.87132908,0,18,1345.36220188,1347.90938965,0.393750624264,8677.54742554
2025-03-20,144,00:00+1,2401,0,2580.61754329,0,1264.91589116,1233.5,31.4158911574,833.333333333,0,0,0,0,10153.7855112,143,2025-03-20,142,0.2794,353.715950054,23:50,00:00+1,2580.61754329,0,18,1262.77952706,1264.91589116,0.365250063716,9403.78551123
2025-06-21,1,00:10,3087.9838,0,3209.78768674,0,1320.46206212,1045.85877675,274.60328537,531.194810081,0,0,0,0,10800,0,2025-06-20,143,0.3564,470.612678939,00:00,00:10,2922.7723727,0,0,1320.46206212,1320.46206212,0.392465189597,10321.9246709
2025-06-21,2,00:20,3200.0919,0,3237.61020197,0,0,0,0,0,533.34865,0,0,0,10207.3903889,1,2025-06-21,0,0.3908,0,00:10,00:20,3237.61020197,0,0,0,0,0.398571904822,10800
2025-06-21,3,00:30,3401.46,0,3167.30027259,0,0,0,0,0,566.91,0,0,0,9577.49038889,2,2025-06-21,1,0.4598,0,00:20,00:30,3167.30027259,0,0,0,0,0.400872387641,10207.3903889
2025-06-21,4,00:40,3063.5261,0,3137.1516399,0,0,0,0,0,510.587683333,0,0,0,9010.17074074,3,2025-06-21,2,0.409,0,00:30,00:40,3137.1516399,0,0,0,0,0.380058864579,9577.49038889
2025-06-21,5,00:50,2820.2572,0,3140.88444724,0,523.480741206,523.480741206,0,53.4378745395,0,0,0,0,9058.26482783,4,2025-06-21,3,0.3618,189.395332168,00:40,00:50,3140.88444724,0,0,523.480741206,523.480741206,0.366317634769,9010.17074074
2025-06-21,6,01:00,2883.38,0,3182.24811542,0,530.374685904,530.374685904,0,49.8113525708,0,0,0,0,9103.09504514,5,2025-06-21,4,0.3786,200.799856083,00:50,01:00,3182.24811542,0,0,530.374685904,530.374685904,0.367266064599,9058.26482783
2025-06-21,7,01:10,2869.9796,0,3116.80434522,0,0,0,0,0,478.329933333,0,0,0,8571.61734144,6,2025-06-21,5,0.3988,0,01:00,01:10,3116.80434522,0,0,0,0,0.380196497207,9103.09504514
2025-06-21,8,01:20,2985.8287,0,2963.46505455,0,0,0,0,0,497.638116667,0,0,0,8018.6861007,7,2025-06-21,6,0.4164,0,01:10,01:20,2963.46505455,0,0,0,0,0.381148408532,8571.61734144
2025-06-21,9,01:30,3164.18,0,2841.93146303,0,0,0,0,0,527.363333333,0,0,0,7432.72684144,8,2025-06-21,7,0.4254,0,01:20,01:30,2841.93146303,0,0,0,0,0.380540504651,8018.6861007
2025-06-21,10,01:40,3064.8457,0,2973.27514581,0,0,0,0,0,510.807616667,0,0,0,6865.16282292,9,2025-06-21,8,0.4165,0,01:30,01:40,2973.27514581,0,0,0,0,0.378009206714,7432.72684144
2025-06-21,11,01:50,2954.0459,0,2919.86205243,0,64.276793023,64.276793023,0,0,428.06419031,0,0,0,6389.5359448,10,2025-06-21,9,0.4295,27.6068826034,01:40,01:50,2919.86205243,0,0,64.276793023,64.276793023,0.375724392191,6865.16282292
2025-06-21,12,02:00,2994.62,0,2857.87851474,0,0,0,0,0,499.103333333,0,0,0,5834.97668554,11,2025-06-21,10,0.4451,0,01:50,02:00,2857.87851474,0,0,0,0,0.384719824983,6389.5359448
2025-06-21,13,02:10,3072.4014,0,2979.60259649,0,0,0,0,0,512.0669,0,0,0,5266.01346331,12,2025-06-21,11,0.405,0,02:00,02:10,2979.60259649,0,0,0,0,0.389853589622,5834.97668554
2025-06-21,14,02:20,3013.1015,0,2946.2943124,0,0,0,0,0,502.183583333,0,0,0,4708.03170405,13,2025-06-21,12,0.3784,0,02:10,02:20,2946.2943124,0,0,0,0,0.386776985142,5266.01346331
2025-06-21,15,02:30,2838.75,0,2724.24634024,0,454.041056707,454.041056707,0,0,19.0839432928,0,0,0,4686.82732262,14,2025-06-21,13,0.3917,177.847881912,02:20,02:30,2724.24634024,0,0,454.041056707,454.041056707,0.368530789774,4708.03170405
2025-06-21,16,02:40,2749.9199,0,2777.93733987,0,462.989556645,462.989556645,0,4.66957331148,0,0,0,0,4691.0299386,15,2025-06-21,14,0.3964,183.529060254,02:30,02:40,2777.93733987,0,0,462.989556645,462.989556645,0.359291287911,4686.82732262
2025-06-21,17,02:50,2820.5847,0,2746.30942674,0,457.71823779,457.71823779,0,0,12.3792122101,0,0,0,4677.27525836,16,2025-06-21,15,0.3495,159.972524108,02:40,02:50,2746.30942674,0,0,457.71823779,457.71823779,0.338699903,4691.0299386
2025-06-21,18,03:00,2936.24,0,2608.08458744,0,434.680764573,434.680764573,0,0,54.6925687606,0,0,0,4616.50573752,17,2025-06-21,16,0.3048,132.490697042,02:50,03:00,2608.08458744,0,0,434.680764573,434.680764573,0.332165753009,4677.27525836
2025-06-21,19,03:10,2920.1894,0.0012,2689.59817789,0.000745711500975,0,0,0,0,486.698033333,0,0,0.0002,4075.73014493,18,2025-06-21,17,0.3585,0,03:00,03:10,2689.59817789,0.000745711500975,0,0,0,0.384718012753,4616.50573752
2025-06-21,20,03:20,2951.0328,0,2741.78865074,0,0,0,0,0,491.8388,0,0,0,3529.24258937,19,2025-06-21,18,0.4058,0,03:10,03:20,2741.78865074,0,0,0,0,0.400792288358,4075.73014493
2025-06-21,21,03:30,2977.51,0,2720.61916429,0,453.436527382,453.436527382,0,0,42.8151392846,0,0,0,3481.67021239,20,2025-06-21,19,0.4053,183.777824548,03:20,03:30,2720.61916429,0,0,453.436527382,453.436527382,0.363430899862,3529.24258937
2025-06-21,22,03:40,2780.298,0.0162,2869.64657381,0.000745711500975,478.274304683,478.274304683,0,14.8940046834,0,0,0,0.0027,3495.0748166,21,2025-06-21,20,0.4087,195.470708324,03:30,03:40,2869.64657381,0.000745711500975,0,478.274304683,478.274304683,0.363923427188,3481.67021239
2025-06-21,23,03:50,2728.3059,0,2923.76428996,0,487.294048327,487.294048327,0,32.5763983268,0,0,0,0,3524.3935751,22,2025-06-21,21,0.3866,188.387879083,03:40,03:50,2923.76428996,0,0,487.294048327,487.294048327,0.365672247834,3495.0748166
2025-06-21,24,04:00,2862.19,0,2725.11944551,0,454.186574252,454.186574252,0,0,22.8450924146,0,0,0,3499.01013908,23,2025-06-21,22,0.3566,161.962932378,03:50,04:00,2725.11944551,0,0,454.186574252,454.186574252,0.352101908071,3524.3935751
2025-06-21,25,04:10,2845.9182,0.2263,2660.55354192,0.936690559298,443.269475227,443.269475227,0,0,31.0125081063,0,0,0.0377166666667,3464.55179674,24,2025-06-21,23,0.3708,164.364321414,04:00,04:10,2660.55354192,0.936690559298,0,443.269475227,443.269475227,0.339536268345,3499.01013908
2025-06-21,26,04:20,2748.951,0,2666.40957761,0,444.401596269,444.401596269,0,0,13.7569037309,0,0,0,3449.26634815,25,2025-06-21,24,0.3532,156.962643802,04:10,04:20,2666.40957761,0,0,444.401596269,444.401596269,0.34393288234,3464.55179674
2025-06-21,27,04:30,2677.31,0,2671.77574814,0,445.295958023,445.295958023,0,0,0.922375310823,0,0,0,3448.2414867,26,2025-06-21,25,0.3096,137.863628604,04:20,04:30,2671.77574814,0,0,445.295958023,445.295958023,0.360795610119,3449.26634815
2025-06-21,28,04:40,2660.8713,3.1516,2641.3387693,3.40480626849,439.655660505,439.655660505,0,0,3.2976228285,0,0,0.525266666667,3444.57746133,27,2025-06-21,26,0.3237,142.316537305,04:30,04:40,2641.3387693,3.40480626849,0,439.655660505,439.655660505,0.352547012385,3448.2414867
2025-06-21,29,04:50,2702.3205,0,2615.49335936,0,435.915559893,435.915559893,0,0,14.471190107,0,0,0,3428.49836121,28,2025-06-21,27,0.3321,144.76755744,04:40,04:50,2615.49335936,0,0,435.915559893,435.915559893,0.345778586004,3444.57746133
2025-06-21,30,05:00,2732.32,7.275,2599.12396931,6.52052283492,432.100574412,432.100574412,0,0,22.0735922545,0,0,1.2125,3403.9721476,29,2025-06-21,28,0.3143,135.809210538,04:50,05:00,2599.12396931,6.52052283492,0,432.100574412,432.100574412,0.348460329839,3428.49836121
2025-06-21,31,05:10,2664.7178,116.7655,2576.12817755,122.999150124,408.854837904,408.854837904,0,0,15.8038787628,0,0,19.4609166667,3386.4122823,30,2025-06-21,29,0.3191,130.465578775,05:00,05:10,2576.12817755,122.999150124,0,408.854837904,408.854837904,0.330907670551,3403.9721476
2025-06-21,32,05:20,2606.871,263.9703,2602.53354099,305.405247101,382.854715649,382.854715649,0,0,7.62873435098,0,0,43.99505,3377.9359108,31,2025-06-21,30,0.3488,133.539724818,05:10,05:20,2602.53354099,305.405247101,0,382.854715649,382.854715649,0.334267974256,3386.4122823
2025-06-21,33,05:30,2642.15,417.075,2709.12929641,491.509132478,369.603360656,369.603360656,0,0,1.24247267739,0,0,69.5125,3376.5553856,32,2025-06-21,31,0.3395,125.480340943,05:20,05:30,2709.12929641,491.509132478,0,369.603360656,369.603360656,0.328769915844,3377.9359108
2025-06-21,34,05:40,2745.0641,587.5961,2850.87449803,682.806153889,1194.67805736,1192.91133333,1.76672402278,833.333333333,0,0,0,97.9326833333,4126.5553856,33,2025-06-21,32,0.2621,313.125118833,05:30,05:40,2850.87449803,682.806153889,0,1194.67805736,1194.67805736,0.287044331192,3376.5553856
2025-06-21,35,05:50,2758.042,735.8325,2854.72560547,882.15248829,0,0,0,0,337.034916667,0,0,122.63875,3752.07214486,34,2025-06-21,33,0.4169,0,05:40,05:50,2854.72560547,882.15248829,0,0,0,0.423064200692,4126.5553856
2025-06-21,36,06:00,2741.64,890.7,2740.37141216,1080.42810339,0,0,0,0,308.49,0,0,148.45,3409.3054782,35,2025-06-21,34,0.7087,0,05:50,06:00,2740.37141216,1080.42810339,0,0,0,0.715030439953,3752.07214486
2025-06-21,37,06:10,2888.7304,1136.9554,2755.33076818,1205.64271188,0,0,0,0,291.9625,0,0,189.492566667,3084.90270042,36,2025-06-21,35,0.7158,0,06:00,06:10,2755.33076818,1205.64271188,6,0,0,0.76220152952,3409.3054782
2025-06-21,38,06:20,2932.231,1453.4028,2755.36535907,1482.93148659,0,0,0,0,246.471366667,0,0,242.2338,2811.04562635,37,2025-06-21,36,0.6144,0,06:10,06:20,2755.36535907,1482.93148659,6,0,0,0.677174026968,3084.90270042
2025-06-21,39,06:30,2764.02,1765.9125,2716.03027269,1752.1471195,0,0,0,0,166.35125,0,0,294.31875,2626.21090412,38,2025-06-21,37,0.5732,0,06:20,06:30,2716.03027269,1752.1471195,6,0,0,0.615579116385,2811.04562635
2025-06-21,40,06:40,2606.6137,2022.3026,2647.34441626,2044.41307619,0,0,0,0,97.3851833333,0,0,337.050433333,2518.00514486,39,2025-06-21,38,0.586,0,06:30,06:40,2647.34441626,2044.41307619,6,0,0,0.597991910002,2626.21090412
2025-06-21,41,06:50,2867.7649,2350.4923,2757.98193979,2344.82452599,0,0,0,0,86.2121,0,0,391.748716667,2422.21392264,40,2025-06-21,39,0.6004,0,06:40,06:50,2757.98193979,2344.82452599,6,0,0,0.614668255911,2518.00514486
2025-06-21,42,07:00,3304.27,2699.25,3087.37987633,2652.27084903,0,0,0,0,100.836666667,0,0,449.875,2310.1731819,41,2025-06-21,40,0.5991,0,06:50,07:00,3087.37987633,2652.27084903,6,0,0,0.625765322932,2422.21392264
2025-06-21,43,07:10,3254.3169,2874.6231,3207.72956547,2908.89247545,0,0,0,0,63.2823,0,0,479.10385,2239.85951523,42,2025-06-21,41,0.598,0,07:00,07:10,3207.72956547,2908.89247545,6,0,0,0.607630394016,2310.1731819
2025-06-21,44,07:20,3137.5948,3006.0287,3233.68652485,3125.81159792,0,0,0,0,21.9276833333,0,0,501.004783333,2215.49542264,43,2025-06-21,42,0.5678,0,07:10,07:20,3233.68652485,3125.81159792,6,0,0,0.602314140997,2239.85951523
2025-06-21,45,07:30,3174.85,3224.8875,3216.78247264,3340.46103402,0,0,0,8.33958333333,0,0,0,537.48125,2223.00104764,44,2025-06-21,43,0.5032,0,07:20,07:30,3216.78247264,3340.46103402,6,0,0,0.594849678246,2215.49542264
2025-06-21,46,07:40,3159.7263,3537.527,3214.83225876,3557.2269256,0,0,0,62.9667833333,0,0,0,589.587833333,2279.67115264,45,2025-06-21,44,0.4634,0,07:30,07:40,3214.83225876,3557.2269256,6,0,0,0.55291174277,2223.00104764
2025-06-21,47,07:50,3087.5763,3785.3986,3180.20635198,3774.5983721,0,0,0,116.303716667,0,0,0,630.899766667,2384.34449764,46,2025-06-21,45,0.6087,0,07:40,07:50,3180.20635198,3774.5983721,6,0,0,0.639888491638,2279.67115264
2025-06-21,48,08:00,3062.36,4003.425,3183.83230547,3990.13682644,0,0,0,156.844166667,0,0,0,667.2375,2525.50424764,47,2025-06-21,46,0.8359,0,07:50,08:00,3183.83230547,3990.13682644,6,0,0,0.846223042792,2384.34449764
2025-06-21,49,08:10,3162.0197,4334.7324,3279.64150303,4140.63090607,0,0,0,195.452116667,0,0,0,722.4554,2701.41115264,48,2025-06-21,47,0.8537,0,08:00,08:10,3279.64150303,4140.63090607,6,0,0,0.875363048862,2525.50424764
2025-06-21,50,08:20,3160.9922,4441.8035,3230.1771453,4278.92418481,0,0,0,213.46855,0,0,0,740.300583333,2893.53284764,49,2025-06-21,48,0.7708,0,08:10,08:20,3230.1771453,4278.92418481,6,0,0,0.823114063524,2701.41115264
2025-06-21,51,08:30,3037.59,4358.7,3085.92177661,4416.77230487,0,0,0,220.185,0,0,0,726.45,3091.69934764,50,2025-06-21,49,0.7264,0,08:20,08:30,3085.92177661,4416.77230487,6,0,0,0.812469760937,2893.53284764
2025-06-21,52,08:40,3030.9974,4479.895,3113.42182328,4554.38498978,0,0,0,241.482933333,0,0,0,746.649166667,3309.03398764,51,2025-06-21,50,0.7632,0,08:30,08:40,3113.42182328,4554.38498978,6,0,0,0.811936701283,3091.69934764
2025-06-21,53,08:50,3289.939,4668.5166,3404.49158708,4681.76708541,0,0,0,229.762933333,0,0,0,778.0861,3515.82062764,52,2025-06-21,51,0.8305,0,08:40,08:50,3404.49158708,4681.76708541,6,0,0,0.821942877153,3309.03398764
2025-06-21,54,09:00,3650.62,4746.075,3705.96382698,4813.49795743,0,0,0,182.575833333,0,0,0,791.0125,3680.13887764,53,2025-06-21,52,0.8764,0,08:50,09:00,3705.96382698,4813.49795743,6,0,0,0.819413852266,3515.82062764
2025-06-21,55,09:10,3785.9011,4746.9534,3853.10712491,5147.20827462,0,0,0,160.175383333,0,0,0,791.1589,3824.29672264,54,2025-06-21,53,0.8731,0,09:00,09:10,3853.10712491,5147.20827462,6,0,0,0.784799288162,3680.13887764
2025-06-21,56,09:20,3849.6183,5139.4381,3828.06324484,5434.05240975,0,0,0,214.969966667,0,0,0,856.573016667,4017.76969264,55,2025-06-21,54,0.8073,0,09:10,09:20,3828.06324484,5434.05240975,6,0,0,0.798084256348,3824.29672264
2025-06-21,57,09:30,3824.6,5794.3125,3718.58074789,5706.56086397,0,0,0,328.285416667,0,0,0,965.71875,4313.22656764,56,2025-06-21,55,0.7234,0,09:20,09:30,3718.58074789,5706.56086397,6,0,0,0.832175459919,4017.76969264
2025-06-21,58,09:40,3582.3586,6109.068,3686.12276032,5994.66148989,0,0,0,421.118233333,0,0,0,1018.178,4692.23297764,57,2025-06-21,56,0.6977,0,09:30,09:40,3686.12276032,5994.66148989,6,0,0,0.787776885459,4313.22656764
2025-06-21,59,09:50,3687.9447,6385.1018,3708.54857364,6281.06932023,0,0,0,449.526183333,0,0,0,1064.18363333,5096.80654264,58,2025-06-21,57,0.7164,0,09:40,09:50,3708.54857364,6281.06932023,6,0,0,0.758786462001,4692.23297764
2025-06-21,60,10:00,4000.14,6643.5375,3775.52725031,6563.27975493,0,0,0,440.56625,0,0,0,1107.25625,5493.31616764,59,2025-06-21,58,0.7212,0,09:50,10:00,3775.52725031,6563.27975493,6,0,0,0.78002911694,5096.80654264
2025-06-21,61,10:10,3826.1041,6589.8893,3848.48010535,6654.30654433,0,0,0,460.630866667,0,0,0,1098.31488333,5907.88394764,60,2025-06-21,59,0.6702,0,10:00,10:10,3848.48010535,6654.30654433,6,0,0,0.800914689993,5493.31616764
2025-06-21,62,10:20,3761.4976,6695.6004,3759.67291281,6762.73130204,0,0,0,489.017133333,0,0,0,1115.9334,6347.99936764,61,2025-06-21,60,0.6649,0,10:10,10:20,3759.67291281,6762.73130204,6,0,0,0.764723610383,5907.88394764
2025-06-21,63,10:30,3901.91,7000.9875,3658.09132996,6855.02921361,0,0,0,516.512916667,0,0,0,1166.83125,6812.86099264,62,2025-06-21,61,0.7152,0,10:20,10:30,3658.09132996,6855.02921361,6,0,0,0.715868235668,6347.99936764
2025-06-21,64,10:40,3726.7535,7093.8409,3734.29666453,6959.74324377,0,0,0,561.181233333,0,0,0,1182.30681667,7317.92410264,63,2025-06-21,62,0.7053,0,10:30,10:40,3734.29666453,6959.74324377,6,0,0,0.753854395191,6812.86099264
2025-06-21,65,10:50,3565.5609,7243.1188,3756.40413503,7053.94413958,0,0,0,612.926316667,0,0,0,1207.18646667,7869.55778764,64,2025-06-21,63,0.5367,0,10:40,10:50,3756.40413503,7053.94413958,6,0,0,0.631796405646,7317.92410264
2025-06-21,66,11:00,3679.21,7400.1,3657.25636178,7126.6703301,0,0,0,620.148333333,0,0,0,1233.35,8427.69128764,65,2025-06-21,64,0.3314,0,10:50,11:00,3657.25636178,7126.6703301,6,0,0,0.391200027973,7869.55778764
2025-06-21,67,11:10,3945.6166,7306.5816,3610.37867165,7155.14384562,0,0,0,560.160833333,0,0,0,1217.7636,8931.83603764,66,2025-06-21,65,0.3161,0,11:00,11:10,3610.37867165,7155.14384562,6,0,0,0.345220783805,8427.69128764
2025-06-21,68,11:20,3900.6403,7782.8954,3596.50501103,7179.04017485,0,0,0,647.042516667,0,0,0,1297.14923333,9514.17430264,67,2025-06-21,66,0.2901,0,11:10,11:20,3596.50501103,7179.04017485,6,0,0,0.370328054651,8931.83603764
2025-06-21,69,11:30,3645.76,8490.225,3608.49312968,7200.84083811,0,0,0,807.410833333,0,0,0,1415.0375,10240.8440526,68,2025-06-21,67,0.2072,0,11:20,11:30,3608.49312968,7200.84083811,6,0,0,0.36736098259,9514.17430264
2025-06-21,70,11:40,3705.1427,8180.7164,3701.67589729,7225.51491203,0,0,0,621.284385953,0,0,124.644564047,1238.80816929,10800,69,2025-06-21,68,0.2258,0,11:30,11:40,3701.67589729,7225.51491203,6,0,0,0.407304149018,10240.8440526
2025-06-21,71,11:50,3724.3133,7677.6706,3729.08300984,7247.55151262,0,0,0,0,0,0,658.892883333,620.718883333,10800,70,2025-06-21,69,0.2711,0,11:40,11:50,3729.08300984,7247.55151262,6,0,0,0.403365243626,10800
2025-06-21,72,12:00,3631.08,7665.1125,3732.215759,7269.33672167,0,0,0,0,0,0,672.33875,605.18,10800,71,2025-06-21,70,0.2744,0,11:50,12:00,3732.215759,7269.33672167,6,0,0,0.392620342872,10800
2025-06-21,73,12:10,3735.5415,8044.2631,3820.58580793,7710.24551849,0,0,0,0,0,0,718.120266667,622.59025,10800,72,2025-06-21,71,0.2473,0,12:00,12:10,3820.58580793,7710.24551849,12,0,0,0.403581537589,10800
2025-06-21,74,12:20,3852.2352,8300.9755,3770.65893712,7747.33488934,0,0,0,0,0,0,741.456716667,642.0392,10800,73,2025-06-21,72,0.2497,0,12:10,12:20,3770.65893712,7747.33488934,12,0,0,0.403463534764,10800
2025-06-21,75,12:30,3928.56,8383.0125,3679.01933693,7785.35149195,0,0,0,0,0,0,742.40875,654.76,10800,74,2025-06-21,73,0.2484,0,12:20,12:30,3679.01933693,7785.35149195,12,0,0,0.372069633519,10800
2025-06-21,76,12:40,4059.9044,8605.7877,3730.57570328,7818.36522806,0,0,0,0,0,0,757.647216667,676.650733333,10800,75,2025-06-21,74,0.1828,0,12:30,12:40,3730.57570328,7818.36522806,12,0,0,0.336993358798,10800
2025-06-21,77,12:50,3912.5928,8542.7209,3740.01367941,7849.27817991,0,0,0,0,0,0,771.688016667,652.0988,10800,76,2025-06-21,75,0.2868,0,12:40,12:50,3740.01367941,7849.27817991,12,0,0,0.477357045246,10800
2025-06-21,78,13:00,3688.01,8049.6,3711.40125966,7882.84243676,0,0,0,0,0,0,726.931666667,614.668333333,10800,77,2025-06-21,76,0.5464,0,12:50,13:00,3711.40125966,7882.84243676,12,0,0,0.717685443973,10800
2025-06-21,79,13:10,3910.4683,7493.4162,3806.8636805,7518.62919124,0,0,0,0,0,0,597.157983333,651.744716667,10800,78,2025-06-21,77,0.681,0,13:00,13:10,3806.8636805,7518.62919124,12,0,0,0.787968632821,10800
2025-06-21,80,13:20,3862.6154,7354.9231,3830.40517893,7156.01208979,0,0,0,0,0,0,582.051283333,643.769233333,10800,79,2025-06-21,78,0.6383,0,13:10,13:20,3830.40517893,7156.01208979,12,0,0,0.769346559864,10800
2025-06-21,81,13:30,3589.29,7340.8875,3772.65602807,6791.56808384,0,0,0,0,0,0,625.26625,598.215,10800,80,2025-06-21,79,0.5716,0,13:20,13:30,3772.65602807,6791.56808384,12,0,0,0.771744336028,10800
2025-06-21,82,13:40,3849.2221,6714.7449,3808.34546377,6429.5444497,0,0,0,0,0,0,477.587133333,641.537016667,10800,81,2025-06-21,80,0.6829,0,13:30,13:40,3808.34546377,6429.5444497,12,0,0,0.770538738292,10800
2025-06-21,83,13:50,3978.2382,6127.755,3933.82390093,6067.53565931,0,0,0,0,0,0,358.2528,663.0397,10800,82,2025-06-21,81,0.797,0,13:40,13:50,3933.82390093,6067.53565931,12,0,0,0.782626377369,10800
2025-06-21,84,14:00,3861.85,5956.2,3976.29265288,5704.90048257,0,0,0,0,0,0,349.058333333,643.641666667,10800,83,2025-06-21,82,0.8133,0,13:50,14:00,3976.29265288,5704.90048257,12,0,0,0.804226392897,10800
2025-06-21,85,14:10,4047.8905,5941.7978,4019.86300367,5652.96165754,0,0,0,0,0,0,315.651216667,674.648416667,10800,84,2025-06-21,83,0.7993,0,14:00,14:10,4019.86300367,5652.96165754,12,0,0,0.813210189564,10800
2025-06-21,86,14:20,4095.2281,5827.294,3968.29840543,5589.74292545,0,0,0,0,0,0,288.67765,682.538016667,10800,85,2025-06-21,84,0.8114,0,14:10,14:20,3968.29840543,5589.74292545,12,0,0,0.805676432197,10800
2025-06-21,87,14:30,4007.39,5738.1375,3893.88983852,5518.21609159,0,0,0,0,0,0,288.457916667,667.898333333,10800,86,2025-06-21,85,0.8574,0,14:20,14:30,3893.88983852,5518.21609159,12,0,0,0.819585867986,10800
2025-06-21,88,14:40,4227.0513,5964.2607,3847.94157103,5449.04168232,0,0,0,0,0,0,289.5349,704.50855,10800,87,2025-06-21,86,0.8672,0,14:30,14:40,3847.94157103,5449.04168232,12,0,0,0.875314204187,10800
2025-06-21,89,14:50,4182.4486,5979.2451,3939.26326065,5385.19922066,0,0,0,0,0,0,299.466083333,697.074766667,10800,88,2025-06-21,87,0.6527,0,14:40,14:50,3939.26326065,5385.19922066,12,0,0,0.769272824322,10800
2025-06-21,90,15:00,3879.68,5680.4625,4038.36753946,5319.56213743,0,0,0,0,0,0,300.130416667,646.613333333,10800,89,2025-06-21,88,0.3818,0,14:50,15:00,4038.36753946,5319.56213743,12,0,0,0.545349231105,10800
2025-06-21,91,15:10,3916.2335,5457.1539,3993.82575522,5057.81279813,0,0,0,0,0,0,256.820066667,652.705583333,10800,90,2025-06-21,89,0.4347,0,15:00,15:10,3993.82575522,5057.81279813,12,0,0,0.518754464979,10800
2025-06-21,92,15:20,3924.3398,5153.0688,3971.79042057,4808.67006214,0,0,0,0,0,0,204.788166667,654.056633333,10800,91,2025-06-21,90,0.5156,0,15:10,15:20,3971.79042057,4808.67006214,12,0,0,0.569440064622,10800
2025-06-21,93,15:30,3875.5,4811.1,4031.02369002,4564.39025684,0,0,0,0,0,0,155.933333333,645.916666667,10800,92,2025-06-21,91,0.4952,0,15:20,15:30,4031.02369002,4564.39025684,12,0,0,0.575395053789,10800
2025-06-21,94,15:40,4137.0155,4680.9532,4233.84457745,4304.88634396,0,0,0,0,0,0,90.6562833333,689.502583333,10800,93,2025-06-21,92,0.5311,0,15:30,15:40,4233.84457745,4304.88634396,12,0,0,0.623973190435,10800
2025-06-21,95,15:50,4317.2602,4481.2341,4287.18584653,4045.48367879,33.8028136506,0,33.8028136506,0,0,0,27.3289833333,719.543366667,10800,94,2025-06-21,93,0.5692,25.1470160936,15:40,15:50,4287.18584653,4045.48367879,12,54.5563433896,33.8028136506,0.646507640702,10800
2025-06-21,96,16:00,4217.43,4055.4,4287.97684033,3793.90845914,73.5291852182,27.005,46.5241852182,0,0,0,0,675.9,10800,95,2025-06-21,94,0.5723,51.1240068175,15:50,16:00,4287.97684033,3793.90845914,12,105.132379756,73.5291852182,0.659344004268,10800
2025-06-21,97,16:10,4034.2858,3562.8565,4503.92924099,3558.13593471,149.656674916,78.57155,71.0851249158,0,0,0,0,593.809416667,10800,96,2025-06-21,95,0.5744,95.8886601053,16:00,16:10,4503.92924099,3558.13593471,12,184.217489796,149.656674916,0.712297220815,10800
2025-06-21,98,16:20,3980.7146,3361.4888,4356.74456796,3345.20752141,163.362595822,103.2043,60.1582958225,0,0,0,0,560.248133333,10800,97,2025-06-21,96,0.599,106.874401329,16:10,16:20,4356.74456796,3345.20752141,12,193.480146512,163.362595822,0.729623992357,10800
2025-06-21,99,16:30,4042.02,3406.575,4031.75438155,3136.23583656,145.055505051,105.9075,39.1480050507,0,0,0,0,567.7625,10800,98,2025-06-21,97,0.6284,98.953357944,16:20,16:30,4031.75438155,3136.23583656,12,169.881980449,145.055505051,0.709197332536,10800
2025-06-21,100,16:40,3983.774,3291.2298,4308.11662545,2931.81916049,224.289859998,115.424033333,108.865826665,0,0,0,0,548.5383,10800,99,2025-06-21,98,0.6239,145.464179926,16:30,16:40,4308.11662545,2931.81916049,12,242.016214455,224.289859998,0.722901452291,10800
2025-06-21,101,16:50,3621.8931,2964.175,4205.16398806,2721.14062324,244.02499957,109.619683333,134.405316237,0,0,0,0,494.029166667,10800,100,2025-06-21,99,0.6144,153.815286718,16:40,16:50,4205.16398806,2721.14062324,12,256.675803548,244.02499957,0.726136305288,10800
2025-06-21,102,17:00,3240.3,2623.6125,3679.32178601,2501.93788044,198.348766239,102.78125,95.567516239,0,0,0,0,437.26875,10800,101,2025-06-21,100,0.6289,127.959834696,16:50,17:00,3679.32178601,2501.93788044,12,208.583447773,198.348766239,0.711672131226,10800
2025-06-21,103,17:10,3335.0072,2479.2426,3692.85658345,2191.14386457,249.159619531,142.627433333,106.532186198,0,0,0,0,413.2071,10800,102,2025-06-21,101,0.6705,168.563468874,17:00,17:10,3692.85658345,2191.14386457,12,253.639691057,249.159619531,0.711870749246,10800
2025-06-21,104,17:20,3462.6248,2185.8548,3733.70255164,1948.93513474,296.533972609,212.795,83.7389726086,0,0,0,0,364.309133333,10800,103,2025-06-21,102,0.7075,210.079654377,17:10,17:20,3733.70255164,1948.93513474,12,297.330774748,296.533972609,0.743308372543,10800
2025-06-21,105,17:30,3484.27,1750.4625,3655.67429747,1702.03750221,322.624107389,288.967916667,33.656190722,0,0,0,0,291.74375,10800,104,2025-06-21,103,0.7038,227.06284678,17:20,17:30,3655.67429747,1702.03750221,12,322.624107389,322.624107389,0.756496325901,10800
2025-06-21,106,17:40,3649.2081,1528.3871,3668.32874644,1444.42949426,365.91262877,353.470166667,12.442462103,0,0,0,0,254.731183333,10800,105,2025-06-21,104,0.6796,248.674222512,17:30,17:40,3668.32874644,1444.42949426,12,365.91262877,365.91262877,0.736107824319,10800
2025-06-21,107,17:50,3604.3529,1310.4274,3637.82342473,1200.68312528,398.206994084,382.320916667,15.8860774172,0,0,0,0,218.404566667,10800,106,2025-06-21,105,0.8445,336.285806504,17:40,17:50,3637.82342473,1200.68312528,12,398.206994084,398.206994084,0.88563181754,10800
2025-06-21,108,18:00,3349.51,1034.1,3593.28733702,966.99125553,425.38926905,385.901666667,39.4876023829,0,0,0,0,172.35,10800,107,2025-06-21,106,1.1012,468.438663077,17:50,18:00,3593.28733702,966.99125553,12,425.38926905,425.38926905,1.13557753953,10800
2025-06-21,109,18:10,3274.4828,860.3286,3598.63372366,855.354418604,455.582002617,402.359033333,53.2229692836,0,0,0,0,143.3881,10800,108,2025-06-21,107,1.1314,515.445477761,18:00,18:10,3598.63372366,855.354418604,18,455.582002617,455.582002617,1.16458820144,10800
2025-06-21,110,18:20,3297.0032,677.2547,3638.74281965,647.034579628,497.412995838,436.62475,60.7882458378,0,0,0,0,112.875783333,10800,109,2025-06-21,108,1.1374,565.757541466,18:10,18:20,3638.74281965,647.034579628,18,497.412995838,497.412995838,1.14458186064,10800
2025-06-21,111,18:30,3342.79,452.7,3691.87313897,451.058541247,539.240287196,481.681666667,57.5586205294,0,0,0,0,75.45,10800,110,2025-06-21,109,1.1803,636.465310977,18:20,18:30,3691.87313897,451.058541247,18,539.240287196,539.240287196,1.17615812844,10800
2025-06-21,112,18:40,3456.8314,276.0564,3779.10085266,284.741348954,0,0,0,0,530.129166667,0,0,46.0094,10210.9675926,111,2025-06-21,110,1.1266,0,18:30,18:40,3779.10085266,284.741348954,18,0,0,1.20037610382,10800
2025-06-21,113,18:50,3634.5648,121.8367,3755.56826903,116.628304095,605.69658005,605.69658005,0,20.2418967165,0,0,0,20.3061166667,10229.1852996,112,2025-06-21,111,1.153,698.368156797,18:40,18:50,3755.56826903,116.628304095,18,605.69658005,605.69658005,1.19353391293,10210.9675926
2025-06-21,114,19:00,3852.72,7.7625,3658.87339456,21.8026230367,83.7950642895,83.7950642895,0,0,557.031185711,0,0,1.29375,9610.26175996,113,2025-06-21,112,1.2618,105.73261212,18:50,19:00,3658.87339456,21.8026230367,18,83.7950642895,83.7950642895,1.19838902819,10229.1852996
2025-06-21,115,19:10,4004.9442,0,3699.00592796,0,0,0,0,0,667.4907,0,0,0,8868.60542663,114,2025-06-21,113,1.2633,0,19:00,19:10,3699.00592796,0,18,0,0,1.24422171396,9610.26175996
2025-06-21,116,19:20,3706.7434,3.2619,3739.70610778,2.67549847436,0,0,0,0,617.246916667,0,0,0.54365,8182.77551922,115,2025-06-21,114,1.2161,0,19:10,19:20,3739.70610778,2.67549847436,18,0,0,1.24760466502,8868.60542663
2025-06-21,117,19:30,3293.48,0,3705.35049633,0,0,0,0,0,548.913333333,0,0,0,7572.87181551,116,2025-06-21,115,1.1876,0,19:20,19:30,3705.35049633,0,18,0,0,1.22005548132,8182.77551922
2025-06-21,118,19:40,3492.5254,0,3651.37091524,0,0,0,0,0,582.087566667,0,0,0,6926.10785255,117,2025-06-21,116,1.1812,0,19:30,19:40,3651.37091524,0,18,0,0,1.21923363811,7572.87181551
2025-06-21,119,19:50,3490.6667,0.2342,3595.7940039,0.758234270818,0,0,0,0,581.73875,0,0,0.0390333333333,6279.73146366,118,2025-06-21,117,1.1704,0,19:40,19:50,3595.7940039,0.758234270818,18,0,0,1.21909791442,6926.10785255
2025-06-21,120,20:00,3189.62,0,3640.66718599,0,0,0,0,0,531.603333333,0,0,0,5689.06109329,119,2025-06-21,118,1.1558,0,19:50,20:00,3640.66718599,0,18,0,0,1.22458231485,6279.73146366
2025-06-21,121,20:10,3348.2366,0,3831.17358534,0,0,0,0,0,558.039433333,0,0,0,5069.01727848,120,2025-06-21,119,1.1611,0,20:00,20:10,3831.17358534,0,18,0,0,1.25764740754,5689.06109329
2025-06-21,122,20:20,3725.2052,0.0168,3859.39426646,0.000752631578947,0,0,0,0,620.864733333,0,0,0.0028,4379.16757477,121,2025-06-21,120,1.1692,0,20:10,20:20,3859.39426646,0.000752631578947,18,0,0,1.25621529109,5069.01727848
2025-06-21,123,20:30,3960.13,0,3758.08038888,0,0,0,0,0,660.021666667,0,0,0,3645.81016737,122,2025-06-21,121,1.198,0,20:20,20:30,3758.08038888,0,18,0,0,1.2441498771,4379.16757477
2025-06-21,124,20:40,3881.8245,0,3871.68979074,0,0,0,0,0,646.97075,0,0,0,2926.95377848,123,2025-06-21,122,1.2507,0,20:30,20:40,3871.68979074,0,18,0,0,1.2630700626,3645.81016737
2025-06-21,125,20:50,3513.6729,0.0012,3962.13680582,0.000752631578947,659.346149071,659.346149071,0,73.7341990715,0,0,0,0.0002,2993.31455764,124,2025-06-21,123,1.1066,729.632448562,20:40,20:50,3962.13680582,0.000752631578947,18,659.346149071,659.346149071,1.13693206255,2926.95377848
2025-06-21,126,21:00,3160.32,0,3743.90157775,0,623.029359763,623.029359763,0,96.309359763,0,0,0,0,3079.99298143,125,2025-06-21,124,0.857,533.936161317,20:50,21:00,3743.90157775,0,18,623.029359763,623.029359763,0.918726981074,2993.31455764
2025-06-21,127,21:10,3214.7106,0,3602.67237699,0,599.527155792,599.527155792,0,63.742055792,0,0,0,0,3137.36083164,126,2025-06-21,125,0.8345,500.305411508,21:00,21:10,3602.67237699,0,18,599.527155792,599.527155792,0.879226565281,3079.99298143
2025-06-21,128,21:20,3489.1029,0,3564.81771873,0,593.227694385,593.227694385,0,11.7105443855,0,0,0,0,3147.90032159,127,2025-06-21,126,0.871,516.70132181,21:10,21:20,3564.81771873,0,18,593.227694385,593.227694385,0.892875673056,3137.36083164
2025-06-21,129,21:30,3713.49,0,3583.37309975,0,596.315528538,596.315528538,0,0,22.5994714622,0,0,0,3122.78979774,128,2025-06-21,127,0.8848,527.61997965,21:20,21:30,3583.37309975,0,18,596.315528538,596.315528538,0.914168704175,3147.90032159
2025-06-21,130,21:40,3715.4477,0,3611.0834138,0,600.926851476,600.926851476,0,0,18.314431857,0,0,0,3102.44042901,129,2025-06-21,128,0.9243,555.43668882,21:30,21:40,3611.0834138,0,18,600.926851476,600.926851476,0.941178794497,3122.78979774
2025-06-21,131,21:50,3460.6768,0,3508.743703,0,583.896317106,583.896317106,0,7.11685043896,0,0,0,0,3108.84559441,130,2025-06-21,129,0.7155,417.777814889,21:40,21:50,3508.743703,0,18,583.896317106,583.896317106,0.743950273585,3102.44042901
2025-06-21,132,22:00,3169.68,0,3323.09399939,0,1387.18233323,1361.61333333,25.5689998984,833.333333333,0,0,0,0,3858.84559441,131,2025-06-21,130,0.3942,546.994215935,21:50,22:00,3323.09399939,0,18,1386.33535112,1387.18233323,0.42124187405,3108.84559441
2025-06-21,133,22:10,3161.2424,0,3255.8531382,0,1378.52502184,1360.20706667,18.3179551685,833.333333333,0,0,0,0,4608.84559441,132,2025-06-21,131,0.4048,558.710907808,22:00,22:10,3255.8531382,0,18,1375.1456791,1378.52502184,0.361379773809,3858.84559441
2025-06-21,134,22:20,3268.4465,0,3190.83232914,0,1367.42070431,1367.42070431,0,822.679620981,0,0,0,0,5349.25725329,133,2025-06-21,132,0.4701,643.552012639,22:10,22:20,3190.83232914,0,18,1364.32544994,1367.42070431,0.398175256797,4608.84559441
2025-06-21,135,22:30,3317.19,0,3170.28105707,0,1363.98079468,1363.98079468,0,811.115794681,0,0,0,0,6079.2614685,134,2025-06-21,133,0.4227,577.204650518,22:20,22:30,3170.28105707,0,18,1360.90547599,1363.98079468,0.400036778007,5349.25725329
2025-06-21,136,22:40,3281.0391,0,3392.73704313,0,1401.21588587,1380.17318333,21.042702539,833.333333333,0,0,0,0,6829.2614685,135,2025-06-21,134,0.374,524.67017912,22:30,22:40,3392.73704313,0,18,1397.92477462,1401.21588587,0.404479557088,6079.2614685
2025-06-21,137,22:50,3250.7574,0,3525.17350497,0,1308.20171147,1308.20171147,0,766.408811467,0,0,0,0,7519.02939882,136,2025-06-21,135,0.3646,480.713874299,22:40,22:50,3525.17350497,0,18,1287.66671257,1308.20171147,0.421946113702,6829.2614685
2025-06-21,138,23:00,3190.39,0,3405.22619941,0,570.204165416,570.204165416,0,38.472498749,0,0,0,0,7553.6546477,137,2025-06-21,136,0.3809,217.863889523,22:50,23:00,3405.22619941,0,18,566.669784129,570.204165416,0.425579696873,7519.02939882
2025-06-21,139,23:10,2998.9363,0,3026.94530353,0,1339.98899321,1333.15605,6.83294320736,833.333333333,0,0,0,0,8303.6546477,138,2025-06-21,137,0.3872,519.412201283,23:00,23:10,3026.94530353,0,18,1337.0527168,1339.98899321,0.402303102587,7553.6546477
2025-06-21,140,23:20,2920.9743,0,2961.19790766,0,1329.18508669,1320.16238333,9.0227033609,833.333333333,0,0,0,0,9053.6546477,139,2025-06-21,138,0.3936,523.77211722,23:10,23:20,2961.19790766,0,18,1326.11157502,1329.18508669,0.392241327704,8303.6546477
2025-06-21,141,23:30,2989.3,0,3208.32949643,0,1370.34941229,1331.55,38.7994122864,833.333333333,0,0,0,0,9803.6546477,140,2025-06-21,139,0.3844,527.360484196,23:20,23:30,3208.32949643,0,18,1367.23718485,1370.34941229,0.403607935295,9053.6546477
2025-06-21,142,23:40,3024.571,0,3216.60960187,0,1371.73535153,1337.4285,34.3068515299,833.333333333,0,0,0,0,10553.6546477,141,2025-06-21,140,0.3399,466.78313409,23:30,23:40,3216.60960187,0,18,1368.61509201,1371.73535153,0.410084693376,9803.6546477
2025-06-21,143,23:50,3193.3141,0,3493.27509381,0,584.947927918,584.947927918,0,52.7289112509,0,0,0,0,10601.1106678,142,2025-06-21,141,0.3684,216.162683431,23:40,23:50,3493.27509381,0,18,581.322158175,584.947927918,0.437425279559,10553.6546477
2025-06-21,144,00:00+1,3636.14,0,3941.44932544,0,659.994576435,659.994576435,0,53.9712431016,0,0,0,0,10649.6847866,143,2025-06-21,142,0.4712,311.95327048,23:50,00:00+1,3941.44932544,0,18,655.903633889,659.994576435,0.464719677522,10601.1106678
2025-09-23,1,00:10,3421.106,0,3811.65528187,0,1292.04090179,1292.04090179,0,721.856568458,0,0,0,0,10401.500325,0,2025-09-22,143,0.4059,617.052333514,00:00,00:10,3695.91314612,0,0,835.707166995,1292.04090179,0.472648356879,9751.82941342
2025-09-23,2,00:20,3361.9091,0,3767.55954479,0,627.926590798,627.926590798,0,67.6084074647,0,0,0,0,10462.3478917,1,2025-09-23,0,0.4324,271.515457861,00:10,00:20,3767.55954479,0,0,627.926590798,627.926590798,0.458767642794,10401.500325
2025-09-23,3,00:30,3388.6,0,3661.64146424,0,610.273577374,610.273577374,0,45.5069107075,0,0,0,0,10503.3041114,2,2025-09-23,1,0.4539,277.00317677,00:20,00:30,3661.64146424,0,0,610.273577374,610.273577374,0.448107917758,10462.3478917
2025-09-23,4,00:40,3591.0535,0,3529.24118974,0,588.206864957,588.206864957,0,0,10.30205171,0,0,0,10491.8573873,3,2025-09-23,2,0.4117,242.164766303,00:30,00:40,3529.24118974,0,0,588.206864957,588.206864957,0.429341314144,10503.3041114
2025-09-23,5,00:50,3639.0639,0,3449.93910394,0,574.989850657,574.989850657,0,0,31.5207993428,0,0,0,10456.8342769,4,2025-09-23,3,0.4114,236.55082456,00:40,00:50,3449.93910394,0,0,574.989850657,574.989850657,0.426332731898,10491.8573873
2025-09-23,6,01:00,3538.62,0,3476.60007653,0,579.433346088,579.433346088,0,0,10.3366539118,0,0,0,10445.3491059,5,2025-09-23,4,0.4549,263.584229136,00:50,01:00,3476.60007653,0,0,579.433346088,579.433346088,0.424916253656,10456.8342769
2025-09-23,7,01:10,3584.1201,0,3498.92644785,0,583.154407976,583.154407976,0,0,14.1989420242,0,0,0,10429.5725036,6,2025-09-23,5,0.4413,257.34604024,01:00,01:10,3498.92644785,0,0,583.154407976,583.154407976,0.414581119338,10445.3491059
2025-09-23,8,01:20,3479.83,0,3490.11772407,0,581.686287345,581.686287345,0,1.71462067811,0,0,0,0,10431.1156622,7,2025-09-23,6,0.4365,253.906064426,01:10,01:20,3490.11772407,0,0,581.686287345,581.686287345,0.403734234903,10429.5725036
2025-09-23,9,01:30,3316.08,0,3457.95090242,0,576.325150403,576.325150403,0,23.6451504028,0,0,0,0,10452.3962976,8,2025-09-23,7,0.4529,261.017660617,01:20,01:30,3457.95090242,0,0,576.325150403,576.325150403,0.413010008631,10431.1156622
2025-09-23,10,01:40,3504.3201,0,3478.90712079,0,579.817853465,579.817853465,0,0,4.23549653508,0,0,0,10447.6901903,9,2025-09-23,8,0.4318,250.365349126,01:30,01:40,3478.90712079,0,0,579.817853465,579.817853465,0.436515821709,10452.3962976
2025-09-23,11,01:50,3611.1697,0,3602.84454031,0,600.474090052,600.474090052,0,0,1.38752661439,0,0,0,10446.1484941,10,2025-09-23,9,0.418,250.998169642,01:40,01:50,3602.84454031,0,0,600.474090052,600.474090052,0.449870921552,10447.6901903
2025-09-23,12,02:00,3543.64,0,3705.77880777,0,617.629801296,617.629801296,0,27.0231346291,0,0,0,0,10470.4693153,11,2025-09-23,10,0.4413,272.560031312,01:50,02:00,3705.77880777,0,0,617.629801296,617.629801296,0.441659249577,10446.1484941
2025-09-23,13,02:10,3627.3783,0,3590.4830336,0,598.413838934,598.413838934,0,0,6.14921106618,0,0,0,10463.6368585,12,2025-09-23,11,0.4794,286.879594385,02:00,02:10,3590.4830336,0,0,598.413838934,598.413838934,0.420931031763,10470.4693153
2025-09-23,14,02:20,3646.7973,0,3517.84795527,0,586.307992545,586.307992545,0,0,21.4915574553,0,0,0,10439.7573502,13,2025-09-23,12,0.4675,274.098986515,02:10,02:20,3517.84795527,0,0,586.307992545,586.307992545,0.422636048088,10463.6368585
2025-09-23,15,02:30,3569.92,0,3660.01096777,0,610.001827961,610.001827961,0,15.0151612942,0,0,0,0,10453.2709954,14,2025-09-23,13,0.4225,257.725772313,02:20,02:30,3660.01096777,0,0,610.001827961,610.001827961,0.444409913884,10439.7573502
2025-09-23,16,02:40,3591.0744,0,3720.7357576,0,620.122626266,620.122626266,0,21.6102262662,0,0,0,0,10472.720199,15,2025-09-23,14,0.4268,264.66833689,02:30,02:40,3720.7357576,0,0,620.122626266,620.122626266,0.455252927369,10453.2709954
2025-09-23,17,02:50,3523.6786,0,3695.22253107,0,615.870421845,615.870421845,0,28.5906551781,0,0,0,0,10498.4517887,16,2025-09-23,15,0.4588,282.561349542,02:40,02:50,3695.22253107,0,0,615.870421845,615.870421845,0.447282775694,10472.720199
2025-09-23,18,03:00,3402.03,0,3670.87171709,0,611.811952849,611.811952849,0,44.8069528488,0,0,0,0,10538.7780463,17,2025-09-23,16,0.4777,292.262569876,02:50,03:00,3670.87171709,0,0,611.811952849,611.811952849,0.450322541007,10498.4517887
2025-09-23,19,03:10,3470.8796,0,3777.5862094,0,629.597701567,629.597701567,0,51.1177682336,0,0,0,0,10584.7840377,18,2025-09-23,17,0.4584,288.607586398,03:00,03:10,3777.5862094,0,0,629.597701567,629.597701567,0.460644096349,10538.7780463
2025-09-23,20,03:20,3546.3118,0,3712.44388115,0,618.740646858,618.740646858,0,27.688680191,0,0,0,0,10609.7038498,19,2025-09-23,18,0.4106,254.0549096,03:10,03:20,3712.44388115,0,0,618.740646858,618.740646858,0.450445410119,10584.7840377
2025-09-23,21,03:30,3521.1,0,3558.8906118,0,593.148435299,593.148435299,0,6.29843529943,0,0,0,0,10615.3724416,20,2025-09-23,19,0.3812,226.108183536,03:20,03:30,3558.8906118,0,0,593.148435299,593.148435299,0.425692014611,10609.7038498
2025-09-23,22,03:40,3493.0415,0,3507.64033985,0.00102132075472,584.606553088,584.606553088,0,2.43296975509,0,0,0,0,10617.5621144,21,2025-09-23,20,0.4192,245.067067055,03:30,03:40,3507.64033985,0.00102132075472,0,584.606553088,584.606553088,0.43822822535,10615.3724416
2025-09-23,23,03:50,3616.52,0,3569.37170419,0.00102132075472,594.895113812,594.895113812,0,0,7.85821952164,0,0,0,10608.8307594,22,2025-09-23,21,0.4681,278.470402775,03:40,03:50,3569.37170419,0.00102132075472,0,594.895113812,594.895113812,0.441716831875,10617.5621144
2025-09-23,24,04:00,3738.77,0,3717.96159808,0,619.660266346,619.660266346,0,0,3.4680669869,0,0,0,10604.9773516,23,2025-09-23,22,0.4666,289.133480277,03:50,04:00,3717.96159808,0,0,619.660266346,619.660266346,0.43811394911,10608.8307594
2025-09-23,25,04:10,3573.138,0.0019,3842.74730189,0.153489150416,640.432302123,640.432302123,0,44.9096187898,0,0,0,0.000316666666667,10645.3960085,24,2025-09-23,23,0.4048,259.246995899,04:00,04:10,3842.74730189,0.153489150416,0,640.432302123,640.432302123,0.454769252975,10604.9773516
2025-09-23,26,04:20,3548.8256,0,3827.89932657,0.153489150416,637.95763957,637.95763957,0,46.4867062371,0,0,0,0,10687.2340441,25,2025-09-23,24,0.3873,247.080993806,04:10,04:20,3827.89932657,0.153489150416,0,637.95763957,637.95763957,0.451275517832,10645.3960085
2025-09-23,27,04:30,3696.43,0,3784.05452851,0,630.675754752,630.675754752,0,14.604088085,0,0,0,0,10700.3777234,26,2025-09-23,25,0.4222,266.271303656,04:20,04:30,3784.05452851,0,0,630.675754752,630.675754752,0.430824553942,10687.2340441
2025-09-23,28,04:40,3629.4046,0.0268,3807.38907687,0.153489150416,634.539264621,634.539264621,0,29.6429646208,0,0,0,0.00446666666667,10727.0563916,27,2025-09-23,26,0.4225,268.092839302,04:30,04:40,3807.38907687,0.153489150416,0,634.539264621,634.539264621,0.446984537148,10700.3777234
2025-09-23,29,04:50,3602.4949,0,3768.71865175,0.153489150416,628.094193766,628.094193766,0,27.6783770994,0,0,0,0,10751.966931,28,2025-09-23,27,0.4173,262.103707059,04:40,04:50,3768.71865175,0.153489150416,0,628.094193766,628.094193766,0.452093539353,10727.0563916
2025-09-23,30,05:00,3708.74,0,3679.56348925,0,613.260581542,613.260581542,0,0,4.86275179172,0,0,0,10746.5638734,29,2025-09-23,28,0.4256,261.003703504,04:50,05:00,3679.56348925,0,0,613.260581542,613.260581542,0.421663111847,10751.966931
2025-09-23,31,05:10,3751.3647,0.3731,3592.56947929,0,598.761579881,598.761579881,0,0,26.4036867857,0,0,0.0621833333333,10717.2264436,30,2025-09-23,29,0.433,259.263764088,05:00,05:10,3592.56947929,0,0,598.761579881,598.761579881,0.450155124448,10746.5638734
2025-09-23,32,05:20,3689.4488,0,3731.7952508,0,621.965875134,621.965875134,0,7.05774180042,0,0,0,0,10723.5784113,31,2025-09-23,30,0.4518,281.004182385,05:10,05:20,3731.7952508,0,0,621.965875134,621.965875134,0.477587393635,10717.2264436
2025-09-23,33,05:30,3557.68,0,3806.65840849,0,634.443068082,634.443068082,0,41.4964014156,0,0,0,0,10760.9251725,32,2025-09-23,31,0.4325,274.396626946,05:20,05:30,3806.65840849,0,0,634.443068082,634.443068082,0.458324131468,10723.5784113
2025-09-23,34,05:40,3509.0644,5.1961,3645.01731484,0,1115.37184942,627.394524952,487.977324467,43.4164749519,0,0,0,0.866016666667,10800,33,2025-09-23,32,0.3613,402.983849195,05:30,05:40,3645.01731484,0,0,1115.37184942,1115.37184942,0.400368469231,10760.9251725
2025-09-23,35,05:50,4001.4806,0,3942.74416015,0,657.124026692,657.124026692,0,0,9.78940664171,0,0,0,10789.1228815,34,2025-09-23,33,0.6152,404.262701221,05:40,05:50,3942.74416015,0,0,657.124026692,657.124026692,0.60917675576,10800
2025-09-23,36,06:00,4743.74,0,4712.28261244,0,0,0,0,0,790.623333333,0,0,0,9910.65251114,35,2025-09-23,34,1.0325,0,05:50,06:00,4712.28261244,0,0,0,0,0.981848062851,10789.1228815
2025-09-23,37,06:10,4911.4158,148.7833,4890.90427061,156.418500241,0,0,0,0,793.772083333,0,0,24.7972166667,9028.68352966,36,2025-09-23,35,1.0391,0,06:00,06:10,4890.90427061,156.418500241,6,0,0,1.02380701267,9910.65251114
2025-09-23,38,06:20,4831.9735,376.0146,4693.27934658,419.346844441,0,0,0,0,742.659816667,0,0,62.6691,8203.50595558,37,2025-09-23,36,0.9449,0,06:10,06:20,4693.27934658,419.346844441,6,0,0,0.930882363866,9028.68352966
2025-09-23,39,06:30,4792.2,649.3875,4589.28501948,684.755101247,0,0,0,0,690.46875,0,0,108.23125,7436.31845558,38,2025-09-23,37,0.9432,0,06:20,06:30,4589.28501948,684.755101247,6,0,0,0.901877825341,8203.50595558
2025-09-23,40,06:40,4757.3085,973.8044,4811.42942489,953.968484251,0,0,0,0,630.584016667,0,0,162.300733333,6735.66954818,39,2025-09-23,38,0.9146,0,06:30,06:40,4811.42942489,953.968484251,6,0,0,0.894484803827,7436.31845558
2025-09-23,41,06:50,4755.1526,1245.8597,4850.37136331,1221.86301,0,0,0,0,584.88215,0,0,207.643283333,6085.80049262,40,2025-09-23,39,0.8673,0,06:40,06:50,4850.37136331,1221.86301,6,0,0,0.865490688202,6735.66954818
2025-09-23,42,07:00,4789.05,1511.775,4666.6351264,1495.29208249,178.330208311,178.330208311,0,0,367.882291689,0,0,251.9625,5677.04239074,41,2025-09-23,40,0.8271,292.041144687,06:50,07:00,4666.6351264,1495.29208249,6,527.850772675,178.330208311,0.831410946525,6085.80049262
2025-09-23,43,07:10,4816.282,1907.945,4719.35574359,1880.21763911,470.55582304,470.55582304,0,0,14.1670102937,0,0,317.990833333,5661.30126819,42,2025-09-23,41,0.8061,379.315048952,07:00,07:10,4719.35574359,1880.21763911,6,470.55582304,470.55582304,0.821599808517,5677.04239074
2025-09-23,44,07:20,4786.2179,2234.3678,4921.94919303,2260.00104705,443.658024331,443.658024331,0,18.3496743309,0,0,0,372.394633333,5677.81597509,43,2025-09-23,42,0.8269,367.162122212,07:10,07:20,4921.94919303,2260.00104705,6,444.386774827,443.658024331,0.822640322551,5661.30126819
2025-09-23,45,07:30,4660.51,2492.5875,4956.72980899,2639.58542757,386.190730237,386.190730237,5.68434188608e-14,24.8703135701,0,0,0,415.43125,5700.19925731,44,2025-09-23,43,0.8096,314.238703062,07:20,07:30,4956.72980899,2639.58542757,6,390.090650844,386.190730237,0.770135385852,5677.81597509
2025-09-23,46,07:40,4606.8822,2894.0726,4645.88981909,3020.1496696,270.956691582,270.956691582,0,0,14.5115750847,0,0,482.345433333,5684.07528499,45,2025-09-23,44,0.6878,249.529575448,07:30,07:40,4645.88981909,3020.1496696,6,454.63090786,270.956691582,0.695381514183,5700.19925731
2025-09-23,47,07:50,5489.8417,3343.4604,5360.92712216,3397.16781782,0,0,0,0,357.730216667,0,0,557.2434,5286.59726647,46,2025-09-23,45,0.8469,0,07:40,07:50,5360.92712216,3397.16781782,6,0,0,0.872101211868,5684.07528499
2025-09-23,48,08:00,6701.06,3753.1125,6540.27608516,3777.52107265,0,0,0,0,491.324583333,0,0,625.51875,4740.68106277,47,2025-09-23,46,1.1849,0,07:50,08:00,6540.27608516,3777.52107265,6,0,0,1.16910354021,5286.59726647
2025-09-23,49,08:10,6664.9869,4119.6249,6714.16982672,4133.02605431,0,0,0,0,424.227,0,0,686.60415,4269.31772943,48,2025-09-23,47,1.1921,0,08:00,08:10,6714.16982672,4133.02605431,6,0,0,1.1578687643,4740.68106277
2025-09-23,50,08:20,6469.7028,4427.9049,6616.29500706,4473.00322749,0,0,0,0,340.29965,0,0,737.98415,3891.20700721,49,2025-09-23,48,1.1184,0,08:10,08:20,6616.29500706,4473.00322749,6,0,0,1.09473152544,4269.31772943
2025-09-23,51,08:30,6635.97,4698.6375,6596.94721036,4812.91480185,0,0,0,0,322.88875,0,0,783.10625,3532.44172943,50,2025-09-23,49,1.1227,0,08:20,08:30,6596.94721036,4812.91480185,6,0,0,1.09307943269,3891.20700721
2025-09-23,52,08:40,6600.0815,4997.093,6567.84893539,5142.4586575,0,0,0,0,267.16475,0,0,832.848833333,3235.59200721,51,2025-09-23,50,1.0962,0,08:30,08:40,6567.84893539,5142.4586575,6,0,0,1.0475194812,3532.44172943
2025-09-23,53,08:50,6462.4233,5400.3214,6561.64207154,5482.45474919,0,0,0,0,177.016983333,0,0,900.053566667,3038.90647017,52,2025-09-23,51,1.0174,0,08:40,08:50,6561.64207154,5482.45474919,6,0,0,1.01884007264,3235.59200721
2025-09-23,54,09:00,6427.57,5807.85,6561.71531248,5823.19213398,0,0,0,0,103.286666667,0,0,967.975,2924.14350721,53,2025-09-23,52,0.9516,0,08:50,09:00,6561.71531248,5823.19213398,6,0,0,1.00729408651,3038.90647017
2025-09-23,55,09:10,6551.7343,6020.5511,6611.80493535,5997.00428033,0,0,0,0,88.5305333333,0,0,1003.42518333,2825.77624795,54,2025-09-23,53,0.9817,0,09:00,09:10,6611.80493535,5997.00428033,6,0,0,0.97588437969,2924.14350721
2025-09-23,56,09:20,6611.8297,6159.4673,6601.9632152,6128.52992846,0,0,0,0,75.3937333333,0,0,1026.57788333,2742.00543314,55,2025-09-23,54,1.0171,0,09:10,09:20,6601.9632152,6128.52992846,6,0,0,0.980758353329,2825.77624795
2025-09-23,57,09:30,6584.42,6306.2625,6542.09370915,6262.88120509,0,0,0,0,46.3595833333,0,0,1051.04375,2690.49478499,56,2025-09-23,55,1.0072,0,09:20,09:30,6542.09370915,6262.88120509,6,0,0,0.96830960969,2742.00543314
2025-09-23,58,09:40,6627.8893,6423.4053,6432.41732029,6403.12863623,0,0,0,0,34.0806666667,0,0,1070.56755,2652.62737758,57,2025-09-23,56,0.9839,0,09:30,09:40,6432.41732029,6403.12863623,6,0,0,0.907422381566,2690.49478499
2025-09-23,59,09:50,6567.1756,6483.305,6442.31488711,6528.19230969,0,0,0,0,13.9784333333,0,0,1080.55083333,2637.09578499,58,2025-09-23,57,0.9725,0,09:40,09:50,6442.31488711,6528.19230969,6,0,0,0.878911840232,2652.62737758
2025-09-23,60,10:00,6455.96,6487.7625,6538.46392044,6641.60294629,0,0,0,5.30041666667,0,0,0,1081.29375,2641.86615999,59,2025-09-23,58,0.9784,0,09:50,10:00,6538.46392044,6641.60294629,6,0,0,0.904301909998,2637.09578499
2025-09-23,61,10:10,6527.0912,6506.7574,6560.69740934,6839.36411805,0,0,0,0,3.38896666667,0,0,1084.45956667,2638.10064147,60,2025-09-23,59,0.9839,0,10:00,10:10,6560.69740934,6839.36411805,6,0,0,0.891845365761,2641.86615999
2025-09-23,62,10:20,6488.4499,6763.9313,6534.92573719,7005.35054287,0,0,0,45.9135666667,0,0,0,1127.32188333,2679.42285147,61,2025-09-23,60,0.9513,0,10:10,10:20,6534.92573719,7005.35054287,6,0,0,0.849891881442,2638.10064147
2025-09-23,63,10:30,6336.11,7139.7,6517.25189626,7182.68637373,0,0,0,133.931666667,0,0,0,1189.95,2799.96135147,62,2025-09-23,61,0.9073,0,10:20,10:30,6517.25189626,7182.68637373,6,0,0,0.832900070131,2679.42285147
2025-09-23,64,10:40,6376.9432,7257.6775,6509.05070869,7338.00026978,0,0,0,146.78905,0,0,0,1209.61291667,2932.07149647,63,2025-09-23,62,0.8981,0,10:30,10:40,6509.05070869,7338.00026978,6,0,0,0.856861160998,2799.96135147
2025-09-23,65,10:50,6473.6947,7240.5731,6496.53542086,7486.80201758,0,0,0,127.813066667,0,0,0,1206.76218333,3047.10325647,64,2025-09-23,63,0.7781,0,10:40,10:50,6496.53542086,7486.80201758,6,0,0,0.706206990194,2932.07149647
2025-09-23,66,11:00,6470.56,7359.675,6499.60354081,7638.49244551,0,0,0,148.185833333,0,0,0,1226.6125,3180.47050647,65,2025-09-23,64,0.5639,0,10:50,11:00,6499.60354081,7638.49244551,6,0,0,0.464660633677,3047.10325647
2025-09-23,67,11:10,6357.1346,7784.7849,6512.10261428,7850.47746789,453.196181886,453.196181886,0,691.137898552,0,0,0,1297.46415,3802.49461517,66,2025-09-23,65,0.4409,199.814196593,11:00,11:10,6512.10261428,7850.47746789,6,453.196181886,453.196181886,0.454625349777,3180.47050647
2025-09-23,68,11:20,6310.6975,8209.6886,6493.5826291,8012.44107851,0,0,0,316.498516667,0,0,0,1368.28143333,4087.34328017,67,2025-09-23,66,0.4252,0,11:10,11:20,6493.5826291,8012.44107851,6,0,0,0.481366598789,3802.49461517
2025-09-23,69,11:30,6431.52,8399.7375,6466.95119774,8173.97872986,0,0,0,328.03625,0,0,0,1399.95625,4382.57590517,68,2025-09-23,67,0.4696,0,11:20,11:30,6466.95119774,8173.97872986,6,0,0,0.457417176706,4087.34328017
2025-09-23,70,11:40,6604.0357,8379.679,6451.76279237,8341.66284435,0,0,0,295.94055,0,0,0,1396.61316667,4648.92240017,69,2025-09-23,68,0.5048,0,11:30,11:40,6451.76279237,8341.66284435,6,0,0,0.467546745392,4382.57590517
2025-09-23,71,11:50,6371.5522,8435.4109,6245.8534942,8500.93218928,0,0,0,343.97645,0,0,0,1405.90181667,4958.50120517,70,2025-09-23,69,0.4546,0,11:40,11:50,6245.8534942,8500.93218928,6,0,0,0.466692921331,4648.92240017
2025-09-23,72,12:00,5893.69,8613.5625,5894.24282689,8666.63631306,371.267752304,371.267752304,0,824.579835637,0,0,0,1435.59375,5700.62305724,71,2025-09-23,70,0.3613,142.49180787,11:50,12:00,5894.24282689,8666.63631306,6,417.505056277,371.267752304,0.437124166727,4958.50120517
2025-09-23,73,12:10,5815.5593,8690.3915,5826.32639105,8606.77772053,369.109968031,354.194633333,14.9153346981,833.333333333,0,0,0,1448.39858333,6450.62305724,72,2025-09-23,71,0.3481,134.684916323,12:00,12:10,5826.32639105,8606.77772053,12,401.883126391,369.109968031,0.399569838485,5700.62305724
2025-09-23,74,12:20,5929.8452,8581.2694,5890.49084459,8538.94105293,391.924965277,391.4293,0.495665277178,833.333333333,0,0,0,1430.21156667,7200.62305724,73,2025-09-23,72,0.3859,156.400284427,12:10,12:20,5890.49084459,8538.94105293,12,415.39758287,391.924965277,0.397898068558,6450.62305724
2025-09-23,75,12:30,5958.43,8484.4875,5978.90341086,8468.05768708,418.474287296,412.32375,6.15053729636,833.333333333,0,0,0,1414.08125,7950.62305724,74,2025-09-23,73,0.387,167.828548107,12:20,12:30,5978.90341086,8468.05768708,12,448.856710672,418.474287296,0.398549007935,7200.62305724
2025-09-23,76,12:40,5882.5546,8645.3297,5985.50218564,8396.33862998,431.527259277,372.870816667,58.65644261,833.333333333,0,0,0,1440.88828333,8700.62305724,75,2025-09-23,74,0.3271,147.921773913,12:30,12:40,5985.50218564,8396.33862998,12,472.916482168,431.527259277,0.38599350776,7950.62305724
2025-09-23,77,12:50,6091.5912,8546.664,6007.25736632,8326.63099004,0,0,0,409.1788,0,0,0,1424.444,9068.88397724,76,2025-09-23,75,0.4936,0,12:40,12:50,6007.25736632,8326.63099004,12,0,0,0.526778047556,8700.62305724
2025-09-23,78,13:00,6408.53,8135.1375,6274.10184614,8256.55046801,0,0,0,287.767916667,0,0,0,1355.85625,9327.87510224,77,2025-09-23,76,0.8213,0,12:50,13:00,6274.10184614,8256.55046801,12,0,0,0.804305990494,9068.88397724
2025-09-23,79,13:10,6253.4833,7884.9488,6371.50513297,8042.49503371,0,0,0,271.910916667,0,0,0,1314.15813333,9572.59492724,78,2025-09-23,77,0.9285,0,13:00,13:10,6371.50513297,8042.49503371,12,0,0,0.846217863062,9327.87510224
2025-09-23,80,13:20,6080.4251,7754.0988,6212.2345009,7874.7172059,0,0,0,278.945616667,0,0,0,1292.3498,9823.64598224,79,2025-09-23,78,0.8854,0,13:10,13:20,6212.2345009,7874.7172059,12,0,0,0.843715291191,9572.59492724
2025-09-23,81,13:30,6115.63,7607.2875,6063.57817636,7708.48313418,0,0,0,248.609583333,0,0,0,1267.88125,10047.3946072,80,2025-09-23,79,0.8377,0,13:20,13:30,6063.57817636,7708.48313418,12,0,0,0.872786881323,9823.64598224
2025-09-23,82,13:40,6161.9414,7394.5585,6194.60550707,7542.10975963,0,0,0,205.436183333,0,0,0,1232.42641667,10232.2871722,81,2025-09-23,80,0.8574,0,13:30,13:40,6194.60550707,7542.10975963,12,0,0,0.864152830226,10047.3946072
2025-09-23,83,13:50,6291.8498,7228.1769,6237.598919,7375.01278119,0,0,0,156.054516667,0,0,0,1204.69615,10372.7362372,82,2025-09-23,81,0.8948,0,13:40,13:50,6237.598919,7375.01278119,12,0,0,0.868694488524,10232.2871722
2025-09-23,84,14:00,6409.53,7094.9625,6120.23002302,7207.34712631,0,0,0,114.23875,0,0,0,1182.49375,10475.5511122,83,2025-09-23,82,0.9188,0,13:50,14:00,6120.23002302,7207.34712631,12,0,0,0.900383863882,10372.7362372
2025-09-23,85,14:10,6298.6605,6838.0168,6033.70881856,6810.52402441,0,0,0,89.8927166667,0,0,0,1139.66946667,10556.4545572,84,2025-09-23,83,0.9422,0,14:00,14:10,6033.70881856,6810.52402441,12,0,0,0.904419826964,10475.5511122
2025-09-23,86,14:20,6212.8259,6393.4647,6060.62103838,6432.30595274,0,0,0,30.1064666667,0,0,0,1065.57745,10583.5503772,85,2025-09-23,84,0.9638,0,14:10,14:20,6060.62103838,6432.30595274,12,0,0,0.906197516443,10556.4545572
2025-09-23,87,14:30,6236.6,5854.05,6138.41208917,6048.99195534,0,0,0,0,63.7583333333,0,0,975.675,10512.7077846,86,2025-09-23,85,1.0143,0,14:20,14:30,6138.41208917,6048.99195534,12,0,0,0.955777909879,10583.5503772
2025-09-23,88,14:40,6217.1274,5393.4146,6190.28787923,5658.63399885,0,0,0,0,137.285466667,0,0,898.902433333,10360.1683772,87,2025-09-23,86,1.099,0,14:30,14:40,6190.28787923,5658.63399885,12,0,0,1.03610394682,10512.7077846
2025-09-23,89,14:50,6206.2876,4990.8009,6214.52190096,5268.14467331,0,0,0,0,202.581116667,0,0,831.80015,10135.0782476,88,2025-09-23,87,0.9913,0,14:40,14:50,6214.52190096,5268.14467331,12,0,0,0.896240933566,10360.1683772
2025-09-23,90,15:00,6262.68,4761.6375,6249.65186973,4881.51889988,420.978328547,420.978328547,1.13686837722e-13,170.804578547,0,0,0,793.60625,10288.8023683,89,2025-09-23,88,0.7708,324.490095644,14:50,15:00,6249.65186973,4881.51889988,12,420.978328547,420.978328547,0.658895163222,10135.0782476
2025-09-23,91,15:10,6377.3851,4842.082,6095.77787369,4674.2471739,206.915913176,206.915913176,0,0,48.967936824,0,0,807.013666667,10234.3935496,90,2025-09-23,89,0.7575,156.738804231,15:00,15:10,6095.77787369,4674.2471739,12,206.915913176,206.915913176,0.684430704928,10288.8023683
2025-09-23,92,15:20,6461.0017,4734.2965,6212.24617324,4461.47408252,270.741448891,270.741448891,0,0,17.0427511091,0,0,789.049416667,10215.4571595,91,2025-09-23,90,0.7846,212.4237408,15:10,15:20,6212.24617324,4461.47408252,12,270.741448891,270.741448891,0.74129360979,10234.3935496
2025-09-23,93,15:30,6382.45,4417.2375,6512.91040319,4248.39837769,365.828985507,365.828985507,0,38.2935688407,0,0,0,736.20625,10249.9213714,92,2025-09-23,91,0.7548,276.127718261,15:20,15:30,6512.91040319,4248.39837769,12,365.828985507,365.828985507,0.738544466881,10215.4571595
2025-09-23,94,15:40,6120.1976,4306.354,6338.62688734,4030.62376042,385.748931286,385.748931286,0,83.4416646196,0,0,0,717.725666667,10325.0188696,93,2025-09-23,92,0.7536,290.700394617,15:30,15:40,6338.62688734,4030.62376042,12,385.748931286,385.748931286,0.815352065326,10249.9213714
2025-09-23,95,15:50,6153.6297,4035.9346,6344.45048281,3812.60936626,436.181187459,436.181187459,0,83.232004126,0,0,0,672.655766667,10399.9276733,94,2025-09-23,93,0.8148,355.400431542,15:40,15:50,6344.45048281,3812.60936626,12,436.181187459,436.181187459,0.851547917786,10325.0188696
2025-09-23,96,16:00,6505.17,3543.675,6321.81880305,3596.94700757,479.494660903,479.494660903,0,0,14.0878390967,0,0,590.6125,10384.2745188,95,2025-09-23,94,0.8978,430.490306559,15:50,16:00,6321.81880305,3596.94700757,12,479.494660903,479.494660903,0.839635649495,10399.9276733
2025-09-23,97,16:10,6704.9712,3168.3753,6473.12200738,3229.14294289,564.783876365,564.783876365,0,0,24.648773635,0,0,528.06255,10356.8869925,96,2025-09-23,95,0.9325,526.66096471,16:00,16:10,6473.12200738,3229.14294289,12,564.783876365,564.783876365,0.879920943599,10384.2745188
2025-09-23,98,16:20,6651.3841,2836.5022,6542.1981614,2872.49543521,631.410213435,631.410213435,0,0,4.40343656544,0,0,472.750366667,10351.9942852,97,2025-09-23,96,0.9637,608.490022687,16:10,16:20,6542.1981614,2872.49543521,12,631.410213435,631.410213435,0.914656353075,10356.8869925
2025-09-23,99,16:30,6512.95,2503.5375,6485.59918087,2514.40893528,677.998736053,677.998736053,0,9.76331938647,0,0,0,417.25625,10360.7812727,98,2025-09-23,97,0.9927,673.04934528,16:20,16:30,6485.59918087,2514.40893528,12,677.998736053,677.998736053,0.915281404106,10351.9942852
2025-09-23,100,16:40,6516.7553,2218.6701,6456.13981278,2163.11965746,724.015016479,724.015016479,0,7.66748314553,0,0,0,369.77835,10367.6820075,99,2025-09-23,98,0.9735,704.828618542,16:30,16:40,6456.13981278,2163.11965746,12,724.015016479,724.015016479,0.928450278546,10360.7812727
2025-09-23,101,16:50,6452.5286,1863.5925,6518.73701115,1810.66746884,786.383460537,786.383460537,0,21.5607772032,0,0,0,310.59875,10387.086707,100,2025-09-23,99,0.9613,755.950420614,16:40,16:50,6518.73701115,1810.66746884,12,786.383460537,786.383460537,0.96012962891,10367.6820075
2025-09-23,102,17:00,6349.71,1465.3875,6409.02322426,1454.00271444,822.970032623,822.970032623,0,8.91628262345,0,0,0,244.23125,10395.1113613,101,2025-09-23,100,1.0104,831.528920963,16:50,17:00,6409.02322426,1454.00271444,12,822.970032623,822.970032623,1.00119342043,10387.086707
2025-09-23,103,17:10,6441.2731,1178.7512,6250.35475442,1188.29774156,845.12864662,845.12864662,0,0,31.9583367133,0,0,196.458533333,10359.6020983,102,2025-09-23,101,1.1132,945.350894732,17:00,17:10,6250.35475442,1188.29774156,12,853.309899432,845.12864662,1.044562895,10395.1113613
2025-09-23,104,17:20,6397.9351,917.9154,6215.22508418,922.137157356,879.489105454,879.489105454,0,0,33.8475112123,0,0,152.9859,10321.9937525,103,2025-09-23,102,1.1301,1001.62583318,17:10,17:20,6215.22508418,922.137157356,12,893.143109718,879.489105454,1.0677449073,10359.6020983
2025-09-23,105,17:30,6368.49,630.1875,6335.73744793,668.489254004,941.790013019,941.790013019,0,0,14.593736981,0,0,105.03125,10305.7784892,104,2025-09-23,103,1.0787,1023.09187087,17:20,17:30,6335.73744793,668.489254004,12,955.107865659,941.790013019,1.07739580714,10321.9937525
2025-09-23,106,17:40,6667.634,356.458,6646.40455456,412.971041699,1036.15474766,1036.15474766,0,0,15.707919006,0,0,59.4096666667,10288.3252459,105,2025-09-23,104,1.1143,1162.09951083,17:30,17:40,6646.40455456,412.971041699,12,1049.63814622,1036.15474766,1.07330819245,10305.7784892
2025-09-23,107,17:50,5886.4358,131.4439,5785.91471697,157.067118597,936.004218491,936.004218491,0,0,23.161098176,0,0,21.9073166667,10262.5906923,106,2025-09-23,105,1.1899,1120.55094543,17:40,17:50,5785.91471697,157.067118597,12,947.432953415,936.004218491,1.18528309621,10288.3252459
2025-09-23,108,18:00,4515.87,0,4836.82413228,0,155.852936382,155.852936382,0,0,596.792063618,0,0,0,9599.48839944,107,2025-09-23,106,1.26,284.618093877,17:50,18:00,4836.82413228,0,12,295.921815804,155.852936382,1.32426498846,10262.5906923
2025-09-23,109,18:10,4585.9791,0,4676.30697717,0,0,0,0,0,764.32985,0,0,0,8750.23301055,108,2025-09-23,107,1.3273,0,18:00,18:10,4676.30697717,0,18,0,0,1.33490921657,9599.48839944
2025-09-23,110,18:20,4985.787,4.4234,4843.54490387,0,802.482284506,802.482284506,0,0,27.7449821602,0,0,0.737233333333,8719.40525259,109,2025-09-23,108,1.3739,1108.89930125,18:10,18:20,4843.54490387,0,18,811.753542331,802.482284506,1.31921728937,8750.23301055
2025-09-23,111,18:30,5006.5,0,4849.16950843,0,0,0,0,0,833.333333333,1.08333333333,0,0,7793.47932667,110,2025-09-23,109,1.3863,7.509125,18:20,18:30,4849.16950843,0,18,0,0,1.32921307427,8719.40525259
2025-09-23,112,18:40,5016.9579,0,4958.61131048,0,821.546576193,821.546576193,0,0,14.6130738072,0,0,0,7777.24257799,111,2025-09-23,110,1.3617,1125.16226865,18:30,18:40,4958.61131048,0,18,831.038088055,821.546576193,1.32088499268,7793.47932667
2025-09-23,113,18:50,4862.5058,0.3176,4772.50608525,0,790.71251782,790.71251782,0,0,19.6521821802,0,0,0.0529333333333,7755.40682001,112,2025-09-23,111,1.2989,1032.98939639,18:40,18:50,4772.50608525,0,18,799.84779689,790.71251782,1.32091686558,7777.24257799
2025-09-23,114,19:00,4664.56,0,4649.30887261,0,0,0,0,0,777.426666667,0,0,0,6891.59941261,113,2025-09-23,112,1.242,0,18:50,19:00,4649.30887261,0,18,0,0,1.33351022283,7755.40682001
2025-09-23,115,19:10,4794.5933,0,4832.64871386,0.160478240584,0,0,0,0,799.098883333,0,0,0,6003.71176446,114,2025-09-23,113,1.2579,0,19:00,19:10,4832.64871386,0.160478240584,18,0,0,1.3399699142,6891.59941261
2025-09-23,116,19:20,4953.598,0.0228,4994.10563235,0.160478240584,0,0,0,0,825.595866667,0,0,0.0038,5086.38302372,115,2025-09-23,114,1.3209,2.3951227414,19:10,19:20,4994.10563235,0.160478240584,18,3.62650123613,0,1.33143146443,6003.71176446
2025-09-23,117,19:30,4906.9,0,4893.93723297,0,810.831324761,810.831324761,0,0,6.98534190594,0,0,0,5078.62153271,116,2025-09-23,115,1.3658,1113.83063672,19:20,19:30,4893.93723297,0,18,820.19904092,810.831324761,1.31308252081,5086.38302372
2025-09-23,118,19:40,4721.0181,0,4909.64629275,0.160478240584,813.407356942,813.407356942,0,26.5710069416,0,0,0,0,5102.53543896,117,2025-09-23,116,1.3425,1098.30746266,19:30,19:40,4909.64629275,0.160478240584,18,822.804877929,813.407356942,1.31605816851,5078.62153271
2025-09-23,119,19:50,4705.315,0.0016,4890.21793497,0.160478240584,810.188451522,810.188451522,0,25.9695515224,0,0,0,0.000266666666667,5125.90803533,118,2025-09-23,117,1.3213,1076.6859045,19:40,19:50,4890.21793497,0.160478240584,18,819.548783774,810.188451522,1.31276571477,5102.53543896
2025-09-23,120,20:00,4871.47,0,4690.11205586,0,777.061410987,777.061410987,0,0,34.8502556797,0,0,0,5087.18552902,119,2025-09-23,118,1.3115,1025.00307861,19:50,20:00,4690.11205586,0,18,786.038975758,777.061410987,1.30809115757,5125.90803533
2025-09-23,121,20:10,4963.0687,0,4773.83801283,0.00101949685535,0,0,0,0,827.178116667,0,0,0,4168.09873272,120,2025-09-23,119,1.2687,0,20:00,20:10,4773.83801283,0.00101949685535,18,0,0,1.32771337901,5087.18552902
2025-09-23,122,20:20,5061.4062,0,4814.82908018,0.00101949685535,0,0,0,0,833.333333333,10.2343666667,0,0,3242.17280679,121,2025-09-23,120,1.2951,66.27264135,20:10,20:20,4814.82908018,0.00101949685535,18,0,0,1.32952082522,4168.09873272
2025-09-23,123,20:30,5038.25,0,4818.36324597,0,798.310167852,798.310167852,0,0,41.3981654812,0,0,0,3196.17484515,122,2025-09-23,121,1.3829,1110.36041349,20:20,20:30,4818.36324597,0,18,807.533224277,798.310167852,1.31776370403,3242.17280679
2025-09-23,124,20:40,4709.3717,0,4724.85100435,0,0,0,0,0,784.895283333,0,0,0,2324.06897478,123,2025-09-23,122,1.3866,0,20:30,20:40,4724.85100435,0,18,0,0,1.34422692544,3196.17484515
2025-09-23,125,20:50,4809.9708,0,4686.8793376,0,776.525811712,776.525811712,0,0,25.1359882882,0,0,0,2296.1400989,124,2025-09-23,123,1.2125,946.976443929,20:40,20:50,4686.8793376,0,18,785.497188584,776.525811712,1.22149772252,2324.06897478
2025-09-23,126,21:00,5215.3,0,4797.74466836,0,804.077655319,804.077655319,0,0,65.1390113476,0,0,0,2223.76341963,125,2025-09-23,124,0.9884,794.750354517,20:50,21:00,4797.74466836,0,18,804.077655319,804.077655319,0.98782961588,2296.1400989
2025-09-23,127,21:10,5055.1463,0,4877.82834315,0,817.499272748,817.499272748,0,0,25.0251105855,0,0,0,2195.9577412,126,2025-09-23,125,0.9549,780.630055547,21:00,21:10,4877.82834315,0,18,817.499272748,817.499272748,0.969758031976,2223.76341963
2025-09-23,128,21:20,4827.5711,0,4830.10096405,0,809.500406252,809.500406252,0,4.9052229186,0,0,0,0,2200.37244183,127,2025-09-23,126,0.9828,795.576999264,21:10,21:20,4830.10096405,0,18,809.500406252,809.500406252,1.00143772977,2195.9577412
2025-09-23,129,21:30,4880.29,0,4690.4896056,0,786.102251177,786.102251177,0,0,27.2794154895,0,0,0,2170.06198017,128,2025-09-23,127,1.0059,790.740254459,21:20,21:30,4690.4896056,0,18,786.102251177,786.102251177,1.01865156282,2200.37244183
2025-09-23,130,21:40,4979.2148,0,4783.2569314,0,801.649584138,801.649584138,0,0,28.2195491949,0,0,0,2138.70692551,129,2025-09-23,128,1.0449,837.643650466,21:30,21:40,4783.2569314,0,18,801.649584138,801.649584138,1.06864017927,2170.06198017
2025-09-23,131,21:50,4609.119,0,4399.55033921,0,737.342306802,737.342306802,0,0,30.844193198,0,0,0,2104.43559973,130,2025-09-23,129,0.8538,629.542861548,21:40,21:50,4399.55033921,0,18,737.342306802,737.342306802,0.844837711335,2138.70692551
2025-09-23,132,22:00,3835.46,0,3768.132031,0,1461.3553385,1461.3553385,0,822.112005167,0,0,0,0,2844.33640438,131,2025-09-23,130,0.5154,755.998615074,21:50,22:00,3768.132031,0,18,1464.85313646,1461.3553385,0.458468393397,2104.43559973
2025-09-23,133,22:10,3320.6494,0,3612.22716585,0,1435.37119431,1386.7749,48.596294309,833.333333333,0,0,0,0,3594.33640438,132,2025-09-23,131,0.3997,575.811413195,22:00,22:10,3612.22716585,0,18,1438.72427236,1435.37119431,0.439257573519,2844.33640438
2025-09-23,134,22:20,3496.0714,0,3622.51735975,0,607.115523298,607.115523298,0,24.4369566314,0,0,0,0,3616.32966535,133,2025-09-23,132,0.4421,268.40577285,22:10,22:20,3622.51735975,0,18,607.115523298,607.115523298,0.47409838268,3594.33640438
2025-09-23,135,22:30,3883.24,0,3590.44106125,0,1431.74017687,1431.74017687,0,784.533510208,0,0,0,0,4322.40982454,134,2025-09-23,133,0.4839,695.338354271,22:20,22:30,3590.44106125,0,18,1435.07303181,1431.74017687,0.426182509103,3616.32966535
2025-09-23,136,22:40,3580.1991,0,3665.09012856,0,1444.18168809,1430.03318333,14.1485047595,833.333333333,0,0,0,0,5072.40982454,135,2025-09-23,134,0.4396,637.198501287,22:30,22:40,3665.09012856,0,18,1447.5838366,1444.18168809,0.446364754155,4322.40982454
2025-09-23,137,22:50,3332.1137,0,3693.357368,0,1448.89289467,1388.68561667,60.2072779993,833.333333333,0,0,0,0,5822.40982454,136,2025-09-23,135,0.4292,750.99435815,22:40,22:50,3693.357368,0,18,847.170957296,1448.89289467,0.470264878922,5072.40982454
2025-09-23,138,23:00,3416.1,0,3693.16904086,0,618.956386458,618.956386458,0,49.6063864578,0,0,0,0,5867.05557235,137,2025-09-23,136,0.4608,285.21510288,22:50,23:00,3693.16904086,0,18,618.956386458,618.956386458,0.473448289168,5822.40982454
2025-09-23,139,23:10,3387.9352,0,3653.02629039,0,1442.1710484,1397.9892,44.1818483982,833.333333333,0,0,0,0,6617.05557235,138,2025-09-23,137,0.4279,619.37155861,23:00,23:10,3653.02629039,0,18,1445.56199856,1442.1710484,0.449738610475,5867.05557235
2025-09-23,140,23:20,3459.0094,0,3585.50793632,0,1430.91798939,1409.8349,21.0830893874,833.333333333,0,0,0,0,7367.05557235,139,2025-09-23,138,0.4124,592.254667888,23:10,23:20,3585.50793632,0,18,1434.24626511,1430.91798939,0.434129113039,6617.05557235
2025-09-23,141,23:30,3661.95,0,3587.62746205,0,1431.27124367,1431.27124367,0,820.946243675,0,0,0,0,8105.90719166,140,2025-09-23,139,0.4355,625.584152232,23:20,23:30,3587.62746205,0,18,1434.60148686,1431.27124367,0.426531263925,7367.05557235
2025-09-23,142,23:40,3702.4038,0,3541.15882223,0,1423.52647037,1423.52647037,0,806.459170371,0,0,0,0,8831.72044499,141,2025-09-23,140,0.4312,616.038716078,23:30,23:40,3541.15882223,0,18,1426.81357868,1423.52647037,0.440478600399,8105.90719166
2025-09-23,143,23:50,3409.7885,0,3664.93103822,0,1444.15517304,1401.63141667,42.52375637,833.333333333,0,0,0,0,9581.72044499,142,2025-09-23,141,0.4204,609.356931571,23:40,23:50,3664.93103822,0,18,1447.55717387,1444.15517304,0.459194949717,8831.72044499
2025-09-23,144,00:00+1,3147.61,0,3789.28173893,0,1464.88028982,1357.935,106.945289822,833.333333333,0,0,0,0,10331.720445,143,2025-09-23,142,0.4259,626.23263482,23:50,00:00+1,3789.28173893,0,18,1468.39772017,1464.88028982,0.458190025387,9581.72044499
2025-12-21,1,00:10,3576.1063,0,3566.08774494,0,1277.50501179,1277.50501179,0,681.487295119,0,0,0,0,10223.0285759,0,2025-12-20,143,0.4264,544.728137026,00:00,00:10,2665.03007072,0,0,1277.50501179,1277.50501179,0.440535640721,9609.69001033
2025-12-21,2,00:20,3537.871,0,3447.20861999,0,1213.94437089,1213.94437089,0,624.299204219,0,0,0,0,10784.8978597,1,2025-12-21,0,0.4293,521.146318421,00:10,00:20,3447.20861999,0,0,1213.94437089,1213.94437089,0.4322480054,10223.0285759
2025-12-21,3,00:30,3472.1,0,3538.5402507,0,589.756708449,589.756708449,0,11.073375116,0,0,0,0,10794.8638973,2,2025-12-21,1,0.4388,258.785243668,00:20,00:30,3538.5402507,0,0,589.756708449,589.756708449,0.457187175078,10784.8978597
2025-12-21,4,00:40,3388.2602,0,3703.28455867,0,617.214093112,570.416814063,46.797279049,5.70678072989,0,0,0,0,10800,3,2025-12-21,2,0.4138,255.40319173,00:30,00:40,3703.28455867,0,0,617.214093112,617.214093112,0.464533507125,10794.8638973
2025-12-21,5,00:50,3299.4233,0,3777.61566788,0,629.602611313,549.903883333,79.6987279793,0,0,0,0,0,10800,4,2025-12-21,3,0.41,258.137070638,00:40,00:50,3777.61566788,0,0,629.602611313,629.602611313,0.469641445553,10800
2025-12-21,6,01:00,3349.26,0,3706.65846615,0,617.776411026,558.21,59.5664110257,0,0,0,0,0,10800,5,2025-12-21,4,0.4471,276.20783337,00:50,01:00,3706.65846615,0,0,617.776411026,617.776411026,0.479586425814,10800
2025-12-21,7,01:10,3662.0911,0,3628.36348234,0,604.727247056,604.727247056,0,0,5.62126961036,0,0,0,10793.7541449,6,2025-12-21,5,0.4797,290.087660413,01:00,01:10,3628.36348234,0,0,604.727247056,604.727247056,0.479979965522,10800
2025-12-21,8,01:20,3799.4157,0,3655.21475332,0,609.202458887,609.202458887,0,0,24.0334911133,0,0,0,10767.0502659,7,2025-12-21,6,0.4466,272.069818139,01:10,01:20,3655.21475332,0,0,609.202458887,609.202458887,0.467523773612,10793.7541449
2025-12-21,9,01:30,3736.18,0,3732.15864666,0,622.02644111,622.02644111,0,0,0.670225556736,0,0,0,10766.3055708,8,2025-12-21,7,0.3961,246.384673324,01:20,01:30,3732.15864666,0,0,622.02644111,622.02644111,0.455182147702,10767.0502659
2025-12-21,10,01:40,3824.9356,0,3694.15791287,0,615.692985479,615.692985479,0,0,21.7962811877,0,0,0,10742.0874806,9,2025-12-21,8,0.4368,268.934696057,01:30,01:40,3694.15791287,0,0,615.692985479,615.692985479,0.457929591575,10766.3055708
2025-12-21,11,01:50,3734.208,0,3691.10186452,0,615.183644086,615.183644086,0,0,7.184355914,0,0,0,10734.1048629,10,2025-12-21,9,0.475,292.212230941,01:40,01:50,3691.10186452,0,0,615.183644086,615.183644086,0.464852439095,10742.0874806
2025-12-21,12,02:00,3587.15,0,3759.57110197,0,626.595183662,626.595183662,0,28.7368503288,0,0,0,0,10759.9680282,11,2025-12-21,10,0.4651,291.429419921,01:50,02:00,3759.57110197,0,0,626.595183662,626.595183662,0.467020188448,10734.1048629
2025-12-21,13,02:10,3856.4774,0,3785.45374013,0,630.908956689,630.908956689,0,0,11.8372766443,0,0,0,10746.8154986,12,2025-12-21,11,0.455,287.063575293,02:00,02:10,3785.45374013,0,0,630.908956689,630.908956689,0.45936193164,10759.9680282
2025-12-21,14,02:20,3923.2147,0,3843.53331852,0,640.58888642,640.58888642,0,0,13.2802302472,0,0,0,10732.0596872,13,2025-12-21,12,0.4629,296.528595524,02:10,02:20,3843.53331852,0,0,640.58888642,640.58888642,0.46071546843,10746.8154986
2025-12-21,15,02:30,3730.5,0,3955.35066015,0,659.225110025,659.225110025,0,37.4751100249,0,0,0,0,10765.7872862,14,2025-12-21,13,0.4713,310.692794355,02:20,02:30,3955.35066015,0,0,659.225110025,659.225110025,0.477955668548,10732.0596872
2025-12-21,16,02:40,3819.86,0,4006.63764643,0,667.772941072,667.772941072,0,31.1296077383,0,0,0,0,10793.8039332,15,2025-12-21,14,0.4513,301.365928306,02:30,02:40,4006.63764643,0,0,667.772941072,667.772941072,0.499002539793,10765.7872862
2025-12-21,17,02:50,3791.4644,0,3957.79489967,0,659.632483278,638.795251999,20.8372312791,6.88451866563,0,0,0,0,10800,16,2025-12-21,15,0.4352,287.072056723,02:40,02:50,3957.79489967,0,0,659.632483278,659.632483278,0.491446854479,10793.8039332
2025-12-21,18,03:00,3751.73,0,3886.86457149,0,647.810761916,625.288333333,22.5224285823,0,0,0,0,0,10800,17,2025-12-21,16,0.4577,296.502985729,02:50,03:00,3886.86457149,0,0,647.810761916,647.810761916,0.476646684902,10800
2025-12-21,19,03:10,4180.5461,0,3951.9567356,0,658.659455934,658.659455934,0,0,38.0982273997,0,0,0,10757.6686362,18,2025-12-21,17,0.5147,339.012021969,03:00,03:10,3951.9567356,0,0,658.659455934,658.659455934,0.507289486785,10800
2025-12-21,20,03:20,4115.3327,0,4016.10038288,0,669.350063813,669.350063813,0,0,16.5387195205,0,0,0,10739.2922812,19,2025-12-21,18,0.5083,340.230637436,03:10,03:20,4016.10038288,0,0,669.350063813,669.350063813,0.516842620213,10757.6686362
2025-12-21,21,03:30,3748.74,0,3987.13029801,0,664.521716335,664.521716335,0,39.7317163347,0,0,0,0,10775.0508259,20,2025-12-21,19,0.4686,311.394876274,03:20,03:30,3987.13029801,0,0,664.521716335,664.521716335,0.488200755212,10739.2922812
2025-12-21,22,03:40,4220.4858,0,3885.15077726,0,647.525129544,647.525129544,0,0,55.8891704563,0,0,0,10712.9517476,21,2025-12-21,20,0.5119,331.468113813,03:30,03:40,3885.15077726,0,0,647.525129544,647.525129544,0.475058137915,10775.0508259
2025-12-21,23,03:50,4423.9257,0,3921.63039286,0,653.605065476,653.605065476,0,0,83.7158845237,0,0,0,10619.9340981,22,2025-12-21,21,0.5023,328.305824389,03:40,03:50,3921.63039286,0,0,653.605065476,653.605065476,0.485034397412,10712.9517476
2025-12-21,24,04:00,4079.15,0,4047.67240845,0,674.612068075,674.612068075,0,0,5.24626525883,0,0,0,10614.1049145,23,2025-12-21,22,0.4324,291.702258235,03:50,04:00,4047.67240845,0,0,674.612068075,674.612068075,0.505956236202,10619.9340981
2025-12-21,25,04:10,4038.9424,0,4028.3952876,0,671.3992146,671.3992146,0,0,1.75785206654,0,0,0,10612.1517456,24,2025-12-21,23,0.4412,296.221333482,04:00,04:10,4028.3952876,0,0,671.3992146,671.3992146,0.514794942345,10614.1049145
2025-12-21,26,04:20,4082.3954,0,4066.30421566,0,677.717369277,677.717369277,0,0,2.68186405657,0,0,0,10609.1718966,25,2025-12-21,24,0.4805,325.643195937,04:10,04:20,4066.30421566,0,0,677.717369277,677.717369277,0.521886779375,10612.1517456
2025-12-21,27,04:30,4064.87,0,4243.95815159,0,707.326358598,707.326358598,0,29.8480252644,0,0,0,0,10636.0351193,26,2025-12-21,25,0.5015,354.724168837,04:20,04:30,4243.95815159,0,0,707.326358598,707.326358598,0.528369377009,10609.1718966
2025-12-21,28,04:40,4121.8784,0,4352.54644866,0,725.42440811,725.42440811,0,38.4446747763,0,0,0,0,10670.6353266,27,2025-12-21,26,0.5024,364.453222634,04:30,04:40,4352.54644866,0,0,725.42440811,725.42440811,0.52808718694,10636.0351193
2025-12-21,29,04:50,4083.6154,0,4266.25146124,0,711.041910206,711.041910206,0,30.4393435397,0,0,0,0,10698.0307358,28,2025-12-21,27,0.4798,341.157908517,04:40,04:50,4266.25146124,0,0,711.041910206,711.041910206,0.548205410378,10670.6353266
2025-12-21,30,05:00,4032.31,0,4120.83017582,0,686.805029304,686.805029304,0,14.7533626375,0,0,0,0,10711.3087622,29,2025-12-21,28,0.4753,326.438430428,04:50,05:00,4120.83017582,0,0,686.805029304,686.805029304,0.57807912337,10698.0307358
2025-12-21,31,05:10,4217.9422,0.0023,4233.67663384,0,705.612772307,705.612772307,0,2.62278897408,0,0,0,0.000383333333333,10713.6692723,30,2025-12-21,29,0.535,377.502833184,05:00,05:10,4233.67663384,0,0,705.612772307,705.612772307,0.570821871434,10711.3087622
2025-12-21,32,05:20,4253.2484,0,4265.92045982,0,710.986743304,710.986743304,0,2.11200997056,0,0,0,0,10715.5700813,31,2025-12-21,30,0.5436,386.49239366,05:10,05:20,4265.92045982,0,0,710.986743304,710.986743304,0.545724482819,10713.6692723
2025-12-21,33,05:30,4066.58,0,4105.93322275,0,684.322203792,684.322203792,0,6.55887045826,0,0,0,0,10721.4730647,32,2025-12-21,31,0.468,320.262791374,05:20,05:30,4105.93322275,0,0,684.322203792,684.322203792,0.50682850803,10715.5700813
2025-12-21,34,05:40,4077.7781,0.0316,4096.36467764,0,682.727446273,682.727446273,0,3.10302960623,0,0,0,0.00526666666667,10724.2657913,33,2025-12-21,32,0.4338,296.167166193,05:30,05:40,4096.36467764,0,0,682.727446273,682.727446273,0.469970975962,10721.4730647
2025-12-21,35,05:50,4717.7146,0,4621.98629261,0,770.331048768,770.331048768,0,0,15.954717899,0,0,0,10706.538327,34,2025-12-21,33,0.6915,532.683920223,05:40,05:50,4621.98629261,0,0,770.331048768,770.331048768,0.701381305198,10724.2657913
2025-12-21,36,06:00,5490.65,0,5365.65287448,0,894.27547908,894.27547908,0,0,20.8328542532,0,0,0,10683.3907111,35,2025-12-21,34,1.0594,947.395442537,05:50,06:00,5365.65287448,0,0,894.27547908,894.27547908,1.05809309634,10706.538327
2025-12-21,37,06:10,5439.318,0.4406,5365.0871509,0,894.181191816,894.181191816,0,0,12.2983748502,0,0,0.0734333333333,10669.7258502,36,2025-12-21,35,1.081,968.403288419,06:00,06:10,5365.0871509,0,6,897.499267793,894.181191816,1.08328597244,10683.3907111
2025-12-21,38,06:20,5407.8325,0,5253.13017413,0,878.770531083,878.770531083,0,0,22.534885584,0,0,0,10644.6870884,37,2025-12-21,36,1.0359,910.318393148,06:10,06:20,5253.13017413,0,6,878.770531083,878.770531083,1.02351257218,10669.7258502
2025-12-21,39,06:30,5587.05,0,5321.80523756,0,886.967539593,886.967539593,0,0,44.2074604068,0,0,0,10595.567688,38,2025-12-21,37,1.0597,941.663401236,06:20,06:30,5321.80523756,0,6,890.258847566,886.967539593,1.04780517075,10644.6870884
2025-12-21,40,06:40,5351.2866,6.1366,5389.72103016,0,898.28683836,898.28683836,0,7.42850502655,0,0,0,1.02276666667,10602.2533425,39,2025-12-21,38,1.0176,915.792675338,06:30,06:40,5389.72103016,0,6,901.620149333,898.28683836,1.06602582964,10595.567688
2025-12-21,41,06:50,5233.249,0,5461.1494276,0,910.191571266,910.191571266,0,37.9834045997,0,0,0,0,10636.4384067,40,2025-12-21,39,1.0168,927.199903734,06:40,06:50,5461.1494276,0,6,913.569057635,910.191571266,1.07807192939,10602.2533425
2025-12-21,42,07:00,5374.2,0,5479.01511657,0,913.169186096,913.169186096,0,17.4691860957,0,0,0,0,10652.1606741,41,2025-12-21,40,1.0595,969.297829366,06:50,07:00,5479.01511657,0,6,916.557721626,913.169186096,1.0879154664,10636.4384067
2025-12-21,43,07:10,5360.7841,172.6829,5376.85574721,211.67593136,860.863302642,860.863302642,0,0,3.82023069179,0,0,28.7804833333,10647.9159734,42,2025-12-21,41,1.0282,886.145847384,07:00,07:10,5376.85574721,211.67593136,6,862.820508649,860.863302642,1.08096746072,10652.1606741
2025-12-21,44,07:20,5321.3096,420.0356,5343.07717563,475.96378462,811.185565169,811.185565169,0,0,5.69343483134,0,0,70.0059333333,10641.5899347,43,2025-12-21,42,0.9987,811.752566017,07:10,07:20,5343.07717563,475.96378462,6,814.432870832,811.185565169,1.05847370884,10647.9159734
2025-12-21,45,07:30,5231.72,690.675,5360.50843305,741.540322318,773.49143013,773.49143013,0,16.650596797,0,0,0,115.1125,10656.5754718,44,2025-12-21,43,0.9724,752.143066659,07:20,07:30,5360.50843305,741.540322318,6,773.49143013,773.49143013,0.996998848407,10641.5899347
2025-12-21,46,07:40,5065.8847,996.7377,5333.48573528,1008.17575593,724.19284798,724.19284798,0,46.0016813133,0,0,0,166.12295,10697.976985,45,2025-12-21,44,0.9109,659.667265225,07:30,07:40,5333.48573528,1008.17575593,6,724.19284798,724.19284798,0.895670192646,10656.5754718
2025-12-21,47,07:50,5889.1246,1276.7125,5969.62443932,1274.40579052,782.536441467,782.536441467,0,13.8010914666,0,0,0,212.785416667,10710.3979673,46,2025-12-21,45,1.0903,855.187826975,07:40,07:50,5969.62443932,1274.40579052,6,786.183776776,782.536441467,1.07916577547,10697.976985
2025-12-21,48,08:00,7180.79,1539.8625,6967.16252341,1540.74946286,71.0688434255,71.0688434255,0,0,833.333333333,35.7524065745,0,256.64375,9784.47204136,47,2025-12-21,46,1.4063,354.241498917,07:50,08:00,6967.16252341,1540.74946286,6,75.19931001,71.0688434255,1.40716317266,10710.3979673
2025-12-21,49,08:10,7254.351,1860.1541,7172.72805168,1893.60319595,46.5208092888,46.5208092888,0,0,833.333333333,19.1786740446,0,310.025683333,8858.54611544,48,2025-12-21,47,1.4458,209.709473227,08:00,08:10,7172.72805168,1893.60319595,6,51.7871704581,46.5208092888,1.4477054503,9784.47204136
2025-12-21,50,08:20,7152.8955,2211.6206,7101.78727625,2193.81222014,0,0,0,0,823.545816667,0,0,368.603433333,7943.49520803,49,2025-12-21,48,1.3908,0,08:10,08:20,7101.78727625,2193.81222014,6,0,0,1.37184356197,8858.54611544
2025-12-21,51,08:30,7367.01,2579.625,7074.44548343,2492.64305499,0,0,0,0,797.8975,0,0,429.9375,7056.94243025,50,2025-12-21,49,1.3742,0,08:20,08:30,7074.44548343,2492.64305499,6,0,0,1.32582106532,7943.49520803
2025-12-21,52,08:40,7333.1326,2953.1787,7033.89040841,2792.50544095,0,0,0,0,729.992316667,0,0,492.19645,6245.83985618,51,2025-12-21,50,1.345,0,08:30,08:40,7033.89040841,2792.50544095,6,0,0,1.32821363444,7056.94243025
2025-12-21,53,08:50,7276.0603,3195.6035,7037.01744105,3092.70851197,0,0,0,0,680.076133333,0,0,532.600583333,5490.19970803,52,2025-12-21,51,1.3284,0,08:40,08:50,7037.01744105,3092.70851197,6,0,0,1.32803641514,6245.83985618
2025-12-21,54,09:00,7255.65,3341.5875,7058.78956547,3391.22596235,0,0,0,0,652.34375,0,0,556.93125,4765.37331914,53,2025-12-21,52,1.3231,0,08:50,09:00,7058.78956547,3391.22596235,6,0,0,1.30050659379,5490.19970803
2025-12-21,55,09:10,7076.8086,3572.7867,7050.65655717,3683.01749832,561.273176474,561.273176474,0,0,22.7304735265,0,0,595.46445,4740.11723744,54,2025-12-21,53,1.2929,740.770437031,09:00,09:10,7050.65655717,3683.01749832,6,584.632055225,561.273176474,1.26655734819,4765.37331914
2025-12-21,56,09:20,7014.1683,3848.0561,7078.48917975,3943.58922927,522.483325081,522.483325081,0,0,5.20204158543,0,0,641.342683333,4734.33719124,55,2025-12-21,54,1.2522,672.675208599,09:10,09:20,7078.48917975,3943.58922927,6,551.906083319,522.483325081,1.25993696904,4740.11723744
2025-12-21,57,09:30,7150.59,4116.6,7108.02499258,4204.09956528,483.987571216,483.987571216,0,0,21.6774287837,0,0,686.1,4710.25115926,56,2025-12-21,55,1.2211,612.679070259,09:20,09:30,7108.02499258,4204.09956528,6,519.499563759,483.987571216,1.26173682671,4734.33719124
2025-12-21,58,09:40,7259.4501,4370.6969,7029.10579379,4462.28065689,427.804189484,427.804189484,0,0,53.6546771822,0,0,728.449483333,4650.63485127,57,2025-12-21,56,1.2184,547.100891852,09:30,09:40,7029.10579379,4462.28065689,6,470.260307975,427.804189484,1.229891459,4710.25115926
2025-12-21,59,09:50,7142.682,4583.0793,6927.21405012,4727.28464956,252.491960038,252.491960038,0,0,174.108489962,0,0,763.84655,4457.18097354,58,2025-12-21,57,1.2822,403.459291875,09:40,09:50,6927.21405012,4727.28464956,6,376.831533761,252.491960038,1.27166801072,4650.63485127
2025-12-21,60,10:00,6912.23,4750.3875,6937.61352753,4995.93257634,0,0,0,0,360.307083333,0,0,791.73125,4056.83976984,59,2025-12-21,58,1.3753,0,09:50,10:00,6937.61352753,4995.93257634,6,0,0,1.38321152391,4457.18097354
2025-12-21,61,10:10,6873.3728,4886.2111,7028.14548777,5123.98479814,0,0,0,0,331.193616667,0,0,814.368516667,3688.84686243,60,2025-12-21,59,1.4027,0,10:00,10:10,7028.14548777,5123.98479814,6,0,0,1.42272124366,4056.83976984
2025-12-21,62,10:20,6913.1885,4956.6279,7049.32666118,5197.92387261,0,0,0,0,326.093433333,0,0,826.10465,3326.52082539,61,2025-12-21,60,1.3591,0,10:10,10:20,7049.32666118,5197.92387261,6,0,0,1.37343003935,3688.84686243
2025-12-21,63,10:30,6951.47,4960.7625,6938.39456792,5269.49270007,0,0,0,0,331.784583333,0,0,826.79375,2957.87128835,62,2025-12-21,61,1.3321,0,10:20,10:30,6938.39456792,5269.49270007,6,0,0,1.33130122456,3326.52082539
2025-12-21,64,10:40,7040.6919,4946.2149,6814.80189194,5309.76399395,0,0,0,0,349.0795,0,0,824.36915,2570.00517724,63,2025-12-21,62,1.3769,0,10:30,10:40,6814.80189194,5309.76399395,6,0,0,1.38517442776,2957.87128835
2025-12-21,65,10:50,7195.1724,4968.8079,6902.33000626,5339.3054186,249.383685103,249.383685103,0,0,121.677064897,0,0,828.13465,2434.80843847,64,2025-12-21,63,1.1651,290.556931513,10:40,10:50,6902.33000626,5339.3054186,6,249.383685103,249.383685103,1.19428823664,2570.00517724
2025-12-21,66,11:00,7266.62,4979.2125,7044.03596996,5379.26314937,260.093687189,260.093687189,0,0,121.140896144,0,0,829.86875,2300.20744275,65,2025-12-21,64,0.8057,209.557483768,10:50,11:00,7044.03596996,5379.26314937,6,260.093687189,260.093687189,0.819998592299,2434.80843847
2025-12-21,67,11:10,7080.5804,4907.9946,6836.79674485,5613.69933191,1037.18290216,1037.18290216,0,675.085268823,0,0,0,817.9991,2907.78418469,66,2025-12-21,65,0.7611,790.996280695,11:00,11:10,6836.79674485,5613.69933191,6,1041.37781443,1037.18290216,0.715944548418,2300.20744275
2025-12-21,68,11:20,6948.6094,5015.1025,6625.24130722,5769.88768347,975.892270626,975.892270626,1.13686837722e-13,653.641120626,0,0,0,835.850416667,3496.06119326,67,2025-12-21,66,0.7807,769.93808112,11:10,11:20,6625.24130722,5769.88768347,6,996.537807817,975.892270626,0.723460787916,2907.78418469
2025-12-21,69,11:30,6954.16,5256.3375,6666.33509525,5918.96193021,957.895527508,957.895527508,1.13686837722e-13,674.925110841,0,0,0,876.05625,4103.49379301,68,2025-12-21,67,0.7378,721.012344502,11:20,11:30,6666.33509525,5918.96193021,6,996.597138532,957.895527508,0.708246724776,3496.06119326
2025-12-21,70,11:40,6860.0706,5348.0182,6839.65149743,6087.75940986,958.648681262,958.648681262,0,706.639947929,0,0,0,891.336366667,4739.46974615,69,2025-12-21,68,0.7527,741.454305115,11:30,11:40,6839.65149743,6087.75940986,6,1011.47037046,958.648681262,0.721241204468,4103.49379301
2025-12-21,71,11:50,6565.9337,5577.6892,6750.80344309,6245.36022759,917.57386925,917.57386925,0,752.866452584,0,0,0,929.614866667,5417.04955347,70,2025-12-21,69,0.7117,677.612492229,11:40,11:50,6750.80344309,6245.36022759,6,986.634342717,917.57386925,0.727783315593,4739.46974615
2025-12-21,72,12:00,6330.9,5890.8,6431.56726642,6383.43508696,841.355363244,841.355363244,0,768.005363244,0,0,0,981.8,6108.25438039,71,2025-12-21,70,0.6418,568.585086954,11:50,12:00,6431.56726642,6383.43508696,6,930.489719195,841.355363244,0.704950853978,5417.04955347
2025-12-21,73,12:10,6501.863,5904.8948,6282.87613664,5827.68843429,909.19795039,909.19795039,0,809.70325039,0,0,0,984.149133333,6836.98730575,72,2025-12-21,71,0.6936,679.82918339,12:00,12:10,6282.87613664,5827.68843429,12,903.633116966,909.19795039,0.653814024848,6108.25438039
2025-12-21,74,12:20,6520.3344,5868.1645,6323.59373829,5733.04097564,931.758793774,931.758793774,0,823.063810441,0,0,0,978.027416667,7577.74473514,73,2025-12-21,72,0.7105,708.321925731,12:10,12:20,6323.59373829,5733.04097564,12,910.433067061,931.758793774,0.667443357148,6836.98730575
2025-12-21,75,12:30,6273.31,5864.7,6367.83105583,5638.1549862,954.946011605,901.435,53.5110116048,833.333333333,0,0,0,977.45,8327.74473514,74,2025-12-21,73,0.6294,638.389461282,12:20,12:30,6367.83105583,5638.1549862,12,919.852751614,954.946011605,0.689085308965,7577.74473514
2025-12-21,76,12:40,6234.7567,5722.7661,6176.51119304,5542.73281905,938.963062331,918.6651,20.2979623314,833.333333333,0,0,0,953.79435,9077.74473514,75,2025-12-21,74,0.5829,578.321906521,12:30,12:40,6176.51119304,5542.73281905,12,894.61198436,938.963062331,0.62397184986,8327.74473514
2025-12-21,77,12:50,6512.763,5549.8704,6276.32162771,5447.50708272,971.469090831,971.469090831,1.13686837722e-13,810.986990831,0,0,0,924.9784,9807.63302689,76,2025-12-21,75,0.7799,1023.35722943,12:40,12:50,6276.32162771,5447.50708272,12,290.077924045,971.469090831,0.778479189623,9077.74473514
2025-12-21,78,13:00,6836.44,5390.4375,6651.05782606,5352.35345664,216.450728238,216.450728238,0,0,24.5496884288,0,0,898.40625,9780.3555953,77,2025-12-21,76,1.0833,279.534787065,12:50,13:00,6651.05782606,5352.35345664,12,149.595506276,216.450728238,1.07886043179,9807.63302689
2025-12-21,79,13:10,6797.3346,5211.4597,6680.63771149,5276.53124873,234.017743793,234.017743793,0,0,30.2947395401,0,0,868.576616667,9746.69477359,78,2025-12-21,77,1.1248,303.652190714,13:00,13:10,6680.63771149,5276.53124873,12,185.767777532,234.017743793,1.10610674213,9780.3555953
2025-12-21,80,13:20,6554.3856,5202.0686,6560.61559933,5176.06971515,230.757647363,230.757647363,0,5.37148069603,0,0,0,867.011433333,9751.52910622,79,2025-12-21,78,1.0564,280.953794771,13:10,13:20,6560.61559933,5176.06971515,12,192.651988078,230.757647363,1.0913097637,9746.69477359
2025-12-21,81,13:30,6350.08,5287.95,6496.00317502,5075.79737638,236.70096644,236.70096644,0,59.6792997736,0,0,0,881.325,9805.24047601,80,2025-12-21,79,1.0304,279.551961143,13:20,13:30,6496.00317502,5075.79737638,12,207.540060485,236.70096644,1.1166624703,9751.52910622
2025-12-21,82,13:40,6333.408,5178.3498,6452.7714881,4975.82076998,246.15845302,246.15845302,0,53.6487530198,0,0,0,863.0583,9853.52435373,81,2025-12-21,80,1.0675,299.290084859,13:30,13:40,6452.7714881,4975.82076998,12,224.075027875,246.15845302,1.08241239038,9805.24047601
2025-12-21,83,13:50,6515.4464,4993.7017,6405.59740705,4875.67370977,0,0,0,0,253.624116667,0,0,832.283616667,9571.71977966,82,2025-12-21,81,1.1926,0,13:40,13:50,6405.59740705,4875.67370977,12,0,0,1.16287407078,9853.52435373
2025-12-21,84,14:00,6658.81,4847.5125,6373.23001844,4774.53261292,0,0,0,0,301.882916667,0,0,807.91875,9236.29431669,83,2025-12-21,82,1.3352,0,13:50,14:00,6373.23001844,4774.53261292,12,0,0,1.35163061978,9571.71977966
2025-12-21,85,14:10,6474.7834,4705.4039,6449.19598586,4427.72464513,0,0,0,0,294.896583333,0,0,784.233983333,8908.63144632,84,2025-12-21,83,1.3689,0,14:00,14:10,6449.19598586,4427.72464513,12,0,0,1.39555609102,9236.29431669
2025-12-21,86,14:20,6311.1097,4404.8152,6528.1333314,4123.58599772,0,0,0,0,317.71575,0,0,734.135866667,8555.61394632,85,2025-12-21,84,1.3382,0,14:10,14:20,6528.1333314,4123.58599772,12,0,0,1.38099196241,8908.63144632
2025-12-21,87,14:30,6293.57,3988.3875,6492.93144524,3818.70368987,0,0,0,0,384.197083333,0,0,664.73125,8128.72829818,86,2025-12-21,85,1.3596,0,14:20,14:30,6492.93144524,3818.70368987,12,0,0,1.40133954898,8555.61394632
2025-12-21,88,14:40,6241.0875,3658.7815,6356.98856474,3514.40167663,0,0,0,0,430.384333333,0,0,609.796916667,7650.52348336,87,2025-12-21,86,1.4656,0,14:30,14:40,6356.98856474,3514.40167663,12,0,0,1.4511081715,8128.72829818
2025-12-21,89,14:50,6267.633,3321.4365,6374.91271349,3209.74821141,0,0,0,0,491.03275,0,0,553.57275,7104.93153892,88,2025-12-21,87,1.2648,0,14:40,14:50,6374.91271349,3209.74821141,12,0,0,1.26167554788,7650.52348336
2025-12-21,90,15:00,6308.83,2957.5875,6508.45439813,2903.33368487,1434.18678554,1391.87375,42.3130355436,833.333333333,0,0,0,492.93125,7854.93153892,89,2025-12-21,88,0.8874,1304.93731119,14:50,15:00,6508.45439813,2903.33368487,12,1361.52517253,1434.18678554,0.918410770541,7104.93153892
2025-12-21,91,15:10,6184.3165,2665.595,6452.86243991,2643.70192349,1468.1934194,1419.78691667,48.4065027364,833.333333333,0,0,0,444.265833333,8604.93153892,90,2025-12-21,89,0.882,1320.67826065,15:00,15:10,6452.86243991,2643.70192349,12,1409.84497329,1468.1934194,0.886510380447,7854.93153892
2025-12-21,92,15:20,6249.441,2404.6045,6321.81684382,2389.43308534,1216.59269279,1216.59269279,0,575.786609459,0,0,0,400.767416667,9123.13948743,91,2025-12-21,90,0.9712,1181.55482324,15:10,15:20,6321.81684382,2389.43308534,12,1216.59269279,1216.59269279,0.937054250378,8604.93153892
2025-12-21,93,15:30,6412.99,2166.8625,6276.71803826,2136.3677062,1516.38758973,1516.38758973,0,808.69967306,0,0,0,361.14375,9850.96919318,92,2025-12-21,91,0.9596,1473.70370607,15:20,15:30,6276.71803826,2136.3677062,12,1477.66692493,1516.38758973,0.933147147867,9123.13948743
2025-12-21,94,15:40,6229.2355,1977.0681,6399.43156184,1887.97394214,751.909603284,751.909603284,0,43.2150366176,0,0,0,329.51135,9889.86272614,93,2025-12-21,92,0.9392,726.901084056,15:30,15:40,6399.43156184,1887.97394214,12,707.813383839,751.909603284,0.972089029737,9850.96919318
2025-12-21,95,15:50,6140.1248,1719.0539,6336.54757616,1637.78121566,783.127726749,783.127726749,0,46.2825767494,0,0,0,286.508983333,9931.51704521,94,2025-12-21,93,0.9693,778.886787945,15:40,15:50,6336.54757616,1637.78121566,12,742.271268673,783.127726749,0.99865811813,9889.86272614
2025-12-21,96,16:00,6190.42,1414.8375,6139.15352099,1384.35212138,792.466899935,792.466899935,0,0,3.46351673165,0,0,235.80625,9927.66869329,95,2025-12-21,94,1.0104,818.260149673,15:50,16:00,6139.15352099,1384.35212138,12,757.725027451,792.466899935,0.993700031551,9931.51704521
2025-12-21,97,16:10,6007.344,1199.0528,6082.27429974,1126.16397324,826.01838775,826.01838775,0,24.6365210833,0,0,0,199.842133333,9949.84156227,96,2025-12-21,95,0.98,820.46295411,16:00,16:10,6082.27429974,1126.16397324,12,803.640971189,826.01838775,1.00603414469,9927.66869329
2025-12-21,98,16:20,6021.8302,965.9713,6057.08533221,890.239722541,861.140934945,861.140934945,0,18.4977849453,0,0,0,160.995216667,9966.48956872,97,2025-12-21,96,0.9673,840.969459629,16:10,16:20,6057.08533221,890.239722541,12,844.625204031,861.140934945,1.0408559048,9949.84156227
2025-12-21,99,16:30,6231.28,680.625,6096.68833454,653.860273023,907.138010253,907.138010253,0,0,17.971156414,0,0,113.4375,9946.52161714,98,2025-12-21,97,1.0182,928.942574764,16:20,16:30,6096.68833454,653.860273023,12,896.737985259,907.138010253,1.07702981759,9966.48956872
2025-12-21,100,16:40,6177.7882,419.0314,6299.07742682,420.085023539,979.832067214,979.832067214,0,20.0392672137,0,0,0,69.8385666667,9964.55695764,99,2025-12-21,98,1.0861,1067.34587056,16:30,16:40,6299.07742682,420.085023539,12,974.031013244,979.832067214,1.09985400162,9946.52161714
2025-12-21,101,16:50,6130.9976,173.8125,6235.11427277,189.808086499,1007.55103105,1007.55103105,0,14.6868477119,0,0,0,28.96875,9977.77512058,100,2025-12-21,99,1.1066,1116.7164877,16:40,16:50,6235.11427277,189.808086499,12,1004.36918259,1007.55103105,1.10375723196,9964.55695764
2025-12-21,102,17:00,6172.78,0,6001.32444219,0,1000.22074036,1000.22074036,0,0,28.5759263022,0,0,0,9946.02409135,101,2025-12-21,100,1.0879,1090.47277773,16:50,17:00,6001.32444219,0,12,995.932415537,1000.22074036,1.09743276114,9977.77512058
2025-12-21,103,17:10,6112.1742,0,6066.49321233,0,1011.08220206,1011.08220206,0,0,7.61349794462,0,0,0,9937.56464919,102,2025-12-21,101,1.0972,1109.7554253,17:00,17:10,6066.49321233,0,12,1010.36030412,1011.08220206,1.10398870953,9946.02409135
2025-12-21,104,17:20,6160.7027,6.2009,6138.56975178,0,1023.09495863,1023.09495863,0,0,2.6553413699,0,0,1.03348333333,9934.61426989,103,2025-12-21,102,1.1283,1154.77013922,17:10,17:20,6138.56975178,0,12,1022.36448376,1023.09495863,1.12854549545,9937.56464919
2025-12-21,105,17:30,6338.77,0,6160.65225099,0,1026.77537516,1026.77537516,0,0,29.6862915017,0,0,0,9901.62950156,104,2025-12-21,103,1.1382,1169.09294072,17:20,17:30,6160.65225099,0,12,1026.04227253,1026.77537516,1.13468077787,9934.61426989
2025-12-21,106,17:40,6290.0948,0,6253.04910167,0,1042.17485028,1042.17485028,0,0,6.1742830545,0,0,0,9894.76918705,105,2025-12-21,104,1.103,1149.9292297,17:30,17:40,6253.04910167,0,12,1041.43075265,1042.17485028,1.09637388186,9901.62950156
2025-12-21,107,17:50,5392.9058,0.4452,5465.2048493,0,910.2171288,910.2171288,0,11.4736954665,0,0,0,0.0742,9905.09551297,106,2025-12-21,105,1.1407,1038.28467882,17:40,17:50,5465.2048493,0,12,910.2171288,910.2171288,1.1605940166,9894.76918705
2025-12-21,108,18:00,4275.8,0,4282.51267839,0,710.6056301,710.6056301,0,0,2.02770323314,0,0,0,9902.84250938,107,2025-12-21,106,1.2479,888.410043568,17:50,18:00,4282.51267839,0,12,713.242504474,710.6056301,1.2928076587,9905.09551297
2025-12-21,109,18:10,4292.4867,0,4264.95486456,0,707.855555574,707.855555574,0,0,7.55889442589,0,0,0,9894.4437378,108,2025-12-21,107,1.2957,918.870131229,18:00,18:10,4264.95486456,0,18,710.48222513,707.855555574,1.31688014664,9902.84250938
2025-12-21,110,18:20,4489.6396,0.032,4397.90177976,0,729.920786158,729.920786158,0,0,18.3471471749,0,0,0.00533333333333,9874.05801871,109,2025-12-21,108,1.2826,937.933392121,18:10,18:20,4397.90177976,0,18,732.629334099,729.920786158,1.30730869738,9894.4437378
2025-12-21,111,18:30,4380.05,0,4259.49477679,0,706.949343531,706.949343531,0,0,23.0589898021,0,0,0,9848.43691893,110,2025-12-21,109,1.238,876.827114224,18:20,18:30,4259.49477679,0,18,709.572650368,706.949343531,1.30697537911,9874.05801871
2025-12-21,112,18:40,4406.0663,0,4275.94457179,0,709.679519852,709.679519852,0,0,24.6648634817,0,0,0,9821.03151506,111,2025-12-21,110,1.2107,860.803146267,18:30,18:40,4275.94457179,0,18,712.312957669,709.679519852,1.29922563977,9848.43691893
2025-12-21,113,18:50,4500.5016,0.0023,4287.33536222,0,711.570052001,711.570052001,0,0,38.513164666,0,0,0.000383333333333,9778.23910988,112,2025-12-21,111,1.3293,947.645047274,18:40,18:50,4287.33536222,0,18,714.210505096,711.570052001,1.38546378735,9821.03151506
2025-12-21,114,19:00,4490.76,0,4247.15498877,0,8.00848240939,8.00848240939,0,0,740.451517591,0,0,0,8955.51520145,113,2025-12-21,112,1.5214,236.824805977,18:50,19:00,4247.15498877,0,18,303.316357839,8.00848240939,1.51016294343,9778.23910988
2025-12-21,115,19:10,4334.8994,0,4296.42745302,0,0,0,0,0,722.483233333,0,0,0,8152.7560533,114,2025-12-21,113,1.5659,0,19:00,19:10,4296.42745302,0,18,0,0,1.52295367998,8955.51520145
2025-12-21,116,19:20,4356.9931,0,4385.51265055,0,0,0,0,0,726.165516667,0,0,0,7345.90547922,115,2025-12-21,114,1.5266,0,19:10,19:20,4385.51265055,0,18,0,0,1.51649393824,8152.7560533
2025-12-21,117,19:30,4466.59,0,4403.26222283,0,0,0,0,0,744.431666667,0,0,0,6518.75918293,116,2025-12-21,115,1.4847,0,19:20,19:30,4403.26222283,0,18,0,0,1.54509961634,7345.90547922
2025-12-21,118,19:40,4301.5722,0,4292.0766645,0,0,0,0,0,716.9287,0,0,0,5722.17173848,117,2025-12-21,116,1.4671,0,19:30,19:40,4292.0766645,0,18,0,0,1.54780249332,6518.75918293
2025-12-21,119,19:50,4398.717,0,4243.36154551,0,0,0,0,0,733.1195,0,0,0,4907.59451626,118,2025-12-21,117,1.5039,0,19:40,19:50,4243.36154551,0,18,0,0,1.51131608322,5722.17173848
2025-12-21,120,20:00,4681.61,0,4328.42721856,0,718.390077001,718.390077001,0,0,61.8782563327,0,0,0,4838.84089811,119,2025-12-21,118,1.5483,1114.34705467,19:50,20:00,4328.42721856,0,18,721.055837451,718.390077001,1.48973320694,4907.59451626
2025-12-21,121,20:10,4485.5154,0,4450.89584741,0,0,0,0,0,747.5859,0,0,0,4008.18989811,120,2025-12-21,119,1.5137,0,20:00,20:10,4450.89584741,0,18,0,0,1.52259363952,4838.84089811
2025-12-21,122,20:20,4156.9026,0,4419.85517809,0,0,0,0,0,692.8171,0,0,0,3238.39312033,121,2025-12-21,120,1.4654,0,20:10,20:20,4419.85517809,0,18,0,0,1.52270932431,4008.18989811
2025-12-21,123,20:30,4090.51,0,4341.11306107,0,0,0,0,0,681.751666667,0,0,0,2480.89126848,122,2025-12-21,121,1.488,0,20:20,20:30,4341.11306107,0,18,0,0,1.52029081439,3238.39312033
2025-12-21,124,20:40,4322.2266,0,4268.31734946,0,0,0,0,0,720.3711,0,0,0,1680.47893515,123,2025-12-21,122,1.5616,0,20:30,20:40,4268.31734946,0,18,0,0,1.56360531679,2480.89126848
2025-12-21,125,20:50,4336.801,0,4305.18773894,0,714.533015137,714.533015137,0,0,8.26715152918,0,0,0,1671.29321123,124,2025-12-21,123,1.3465,963.903792173,20:40,20:50,4305.18773894,0,18,717.184463025,714.533015137,1.34216570883,1680.47893515
2025-12-21,126,21:00,4144.46,0,4340.91622293,0,723.65300975,723.65300975,0,32.9096764167,0,0,0,0,1700.91192,125,2025-12-21,124,0.9601,695.027285785,20:50,21:00,4340.91622293,0,18,723.136332062,723.65300975,0.960805362972,1671.29321123
2025-12-21,127,21:10,4227.261,0,4263.33957732,0,710.720584843,710.720584843,0,6.17708484289,0,0,0,0,1706.47129636,126,2025-12-21,125,0.8829,627.719215567,21:00,21:10,4263.33957732,0,18,710.213140718,710.720584843,0.921573729885,1700.91192
2025-12-21,128,21:20,4326.9643,0,4245.88633098,0,707.811039116,707.811039116,0,0,13.3496775511,0,0,0,1691.63832131,127,2025-12-21,126,0.9151,647.949112452,21:10,21:20,4245.88633098,0,18,707.305672364,707.811039116,0.956670674482,1706.47129636
2025-12-21,129,21:30,4357.83,0,4369.1323964,0,728.356790658,728.356790658,0,2.05179065814,0,0,0,0,1693.4849329,128,2025-12-21,127,0.9345,680.892407746,21:20,21:30,4369.1323964,0,18,727.83675454,728.356790658,0.941455488115,1691.63832131
2025-12-21,130,21:40,4437.1142,0,4448.99675875,0,741.670589686,741.670589686,0,2.15155635246,0,0,0,0,1695.42133361,129,2025-12-21,128,0.9815,728.209556502,21:30,21:40,4448.99675875,0,18,741.141047709,741.670589686,1.00077187659,1693.4849329
2025-12-21,131,21:50,4070.9954,0,4020.30125407,0,670.204849207,670.204849207,0,0,8.29438412656,0,0,0,1686.20535125,130,2025-12-21,129,0.7546,505.91712348,21:40,21:50,4020.30125407,0,18,669.726332726,670.204849207,0.804285581531,1695.42133361
2025-12-21,132,22:00,3434.4,0,3353.40230709,0,1392.36270589,1392.36270589,0,819.962705891,0,0,0,0,2424.17178655,131,2025-12-21,130,0.4001,557.990480537,21:50,22:00,3353.40230709,0,18,1391.96356708,1392.36270589,0.455129470444,1686.20535125
2025-12-21,133,22:10,3270.5539,0,3296.53775078,0,1382.88309255,1378.42565,4.45744255329,833.333333333,0,0,0,0,3174.17178655,132,2025-12-21,131,0.4032,558.476160736,22:00,22:10,3296.53775078,0,18,1382.49072205,1382.88309255,0.432927173822,2424.17178655
2025-12-21,134,22:20,3305.0168,0,3419.45204355,0,570.040202559,570.040202559,0,19.2040692256,0,0,0,0,3191.45544886,133,2025-12-21,132,0.4747,270.694685696,22:10,22:20,3419.45204355,0,18,569.633202174,570.040202559,0.469239051553,3174.17178655
2025-12-21,135,22:30,3255.6,0,3371.77856326,0,1395.42612209,1375.93333333,19.4927887589,833.333333333,0,0,0,0,3941.45544886,134,2025-12-21,133,0.4323,604.227167591,22:20,22:30,3371.77856326,0,18,1395.02479604,1395.42612209,0.42630613708,3191.45544886
2025-12-21,136,22:40,3155.514,0,3279.19744011,0,1379.99237378,1359.25233333,20.74004045,833.333333333,0,0,0,0,4691.45544886,135,2025-12-21,134,0.3905,539.751870783,22:30,22:40,3279.19744011,0,18,1379.60206721,1379.99237378,0.411240002387,3941.45544886
2025-12-21,137,22:50,3260.3635,0,3267.04299635,0,1377.96616564,1376.72725,1.23891563841,833.333333333,0,0,0,0,5441.45544886,136,2025-12-21,135,0.4205,580.362611266,22:40,22:50,3267.04299635,0,18,1377.57730574,1377.96616564,0.446351759722,4691.45544886
2025-12-21,138,23:00,3508.97,0,3365.4524926,0,561.038200316,561.038200316,0,0,23.7901330169,0,0,0,5415.02196773,137,2025-12-21,136,0.4738,265.914795074,22:50,23:00,3365.4524926,0,18,560.63762723,561.038200316,0.473356445751,5441.45544886
2025-12-21,139,23:10,3554.7154,0,3482.70377887,0,1413.91792475,1413.91792475,0,821.465358079,0,0,0,0,6154.34079,138,2025-12-21,137,0.4471,633.214357965,23:00,23:10,3482.70377887,0,18,1413.50339582,1413.91792475,0.442005218327,5415.02196773
2025-12-21,140,23:20,3395.6628,0,3538.7535795,0,1423.26171413,1399.27713333,23.9845807977,833.333333333,0,0,0,0,6904.34079,139,2025-12-21,138,0.4314,615.026159005,23:10,23:20,3538.7535795,0,18,1422.84051388,1423.26171413,0.435251803426,6154.34079
2025-12-21,141,23:30,3305.59,0,3507.93203786,0,1348.92739146,1348.92739146,0,797.995724793,0,0,0,0,7622.53694231,140,2025-12-21,139,0.4502,779.388363696,23:20,23:30,3507.93203786,0,18,584.372739926,1348.92739146,0.464184965658,6904.34079
2025-12-21,142,23:40,3539.7613,0,3448.60698898,0,1408.2338149,1408.2338149,0,818.273598237,0,0,0,0,8358.98318073,141,2025-12-21,140,0.4334,611.337983965,23:30,23:40,3448.60698898,0,18,1407.82334435,1408.2338149,0.454456716474,7622.53694231
2025-12-21,143,23:50,3571.991,0,3521.82472828,0,1420.43958776,1420.43958776,0,825.107754428,0,0,0,0,9101.58015971,142,2025-12-21,141,0.406,577.664179599,23:40,23:50,3521.82472828,0,18,1420.02040246,1420.43958776,0.44749611971,8358.98318073
2025-12-21,144,00:00+1,3464.4,0,3611.32110084,0,1435.35909232,1410.73333333,24.625758984,833.333333333,0,0,0,0,9851.58015971,143,2025-12-21,142,0.4032,705.046359314,23:50,00:00+1,3611.32110084,0,18,808.823510514,1435.35909232,0.460724748477,9101.58015971
