date,t,time_end,L_actual_kw,P_act_kw,L_fc_kw,P_fc_kw,x_plan_kwh,y_used_kwh,r_purchase_waste_kwh,u_charge_kwh,v_discharge_kwh,e_emergency_kwh,w_pv_waste_kwh,g_pv_used_kwh,E_end_kwh,physical_slot0,decision_date,plan_slot0,price_actual,total_cost_yuan,period_start,period_end,L_commit_fc_kw,P_commit_fc_kw,forecast_issue_hour,x0_kwh,x3_kwh,price_fc,E_start_kwh
2025-03-17,1,00:10,3395.9681,0,3497.36452427,0,562.581355972,562.581355972,0,0,3.41332736147,0,0,0,10796.207414,0,2025-03-16,143,0.4193,344.015600758,00:00,00:10,3375.48813583,0,0,1078.32301206,562.581355972,0.423437747239,10800
2025-03-17,2,00:20,3401.7395,0,3500.59879101,0,583.433131836,571.17056773,12.2625641053,4.21398439687,0,0,0,0,10800,1,2025-03-17,0,0.4217,246.033751695,00:10,00:20,3500.59879101,0,0,583.433131836,583.433131836,0.429807877903,10796.207414
2025-03-17,3,00:30,3555.85,0,3456.07630003,0,576.012716671,576.012716671,0,0,16.6289499953,0,0,0,10781.5233889,2,2025-03-17,1,0.4315,248.549487244,00:20,00:30,3456.07630003,0,0,576.012716671,576.012716671,0.434859275506,10800
2025-03-17,4,00:40,3411.405,0,3519.76942031,0,586.628236718,586.628236718,0,18.0607367179,0,0,0,0,10797.7780519,3,2025-03-17,2,0.4351,255.241945796,00:30,00:40,3519.76942031,0,0,586.628236718,586.628236718,0.437816971115,10781.5233889
2025-03-17,5,00:50,3254.9941,0,3511.99379012,0,585.332298353,544.967847844,40.3644505087,2.46883117755,0,0,0,0,10800,4,2025-03-17,3,0.3985,233.254920894,00:40,00:50,3511.99379012,0,0,585.332298353,585.332298353,0.419950309448,10797.7780519
2025-03-17,6,01:00,3311.57,0,3461.24229593,0,576.873715989,551.928333333,24.9453826554,0,0,0,0,0,10800,5,2025-03-17,4,0.367,211.712653768,00:50,01:00,3461.24229593,0,0,576.873715989,576.873715989,0.416455254372,10800
2025-03-17,7,01:10,3503.657,0,3564.65616226,0,594.109360376,583.942833333,10.1665270428,0,0,0,0,0,10800,6,2025-03-17,5,0.4168,247.624781405,01:00,01:10,3564.65616226,0,0,594.109360376,594.109360376,0.458387602084,10800
2025-03-17,8,01:20,3563.2025,0,3552.00807872,0,592.001346454,592.001346454,0,0,1.86573687959,0,0,0,10797.926959,7,2025-03-17,6,0.4187,247.87096376,01:10,01:20,3552.00807872,0,0,592.001346454,592.001346454,0.458807444504,10800
2025-03-17,9,01:30,3459.71,0,3478.36356467,0,579.727260778,578.921712197,0.805548580506,2.30337886369,0,0,0,0,10800,8,2025-03-17,7,0.3873,224.528368099,01:20,01:30,3478.36356467,0,0,579.727260778,579.727260778,0.425116339861,10797.926959
2025-03-17,10,01:40,3413.7832,0,3575.57569187,0,595.929281978,568.963866667,26.9654153109,0,0,0,0,0,10800,9,2025-03-17,8,0.4608,274.604213135,01:30,01:40,3575.57569187,0,0,595.929281978,595.929281978,0.45348598822,10800
2025-03-17,11,01:50,3514.2289,0,3610.53377275,0,601.755628792,585.704816667,16.0508121254,0,0,0,0,0,10800,10,2025-03-17,9,0.4936,297.026578372,01:40,01:50,3610.53377275,0,0,601.755628792,601.755628792,0.471133727818,10800
2025-03-17,12,02:00,3666.85,0,3560.21814719,0,593.369691198,593.369691198,0,0,17.7719754684,0,0,0,10780.2533606,11,2025-03-17,10,0.4552,270.101883433,01:50,02:00,3560.21814719,0,0,593.369691198,593.369691198,0.456037721406,10800
2025-03-17,13,02:10,3685.9538,0,3650.03629146,0,608.33938191,608.33938191,0,0,5.98625142349,0,0,0,10773.6019701,12,2025-03-17,11,0.4612,280.566122937,02:00,02:10,3650.03629146,0,0,608.33938191,608.33938191,0.44963860909,10780.2533606
2025-03-17,14,02:20,3608.4664,0,3626.47122098,0,604.411870163,604.411870163,0,3.00080349604,0,0,0,0,10776.3026933,13,2025-03-17,12,0.4623,279.419607576,02:10,02:20,3626.47122098,0,0,604.411870163,604.411870163,0.453034020164,10773.6019701
2025-03-17,15,02:30,3546.73,0,3508.74280984,0,584.790468306,584.790468306,0,0,6.33119836069,0,0,0,10769.2680284,14,2025-03-17,13,0.4248,248.418990936,02:20,02:30,3508.74280984,0,0,584.790468306,584.790468306,0.464266079594,10776.3026933
2025-03-17,16,02:40,3583.8009,0,3511.94126642,0,585.323544404,585.323544404,0,0,11.9766055964,0,0,0,10755.9606889,15,2025-03-17,14,0.3831,224.237449861,02:30,02:40,3511.94126642,0,0,585.323544404,585.323544404,0.459760996904,10769.2680284
2025-03-17,17,02:50,3615.4101,0,3526.52328144,0,587.753880239,587.753880239,0,0,14.8144697607,0,0,0,10739.5001669,16,2025-03-17,15,0.4041,237.511343005,02:40,02:50,3526.52328144,0,0,587.753880239,587.753880239,0.448391787362,10755.9606889
2025-03-17,18,03:00,3545.01,0,3451.21811929,0,575.203019881,575.203019881,0,0,15.6319801187,0,0,0,10722.1313001,17,2025-03-17,16,0.4501,258.898879249,02:50,03:00,3451.21811929,0,0,575.203019881,575.203019881,0.443870785338,10739.5001669
2025-03-17,19,03:10,3404.7037,0,3441.49798561,0,573.582997602,573.582997602,0,6.13238093484,0,0,0,0,10727.650443,18,2025-03-17,17,0.4236,242.969757784,03:00,03:10,3441.49798561,0,0,573.582997602,573.582997602,0.452256459363,10722.1313001
2025-03-17,20,03:20,3499.1219,0,3558.16928962,0,593.028214936,593.028214936,0,9.84123160252,0,0,0,0,10736.5075514,19,2025-03-17,18,0.4269,253.163744956,03:10,03:20,3558.16928962,0,0,593.028214936,593.028214936,0.464432155188,10727.650443
2025-03-17,21,03:30,3675.67,0,3709.22070413,0,618.203450689,618.203450689,0,5.5917840222,0,0,0,0,10741.540157,20,2025-03-17,19,0.4562,282.024414204,03:20,03:30,3709.22070413,0,0,618.203450689,618.203450689,0.467744583454,10736.5075514
2025-03-17,22,03:40,3513.0181,0,3618.79890853,0,603.133151422,603.133151422,0,17.6301347549,0,0,0,0,10757.4072783,21,2025-03-17,20,0.4116,248.249605125,03:30,03:40,3618.79890853,0,0,603.133151422,603.133151422,0.45653421537,10741.540157
2025-03-17,23,03:50,3576.8409,0,3543.30123316,0,590.550205527,590.550205527,0,0,5.58994447251,0,0,0,10751.1962289,22,2025-03-17,21,0.4279,252.696432945,03:40,03:50,3543.30123316,0,0,590.550205527,590.550205527,0.447189676712,10757.4072783
2025-03-17,24,04:00,3841.86,0,3566.64015077,0,594.440025128,594.440025128,0,0,45.8699748718,0,0,0,10700.2295901,23,2025-03-17,22,0.4981,296.090576516,03:50,04:00,3566.64015077,0,0,594.440025128,594.440025128,0.448385411186,10751.1962289
2025-03-17,25,04:10,3687.7281,0.0015,3547.92093623,0,591.320156038,591.320156038,0,0,23.3009439622,0,0,0.00025,10674.3396524,24,2025-03-17,23,0.4704,278.1570014,04:00,04:10,3547.92093623,0,0,591.320156038,591.320156038,0.459925813987,10700.2295901
2025-03-17,26,04:20,3473.9966,0,3573.86650122,0.000598222222222,595.644317166,595.644317166,0,16.6448838322,0,0,0,0,10689.3200479,25,2025-03-17,24,0.422,251.361901844,04:10,04:20,3573.86650122,0.000598222222222,0,595.644317166,595.644317166,0.453443632019,10674.3396524
2025-03-17,27,04:30,3502.58,0,3630.21872261,0,605.036453769,605.036453769,0,21.2731204355,0,0,0,0,10708.4658562,26,2025-03-17,25,0.4059,245.584296585,04:20,04:30,3630.21872261,0,0,605.036453769,605.036453769,0.435199180338,10689.3200479
2025-03-17,28,04:40,3694.7269,0.0208,3548.0531747,0.000598222222222,591.342096079,591.342096079,0,0,24.4422539207,0,0,0.00346666666667,10681.3077963,27,2025-03-17,26,0.3982,235.472422659,04:30,04:40,3548.0531747,0.000598222222222,0,591.342096079,591.342096079,0.441296385744,10708.4658562
2025-03-17,29,04:50,3712.4964,0,3572.8059875,0.000598222222222,595.46756488,595.46756488,0,0,23.2818351204,0,0,0,10655.4390906,28,2025-03-17,27,0.4045,240.866629994,04:40,04:50,3572.8059875,0.000598222222222,0,595.46756488,595.46756488,0.46079243708,10681.3077963
2025-03-17,30,05:00,3519.49,0,3676.90488859,0,612.817481432,612.817481432,0,26.2358147656,0,0,0,0,10679.0513239,29,2025-03-17,28,0.4174,255.79001675,04:50,05:00,3676.90488859,0,0,612.817481432,612.817481432,0.477190477902,10655.4390906
2025-03-17,31,05:10,3420.1197,0.2894,3578.98096381,0.125661333333,596.475883746,596.475883746,0,26.5041670792,0,0,0,0.0482333333333,10702.9050743,30,2025-03-17,29,0.4241,252.965422297,05:00,05:10,3578.98096381,0.125661333333,0,596.475883746,596.475883746,0.462357083624,10679.0513239
2025-03-17,32,05:20,3608.8794,0,3592.02125597,0.125661333333,598.649265774,598.649265774,0,0,2.83063422644,0,0,0,10699.7599252,31,2025-03-17,30,0.468,280.167856382,05:10,05:20,3592.02125597,0.125661333333,0,598.649265774,598.649265774,0.461705110229,10702.9050743
2025-03-17,33,05:30,3759.44,0,3601.00524614,0,600.167541023,600.167541023,0,0,26.4057923105,0,0,0,10670.4201559,32,2025-03-17,31,0.4794,287.720319166,05:20,05:30,3601.00524614,0,0,600.167541023,600.167541023,0.452149753982,10699.7599252
2025-03-17,34,05:40,3455.625,4.0304,3401.14630606,0.125661333333,591.914220302,591.914220302,0,16.6484536357,0,0,0,0.671733333333,10685.4037642,33,2025-03-17,32,0.382,226.111232155,05:30,05:40,3401.14630606,0.125661333333,0,591.914220302,591.914220302,0.395173118558,10670.4201559
2025-03-17,35,05:50,3808.7623,0,3839.39202326,0.125661333333,639.877726987,639.877726987,0,5.08401032079,0,0,0,0,10689.9793735,34,2025-03-17,33,0.5576,356.795820568,05:40,05:50,3839.39202326,0.125661333333,0,639.877726987,639.877726987,0.59250974737,10685.4037642
2025-03-17,36,06:00,4713.02,0,4773.38127167,0,0,0,0,0,785.503333333,0,0,0,9817.19789201,35,2025-03-17,34,0.9275,0,05:50,06:00,4773.38127167,0,0,0,0,0.990501481376,10689.9793735
2025-03-17,37,06:10,4874.9044,122.1253,4888.19303684,115.553172545,0,0,0,0,792.12985,0,0,20.3542166667,8937.05361423,36,2025-03-17,35,1.002,0,06:00,06:10,4888.19303684,115.553172545,6,0,0,1.00564650769,9817.19789201
2025-03-17,38,06:20,4658.0096,343.2006,4726.49604477,338.947804562,0,0,0,0,719.134833333,0,0,57.2001,8138.01491053,37,2025-03-17,36,0.9454,0,06:10,06:20,4726.49604477,338.947804562,6,0,0,0.926833820045,8937.05361423
2025-03-17,39,06:30,4632.22,625.275,4712.62693138,615.231598323,0,0,0,0,667.824166667,0,0,104.2125,7395.98805867,38,2025-03-17,37,0.922,0,06:20,06:30,4712.62693138,615.231598323,6,0,0,0.932596514428,8138.01491053
2025-03-17,40,06:40,4947.1029,943.2927,4681.06846994,902.94211931,0,0,0,0,667.3017,0,0,157.21545,6654.54172534,39,2025-03-17,38,0.9179,0,06:30,06:40,4681.06846994,902.94211931,6,0,0,0.916416136765,7395.98805867
2025-03-17,41,06:50,5006.0602,1317.3711,4608.9741723,1193.60573424,0,0,0,0,614.781516667,0,0,219.56185,5971.45115127,40,2025-03-17,39,0.8873,0,06:40,06:50,4608.9741723,1193.60573424,6,0,0,0.902708922093,6654.54172534
2025-03-17,42,07:00,4771.26,1718.5125,4738.29886071,1473.30975568,0,0,0,0,508.79125,0,0,286.41875,5406.12754015,41,2025-03-17,40,0.8282,0,06:50,07:00,4738.29886071,1473.30975568,6,0,0,0.894769604565,5971.45115127
2025-03-17,43,07:10,4796.1094,2071.3996,4713.15105702,2037.83865824,185.821181633,185.821181633,0,0,268.297118367,0,0,345.233266667,5108.01963086,42,2025-03-17,41,0.7875,219.501270804,07:00,07:10,4713.15105702,2037.83865824,6,0,185.821181633,0.848908597746,5406.12754015
2025-03-17,44,07:20,5019.9514,2360.4312,4876.85784126,2382.24986101,415.767996708,415.767996708,0,0,27.4853699583,0,0,393.4052,5077.4803309,43,2025-03-17,42,0.8046,422.354264834,07:10,07:20,4876.85784126,2382.24986101,6,197.454959963,415.767996708,0.84801495806,5108.01963086
2025-03-17,45,07:30,5045.14,2663.025,4870.93780974,2726.68699742,357.375135388,357.375135388,0,0,39.6440312791,0,0,443.8375,5033.43140726,44,2025-03-17,43,0.8094,297.865561317,07:20,07:30,4870.93780974,2726.68699742,6,336.109687563,357.375135388,0.839376154966,5077.4803309
2025-03-17,46,07:40,4701.5557,3072.8154,4509.20997436,3071.11904828,239.681821014,239.681821014,0,0,31.7748956531,0,0,512.1359,4998.12596765,45,2025-03-17,44,0.7288,182.327933527,07:30,07:40,4509.20997436,3071.11904828,6,218.69438311,239.681821014,0.702575044885,5033.43140726
2025-03-17,47,07:50,5340.1526,3444.9369,5218.69413685,3415.63403868,0,0,0,0,315.869283333,0,0,574.15615,4647.16009728,46,2025-03-17,45,0.8847,0,07:40,07:50,5218.69413685,3415.63403868,6,0,0,0.875003338927,4998.12596765
2025-03-17,48,08:00,6640.33,3718.2,6537.85718545,3759.65270638,0,0,0,0,487.021666667,0,0,619.7,4106.02491209,47,2025-03-17,46,1.1958,0,07:50,08:00,6537.85718545,3759.65270638,6,0,0,1.24260713426,4647.16009728
2025-03-17,49,08:10,6833.9697,3975.3478,6625.07823813,4109.90862427,0,0,0,0,476.436983333,0,0,662.557966667,3576.65048616,48,2025-03-17,47,1.229,0,08:00,08:10,6625.07823813,4109.90862427,6,0,0,1.2446256147,4106.02491209
2025-03-17,50,08:20,6551.3288,4295.761,6436.57461864,4498.14502397,0,0,0,0,375.927966667,0,0,715.960166667,3158.95274542,49,2025-03-17,48,1.1475,0,08:10,08:20,6436.57461864,4498.14502397,6,0,0,1.14415220281,3576.65048616
2025-03-17,51,08:30,6440.82,4699.8,6468.80266563,4887.34022705,0,0,0,0,290.17,0,0,783.3,2836.54163431,50,2025-03-17,49,1.1039,0,08:20,08:30,6468.80266563,4887.34022705,6,0,0,1.14733292928,3158.95274542
2025-03-17,52,08:40,6493.5817,5150.1285,6501.59633055,5275.79604087,0,0,0,0,223.908866667,0,0,858.35475,2587.75400468,51,2025-03-17,50,1.0788,0,08:30,08:40,6501.59633055,5275.79604087,6,0,0,1.18331991689,2836.54163431
2025-03-17,53,08:50,6499.2246,5604.849,6519.61198519,5663.48959465,0,0,0,0,149.0626,0,0,934.1415,2422.12889357,52,2025-03-17,51,1.0301,0,08:40,08:50,6519.61198519,5663.48959465,6,0,0,1.13362914172,2587.75400468
2025-03-17,54,09:00,6466.18,6017.9625,6514.77765058,6045.08966477,0,0,0,0,74.7029166667,0,0,1002.99375,2339.12565283,53,2025-03-17,52,0.9844,0,08:50,09:00,6514.77765058,6045.08966477,6,0,0,1.07386027198,2422.12889357
2025-03-17,55,09:10,6587.726,6365.3664,6474.92751381,6316.03771911,0,0,0,0,37.0599333333,0,0,1060.8944,2297.94794913,54,2025-03-17,53,1.0028,0,09:00,09:10,6474.92751381,6316.03771911,6,0,0,1.11147924452,2339.12565283
2025-03-17,56,09:20,6746.8065,6720.6517,6432.29277735,6554.21167146,0,0,0,0,4.35913333333,0,0,1120.10861667,2293.10446765,55,2025-03-17,54,0.9997,0,09:10,09:20,6432.29277735,6554.21167146,6,0,0,1.1025435098,2297.94794913
2025-03-17,57,09:30,6758.14,7085.7375,6388.30162169,6780.03781144,0,0,0,54.5995833333,0,0,0,1180.95625,2342.24409265,56,2025-03-17,55,0.9496,0,09:20,09:30,6388.30162169,6780.03781144,6,0,0,1.03484830613,2293.10446765
2025-03-17,58,09:40,6539.3484,7355.0995,6433.85184477,6999.82238537,0,0,0,135.958516667,0,0,0,1225.84991667,2464.60675765,57,2025-03-17,56,0.9111,0,09:30,09:40,6433.85184477,6999.82238537,6,0,0,1.04672229145,2342.24409265
2025-03-17,59,09:50,6361.3999,7389.4481,6498.0658874,7226.22115959,0,0,0,171.341366667,0,0,0,1231.57468333,2618.81398765,58,2025-03-17,57,0.8888,0,09:40,09:50,6498.0658874,7226.22115959,6,0,0,1.02778654326,2464.60675765
2025-03-17,60,10:00,6372.01,7303.05,6529.09760543,7458.66483754,0,0,0,155.173333333,0,0,0,1217.175,2758.46998765,59,2025-03-17,58,0.8813,0,09:50,10:00,6529.09760543,7458.66483754,6,0,0,0.987669585259,2618.81398765
2025-03-17,61,10:10,6485.8549,7333.2505,6477.48071977,7364.92869985,0,0,0,141.2326,0,0,0,1222.20841667,2885.57932765,60,2025-03-17,59,0.8895,0,10:00,10:10,6477.48071977,7364.92869985,6,0,0,0.981980303678,2758.46998765
2025-03-17,62,10:20,6535.8811,7189.2339,6447.03723695,7455.89180769,0,0,0,108.892133333,0,0,0,1198.20565,2983.58224765,61,2025-03-17,60,0.891,0,10:10,10:20,6447.03723695,7455.89180769,6,0,0,0.954852955674,2885.57932765
2025-03-17,63,10:30,6441.76,6975.15,6446.10303492,7544.59932323,0,0,0,88.8983333333,0,0,0,1162.525,3063.59074765,62,2025-03-17,61,0.9085,0,10:20,10:30,6446.10303492,7544.59932323,6,0,0,0.929633243232,2983.58224765
2025-03-17,64,10:40,6299.1913,7135.5142,6335.29971716,7618.70777854,0,0,0,139.38715,0,0,0,1189.25236667,3189.03918265,63,2025-03-17,62,0.9534,0,10:30,10:40,6335.29971716,7618.70777854,6,0,0,0.987322992552,3063.59074765
2025-03-17,65,10:50,6459.0854,7374.4244,6310.61872518,7699.42790282,0,0,0,152.5565,0,0,0,1229.07073333,3326.34003265,64,2025-03-17,63,0.8031,0,10:40,10:50,6310.61872518,7699.42790282,6,0,0,0.877055191368,3189.03918265
2025-03-17,66,11:00,6662.4,7605.675,6415.10120765,7798.71965575,0,0,0,157.2125,0,0,0,1267.6125,3467.83128265,65,2025-03-17,64,0.5338,87.1650836155,10:50,11:00,6415.10120765,7798.71965575,6,326.583303168,0,0.635143059778,3326.34003265
2025-03-17,67,11:10,6330.7874,8025.0573,6481.45350364,7924.85167668,0,0,0,282.378316667,0,0,0,1337.50955,3721.97176765,66,2025-03-17,65,0.4669,172.365457655,11:00,11:10,6481.45350364,7924.85167668,6,738.339934266,0,0.600246179743,3467.83128265
2025-03-17,68,11:20,6255.0414,8366.5893,6494.92931435,8035.6899979,0,0,0,351.92465,0,0,0,1394.43155,4038.70395265,67,2025-03-17,66,0.4775,173.737634506,11:10,11:20,6494.92931435,8035.6899979,6,727.696898455,0,0.61364054181,3721.97176765
2025-03-17,69,11:30,6573.42,8534.2125,6418.18976801,8138.70865518,0,0,0,326.79875,0,0,0,1422.36875,4332.82282765,68,2025-03-17,67,0.4649,163.815888917,11:20,11:30,6418.18976801,8138.70865518,6,704.736024596,0,0.588745697156,4038.70395265
2025-03-17,70,11:40,6588.1755,8640.9976,6204.07027332,8214.34538554,0,0,0,342.137016667,0,0,0,1440.16626667,4640.74614265,69,2025-03-17,68,0.4583,153.174357697,11:30,11:40,6204.07027332,8214.34538554,6,668.445811466,0,0.585427061184,4332.82282765
2025-03-17,71,11:50,6273.8315,8497.5388,6065.7190442,8289.54032963,34.8668002283,34.8668002283,5.68434188608e-14,405.484683562,0,0,0,1416.25646667,5005.68235785,70,2025-03-17,69,0.4487,152.519066032,11:40,11:50,6065.7190442,8289.54032963,6,644.959658573,34.8668002283,0.584349821915,4640.74614265
2025-03-17,72,12:00,5953.4,8292.4875,6067.57756517,8380.00330122,447.929043992,443.485416667,4.44362732548,833.333333333,0,0,0,1382.08125,5755.68235785,71,2025-03-17,70,0.4313,234.509414971,11:50,12:00,6067.57756517,8380.00330122,6,639.524769923,447.929043992,0.571473799815,5005.68235785
2025-03-17,73,12:10,5963.3324,8454.7049,6017.04873916,8192.22443851,470.804050108,418.104583333,52.6994667749,833.333333333,0,0,0,1409.11748333,6505.68235785,72,2025-03-17,71,0.4144,233.980989693,12:00,12:10,6017.04873916,8192.22443851,12,641.311941147,470.804050108,0.55341404001,5755.68235785
2025-03-17,74,12:20,6027.9813,8561.0877,6023.14719106,8052.66105772,495.081022224,411.148933333,83.932088891,833.333333333,0,0,0,1426.84795,7255.68235785,73,2025-03-17,72,0.4003,234.336466381,12:10,12:20,6023.14719106,8052.66105772,12,640.795353237,495.081022224,0.561263842697,6505.68235785
2025-03-17,75,12:30,5984.69,8303.5125,6099.91446977,7914.61212594,530.883723972,446.862916667,84.0208073052,833.333333333,0,0,0,1383.91875,8005.68235785,74,2025-03-17,73,0.3889,240.072818617,12:20,12:30,6099.91446977,7914.61212594,12,658.123788305,530.883723972,0.566596450203,7255.68235785
2025-03-17,76,12:40,5952.7532,7790.5161,5993.92938598,7778.01644591,535.985490011,527.039516667,8.94597334472,833.333333333,0,0,0,1298.41935,8755.68235785,75,2025-03-17,74,0.4131,255.30137726,12:30,12:40,5993.92938598,7778.01644591,12,650.942036633,535.985490011,0.552890711251,8005.68235785
2025-03-17,77,12:50,6096.1013,7448.4448,6123.58169099,7640.28506095,580.549438339,580.549438339,0,805.940021673,0,0,0,1241.40746667,9481.02837736,76,2025-03-17,75,0.6276,546.529241253,12:40,12:50,6123.58169099,7640.28506095,12,0,580.549438339,0.671230203731,8755.68235785
2025-03-17,78,13:00,6321.55,7395.7875,6332.29572439,7501.52877304,0,0,0,179.039583333,0,0,0,1232.63125,9642.16400236,77,2025-03-17,76,0.907,0,12:50,13:00,6332.29572439,7501.52877304,12,0,0,0.87791603321,9481.02837736
2025-03-17,79,13:10,6369.8356,7400.0977,6352.98283548,7383.11120056,0,0,0,171.71035,0,0,0,1233.34961667,9796.70331736,78,2025-03-17,77,0.9377,0,13:00,13:10,6352.98283548,7383.11120056,12,0,0,0.921958026634,9642.16400236
2025-03-17,80,13:20,6370.4893,7362.2966,6292.85616508,7313.69331757,0,0,0,165.301216667,0,0,0,1227.04943333,9945.47441236,79,2025-03-17,78,0.8875,0,13:10,13:20,6292.85616508,7313.69331757,12,0,0,0.926290298174,9796.70331736
2025-03-17,81,13:30,6366.45,7277.85,6264.66781037,7246.91958589,0,0,0,151.9,0,0,0,1212.975,10082.1844124,80,2025-03-17,79,0.8835,0,13:20,13:30,6264.66781037,7246.91958589,12,0,0,0.950594089015,9945.47441236
2025-03-17,82,13:40,6281.7896,7191.1923,6294.1521392,7178.59217296,0,0,0,151.567116667,0,0,0,1198.53205,10218.5948174,81,2025-03-17,80,0.892,0,13:30,13:40,6294.1521392,7178.59217296,12,0,0,0.913350225235,10082.1844124
2025-03-17,83,13:50,6297.3577,7112.2632,6246.15649652,7106.15374195,0,0,0,135.817583333,0,0,0,1185.3772,10340.8306424,82,2025-03-17,81,0.894,0,13:40,13:50,6246.15649652,7106.15374195,12,0,0,0.894840398325,10218.5948174
2025-03-17,84,14:00,6328.56,6986.6625,6177.94981165,7030.70301878,0,0,0,109.68375,0,0,0,1164.44375,10439.5460174,83,2025-03-17,82,0.8901,0,13:50,14:00,6177.94981165,7030.70301878,12,0,0,0.921258601739,10340.8306424
2025-03-17,85,14:10,6125.489,6759.3729,6196.55171371,6755.2344466,0,0,0,105.647316667,0,0,0,1126.56215,10534.6286024,84,2025-03-17,83,0.8866,0,14:00,14:10,6196.55171371,6755.2344466,12,0,0,0.966483779653,10439.5460174
2025-03-17,86,14:20,6081.3797,6584.6674,6197.20512971,6511.85783268,0,0,0,83.8812833333,0,0,0,1097.44456667,10610.1217574,85,2025-03-17,84,0.8608,0,14:10,14:20,6197.20512971,6511.85783268,12,0,0,0.997157330986,10534.6286024
2025-03-17,87,14:30,6245.07,6474.1125,6172.24019444,6268.84312781,0,0,0,38.17375,0,0,0,1079.01875,10644.4781324,86,2025-03-17,85,0.8835,0,14:20,14:30,6172.24019444,6268.84312781,12,0,0,1.0233725587,10610.1217574
2025-03-17,88,14:40,6257.5501,6270.8465,6165.53503066,6028.95233208,0,0,0,2.21606666667,0,0,0,1045.14108333,10646.4725924,87,2025-03-17,86,1.016,0,14:30,14:40,6165.53503066,6028.95233208,12,0,0,1.05493450617,10644.4781324
2025-03-17,89,14:50,6163.9567,5930.0688,6252.69379573,5789.01616359,0,0,0,0,38.9813166667,0,0,988.3448,10603.1600183,88,2025-03-17,87,0.9032,0,14:40,14:50,6252.69379573,5789.01616359,12,0,0,0.972839582317,10646.4725924
2025-03-17,90,15:00,6121.21,5510.8125,6335.2349766,5536.02179254,134.182859885,134.182859885,0,32.4499432182,0,0,0,918.46875,10632.3649672,89,2025-03-17,88,0.6328,99.5191440309,14:50,15:00,6335.2349766,5536.02179254,12,180.352993563,134.182859885,0.80190968996,10603.1600183
2025-03-17,91,15:10,6204.2446,5125.7447,6267.24778871,5166.73974802,183.418006781,183.418006781,0,3.66802344804,0,0,0,854.290783333,10635.6661883,90,2025-03-17,89,0.6628,137.635354531,15:00,15:10,6267.24778871,5166.73974802,12,209.453582664,183.418006781,0.774692936738,10632.3649672
2025-03-17,92,15:20,6156.5244,4803.2991,6178.83438067,4821.43702159,226.232893181,226.232893181,0,0.695343180667,0,0,0,800.54985,10636.2919971,91,2025-03-17,90,0.7503,191.709919763,15:10,15:20,6178.83438067,4821.43702159,12,235.580298429,226.232893181,0.770653399489,10635.6661883
2025-03-17,93,15:30,6027.5,4456.8375,6151.35188374,4462.9067006,368.133645936,368.133645936,1.13686837722e-13,106.356562603,0,0,0,742.80625,10732.0129035,92,2025-03-17,91,0.7415,408.826166285,15:20,15:30,6151.35188374,4462.9067006,12,734.566735144,368.133645936,0.76400078367,10636.2919971
2025-03-17,94,15:40,6122.9222,3988.3705,6170.67209376,4098.42108384,345.375168321,345.375168321,0,0,10.3834483455,0,0,664.728416667,10720.4757387,93,2025-03-17,92,0.7411,283.247321735,15:30,15:40,6170.67209376,4098.42108384,12,340.794872642,345.375168321,0.853255351944,10732.0129035
2025-03-17,95,15:50,6227.5315,3615.0325,6197.76780255,3737.20774154,410.093343501,410.093343501,0,0,25.3231564986,0,0,602.505416667,10692.3388981,94,2025-03-17,93,0.8006,360.854149621,15:40,15:50,6197.76780255,3737.20774154,12,398.355845442,410.093343501,0.88846465304,10720.4757387
2025-03-17,96,16:00,6206.12,3354.1875,6211.95132065,3383.00024541,471.491845873,471.491845873,0,0,3.83023746005,0,0,559.03125,10688.0830787,95,2025-03-17,94,0.8721,450.440440238,15:50,16:00,6211.95132065,3383.00024541,12,448.381213076,471.491845873,0.848984155035,10692.3388981
2025-03-17,97,16:10,6153.1916,3019.6567,6245.7806284,3043.16510037,533.769254672,533.769254672,0,11.5134380053,0,0,0,503.276116667,10698.4451729,96,2025-03-17,95,0.8651,514.395386851,16:00,16:10,6245.7806284,3043.16510037,12,498.213771461,533.769254672,0.865962778817,10688.0830787
2025-03-17,98,16:20,6213.6195,2721.2786,6215.83363758,2706.92380411,577.341660627,577.341660627,0,0,4.71515604013,0,0,453.546433333,10693.2061106,97,2025-03-17,96,0.8522,536.789022666,16:10,16:20,6215.83363758,2706.92380411,12,552.019354001,577.341660627,0.889688726687,10698.4451729
2025-03-17,99,16:30,6311.22,2461.3875,6145.71715473,2370.18744258,562.725350997,562.725350997,0,0,78.9133990025,0,0,410.23125,10605.5245562,98,2025-03-17,97,0.8919,518.351362992,16:20,16:30,6145.71715473,2370.18744258,12,599.627744623,562.725350997,0.905610318935,10693.2061106
2025-03-17,100,16:40,6220.5748,2110.1116,6128.26150908,2034.62020377,621.413505964,621.413505964,0,0,63.6636940357,0,0,351.685266667,10534.7871184,99,2025-03-17,98,0.9661,616.503385509,16:30,16:40,6128.26150908,2034.62020377,12,654.858899603,621.413505964,0.950734600153,10605.5245562
2025-03-17,101,16:50,6044.5972,1744.0756,6162.53513358,1695.97410172,690.359814555,690.359814555,0,0,26.3937854454,0,0,290.679266667,10505.4606901,100,2025-03-17,99,0.9821,693.369570545,16:40,16:50,6162.53513358,1695.97410172,12,721.654380629,690.359814555,0.979541252378,10534.7871184
2025-03-17,102,17:00,5973.23,1425.2625,6237.47373283,1361.73536156,763.651068534,763.651068534,0,5.65648520065,0,0,0,237.54375,10510.5515268,101,2025-03-17,100,0.9656,750.564649269,16:50,17:00,6237.47373283,1361.73536156,12,790.956738568,763.651068534,0.994840871723,10505.4606901
2025-03-17,103,17:10,6091.9807,1141.6921,6274.34839435,998.724055285,854.206292572,854.206292572,1.13686837722e-13,29.1581925724,0,0,0,190.282016667,10536.7939001,102,2025-03-17,101,1.028,883.99282747,17:00,17:10,6274.34839435,998.724055285,12,865.624111066,854.206292572,1.04487088345,10510.5515268
2025-03-17,104,17:20,6082.9796,860.2686,6224.69690944,760.8771521,889.657533019,889.657533019,0,19.2056996859,0,0,0,143.3781,10554.0790298,103,2025-03-17,102,1.0797,965.684364429,17:10,17:20,6224.69690944,760.8771521,12,899.143734795,889.657533019,1.0736012258,10536.7939001
2025-03-17,105,17:30,6073.13,578.8875,6199.83723405,527.169341094,928.51965074,928.51965074,0,12.8125674067,0,0,0,96.48125,10565.6103405,104,2025-03-17,103,1.0704,997.930714499,17:20,17:30,6199.83723405,527.169341094,12,936.074359908,928.51965074,1.06389896029,10554.0790298
2025-03-17,106,17:40,6320.6216,327.4002,6291.65420668,293.828907749,986.67429906,986.67429906,0,0,12.1959342728,0,0,54.5667,10552.0593024,105,2025-03-17,104,1.0567,1045.60648019,17:30,17:40,6291.65420668,293.828907749,12,992.329164919,986.67429906,1.04405262308,10565.6103405
2025-03-17,107,17:50,5522.014,122.4196,5565.2510124,106.628681096,901.277099942,901.277099942,0,1.34469994155,0,0,0,20.4032666667,10553.2695324,106,2025-03-17,105,1.1482,1036.82924487,17:40,17:50,5565.2510124,106.628681096,12,904.730990759,901.277099942,1.12531391545,10552.0593024
2025-03-17,108,18:00,4156.9,0,4281.2659653,0,710.194342374,710.194342374,0,17.377675707,0,0,0,0,10568.9094405,107,2025-03-17,106,1.2785,908.739847942,17:50,18:00,4281.2659653,0,12,711.377574626,710.194342374,1.26981405247,10553.2695324
2025-03-17,109,18:10,4120.4176,0,4049.12257031,0.13403191506,672.791996338,672.791996338,0,0,13.9442703285,0,0,0,10553.4158068,108,2025-03-17,107,1.2698,855.022971031,18:00,18:10,4049.12257031,0.13403191506,18,673.912950946,672.791996338,1.25950009204,10568.9094405
2025-03-17,110,18:20,4311.033,4.1521,4344.46662603,0.13403191506,721.867249309,721.867249309,0,4.05376597574,0,0,0,0.692016666667,10557.0641962,109,2025-03-17,108,1.2439,898.678701459,18:10,18:20,4344.46662603,0.13403191506,18,723.069966638,721.867249309,1.25792030012,10553.4158068
2025-03-17,111,18:30,4193.91,0,4431.50644791,0,0,0,0,0,698.985,0,0,0,9780.41419617,110,2025-03-17,109,1.2671,0,18:20,18:30,4431.50644791,0,18,0,0,1.29125341001,10557.0641962
2025-03-17,112,18:40,4340.1172,0,4395.11203565,0.13403191506,0,0,0,0,723.352866667,0,0,0,8976.68878876,111,2025-03-17,110,1.2821,0,18:30,18:40,4395.11203565,0.13403191506,18,0,0,1.28701371116,9780.41419617
2025-03-17,113,18:50,4404.7463,0.2981,4398.380426,0.13403191506,0,0,0,0,734.0747,0,0,0.0496833333333,8161.0502332,112,2025-03-17,111,1.2656,0,18:40,18:50,4398.380426,0.13403191506,18,0,0,1.28986816985,8976.68878876
2025-03-17,114,19:00,4246.56,0,4486.06884863,0,0,0,0,0,707.76,0,0,0,7374.6502332,113,2025-03-17,112,1.2409,0,18:50,19:00,4486.06884863,0,18,0,0,1.30075120443,8161.0502332
2025-03-17,115,19:10,4130.4519,0,4503.841565,0.000637333333333,25.9949049174,25.9949049174,0,0,662.413745083,0,0,0,6638.63496089,114,2025-03-17,113,1.2514,48.7950360204,19:00,19:10,4503.841565,0.000637333333333,18,0,25.9949049174,1.28125455802,7374.6502332
2025-03-17,116,19:20,4150.7796,0.0214,4422.09592134,0.000637333333333,442.807705534,442.807705534,0,0,248.985327799,0,0,0.00356666666667,6361.98459667,115,2025-03-17,114,1.2759,752.028545406,19:10,19:20,4422.09592134,0.000637333333333,18,736.012806114,442.807705534,1.27482063341,6638.63496089
2025-03-17,117,19:30,4229.12,0,4393.03328067,0,0,0,0,0,704.853333333,0,0,0,5578.8142263,116,2025-03-17,115,1.2819,0,19:20,19:30,4393.03328067,0,18,0,0,1.29047185892,6361.98459667
2025-03-17,118,19:40,4253.2071,0,4529.37079447,0.000637333333333,0,0,0,0,708.86785,0,0,0,4791.18328185,117,2025-03-17,116,1.2601,0,19:30,19:40,4529.37079447,0.000637333333333,18,0,0,1.29083685338,5578.8142263
2025-03-17,119,19:50,4452.7161,0.0015,4523.15909686,0.000637333333333,751.581557946,751.581557946,0,9.46245794629,0,0,0,0.00025,4799.69949401,118,2025-03-17,117,1.2698,1263.09780293,19:40,19:50,4523.15909686,0.000637333333333,18,265.300977297,751.581557946,1.2751994382,4791.18328185
2025-03-17,120,20:00,4607.02,0,4323.62688011,0,719.623741433,719.623741433,0,0,48.212925234,0,0,0,4746.12957708,119,2025-03-17,118,1.2827,923.061373136,19:50,20:00,4323.62688011,0,18,719.623741433,719.623741433,1.26664094999,4799.69949401
2025-03-17,121,20:10,4275.5813,0,4312.42158071,0,0,0,0,0,712.596883333,0,0,0,3954.35526226,120,2025-03-17,119,1.2207,0,20:00,20:10,4312.42158071,0,18,0,0,1.28960865315,4746.12957708
2025-03-17,122,20:20,4241.1391,0,4286.27188337,0,0,0,0,0,706.856516667,0,0,0,3168.95913264,121,2025-03-17,120,1.2169,0,20:10,20:20,4286.27188337,0,18,0,0,1.28569389779,3954.35526226
2025-03-17,123,20:30,4557.64,0,4253.91864738,0,708.021514729,708.021514729,0,0,51.5851519381,0,0,0,3111.64229715,122,2025-03-17,121,1.2953,917.100268028,20:20,20:30,4253.91864738,0,18,708.021514729,708.021514729,1.27015541436,3168.95913264
2025-03-17,124,20:40,4499.3346,0,4481.76012734,0,0,0,0,0,749.8891,0,0,0,2278.43218604,123,2025-03-17,122,1.3189,0,20:30,20:40,4481.76012734,0,18,0,0,1.29316706513,3111.64229715
2025-03-17,125,20:50,4369.007,0,4546.1598757,0,755.403542477,755.403542477,0,27.2357091438,0,0,0,0,2302.94432427,124,2025-03-17,123,1.1688,883.651159326,20:40,20:50,4546.1598757,0,18,756.662096342,755.403542477,1.15461506454,2278.43218604
2025-03-17,126,21:00,4402.68,0,4433.88199226,0,736.747113047,736.747113047,0,2.96711304701,0,0,0,0,2305.61472601,125,2025-03-17,124,0.9562,705.064443371,20:50,21:00,4433.88199226,0,18,737.974584027,736.747113047,0.932572866614,2302.94432427
2025-03-17,127,21:10,4464.3014,0,4472.59615419,0,743.179974159,743.179974159,0,0,0.870259174712,0,0,0,2304.64777137,126,2025-03-17,125,0.9189,683.476963991,21:00,21:10,4472.59615419,0,18,744.418162725,743.179974159,0.90634755411,2305.61472601
2025-03-17,128,21:20,4294.9597,0,4539.8508267,0,754.355211996,754.355211996,0,38.5285953295,0,0,0,0,2339.32350717,127,2025-03-17,126,0.9129,689.224542712,21:10,21:20,4539.8508267,0,18,755.612019271,754.355211996,0.950493244137,2304.64777137
2025-03-17,129,21:30,4157.57,0,4583.91446098,0,761.676957457,761.676957457,0,68.7486241235,0,0,0,0,2401.19726888,128,2025-03-17,127,0.9056,690.3492585,21:20,21:30,4583.91446098,0,18,762.94596326,761.676957457,0.972963613197,2339.32350717
2025-03-17,130,21:40,4468.9728,0,4554.3753653,0,756.768652837,756.768652837,0,11.9398528372,0,0,0,0,2411.94313643,129,2025-03-17,128,0.9708,735.283014198,21:30,21:40,4554.3753653,0,18,758.029481069,756.768652837,0.993200743196,2401.19726888
2025-03-17,131,21:50,4134.9841,0,4093.36557528,0,683.374226231,683.374226231,0,0,5.78979043517,0,0,0,2405.51003595,130,2025-03-17,129,0.7912,542.403202522,21:40,21:50,4093.36557528,0,18,681.299088015,683.374226231,0.792580810296,2411.94313643
2025-03-17,132,22:00,3240.58,0,3459.52896963,0,577.557242144,577.557242144,0,37.460575477,0,0,0,0,2439.22455388,131,2025-03-17,130,0.452,261.885130294,21:50,22:00,3459.52896963,0,18,575.803428407,577.557242144,0.461307082353,2405.51003595
2025-03-17,133,22:10,3035.3964,0,3234.05133336,0,1373.24780881,1339.23273333,34.0150754814,833.333333333,0,0,0,0,3189.22455388,132,2025-03-17,131,0.3879,533.348098727,22:00,22:10,3234.05133336,0,18,1371.60830133,1373.24780881,0.380016840598,2439.22455388
2025-03-17,134,22:20,3191.3036,0,3357.47361126,0,1393.85276142,1365.21726667,28.6354947492,833.333333333,0,0,0,0,3939.22455388,133,2025-03-17,132,0.43,600.122309969,22:10,22:20,3357.47361126,0,18,1392.15068481,1393.85276142,0.411134685237,3189.22455388
2025-03-17,135,22:30,3318.59,0,3505.9155856,0,1418.63467192,1386.43166667,32.2030052544,833.333333333,0,0,0,0,4689.22455388,134,2025-03-17,133,0.4273,606.97704794,22:20,22:30,3505.9155856,0,18,1416.85734241,1418.63467192,0.438543612189,3939.22455388
2025-03-17,136,22:40,3366.7275,0,3537.13344863,0,1423.84639382,1394.45458333,29.3918104833,833.333333333,0,0,0,0,5439.22455388,135,2025-03-17,134,0.4072,634.142708451,22:30,22:40,3537.13344863,0,18,1422.05323837,1423.84639382,0.44635662472,4689.22455388
2025-03-17,137,22:50,3251.1396,0,3438.65537777,0,1407.40579641,1375.18993333,32.215863074,833.333333333,0,0,0,0,6189.22455388,136,2025-03-17,135,0.4098,577.502194134,22:40,22:50,3438.65537777,0,18,1405.66256457,1407.40579641,0.438910221703,5439.22455388
2025-03-17,138,23:00,3087.75,0,3349.85927607,0,1392.58157263,1347.95833333,44.6232392962,833.333333333,0,0,0,0,6939.22455388,137,2025-03-17,136,0.4151,578.798027475,22:50,23:00,3349.85927607,0,18,1390.88335612,1392.58157263,0.41967309061,6189.22455388
2025-03-17,139,23:10,3132.3944,0,3348.72994494,0,1392.39303443,1355.39906667,36.9939677606,833.333333333,0,0,0,0,7689.22455388,138,2025-03-17,137,0.378,526.995849913,23:00,23:10,3348.72994494,0,18,1390.69539043,1392.39303443,0.421233092649,6939.22455388
2025-03-17,140,23:20,3344.3248,0,3436.11860924,0,1406.98229105,1390.7208,16.2614910546,833.333333333,0,0,0,0,8439.22455388,139,2025-03-17,138,0.3897,549.011119587,23:10,23:20,3436.11860924,0,18,1405.24034524,1406.98229105,0.427777894936,7689.22455388
2025-03-17,141,23:30,3497.18,0,3471.3898017,0,1412.87070327,1412.87070327,0,830.007369936,0,0,0,0,9186.23118682,140,2025-03-17,139,0.4418,625.019599141,23:20,23:30,3471.3898017,0,18,1411.11087666,1412.87070327,0.432340587467,8439.22455388
2025-03-17,142,23:40,3387.6461,0,3384.8326143,0,1398.42025904,1397.94101667,0.479242370989,833.333333333,0,0,0,0,9936.23118682,141,2025-03-17,140,0.4309,603.352766522,23:30,23:40,3384.8326143,0,18,1396.70431274,1398.42025904,0.446043268081,9186.23118682
2025-03-17,143,23:50,3324.3932,0,3372.98808075,0,1105.85925013,1105.85925013,0,551.793716796,0,0,0,0,10432.8455319,142,2025-03-17,141,0.4092,670.911872762,23:40,23:50,3372.98808075,0,18,1082.49301851,1105.85925013,0.4555191463,9936.23118682
2025-03-17,144,00:00+1,3365.04,0,3472.25256497,0,579.68140549,579.68140549,0,18.8414054903,0,0,0,0,10449.8027969,143,2025-03-17,142,0.4072,236.796080917,23:50,00:00+1,3472.25256497,0,18,577.921141506,579.68140549,0.462990001543,10432.8455319
2025-03-18,1,00:10,3306.312,0,3495.01139118,0,1416.22742071,940.160003469,476.067417242,389.108003469,0,0,0,0,10800,0,2025-03-17,143,0.4056,574.421841841,00:00,00:10,3497.36452427,0,0,1416.22742071,1416.22742071,0.466036065473,10449.8027969
2025-03-18,2,00:20,3402.2507,0,3491.68207155,0,581.947011924,567.041783333,14.9052285911,0,0,0,0,0,10800,1,2025-03-18,0,0.4315,251.110135645,00:10,00:20,3491.68207155,0,0,581.947011924,581.947011924,0.458579252453,10800
2025-03-18,3,00:30,3568.2,0,3494.06319951,0,582.343866586,582.343866586,0,0,12.3561334145,0,0,0,10786.2709629,2,2025-03-18,1,0.4478,260.773583457,00:20,00:30,3494.06319951,0,0,582.343866586,582.343866586,0.442394737111,10800
2025-03-18,4,00:40,3425.6265,0,3493.55651164,0,582.259418607,582.259418607,0,11.3216686074,0,0,0,0,10796.4604646,3,2025-03-18,2,0.389,226.498913838,00:30,00:40,3493.55651164,0,0,582.259418607,582.259418607,0.442507415617,10786.2709629
2025-03-18,5,00:50,3241.0675,0,3438.09112849,0,573.015188081,544.110733756,28.9044543247,3.93281708947,0,0,0,0,10800,4,2025-03-18,3,0.3707,212.416730222,00:40,00:50,3438.09112849,0,0,573.015188081,573.015188081,0.435666459832,10796.4604646
2025-03-18,6,01:00,3259.86,0,3397.77785869,0,566.296309782,543.31,22.9863097824,0,0,0,0,0,10800,5,2025-03-18,4,0.4158,235.466005608,00:50,01:00,3397.77785869,0,0,566.296309782,566.296309782,0.429094142079,10800
2025-03-18,7,01:10,3457.5259,0,3612.71340612,0,602.118901019,576.254316667,25.8645843527,0,0,0,0,0,10800,6,2025-03-18,5,0.4328,260.597060361,01:00,01:10,3612.71340612,0,0,602.118901019,602.118901019,0.444686154739,10800
2025-03-18,8,01:20,3500.3242,0,3602.8485529,0,600.474758816,583.387366667,17.0873921496,0,0,0,0,0,10800,7,2025-03-18,6,0.4293,257.78381396,01:10,01:20,3602.8485529,0,0,600.474758816,600.474758816,0.444547187796,10800
2025-03-18,9,01:30,3434.89,0,3452.86316324,0,575.477193874,572.481666667,2.99552720749,0,0,0,0,0,10800,8,2025-03-18,7,0.4202,241.815516866,01:20,01:30,3452.86316324,0,0,575.477193874,575.477193874,0.428271140901,10800
2025-03-18,10,01:40,3580.3983,0,3527.12484093,0,587.854140155,587.854140155,0,0,8.87890984515,0,0,0,10790.1345446,9,2025-03-18,8,0.4052,238.198497591,01:30,01:40,3527.12484093,0,0,587.854140155,587.854140155,0.439154521742,10800
2025-03-18,11,01:50,3550.3863,0,3669.94824749,0,611.658041248,602.692667093,8.96537415521,10.9616170928,0,0,0,0,10800,10,2025-03-18,9,0.4023,246.070029994,01:40,01:50,3669.94824749,0,0,611.658041248,611.658041248,0.454174803014,10790.1345446
2025-03-18,12,02:00,3385.03,0,3646.02583252,0,607.670972086,564.171666667,43.4993054194,0,0,0,0,0,10800,11,2025-03-18,10,0.4183,254.188767624,01:50,02:00,3646.02583252,0,0,607.670972086,607.670972086,0.442785962131,10800
2025-03-18,13,02:10,3530.1639,0,3568.55756101,0,594.759593501,588.36065,6.39894350115,0,0,0,0,0,10800,12,2025-03-18,11,0.44,261.694221141,02:00,02:10,3568.55756101,0,0,594.759593501,594.759593501,0.425598068633,10800
2025-03-18,14,02:20,3638.7736,0,3521.82068594,0,586.970114324,586.970114324,0,0,19.4921523426,0,0,0,10778.342053,13,2025-03-18,12,0.4391,257.7385772,02:10,02:20,3521.82068594,0,0,586.970114324,586.970114324,0.45450132445,10800
2025-03-18,15,02:30,3539.7,0,3497.34404914,0,582.890674857,582.890674857,0,0,7.05932514326,0,0,0,10770.4983583,14,2025-03-18,13,0.43,250.642990188,02:20,02:30,3497.34404914,0,0,582.890674857,582.890674857,0.492509657573,10778.342053
2025-03-18,16,02:40,3428.6006,0,3441.70966063,0,573.618276772,573.618276772,0,2.1848434384,0,0,0,0,10772.4647174,15,2025-03-18,14,0.4481,257.038349821,02:30,02:40,3441.70966063,0,0,573.618276772,573.618276772,0.447522198349,10770.4983583
2025-03-18,17,02:50,3437.4838,0,3468.78617335,0,578.131028892,578.131028892,0,5.21706222503,0,0,0,0,10777.1600734,16,2025-03-18,15,0.4362,252.180754803,02:40,02:50,3468.78617335,0,0,578.131028892,578.131028892,0.415090886017,10772.4647174
2025-03-18,18,03:00,3498.17,0,3543.2321013,0,590.538683551,590.538683551,0,7.51035021719,0,0,0,0,10783.9193886,17,2025-03-18,16,0.4217,249.030162853,02:50,03:00,3543.2321013,0,0,590.538683551,590.538683551,0.434185576779,10777.1600734
2025-03-18,19,03:10,3462.642,0,3483.4190692,0,580.569844867,580.569844867,0,3.46284486725,0,0,0,0,10787.035949,18,2025-03-18,17,0.4866,282.505286512,03:00,03:10,3483.4190692,0,0,580.569844867,580.569844867,0.444800934292,10783.9193886
2025-03-18,20,03:20,3564.3969,0,3495.11960927,0,582.519934879,582.519934879,0,0,11.5462151214,0,0,0,10774.2068211,19,2025-03-18,18,0.505,294.172567114,03:10,03:20,3495.11960927,0,0,582.519934879,582.519934879,0.442737599761,10787.035949
2025-03-18,21,03:30,3690.64,0,3596.21499542,0,599.369165904,599.369165904,0,0,15.7375007631,0,0,0,10756.7207092,20,2025-03-18,19,0.4659,279.246094394,03:20,03:30,3596.21499542,0,0,599.369165904,599.369165904,0.436004802658,10774.2068211
2025-03-18,22,03:40,3490.1794,0,3532.12393289,0,588.687322149,588.687322149,0,6.99075548236,0,0,0,0,10763.0123891,21,2025-03-18,20,0.4757,280.038559146,03:30,03:40,3532.12393289,0,0,588.687322149,588.687322149,0.42044675317,10756.7207092
2025-03-18,23,03:50,3410.0786,0,3457.49296726,0,576.248827876,576.248827876,0,7.90239454267,0,0,0,0,10770.1245442,22,2025-03-18,21,0.4442,255.969729343,03:40,03:50,3457.49296726,0,0,576.248827876,576.248827876,0.417171965269,10763.0123891
2025-03-18,24,04:00,3584.2,0,3487.12730848,0,581.187884747,581.187884747,0,0,16.1787819196,0,0,0,10752.1481198,23,2025-03-18,22,0.3859,224.280404724,03:50,04:00,3487.12730848,0,0,581.187884747,581.187884747,0.435453733719,10770.1245442
2025-03-18,25,04:10,3701.1273,0.0016,3696.30350272,0.000639254385965,616.050477245,616.050477245,0,0,0.803806088776,0,0,0.000266666666667,10751.2550019,24,2025-03-18,23,0.4187,257.940334822,04:00,04:10,3696.30350272,0.000639254385965,0,616.050477245,616.050477245,0.457676240496,10752.1481198
2025-03-18,26,04:20,3738.9523,0,3757.27464419,0.000639254385965,626.212334157,626.212334157,0,3.05361748991,0,0,0,0,10754.0032577,25,2025-03-18,24,0.453,283.674187373,04:10,04:20,3757.27464419,0.000639254385965,0,626.212334157,626.212334157,0.452905694299,10751.2550019
2025-03-18,27,04:30,3755.19,0,3588.2268909,0,598.03781515,598.03781515,0,0,27.8271848498,0,0,0,10723.0841634,26,2025-03-18,25,0.4487,268.339567658,04:20,04:30,3588.2268909,0,0,598.03781515,598.03781515,0.435088381303,10754.0032577
2025-03-18,28,04:40,3774.1574,0.0228,3539.55033658,0.000639254385965,589.924949555,589.924949555,0,0,39.0974837787,0,0,0.0038,10679.6425148,27,2025-03-18,26,0.4552,268.533837037,04:30,04:40,3539.55033658,0.000639254385965,0,589.924949555,589.924949555,0.447965066943,10723.0841634
2025-03-18,29,04:50,3689.7892,0,3627.61514525,0.000639254385965,604.602417666,604.602417666,0,0,10.3624490005,0,0,0,10668.1286825,28,2025-03-18,27,0.4682,283.074851951,04:40,04:50,3627.61514525,0.000639254385965,0,604.602417666,604.602417666,0.475108579523,10679.6425148
2025-03-18,30,05:00,3541.77,0,3672.3069328,0,612.051155466,612.051155466,0,21.7561554663,0,0,0,0,10687.7092225,29,2025-03-18,28,0.4588,280.809070128,04:50,05:00,3672.3069328,0,0,612.051155466,612.051155466,0.473982022748,10668.1286825
2025-03-18,31,05:10,3514.9089,0.3177,3557.19903755,0.133481140351,592.844259401,592.844259401,0,7.07905940096,0,0,0,0.05295,10694.0803759,30,2025-03-18,29,0.411,243.658990614,05:00,05:10,3557.19903755,0.133481140351,0,592.844259401,592.844259401,0.448219562364,10687.7092225
2025-03-18,32,05:20,3648.3668,0,3560.09732203,0.133481140351,593.327306815,593.327306815,0,0,14.7338265179,0,0,0,10677.7094576,31,2025-03-18,30,0.3969,235.491608075,05:10,05:20,3560.09732203,0.133481140351,0,593.327306815,593.327306815,0.453570654738,10694.0803759
2025-03-18,33,05:30,3653.93,0,3667.50942093,0,611.251570154,611.251570154,0,2.26323682107,0,0,0,0,10679.7463707,32,2025-03-18,31,0.4082,249.512890937,05:20,05:30,3667.50942093,0,0,611.251570154,611.251570154,0.453835626277,10677.7094576
2025-03-18,34,05:40,3306.0108,4.4246,3577.16190529,0.133481140351,596.171404025,596.171404025,0,45.9070373579,0,0,0,0.737433333333,10721.0627043,33,2025-03-18,32,0.4044,241.091715788,05:30,05:40,3577.16190529,0.133481140351,0,596.171404025,596.171404025,0.400967917285,10679.7463707
2025-03-18,35,05:50,3714.5044,0,3958.05965782,0.133481140351,659.65436278,659.65436278,0,40.5702961136,0,0,0,0,10757.5759708,34,2025-03-18,33,0.6067,400.212301899,05:40,05:50,3958.05965782,0.133481140351,0,659.65436278,659.65436278,0.6044226762,10721.0627043
2025-03-18,36,06:00,4710.36,0,4579.47355021,0,0,0,0,0,785.06,0,0,0,9885.28708194,35,2025-03-18,34,0.9247,0,05:50,06:00,4579.47355021,0,0,0,0,0.963126992948,10757.5759708
2025-03-18,37,06:10,4941.7979,132.6154,4737.03593522,123.395318718,0,0,0,0,801.530416667,0,0,22.1025666667,8994.69773009,36,2025-03-18,35,1.0055,0,06:00,06:10,4737.03593522,123.395318718,6,0,0,0.994346136803,9885.28708194
2025-03-18,38,06:20,4773.8984,365.7581,4702.38921078,339.425222509,34.5978789808,34.5978789808,0,0,700.092171019,0,0,60.9596833333,8216.81754007,37,2025-03-18,36,0.9539,101.029631427,06:10,06:20,4702.38921078,339.425222509,6,177.226487151,34.5978789808,0.913283813172,8994.69773009
2025-03-18,39,06:30,4650.27,663.975,4731.49577421,622.758575963,0,0,0,0,664.3825,0,0,110.6625,7478.61476229,38,2025-03-18,37,0.9182,0,06:20,06:30,4731.49577421,622.758575963,6,0,0,0.916418383016,8216.81754007
2025-03-18,40,06:40,4630.7778,995.86,4717.21369758,923.92695904,0,0,0,0,605.819633333,0,0,165.976666667,6805.48183636,39,2025-03-18,38,0.9367,0,06:30,06:40,4717.21369758,923.92695904,6,0,0,0.934896370643,7478.61476229
2025-03-18,41,06:50,4712.6196,1289.2274,4613.961069,1228.64802142,0,0,0,0,570.565366667,0,0,214.871233333,6171.52031785,40,2025-03-18,39,0.9134,0,06:40,06:50,4613.961069,1228.64802142,6,0,0,0.914599229111,6805.48183636
2025-03-18,42,07:00,4847.9,1547.175,4606.28275997,1555.84790149,508.405809747,508.405809747,0,0,41.7150235865,0,0,257.8625,6125.17029164,41,2025-03-18,40,0.8375,429.026087414,06:50,07:00,4606.28275997,1555.84790149,6,516.134100496,508.405809747,0.861866761189,6171.52031785
2025-03-18,43,07:10,4949.1959,1835.1885,4868.40384511,1816.37611715,508.671287994,508.671287994,0,0,10.329945339,0,0,305.86475,6113.69257459,42,2025-03-18,41,0.796,409.858848111,07:00,07:10,4868.40384511,1816.37611715,6,521.124812788,508.671287994,0.836787022602,6125.17029164
2025-03-18,44,07:20,4909.8498,2127.1866,4983.79222045,2116.80017814,477.832007051,477.832007051,0,14.0548070513,0,0,0,354.5311,6126.34190094,43,2025-03-18,42,0.7942,384.822427586,07:10,07:20,4983.79222045,2116.80017814,6,491.249905781,477.832007051,0.822804581501,6113.69257459
2025-03-18,45,07:30,4731.93,2406.525,4906.85642824,2417.29403054,414.927066282,414.927066282,0,27.3595662823,0,0,0,401.0875,6150.96551059,44,2025-03-18,43,0.7866,332.064569441,07:20,07:30,4906.85642824,2417.29403054,6,429.376441068,414.927066282,0.785516101803,6126.34190094
2025-03-18,46,07:40,4657.7649,2688.7295,4539.1636868,2717.18915779,1136.99575484,1136.99575484,0,808.823188168,0,0,0,448.121583333,6878.90637995,45,2025-03-18,44,0.7615,870.990391742,07:30,07:40,4539.1636868,2717.18915779,6,1150.56929242,1136.99575484,0.732905813029,6150.96551059
2025-03-18,47,07:50,5385.9175,2984.3854,5271.75644146,3017.11898149,0,0,0,0,400.25535,0,0,497.397566667,6434.17821328,46,2025-03-18,45,0.945,0,07:40,07:50,5271.75644146,3017.11898149,6,0,0,0.938230743299,6878.90637995
2025-03-18,48,08:00,6541.54,3290.175,6501.48351067,3317.49980984,0,0,0,0,541.894166667,0,0,548.3625,5832.07358365,47,2025-03-18,46,1.2276,0,07:50,08:00,6501.48351067,3317.49980984,6,0,0,1.23680915646,6434.17821328
2025-03-18,49,08:10,6921.4474,3584.9905,6667.42497795,3611.36593424,0,0,0,0,556.07615,0,0,597.498416667,5214.21119476,48,2025-03-18,47,1.2449,0,08:00,08:10,6667.42497795,3611.36593424,6,0,0,1.24548130213,5832.07358365
2025-03-18,50,08:20,6751.7863,3826.5677,6452.80154742,3873.81831668,0,0,0,0,487.536433333,0,0,637.761283333,4672.50404661,49,2025-03-18,48,1.1856,0,08:10,08:20,6452.80154742,3873.81831668,6,0,0,1.16716537651,5214.21119476
2025-03-18,51,08:30,6578.55,3985.5,6378.77793391,4140.64068536,0,0,0,0,432.175,0,0,664.25,4192.30960217,50,2025-03-18,49,1.1919,0,08:20,08:30,6378.77793391,4140.64068536,6,0,0,1.12422751508,4672.50404661
2025-03-18,52,08:40,6719.2424,4106.1071,6452.80975296,4411.40540092,0,0,0,0,435.52255,0,0,684.351183333,3708.39565772,51,2025-03-18,50,1.2129,0,08:30,08:40,6452.80975296,4411.40540092,6,0,0,1.10796709668,4192.30960217
2025-03-18,53,08:50,6797.0624,4437.1851,6551.40483648,4679.27090351,0,0,0,0,393.312883333,0,0,739.53085,3271.38134291,52,2025-03-18,51,1.1864,0,08:40,08:50,6551.40483648,4679.27090351,6,0,0,1.09958974203,3708.39565772
2025-03-18,54,09:00,6661.85,4860.225,6564.33820216,4946.0262006,0,0,0,0,300.270833333,0,0,810.0375,2937.74708365,53,2025-03-18,52,1.1409,0,08:50,09:00,6564.33820216,4946.0262006,6,0,0,1.09987716331,3271.38134291
2025-03-18,55,09:10,6509.2154,5015.7195,6527.39628674,5232.19649441,0,0,0,0,248.915983333,0,0,835.95325,2661.17376884,54,2025-03-18,53,1.1442,0,09:00,09:10,6527.39628674,5232.19649441,6,0,0,1.08556111321,2937.74708365
2025-03-18,56,09:20,6326.896,5236.6944,6497.1358281,5457.64264611,0,0,0,0,181.700266667,0,0,872.7824,2459.28458365,55,2025-03-18,54,1.0629,0,09:10,09:20,6497.1358281,5457.64264611,6,0,0,1.02598014794,2661.17376884
2025-03-18,57,09:30,6221.39,5661.2625,6492.07023082,5672.41016874,0,0,0,0,93.3545833333,0,0,943.54375,2355.55726884,56,2025-03-18,55,0.9275,0,09:20,09:30,6492.07023082,5672.41016874,6,0,0,0.979218411378,2459.28458365
2025-03-18,58,09:40,6360.2932,6043.1538,6433.16397094,5883.87743892,0,0,0,0,52.8565666667,0,0,1007.1923,2296.82775032,57,2025-03-18,56,0.9204,0,09:30,09:40,6433.16397094,5883.87743892,6,0,0,0.962933835106,2355.55726884
2025-03-18,59,09:50,6467.8706,6110.8791,6394.62943883,6092.65990971,0,0,0,0,59.4985833333,0,0,1018.47985,2230.71821328,58,2025-03-18,57,0.9752,0,09:40,09:50,6394.62943883,6092.65990971,6,0,0,0.949107970609,2296.82775032
2025-03-18,60,10:00,6445.94,6085.4625,6437.0096537,6300.5046722,0,0,0,0,60.0795833333,0,0,1014.24375,2163.96312069,59,2025-03-18,58,1.0101,0,09:50,10:00,6437.0096537,6300.5046722,6,0,0,0.928008031623,2230.71821328
2025-03-18,61,10:10,6448.7193,6465.5486,6529.14389926,6528.85191821,0,0,0,2.80488333333,0,0,0,1077.59143333,2166.48751569,60,2025-03-18,59,0.9991,0,10:00,10:10,6529.14389926,6528.85191821,6,0,0,0.94970175459,2163.96312069
2025-03-18,62,10:20,6478.2633,6896.4437,6545.15593093,6658.68116518,0,0,0,69.6967333333,0,0,0,1149.40728333,2229.21457569,61,2025-03-18,60,0.9451,0,10:10,10:20,6545.15593093,6658.68116518,6,0,0,0.965224193554,2166.48751569
2025-03-18,63,10:30,6483.46,7147.5375,6453.97774239,6793.57805887,0,0,0,110.679583333,0,0,0,1191.25625,2328.82620069,62,2025-03-18,61,0.8979,0,10:20,10:30,6453.97774239,6793.57805887,6,0,0,0.95455925964,2229.21457569
2025-03-18,64,10:40,6422.2307,7317.679,6311.38455051,6943.80438198,0,0,0,149.241383333,0,0,0,1219.61316667,2463.14344569,63,2025-03-18,62,0.8943,0,10:30,10:40,6311.38455051,6943.80438198,6,0,0,0.930568382382,2328.82620069
2025-03-18,65,10:50,6338.1411,7451.0694,6274.71751265,7105.8115913,0,0,0,185.48805,0,0,0,1241.8449,2630.08269069,64,2025-03-18,63,0.7705,0,10:40,10:50,6274.71751265,7105.8115913,6,0,0,0.787291992042,2463.14344569
2025-03-18,66,11:00,6336.47,7550.1375,6377.88135468,7274.30837526,-0,-0,0,202.277916667,0,0,0,1258.35625,2812.13281569,65,2025-03-18,64,0.5684,165.358862127,10:50,11:00,6377.88135468,7274.30837526,6,581.839768216,-0,0.610318008133,2630.08269069
2025-03-18,67,11:10,6493.2074,7601.5933,6464.41471871,7421.09809735,673.88610356,648.60235,25.2837535598,833.333333333,0,0,0,1266.93221667,3562.13281569,66,2025-03-18,65,0.5107,360.587091278,11:00,11:10,6464.41471871,7421.09809735,6,738.242705047,673.88610356,0.55771039503,2812.13281569
2025-03-18,68,11:20,6613.3901,7628.226,6423.92478735,7499.96756713,653.992870038,653.992870038,0,823.132186705,0,0,0,1271.371,4302.95178372,67,2025-03-18,66,0.525,359.615065155,11:10,11:20,6423.92478735,7499.96756713,6,715.969282932,653.992870038,0.552818725775,3562.13281569
2025-03-18,69,11:30,6590.55,7698.15,6306.26681376,7566.30248201,623.327388626,623.327388626,0,807.927388626,0,0,0,1283.025,5030.08643348,68,2025-03-18,67,0.5301,346.87650483,11:20,11:30,6306.26681376,7566.30248201,6,685.393625637,623.327388626,0.552509643592,4302.95178372
2025-03-18,70,11:40,6463.7775,7854.1873,6349.20944698,7613.74544116,56.6879168568,56.6879168568,5.68434188608e-14,288.422883523,0,0,0,1309.03121667,5289.66702866,69,2025-03-18,68,0.5173,192.780665268,11:30,11:40,6349.20944698,7613.74544116,6,688.646184314,56.6879168568,0.592411360358,5030.08643348
2025-03-18,71,11:50,6232.893,7904.3377,6234.88342362,7647.44548368,597.906323323,554.759216667,43.1471066559,833.333333333,0,0,0,1317.38961667,6039.66702866,70,2025-03-18,69,0.4955,314.281374217,11:40,11:50,6234.88342362,7647.44548368,6,670.63605495,597.906323323,0.588005913428,5289.66702866
2025-03-18,72,12:00,6004.32,7836.375,6026.52225096,7687.3954293,556.521136943,527.990833333,28.53030361,833.333333333,0,0,0,1306.0625,6789.66702866,71,2025-03-18,70,0.4863,289.618487996,11:50,12:00,6026.52225096,7687.3954293,6,634.589239353,556.521136943,0.51597918437,6039.66702866
2025-03-18,73,12:10,5936.0248,7831.1551,6030.68413783,7848.08670437,297.60637191,297.60637191,1.13686837722e-13,613.46142191,0,0,0,1305.19251667,7341.78230837,72,2025-03-18,71,0.5029,236.097438905,12:00,12:10,6030.68413783,7848.08670437,12,641.337509201,297.60637191,0.481222317363,6789.66702866
2025-03-18,74,12:20,5922.6668,7882.29,5959.07176439,7828.88381069,0,0,0,326.603866667,0,0,0,1313.715,7635.72578837,73,2025-03-18,72,0.4906,154.573253038,12:10,12:20,5959.07176439,7828.88381069,12,630.139637332,0,0.492310080826,7341.78230837
2025-03-18,75,12:30,5862.11,7841.4,5852.87124761,7811.64645963,506.870797996,503.451666667,3.41913132982,833.333333333,0,0,0,1306.9,8385.72578837,74,2025-03-18,73,0.4426,249.417491206,12:20,12:30,5852.87124761,7811.64645963,12,620.185194801,506.870797996,0.477465814443,7635.72578837
2025-03-18,76,12:40,5785.0136,7606.1729,6027.2916746,7798.14478248,538.191148686,529.806783333,8.3843653529,833.333333333,0,0,0,1267.69548333,9135.72578837,75,2025-03-18,74,0.4359,263.392596706,12:30,12:40,6027.2916746,7798.14478248,12,670.308950906,538.191148686,0.460577205652,8385.72578837
2025-03-18,77,12:50,5954.1481,7603.6435,6115.45501591,7782.95277613,0,0,0,274.9159,0,0,0,1267.27391667,9383.15009837,76,2025-03-18,75,0.61,0,12:40,12:50,6115.45501591,7782.95277613,12,0,0,0.623724669522,9135.72578837
2025-03-18,78,13:00,6285.72,7822.0875,6191.86357111,7766.08948415,0,0,0,256.06125,0,0,0,1303.68125,9613.60522337,77,2025-03-18,76,0.851,0,12:50,13:00,6191.86357111,7766.08948415,12,0,0,0.87438788871,9383.15009837
2025-03-18,79,13:10,6394.9526,7790.9036,6262.02119162,7529.72261821,0,0,0,232.6585,0,0,0,1298.48393333,9822.99787337,78,2025-03-18,77,0.8867,0,13:00,13:10,6262.02119162,7529.72261821,12,0,0,0.931422560107,9613.60522337
2025-03-18,80,13:20,6310.1645,7498.358,6289.21470116,7353.89012788,0,0,0,198.03225,0,0,0,1249.72633333,10001.2268984,79,2025-03-18,78,0.8745,0,13:10,13:20,6289.21470116,7353.89012788,12,0,0,0.916979154545,9822.99787337
2025-03-18,81,13:30,6207.18,7188.525,6282.41165005,7176.1003016,0,0,0,163.5575,0,0,0,1198.0875,10148.4286484,80,2025-03-18,79,0.8999,0,13:20,13:30,6282.41165005,7176.1003016,12,0,0,0.919499430074,10001.2268984
2025-03-18,82,13:40,6230.6908,7113.5937,6200.47387414,7000.65223711,0,0,0,147.150483333,0,0,0,1185.59895,10280.8640834,81,2025-03-18,80,0.8918,0,13:30,13:40,6200.47387414,7000.65223711,12,0,0,0.891519568466,10148.4286484
2025-03-18,83,13:50,6247.5296,7027.3315,6214.96860929,6820.04801016,0,0,0,129.966983333,0,0,0,1171.22191667,10397.8343684,82,2025-03-18,81,0.881,0,13:40,13:50,6214.96860929,6820.04801016,12,0,0,0.879017684582,10280.8640834
2025-03-18,84,14:00,6187.66,6747,6299.58859922,6639.35303279,0,0,0,93.2233333333,0,0,0,1124.5,10481.7353684,83,2025-03-18,82,0.8879,0,13:50,14:00,6299.58859922,6639.35303279,12,0,0,0.905648366698,10397.8343684
2025-03-18,85,14:10,6132.0209,6332.0096,6241.09250651,6400.35399442,0,0,0,33.33145,0,0,0,1055.33493333,10511.7336734,84,2025-03-18,83,0.9012,0,14:00,14:10,6241.09250651,6400.35399442,12,0,0,0.940890308948,10481.7353684
2025-03-18,86,14:20,6221.7511,6040.8164,6152.60078695,6154.04507805,0,0,0,0,30.1557833333,0,0,1006.80273333,10478.2272474,85,2025-03-18,84,0.9323,0,14:10,14:20,6152.60078695,6154.04507805,12,0,0,0.971371356972,10511.7336734
2025-03-18,87,14:30,6348.3,5924.175,6130.52430791,5915.27390769,0,0,0,0,70.6875,0,0,987.3625,10399.6855808,86,2025-03-18,85,0.9885,0,14:20,14:30,6130.52430791,5915.27390769,12,0,0,1.00726883632,10478.2272474
2025-03-18,88,14:40,6249.8089,5793.8846,6166.39033957,5676.11674626,0,0,0,0,75.9873833333,0,0,965.647433333,10315.2551549,87,2025-03-18,86,1.0343,0,14:30,14:40,6166.39033957,5676.11674626,12,0,0,1.02996878325,10399.6855808
2025-03-18,89,14:50,6098.21,5534.5139,6270.93974895,5423.04836992,0,0,0,0,93.94935,0,0,922.418983333,10210.8669882,88,2025-03-18,87,0.9174,0,14:40,14:50,6270.93974895,5423.04836992,12,0,0,0.926009350159,10315.2551549
2025-03-18,90,15:00,6038.33,5212.4625,6327.36825506,5163.64991572,223.390451507,223.390451507,0,85.7458681732,0,0,0,868.74375,10288.0382695,89,2025-03-18,88,0.7204,177.1724729,14:50,15:00,6327.36825506,5163.64991572,12,178.298858961,223.390451507,0.743855071009,10210.8669882
2025-03-18,91,15:10,6066.1034,4998.6395,6235.11399227,4916.04281541,786.810365911,746.757017172,40.0533487393,568.846367172,0,0,0,833.106583333,10800,90,2025-03-18,89,0.6985,637.696795689,15:00,15:10,6235.11399227,4916.04281541,12,534.527602562,786.810365911,0.706918887138,10288.0382695
2025-03-18,92,15:20,6136.7669,4839.1817,6192.04097796,4657.85011122,289.877323798,216.2642,73.6131237983,0,0,0,0,806.530283333,10800,91,2025-03-18,90,0.7475,230.564127939,15:10,15:20,6192.04097796,4657.85011122,12,252.737983599,289.877323798,0.767864987181,10800
2025-03-18,93,15:30,6221.61,4634.0625,6234.01697695,4397.7471539,342.541534917,264.59125,77.9502849172,0,0,0,0,772.34375,10800,92,2025-03-18,91,0.771,276.029961557,15:20,15:30,6234.01697695,4397.7471539,12,311.59357607,342.541534917,0.80346436849,10800
2025-03-18,94,15:40,6286.255,4325.9451,6235.52834145,4128.05998419,393.869417962,326.718316667,67.1511012952,0,0,0,0,720.99085,10800,93,2025-03-18,92,0.7756,314.337488629,15:30,15:40,6235.52834145,4128.05998419,12,371.042269799,393.869417962,0.793643308899,10800
2025-03-18,95,15:50,6187.0515,3979.0092,6187.62862893,3867.39290817,431.935315666,368.00705,63.9282656663,0,0,0,0,663.1682,10800,94,2025-03-18,93,0.7801,343.420541618,15:40,15:50,6187.62862893,3867.39290817,12,415.35333421,431.935315666,0.799521207958,10800
2025-03-18,96,16:00,6030.69,3640.95,6129.45790693,3610.80672057,466.006485251,398.29,67.7164852507,0,0,0,0,606.825,10800,95,2025-03-18,94,0.8013,377.889118276,15:50,16:00,6129.45790693,3610.80672057,12,454.829343993,466.006485251,0.847450954424,10800
2025-03-18,97,16:10,6081.722,3299.5211,6213.18484943,3274.62591059,489.75982314,463.70015,26.0596731403,0,0,0,0,549.920183333,10800,96,2025-03-18,95,0.8419,431.846141357,16:00,16:10,6213.18484943,3274.62591059,12,521.673405556,489.75982314,0.90457078813,10800
2025-03-18,98,16:20,6134.8191,2893.5599,6254.30245686,2919.6566976,555.77429321,540.209866667,15.5644265434,0,0,0,0,482.259983333,10800,97,2025-03-18,96,0.8672,494.396752651,16:10,16:20,6254.30245686,2919.6566976,12,584.439619729,555.77429321,0.938551771045,10800
2025-03-18,99,16:30,6100.78,2439.225,6144.43746904,2566.58782123,596.308274635,596.308274635,0,0,13.9508920317,0,0,406.5375,10784.4990089,98,2025-03-18,97,0.873,531.011729209,16:20,16:30,6144.43746904,2566.58782123,12,620.213441767,596.308274635,0.954334693325,10800
2025-03-18,100,16:40,6086.0176,2032.4678,5986.3963995,2211.00484991,629.231924932,629.231924932,0,0,46.3597084015,0,0,338.744633333,10732.9882217,99,2025-03-18,98,0.8896,569.173761711,16:30,16:40,5986.3963995,2211.00484991,12,650.385345102,629.231924932,0.963485141197,10784.4990089
2025-03-18,101,16:50,6039.1443,1727.9305,6012.06943806,1854.24519656,692.970706917,692.970706917,0,0,25.5649264166,0,0,287.988416667,10704.5827479,100,2025-03-18,99,0.9267,651.134758242,16:40,16:50,6012.06943806,1854.24519656,12,712.305559926,692.970706917,0.98018695095,10732.9882217
2025-03-18,102,17:00,6011.15,1470.3375,6158.87538311,1498.65776708,776.702936006,776.702936006,0,19.9008526724,0,0,0,245.05625,10722.4935153,101,2025-03-18,100,0.9934,779.810282284,16:50,17:00,6158.87538311,1498.65776708,12,793.279512724,776.702936006,1.00327918538,10704.5827479
2025-03-18,103,17:10,6110.8179,1153.4245,6188.2515052,1078.66217695,851.598221375,851.598221375,0,25.3659880415,0,0,0,192.237416667,10745.3229046,102,2025-03-18,101,1.0791,924.544506049,17:00,17:10,6188.2515052,1078.66217695,12,861.949190447,851.598221375,0.997133951012,10722.4935153
2025-03-18,104,17:20,6118.1544,856.7381,6156.81083433,830.634925993,887.695984722,887.695984722,0,10.7932680556,0,0,0,142.789683333,10755.0368458,103,2025-03-18,102,1.0794,962.60393046,17:10,17:20,6156.81083433,830.634925993,12,895.894770254,887.695984722,1.03292252495,10745.3229046
2025-03-18,105,17:30,6133.5,600.8625,6187.12160365,570.636146164,936.08090958,936.08090958,0,13.9746595802,0,0,0,100.14375,10767.6140395,104,2025-03-18,103,1.0089,947.475770227,17:20,17:30,6187.12160365,570.636146164,12,942.154337177,936.08090958,1.07536435451,10755.0368458
2025-03-18,106,17:40,6309.8585,330.5732,6253.23707599,328.944016852,987.382176522,987.382176522,0,0,9.1653734776,0,0,55.0955333333,10757.4302912,105,2025-03-18,104,1.0073,996.555680775,17:30,17:40,6253.23707599,328.944016852,12,991.284915257,987.382176522,1.02962986758,10767.6140395
2025-03-18,107,17:50,5482.0383,111.6014,5471.11361752,123.796747131,891.219478399,891.219478399,0,0,3.85333826806,0,0,18.6002333333,10753.1488042,106,2025-03-18,105,1.1351,1012.57216931,17:40,17:50,5471.11361752,123.796747131,12,892.89147096,891.219478399,1.1178604951,10757.4302912
2025-03-18,108,18:00,4144.01,0,4252.87206081,0,0,0,0,0,690.668333333,0,0,0,9985.73954493,107,2025-03-18,106,1.2749,0,17:50,18:00,4252.87206081,0,12,0,0,1.28662199236,10753.1488042
2025-03-18,109,18:10,4095.0719,0,4154.04993191,0.142074317199,0,0,0,0,682.511983333,0,0,0,9227.39289678,108,2025-03-18,107,1.2483,0,18:00,18:10,4154.04993191,0.142074317199,18,0,0,1.28529775366,9985.73954493
2025-03-18,110,18:20,4423.4088,3.5636,4408.66605777,0.142074317199,735.560686575,735.560686575,0,0,1.08018009156,0,0,0.593933333333,9226.19269668,109,2025-03-18,108,1.2519,920.848423523,18:10,18:20,4408.66605777,0.142074317199,18,735.560686575,735.560686575,1.26155083566,9227.39289678
2025-03-18,111,18:30,4431.7,0,4375.48953564,0,578.108412137,578.108412137,0,0,160.508254529,0,0,0,9047.85019164,110,2025-03-18,109,1.3196,1081.12182528,18:20,18:30,4375.48953564,0,18,95.7653314739,578.108412137,1.26456319809,9226.19269668
2025-03-18,112,18:40,4323.6511,0,4282.64396274,0.142074317199,0,0,0,0,720.608516667,0,0,0,8247.17406202,111,2025-03-18,110,1.2947,0,18:30,18:40,4282.64396274,0.142074317199,18,0,0,1.28076110124,9047.85019164
2025-03-18,113,18:50,4248.1245,0.2559,4288.22050375,0.142074317199,0,0,0,0,707.9781,0,0,0.04265,7460.53172868,112,2025-03-18,111,1.2859,0,18:40,18:50,4288.22050375,0.142074317199,18,0,0,1.29132686013,8247.17406202
2025-03-18,114,19:00,4279.14,0,4327.52296131,0,0,0,0,0,713.19,0,0,0,6668.09839535,113,2025-03-18,112,1.3148,0,18:50,19:00,4327.52296131,0,18,0,0,1.28857081879,7460.53172868
2025-03-18,115,19:10,4395.5745,0,4283.6965305,0.000679166666667,714.733131203,714.733131203,0,0,17.8626187972,0,0,0,6648.25104113,114,2025-03-18,113,1.2892,921.433952747,19:00,19:10,4283.6965305,0.000679166666667,18,714.733131203,714.733131203,1.26414662469,6668.09839535
2025-03-18,116,19:20,4409.9033,0.0184,4336.10640442,0.000679166666667,723.477700048,723.477700048,0,0,11.503116619,0,0,0.00306666666667,6635.46980044,115,2025-03-18,114,1.2795,925.689717211,19:10,19:20,4336.10640442,0.000679166666667,18,723.477700048,723.477700048,1.25833175887,6648.25104113
2025-03-18,117,19:30,4317.12,0,4441.35267449,0,0,0,0,0,719.52,0,0,0,5836.00313377,116,2025-03-18,115,1.2968,0,19:20,19:30,4441.35267449,0,18,0,0,1.27582370117,6635.46980044
2025-03-18,118,19:40,4277.8425,0,4452.64914433,0.000679166666667,0,0,0,0,712.97375,0,0,0,5043.81007822,117,2025-03-18,116,1.277,0,19:30,19:40,4452.64914433,0.000679166666667,18,0,0,1.26801915484,5836.00313377
2025-03-18,119,19:50,4226.6778,0.0013,4420.28724122,0.000679166666667,737.523242764,737.523242764,0,33.0771594303,0,0,0,0.000216666666667,5073.57952171,118,2025-03-18,117,1.2611,930.090561449,19:40,19:50,4420.28724122,0.000679166666667,18,737.523242764,737.523242764,1.26320770872,5043.81007822
2025-03-18,120,20:00,4169.4,0,4401.97566557,0,0,0,0,0,694.9,0,0,0,4301.4684106,119,2025-03-18,118,1.268,0,19:50,20:00,4401.97566557,0,18,0,0,1.27118862309,5073.57952171
2025-03-18,121,20:10,4198.2792,0,4369.44325026,0,729.040054129,729.040054129,0,29.3268541287,0,0,0,0,4327.86257931,120,2025-03-18,119,1.2687,924.933116673,20:00,20:10,4369.44325026,0,18,729.040054129,729.040054129,1.26379124572,4301.4684106
2025-03-18,122,20:20,4235.1014,0,4375.5463245,0,730.058349896,730.058349896,0,24.2081165631,0,0,0,0,4349.64988422,121,2025-03-18,120,1.2415,906.367441396,20:10,20:20,4375.5463245,0,18,730.058349896,730.058349896,1.25542286164,4327.86257931
2025-03-18,123,20:30,4249.48,0,4343.49686846,0,0,0,0,0,708.246666667,0,0,0,3562.70914348,122,2025-03-18,121,1.2372,0,20:20,20:30,4343.49686846,0,18,0,0,1.27020560607,4349.64988422
2025-03-18,124,20:40,4284.5414,0,4316.4839907,0,0,0,0,0,714.090233333,0,0,0,2769.27555088,123,2025-03-18,122,1.2982,0,20:30,20:40,4316.4839907,0,18,0,0,1.29843040973,3562.70914348
2025-03-18,125,20:50,4311.0276,0,4337.06298998,0,720.670329862,720.670329862,0,2.16572986242,0,0,0,0,2771.22470776,124,2025-03-18,123,1.1702,845.064463978,20:40,20:50,4337.06298998,0,18,723.637419202,720.670329862,1.17492670616,2769.27555088
2025-03-18,126,21:00,4305.03,0,4457.48168779,0,740.679765483,740.679765483,0,23.1747654825,0,0,0,0,2792.0819967,125,2025-03-18,124,0.9357,694.480751417,20:50,21:00,4457.48168779,0,18,743.729236156,740.679765483,0.948644287692,2771.22470776
2025-03-18,127,21:10,4265.6112,0,4518.92651118,0,750.889776553,750.889776553,0,39.954576553,0,0,0,0,2828.04111559,126,2025-03-18,125,0.9411,708.117077125,21:00,21:10,4518.92651118,0,18,753.981283112,750.889776553,0.897076265371,2792.0819967
2025-03-18,128,21:20,4191.8841,0,4534.2652014,0,753.438537999,753.438537999,0,54.791187999,0,0,0,0,2877.35318479,127,2025-03-18,126,0.9563,721.996495249,21:10,21:20,4534.2652014,0,18,756.540538125,753.438537999,0.920599614844,2828.04111559
2025-03-18,129,21:30,4218.93,0,4504.29486664,0,748.45850172,748.45850172,0,45.3035017196,0,0,0,0,2918.12633634,128,2025-03-18,127,0.9311,698.324301739,21:20,21:30,4504.29486664,0,18,751.539998418,748.45850172,0.956038034137,2877.35318479
2025-03-18,130,21:40,4411.0997,0,4449.12592286,0,739.291325451,739.291325451,0,4.10804211788,0,0,0,0,2921.82357425,129,2025-03-18,128,1.0038,743.628292768,21:30,21:40,4449.12592286,0,18,742.335079745,739.291325451,0.9859618161,2918.12633634
2025-03-18,131,21:50,4054.3656,0,3906.43578747,0,649.114936548,649.114936548,0,0,26.6126634521,0,0,0,2892.25394819,130,2025-03-18,129,0.7816,508.392642283,21:40,21:50,3906.43578747,0,18,651.787423438,649.114936548,0.762099479482,2921.82357425
2025-03-18,132,22:00,3363.41,0,3291.40685209,0,1382.61245742,1382.61245742,0,822.044124082,0,0,0,0,3632.09365986,131,2025-03-18,130,0.389,538.73338138,21:50,22:00,3291.40685209,0,18,1382.50339738,1382.61245742,0.425909509998,2892.25394819
2025-03-18,133,22:10,3312.3138,0,3262.2190442,0,1377.74151491,1377.74151491,0,825.689214907,0,0,0,0,4375.21395328,132,2025-03-18,131,0.3831,528.688467841,22:00,22:10,3262.2190442,0,18,1377.63342201,1377.74151491,0.388584496197,3632.09365986
2025-03-18,134,22:20,3434.3354,0,3396.97342348,0,1400.22970028,1400.22970028,0,827.840466943,0,0,0,0,5120.27037353,133,2025-03-18,132,0.4539,636.644647527,22:10,22:20,3396.97342348,0,18,1400.11714232,1400.22970028,0.423746796753,4375.21395328
2025-03-18,135,22:30,3363.11,0,3355.48360656,0,1393.30576431,1393.30576431,0,832.787430972,0,0,0,0,5869.7790614,134,2025-03-18,133,0.4187,584.361553714,22:20,22:30,3355.48360656,0,18,1393.1945811,1393.30576431,0.412837809075,5120.27037353
2025-03-18,136,22:40,3234.0222,0,3401.80270107,0,1401.03562354,1372.33703333,28.6985902106,833.333333333,0,0,0,0,6619.7790614,135,2025-03-18,134,0.416,583.822402909,22:30,22:40,3401.80270107,0,18,1400.92290557,1401.03562354,0.411806702778,5869.7790614
2025-03-18,137,22:50,3283.2443,0,3280.20241482,0,1380.74262978,1380.54071667,0.201913113794,833.333333333,0,0,0,0,7369.7790614,136,2025-03-18,135,0.4617,638.550048035,22:40,22:50,3280.20241482,0,18,1380.633941,1380.74262978,0.41741674152,6619.7790614
2025-03-18,138,23:00,3438.49,0,3183.72423352,0,1327.66936768,1327.66936768,0,754.587701015,0,0,0,0,8048.90799231,137,2025-03-18,136,0.4831,694.989057156,22:50,23:00,3183.72423352,0,18,1364.53659073,1327.66936768,0.427611726336,7369.7790614
2025-03-18,139,23:10,3395.4864,0,3390.3639014,0,565.793351526,565.793351526,0,0,0.121048473812,0,0,0,8048.77349401,138,2025-03-18,137,0.4102,233.062903567,23:00,23:10,3390.3639014,0,18,565.681012574,565.793351526,0.438927960233,8048.90799231
2025-03-18,140,23:20,3237.8117,0,3463.18731918,0,577.946325901,577.946325901,0,38.3110425675,0,0,0,0,8083.25343232,139,2025-03-18,138,0.3908,329.677146825,23:10,23:20,3463.18731918,0,18,1104.27680048,577.946325901,0.438365223545,8048.77349401
2025-03-18,141,23:30,3194.33,0,3327.03969573,0,1388.55896541,1365.72166667,22.8372987392,833.333333333,0,0,0,0,8833.25343232,140,2025-03-18,139,0.44,611.991685282,23:20,23:30,3327.03969573,0,18,1388.44872469,1388.55896541,0.424486860106,8083.25343232
2025-03-18,142,23:40,3404.8527,0,3318.21566748,0,1387.08638704,1387.08638704,0,819.610937043,0,0,0,0,9570.90327566,141,2025-03-18,140,0.4283,595.084916556,23:30,23:40,3318.21566748,0,18,1386.97643871,1387.08638704,0.405159277054,8833.25343232
2025-03-18,143,23:50,3494.1346,0,3331.87668711,0,1389.36617597,1389.36617597,0,807.010409304,0,0,0,0,10297.212644,142,2025-03-18,141,0.3983,554.314426101,23:40,23:50,3331.87668711,0,18,1389.25577498,1389.36617597,0.406989299612,9570.90327566
2025-03-18,144,00:00+1,3412.87,0,3305.86956209,0,1385.02603466,1127.46428441,257.561750253,558.65261774,0,0,0,0,10800,143,2025-03-18,142,0.4011,556.46304841,23:50,00:00+1,3305.86956209,0,18,1384.91649541,1385.02603466,0.419440382949,10297.212644
2025-03-19,1,00:10,3431.2079,0,3395.10560261,0,582.50189853,571.867983333,10.6339151971,0,0,0,0,0,10800,0,2025-03-18,143,0.4301,250.534066558,00:00,00:10,3495.01139118,0,0,582.50189853,582.50189853,0.411923526095,10800
2025-03-19,2,00:20,3297.927,0,3475.44050356,0,579.240083926,549.6545,29.585583926,0,0,0,0,0,10800,1,2025-03-19,0,0.3996,231.464337537,00:10,00:20,3475.44050356,0,0,579.240083926,579.240083926,0.409732579455,10800
2025-03-19,3,00:30,3117.68,0,3465.64853838,0,577.60808973,519.613333333,57.9947563971,0,0,0,0,0,10800,2,2025-03-19,1,0.3534,204.126698911,00:20,00:30,3465.64853838,0,0,577.60808973,577.60808973,0.413942751038,10800
2025-03-19,4,00:40,3290.5028,0,3440.11847387,0,573.353078978,548.417133333,24.9359456447,0,0,0,0,0,10800,3,2025-03-19,2,0.414,237.368174697,00:30,00:40,3440.11847387,0,0,573.353078978,573.353078978,0.415420605649,10800
2025-03-19,5,00:50,3449.4926,0,3438.70968285,0,573.118280475,573.118280475,0,0,1.79715285794,0,0,0,10798.0031635,4,2025-03-19,3,0.4338,248.61871007,00:40,00:50,3438.70968285,0,0,573.118280475,573.118280475,0.412729206098,10800
2025-03-19,6,01:00,3403.74,0,3448.08189985,0,574.680316642,569.508707232,5.17160941003,2.21870723203,0,0,0,0,10800,5,2025-03-19,4,0.3818,219.412944894,00:50,01:00,3448.08189985,0,0,574.680316642,574.680316642,0.415493278377,10798.0031635
2025-03-19,7,01:10,3329.7152,0,3373.54831708,0,562.258052846,554.952533333,7.30551951293,0,0,0,0,0,10800,6,2025-03-19,5,0.379,213.095802029,01:00,01:10,3373.54831708,0,0,562.258052846,562.258052846,0.428537205368,10800
2025-03-19,8,01:20,3372.0515,0,3384.78370542,0,564.13061757,562.008583333,2.12203423686,0,0,0,0,0,10800,7,2025-03-19,6,0.4135,233.268010365,01:10,01:20,3384.78370542,0,0,564.13061757,564.13061757,0.418805128462,10800
2025-03-19,9,01:30,3461.96,0,3465.48057959,0,577.580096598,576.993333333,0.586763264648,0,0,0,0,0,10800,8,2025-03-19,7,0.4415,255.001612648,01:20,01:30,3465.48057959,0,0,577.580096598,577.580096598,0.415548844017,10800
2025-03-19,10,01:40,3435.1511,0,3560.56282268,0,593.427137114,572.525183333,20.9019537808,0,0,0,0,0,10800,9,2025-03-19,8,0.4418,262.176109177,01:30,01:40,3560.56282268,0,0,593.427137114,593.427137114,0.458174309369,10800
2025-03-19,11,01:50,3534.8505,0,3547.77888143,0,591.296480239,589.14175,2.15473023876,0,0,0,0,0,10800,10,2025-03-19,9,0.4642,274.479826127,01:40,01:50,3547.77888143,0,0,591.296480239,591.296480239,0.477149608413,10800
2025-03-19,12,02:00,3745.9,0,3503.2721336,0,583.878688934,583.878688934,0,0,40.4379777326,0,0,0,10755.0689136,11,2025-03-19,10,0.5013,292.698386763,01:50,02:00,3503.2721336,0,0,583.878688934,583.878688934,0.457268353346,10800
2025-03-19,13,02:10,3763.7166,0,3586.51118173,0,597.751863622,597.751863622,0,0,29.5342363776,0,0,0,10722.2530954,12,2025-03-19,11,0.492,294.093916902,02:00,02:10,3586.51118173,0,0,597.751863622,597.751863622,0.439853655071,10755.0689136
2025-03-19,14,02:20,3582.7117,0,3562.32741241,0,593.721235402,593.721235402,0,0,3.39738126439,0,0,0,10718.4782274,13,2025-03-19,12,0.4597,272.933651914,02:10,02:20,3562.32741241,0,0,593.721235402,593.721235402,0.434058597728,10722.2530954
2025-03-19,15,02:30,3430.47,0,3447.67681272,0,574.61280212,574.61280212,0,2.86780212044,0,0,0,0,10721.0592493,14,2025-03-19,13,0.439,252.255020131,02:20,02:30,3447.67681272,0,0,574.61280212,574.61280212,0.430051483941,10718.4782274
2025-03-19,16,02:40,3558.1356,0,3496.02499259,0,582.670832098,582.670832098,0,0,10.3517679021,0,0,0,10709.5572849,15,2025-03-19,14,0.4396,256.14209779,02:30,02:40,3496.02499259,0,0,582.670832098,582.670832098,0.428062620545,10721.0592493
2025-03-19,17,02:50,3703.6722,0,3597.95406558,0,599.65901093,599.65901093,0,0,17.6196890699,0,0,0,10689.9798526,16,2025-03-19,15,0.4204,252.096648195,02:40,02:50,3597.95406558,0,0,599.65901093,599.65901093,0.449687806061,10709.5572849
2025-03-19,18,03:00,3710.45,0,3661.91785987,0,610.319643312,610.319643312,0,0,8.08869002181,0,0,0,10680.9924193,17,2025-03-19,16,0.3974,242.541026252,02:50,03:00,3661.91785987,0,0,610.319643312,610.319643312,0.458156053103,10689.9798526
2025-03-19,19,03:10,3657.8862,0,3656.61388321,0,609.435647202,609.435647202,0,0,0.212052798192,0,0,0,10680.7568051,18,2025-03-19,17,0.4285,261.143174826,03:00,03:10,3656.61388321,0,0,609.435647202,609.435647202,0.427990419039,10680.9924193
2025-03-19,20,03:20,3625.7299,0,3611.12874878,0,601.854791463,601.854791463,0,0,2.43352520379,0,0,0,10678.0528882,19,2025-03-19,18,0.4609,277.394873385,03:10,03:20,3611.12874878,0,0,601.854791463,601.854791463,0.411530200292,10680.7568051
2025-03-19,21,03:30,3639.83,0,3566.30744271,0,594.384573785,594.384573785,0,0,12.2537595488,0,0,0,10664.4375998,20,2025-03-19,19,0.4604,273.65465777,03:20,03:30,3566.30744271,0,0,594.384573785,594.384573785,0.433560936156,10678.0528882
2025-03-19,22,03:40,3650.5382,0,3531.48431418,0,588.58071903,588.58071903,0,0,19.8423143032,0,0,0,10642.3905839,21,2025-03-19,20,0.4431,260.800116602,03:30,03:40,3531.48431418,0,0,588.58071903,588.58071903,0.43665823435,10664.4375998
2025-03-19,23,03:50,3525.1462,0,3514.72485381,0,585.787475634,585.787475634,0,0,1.73689103234,0,0,0,10640.460705,22,2025-03-19,21,0.4404,257.980804269,03:40,03:50,3514.72485381,0,0,585.787475634,585.787475634,0.430042209676,10642.3905839
2025-03-19,24,04:00,3414.32,0,3537.0963466,0,589.516057766,589.516057766,0,20.4627244325,0,0,0,0,10658.8771569,23,2025-03-19,22,0.4547,268.052951466,03:50,04:00,3537.0963466,0,0,589.516057766,589.516057766,0.426819058674,10640.460705
2025-03-19,25,04:10,3598.4006,0.0018,3605.06986853,0.000683766233766,600.844864127,600.844864127,0,1.11173079407,0,0,0,0.0003,10659.8777147,24,2025-03-19,23,0.4594,276.02813058,04:00,04:10,3605.06986853,0.000683766233766,0,600.844864127,600.844864127,0.43229780454,10658.8771569
2025-03-19,26,04:20,3683.8104,0,3597.94225341,0.000683766233766,599.656928274,599.656928274,0,0,14.3114717265,0,0,0,10643.9760794,25,2025-03-19,24,0.4391,263.309357205,04:10,04:20,3597.94225341,0.000683766233766,0,599.656928274,599.656928274,0.4237477822,10659.8777147
2025-03-19,27,04:30,3598.39,0,3570.07662625,0,595.012771042,595.012771042,0,0,4.71889562421,0,0,0,10638.7328621,26,2025-03-19,25,0.4053,241.158676104,04:20,04:30,3570.07662625,0,0,595.012771042,595.012771042,0.410504318055,10643.9760794
2025-03-19,28,04:40,3647.9482,0.0254,3651.45910164,0.000683766233766,608.576402978,608.576402978,0,0.589269644904,0,0,0,0.00423333333333,10639.2632047,27,2025-03-19,26,0.3912,238.075088845,04:30,04:40,3651.45910164,0.000683766233766,0,608.576402978,608.576402978,0.442347500265,10638.7328621
2025-03-19,29,04:50,3684.4307,0,3641.67429899,0.000683766233766,606.945602538,606.945602538,0,0,7.12618079522,0,0,0,10631.3452261,28,2025-03-19,27,0.4197,254.735069385,04:40,04:50,3641.67429899,0.000683766233766,0,606.945602538,606.945602538,0.452505774421,10639.2632047
2025-03-19,30,05:00,3604.71,0,3559.05201073,0,593.175335121,593.175335121,0,0,7.6096648786,0,0,0,10622.8900429,29,2025-03-19,28,0.4547,269.71682488,04:50,05:00,3559.05201073,0,0,593.175335121,593.175335121,0.425500891237,10631.3452261
2025-03-19,31,05:10,3493.4627,0.3537,3623.21569772,0.142012337662,603.84561423,603.84561423,0,21.6607808967,0,0,0,0.05895,10642.3847457,30,2025-03-19,29,0.4465,269.617066754,05:00,05:10,3623.21569772,0.142012337662,0,603.84561423,603.84561423,0.417791924705,10622.8900429
2025-03-19,32,05:20,3518.8601,0,3660.15309561,0.142012337662,610.001847212,610.001847212,0,23.5251638789,0,0,0,0,10663.5573932,31,2025-03-19,30,0.5061,308.721934874,05:10,05:20,3660.15309561,0.142012337662,0,610.001847212,610.001847212,0.431526066687,10642.3847457
2025-03-19,33,05:30,3584.46,0,3555.24851369,0,592.541418948,592.541418948,0,0,4.86858105171,0,0,0,10658.1478587,32,2025-03-19,31,0.5334,316.061592867,05:20,05:30,3555.24851369,0,0,592.541418948,592.541418948,0.43836368175,10663.5573932
2025-03-19,34,05:40,3539.4543,4.9264,3547.09506338,0.142012337662,591.158841841,591.158841841,0,2.07085850788,0,0,0,0.821066666667,10660.0116313,33,2025-03-19,32,0.3697,218.551423829,05:30,05:40,3547.09506338,0.142012337662,0,591.158841841,591.158841841,0.427605310299,10658.1478587
2025-03-19,35,05:50,4095.6763,0,4107.83167004,0.142012337662,684.614942951,684.614942951,0,2.0022262845,0,0,0,0,10661.813635,34,2025-03-19,33,0.59,403.922816341,05:40,05:50,4107.83167004,0.142012337662,0,684.614942951,684.614942951,0.63577800169,10660.0116313
2025-03-19,36,06:00,4940.67,0,4767.47393076,0,0,0,0,0,823.445,0,0,0,9746.87474609,35,2025-03-19,34,1.0608,0,05:50,06:00,4767.47393076,0,0,0,0,0.974431197713,10661.813635
2025-03-19,37,06:10,4972.457,144.6043,4763.01636468,157.593051874,0,0,0,0,804.642116667,0,0,24.1007166667,8852.8279498,36,2025-03-19,35,1.0381,0,06:00,06:10,4763.01636468,157.593051874,6,0,0,0.999881086436,9746.87474609
2025-03-19,38,06:20,4865.0673,383.3165,4689.53431634,398.627172104,0,0,0,0,746.958466667,0,0,63.8860833333,8022.87409794,37,2025-03-19,36,0.8984,0,06:10,06:20,4689.53431634,398.627172104,6,0,0,0.932826551627,8852.8279498
2025-03-19,39,06:30,4881.84,669.975,4748.77625371,702.700998498,0,0,0,0,701.9775,0,0,111.6625,7242.89909794,38,2025-03-19,37,0.9057,0,06:20,06:30,4748.77625371,702.700998498,6,0,0,0.933375328996,8022.87409794
2025-03-19,40,06:40,4643.8415,986.6364,4831.7887877,1011.20510662,0,0,0,0,609.534183333,0,0,164.4394,6565.63889424,39,2025-03-19,38,0.9327,0,06:30,06:40,4831.7887877,1011.20510662,6,0,0,0.945328207846,7242.89909794
2025-03-19,41,06:50,4642.247,1316.594,4793.4026444,1320.78508579,0,0,0,0,554.2755,0,0,219.432333333,5949.77722757,40,2025-03-19,39,0.9034,0,06:40,06:50,4793.4026444,1320.78508579,6,0,0,0.89327257269,6565.63889424
2025-03-19,42,07:00,4816.99,1643.8875,4746.97801437,1622.44481433,520.755533341,520.755533341,0,0,8.0948833257,0,0,273.98125,5940.78291277,41,2025-03-19,40,0.8368,486.187023993,06:50,07:00,4746.97801437,1622.44481433,6,400.251724323,520.755533341,0.813223241385,5949.77722757
2025-03-19,43,07:10,4622.2644,1956.0234,4752.67470846,1908.57056644,474.017357004,474.017357004,0,29.6438570039,0,0,0,326.0039,5967.46238407,42,2025-03-19,41,0.8065,392.650605408,07:00,07:10,4752.67470846,1908.57056644,6,448.336992505,474.017357004,0.798878433289,5940.78291277
2025-03-19,44,07:20,4642.0367,2250.2085,4924.30751281,2202.69874858,453.601460704,453.601460704,0,54.9634273709,0,0,0,375.03475,6016.9294687,43,2025-03-19,42,0.7908,538.062052687,07:10,07:20,4924.30751281,2202.69874858,6,0,453.601460704,0.820120824128,5967.46238407
2025-03-19,45,07:30,4829.63,2498.925,4918.61425361,2497.15328456,403.576828175,403.576828175,0,15.1259948412,0,0,0,416.4875,6030.54286406,44,2025-03-19,43,0.7442,313.030788814,07:20,07:30,4918.61425361,2497.15328456,6,369.476013107,403.576828175,0.799355860298,6016.9294687
2025-03-19,46,07:40,4658.9117,2691.9663,4585.01801284,2790.7941313,1132.37064692,1132.37064692,0,804.546413591,0,0,0,448.66105,6754.63463629,45,2025-03-19,44,0.6944,1089.55490426,07:30,07:40,4585.01801284,2790.7941313,6,258.992976904,1132.37064692,0.695048468051,6030.54286406
2025-03-19,47,07:50,5291.5639,2986.3327,5376.62961882,3084.42122664,94.7540313804,94.7540313804,0,0,289.45116862,0,0,497.722116667,6433.02222672,46,2025-03-19,45,0.9345,132.821463487,07:40,07:50,5376.62961882,3084.42122664,6,0,94.7540313804,0.866266861972,6754.63463629
2025-03-19,48,08:00,6480.37,3339.9375,6590.01511065,3378.8658924,0,0,0,0,523.405416667,0,0,556.65625,5851.46065264,47,2025-03-19,46,1.2859,0,07:50,08:00,6590.01511065,3378.8658924,6,0,0,1.21037194703,6433.02222672
2025-03-19,49,08:10,6689.6717,3552.9582,6666.09057235,3623.28818265,0,0,0,0,522.785583333,0,0,592.1597,5270.58778227,48,2025-03-19,47,1.2491,0,08:00,08:10,6666.09057235,3623.28818265,6,0,0,1.23952345547,5851.46065264
2025-03-19,50,08:20,6560.8433,3752.2552,6519.07828244,3842.17613316,0,0,0,0,468.098016667,0,0,625.375866667,4750.47887486,49,2025-03-19,48,1.174,0,08:10,08:20,6519.07828244,3842.17613316,6,0,0,1.17658725023,5270.58778227
2025-03-19,51,08:30,6546.25,3987,6567.90459533,4063.23524792,0,0,0,0,426.541666667,0,0,664.5,4276.54368968,50,2025-03-19,49,1.2015,0,08:20,08:30,6567.90459533,4063.23524792,6,0,0,1.14781502244,4750.47887486
2025-03-19,52,08:40,6433.0507,4178.399,6541.76063192,4279.74117347,0,0,0,0,375.775283333,0,0,696.399833333,3859.01559709,51,2025-03-19,50,1.1315,0,08:30,08:40,6541.76063192,4279.74117347,6,0,0,1.11138922299,4276.54368968
2025-03-19,53,08:50,6354.1802,4381.418,6512.47925837,4503.6212904,0,0,0,0,328.7937,0,0,730.236333333,3493.68926375,52,2025-03-19,51,1.0988,0,08:40,08:50,6512.47925837,4503.6212904,6,0,0,1.10327433198,3859.01559709
2025-03-19,54,09:00,6369.14,4631.2125,6523.23446033,4725.47338445,0,0,0,0,289.654583333,0,0,771.86875,3171.85083783,53,2025-03-19,52,1.1269,0,08:50,09:00,6523.23446033,4725.47338445,6,0,0,1.10526864658,3493.68926375
2025-03-19,55,09:10,6403.5703,4933.6498,6515.22248919,5174.43841109,0,0,0,0,244.98675,0,0,822.274966667,2899.64333783,54,2025-03-19,53,1.0865,0,09:00,09:10,6515.22248919,5174.43841109,6,0,0,1.05806389467,3171.85083783
2025-03-19,56,09:20,6514.0488,5388.1737,6478.0495244,5553.14003102,0,0,0,0,187.64585,0,0,898.02895,2691.14794894,55,2025-03-19,54,1.0297,0,09:10,09:20,6478.0495244,5553.14003102,6,0,0,0.99284333161,2899.64333783
2025-03-19,57,09:30,6649.66,5904.4875,6426.71240172,5933.61926464,0,0,0,0,124.195416667,0,0,984.08125,2553.15304153,56,2025-03-19,55,1.0051,0,09:20,09:30,6426.71240172,5933.61926464,6,0,0,0.941966467553,2691.14794894
2025-03-19,58,09:40,6664.7651,6266.8363,6442.39163882,6313.99468802,0,0,0,0,66.3214666667,0,0,1044.47271667,2479.46252301,57,2025-03-19,56,0.9969,0,09:30,09:40,6442.39163882,6313.99468802,6,0,0,0.945514067167,2553.15304153
2025-03-19,59,09:50,6602.1714,6602.2852,6434.00299732,6683.63509738,0,0,0,0.0189666666668,0,0,0,1100.38086667,2479.47959301,58,2025-03-19,57,0.9431,0,09:40,09:50,6434.00299732,6683.63509738,6,0,0,0.95749993133,2479.46252301
2025-03-19,60,10:00,6531.37,6891.525,6428.98733292,7049.53967978,0,0,0,60.0258333333,0,0,0,1148.5875,2533.50284301,59,2025-03-19,58,0.8968,0,09:50,10:00,6428.98733292,7049.53967978,6,0,0,0.940069011306,2479.47959301
2025-03-19,61,10:10,6479.0144,6963.2464,6477.92533276,7172.33145989,0,0,0,80.7053333333,0,0,0,1160.54106667,2606.13764301,60,2025-03-19,59,0.9636,0,10:00,10:10,6477.92533276,7172.33145989,6,0,0,0.910386362186,2533.50284301
2025-03-19,62,10:20,6393.2385,6970.7827,6467.02435113,7355.84229546,0,0,0,96.2573666667,0,0,0,1161.79711667,2692.76927301,61,2025-03-19,60,0.9649,0,10:10,10:20,6467.02435113,7355.84229546,6,0,0,0.880394963482,2606.13764301
2025-03-19,63,10:30,6313.7,7035.9375,6400.60209306,7544.64129185,0,0,0,120.372916667,0,0,0,1172.65625,2801.10489801,62,2025-03-19,61,0.9016,0,10:20,10:30,6400.60209306,7544.64129185,6,0,0,0.886172270627,2692.76927301
2025-03-19,64,10:40,6328.4338,7192.6555,6438.31259869,7725.13325263,0,0,0,144.03695,0,0,0,1198.77591667,2930.73815301,63,2025-03-19,62,0.92,0,10:30,10:40,6438.31259869,7725.13325263,6,0,0,0.935191317514,2801.10489801
2025-03-19,65,10:50,6287.7284,7566.2113,6447.79758523,7912.06663998,0,0,0,213.080483333,0,0,0,1261.03521667,3122.51058801,64,2025-03-19,63,0.7575,0,10:40,10:50,6447.79758523,7912.06663998,6,0,0,0.790762578617,2930.73815301
2025-03-19,66,11:00,6263.14,7889.7,6390.54298161,8094.80830311,0,0,0,271.093333333,0,0,0,1314.95,3366.49458801,65,2025-03-19,64,0.4919,0,10:50,11:00,6390.54298161,8094.80830311,6,0,0,0.558868895035,3122.51058801
2025-03-19,67,11:10,6468.9818,7767.7134,6344.99971956,8187.79248817,0,0,0,216.455266667,0,0,0,1294.6189,3561.30432801,66,2025-03-19,65,0.4941,0,11:00,11:10,6344.99971956,8187.79248817,6,0,0,0.523069565959,3366.49458801
2025-03-19,68,11:20,6581.1457,7910.4133,6371.79795698,8216.56704866,0,0,0,221.5446,0,0,0,1318.40221667,3760.69446801,67,2025-03-19,66,0.5398,0,11:10,11:20,6371.79795698,8216.56704866,6,0,0,0.533637286277,3561.30432801
2025-03-19,69,11:30,6552.91,8273.025,6436.63114071,8239.07572005,0,0,0,286.685833333,0,0,0,1378.8375,4018.71171801,68,2025-03-19,67,0.5347,0,11:20,11:30,6436.63114071,8239.07572005,6,0,0,0.499352051733,3760.69446801
2025-03-19,70,11:40,6606.8243,8103.1089,6390.09521576,8258.61317822,521.913672924,521.913672924,0,771.294439591,0,0,0,1350.51815,4712.87671364,69,2025-03-19,68,0.5962,315.796097053,11:30,11:40,6390.09521576,8258.61317822,6,506.378063208,521.913672924,0.483135796774,4018.71171801
2025-03-19,71,11:50,6406.5893,7934.0714,6230.22949706,8262.16605004,494.67724117,494.67724117,0,749.25759117,0,0,0,1322.34523333,5387.2085457,70,2025-03-19,69,0.5657,284.768819369,11:40,11:50,6230.22949706,8262.16605004,6,477.24784736,494.67724117,0.46968279849,4712.87671364
2025-03-19,72,12:00,6027.31,8015.4375,6057.11352394,8256.30598069,466.801257208,466.801257208,0,798.155840541,0,0,0,1335.90625,6105.54880218,71,2025-03-19,70,0.4602,218.810741739,11:50,12:00,6057.11352394,8256.30598069,6,449.466171717,466.801257208,0.466458972289,5387.2085457
2025-03-19,73,12:10,5951.7863,8091.3897,5969.47477537,8012.99386766,470.315657255,470.315657255,0,826.916223922,0,0,0,1348.56495,6849.77340371,72,2025-03-19,71,0.4699,221.599226509,12:00,12:10,5969.47477537,8012.99386766,12,467.770864047,470.315657255,0.472385471379,6105.54880218
2025-03-19,74,12:20,6070.8733,8333.4204,6075.3145539,7979.84994519,159.420233548,159.420233548,5.68434188608e-14,536.511416881,0,0,0,1388.9034,7332.63367891,73,2025-03-19,72,0.4901,97.6434195368,12:10,12:20,6075.3145539,7979.84994519,12,79.7974501365,159.420233548,0.485947386003,6849.77340371
2025-03-19,75,12:30,6121.01,8611.9875,6068.96998438,7948.17900105,510.973094666,418.170416667,92.8026779995,833.333333333,0,0,0,1435.33125,8082.63367891,74,2025-03-19,73,0.4284,224.32279801,12:20,12:30,6068.96998438,7948.17900105,12,485.660656499,510.973094666,0.476471493808,7332.63367891
2025-03-19,76,12:40,5960.0968,8523.8874,6007.57235776,7919.01410895,519.180299228,406.0349,113.145399228,833.333333333,0,0,0,1420.6479,8832.63367891,75,2025-03-19,74,0.3425,183.103262306,12:30,12:40,6007.57235776,7919.01410895,12,488.324767429,519.180299228,0.445436137233,8082.63367891
2025-03-19,77,12:50,5920.3324,8228.5618,6141.28945528,7888.07750486,0,0,0,384.7049,0,0,0,1371.42696667,9178.86808891,76,2025-03-19,75,0.5144,0,12:40,12:50,6141.28945528,7888.07750486,12,0,0,0.597329113112,8832.63367891
2025-03-19,78,13:00,6160.33,8001.8625,6363.68910593,7855.90371662,0,0,0,306.922083333,0,0,0,1333.64375,9455.09796391,77,2025-03-19,76,0.8328,0,12:50,13:00,6363.68910593,7855.90371662,12,0,0,0.852360021636,9178.86808891
2025-03-19,79,13:10,6484.9665,7962.5924,6224.22671171,7591.05111042,0,0,0,246.270983333,0,0,0,1327.09873333,9676.74184891,78,2025-03-19,77,0.8878,0,13:00,13:10,6224.22671171,7591.05111042,12,0,0,0.905766362515,9455.09796391
2025-03-19,80,13:20,6478.6578,7741.4555,6167.55850896,7361.31332026,0,0,0,210.466283333,0,0,0,1290.24258333,9866.16150391,79,2025-03-19,78,0.8614,0,13:10,13:20,6167.55850896,7361.31332026,12,0,0,0.886425950609,9676.74184891
2025-03-19,81,13:30,6261.55,7413.1875,6321.21136746,7130.79484703,0,0,0,191.939583333,0,0,0,1235.53125,10038.9071289,80,2025-03-19,79,0.8874,0,13:20,13:30,6321.21136746,7130.79484703,12,0,0,0.898163730856,9866.16150391
2025-03-19,82,13:40,6314.7354,7383.0511,6318.65093898,6904.61385264,0,0,0,178.052616667,0,0,0,1230.50851667,10199.1544839,81,2025-03-19,80,0.9077,0,13:30,13:40,6318.65093898,6904.61385264,12,0,0,0.906786440599,10038.9071289
2025-03-19,83,13:50,6238.6177,7147.3017,6241.12631469,6675.56942588,0,0,0,151.447333333,0,0,0,1191.21695,10335.4570839,82,2025-03-19,81,0.905,0,13:40,13:50,6241.12631469,6675.56942588,12,0,0,0.921001728799,10199.1544839
2025-03-19,84,14:00,5999.99,6693.1875,6196.34045907,6441.90448101,0,0,0,115.532916667,0,0,0,1115.53125,10439.4367089,83,2025-03-19,82,0.902,0,13:50,14:00,6196.34045907,6441.90448101,12,0,0,0.960055433773,10335.4570839
2025-03-19,85,14:10,6014.3953,6523.1977,6187.25640736,6219.67700565,0,0,0,84.8004,0,0,0,1087.19961667,10515.7570689,84,2025-03-19,83,0.9329,0,14:00,14:10,6187.25640736,6219.67700565,12,0,0,0.98593753167,10439.4367089
2025-03-19,86,14:20,6127.2133,6319.7023,6155.114915,5988.68954502,0,0,0,32.0815,0,0,0,1053.28371667,10544.6304189,85,2025-03-19,84,0.9695,0,14:10,14:20,6155.114915,5988.68954502,12,0,0,0.982807117925,10515.7570689
2025-03-19,87,14:30,6192.06,5933.475,6148.76705659,5763.23836639,0,0,0,0,43.0975,0,0,988.9125,10496.7443078,86,2025-03-19,85,1.012,0,14:20,14:30,6148.76705659,5763.23836639,12,0,0,0.988011290486,10544.6304189
2025-03-19,88,14:40,6226.9575,5577.5788,6129.80368892,5538.64936494,0,0,0,0,108.229783333,0,0,929.596466667,10376.488993,87,2025-03-19,86,1.0595,0,14:30,14:40,6129.80368892,5538.64936494,12,0,0,1.02306068325,10496.7443078
2025-03-19,89,14:50,6273.1306,5382.184,6219.49618465,5300.9730248,0,0,0,0,148.4911,0,0,897.030666667,10211.4988819,88,2025-03-19,87,0.9394,0,14:40,14:50,6219.49618465,5300.9730248,12,0,0,0.922671266512,10376.488993
2025-03-19,90,15:00,6256.6,5305.2375,6292.82438808,5059.19182313,599.832852922,599.832852922,1.13686837722e-13,441.272436255,0,0,0,884.20625,10608.6440745,89,2025-03-19,88,0.7134,548.776974585,14:50,15:00,6292.82438808,5059.19182313,12,261.015310701,599.832852922,0.707402496098,10211.4988819
2025-03-19,91,15:10,6092.7393,5169.4135,6179.47506684,4838.56139588,233.451802416,233.451802416,0,79.5641690828,0,0,0,861.568916667,10680.2518267,90,2025-03-19,89,0.6499,172.231547572,15:00,15:10,6179.47506684,4838.56139588,12,170.33064168,233.451802416,0.708414475221,10608.6440745
2025-03-19,92,15:20,6109.5922,4854.5331,6113.13441429,4594.74315607,266.803832017,266.803832017,1.13686837722e-13,57.6273153501,0,0,0,809.08885,10732.1164105,91,2025-03-19,90,0.7337,217.9344077,15:10,15:20,6113.13441429,4594.74315607,12,206.34196436,266.803832017,0.763171687819,10680.2518267
2025-03-19,93,15:30,6242.64,4461.1125,6129.96840548,4355.54325974,311.343125056,311.343125056,1.13686837722e-13,14.4218750556,0,0,0,743.51875,10745.096098,92,2025-03-19,91,0.8356,284.667412406,15:20,15:30,6129.96840548,4355.54325974,12,252.680853372,311.343125056,0.763967442967,10732.1164105
2025-03-19,94,15:40,6120.4343,4216.6751,6119.94039527,4101.76989956,359.837305954,359.837305954,0,42.5441059543,0,0,0,702.779183333,10783.3857934,93,2025-03-19,92,0.8316,321.754218065,15:30,15:40,6119.94039527,4101.76989956,12,305.692249597,359.837305954,0.749946445128,10745.096098
2025-03-19,95,15:50,6106.9145,4038.9704,6114.29400174,3850.80860995,407.434786973,363.117579558,44.3172074158,18.4602295577,0,0,0,673.161733333,10800,94,2025-03-19,93,0.7739,334.72019265,15:40,15:50,6114.29400174,3850.80860995,12,357.282542468,407.434786973,0.817202296939,10783.3857934
2025-03-19,96,16:00,6185.24,3796.9125,6142.07904883,3604.19302572,458.088787461,398.054583333,60.0342041273,0,0,0,0,632.81875,10800,95,2025-03-19,94,0.745,358.77220743,15:50,16:00,6142.07904883,3604.19302572,12,411.119496798,458.088787461,0.898793922839,10800
2025-03-19,97,16:10,5982.6772,3419.8851,6128.41271275,3265.11081101,524.104007354,427.132016667,96.9719906874,0,0,0,0,569.98085,10800,96,2025-03-19,95,0.791,439.573214062,16:00,16:10,6128.41271275,3265.11081101,12,460.875324056,524.104007354,0.859980892148,10800
2025-03-19,98,16:20,5955.2469,2957.1473,6130.85793902,2927.42262184,582.363693706,499.683266667,82.6804270394,0,0,0,0,492.857883333,10800,97,2025-03-19,96,0.8695,530.314061685,16:10,16:20,6130.85793902,2927.42262184,12,527.277253206,582.363693706,0.857104772887,10800
2025-03-19,99,16:30,6134.72,2520.1125,6169.15398892,2589.98727588,646.446626556,602.434583333,44.0120432224,0,0,0,0,420.01875,10800,98,2025-03-19,97,0.9204,616.63411374,16:20,16:30,6169.15398892,2589.98727588,12,599.413513435,646.446626556,0.935705812551,10800
2025-03-19,100,16:40,6083.4045,2207.5327,6132.95605432,2255.36894132,696.441334659,645.978633333,50.4627013254,0,0,0,0,367.922116667,10800,99,2025-03-19,98,0.9095,651.594327672,16:30,16:40,6132.95605432,2255.36894132,12,656.461271329,696.441334659,0.964167619035,10800
2025-03-19,101,16:50,6024.7694,1939.6319,6111.8971777,1921.36749403,748.591643217,680.85625,67.7353932166,0,0,0,0,323.271983333,10800,100,2025-03-19,99,0.8888,680.078077551,16:40,16:50,6111.8971777,1921.36749403,12,715.446222289,748.591643217,0.974849435223,10800
2025-03-19,102,17:00,6086.1,1642.05,6124.23930793,1589.32801155,805.140351281,740.675,64.4653512815,0,0,0,0,273.675,10800,101,2025-03-19,100,0.9088,743.982944618,16:50,17:00,6124.23930793,1589.32801155,12,778.134644035,805.140351281,0.984683703232,10800
2025-03-19,103,17:10,6134.1999,1304.9072,6168.7886082,1140.65215995,864.73895056,804.882116667,59.8568338934,0,0,0,0,217.484533333,10800,102,2025-03-19,101,0.9793,853.711259048,17:00,17:10,6168.7886082,1140.65215995,12,850.703609471,864.73895056,0.993098654301,10800
2025-03-19,104,17:20,6080.0676,973.3083,6154.77173447,874.644656215,901.310310565,851.12655,50.1837605648,0,0,0,0,162.21805,10800,103,2025-03-19,102,1.0378,941.159571717,17:10,17:20,6154.77173447,874.644656215,12,890.171880399,901.310310565,1.03855579919,10800
2025-03-19,105,17:30,6126.14,675.5625,6159.5943201,616.642350778,939.674348589,908.429583333,31.2447652554,0,0,0,0,112.59375,10800,104,2025-03-19,103,1.0552,995.904709673,17:20,17:30,6159.5943201,616.642350778,12,931.409873528,939.674348589,1.09829612473,10800
2025-03-19,106,17:40,6388.6366,408.3651,6288.307817,367.733543406,997.152223391,996.711916667,0.440306724453,0,0,0,0,68.06085,10800,105,2025-03-19,104,1.066,1065.85020484,17:30,17:40,6288.307817,367.733543406,12,991.737711751,997.152223391,1.07085630457,10800
2025-03-19,107,17:50,5618.664,164.6811,5559.73680909,146.187474079,907.182669107,907.182669107,0,0,1.81448089346,0,0,27.44685,10797.9839101,106,2025-03-19,105,1.151,1045.69909715,17:40,17:50,5559.73680909,146.187474079,12,904.520905403,907.182669107,1.12726697162,10800
2025-03-19,108,18:00,4259.5,0,4257.15052183,0,670.329517302,670.329517302,0,0,39.587149365,0,0,0,10753.9981886,107,2025-03-19,106,1.2537,1173.18019676,17:50,18:00,4257.15052183,0,12,139.440020749,670.329517302,1.27415932454,10797.9839101
2025-03-19,109,18:10,4108.1979,0,4176.52775422,0.148533587347,0,0,0,0,684.69965,0,0,0,9993.22079971,108,2025-03-19,107,1.2381,0,18:00,18:10,4176.52775422,0.148533587347,18,0,0,1.27546681647,10753.9981886
2025-03-19,110,18:20,4276.424,5.7982,4420.05354692,0.148533587347,736.650835555,736.650835555,0,24.8798688885,0,0,0,0.966366666667,10015.6126817,109,2025-03-19,108,1.2359,910.634325289,18:10,18:20,4420.05354692,0.148533587347,18,736.986716495,736.650835555,1.26634117272,9993.22079971
2025-03-19,111,18:30,4217.31,0,4406.36630572,0,0,0,0,0,702.885,0,0,0,9234.62934838,110,2025-03-19,109,1.2844,0,18:20,18:30,4406.36630572,0,18,0,0,1.28401621003,10015.6126817
2025-03-19,112,18:40,4292.2503,0,4411.81868535,0.148533587347,0,0,0,0,715.37505,0,0,0,8439.76818171,111,2025-03-19,110,1.2879,0,18:30,18:40,4411.81868535,0.148533587347,18,0,0,1.28801109805,9234.62934838
2025-03-19,113,18:50,4363.2854,0.4163,4323.60387675,0.148533587347,0,0,0,0,727.14485,0,0,0.0693833333333,7631.82945949,112,2025-03-19,111,1.2663,0,18:40,18:50,4323.60387675,0.148533587347,18,0,0,1.28123386054,8439.76818171
2025-03-19,114,19:00,4346.43,0,4191.2030841,0,698.53384735,698.53384735,0,0,25.8711526501,0,0,0,7603.08373432,113,2025-03-19,112,1.2498,873.226627155,18:50,19:00,4191.2030841,0,18,698.852337887,698.53384735,1.26939625347,7631.82945949
2025-03-19,115,19:10,4317.3888,0,4384.3334567,0.000712987012987,730.722123952,730.722123952,0,11.1573239522,0,0,0,0,7613.12532588,114,2025-03-19,113,1.2467,911.198951307,19:00,19:10,4384.3334567,0.000712987012987,18,731.055290514,730.722123952,1.26172285351,7603.08373432
2025-03-19,116,19:20,4234.6986,0.0299,4442.30632001,0.000712987012987,0,0,0,0,705.778116667,0,0,0.00498333333333,6828.92741847,115,2025-03-19,114,1.2572,0,19:10,19:20,4442.30632001,0.000712987012987,18,0,0,1.27583137264,7613.12532588
2025-03-19,117,19:30,4135.3,0,4350.98141715,0,0,0,0,0,689.216666667,0,0,0,6063.13112218,116,2025-03-19,115,1.2674,0,19:20,19:30,4350.98141715,0,18,0,0,1.29659894745,6828.92741847
2025-03-19,118,19:40,4135.7259,0,4378.83732314,0.000712987012987,0,0,0,0,689.28765,0,0,0,5297.25595551,117,2025-03-19,116,1.2579,0,19:30,19:40,4378.83732314,0.000712987012987,18,0,0,1.29062972606,6063.13112218
2025-03-19,119,19:50,4229.8793,0.0021,4423.32774335,0.000712987012987,0,0,0,0,704.979533333,0,0,0.00035,4513.94536292,118,2025-03-19,117,1.2388,0,19:40,19:50,4423.32774335,0.000712987012987,18,0,0,1.27551442871,5297.25595551
2025-03-19,120,20:00,4337.59,0,4449.39358545,0,741.565597575,741.565597575,0,18.6339309084,0,0,0,0,4530.71590074,119,2025-03-19,118,1.2241,907.957388521,19:50,20:00,4449.39358545,0,18,741.903708071,741.565597575,1.26631082921,4513.94536292
2025-03-19,121,20:10,4360.6113,0,4506.01517048,0,751.002528413,751.002528413,0,24.2339784131,0,0,0,0,4552.52648131,120,2025-03-19,119,1.2242,919.586886393,20:00,20:10,4506.01517048,0,18,751.344941597,751.002528413,1.26236388234,4530.71590074
2025-03-19,122,20:20,4299.8142,0,4488.70879645,0,352.921503679,352.921503679,0,0,363.714196321,0,0,0,4148.39959651,121,2025-03-19,120,1.251,688.913649423,20:10,20:20,4488.70879645,0,18,748.459230811,352.921503679,1.27098123006,4552.52648131
2025-03-19,123,20:30,4240.16,0,4412.73738784,0,0,0,0,0,706.693333333,0,0,0,3363.18478169,122,2025-03-19,121,1.3074,0,20:20,20:30,4412.73738784,0,18,0,0,1.28743695252,4148.39959651
2025-03-19,124,20:40,4278.2772,0,4415.35633921,0,0,0,0,0,713.0462,0,0,0,2570.91122614,123,2025-03-19,122,1.3494,0,20:30,20:40,4415.35633921,0,18,0,0,1.29389363232,3363.18478169
2025-03-19,125,20:50,4325.261,0,4406.08131974,0,734.346886623,734.346886623,0,13.47005329,0,0,0,0,2583.0342741,124,2025-03-19,123,1.1952,877.891486838,20:40,20:50,4406.08131974,0,18,734.68170581,734.346886623,1.14710914117,2570.91122614
2025-03-19,126,21:00,4317.72,0,4398.18581813,0,733.275664496,733.275664496,0,13.6556644957,0,0,0,0,2595.32437214,125,2025-03-19,124,0.949,695.921084933,20:50,21:00,4398.18581813,0,18,733.365188894,733.275664496,0.947552383352,2583.0342741
2025-03-19,127,21:10,4280.1677,0,4418.59064891,0,736.677604857,736.677604857,0,23.3163215236,0,0,0,0,2616.30906151,126,2025-03-19,125,0.918,676.311323597,21:00,21:10,4418.59064891,0,18,736.767544592,736.677604857,0.917253999308,2595.32437214
2025-03-19,128,21:20,4297.0863,0,4398.65508164,0,733.353901188,733.353901188,0,17.1728511878,0,0,0,0,2631.76462758,127,2025-03-19,126,0.9491,696.068675953,21:10,21:20,4398.65508164,0,18,733.443435138,733.353901188,0.91705498417,2616.30906151
2025-03-19,129,21:30,4433.5,0,4370.19282632,0,728.60860846,728.60860846,0,0,10.3080582069,0,0,0,2620.31122957,128,2025-03-19,127,0.9656,703.587419612,21:20,21:30,4370.19282632,0,18,728.697563065,728.60860846,0.916292110955,2631.76462758
2025-03-19,130,21:40,4584.3104,0,4448.98147476,0,741.744433304,741.744433304,0,0,22.3073000291,0,0,0,2595.52534065,129,2025-03-19,128,1.0048,745.350303092,21:30,21:40,4448.98147476,0,18,741.83499164,741.744433304,0.992903944556,2620.31122957
2025-03-19,131,21:50,4143.0002,0,4043.44817419,0,674.13298787,674.13298787,0,0,16.367045463,0,0,0,2577.33973458,130,2025-03-19,129,0.798,537.990963524,21:40,21:50,4043.44817419,0,18,674.215291638,674.13298787,0.773022051979,2595.52534065
2025-03-19,132,22:00,3389.55,0,3370.01333945,0,1395.00222324,1395.00222324,0,830.077223241,0,0,0,0,3324.4092355,131,2025-03-19,130,0.441,615.376110691,21:50,22:00,3370.01333945,0,18,1395.25831137,1395.00222324,0.391747024265,2577.33973458
2025-03-19,133,22:10,3254.4505,0,3270.2803975,0,1378.38006625,1375.74175,2.63831625059,833.333333333,0,0,0,0,4074.4092355,132,2025-03-19,131,0.3401,468.921866167,22:00,22:10,3270.2803975,0,18,1378.62857565,1378.38006625,0.371489706911,3324.4092355
2025-03-19,134,22:20,3251.7622,0,3374.01784162,0,932.861751744,932.861751744,0,390.901385078,0,0,0,0,4426.22048207,133,2025-03-19,132,0.3775,524.263550875,22:10,22:20,3374.01784162,0,18,1104.0180247,932.861751744,0.437097136022,4074.4092355
2025-03-19,135,22:30,3155.07,0,3415.54083668,0,1402.59013945,1359.17833333,43.4118061126,833.333333333,0,0,0,0,5176.22048207,134,2025-03-19,133,0.4145,581.545206145,22:20,22:30,3415.54083668,0,18,1402.84968722,1402.59013945,0.42727986941,4426.22048207
2025-03-19,136,22:40,3242.1918,0,3530.48986197,0,1421.74831033,1373.69863333,48.0496769957,833.333333333,0,0,0,0,5926.22048207,135,2025-03-19,134,0.4316,613.81125625,22:30,22:40,3530.48986197,0,18,1422.01659311,1421.74831033,0.421648675417,5176.22048207
2025-03-19,137,22:50,3319.2885,0,3513.97965142,0,1418.99660857,1386.54808333,32.4485252372,833.333333333,0,0,0,0,6676.22048207,136,2025-03-19,135,0.4278,607.228952533,22:40,22:50,3513.97965142,0,18,1419.26363674,1418.99660857,0.425286845098,5926.22048207
2025-03-19,138,23:00,3304.3,0,3378.56566455,0,1396.75614168,1384.05,12.7061416765,833.333333333,0,0,0,0,7426.22048207,137,2025-03-19,136,0.4128,624.400832814,22:50,23:00,3378.56566455,0,18,1396.68434878,1396.75614168,0.429686369908,6676.22048207
2025-03-19,139,23:10,3320.603,0,3358.47994288,0,560.073234933,560.073234933,0,6.63940159956,0,0,0,0,7432.19594351,138,2025-03-19,137,0.4019,225.135248558,23:00,23:10,3358.47994288,0,18,560.00186885,560.073234933,0.438032550771,7426.22048207
2025-03-19,140,23:20,3364.8361,0,3413.02595613,0,569.169541184,569.169541184,0,8.36352451686,0,0,0,0,7439.72311558,139,2025-03-19,138,0.4029,229.361008452,23:10,23:20,3413.02595613,0,18,569.097016025,569.169541184,0.439930305819,7432.19594351
2025-03-19,141,23:30,3348.1,0,3425.58763036,0,1404.26460506,1391.35,12.9146050605,833.333333333,0,0,0,0,8189.72311558,140,2025-03-19,139,0.4103,576.340121725,23:20,23:30,3425.58763036,0,18,1404.52491629,1404.26460506,0.423389472788,7439.72311558
2025-03-19,142,23:40,3220.2834,0,3333.6047813,0,1388.93413022,1370.04723333,18.8868968839,833.333333333,0,0,0,0,8939.72311558,141,2025-03-19,140,0.4145,575.880673935,23:30,23:40,3333.6047813,0,18,1389.18745165,1388.93413022,0.404395262985,8189.72311558
2025-03-19,143,23:50,3271.009,0,3363.15182507,0,1393.85863751,1378.5015,15.3571375117,833.333333333,0,0,0,0,9689.72311558,142,2025-03-19,141,0.4298,599.255640468,23:40,23:50,3363.15182507,0,18,1394.11420423,1393.85863751,0.402239647614,8939.72311558
2025-03-19,144,00:00+1,3410.51,0,3503.72499695,0,1417.28749949,1401.75166667,15.5358328258,833.333333333,0,0,0,0,10439.7231156,143,2025-03-19,142,0.4495,637.261617924,23:50,00:00+1,3503.72499695,0,18,1417.5537484,1417.28749949,0.425427887229,9689.72311558
2025-03-20,1,00:10,3299.0689,0,3533.31443377,0,1399.1842671,950.152466027,449.031801074,400.307649361,0,0,0,0,10800,0,2025-03-19,143,0.4487,627.813980648,00:00,00:10,3395.10560261,0,0,1399.1842671,1399.1842671,0.433934543876,10439.7231156
2025-03-20,2,00:20,3421.881,0,3503.33303413,0,583.888839022,570.3135,13.5753390219,0,0,0,0,0,10800,1,2025-03-20,0,0.4373,255.334589304,00:10,00:20,3503.33303413,0,0,583.888839022,583.888839022,0.431182914792,10800
2025-03-20,3,00:30,3683.11,0,3498.8856807,0,583.14761345,583.14761345,0,0,30.7040532165,0,0,0,10765.8843853,2,2025-03-20,1,0.4311,251.394936158,00:20,00:30,3498.8856807,0,0,583.14761345,583.14761345,0.433714153598,10800
2025-03-20,4,00:40,3476.737,0,3515.46937539,0,585.911562565,585.911562565,0,6.45539589876,0,0,0,0,10771.6942416,3,2025-03-20,2,0.4344,254.519982778,00:30,00:40,3515.46937539,0,0,585.911562565,585.911562565,0.447398331519,10765.8843853
2025-03-20,5,00:50,3302.6695,0,3487.32238066,0,581.220396776,581.220396776,0,30.7754801095,0,0,0,0,10799.3921737,4,2025-03-20,3,0.4238,246.321204154,00:40,00:50,3487.32238066,0,0,581.220396776,581.220396776,0.44889126615,10771.6942416
2025-03-20,6,01:00,3426.94,0,3442.60533857,0,573.767556428,571.832029197,1.93552723044,0.675362530635,0,0,0,0,10800,5,2025-03-20,4,0.4296,246.490542241,00:50,01:00,3442.60533857,0,0,573.767556428,573.767556428,0.438201434776,10799.3921737
2025-03-20,7,01:10,3609.5343,0,3417.92323568,0,569.653872613,569.653872613,0,0,31.9351773869,0,0,0,10764.5164696,6,2025-03-20,5,0.4989,284.200317047,01:00,01:10,3417.92323568,0,0,569.653872613,569.653872613,0.424185577165,10800
2025-03-20,8,01:20,3668.9025,0,3387.71529036,0,564.619215059,564.619215059,0,0,46.8645349408,0,0,0,10712.4447641,7,2025-03-20,6,0.5083,286.995947015,01:10,01:20,3387.71529036,0,0,564.619215059,564.619215059,0.417647825252,10764.5164696
2025-03-20,9,01:30,3589.3,0,3335.87356796,0,555.978927993,555.978927993,0,0,42.2377386732,0,0,0,10665.5139433,8,2025-03-20,7,0.4468,248.411385027,01:20,01:30,3335.87356796,0,0,555.978927993,555.978927993,0.421745271103,10712.4447641
2025-03-20,10,01:40,3503.6157,0,3390.86251531,0,565.143752551,565.143752551,0,0,18.7921974491,0,0,0,10644.6337239,9,2025-03-20,8,0.4284,242.107583593,01:30,01:40,3390.86251531,0,0,565.143752551,565.143752551,0.428073336311,10665.5139433
2025-03-20,11,01:50,3545.9703,0,3511.99349763,0,585.332249606,585.332249606,0,0,5.66280039444,0,0,0,10638.3417235,10,2025-03-20,9,0.4436,259.653385925,01:40,01:50,3511.99349763,0,0,585.332249606,585.332249606,0.441832748981,10644.6337239
2025-03-20,12,02:00,3590.66,0,3588.91266155,0,598.152110258,598.152110258,0,0,0.291223074952,0,0,0,10638.0181423,11,2025-03-20,10,0.454,271.561058057,01:50,02:00,3588.91266155,0,0,598.152110258,598.152110258,0.439061272511,10638.3417235
2025-03-20,13,02:10,3395.9017,0,3515.1584956,0,585.859749266,585.859749266,0,19.8761325993,0,0,0,0,10655.9066617,12,2025-03-20,11,0.4404,258.012633577,02:00,02:10,3515.1584956,0,0,585.859749266,585.859749266,0.40704326253,10638.0181423
2025-03-20,14,02:20,3276.7246,0,3433.54968888,0,572.25828148,572.25828148,0,26.1375148134,0,0,0,0,10679.430425,13,2025-03-20,12,0.4405,252.079772992,02:10,02:20,3433.54968888,0,0,572.25828148,572.25828148,0.419605884533,10655.9066617
2025-03-20,15,02:30,3394.28,0,3449.97706618,0,574.996177696,574.996177696,0,9.28284436266,0,0,0,0,10687.7849849,14,2025-03-20,13,0.4545,261.335762763,02:20,02:30,3449.97706618,0,0,574.996177696,574.996177696,0.459755444951,10679.430425
2025-03-20,16,02:40,3587.5594,0,3543.35367345,0,590.558945575,590.558945575,0,0,7.36762109195,0,0,0,10679.5987393,15,2025-03-20,14,0.4389,259.196321213,02:30,02:40,3543.35367345,0,0,590.558945575,590.558945575,0.44693858651,10687.7849849
2025-03-20,17,02:50,3605.7268,0,3619.67893113,0,603.279821855,603.279821855,0,2.32535518839,0,0,0,0,10681.6915589,16,2025-03-20,15,0.3868,233.348635094,02:40,02:50,3619.67893113,0,0,603.279821855,603.279821855,0.430574171584,10679.5987393
2025-03-20,18,03:00,3522.79,0,3591.51803627,0,598.586339378,598.586339378,0,11.4546727108,0,0,0,0,10692.0007644,17,2025-03-20,16,0.3634,217.52627573,02:50,03:00,3591.51803627,0,0,598.586339378,598.586339378,0.43108129103,10681.6915589
2025-03-20,19,03:10,3631.2618,0,3491.42445158,0,581.904075263,581.904075263,0,0,23.3062247374,0,0,0,10666.1049591,18,2025-03-20,17,0.4416,256.968839636,03:00,03:10,3491.42445158,0,0,581.904075263,581.904075263,0.425178671696,10692.0007644
2025-03-20,20,03:20,3731.3543,0,3440.0097944,0,573.334965733,573.334965733,0,0,48.5574176007,0,0,0,10612.1522729,19,2025-03-20,18,0.4839,277.436789918,03:10,03:20,3440.0097944,0,0,573.334965733,573.334965733,0.446287643186,10666.1049591
2025-03-20,21,03:30,3721.01,0,3496.02912225,0,582.671520375,582.671520375,0,0,37.4968129588,0,0,0,10570.4891474,20,2025-03-20,19,0.4574,266.513953419,03:20,03:30,3496.02912225,0,0,582.671520375,582.671520375,0.480630264488,10612.1522729
2025-03-20,22,03:40,3699.7385,0,3608.76003057,0,601.460005095,601.460005095,0,0,15.1630782388,0,0,0,10553.6412827,21,2025-03-20,20,0.4575,275.167952331,03:30,03:40,3608.76003057,0,0,601.460005095,601.460005095,0.459338050143,10570.4891474
2025-03-20,23,03:50,3674.7825,0,3556.16589658,0,592.694316097,592.694316097,0,0,19.7694339032,0,0,0,10531.675245,22,2025-03-20,21,0.4629,274.358198921,03:40,03:50,3556.16589658,0,0,592.694316097,592.694316097,0.438358605235,10553.6412827
2025-03-20,24,04:00,3623.58,0,3481.20905649,0,580.201509414,580.201509414,0,0,23.7284905857,0,0,0,10505.3102554,23,2025-03-20,22,0.4426,256.797188067,03:50,04:00,3481.20905649,0,0,580.201509414,580.201509414,0.444933184155,10531.675245
2025-03-20,25,04:10,3538.7697,0.0019,3617.53583332,0.00073311965812,602.9225167,602.9225167,0,13.1278833663,0,0,0,0.000316666666667,10517.1253505,24,2025-03-20,23,0.4023,242.555728468,04:00,04:10,3617.53583332,0.00073311965812,0,602.9225167,602.9225167,0.474404462061,10505.3102554
2025-03-20,26,04:20,3488.7843,0,3641.90288924,0.00073311965812,606.983692687,606.983692687,0,25.519642687,0,0,0,0,10540.0930289,25,2025-03-20,24,0.4075,247.34585477,04:10,04:20,3641.90288924,0.00073311965812,0,606.983692687,606.983692687,0.463401399757,10517.1253505
2025-03-20,27,04:30,3513.51,0,3511.43644118,0,585.239406863,585.239406863,0,0,0.345593137411,0,0,0,10539.7090365,26,2025-03-20,25,0.452,264.528211902,04:20,04:30,3511.43644118,0,0,585.239406863,585.239406863,0.423172496117,10540.0930289
2025-03-20,28,04:40,3598.3779,0.0271,3573.03368249,0.00073311965812,595.505491562,595.505491562,0,0,4.21964177093,0,0,0.00451666666667,10535.0205457,27,2025-03-20,26,0.4646,276.67185138,04:30,04:40,3573.03368249,0.00073311965812,0,595.505491562,595.505491562,0.433181334041,10539.7090365
2025-03-20,29,04:50,3700.4359,0,3647.11718943,0.00073311965812,607.852742718,607.852742718,0,0,8.88657394827,0,0,0,10525.1465746,28,2025-03-20,27,0.4561,277.241635954,04:40,04:50,3647.11718943,0.00073311965812,0,607.852742718,607.852742718,0.443479456869,10535.0205457
2025-03-20,30,05:00,3753.57,0,3628.60907755,0,604.768179592,604.768179592,0,0,20.8268204084,0,0,0,10502.005663,29,2025-03-20,28,0.4379,264.827985843,04:50,05:00,3628.60907755,0,0,604.768179592,604.768179592,0.433878039271,10525.1465746
2025-03-20,31,05:10,3716.9811,0.3776,3566.5265221,0.151473931624,594.395841362,594.395841362,0,0,25.0380753047,0,0,0.0629333333333,10474.1855794,30,2025-03-20,29,0.4177,248.279142937,05:00,05:10,3566.5265221,0.151473931624,0,594.395841362,594.395841362,0.430189764154,10502.005663
2025-03-20,32,05:20,3707.0664,0,3564.06461277,0.151473931624,593.98552314,593.98552314,0,0,23.8588768598,0,0,0,10447.6757162,31,2025-03-20,30,0.464,275.609282737,05:10,05:20,3564.06461277,0.151473931624,0,593.98552314,593.98552314,0.454121454199,10474.1855794
2025-03-20,33,05:30,3642.69,0,3597.79315566,0,599.632192609,599.632192609,0,0,7.48280739076,0,0,0,10439.3614858,32,2025-03-20,31,0.4802,287.943378891,05:20,05:30,3597.79315566,0,0,599.632192609,599.632192609,0.46550797937,10447.6757162
2025-03-20,34,05:40,3457.8398,5.2594,3589.36386508,0.151473931624,598.202065191,598.202065191,0,22.7719985244,0,0,0,0.876566666667,10459.8562844,33,2025-03-20,32,0.352,210.567126947,05:30,05:40,3589.36386508,0.151473931624,0,598.202065191,598.202065191,0.430600231463,10439.3614858
2025-03-20,35,05:50,4028.7787,0,4108.54272305,0.151473931624,684.731874854,684.731874854,0,13.268758187,0,0,0,0,10471.7981668,34,2025-03-20,33,0.5794,396.73364829,05:40,05:50,4108.54272305,0.151473931624,0,684.731874854,684.731874854,0.622012217043,10459.8562844
2025-03-20,36,06:00,4962.09,0,4747.25051902,0,0,0,0,0,827.015,0,0,0,9552.89261124,35,2025-03-20,34,1.0185,0,05:50,06:00,4747.25051902,0,0,0,0,0.961466832047,10471.7981668
2025-03-20,37,06:10,4905.1198,153.4202,4752.76695565,167.504693807,0,0,0,0,791.949933333,0,0,25.5700333333,8672.94824087,36,2025-03-20,35,0.995,0,06:00,06:10,4752.76695565,167.504693807,6,0,0,0.995293236064,9552.89261124
2025-03-20,38,06:20,4660.8239,401.044,4635.81104737,431.988722052,0,0,0,0,709.963316667,0,0,66.8406666667,7884.10011124,37,2025-03-20,36,0.8932,0,06:10,06:20,4635.81104737,431.988722052,6,0,0,0.940878828347,8672.94824087
2025-03-20,39,06:30,4703.75,675.525,4899.53137004,726.917145289,0,0,0,0,671.370833333,0,0,112.5875,7138.13251865,38,2025-03-20,37,0.9281,0,06:20,06:30,4899.53137004,726.917145289,6,0,0,0.944701718279,7884.10011124
2025-03-20,40,06:40,4726.9008,952.6316,4650.08059856,1041.94624117,0,0,0,0,629.044866667,0,0,158.771933333,6439.19377791,39,2025-03-20,38,0.9231,0,06:30,06:40,4650.08059856,1041.94624117,6,0,0,0.903344294619,7138.13251865
2025-03-20,41,06:50,4819.4733,1302.5378,4751.58019542,1363.309931,0,0,0,0,586.155916667,0,0,217.089633333,5787.90942606,40,2025-03-20,39,0.902,0,06:40,06:50,4751.58019542,1363.309931,6,0,0,0.858962750197,6439.19377791
2025-03-20,42,07:00,4880.33,1693.2375,4850.17960369,1690.04740852,22.8658327674,22.8658327674,0,0,508.316250566,0,0,282.20625,5223.1135921,41,2025-03-20,40,0.8707,29.8639208859,06:50,07:00,4850.17960369,1690.04740852,6,0,22.8658327674,0.847918539372,5787.90942606
2025-03-20,43,07:10,4689.3761,2009.9231,4792.3149802,2018.96746917,462.224585172,462.224585172,0,15.6490851716,0,0,0,334.987183333,5237.19776875,42,2025-03-20,41,0.7992,535.300109017,07:00,07:10,4792.3149802,2018.96746917,6,47.0838931105,462.224585172,0.822618219631,5223.1135921
2025-03-20,44,07:20,4713.3646,2305.9149,4771.13890395,2329.49501722,406.940647789,406.940647789,0,5.699031122,0,0,0,384.31915,5242.32689676,43,2025-03-20,42,0.7957,331.749084194,07:10,07:20,4771.13890395,2329.49501722,6,386.96726398,406.940647789,0.802689796491,5237.19776875
2025-03-20,45,07:30,4827.2,2609.7375,4752.25266577,2640.68216524,351.928416756,351.928416756,0,0,17.6486665777,0,0,434.95625,5222.71726723,44,2025-03-20,43,0.8046,292.617487664,07:20,07:30,4752.25266577,2640.68216524,6,328.423859105,351.928416756,0.754870884648,5242.32689676
2025-03-20,46,07:40,4578.156,2894.0148,4543.26445298,2951.1276511,1098.68946698,1098.68946698,0,817.99926698,0,0,0,482.3358,5958.91660751,45,2025-03-20,44,0.7001,1070.8817037,07:30,07:40,4543.26445298,2951.1276511,6,236.843422498,1098.68946698,0.679176462076,5222.71726723
2025-03-20,47,07:50,5187.0368,3179.5684,5427.77723452,3260.90871776,0,0,0,0,334.578066667,0,0,529.928066667,5587.1632001,46,2025-03-20,45,0.8467,0,07:40,07:50,5427.77723452,3260.90871776,6,0,0,0.882084092943,5958.91660751
2025-03-20,48,08:00,6405.59,3476.5125,6604.2049237,3571.5122602,0,0,0,0,488.179583333,0,0,579.41875,5044.74144085,47,2025-03-20,46,1.1788,0,07:50,08:00,6604.2049237,3571.5122602,6,0,0,1.22590561606,5587.1632001
2025-03-20,49,08:10,6658.0486,3761.2255,6566.43091304,3879.97384956,0,0,0,0,482.80385,0,0,626.870916667,4508.29271862,48,2025-03-20,47,1.2356,0,08:00,08:10,6566.43091304,3879.97384956,6,0,0,1.21468485194,5044.74144085
2025-03-20,50,08:20,6606.6001,3976.3717,6371.64569412,4186.60763977,0,0,0,0,438.3714,0,0,662.728616667,4021.21338529,49,2025-03-20,48,1.1876,0,08:10,08:20,6371.64569412,4186.60763977,6,0,0,1.12336646372,4508.29271862
2025-03-20,51,08:30,6687.27,4220.325,6519.42799932,4490.90100275,0,0,0,0,411.1575,0,0,703.3875,3564.37171862,50,2025-03-20,49,1.1569,0,08:20,08:30,6519.42799932,4490.90100275,6,0,0,1.10907970186,4021.21338529
2025-03-20,52,08:40,6649.776,4653.7429,6477.35497028,4793.68315476,0,0,0,0,332.672183333,0,0,775.623816667,3194.73595936,51,2025-03-20,50,1.0869,0,08:30,08:40,6477.35497028,4793.68315476,6,0,0,1.08237025964,3564.37171862
2025-03-20,53,08:50,6705.5335,5037.5027,6524.0110682,5099.57070086,0,0,0,0,278.005133333,0,0,839.583783333,2885.84136677,52,2025-03-20,51,1.0527,0,08:40,08:50,6524.0110682,5099.57070086,6,0,0,1.07184836532,3194.73595936
2025-03-20,54,09:00,6757.81,5180.8875,6654.08357942,5410.1124759,0,0,0,0,262.820416667,0,0,863.48125,2593.81868159,53,2025-03-20,52,1.068,0,08:50,09:00,6654.08357942,5410.1124759,6,0,0,1.07839317784,2885.84136677
2025-03-20,55,09:10,6494.2004,5166.4978,6564.4264589,5688.78189417,0,0,0,0,221.283766667,0,0,861.082966667,2347.94782973,54,2025-03-20,53,1.0672,0,09:00,09:10,6564.4264589,5688.78189417,6,0,0,1.06625584489,2593.81868159
2025-03-20,56,09:20,6436.4392,5533.329,6470.22683042,5906.49101603,0,0,0,0,150.518366667,0,0,922.2215,2180.7052001,55,2025-03-20,54,1.0563,0,09:10,09:20,6470.22683042,5906.49101603,6,0,0,1.04633671262,2347.94782973
2025-03-20,57,09:30,6570.85,6107.7375,6472.89951193,6125.99484456,0,0,0,0,77.1854166667,0,0,1017.95625,2094.94362603,56,2025-03-20,55,1.0344,0,09:20,09:30,6472.89951193,6125.99484456,6,0,0,1.02572519562,2180.7052001
2025-03-20,58,09:40,6399.3635,6182.795,6480.29386382,6340.50153973,0,0,0,0,36.09475,0,0,1030.46583333,2054.83834825,57,2025-03-20,56,0.9937,0,09:30,09:40,6480.29386382,6340.50153973,6,0,0,1.00800357751,2094.94362603
2025-03-20,59,09:50,6445.9301,6198.386,6478.22106313,6552.83621616,0,0,0,0,41.25735,0,0,1033.06433333,2008.99684825,58,2025-03-20,57,0.9971,0,09:40,09:50,6478.22106313,6552.83621616,6,0,0,1.02646875706,2054.83834825
2025-03-20,60,10:00,6697.43,6426.1875,6482.74341472,6761.48609782,0,0,0,0,45.2070833333,0,0,1071.03125,1958.76675566,59,2025-03-20,58,1.0131,0,09:50,10:00,6482.74341472,6761.48609782,6,0,0,1.03781709769,2008.99684825
2025-03-20,61,10:10,6577.9956,6675.2481,6480.5859447,6859.97219165,0,0,0,16.20875,0,0,0,1112.54135,1973.35463066,60,2025-03-20,59,0.948,0,10:00,10:10,6480.5859447,6859.97219165,6,0,0,1.03173488042,1958.76675566
2025-03-20,62,10:20,6445.2772,6774.004,6475.15526645,7004.8703535,0,0,0,54.7878,0,0,0,1129.00066667,2022.66365066,61,2025-03-20,60,0.9058,0,10:10,10:20,6475.15526645,7004.8703535,6,0,0,0.990763468881,1973.35463066
2025-03-20,63,10:30,6473.61,6879.075,6433.39841717,7142.66283607,0,0,0,67.5775,0,0,0,1146.5125,2083.48340066,62,2025-03-20,61,0.9279,0,10:20,10:30,6433.39841717,7142.66283607,6,0,0,0.961834586825,2022.66365066
2025-03-20,64,10:40,6454.2353,7268.5137,6358.95669125,7278.40805228,0,0,0,135.713066667,0,0,0,1211.41895,2205.62516066,63,2025-03-20,62,0.927,0,10:30,10:40,6358.95669125,7278.40805228,6,0,0,0.989938639272,2083.48340066
2025-03-20,65,10:50,6352.336,7455.3554,6348.05948138,7432.75865485,0,0,0,183.836566667,0,0,0,1242.55923333,2371.07807066,64,2025-03-20,63,0.7628,0,10:40,10:50,6348.05948138,7432.75865485,6,0,0,0.826036557202,2205.62516066
2025-03-20,66,11:00,6279.9,7263,6427.64099352,7579.08526306,584.203759834,584.203759834,0,748.053759834,0,0,0,1210.5,3044.32645451,65,2025-03-20,64,0.544,320.247647661,10:50,11:00,6427.64099352,7579.08526306,6,593.177297742,584.203759834,0.559112396843,2371.07807066
2025-03-20,67,11:10,6362.0436,7021.6679,6484.73644186,7734.70996174,-0,-0,0,109.937383333,0,0,0,1170.27798333,3143.27009951,66,2025-03-20,65,0.5346,161.475244879,11:00,11:10,6484.73644186,7734.70996174,6,604.097436884,-0,0.573285984716,3044.32645451
2025-03-20,68,11:20,6393.8373,7052.8842,6441.59269309,7828.10909448,0,0,0,109.84115,0,0,0,1175.4807,3242.12713451,67,2025-03-20,66,0.5872,0,11:10,11:20,6441.59269309,7828.10909448,6,0,0,0.622518296105,3143.27009951
2025-03-20,69,11:30,6360.1,7317.5625,6377.10741614,7929.55314507,-0,-0,0,159.577083333,0,0,0,1219.59375,3385.74650951,68,2025-03-20,67,0.577,136.891950503,11:20,11:30,6377.10741614,7929.55314507,6,474.495495678,-0,0.587723971015,3242.12713451
2025-03-20,70,11:40,6424.0276,7505.6333,6422.9532848,8009.27279241,0,0,0,180.267616667,0,0,0,1250.93888333,3547.98736451,69,2025-03-20,68,0.5241,0,11:30,11:40,6422.9532848,8009.27279241,6,0,0,0.592838121029,3385.74650951
2025-03-20,71,11:50,6379.6216,7635.0323,6311.86080263,8081.7716632,-0,-0,0,209.235116667,0,0,0,1272.50538333,3736.29896951,70,2025-03-20,69,0.5111,148.635409637,11:40,11:50,6311.86080263,8081.7716632,6,581.629464437,-0,0.585485217113,3547.98736451
2025-03-20,72,12:00,6168.32,7818.45,6088.87992681,8157.80459715,488.512554944,488.512554944,0,763.534221611,0,0,0,1303.075,4423.47976896,71,2025-03-20,70,0.5158,267.912499426,11:50,12:00,6088.87992681,8157.80459715,6,550.310630112,488.512554944,0.527681320968,3736.29896951
2025-03-20,73,12:10,5958.8116,8082.9395,6061.1644307,7834.837784,537.721107782,479.312016667,58.4090911157,833.333333333,0,0,0,1347.15658333,5173.47976896,72,2025-03-20,71,0.4519,277.95597112,12:00,12:10,6061.1644307,7834.837784,12,577.535942978,537.721107782,0.515942497137,4423.47976896
2025-03-20,74,12:20,5855.2299,8090.5707,6108.14524099,7800.04645881,551.349797029,460.776533333,90.5732636959,833.333333333,0,0,0,1348.42845,5923.47976896,73,2025-03-20,72,0.4435,285.992452621,12:10,12:20,6108.14524099,7800.04645881,12,596.043199965,551.349797029,0.530212109081,5173.47976896
2025-03-20,75,12:30,5883.66,7709.3625,6083.97338187,7765.46777497,553.084267816,529.049583333,24.0346844825,833.333333333,0,0,0,1284.89375,6673.47976896,74,2025-03-20,73,0.4915,325.720024929,12:20,12:30,6083.97338187,7765.46777497,12,603.954096433,553.084267816,0.493674165818,5923.47976896
2025-03-20,76,12:40,6006.2794,7205.256,6051.44738428,7733.21386202,553.038920378,553.038920378,0,752.868353711,0,0,0,1200.876,7351.0612873,75,2025-03-20,74,0.4972,337.15958121,12:30,12:40,6051.44738428,7733.21386202,12,623.639545826,553.038920378,0.462552562222,6673.47976896
2025-03-20,77,12:50,6168.3548,7206.9442,6086.0319981,7701.00738293,564.170769194,564.170769194,0,737.269002528,0,0,0,1201.15736667,8014.60338957,76,2025-03-20,75,0.6604,558.867563964,12:40,12:50,6086.0319981,7701.00738293,12,0,564.170769194,0.647698853186,7351.0612873
2025-03-20,78,13:00,6351.38,7525.8,6234.47243931,7667.89787505,0,0,0,195.736666667,0,0,0,1254.3,8190.76638957,77,2025-03-20,76,0.9001,0,12:50,13:00,6234.47243931,7667.89787505,12,0,0,0.945985867583,8014.60338957
2025-03-20,79,13:10,6510.6216,7339.075,6364.205585,7534.76852403,0,0,0,138.075566667,0,0,0,1223.17916667,8315.03439957,78,2025-03-20,77,0.9125,0,13:00,13:10,6364.205585,7534.76852403,12,0,0,0.944274412421,8190.76638957
2025-03-20,80,13:20,6358.8315,6900.6338,6360.25783764,7409.7150652,0,0,0,90.3003833333,0,0,0,1150.10563333,8396.30474457,79,2025-03-20,78,0.919,0,13:10,13:20,6360.25783764,7409.7150652,12,0,0,0.913964315936,8315.03439957
2025-03-20,81,13:30,6039.3,6610.0125,6305.69717175,7284.89514401,0,0,0,95.11875,0,0,0,1101.66875,8481.91161957,80,2025-03-20,79,0.9817,0,13:20,13:30,6305.69717175,7284.89514401,12,0,0,0.952512760136,8396.30474457
2025-03-20,82,13:40,6028.9848,6642.1795,6376.76961827,7167.42470959,0,0,0,102.199116667,0,0,0,1107.02991667,8573.89082457,81,2025-03-20,80,0.9361,0,13:30,13:40,6376.76961827,7167.42470959,12,0,0,0.95298484027,8481.91161957
2025-03-20,83,13:50,6177.7813,6806.5377,6332.42073773,7047.31327689,0,0,0,104.792733333,0,0,0,1134.42295,8668.20428457,82,2025-03-20,81,0.8829,0,13:40,13:50,6332.42073773,7047.31327689,12,0,0,0.943197544341,8573.89082457
2025-03-20,84,14:00,6280.02,6799.95,6205.05959286,6917.27644055,0,0,0,86.655,0,0,0,1133.325,8746.19378457,83,2025-03-20,82,0.8924,0,13:50,14:00,6205.05959286,6917.27644055,12,0,0,0.945930616407,8668.20428457
2025-03-20,85,14:10,6283.4823,6453.6137,6276.31703387,6636.97375932,0,0,0,28.3552333333,0,0,0,1075.60228333,8771.71349457,84,2025-03-20,83,0.9351,0,14:00,14:10,6276.31703387,6636.97375932,12,0,0,0.966771984719,8746.19378457
2025-03-20,86,14:20,6314.912,6203.5886,6287.98520144,6363.69390679,0,0,0,0,18.5539,0,0,1033.93143333,8751.09805013,85,2025-03-20,84,0.9817,0,14:10,14:20,6287.98520144,6363.69390679,12,0,0,0.967753743206,8771.71349457
2025-03-20,87,14:30,6352.79,6115.6875,6224.01052126,6081.13868225,0,0,0,0,39.5170833333,0,0,1019.28125,8707.19017976,86,2025-03-20,85,1.0267,0,14:20,14:30,6224.01052126,6081.13868225,12,0,0,0.981334439408,8751.09805013
2025-03-20,88,14:40,6259.4213,5837.6616,6311.58694289,5803.19819089,0,0,0,0,70.2932833333,0,0,972.9436,8629.08653161,87,2025-03-20,86,1.0547,0,14:30,14:40,6311.58694289,5803.19819089,12,0,0,1.04914982769,8707.19017976
2025-03-20,89,14:50,6190.1146,5431.9635,6365.83104611,5523.24015254,0,0,0,0,126.358516667,0,0,905.32725,8488.68817976,88,2025-03-20,87,0.9267,0,14:40,14:50,6365.83104611,5523.24015254,12,0,0,0.932225701574,8629.08653161
2025-03-20,90,15:00,6156.64,5072.775,6308.50325679,5244.16811943,1010.72252289,1010.72252289,0,830.078356228,0,0,0,845.4625,9235.75870036,89,2025-03-20,88,0.7137,1166.65373778,14:50,15:00,6308.50325679,5244.16811943,12,862.442014558,1010.72252289,0.696401641362,8488.68817976
2025-03-20,91,15:10,6039.3659,4855.4545,6241.12036304,4953.77550675,913.374243827,913.374243827,1.13686837722e-13,716.055677161,0,0,0,809.242416667,9880.20880981,90,2025-03-20,89,0.6525,867.038039598,15:00,15:10,6241.12036304,4953.77550675,12,264.62387968,913.374243827,0.707470573404,9235.75870036
2025-03-20,92,15:20,6054.6789,4561.8383,6201.21042458,4634.64350695,261.094486272,261.094486272,0,12.2877196055,0,0,0,760.306383333,9891.26775745,91,2025-03-20,90,0.6799,220.298405431,15:10,15:20,6201.21042458,4634.64350695,12,300.78621828,261.094486272,0.765452347432,9880.20880981
2025-03-20,93,15:30,6187.68,4146.825,6211.4617717,4306.37031249,317.515243201,317.515243201,0,0,22.6272567985,0,0,691.1375,9866.12636101,92,2025-03-20,91,0.7301,274.656664233,15:20,15:30,6211.4617717,4306.37031249,12,351.935309814,317.515243201,0.766982724374,9891.26775745
2025-03-20,94,15:40,6195.3721,3778.6785,6269.66567703,3982.36829859,381.216229739,381.216229739,0,0,21.566036928,0,0,629.77975,9842.16409776,93,2025-03-20,92,0.805,351.099068922,15:30,15:40,6269.66567703,3982.36829859,12,407.921377356,381.216229739,0.822350697722,9866.12636101
2025-03-20,95,15:50,6186.1376,3471.4229,6221.54644646,3659.44205868,427.017397963,427.017397963,0,0,25.4350520367,0,0,578.570483333,9813.90292883,94,2025-03-20,93,0.8788,420.413130988,15:40,15:50,6221.54644646,3659.44205868,12,445.48993113,427.017397963,0.819355235153,9842.16409776
2025-03-20,96,16:00,6200.17,3156.225,6054.02665708,3336.09486202,452.98863251,452.98863251,0,0,54.3355341564,0,0,526.0375,9753.5301131,95,2025-03-20,94,0.9089,455.197275102,15:50,16:00,6054.02665708,3336.09486202,12,463.563959903,452.98863251,0.787210427263,9813.90292883
2025-03-20,97,16:10,6153.3743,2779.805,6163.07462654,2978.24253187,530.805349112,530.805349112,0,0,31.4562008881,0,0,463.300833333,9718.57877878,96,2025-03-20,95,0.8767,518.710410952,16:00,16:10,6163.07462654,2978.24253187,12,570.755912302,530.805349112,0.828044761374,9753.5301131
2025-03-20,98,16:20,6101.7592,2507.3559,6209.020044,2657.22640722,555.438297688,555.438297688,0,0,43.6289189782,0,0,417.89265,9670.10220214,97,2025-03-20,96,0.8888,524.642825618,16:10,16:20,6209.020044,2657.22640722,12,625.126116392,555.438297688,0.878473699698,9718.57877878
2025-03-20,99,16:30,6118.95,2334.4125,6196.89504593,2334.10098416,612.61605254,612.61605254,0,0,18.1401974601,0,0,389.06875,9649.94642718,98,2025-03-20,97,0.9441,606.335297268,16:20,16:30,6196.89504593,2334.10098416,12,671.856561099,612.61605254,0.919014803331,9670.10220214
2025-03-20,100,16:40,6209.4949,2077.0816,6182.18995977,2017.26940373,665.340907674,665.340907674,0,0,23.3946423258,0,0,346.180266667,9623.95238015,99,2025-03-20,98,0.946,651.58586231,16:30,16:40,6182.18995977,2017.26940373,12,712.219054925,665.340907674,0.968461114638,9649.94642718
2025-03-20,101,16:50,6190.199,1733.8533,6194.36930224,1703.5271516,720.575099576,720.575099576,0,0,22.1491837576,0,0,288.97555,9599.34217598,100,2025-03-20,99,0.9677,713.53336747,16:40,16:50,6194.36930224,1703.5271516,12,754.124430176,720.575099576,0.982754487428,9623.95238015
2025-03-20,102,17:00,6102.19,1377.7125,6223.18449703,1390.23255809,778.29772928,778.29772928,0,0,9.11518738696,0,0,229.61875,9589.21418999,101,2025-03-20,100,1.0139,799.289792655,16:50,17:00,6223.18449703,1390.23255809,12,798.366227038,778.29772928,0.99457746586,9599.34217598
2025-03-20,103,17:10,6143.2969,1083.9022,6185.20212685,1097.1248916,837.839201797,837.839201797,0,0,5.39324820332,0,0,180.650366667,9583.22169199,102,2025-03-20,101,1.0152,856.5434361,17:00,17:10,6185.20212685,1097.1248916,12,849.598615579,837.839201797,1.0413131137,9589.21418999
2025-03-20,104,17:20,6075.0134,831.8823,6110.36296679,842.606481941,870.11317444,870.11317444,0,0,3.74200889381,0,0,138.64705,9579.06390433,103,2025-03-20,102,1.0487,916.815691854,17:10,17:20,6110.36296679,842.606481941,12,878.367214335,870.11317444,1.07004448414,9583.22169199
2025-03-20,105,17:30,6025.68,597.3375,6179.44991768,596.231226607,924.95190704,924.95190704,0,20.2281570395,0,0,0,99.55625,9597.26924566,104,2025-03-20,103,1.0879,1008.77538313,17:20,17:30,6179.44991768,596.231226607,12,929.585059826,924.95190704,1.05420222155,9579.06390433
2025-03-20,106,17:40,6213.4416,374.8971,6358.62249959,356.715398692,996.938357444,996.938357444,0,23.8476074436,0,0,0,62.48285,9618.73209236,105,2025-03-20,104,1.0391,1036.39946037,17:30,17:40,6358.62249959,356.715398692,12,997.863798984,996.938357444,1.07092440935,9597.26924566
2025-03-20,107,17:50,5394.1467,156.1276,5675.48391278,138.377366183,921.363852053,921.363852053,0,48.3606687201,0,0,0,26.0212666667,9662.25669421,106,2025-03-20,105,1.0932,1008.28477094,17:40,17:50,5675.48391278,138.377366183,12,919.443237574,921.363852053,1.1336441445,9618.73209236
2025-03-20,108,18:00,4094.12,0,4417.25086248,0,736.715152017,736.715152017,0,54.3618186842,0,0,0,0,9711.18233103,107,2025-03-20,106,1.2488,922.601740527,17:50,18:00,4417.25086248,0,12,732.564193197,736.715152017,1.24083827214,9662.25669421
2025-03-20,109,18:10,4187.9837,0,4229.22952835,0.15997297512,707.756592137,707.756592137,0,9.75930880415,0,0,0,0,9719.96570895,108,2025-03-20,107,1.2993,922.178908312,18:00,18:10,4229.22952835,0.15997297512,18,703.768647632,707.756592137,1.27274277033,9711.18233103
2025-03-20,110,18:20,4441.4267,5.5774,4398.3847284,0.15997297512,736.065582503,736.065582503,0,0,3.24263416345,0,0,0.929566666667,9716.3627821,109,2025-03-20,108,1.2761,941.939569732,18:10,18:20,4398.3847284,0.15997297512,18,731.918133401,736.065582503,1.27229576808,9719.96570895
2025-03-20,111,18:30,4255.45,0,4372.55894356,0,731.770167106,731.770167106,0,22.5285004392,0,0,0,0,9736.6384325,110,2025-03-20,109,1.2567,922.206316828,18:20,18:30,4372.55894356,0,18,727.647070382,731.770167106,1.27062886418,9716.3627821
2025-03-20,112,18:40,4286.5369,0,4401.52278175,0.15997297512,0,0,0,0,714.422816667,0,0,0,8942.83530287,111,2025-03-20,110,1.2773,0,18:30,18:40,4401.52278175,0.15997297512,18,0,0,1.28132387417,9736.6384325
2025-03-20,113,18:50,4470.2464,0.4004,4399.73030459,0.15997297512,0,0,0,0,744.974333333,0,0,0.0667333333333,8115.08604361,112,2025-03-20,111,1.2813,0,18:40,18:50,4399.73030459,0.15997297512,18,0,0,1.2844569279,8942.83530287
2025-03-20,114,19:00,4579.24,0,4367.57429013,0,0,0,0,0,763.206666667,0,0,0,7267.0786362,113,2025-03-20,112,1.2693,0,18:50,19:00,4367.57429013,0,18,0,0,1.28004718342,8115.08604361
2025-03-20,115,19:10,4480.3082,0,4363.51677618,0.000772222222222,0,0,0,0,746.718033333,0,0,0,6437.3919325,114,2025-03-20,113,1.2899,0,19:00,19:10,4363.51677618,0.000772222222222,18,0,0,1.27948118601,7267.0786362
2025-03-20,116,19:20,4285.5618,0.0288,4354.42258153,0.000772222222222,0,0,0,0,714.2555,0,0,0.0048,5643.77471028,115,2025-03-20,114,1.2669,0,19:10,19:20,4354.42258153,0.000772222222222,18,0,0,1.27931385773,6437.3919325
2025-03-20,117,19:30,4196.78,0,4410.43310162,0,0,0,0,0,699.463333333,0,0,0,4866.59322879,116,2025-03-20,115,1.2323,0,19:20,19:30,4410.43310162,0,18,0,0,1.27887604347,5643.77471028
2025-03-20,118,19:40,4330.8684,0,4528.41186242,0.000772222222222,0,0,0,0,721.8114,0,0,0,4064.58056213,117,2025-03-20,116,1.2902,0,19:30,19:40,4528.41186242,0.000772222222222,18,0,0,1.28411061144,4866.59322879
2025-03-20,119,19:50,4370.9481,0.0021,4521.62098681,0.000772222222222,0,0,0,0,728.491,0,0,0.00035,3255.14611768,118,2025-03-20,117,1.2824,0,19:40,19:50,4521.62098681,0.000772222222222,18,0,0,1.28398726414,4064.58056213
2025-03-20,120,20:00,4358.21,0,4382.33854769,0,733.406834019,733.406834019,0,7.03850068577,0,0,0,0,3261.4807683,119,2025-03-20,118,1.2233,1209.70233805,19:50,20:00,4382.33854769,0,18,222.451617813,733.406834019,1.2756126941,3255.14611768
2025-03-20,121,20:10,4586.0191,0,4440.93425338,0,743.213125917,743.213125917,0,0,21.1233907499,0,0,0,3238.01033413,120,2025-03-20,119,1.2789,953.173009076,20:00,20:10,4440.93425338,0,18,739.025554815,743.213125917,1.2670722055,3261.4807683
2025-03-20,122,20:20,4523.6629,0,4441.39994812,0,743.29106232,743.29106232,0,0,10.6527543462,0,0,0,3226.17394042,121,2025-03-20,120,1.2779,952.527577674,20:10,20:20,4441.39994812,0,18,739.103052093,743.29106232,1.24812919933,3238.01033413
2025-03-20,123,20:30,4215.37,0,4313.26588103,0,32.6090971919,32.6090971919,0,0,669.952569475,0,0,0,2481.78219655,122,2025-03-20,121,1.2388,60.594224402,20:20,20:30,4313.26588103,0,18,0,32.6090971919,1.27876441708,3226.17394042
2025-03-20,124,20:40,4256.2469,0,4396.65333433,0,0,0,0,0,709.374483333,0,0,0,1693.58832618,123,2025-03-20,122,1.3228,0,20:30,20:40,4396.65333433,0,18,0,0,1.30489214482,2481.78219655
2025-03-20,125,20:50,4319.0159,0,4507.46818249,0,754.347920222,754.347920222,0,34.511936889,0,0,0,0,1724.64906938,124,2025-03-20,123,1.1769,890.29316173,20:40,20:50,4507.46818249,0,18,750.09761107,754.347920222,1.158366236,1693.58832618
2025-03-20,126,21:00,4257.25,0,4524.27839999,0,757.161196344,757.161196344,0,47.6195296778,0,0,0,0,1767.50664609,125,2025-03-20,124,0.8862,672.886587837,20:50,21:00,4524.27839999,0,18,752.895036027,757.161196344,0.951926539356,1724.64906938
2025-03-20,127,21:10,4290.2681,0,4416.30902634,0,739.091967863,739.091967863,0,24.0472845298,0,0,0,0,1789.14920217,126,2025-03-20,125,0.917,679.656689366,21:00,21:10,4416.30902634,0,18,734.927617076,739.091967863,0.892811899677,1767.50664609
2025-03-20,128,21:20,4418.7036,0,4342.16483142,0,726.68355654,726.68355654,0,0,9.76704345989,0,0,0,1778.29693166,127,2025-03-20,126,0.9999,728.657901787,21:10,21:20,4342.16483142,0,18,722.58911989,726.68355654,0.894912143014,1789.14920217
2025-03-20,129,21:30,4553.6,0,4417.09249046,0,739.223084603,739.223084603,0,0,19.7102487299,0,0,0,1756.39665529,128,2025-03-20,127,0.9964,738.636929114,21:20,21:30,4417.09249046,0,18,735.05799505,739.223084603,0.919528589159,1778.29693166
2025-03-20,130,21:40,4526.2528,0,4420.09699776,0,739.72590431,739.72590431,0,0,14.6495623565,0,0,0,1740.11936379,129,2025-03-20,128,1.0003,742.032408594,21:30,21:40,4420.09699776,0,18,735.557981662,739.72590431,0.972413753171,1756.39665529
2025-03-20,131,21:50,4001.6252,0,3933.35294382,0,658.266790256,658.266790256,0,0,8.67074307696,0,0,0,1730.48520481,130,2025-03-20,129,0.7708,508.821470567,21:40,21:50,3933.35294382,0,18,654.557842053,658.266790256,0.744490603216,1740.11936379
2025-03-20,132,22:00,3318.94,0,3344.50455841,0,1392.66837921,1386.49,6.17837921265,833.333333333,0,0,0,0,2480.48520481,131,2025-03-20,130,0.419,584.10810358,21:50,22:00,3344.50455841,0,18,1389.89963129,1392.66837921,0.406490244274,1730.48520481
2025-03-20,133,22:10,3233.4088,0,3338.44265386,0,1391.65458611,1372.2348,19.4197861082,833.333333333,0,0,0,0,3230.48520481,132,2025-03-20,131,0.3484,485.333899492,22:00,22:10,3338.44265386,0,18,1388.89085653,1391.65458611,0.394427701964,2480.48520481
2025-03-20,134,22:20,3319.971,0,3448.98828472,0,576.808907501,576.808907501,0,23.4804075012,0,0,0,0,3251.61757156,133,2025-03-20,132,0.3833,221.638061906,22:10,22:20,3448.98828472,0,18,573.953662729,576.808907501,0.438924594266,3230.48520481
2025-03-20,135,22:30,3255.84,0,3411.43826639,0,1403.86237461,1375.97333333,27.8890412734,833.333333333,0,0,0,0,4001.61757156,134,2025-03-20,133,0.3903,548.478619436,22:20,22:30,3411.43826639,0,18,1401.03821562,1403.86237461,0.417642194636,3251.61757156
2025-03-20,136,22:40,3144.1326,0,3443.84560163,0,1409.28217836,1357.35543333,51.9267450225,833.333333333,0,0,0,0,4751.61757156,135,2025-03-20,134,0.4126,582.057985491,22:30,22:40,3443.84560163,0,18,1406.43119095,1409.28217836,0.426061996654,4001.61757156
2025-03-20,137,22:50,3161.8174,0,3421.75305198,0,1405.58741967,1360.3029,45.2845196682,833.333333333,0,0,0,0,5501.61757156,136,2025-03-20,135,0.4343,611.061736751,22:40,22:50,3421.75305198,0,18,1402.75472158,1405.58741967,0.431701034038,4751.61757156
2025-03-20,138,23:00,3296.4,0,3409.3606771,0,1403.51491851,1382.73333333,20.7815851769,833.333333333,0,0,0,0,6251.61757156,137,2025-03-20,136,0.4428,622.101293924,22:50,23:00,3409.3606771,0,18,1400.69247945,1403.51491851,0.4255668588,5501.61757156
2025-03-20,139,23:10,3356.4081,0,3512.80273335,0,1420.8145712,1392.73468333,28.0798878666,833.333333333,0,0,0,0,7001.61757156,138,2025-03-20,137,0.4397,625.371506929,23:00,23:10,3512.80273335,0,18,1417.90649764,1420.8145712,0.428681596825,6251.61757156
2025-03-20,140,23:20,3261.7676,0,3509.71844204,0,1418.28640701,1376.96126667,41.3251403392,833.333333333,0,0,0,0,7751.61757156,139,2025-03-20,138,0.4049,845.141742179,23:10,23:20,3509.71844204,0,18,1094.44977153,1418.28640701,0.434889328621,7001.61757156
2025-03-20,141,23:30,3267.73,0,3420.88994729,0,763.77888288,763.77888288,0,219.157216213,0,0,0,0,7948.85906615,140,2025-03-20,139,0.3814,328.396630614,23:20,23:30,3420.88994729,0,18,569.277757115,763.77888288,0.438359629517,7751.61757156
2025-03-20,142,23:40,3604.076,0,3450.12931025,0,1410.33306598,1410.33306598,0,809.653732646,0,0,0,0,8677.54742554,141,2025-03-20,140,0.4248,599.71614105,23:30,23:40,3450.12931025,0,18,1407.47687661,1410.33306598,0.424462485281,7948.85906615
2025-03-20,143,23:50,3245.8691,0,3076.87132908,0,1347.90938965,1347.90938965,0,806.931206321,0,0,0,0,9403.78551123,142,2025-03-20,141,0.3795,512.014942253,23:40,23:50,3076.87132908,0,18,1345.36220188,1347.90938965,0.393750624264,8677.54742554
2025-03-20,144,00:00+1,2401,0,2580.61754329,0,1264.91589116,1233.5,31.4158911574,833.333333333,0,0,0,0,10153.7855112,143,2025-03-20,142,0.2794,353.715950054,23:50,00:00+1,2580.61754329,0,18,1262.77952706,1264.91589116,0.365250063716,9403.78551123
2025-03-21,1,00:10,2359.4277,0,2432.35832273,0,1422.21907229,1111.25404864,310.965023656,718.016098639,0,0,0,0,10800,0,2025-03-20,143,0.3172,471.803634692,00:00,00:10,3533.31443377,0,0,1422.21907229,1422.21907229,0.319438526046,10153.7855112
2025-03-21,2,00:20,2565.8193,0,2469.84853948,0,411.641423247,411.641423247,0,0,15.9951267528,0,0,0,10782.2276369,1,2025-03-21,0,0.3548,146.050376968,00:10,00:20,2469.84853948,0,0,411.641423247,411.641423247,0.328770379152,10800
2025-03-21,3,00:30,2575.28,0,2425.52661869,0,404.254436448,404.254436448,0,0,24.9588968852,0,0,0,10754.4955293,2,2025-03-21,1,0.3402,137.52735928,00:20,00:30,2425.52661869,0,0,404.254436448,404.254436448,0.329421426341,10782.2276369
2025-03-21,4,00:40,2518.1559,0,2379.92457732,0,396.65409622,396.65409622,0,0,23.0385537796,0,0,0,10728.8971362,3,2025-03-21,2,0.3566,141.446850712,00:30,00:40,2379.92457732,0,0,396.65409622,396.65409622,0.322687445515,10754.4955293
2025-03-21,5,00:50,2469.2345,0,2424.45496351,0,404.075827251,404.075827251,0,0,7.46325608239,0,0,0,10720.6046294,4,2025-03-21,3,0.3495,141.224501624,00:40,00:50,2424.45496351,0,0,404.075827251,404.075827251,0.31863309345,10728.8971362
2025-03-21,6,01:00,2452.15,0,2560.91587726,0,426.819312877,426.819312877,0,18.1276462107,0,0,0,0,10736.919511,5,2025-03-21,4,0.3096,132.143259267,00:50,01:00,2560.91587726,0,0,426.819312877,426.819312877,0.32542371928,10720.6046294
2025-03-21,7,01:10,2467.8812,0,2472.00395894,0,412.000659823,412.000659823,0,0.687126490058,0,0,0,0,10737.5379249,6,2025-03-21,5,0.2969,122.322995902,01:00,01:10,2472.00395894,0,0,412.000659823,412.000659823,0.332536177836,10736.919511
2025-03-21,8,01:20,2545.8704,0,2416.59008957,0,402.765014929,402.765014929,0,0,21.5467184047,0,0,0,10713.5971266,7,2025-03-21,6,0.319,128.482039762,01:10,01:20,2416.59008957,0,0,402.765014929,402.765014929,0.316539193346,10737.5379249
2025-03-21,9,01:30,2630.1,0,2416.19346015,0,402.698910025,402.698910025,0,0,35.651089975,0,0,0,10673.9848045,8,2025-03-21,7,0.3348,134.823595076,01:20,01:30,2416.19346015,0,0,402.698910025,402.698910025,0.303440005175,10713.5971266
2025-03-21,10,01:40,2613.006,0,2508.86714565,0,418.144524276,418.144524276,0,0,17.3564757243,0,0,0,10654.6998314,9,2025-03-21,8,0.2987,124.899769401,01:30,01:40,2508.86714565,0,0,418.144524276,418.144524276,0.325828456245,10673.9848045
2025-03-21,11,01:50,2552.2316,0,2601.25835211,0,0,0,0,0,425.371933333,0,0,0,10182.0643499,10,2025-03-21,9,0.2831,0,01:40,01:50,2601.25835211,0,0,0,0,0.347239171772,10654.6998314
2025-03-21,12,02:00,2541.69,0,2664.65704352,0,0,0,0,0,423.615,0,0,0,9711.38101661,11,2025-03-21,10,0.3196,0,01:50,02:00,2664.65704352,0,0,0,0,0.350089762208,10182.0643499
2025-03-21,13,02:10,2619.4506,0,2621.81043626,0,0,0,0,0,436.5751,0,0,0,9226.29757217,12,2025-03-21,11,0.3679,0,02:00,02:10,2621.81043626,0,0,0,0,0.34212267169,9711.38101661
2025-03-21,14,02:20,2634.2617,0,2461.19067208,0,410.198445347,410.198445347,0,0,28.84517132,0,0,0,9194.24738181,13,2025-03-21,12,0.3883,159.280056328,02:10,02:20,2461.19067208,0,0,410.198445347,410.198445347,0.318167706149,9226.29757217
2025-03-21,15,02:30,2611.53,0,2378.21923917,0,396.369873195,396.369873195,0,0,38.8851268047,0,0,0,9151.04168536,14,2025-03-21,13,0.3775,149.629627131,02:20,02:30,2378.21923917,0,0,396.369873195,396.369873195,0.296671098929,9194.24738181
2025-03-21,16,02:40,2720.1249,0,2435.84952199,0,405.974920332,405.974920332,0,0,47.3792296675,0,0,0,9098.39809684,15,2025-03-21,14,0.3651,148.221443413,02:30,02:40,2435.84952199,0,0,405.974920332,405.974920332,0.298647143953,9151.04168536
2025-03-21,17,02:50,2811.4736,0,2569.40617459,0,428.234362431,428.234362431,0,0,40.3445709024,0,0,0,9053.57079584,16,2025-03-21,15,0.3651,156.348365724,02:40,02:50,2569.40617459,0,0,428.234362431,428.234362431,0.32994347183,9098.39809684
2025-03-21,18,03:00,2755.16,0,2647.15386366,0,0,0,0,0,459.193333333,0,0,0,8543.35598102,17,2025-03-21,16,0.3531,0,02:50,03:00,2647.15386366,0,0,0,0,0.374411285037,9053.57079584
2025-03-21,19,03:10,2585.9171,0,2673.77460409,0,0,0,0,0,430.986183333,0,0,0,8064.48244399,18,2025-03-21,17,0.3061,0,03:00,03:10,2673.77460409,0,0,0,0,0.362010522901,8543.35598102
2025-03-21,20,03:20,2583.1026,0,2656.7599662,0,216.251948702,216.251948702,0,0,214.265151298,0,0,0,7826.41005366,19,2025-03-21,18,0.3341,72.2497760612,03:10,03:20,2656.7599662,0,0,216.251948702,216.251948702,0.339862585821,8064.48244399
2025-03-21,21,03:30,2720.82,0,2544.49760048,0,424.082933413,424.082933413,0,0,29.3870665868,0,0,0,7793.75775745,20,2025-03-21,19,0.3952,167.597575285,03:20,03:30,2544.49760048,0,0,424.082933413,424.082933413,0.33763493568,7826.41005366
2025-03-21,22,03:40,2717.5963,0,2503.20475563,0,417.200792605,417.200792605,0,0,35.731924062,0,0,0,7754.0556196,21,2025-03-21,20,0.3411,142.307190357,03:30,03:40,2503.20475563,0,0,417.200792605,417.200792605,0.328102047388,7793.75775745
2025-03-21,23,03:50,2719.3215,0,2570.04538078,0,428.340896796,428.340896796,0,0,24.8793532041,0,0,0,7726.41189382,22,2025-03-21,21,0.3314,141.952173198,03:40,03:50,2570.04538078,0,0,428.340896796,428.340896796,0.329429781703,7754.0556196
2025-03-21,24,04:00,2719.41,0,2657.91645648,0,442.986076081,442.986076081,0,0,10.2489239194,0,0,0,7715.02420058,23,2025-03-21,22,0.3858,170.904028152,03:50,04:00,2657.91645648,0,0,442.986076081,442.986076081,0.337234554343,7726.41189382
2025-03-21,25,04:10,2572.9256,0.0023,2679.22104085,0.000785021097046,0,0,0,0,428.82055,0,0,0.000383333333333,7238.5569228,24,2025-03-21,23,0.3601,0,04:00,04:10,2679.22104085,0.000785021097046,0,0,0,0.361925092847,7715.02420058
2025-03-21,26,04:20,2612.286,0,2656.98209283,0.000785021097046,0,0,0,0,435.381,0,0,0,6754.80025613,25,2025-03-21,24,0.3237,0,04:10,04:20,2656.98209283,0.000785021097046,0,0,0,0.353549384993,7238.5569228
2025-03-21,27,04:30,2778.68,0,2596.38638628,0,432.731064379,432.731064379,0,0,30.382268954,0,0,0,6721.04217952,26,2025-03-21,25,0.3382,146.349645973,04:20,04:30,2596.38638628,0,0,432.731064379,432.731064379,0.330187791783,6754.80025613
2025-03-21,28,04:40,2677.0324,0.0318,2698.89611397,0.000785021097046,449.815888158,449.815888158,0,3.64912149178,0,0,0,0.0053,6724.32638886,27,2025-03-21,26,0.3813,171.514798155,04:30,04:40,2698.89611397,0.000785021097046,0,449.815888158,449.815888158,0.3231771295,6721.04217952
2025-03-21,29,04:50,2605.978,0,2747.06685427,0.000785021097046,0,0,0,0,434.329666667,0,0,0,6241.73787034,28,2025-03-21,27,0.357,0,04:40,04:50,2747.06685427,0.000785021097046,0,0,0,0.353217476732,6724.32638886
2025-03-21,30,05:00,2700.26,0,2672.7458913,0,0,0,0,0,450.043333333,0,0,0,5741.68972219,29,2025-03-21,28,0.299,0,04:50,05:00,2672.7458913,0,0,0,0,0.371538677883,6241.73787034
2025-03-21,31,05:10,2777.9368,0.4426,2615.43763837,0.161790274841,0,0,0,0,462.9157,0,0,0.0737666666667,5227.33894441,30,2025-03-21,29,0.3359,0,05:00,05:10,2615.43763837,0.161790274841,0,0,0,0.340679546217,5741.68972219
2025-03-21,32,05:20,2766.8966,0,2609.36835529,0.161790274841,434.867760837,434.867760837,0,0,26.2816724967,0,0,0,5198.13708608,31,2025-03-21,30,0.3867,168.163363116,05:10,05:20,2609.36835529,0.161790274841,0,434.867760837,434.867760837,0.320465586118,5227.33894441
2025-03-21,33,05:30,2733.67,0,2602.62644973,0,433.771074956,433.771074956,0,0,21.8405917111,0,0,0,5173.86976196,32,2025-03-21,31,0.359,155.723815909,05:20,05:30,2602.62644973,0,0,433.771074956,433.771074956,0.311087933667,5198.13708608
2025-03-21,34,05:40,2794.526,6.1653,2566.0686413,0.161790274841,427.651141838,427.651141838,0,0,37.0756414952,0,0,1.02755,5132.67460474,33,2025-03-21,32,0.2788,119.229138344,05:30,05:40,2566.0686413,0.161790274841,0,427.651141838,427.651141838,0.32808342023,5173.86976196
2025-03-21,35,05:50,2839.1231,0,2681.6884919,0.161790274841,0,0,0,0,473.187183333,0,0,0,4606.91106771,34,2025-03-21,33,0.4535,0,05:40,05:50,2681.6884919,0.161790274841,0,0,0,0.509703783717,5132.67460474
2025-03-21,36,06:00,2792.61,0,2803.61841679,0,0,0,0,0,465.435,0,0,0,4089.76106771,35,2025-03-21,34,0.7742,0,05:50,06:00,2803.61841679,0,0,0,0,0.784839748266,4606.91106771
2025-03-21,37,06:10,2696.9196,171.8382,2737.15277813,162.054027996,0,0,0,0,420.8469,0,0,28.6397,3622.15340104,36,2025-03-21,35,0.8068,0,06:00,06:10,2737.15277813,162.054027996,6,0,0,0.783516324593,4089.76106771
2025-03-21,38,06:20,2681.3328,409.2391,2677.30725814,412.922923203,0,0,0,0,378.682283333,0,0,68.2065166667,3201.39530845,37,2025-03-21,36,0.7532,0,06:10,06:20,2677.30725814,412.922923203,6,0,0,0.714096662551,3622.15340104
2025-03-21,39,06:30,2748.23,661.65,2698.83913404,686.980219733,0,0,0,0,347.763333333,0,0,110.275,2814.99160474,38,2025-03-21,37,0.738,0,06:20,06:30,2698.83913404,686.980219733,6,0,0,0.716849187287,3201.39530845
2025-03-21,40,06:40,2815.9656,951.9755,2656.78072904,973.12795322,280.608795969,280.608795969,0,0,30.0562206974,0,0,158.662583333,2781.59580397,39,2025-03-21,38,0.6845,288.115081261,06:30,06:40,2656.78072904,973.12795322,6,0,280.608795969,0.696483248931,2814.99160474
2025-03-21,41,06:50,3041.6208,1226.6013,2815.97267284,1280.82813543,255.857422902,255.857422902,0,0,46.6458270981,0,0,204.43355,2729.76710719,40,2025-03-21,39,0.6712,257.597253378,06:40,06:50,2815.97267284,1280.82813543,6,0,255.857422902,0.673429168258,2781.59580397
2025-03-21,42,07:00,3279.13,1515.15,3268.28853757,1608.47371523,276.635803723,276.635803723,0,0,17.3608629441,0,0,252.525,2710.47725948,41,2025-03-21,40,0.6935,287.770394822,06:50,07:00,3268.28853757,1608.47371523,6,0,276.635803723,0.689586791678,2729.76710719
2025-03-21,43,07:10,3206.7424,1898.9358,3319.63210449,1911.54025026,100.960629028,100.960629028,0,0,117.007137638,0,0,316.4893,2580.46932877,42,2025-03-21,41,0.6599,99.9358786437,07:00,07:10,3319.63210449,1911.54025026,6,0,100.960629028,0.712857831508,2710.47725948
2025-03-21,44,07:20,3231.8696,2260.5977,3247.20638069,2326.44421997,153.460360121,153.460360121,0,0,8.41828987918,0,0,376.766283333,2571.11567335,43,2025-03-21,42,0.6208,142.902287345,07:10,07:20,3247.20638069,2326.44421997,6,0,153.460360121,0.688523826289,2580.46932877
2025-03-21,45,07:30,3358.92,2617.2375,3181.97761574,2741.7101071,73.3779181073,73.3779181073,0,0,50.2358318927,0,0,436.20625,2515.29808236,44,2025-03-21,43,0.5691,62.6390597923,07:20,07:30,3181.97761574,2741.7101071,6,0,73.3779181073,0.619031444739,2571.11567335
2025-03-21,46,07:40,3200.0881,3103.8497,3123.97321156,3156.31963682,0,0,0,0,16.0397333333,0,0,517.308283333,2497.47615643,45,2025-03-21,44,0.4824,0,07:30,07:40,3123.97321156,3156.31963682,6,0,0,0.541101378336,2515.29808236
2025-03-21,47,07:50,3133.1293,3588.4582,3138.56965172,3571.03964548,0,0,0,75.88815,0,0,0,598.076366667,2565.77549143,46,2025-03-21,45,0.6353,0,07:40,07:50,3138.56965172,3571.03964548,6,0,0,0.671281583553,2497.47615643
2025-03-21,48,08:00,3215.5,3927.9,3196.40594869,3986.10503388,0,0,0,118.733333333,0,0,0,654.65,2672.63549143,47,2025-03-21,46,0.9037,0,07:50,08:00,3196.40594869,3986.10503388,6,0,0,0.904946825824,2565.77549143
2025-03-21,49,08:10,3147.9488,4106.8511,3133.28935797,4215.73129945,0,0,0,159.81705,0,0,0,684.475183333,2816.47083643,48,2025-03-21,47,0.8655,0,08:00,08:10,3133.28935797,4215.73129945,6,0,0,0.892437032128,2672.63549143
2025-03-21,50,08:20,3249.8115,4377.1544,3160.01629752,4483.79621589,0,0,0,187.890483333,0,0,0,729.525733333,2985.57227143,49,2025-03-21,48,0.7845,0,08:10,08:20,3160.01629752,4483.79621589,6,0,0,0.828934478353,2816.47083643
2025-03-21,51,08:30,3381.09,4742.325,3282.56525394,4752.72909959,0,0,0,226.8725,0,0,0,790.3875,3189.75752143,50,2025-03-21,49,0.7703,0,08:20,08:30,3282.56525394,4752.72909959,6,0,0,0.810841975858,2985.57227143
2025-03-21,52,08:40,3110.6884,4984.6424,3227.1819936,5024.4353801,0,0,0,312.325666667,0,0,0,830.773733333,3470.85062143,51,2025-03-21,50,0.6818,0,08:30,08:40,3227.1819936,5024.4353801,6,0,0,0.80311149931,3189.75752143
2025-03-21,53,08:50,3266.6515,5246.246,3484.88798722,5296.3577359,0,0,0,329.932416667,0,0,0,874.374333333,3767.78979643,52,2025-03-21,51,0.6884,0,08:40,08:50,3484.88798722,5296.3577359,6,0,0,0.814111380453,3470.85062143
2025-03-21,54,09:00,3743.54,5463.7125,3917.97730792,5566.18069956,0,0,0,286.695416667,0,0,0,910.61875,4025.81567143,53,2025-03-21,52,0.794,0,08:50,09:00,3917.97730792,5566.18069956,6,0,0,0.836968784367,3767.78979643
2025-03-21,55,09:10,3624.7818,5427.3138,3964.52855431,5829.25508482,0,0,0,300.422,0,0,0,904.5523,4296.19547143,54,2025-03-21,53,0.813,0,09:00,09:10,3964.52855431,5829.25508482,6,0,0,0.806593870137,4025.81567143
2025-03-21,56,09:20,3715.4945,5520.1117,3845.63320109,6032.83079357,0,0,0,300.769533333,0,0,0,920.018616667,4566.88805143,55,2025-03-21,54,0.7837,0,09:10,09:20,3845.63320109,6032.83079357,6,0,0,0.774395246276,4296.19547143
2025-03-21,57,09:30,4034.39,5868.9,3787.00946336,6241.88029381,0,0,0,305.751666667,0,0,0,978.15,4842.06455143,56,2025-03-21,55,0.7427,0,09:20,09:30,3787.00946336,6241.88029381,6,0,0,0.741271655733,4566.88805143
2025-03-21,58,09:40,3748.4692,6229.5057,3756.03333565,6437.11925853,0,0,0,413.506083333,0,0,0,1038.25095,5214.22002643,57,2025-03-21,56,0.6811,0,09:30,09:40,3756.03333565,6437.11925853,6,0,0,0.723960723487,4842.06455143
2025-03-21,59,09:50,3509.4392,6507.141,3664.03924234,6635.22738272,0,0,0,499.616966667,0,0,0,1084.5235,5663.87529643,58,2025-03-21,57,0.6473,0,09:40,09:50,3664.03924234,6635.22738272,6,0,0,0.715907225014,5214.22002643
2025-03-21,60,10:00,3650.03,6699.975,3608.56470396,6833.1560333,0,0,0,508.324166667,0,0,0,1116.6625,6121.36704643,59,2025-03-21,58,0.6482,0,09:50,10:00,3608.56470396,6833.1560333,6,0,0,0.699939101643,5663.87529643
2025-03-21,61,10:10,3833.0174,6866.1957,3777.31478246,6990.06475375,0,0,0,505.529716667,0,0,0,1144.36595,6576.34379143,60,2025-03-21,59,0.6397,0,10:00,10:10,3777.31478246,6990.06475375,6,0,0,0.675580574549,6121.36704643
2025-03-21,62,10:20,3863.5355,7096.4314,3848.61623358,7186.33712365,0,0,0,538.815983333,0,0,0,1182.73856667,7061.27817643,61,2025-03-21,60,0.606,0,10:10,10:20,3848.61623358,7186.33712365,6,0,0,0.644420706547,6576.34379143
2025-03-21,63,10:30,3759.9,7418.025,3758.64562929,7379.09746953,0,0,0,609.6875,0,0,0,1236.3375,7609.99692643,62,2025-03-21,61,0.589,0,10:20,10:30,3758.64562929,7379.09746953,6,0,0,0.643789401921,7061.27817643
2025-03-21,64,10:40,3703.6641,7773.0483,3753.99383412,7584.41793314,0,0,0,678.2307,0,0,0,1295.50805,8220.40455643,63,2025-03-21,62,0.6157,0,10:30,10:40,3753.99383412,7584.41793314,6,0,0,0.67951012235,7609.99692643
2025-03-21,65,10:50,3835.8185,8046.8652,3681.62024624,7790.46570835,0,0,0,701.841116667,0,0,0,1341.1442,8852.06156143,64,2025-03-21,63,0.4675,0,10:40,10:50,3681.62024624,7790.46570835,6,0,0,0.505760231149,8220.40455643
2025-03-21,66,11:00,3965.11,8135.175,3605.02452844,7968.22480468,0,0,0,695.010833333,0,0,0,1355.8625,9477.57131143,65,2025-03-21,64,0.227,0,10:50,11:00,3605.02452844,7968.22480468,6,0,0,0.290222525117,8852.06156143
2025-03-21,67,11:10,3774.8146,8070.6472,3742.24630537,8083.08134714,0,0,0,715.9721,0,0,0,1345.10786667,10121.9462014,66,2025-03-21,65,0.208,0,11:00,11:10,3742.24630537,8083.08134714,6,0,0,0.28276080523,9477.57131143
2025-03-21,68,11:20,3704.2487,8308.2366,3791.71666303,8165.76237372,0,0,0,753.393109523,0,0,13.9382071438,1370.76789286,10800,67,2025-03-21,66,0.208,0,11:10,11:20,3791.71666303,8165.76237372,6,0,0,0.294155793015,10121.9462014
2025-03-21,69,11:30,3861.49,8710.725,3683.28265612,8265.17200921,0,0,0,0,0,0,808.205833333,643.581666667,10800,68,2025-03-21,67,0.1656,0,11:20,11:30,3683.28265612,8265.17200921,6,0,0,0.265188887927,10800
2025-03-21,70,11:40,3906.7627,8710.8243,3663.17644186,8339.93322871,0,0,0,0,0,0,800.676933333,651.127116667,10800,69,2025-03-21,68,0.2205,0,11:30,11:40,3663.17644186,8339.93322871,6,0,0,0.253241475019,10800
2025-03-21,71,11:50,3809.3095,8778.2381,3681.92483711,8403.57499538,0,0,0,0,0,0,828.154766667,634.884916667,10800,70,2025-03-21,69,0.2295,0,11:40,11:50,3681.92483711,8403.57499538,6,0,0,0.258585538022,10800
2025-03-21,72,12:00,3743.31,8906.5125,3656.04636478,8472.53496316,0,0,0,0,0,0,860.53375,623.885,10800,71,2025-03-21,70,0.1806,0,11:50,12:00,3656.04636478,8472.53496316,6,0,0,0.272919007912,10800
2025-03-21,73,12:10,3855.7024,8617.1882,3654.09315466,8818.25634958,0,0,0,0,0,0,793.580966667,642.617066667,10800,72,2025-03-21,71,0.2057,0,12:00,12:10,3654.09315466,8818.25634958,12,0,0,0.290108862559,10800
2025-03-21,74,12:20,3726.8411,8483.5218,3698.49736558,8659.51566038,0,0,0,0,0,0,792.780116667,621.140183333,10800,73,2025-03-21,72,0.1996,0,12:10,12:20,3698.49736558,8659.51566038,12,0,0,0.29030350721,10800
2025-03-21,75,12:30,3478.64,8609.475,3721.03789929,8502.06898276,0,0,0,0,0,0,855.139166667,579.773333333,10800,74,2025-03-21,73,0.1365,0,12:20,12:30,3721.03789929,8502.06898276,12,0,0,0.267961006249,10800
2025-03-21,76,12:40,3661.1832,8502.4022,3630.58838381,8346.0730762,0,0,0,0,0,0,806.869833333,610.1972,10800,75,2025-03-21,74,0.1352,0,12:30,12:40,3630.58838381,8346.0730762,12,0,0,0.253517229165,10800
2025-03-21,77,12:50,3820.4558,8241.9993,3529.98489859,8189.48627138,0,0,0,0,0,0,736.923916667,636.742633333,10800,76,2025-03-21,75,0.3171,0,12:40,12:50,3529.98489859,8189.48627138,12,0,0,0.362994784212,10800
2025-03-21,78,13:00,3730.77,7995.75,3492.21759963,8031.43570696,0,0,0,0,0,0,710.83,621.795,10800,77,2025-03-21,76,0.5654,0,12:50,13:00,3492.21759963,8031.43570696,12,0,0,0.607211028421,10800
2025-03-21,79,13:10,3616.594,7840.3695,3571.7313953,7829.11941222,0,0,0,0,0,0,703.962583333,602.765666667,10800,78,2025-03-21,77,0.6184,0,13:00,13:10,3571.7313953,7829.11941222,12,0,0,0.629484584827,10800
2025-03-21,80,13:20,3552.0978,7743.4814,3610.41484176,7695.59675294,0,0,0,0,0,0,698.563933333,592.0163,10800,79,2025-03-21,78,0.5805,0,13:10,13:20,3610.41484176,7695.59675294,12,0,0,0.620070233456,10800
2025-03-21,81,13:30,3490.6,7651.7625,3631.58251935,7563.28847075,0,0,0,0,0,0,693.527083333,581.766666667,10800,80,2025-03-21,79,0.5725,0,13:20,13:30,3631.58251935,7563.28847075,12,0,0,0.67125557421,10800
2025-03-21,82,13:40,3383.8889,7537.0226,3700.80202611,7436.9470666,0,0,0,0,0,0,692.18895,563.981483333,10800,81,2025-03-21,80,0.6163,0,13:30,13:40,3700.80202611,7436.9470666,12,0,0,0.713745537025,10800
2025-03-21,83,13:50,3472.4549,7441.2948,3700.75831347,7311.6088657,0,0,0,0,0,0,661.473316667,578.742483333,10800,82,2025-03-21,81,0.6518,0,13:40,13:50,3700.75831347,7311.6088657,12,0,0,0.719164658244,10800
2025-03-21,84,14:00,3685.68,7246.8375,3608.34366948,7178.85764555,0,0,0,0,0,0,593.52625,614.28,10800,83,2025-03-21,82,0.657,0,13:50,14:00,3608.34366948,7178.85764555,12,0,0,0.696117481263,10800
2025-03-21,85,14:10,3688.7835,6771.2287,3662.40064043,6893.90093692,0,0,0,0,0,0,513.740866667,614.79725,10800,84,2025-03-21,83,0.6635,0,14:00,14:10,3662.40064043,6893.90093692,12,0,0,0.710683165282,10800
2025-03-21,86,14:20,3620.0331,6272.7653,3716.61501012,6616.17108575,0,0,0,0,0,0,442.122033333,603.33885,10800,85,2025-03-21,84,0.6879,0,14:10,14:20,3716.61501012,6616.17108575,12,0,0,0.750271647084,10800
2025-03-21,87,14:30,3584.09,5902.6875,3653.2146063,6335.63135317,0,0,0,0,0,0,386.432916667,597.348333333,10800,86,2025-03-21,85,0.7335,0,14:20,14:30,3653.2146063,6335.63135317,12,0,0,0.781242031681,10800
2025-03-21,88,14:40,3547.3175,5622.0983,3554.65561614,6051.79824317,0,0,0,0,0,0,345.7968,591.219583333,10800,87,2025-03-21,86,0.762,0,14:30,14:40,3554.65561614,6051.79824317,12,0,0,0.79267180159,10800
2025-03-21,89,14:50,3543.0798,5500.8166,3514.88089042,5763.25977997,0,0,0,0,0,0,326.289466667,590.5133,10800,88,2025-03-21,87,0.6193,0,14:40,14:50,3514.88089042,5763.25977997,12,0,0,0.681808505518,10800
2025-03-21,90,15:00,3528.37,5468.2125,3549.11937499,5479.55767808,0,0,0,0,0,0,323.307083333,588.061666667,10800,89,2025-03-21,88,0.4027,0,14:50,15:00,3549.11937499,5479.55767808,12,0,0,0.499670271703,10800
2025-03-21,91,15:10,3429.2521,5345.6113,3521.91726564,5245.15812945,0,0,0,0,0,0,319.3932,571.542016667,10800,90,2025-03-21,89,0.3845,0,15:00,15:10,3521.91726564,5245.15812945,12,0,0,0.469390586823,10800
2025-03-21,92,15:20,3418.0606,5195.0844,3476.08604362,5005.21818743,0,0,0,0,0,0,296.170633333,569.676766667,10800,91,2025-03-21,90,0.4221,0,15:10,15:20,3476.08604362,5005.21818743,12,0,0,0.516422448477,10800
2025-03-21,93,15:30,3516.82,4976.4375,3458.37577841,4751.01401784,0,0,0,0,0,0,243.269583333,586.136666667,10800,92,2025-03-21,91,0.4466,0,15:20,15:30,3458.37577841,4751.01401784,12,0,0,0.537036707264,10800
2025-03-21,94,15:40,3554.1053,4580.3104,3519.63509605,4499.12605558,0,0,0,0,0,0,171.034183333,592.350883333,10800,93,2025-03-21,92,0.5206,0,15:30,15:40,3519.63509605,4499.12605558,12,0,0,0.554380626026,10800
2025-03-21,95,15:50,3445.6468,4263.4599,3575.02404149,4254.13243895,0,0,0,0,0,0,136.302183333,574.274466667,10800,94,2025-03-21,93,0.5223,0,15:40,15:50,3575.02404149,4254.13243895,12,0,0,0.60253907423,10800
2025-03-21,96,16:00,3342.26,4046.0625,3578.52091388,4012.1480123,0,0,0,0,0,0,117.300416667,557.043333333,10800,95,2025-03-21,94,0.4752,0.73381062033,15:50,16:00,3578.52091388,4012.1480123,12,3.08842853674,0,0.633202423739,10800
2025-03-21,97,16:10,3454.2621,3684.8059,3498.74488786,3621.40812451,0,0,0,0,0,0,38.4239666667,575.71035,10800,96,2025-03-21,95,0.5319,12.426713206,16:00,16:10,3498.74488786,3621.40812451,12,46.7257499757,0,0.62818338488,10800
2025-03-21,98,16:20,3412.5591,3203.3591,3496.07887145,3209.74411511,29.8652819756,29.8652819756,0,0,5.00138469107,0,0,533.893183333,10794.4429059,97,2025-03-21,96,0.5949,38.3043976277,16:10,16:20,3496.07887145,3209.74411511,12,98.9106387764,29.8652819756,0.641654761804,10800
2025-03-21,99,16:30,3301.7,2724.7875,3585.74019384,2799.69179556,106.502530986,102.326632335,4.17589865146,6.17454900132,0,0,0,454.13125,10800,98,2025-03-21,97,0.6306,85.4819083203,16:20,16:30,3585.74019384,2799.69179556,12,164.610403744,106.502530986,0.678537190943,10794.4429059
2025-03-21,100,16:40,3514.9419,2351.5888,3533.05366518,2387.80784594,160.601858578,160.601858578,0,0,33.2903247551,0,0,391.931466667,10763.0107503,99,2025-03-21,98,0.6941,128.198677688,16:30,16:40,3533.05366518,2387.80784594,12,208.793553286,160.601858578,0.683625250697,10800
2025-03-21,101,16:50,3321.9457,1992.5102,3130.97942424,1977.72013415,155.160508295,155.160508295,0,0,66.4120750385,0,0,332.085033333,10689.2195558,100,2025-03-21,99,0.6881,119.997152144,16:40,16:50,3130.97942424,1977.72013415,12,193.617727845,155.160508295,0.670035555144,10763.0107503
2025-03-21,102,17:00,2724.73,1612.725,2763.18465166,1565.47031871,156.893479412,156.893479412,0,0,28.4406872542,0,0,268.7875,10657.6187922,101,2025-03-21,100,0.6353,109.025648822,16:50,17:00,2763.18465166,1565.47031871,12,186.332237011,156.893479412,0.683569693571,10689.2195558
2025-03-21,103,17:10,2514.9969,1271.8529,2804.66194054,1153.25324911,253.901591469,253.901591469,0,46.7109248024,0,0,0,211.975483333,10699.6586245,102,2025-03-21,101,0.6674,172.321455569,17:00,17:10,2804.66194054,1153.25324911,12,262.494739273,253.901591469,0.725950422141,10657.6187922
2025-03-21,104,17:20,2569.2819,985.1233,2862.92120464,891.157574008,311.826402196,311.826402196,0,47.7999688624,0,0,0,164.187216667,10742.6785965,103,2025-03-21,102,0.7157,225.106120488,17:10,17:20,2862.92120464,891.157574008,12,317.225212972,311.826402196,0.758140454632,10699.6586245
2025-03-21,105,17:30,2650.07,722.7,2812.47900741,635.615692834,350.453598932,350.453598932,0,29.2252655987,0,0,0,120.45,10768.9813355,104,2025-03-21,103,0.7139,251.068198903,17:20,17:30,2812.47900741,635.615692834,12,352.917178216,350.453598932,0.763827319155,10742.6785965
2025-03-21,106,17:40,2673.2405,440.8647,2809.3661609,391.633695077,394.957625529,394.957625529,0,22.894992196,0,0,0,73.47745,10789.5868285,105,2025-03-21,104,0.6932,273.990203511,17:30,17:40,2809.3661609,391.633695077,12,394.364499464,394.957625529,0.731188423642,10768.9813355
2025-03-21,107,17:50,2664.3189,172.869,2820.81335144,161.348233493,439.492794216,426.811840575,12.6809536405,11.570190575,0,0,0,28.8115,10800,106,2025-03-21,105,0.8471,373.858639627,17:40,17:50,2820.81335144,161.348233493,12,435.799502639,439.492794216,0.867123573658,10789.5868285
2025-03-21,108,18:00,2671.73,0,2785.86402781,0,0,0,0,0,445.288333333,0,0,0,10305.2351852,107,2025-03-21,106,1.0876,0,17:50,18:00,2785.86402781,0,12,0,0,1.10616806845,10800
2025-03-21,109,18:10,2713.5631,0,2738.93507641,0.170618952299,0,0,0,0,452.260516667,0,0,0,9802.7235,108,2025-03-21,107,1.1224,0,18:00,18:10,2738.93507641,0.170618952299,18,0,0,1.15250199383,10305.2351852
2025-03-21,110,18:20,2702.9262,5.9984,2737.6260645,0.170618952299,0,0,0,0,449.487966667,0,0,0.999733333333,9303.29242593,109,2025-03-21,108,1.119,0,18:10,18:20,2737.6260645,0.170618952299,18,0,0,1.10487667222,9802.7235
2025-03-21,111,18:30,2614.26,0,2730.43100952,0,458.335064894,458.335064894,0,22.6250648942,0,0,0,0,9323.65498433,110,2025-03-21,109,1.1477,789.046730969,18:20,18:30,2730.43100952,0,18,0,458.335064894,1.08242067746,9303.29242593
2025-03-21,112,18:40,2541.4788,0,2696.80573993,0.170618952299,0,0,0,0,423.5798,0,0,0,8853.01076211,111,2025-03-21,110,1.1148,0,18:30,18:40,2696.80573993,0.170618952299,18,0,0,1.1162000909,9323.65498433
2025-03-21,113,18:50,2688.527,0.4307,2661.12152052,0.170618952299,0,0,0,0,448.01605,0,0,0.0717833333333,8355.215151,112,2025-03-21,111,1.1269,0,18:40,18:50,2661.12152052,0.170618952299,18,0,0,1.12044939195,8853.01076211
2025-03-21,114,19:00,2883.47,0,2704.66146866,0,0,0,0,0,480.578333333,0,0,0,7821.23922507,113,2025-03-21,112,1.1778,0,18:50,19:00,2704.66146866,0,18,0,0,1.10104537349,8355.215151
2025-03-21,115,19:10,2742.7098,0,2747.43869378,0.000827637130802,0,0,0,0,457.1183,0,0,0,7313.33000285,114,2025-03-21,113,1.1421,0,19:00,19:10,2747.43869378,0.000827637130802,18,0,0,1.09783769203,7821.23922507
2025-03-21,116,19:20,2629.359,0.0309,2679.54208745,0.000827637130802,0,0,0,0,438.22135,0,0,0.00515,6826.41739174,115,2025-03-21,114,1.0779,0,19:10,19:20,2679.54208745,0.000827637130802,18,0,0,1.08933809934,7313.33000285
2025-03-21,117,19:30,2725.96,0,2640.94835505,0,52.3294966684,52.3294966684,0,0,401.997169998,0,0,0,6379.75386952,116,2025-03-21,115,1.0561,82.8977721473,19:20,19:30,2640.94835505,0,18,0,52.3294966684,1.08421255095,6826.41739174
2025-03-21,118,19:40,2863.5218,0,2792.29426788,0.000827637130802,0,0,0,0,477.253633333,0,0,0,5849.4720547,117,2025-03-21,116,1.0917,0,19:30,19:40,2792.29426788,0.000827637130802,18,0,0,1.11393350477,6379.75386952
2025-03-21,119,19:50,2952.2413,0.0022,2869.58235346,0.000827637130802,0,0,0,0,492.03985,0,0,0.000366666666667,5302.76111026,118,2025-03-21,117,1.1173,0,19:40,19:50,2869.58235346,0.000827637130802,18,0,0,1.12952307988,5849.4720547
2025-03-21,120,20:00,2895.31,0,2767.69692915,0,0,0,0,0,482.551666667,0,0,0,4766.59259174,119,2025-03-21,118,1.1105,0,19:50,20:00,2767.69692915,0,18,0,0,1.11584482579,5302.76111026
2025-03-21,121,20:10,2680.3533,0,2741.41831467,0,0,0,0,0,446.72555,0,0,0,4270.23086952,120,2025-03-21,119,1.1102,0,20:00,20:10,2741.41831467,0,18,0,0,1.09966761612,4766.59259174
2025-03-21,122,20:20,2729.6593,0,2764.61570634,0,0,0,0,0,454.943216667,0,0,0,3764.73840655,121,2025-03-21,120,1.1385,0,20:10,20:20,2764.61570634,0,18,0,0,1.09576633943,4270.23086952
2025-03-21,123,20:30,2968.95,0,2779.64494517,0,0,0,0,0,494.825,0,0,0,3214.932851,122,2025-03-21,121,1.1788,0,20:20,20:30,2779.64494517,0,18,0,0,1.11770705581,3764.73840655
2025-03-21,124,20:40,2901.1609,0,2795.60177113,0,0,0,0,0,483.526816667,0,0,0,2677.68083248,123,2025-03-21,122,1.1666,0,20:30,20:40,2795.60177113,0,18,0,0,1.15548970209,3214.932851
2025-03-21,125,20:50,2750.0023,0,2815.81709242,0,472.668126491,472.668126491,0,14.3344098242,0,0,0,0,2690.58180132,124,2025-03-21,123,0.9932,537.750618831,20:40,20:50,2815.81709242,0,18,335.13966173,472.668126491,1.00897424073,2677.68083248
2025-03-21,126,21:00,2690.23,0,2830.54350714,0,475.140128978,475.140128978,0,26.7684623111,0,0,0,0,2714.6734174,125,2025-03-21,124,0.7711,369.035577003,20:50,21:00,2830.54350714,0,18,468.253801527,475.140128978,0.772226773059,2690.58180132
2025-03-21,127,21:10,2673.5533,0,2772.06682358,0,465.3241276,465.3241276,0,19.7319109334,0,0,0,0,2732.43213724,126,2025-03-21,125,0.745,349.17863802,21:00,21:10,2772.06682358,0,18,458.580065969,465.3241276,0.728103303803,2714.6734174
2025-03-21,128,21:20,2703.3172,0,2745.05493038,0,460.789862577,460.789862577,0,10.2369959102,0,0,0,0,2741.64543356,127,2025-03-21,126,0.7656,355.337189396,21:10,21:20,2745.05493038,0,18,454.111517209,460.789862577,0.747186488774,2732.43213724
2025-03-21,129,21:30,2812.34,0,2806.40108295,0,471.087538191,471.087538191,0,2.36420485721,0,0,0,0,2743.77321793,128,2025-03-21,127,0.7761,368.260485549,21:20,21:30,2806.40108295,0,18,464.259945975,471.087538191,0.771175903392,2741.64543356
2025-03-21,130,21:40,2946.0913,0,2853.40434266,0,186.418868899,186.418868899,0,0,304.596347768,0,0,0,2405.33283152,129,2025-03-21,128,0.8209,281.659940223,21:30,21:40,2853.40434266,0,18,472.035645231,186.418868899,0.829253590899,2743.77321793
2025-03-21,131,21:50,2677.1833,0,2720.19954847,0,456.617593422,456.617593422,0,10.4203767549,0,0,0,0,2414.7111706,130,2025-03-21,129,0.6005,276.185882,21:40,21:50,2720.19954847,0,18,449.999717818,456.617593422,0.629917937851,2405.33283152
2025-03-21,132,22:00,2222.59,0,2414.21766844,0,1237.86552323,1203.765,34.1005232272,833.333333333,0,0,0,0,3164.7111706,131,2025-03-21,130,0.2516,312.094927354,21:50,22:00,2414.21766844,0,18,1232.71479421,1237.86552323,0.307691553493,2414.7111706
2025-03-21,133,22:10,2279.0919,0,2340.54494711,0,1225.52074269,1213.18198333,12.3387593528,833.333333333,0,0,0,0,3914.7111706,132,2025-03-21,131,0.2468,303.074723167,22:00,22:10,2340.54494711,0,18,1220.52719429,1225.52074269,0.278544978835,3164.7111706
2025-03-21,134,22:20,2521.1249,0,2372.95827132,0,1230.9519982,1230.9519982,0,810.764514867,0,0,0,0,4644.39923398,133,2025-03-21,132,0.3199,394.591323436,22:10,22:20,2372.95827132,0,18,1225.88929603,1230.9519982,0.300372429932,3914.7111706
2025-03-21,135,22:30,2572.13,0,2424.13225566,0,1239.5268356,1239.5268356,0,810.838502267,0,0,0,0,5374.15388602,134,2025-03-21,133,0.3082,382.819157713,22:20,22:30,2424.13225566,0,18,1234.35495383,1239.5268356,0.303916704565,4644.39923398
2025-03-21,136,22:40,2383.5469,0,2392.26639389,0,1234.18731422,1230.59115,3.59616422495,833.333333333,0,0,0,0,6124.15388602,135,2025-03-21,134,0.3096,382.894475587,22:30,22:40,2392.26639389,0,18,1229.08341821,1234.18731422,0.322721825468,5374.15388602
2025-03-21,137,22:50,2344.5656,0,2367.30299541,0,502.766186321,502.766186321,0,112.005252988,0,0,0,0,6224.95861371,136,2025-03-21,135,0.2958,239.731279504,22:40,22:50,2367.30299541,0,18,907.362072509,502.766186321,0.325159000465,6124.15388602
2025-03-21,138,23:00,2417.96,0,2372.41293339,0,1230.86062005,1230.86062005,0,827.867286716,0,0,0,0,6970.03917176,137,2025-03-21,136,0.2748,338.935953806,22:50,23:00,2372.41293339,0,18,1225.79908136,1230.86062005,0.311898526234,6224.95861371
2025-03-21,139,23:10,2259.3637,0,2375.84178541,0,1231.43516684,1209.89395,21.541216842,833.333333333,0,0,0,0,7720.03917176,138,2025-03-21,137,0.3009,371.301450808,23:00,23:10,2375.84178541,0,18,1226.3663127,1231.43516684,0.321302847523,6970.03917176
2025-03-21,140,23:20,2390.9613,0,2436.70303173,0,408.299892108,408.299892108,0,9.80634210802,0,0,0,0,7728.86487966,139,2025-03-21,138,0.3281,134.816041581,23:10,23:20,2436.70303173,0,18,403.10119061,408.299892108,0.326374802429,7720.03917176
2025-03-21,141,23:30,2671.23,0,2558.92724654,0,1262.11341243,1262.11341243,0,816.908412427,0,0,0,0,8464.08245084,140,2025-03-21,139,0.3349,423.59596951,23:20,23:30,2558.92724654,0,18,1256.65394579,1262.11341243,0.317353411116,7728.86487966
2025-03-21,142,23:40,2416.7437,0,2487.27744661,0,1250.10759752,1236.12395,13.9836475203,833.333333333,0,0,0,0,9214.08245084,141,2025-03-21,140,0.3405,426.565085933,23:30,23:40,2487.27744661,0,18,1244.8009956,1250.10759752,0.315677953469,8464.08245084
2025-03-21,143,23:50,2284.9201,0,2410.82710427,0,1237.29739204,1214.15335,23.1440420416,833.333333333,0,0,0,0,9964.08245084,142,2025-03-21,141,0.3286,428.012328167,23:40,23:50,2410.82710427,0,18,1232.15389679,1237.29739204,0.322965545152,9214.08245084
2025-03-21,144,00:00+1,2450.59,0,2424.35519478,0,406.230858488,406.230858488,0,0,2.20080817853,0,0,0,9961.63710842,143,2025-03-21,142,0.3013,123.176573306,23:50,00:00+1,2424.35519478,0,18,401.058501078,406.230858488,0.335181072184,9964.08245084
2025-03-22,1,00:10,2430.3122,0,2537.77576228,0,1238.72638712,1238.38536667,0.341020454373,833.333333333,0,0,0,0,10711.6371084,0,2025-03-21,143,0.2868,355.266727826,00:00,00:10,2432.35832273,0,0,1238.72638712,1238.72638712,0.348612118427,9961.63710842
2025-03-22,2,00:20,2405.3057,0,2566.85539753,0,427.809232921,427.809232921,0,26.9249495875,0,0,0,0,10735.869563,1,2025-03-22,0,0.3052,130.567377887,00:10,00:20,2566.85539753,0,0,427.809232921,427.809232921,0.332363782132,10711.6371084
2025-03-22,3,00:30,2450.06,0,2561.72086368,0,426.953477281,426.953477281,0,18.6101439474,0,0,0,0,10752.6186926,2,2025-03-22,1,0.3172,135.429642993,00:20,00:30,2561.72086368,0,0,426.953477281,426.953477281,0.315818498255,10735.869563
2025-03-22,4,00:40,2428.3992,0,2539.82980654,0,423.304967756,423.304967756,0,18.5717677562,0,0,0,0,10769.3332836,3,2025-03-22,2,0.2747,116.281874643,00:30,00:40,2539.82980654,0,0,423.304967756,423.304967756,0.329554341211,10752.6186926
2025-03-22,5,00:50,2477.1664,0,2522.4808879,0,420.413481317,420.413481317,0,7.55241464998,0,0,0,0,10776.1304568,4,2025-03-22,3,0.312,131.169006171,00:40,00:50,2522.4808879,0,0,420.413481317,420.413481317,0.320038612915,10769.3332836
2025-03-22,6,01:00,2525.39,0,2464.71743779,0,410.786239631,410.786239631,0,0,10.1120937025,0,0,0,10764.8947971,5,2025-03-22,4,0.3775,155.071805461,00:50,01:00,2464.71743779,0,0,410.786239631,410.786239631,0.297408240866,10776.1304568
2025-03-22,7,01:10,2361.4063,0,2542.94782518,0,423.82463753,423.82463753,0,30.2569208636,0,0,0,0,10792.1260259,6,2025-03-22,5,0.2906,123.163439666,01:00,01:10,2542.94782518,0,0,423.82463753,423.82463753,0.320687976385,10764.8947971
2025-03-22,8,01:20,2312.4557,0,2573.29103499,0,428.881839165,394.158143474,34.7236956914,8.74886014017,0,0,0,0,10800,7,2025-03-22,6,0.2694,115.540767471,01:10,01:20,2573.29103499,0,0,428.881839165,428.881839165,0.337430853604,10792.1260259
2025-03-22,9,01:30,2502.35,0,2516.07539236,0,419.345898727,417.058333333,2.28756539369,0,0,0,0,0,10800,8,2025-03-22,7,0.3655,153.270925985,01:20,01:30,2516.07539236,0,0,419.345898727,419.345898727,0.33175227608,10800
2025-03-22,10,01:40,2706.2165,0,2504.44896586,0,417.408160977,417.408160977,0,0,33.6279223564,0,0,0,10762.6356418,9,2025-03-22,8,0.4039,168.591156219,01:30,01:40,2504.44896586,0,0,417.408160977,417.408160977,0.333368260387,10800
2025-03-22,11,01:50,2682.2321,0,2528.29132066,0,421.381886776,421.381886776,0,0,25.6567965575,0,0,0,10734.1280901,10,2025-03-22,9,0.3785,159.493044145,01:40,01:50,2528.29132066,0,0,421.381886776,421.381886776,0.328139657993,10762.6356418
2025-03-22,12,02:00,2481.59,0,2616.36517819,0,436.060863032,436.060863032,0,22.4625296984,0,0,0,0,10754.3443668,11,2025-03-22,10,0.3356,146.342025633,01:50,02:00,2616.36517819,0,0,436.060863032,436.060863032,0.322560688434,10734.1280901
2025-03-22,13,02:10,2382.5576,0,2648.26003518,0,441.376672529,441.376672529,0,44.2837391959,0,0,0,0,10794.1997321,12,2025-03-22,11,0.3186,140.622607868,02:00,02:10,2648.26003518,0,0,441.376672529,441.376672529,0.34319291214,10754.3443668
2025-03-22,14,02:20,2398.9799,0,2651.30002699,0,0,0,0,0,399.829983333,0,0,0,10349.9441951,13,2025-03-22,12,0.3294,0,02:10,02:20,2651.30002699,0,0,0,0,0.360751846741,10794.1997321
2025-03-22,15,02:30,2504.86,0,2641.58440037,0,0,0,0,0,417.476666667,0,0,0,9886.0812321,14,2025-03-22,13,0.346,0,02:20,02:30,2641.58440037,0,0,0,0,0.354957349106,10349.9441951
2025-03-22,16,02:40,2671.4817,0,2747.36509637,0,0,0,0,0,445.24695,0,0,0,9391.36239877,15,2025-03-22,14,0.3462,0,02:30,02:40,2747.36509637,0,0,0,0,0.346422881622,9886.0812321
2025-03-22,17,02:50,2747.1509,0,2725.45080415,0,454.241800691,454.241800691,0,0,3.61668264242,0,0,0,9387.3438625,16,2025-03-22,15,0.3563,161.846353586,02:40,02:50,2725.45080415,0,0,454.241800691,454.241800691,0.333218006301,9391.36239877
2025-03-22,18,03:00,2682.29,0,2581.85125084,0,430.308541806,430.308541806,0,0,16.739791527,0,0,0,9368.74409413,17,2025-03-22,16,0.3625,155.986846405,02:50,03:00,2581.85125084,0,0,430.308541806,430.308541806,0.321776314958,9387.3438625
2025-03-22,19,03:10,2577.2183,0,2592.25300426,0,432.042167376,432.042167376,0,2.50578404279,0,0,0,0,9370.99929977,18,2025-03-22,17,0.3224,139.290394762,03:00,03:10,2592.25300426,0,0,432.042167376,432.042167376,0.33180230849,9368.74409413
2025-03-22,20,03:20,2588.5808,0,2627.35224435,0,437.892040725,437.892040725,0,6.46190739208,0,0,0,0,9376.81501643,19,2025-03-22,18,0.2882,126.200486137,03:10,03:20,2627.35224435,0,0,437.892040725,437.892040725,0.341698386444,9370.99929977
2025-03-22,21,03:30,2646.27,0,2552.91462929,0,425.485771548,425.485771548,0,0,15.5592284522,0,0,0,9359.52698481,20,2025-03-22,19,0.2928,124.582233909,03:20,03:30,2552.91462929,0,0,425.485771548,425.485771548,0.335037504197,9376.81501643
2025-03-22,22,03:40,2547.1253,0,2571.41715224,0,428.569525373,428.569525373,0,4.04864204007,0,0,0,0,9363.17076265,21,2025-03-22,20,0.3201,137.185105072,03:30,03:40,2571.41715224,0,0,428.569525373,428.569525373,0.332655177055,9359.52698481
2025-03-22,23,03:50,2503.0358,0,2629.39844675,0,164.988978155,164.988978155,0,0,252.183655178,0,0,0,9082.96670134,22,2025-03-22,21,0.334,55.1063187039,03:40,03:50,2629.39844675,0,0,164.988978155,164.988978155,0.346369760658,9363.17076265
2025-03-22,24,04:00,2599.79,0,2662.06014226,0,0,0,0,0,433.298333333,0,0,0,8601.52410875,23,2025-03-22,22,0.347,0,03:50,04:00,2662.06014226,0,0,0,0,0.350095337712,9082.96670134
2025-03-22,25,04:10,2694.047,0.0027,2598.32318646,0.00084625,433.053723368,433.053723368,0,0,15.9536599658,0,0,0.00045,8583.7978199,24,2025-03-22,23,0.3899,168.847646741,04:00,04:10,2598.32318646,0.00084625,0,433.053723368,433.053723368,0.325433321067,8601.52410875
2025-03-22,26,04:20,2665.6074,0,2622.49657251,0.00084625,437.082621044,437.082621044,0,0,7.18527895647,0,0,0,8575.81417661,25,2025-03-22,24,0.3617,158.092784031,04:10,04:20,2622.49657251,0.00084625,0,437.082621044,437.082621044,0.334711686614,8583.7978199
2025-03-22,27,04:30,2622.96,0,2710.1735572,0,0,0,0,0,437.16,0,0,0,8090.08084328,26,2025-03-22,25,0.3084,0,04:20,04:30,2710.1735572,0,0,0,0,0.375332139483,8575.81417661
2025-03-22,28,04:40,2770.4849,0.0376,2707.85915474,0.00084625,0,0,0,0,461.741216667,0,0,0.00626666666667,7577.03504698,27,2025-03-22,26,0.3755,0,04:30,04:40,2707.85915474,0.00084625,0,0,0,0.368342941413,8090.08084328
2025-03-22,29,04:50,2830.8751,0,2652.96813994,0.00084625,442.161215615,442.161215615,0,0,29.6513010518,0,0,0,7544.08915692,28,2025-03-22,27,0.3954,174.830544654,04:40,04:50,2652.96813994,0.00084625,0,442.161215615,442.161215615,0.335029722881,7577.03504698
2025-03-22,30,05:00,2771.14,0,2647.37696003,0,441.229493338,441.229493338,0,0,20.6271733291,0,0,0,7521.17007545,29,2025-03-22,28,0.3361,148.297232711,04:50,05:00,2647.37696003,0,0,441.229493338,441.229493338,0.316924961762,7544.08915692
2025-03-22,31,05:10,2821.9319,0.5234,2726.828854,0.173921953325,0,0,0,0,470.23475,0,0,0.0872333333333,6998.68701989,30,2025-03-22,29,0.3361,0,05:00,05:10,2726.828854,0.173921953325,0,0,0,0.35214805034,7521.17007545
2025-03-22,32,05:20,2811.6916,0,2746.18549097,0.173921953325,0,0,0,0,468.615266667,0,0,0,6478.00339026,31,2025-03-22,30,0.3562,0,05:10,05:20,2746.18549097,0.173921953325,0,0,0,0.388312491555,6998.68701989
2025-03-22,33,05:30,2734.01,0,2684.19713099,0,0,0,0,0,455.668333333,0,0,0,5971.70524211,32,2025-03-22,31,0.3391,0,05:20,05:30,2684.19713099,0,0,0,0,0.362840313586,6478.00339026
2025-03-22,34,05:40,2773.8686,7.2902,2595.26341866,0.173921953325,432.514916118,432.514916118,0,0,28.5814838817,0,0,1.21503333333,5939.9480378,33,2025-03-22,32,0.307,132.782079248,05:30,05:40,2595.26341866,0.173921953325,0,432.514916118,432.514916118,0.319796733705,5971.70524211
2025-03-22,35,05:50,2808.2517,0,2636.81906642,0.173921953325,0,0,0,0,468.04195,0,0,0,5419.90142669,34,2025-03-22,33,0.4698,0,05:40,05:50,2636.81906642,0.173921953325,0,0,0,0.465902169519,5939.9480378
2025-03-22,36,06:00,2756.85,0,2678.3174907,0,0,0,0,0,459.475,0,0,0,4909.37364891,35,2025-03-22,34,0.7311,0,05:50,06:00,2678.3174907,0,0,0,0,0.753721738136,5419.90142669
2025-03-22,37,06:10,2689.1,205.1944,2710.90676871,179.42203446,0,0,0,0,413.984266667,0,0,34.1990666667,4449.39113039,36,2025-03-22,35,0.7663,0,06:00,06:10,2710.90676871,179.42203446,6,0,0,0.749809552545,4909.37364891
2025-03-22,38,06:20,2768.2011,498.1887,2742.58281415,440.98356462,0,0,0,0,378.3354,0,0,83.03145,4029.01846373,37,2025-03-22,36,0.7387,0,06:10,06:20,2742.58281415,440.98356462,6,0,0,0.712483178433,4449.39113039
2025-03-22,39,06:30,2848.66,789.225,2754.0438215,721.152136659,0,0,0,0,343.239166667,0,0,131.5375,3647.64161187,38,2025-03-22,37,0.7365,0,06:20,06:30,2754.0438215,721.152136659,6,0,0,0.733404446098,4029.01846373
2025-03-22,40,06:40,2671.328,1069.2392,2718.26862932,1020.24893589,0,0,0,0,267.0148,0,0,178.206533333,3350.95850076,39,2025-03-22,38,0.6857,0,06:30,06:40,2718.26862932,1020.24893589,6,0,0,0.68498965767,3647.64161187
2025-03-22,41,06:50,2809.8101,1366.736,2820.77754236,1328.07418335,0,0,0,0,240.51235,0,0,227.789333333,3083.72255632,40,2025-03-22,39,0.6627,0,06:40,06:50,2820.77754236,1328.07418335,6,0,0,0.681272679773,3350.95850076
2025-03-22,42,07:00,3235.94,1691.625,3162.95526791,1648.09708083,0,0,0,0,257.385833333,0,0,281.9375,2797.73829706,41,2025-03-22,40,0.6897,0,06:50,07:00,3162.95526791,1648.09708083,6,0,0,0.71907811591,3083.72255632
2025-03-22,43,07:10,3314.4444,2028.0903,3157.97485298,1950.44735886,113.009331601,113.009331601,0,0,101.383018399,0,0,338.01505,2685.09049884,42,2025-03-22,41,0.7062,119.710784965,07:00,07:10,3157.97485298,1950.44735886,6,0,113.009331601,0.659887777856,2797.73829706
2025-03-22,44,07:20,3228.0394,2365.15,3136.10565513,2233.93205878,150.362266058,150.362266058,0,6.54736605791,0,0,0,394.191666667,2690.98312829,43,2025-03-22,42,0.6984,157.519509922,07:10,07:20,3136.10565513,2233.93205878,6,0,150.362266058,0.616332159016,2685.09049884
2025-03-22,45,07:30,3191.72,2668.4625,3221.80532711,2517.34084691,117.410746699,117.410746699,5.68434188608e-14,30.2011633658,0,0,0,444.74375,2718.16417532,44,2025-03-22,43,0.6479,114.10563418,07:20,07:30,3221.80532711,2517.34084691,6,0,117.410746699,0.609203464529,2690.98312829
2025-03-22,46,07:40,3204.0027,2911.0318,3182.60183723,2800.19498577,63.7344752438,63.7344752438,0,14.9059919104,0,0,0,485.171966667,2731.57956804,45,2025-03-22,44,0.5671,54.2157313661,07:30,07:40,3182.60183723,2800.19498577,6,0,63.7344752438,0.537936130369,2718.16417532
2025-03-22,47,07:50,3134.0132,3187.4934,3087.03528226,3083.21403566,0.636874433538,0.636874433538,0,9.5502411002,0,0,0,531.2489,2740.17478503,46,2025-03-22,45,0.6504,0.621334697359,07:40,07:50,3087.03528226,3083.21403566,6,0,0.636874433538,0.657405737845,2731.57956804
2025-03-22,48,08:00,3090.95,3458.8875,3077.84956919,3366.59122074,0,0,0,61.3229166667,0,0,0,576.48125,2795.36541003,47,2025-03-22,46,0.8544,0,07:50,08:00,3077.84956919,3366.59122074,6,0,0,0.885993622644,2740.17478503
2025-03-22,49,08:10,3287.8711,3620.9007,3201.3358119,3646.10108791,0,0,0,55.5049333333,0,0,0,603.48345,2845.31985003,48,2025-03-22,47,0.9228,0,08:00,08:10,3201.3358119,3646.10108791,6,0,0,0.909079747988,2795.36541003
2025-03-22,50,08:20,3295.6317,3945.8804,3200.26026673,3887.24489217,0,0,0,108.374783333,0,0,0,657.646733333,2942.85715503,49,2025-03-22,48,0.879,0,08:10,08:20,3200.26026673,3887.24489217,6,0,0,0.832483221907,2845.31985003
2025-03-22,51,08:30,3069.34,4369.1625,3059.60082663,4130.81696454,0,0,0,216.637083333,0,0,0,728.19375,3137.83053003,50,2025-03-22,49,0.8055,0,08:20,08:30,3059.60082663,4130.81696454,6,0,0,0.774595018191,2942.85715503
2025-03-22,52,08:40,3073.5006,4532.8108,3153.99007324,4372.12543519,0,0,0,243.218366667,0,0,0,755.468466667,3356.72706003,51,2025-03-22,50,0.7644,0,08:30,08:40,3153.99007324,4372.12543519,6,0,0,0.743281981419,3137.83053003
2025-03-22,53,08:50,3589.2657,4632.844,3401.49145844,4613.49482008,0,0,0,173.929716667,0,0,0,772.140666667,3513.26380503,52,2025-03-22,51,0.7882,0,08:40,08:50,3401.49145844,4613.49482008,6,0,0,0.755677122048,3356.72706003
2025-03-22,54,09:00,4167.1,4897.425,3694.73328277,4851.86706757,0,0,0,121.720833333,0,0,0,816.2375,3622.81255503,53,2025-03-22,52,0.8388,0,08:50,09:00,3694.73328277,4851.86706757,6,0,0,0.785277498214,3513.26380503
2025-03-22,55,09:10,4034.4884,5352.757,3747.43549519,5139.28830916,0,0,0,219.711433333,0,0,0,892.126166667,3820.55284503,54,2025-03-22,53,0.8357,0,09:00,09:10,3747.43549519,5139.28830916,6,0,0,0.783773942558,3622.81255503
2025-03-22,56,09:20,3813.6396,5674.207,3772.7965455,5361.39622714,0,0,0,310.094566667,0,0,0,945.701166667,4099.63795503,55,2025-03-22,54,0.7841,0,09:10,09:20,3772.7965455,5361.39622714,6,0,0,0.766293153229,3820.55284503
2025-03-22,57,09:30,3830.52,5737.05,3860.92879985,5589.0975009,0,0,0,317.755,0,0,0,956.175,4385.61745503,56,2025-03-22,55,0.7509,0,09:20,09:30,3860.92879985,5589.0975009,6,0,0,0.755500118612,4099.63795503
2025-03-22,58,09:40,3830.9713,5721.5299,3786.84102809,5808.89170362,0,0,0,315.0931,0,0,0,953.588316667,4669.20124503,57,2025-03-22,56,0.7926,0,09:30,09:40,3786.84102809,5808.89170362,6,0,0,0.751063771595,4385.61745503
2025-03-22,59,09:50,3843.3047,5872.4628,3689.25514892,6027.62371996,0,0,0,338.193016667,0,0,0,978.7438,4973.57496003,58,2025-03-22,57,0.7748,0,09:40,09:50,3689.25514892,6027.62371996,6,0,0,0.741287771953,4669.20124503
2025-03-22,60,10:00,3824.31,6226.5,3702.04244349,6246.84318661,0,0,0,400.365,0,0,0,1037.75,5333.90346003,59,2025-03-22,58,0.7006,0,09:50,10:00,3702.04244349,6246.84318661,6,0,0,0.731375398429,4973.57496003
2025-03-22,61,10:10,3682.3038,6601.4252,3781.45034706,6549.63672407,0,0,0,486.520233333,0,0,0,1100.23753333,5771.77167003,60,2025-03-22,59,0.7026,0,10:00,10:10,3781.45034706,6549.63672407,6,0,0,0.723347092687,5333.90346003
2025-03-22,62,10:20,3707.2152,6836.292,3795.16514043,6773.97518222,0,0,0,521.5128,0,0,0,1139.382,6241.13319003,61,2025-03-22,60,0.6952,0,10:10,10:20,3795.16514043,6773.97518222,6,0,0,0.719460058357,5771.77167003
2025-03-22,63,10:30,3791.67,7053.075,3728.04065438,6993.88772876,0,0,0,543.5675,0,0,0,1175.5125,6730.34394003,62,2025-03-22,61,0.6527,0,10:20,10:30,3728.04065438,6993.88772876,6,0,0,0.715287019405,6241.13319003
2025-03-22,64,10:40,3550.1007,7483.5429,3680.39404036,7222.59067654,0,0,0,655.5737,0,0,0,1247.25715,7320.36027003,63,2025-03-22,62,0.6216,0,10:30,10:40,3680.39404036,7222.59067654,6,0,0,0.70287892386,6730.34394003
2025-03-22,65,10:50,3438.0704,7721.4534,3649.27160535,7449.13681076,0,0,0,713.897166667,0,0,0,1286.9089,7962.86772003,64,2025-03-22,63,0.4832,0,10:40,10:50,3649.27160535,7449.13681076,6,0,0,0.505559732786,7320.36027003
2025-03-22,66,11:00,3592.6,7732.8,3668.93008592,7647.83755194,0,0,0,690.033333333,0,0,0,1288.8,8583.89772003,65,2025-03-22,64,0.2853,0,10:50,11:00,3668.93008592,7647.83755194,6,0,0,0.294362887113,7962.86772003
2025-03-22,67,11:10,3685.7175,7847.2361,3713.48226972,7829.98505668,0,0,0,693.586433333,0,0,0,1307.87268333,9208.12551003,66,2025-03-22,65,0.2241,0,11:00,11:10,3713.48226972,7829.98505668,6,0,0,0.286756814013,8583.89772003
2025-03-22,68,11:20,3668.4601,7740.2817,3650.25587902,7973.20920379,0,0,0,678.636933333,0,0,0,1290.04695,9818.89875003,67,2025-03-22,66,0.2506,0,11:10,11:20,3650.25587902,7973.20920379,6,0,0,0.314874006037,9208.12551003
2025-03-22,69,11:30,3611.89,7606.8375,3524.52281078,8134.26433167,0,0,0,665.824583333,0,0,0,1267.80625,10418.140875,68,2025-03-22,67,0.2582,0,11:20,11:30,3524.52281078,8134.26433167,6,0,0,0.314492614996,9818.89875003
2025-03-22,70,11:40,3624.5936,8011.717,3505.31083368,8257.30050065,0,0,0,424.287916634,0,0,306.8993167,1028.38684997,10800,69,2025-03-22,68,0.1901,0,11:30,11:40,3505.31083368,8257.30050065,6,0,0,0.346889943136,10418.140875
2025-03-22,71,11:50,3774.9157,8278.4416,3635.95356543,8387.0845877,0,0,0,0,0,0,750.58765,629.152616667,10800,70,2025-03-22,69,0.1607,0,11:40,11:50,3635.95356543,8387.0845877,6,0,0,0.3612186777,10800
2025-03-22,72,12:00,3830.99,8191.1625,3767.14785757,8530.6896404,0,0,0,0,0,0,726.695416667,638.498333333,10800,71,2025-03-22,70,0.1784,0,11:50,12:00,3767.14785757,8530.6896404,6,0,0,0.332918728308,10800
2025-03-22,73,12:10,3488.8094,8135.4693,3630.86764411,8152.0239407,0,0,0,0,0,0,774.443316667,581.468233333,10800,72,2025-03-22,71,0.1546,0,12:00,12:10,3630.86764411,8152.0239407,12,0,0,0.280636161276,10800
2025-03-22,74,12:20,3288.1525,7812.317,3487.64336581,8064.00145949,0,0,0,0,0,0,754.027416667,548.025416667,10800,73,2025-03-22,72,0.2005,0,12:10,12:20,3487.64336581,8064.00145949,12,0,0,0.276452784035,10800
2025-03-22,75,12:30,3384.53,7282.0875,3513.890333,7976.00741781,0,0,0,0,0,0,649.592916667,564.088333333,10800,74,2025-03-22,73,0.2739,0,12:20,12:30,3513.890333,7976.00741781,12,0,0,0.296495092731,10800
2025-03-22,76,12:40,3436.9515,7064.2371,3619.37286608,7890.37492911,0,0,0,0,0,0,604.5476,572.82525,10800,75,2025-03-22,74,0.2309,0,12:30,12:40,3619.37286608,7890.37492911,12,0,0,0.275787846635,10800
2025-03-22,77,12:50,3505.5411,7336.1266,3676.12455719,7803.80730504,0,0,0,0,0,0,638.430916667,584.25685,10800,76,2025-03-22,75,0.3247,0,12:40,12:50,3676.12455719,7803.80730504,12,0,0,0.37727091913,10800
2025-03-22,78,13:00,3610.08,7687.0875,3630.70373535,7715.74789456,0,0,0,0,0,0,679.50125,601.68,10800,77,2025-03-22,76,0.5467,0,12:50,13:00,3630.70373535,7715.74789456,12,0,0,0.611175395589,10800
2025-03-22,79,13:10,3655.4369,7467.448,3585.48084999,7448.57328714,0,0,0,0,0,0,635.335183333,609.239483333,10800,78,2025-03-22,77,0.6192,0,13:00,13:10,3585.48084999,7448.57328714,12,0,0,0.619009335373,10800
2025-03-22,80,13:20,3672.0771,7042.3433,3533.55247818,7212.15653019,0,0,0,0,0,0,561.711033333,612.01285,10800,79,2025-03-22,78,0.6385,0,13:10,13:20,3533.55247818,7212.15653019,12,0,0,0.595249969063,10800
2025-03-22,81,13:30,3642.94,6683.4,3485.8816274,6976.06286103,0,0,0,0,0,0,506.743333333,607.156666667,10800,80,2025-03-22,79,0.6846,0,13:20,13:30,3485.8816274,6976.06286103,12,0,0,0.607337752244,10800
2025-03-22,82,13:40,3538.7779,6363.1717,3504.77364386,6743.51182422,0,0,0,0,0,0,470.7323,589.796316667,10800,81,2025-03-22,80,0.7242,0,13:30,13:40,3504.77364386,6743.51182422,12,0,0,0.625452367347,10800
2025-03-22,83,13:50,3585.9294,6255.6542,3588.35809393,6511.01585472,0,0,0,0,0,0,444.954133333,597.6549,10800,82,2025-03-22,81,0.7285,0,13:40,13:50,3588.35809393,6511.01585472,12,0,0,0.65276206097,10800
2025-03-22,84,14:00,3669.71,6294.7875,3619.94666856,6274.31950481,0,0,0,0,0,0,437.512916667,611.618333333,10800,83,2025-03-22,82,0.6955,0,13:50,14:00,3619.94666856,6274.31950481,12,0,0,0.675440955757,10800
2025-03-22,85,14:10,3456.5337,6205.4092,3560.05510015,6074.32257225,0,0,0,0,0,0,458.145916667,576.08895,10800,84,2025-03-22,83,0.6572,0,14:00,14:10,3560.05510015,6074.32257225,12,0,0,0.690161921468,10800
2025-03-22,86,14:20,3341.6582,6048.4671,3430.63297743,5855.38451699,0,0,0,0,0,0,451.134816667,556.943033333,10800,85,2025-03-22,84,0.6788,0,14:10,14:20,3430.63297743,5855.38451699,12,0,0,0.690466899666,10800
2025-03-22,87,14:30,3480.01,5866.4625,3347.64516162,5646.05909854,0,0,0,0,0,0,397.742083333,580.001666667,10800,86,2025-03-22,85,0.7532,0,14:20,14:30,3347.64516162,5646.05909854,12,0,0,0.71002403804,10800
2025-03-22,88,14:40,3620.589,5628.3365,3475.23995041,5435.95349663,0,0,0,0,0,0,334.624583333,603.4315,10800,87,2025-03-22,86,0.7833,0,14:30,14:40,3475.23995041,5435.95349663,12,0,0,0.780774035897,10800
2025-03-22,89,14:50,3603.4724,5424.3577,3556.24017488,5229.63210277,0,0,0,0,0,0,303.480883333,600.578733333,10800,88,2025-03-22,87,0.642,0,14:40,14:50,3556.24017488,5229.63210277,12,0,0,0.656065680268,10800
2025-03-22,90,15:00,3450.34,5211.0375,3546.55397762,5024.12976961,0,0,0,0,0,0,293.449583333,575.056666667,10800,89,2025-03-22,88,0.4471,0,14:50,15:00,3546.55397762,5024.12976961,12,0,0,0.426329230145,10800
2025-03-22,91,15:10,3322.5726,4856.7517,3540.57604406,4791.35539383,0,0,0,0,0,0,255.696516667,553.7621,10800,90,2025-03-22,89,0.4594,0,15:00,15:10,3540.57604406,4791.35539383,12,0,0,0.430042997965,10800
2025-03-22,92,15:20,3317.6662,4528.6824,3557.71955051,4518.56232198,0,0,0,0,0,0,201.836033333,552.944366667,10800,91,2025-03-22,90,0.5157,0,15:10,15:20,3557.71955051,4518.56232198,12,0,0,0.482967838824,10800
2025-03-22,93,15:30,3376.16,4250.8875,3508.79428136,4235.56663408,0,0,0,0,0,0,145.787916667,562.693333333,10800,92,2025-03-22,91,0.5121,0,15:20,15:30,3508.79428136,4235.56663408,12,0,0,0.480417111758,10800
2025-03-22,94,15:40,3371.7638,3899.385,3444.03601245,3943.40385112,0,0,0,0,0,0,87.9368666667,561.960633333,10800,93,2025-03-22,92,0.511,0,15:30,15:40,3444.03601245,3943.40385112,12,0,0,0.481233485106,10800
2025-03-22,95,15:50,3456.4875,3625.128,3431.43334605,3659.1720157,0,0,0,0,0,0,28.10675,576.08125,10800,94,2025-03-22,93,0.5593,0,15:40,15:50,3431.43334605,3659.1720157,12,0,0,0.516360606955,10800
2025-03-22,96,16:00,3590.67,3389.25,3528.41484486,3380.54977268,0,0,0,0,33.57,0,0,564.875,10762.7,95,2025-03-22,94,0.6285,0,15:50,16:00,3528.41484486,3380.54977268,12,0,0,0.578830960444,10800
2025-03-22,97,16:10,3545.2703,3005.5093,3594.77398558,3045.76365588,67.7744254096,67.7744254096,0,0,22.1857412571,0,0,500.918216667,10738.0491764,96,2025-03-22,95,0.6456,47.504985716,16:00,16:10,3594.77398558,3045.76365588,12,79.3909578493,67.7744254096,0.59461455035,10762.7
2025-03-22,98,16:20,3386.5018,2727.5256,3490.90155649,2751.14950283,105.496360784,105.496360784,0,0,4.33300588219,0,0,454.5876,10733.2347254,97,2025-03-22,96,0.64,71.4042544181,16:10,16:20,3490.90155649,2751.14950283,12,117.641934272,105.496360784,0.611525034032,10738.0491764
2025-03-22,99,16:30,3295.21,2591.8125,3366.10917427,2458.91451597,138.064852148,138.064852148,0,20.8319354816,0,0,0,431.96875,10751.9834673,98,2025-03-22,97,0.6428,92.5609712295,16:20,16:30,3366.10917427,2458.91451597,12,149.928213283,138.064852148,0.644333236092,10733.2347254
2025-03-22,100,16:40,3357.7977,2361.9723,3499.90401792,2168.53341081,212.226950217,212.226950217,0,46.2560502167,0,0,0,393.66205,10793.6139125,99,2025-03-22,98,0.6531,142.215627603,16:30,16:40,3499.90401792,2168.53341081,12,223.28255094,212.226950217,0.681436887819,10751.9834673
2025-03-22,101,16:50,3159.7583,2030.6165,3290.61286265,1876.45724846,230.663163556,195.285952745,35.3772108112,7.0956527453,0,0,0,338.436083333,10800,100,2025-03-22,99,0.6438,151.941092484,16:40,16:50,3290.61286265,1876.45724846,12,241.350171279,230.663163556,0.687428428914,10793.6139125
2025-03-22,102,17:00,2811.22,1671.6,2783.99442335,1583.70665997,200.244002417,189.936666667,10.3073357507,0,0,0,0,278.6,10800,101,2025-03-22,100,0.6292,129.275052467,16:50,17:00,2783.99442335,1583.70665997,12,210.674791186,200.244002417,0.674340613333,10800
2025-03-22,103,17:10,2834.1825,1347.9779,2728.8034673,1188.32446505,258.540316868,247.700766667,10.839550201,0,0,0,0,224.662983333,10800,102,2025-03-22,101,0.6548,171.275853362,17:00,17:10,2728.8034673,1188.32446505,12,264.599125289,258.540316868,0.672491612254,10800
2025-03-22,104,17:20,2819.4121,1003.2124,2762.57184777,924.090092081,307.394945083,302.69995,4.69499508301,0,0,0,0,167.202066667,10800,103,2025-03-22,102,0.6965,215.886304028,17:10,17:20,2762.57184777,924.090092081,12,312.522654422,307.394945083,0.704301824627,10800
2025-03-22,105,17:30,2627.18,665.925,2745.05257903,663.758945812,347.065469501,326.875833333,20.1896361674,0,0,0,0,110.9875,10800,104,2025-03-22,103,0.7125,248.769688436,17:20,17:30,2745.05257903,663.758945812,12,351.23541032,347.065469501,0.741081879208,10800
2025-03-22,106,17:40,2550.9984,429.987,2705.32816434,409.568041233,381.990665602,353.5019,28.488765602,0,0,0,0,71.6645,10800,105,2025-03-22,104,0.7072,271.272805796,17:30,17:40,2705.32816434,409.568041233,12,385.183558936,381.990665602,0.720316189161,10800
2025-03-22,107,17:50,2580.0978,197.0739,2716.64409186,169.334513343,422.97251743,397.17065,25.8018674303,0,0,0,0,32.84565,10800,106,2025-03-22,105,0.856,363.010948541,17:40,17:50,2716.64409186,169.334513343,12,425.183904395,422.97251743,0.880038309528,10800
2025-03-22,108,18:00,2635.48,0,2751.90389293,0,0,0,0,0,439.246666667,0,0,0,10311.9481481,107,2025-03-22,106,1.0851,0,17:50,18:00,2751.90389293,0,12,0,0,1.12162905384,10800
2025-03-22,109,18:10,2678.7353,0,2760.86902676,0.181942732968,0,0,0,0,446.455883333,0,0,0,9815.88605556,108,2025-03-22,107,1.128,0,18:00,18:10,2760.86902676,0.181942732968,18,0,0,1.1073712491,10311.9481481
2025-03-22,110,18:20,2771.0441,7.3413,2803.23856208,0.181942732968,0,0,0,0,460.617133333,0,0,1.22355,9304.08924074,109,2025-03-22,108,1.1061,0,18:10,18:20,2803.23856208,0.181942732968,18,0,0,1.0858688934,9815.88605556
2025-03-22,111,18:30,2793.53,0,2832.62861453,0,0,0,0,0,465.588333333,0,0,0,8786.76887037,110,2025-03-22,109,1.1081,0,18:20,18:30,2832.62861453,0,18,0,0,1.14153450847,9304.08924074
2025-03-22,112,18:40,2581.5607,0,2759.23815585,0.181942732968,0,0,0,0,430.260116667,0,0,0,8308.70207407,111,2025-03-22,110,1.1049,0,18:30,18:40,2759.23815585,0.181942732968,18,0,0,1.10279187934,8786.76887037
2025-03-22,113,18:50,2579.8835,0.5271,2719.10183626,0.181942732968,0,0,0,0,429.892733333,0,0,0.08785,7831.04348148,112,2025-03-22,111,1.1248,0,18:40,18:50,2719.10183626,0.181942732968,18,0,0,1.08211322589,8308.70207407
2025-03-22,114,19:00,2777.6,0,2740.62389641,0,0,0,0,0,462.933333333,0,0,0,7316.67311111,113,2025-03-22,112,1.1446,0,18:50,19:00,2740.62389641,0,18,0,0,1.10317843938,7831.04348148
2025-03-22,115,19:10,2719.3083,0,2732.44027219,0.00088625,0,0,0,0,453.21805,0,0,0,6813.0975,114,2025-03-22,113,1.1075,0,19:00,19:10,2732.44027219,0.00088625,18,0,0,1.06645238671,7316.67311111
2025-03-22,116,19:20,2603.8094,0.0378,2751.5406847,0.00088625,15.2795882923,15.2795882923,0,0,418.682345041,0,0,0.0063,6347.8948944,115,2025-03-22,114,1.0855,24.878989637,19:10,19:20,2751.5406847,0.00088625,18,0,15.2795882923,1.03104595153,6813.0975
2025-03-22,117,19:30,2601.2,0,2762.85256878,0,459.791427422,459.791427422,0,26.258094089,0,0,0,0,6371.52717908,116,2025-03-22,115,1.0844,747.896735845,19:20,19:30,2762.85256878,0,18,0,459.791427422,1.02835073545,6347.8948944
2025-03-22,118,19:40,2669.2659,0,2738.54143766,0.00088625,0,0,0,0,444.87765,0,0,0,5877.21867908,117,2025-03-22,116,1.0496,0,19:30,19:40,2738.54143766,0.00088625,18,0,0,1.08420676042,6371.52717908
2025-03-22,119,19:50,2714.911,0.0027,2684.21661863,0.00088625,0,0,0,0,452.484716667,0,0,0.00045,5374.45788278,118,2025-03-22,117,1.0712,0,19:40,19:50,2684.21661863,0.00088625,18,0,0,1.10819444957,5877.21867908
2025-03-22,120,20:00,2691.82,0,2672.24725793,0,0,0,0,0,448.636666667,0,0,0,4875.9726976,119,2025-03-22,118,1.1374,0,19:50,20:00,2672.24725793,0,18,0,0,1.08904746139,5374.45788278
2025-03-22,121,20:10,2632.8635,0,2774.55297665,0,0,0,0,0,438.810583333,0,0,0,4388.40538278,120,2025-03-22,119,1.1398,0,20:00,20:10,2774.55297665,0,18,0,0,1.07930093635,4875.9726976
2025-03-22,122,20:20,2652.1905,0,2787.63054058,0,0,0,0,0,442.03175,0,0,0,3897.25899389,121,2025-03-22,120,1.139,0,20:10,20:20,2787.63054058,0,18,0,0,1.07197654563,4388.40538278
2025-03-22,123,20:30,2742.38,0,2735.05950031,0,0,0,0,0,457.063333333,0,0,0,3389.41084575,122,2025-03-22,121,1.1642,0,20:20,20:30,2735.05950031,0,18,0,0,1.08313559502,3897.25899389
2025-03-22,124,20:40,2776.7646,0,2832.71322218,0,0,0,0,0,462.7941,0,0,0,2875.19517908,123,2025-03-22,122,1.1549,0,20:30,20:40,2832.71322218,0,18,0,0,1.15039399104,3389.41084575
2025-03-22,125,20:50,2720.8813,0,2906.04028398,0,483.620597571,483.620597571,0,30.1403809046,0,0,0,0,2902.32152189,124,2025-03-22,123,1.0024,501.956576609,20:40,20:50,2906.04028398,0,18,449.352262368,483.620597571,1.00921826004,2875.19517908
2025-03-22,126,21:00,2659.33,0,2810.71663789,0,467.756922543,467.756922543,0,24.5352558767,0,0,0,0,2924.40325218,125,2025-03-22,124,0.7936,371.645670517,20:50,21:00,2810.71663789,0,18,468.85011001,467.756922543,0.757486427892,2902.32152189
2025-03-22,127,21:10,2716.63,0,2811.41884633,0,467.873783438,467.873783438,0,15.1021167709,0,0,0,0,2937.99515728,126,2025-03-22,125,0.746,349.441703241,21:00,21:10,2811.41884633,0,18,468.967244018,467.873783438,0.726694965274,2924.40325218
2025-03-22,128,21:20,2802.5239,0,2870.9489726,0,477.780733248,477.780733248,0,10.6934165814,0,0,0,0,2947.6192322,127,2025-03-22,126,0.7759,371.143261313,21:10,21:20,2870.9489726,0,18,478.897347208,477.780733248,0.775382899375,2937.99515728
2025-03-22,129,21:30,2849,0,2941.11941037,0,489.458434081,489.458434081,0,14.6251007478,0,0,0,0,2960.78182287,128,2025-03-22,127,0.799,391.534279172,21:20,21:30,2941.11941037,0,18,490.602339815,489.458434081,0.783352314564,2947.6192322
2025-03-22,130,21:40,2834.9436,0,3058.44033339,0,361.180460444,361.180460444,0,0,111.310139556,0,0,0,2837.10389003,129,2025-03-22,128,0.7838,341.483190735,21:30,21:40,3058.44033339,0,18,510.17241206,361.180460444,0.845503451567,2960.78182287
2025-03-22,131,21:50,2629.7148,0,2775.27146651,0,461.858169157,461.858169157,0,23.5723691574,0,0,0,0,2858.31902227,130,2025-03-22,129,0.6095,281.831501733,21:40,21:50,2775.27146651,0,18,462.937570739,461.858169157,0.647807339084,2837.10389003
2025-03-22,132,22:00,2320.05,0,2382.63098579,0,1231.635024,1220.00833333,11.6266906689,833.333333333,0,0,0,0,3608.31902227,131,2025-03-22,130,0.3671,452.631204101,21:50,22:00,2382.63098579,0,18,1230.77531832,1231.635024,0.314510931445,2858.31902227
2025-03-22,133,22:10,2186.4053,0,2404.68610216,0,1235.32195252,1197.73421667,37.5877358571,833.333333333,0,0,0,0,4358.31902227,132,2025-03-22,131,0.2993,370.141631902,22:00,22:10,2404.68610216,0,18,1234.45428887,1235.32195252,0.291260933178,3608.31902227
2025-03-22,134,22:20,2293.0684,0,2416.45180917,0,1237.28881228,1215.5114,21.7774122782,833.333333333,0,0,0,0,5108.31902227,133,2025-03-22,132,0.3201,396.496541868,22:10,22:20,2416.45180917,0,18,1236.4169033,1237.28881228,0.32587737829,4358.31902227
2025-03-22,135,22:30,2451.16,0,2365.3898942,0,1228.75285049,1228.75285049,0,820.226183818,0,0,0,0,5846.52258771,134,2025-03-22,133,0.3521,433.118061038,22:20,22:30,2365.3898942,0,18,1227.89936577,1228.75285049,0.317674350338,5108.31902227
2025-03-22,136,22:40,2396.3096,0,2458.75878514,0,1244.36122095,1232.71826667,11.6429542873,833.333333333,0,0,0,0,6596.52258771,135,2025-03-22,134,0.3933,489.957843246,22:30,22:40,2458.75878514,0,18,1243.47404669,1244.36122095,0.328923271995,5846.52258771
2025-03-22,137,22:50,2337.3433,0,2513.41743442,0,1253.4984447,1222.89055,30.607894699,833.333333333,0,0,0,0,7346.52258771,136,2025-03-22,135,0.3728,467.837699,22:40,22:50,2513.41743442,0,18,1252.59154839,1253.4984447,0.324655235729,6596.52258771
2025-03-22,138,23:00,2363.74,0,2387.11909907,0,1232.38529676,1227.29,5.09529675549,833.333333333,0,0,0,0,8096.52258771,137,2025-03-22,136,0.2959,365.064966377,22:50,23:00,2387.11909907,0,18,1231.52397166,1232.38529676,0.306263001437,7346.52258771
2025-03-22,139,23:10,2385.8885,0,2381.00168164,0,1231.3626551,1230.98141667,0.381238429658,833.333333333,0,0,0,0,8846.52258771,138,2025-03-22,137,0.255,314.343158865,23:00,23:10,2381.00168164,0,18,1230.5035373,1231.3626551,0.323887147403,8096.52258771
2025-03-22,140,23:20,2539.6334,0,2416.17303524,0,1237.24220996,1237.24220996,0,813.969976627,0,0,0,0,9579.09556667,139,2025-03-22,138,0.3103,425.179447365,23:10,23:20,2416.17303524,0,18,1236.37040157,1237.24220996,0.330436308501,8846.52258771
2025-03-22,141,23:30,2623.91,0,2428.78040654,0,1239.34976977,1239.34976977,0,802.031436434,0,0,0,0,10300.9238595,140,2025-03-22,139,0.3833,475.572800743,23:20,23:30,2428.78040654,0,18,1238.47341236,1239.34976977,0.312206416678,9579.09556667
2025-03-22,142,23:40,2365.6529,0,2468.87902643,0,1246.05301009,948.804528372,297.248481719,554.529045038,0,0,0,0,10800,141,2025-03-22,140,0.3372,420.643059381,23:30,23:40,2468.87902643,0,18,1245.16218422,1246.05301009,0.298804555458,10300.9238595
2025-03-22,143,23:50,2722.5157,0,2746.21562208,0,505.129099373,453.752616667,51.3764827061,0,0,0,0,0,10800,142,2025-03-22,141,0.3112,245.929864018,23:40,23:50,2746.21562208,0,18,979.184263823,505.129099373,0.335876918828,10800
2025-03-22,144,00:00+1,3487.42,0,3321.41449809,0,555.237054287,555.237054287,0,0,25.99961238,0,0,0,10771.1115418,143,2025-03-22,142,0.3593,200.176122734,23:50,00:00+1,3321.41449809,0,18,554.038614859,555.237054287,0.413911155822,10800
2025-03-23,1,00:10,3450.6115,0,3440.08332594,0,422.962627047,422.962627047,0,0,152.13928962,0,0,0,10602.0678867,0,2025-03-22,143,0.3978,168.254533039,00:00,00:10,2537.77576228,0,0,422.962627047,422.962627047,0.445850010831,10771.1115418
2025-03-23,2,00:20,3267.5474,0,3371.39461369,0,561.899102281,561.899102281,0,17.3078689479,0,0,0,0,10617.6449687,1,2025-03-23,0,0.4168,234.199545831,00:10,00:20,3371.39461369,0,0,561.899102281,561.899102281,0.422716787532,10602.0678867
2025-03-23,3,00:30,3367.92,0,3418.0739483,0,569.678991384,569.678991384,0,8.35899138372,0,0,0,0,10625.168061,2,2025-03-23,1,0.424,241.543892347,00:20,00:30,3418.0739483,0,0,569.678991384,569.678991384,0.424910139938,10617.6449687
2025-03-23,4,00:40,3507.2084,0,3439.74719293,0,573.291198821,573.291198821,0,0,11.2435345124,0,0,0,10612.6752448,3,2025-03-23,2,0.4252,243.763417739,00:30,00:40,3439.74719293,0,0,573.291198821,573.291198821,0.42067037899,10625.168061
2025-03-23,5,00:50,3578.1579,0,3501.68851144,0,583.614751906,583.614751906,0,0,12.7448980937,0,0,0,10598.514247,4,2025-03-23,3,0.4238,247.335931858,00:40,00:50,3501.68851144,0,0,583.614751906,583.614751906,0.42136191378,10612.6752448
2025-03-23,6,01:00,3536.89,0,3581.04458008,0,596.840763347,596.840763347,0,7.35909668073,0,0,0,0,10605.137434,5,2025-03-23,4,0.4104,244.943449278,00:50,01:00,3581.04458008,0,0,596.840763347,596.840763347,0.432659834324,10598.514247
2025-03-23,7,01:10,3417.1036,0,3542.37066866,0,590.395111444,590.395111444,0,20.877844777,0,0,0,0,10623.9274943,6,2025-03-23,5,0.3794,223.995905282,01:00,01:10,3542.37066866,0,0,590.395111444,590.395111444,0.445020438293,10605.137434
2025-03-23,8,01:20,3461.4616,0,3538.69748194,0,589.782913657,589.782913657,0,12.8726469908,0,0,0,0,10635.5128766,7,2025-03-23,6,0.386,227.656204672,01:10,01:20,3538.69748194,0,0,589.782913657,589.782913657,0.440924043459,10623.9274943
2025-03-23,9,01:30,3595.09,0,3586.68057898,0,597.780096496,597.780096496,0,0,1.40157017065,0,0,0,10633.9555764,8,2025-03-23,7,0.4289,256.387883387,01:20,01:30,3586.68057898,0,0,597.780096496,597.780096496,0.424944061683,10635.5128766
2025-03-23,10,01:40,3509.0564,0,3516.39839379,0,586.066398965,586.066398965,0,1.2236656319,0,0,0,0,10635.0568754,9,2025-03-23,8,0.4501,263.788486174,01:30,01:40,3516.39839379,0,0,586.066398965,586.066398965,0.433307066718,10633.9555764
2025-03-23,11,01:50,3425.1581,0,3469.27787495,0,578.212979158,578.212979158,0,7.35329582435,0,0,0,0,10641.6748417,10,2025-03-23,9,0.452,261.352266579,01:40,01:50,3469.27787495,0,0,578.212979158,578.212979158,0.441633891055,10635.0568754
2025-03-23,12,02:00,3446.87,0,3492.37037752,0,582.061729586,582.061729586,0,7.5833962527,0,0,0,0,10648.4998983,11,2025-03-23,10,0.4477,260.589036336,01:50,02:00,3492.37037752,0,0,582.061729586,582.061729586,0.437192028955,10641.6748417
2025-03-23,13,02:10,3468.3177,0,3555.38672628,0,592.56445438,592.56445438,0,14.5115043799,0,0,0,0,10661.5602523,12,2025-03-23,11,0.4435,262.802335517,02:00,02:10,3555.38672628,0,0,592.56445438,592.56445438,0.441966798444,10648.4998983
2025-03-23,14,02:20,3559.5393,0,3574.42825647,0,595.738042745,595.738042745,0,2.48149274529,0,0,0,0,10663.7935957,13,2025-03-23,12,0.4398,262.005591199,02:10,02:20,3574.42825647,0,0,595.738042745,595.738042745,0.455568898647,10661.5602523
2025-03-23,15,02:30,3679.15,0,3518.42326742,0,586.403877903,586.403877903,0,0,26.7877887637,0,0,0,10634.029386,14,2025-03-23,13,0.442,259.190514033,02:20,02:30,3518.42326742,0,0,586.403877903,586.403877903,0.46681778681,10663.7935957
2025-03-23,16,02:40,3681.3606,0,3475.14160946,0,579.190268244,579.190268244,0,0,34.3698317558,0,0,0,10595.840684,15,2025-03-23,14,0.4555,263.821167185,02:30,02:40,3475.14160946,0,0,579.190268244,579.190268244,0.455641990661,10634.029386
2025-03-23,17,02:50,3631.7104,0,3500.54657652,0,583.42442942,583.42442942,0,0,21.8606372463,0,0,0,10571.5510871,16,2025-03-23,15,0.4614,269.192031735,02:40,02:50,3500.54657652,0,0,583.42442942,583.42442942,0.458167170717,10595.840684
2025-03-23,18,03:00,3562.28,0,3605.5770832,0,600.929513867,600.929513867,0,7.2161805337,0,0,0,0,10578.0456496,17,2025-03-23,16,0.4411,265.070008567,02:50,03:00,3605.5770832,0,0,600.929513867,600.929513867,0.468714766445,10571.5510871
2025-03-23,19,03:10,3479.3672,0,3689.25721621,0,614.876202702,614.876202702,0,34.9816693684,0,0,0,0,10609.529152,18,2025-03-23,17,0.4038,248.287010651,03:00,03:10,3689.25721621,0,0,614.876202702,614.876202702,0.446752261918,10578.0456496
2025-03-23,20,03:20,3618.5746,0,3653.5435544,0,608.923925734,608.923925734,0,5.82815906749,0,0,0,0,10614.7744952,19,2025-03-23,18,0.4359,265.429939228,03:10,03:20,3653.5435544,0,0,608.923925734,608.923925734,0.433311901294,10609.529152
2025-03-23,21,03:30,3826.07,0,3584.92873071,0,597.488121785,597.488121785,0,0,40.1902115485,0,0,0,10570.1187046,20,2025-03-23,19,0.5,298.744060892,03:20,03:30,3584.92873071,0,0,597.488121785,597.488121785,0.445891342906,10614.7744952
2025-03-23,22,03:40,3685.8627,0,3599.7852181,0,599.964203017,599.964203017,0,0,14.3462469831,0,0,0,10554.1784301,21,2025-03-23,20,0.4707,282.40315036,03:30,03:40,3599.7852181,0,0,599.964203017,599.964203017,0.45649923951,10570.1187046
2025-03-23,23,03:50,3513.1234,0,3628.63202572,0,604.772004287,604.772004287,0,19.2514376205,0,0,0,0,10571.504724,22,2025-03-23,21,0.436,263.680593869,03:40,03:50,3628.63202572,0,0,604.772004287,604.772004287,0.444259914959,10554.1784301
2025-03-23,24,04:00,3557.81,0,3618.05912172,0,603.00985362,603.00985362,0,10.0415202869,0,0,0,0,10580.5420922,23,2025-03-23,22,0.454,273.766473544,03:50,04:00,3618.05912172,0,0,603.00985362,603.00985362,0.433972974083,10571.504724
2025-03-23,25,04:10,3743.9665,0.0017,3528.64618049,0.000918724279835,588.107543628,588.107543628,0,0,35.8865897049,0,0,0.000283333333333,10540.6681037,24,2025-03-23,23,0.4878,286.878859782,04:00,04:10,3528.64618049,0.000918724279835,0,588.107543628,588.107543628,0.454834489783,10580.5420922
2025-03-23,26,04:20,3724.7642,0,3485.196919,0.000918724279835,580.866000046,580.866000046,0,0,39.9280332874,0,0,0,10496.3036223,25,2025-03-23,24,0.4663,270.857815821,04:10,04:20,3485.196919,0.000918724279835,0,580.866000046,580.866000046,0.449225200541,10540.6681037
2025-03-23,27,04:30,3568.2,0,3534.3859387,0,589.064323116,589.064323116,0,0,5.63567688401,0,0,0,10490.0417591,26,2025-03-23,25,0.4077,240.161524534,04:20,04:30,3534.3859387,0,0,589.064323116,589.064323116,0.426068622317,10496.3036223
2025-03-23,28,04:40,3652.6995,0.0242,3630.53184985,0.000918724279835,605.088488521,605.088488521,0,0,3.69072814607,0,0,0.00403333333333,10485.94095,27,2025-03-23,26,0.4023,243.427098932,04:30,04:40,3630.53184985,0.000918724279835,0,605.088488521,605.088488521,0.458632559086,10490.0417591
2025-03-23,29,04:50,3695.8505,0,3642.01336863,0.000918724279835,607.002074984,607.002074984,0,0,8.97300834969,0,0,0,10475.9709407,28,2025-03-23,27,0.4372,265.381307183,04:40,04:50,3642.01336863,0.000918724279835,0,607.002074984,607.002074984,0.460006545503,10485.94095
2025-03-23,30,05:00,3620.21,0,3531.91044364,0,588.651740607,588.651740607,0,0,14.7165927258,0,0,0,10459.619171,29,2025-03-23,28,0.4607,271.191856898,04:50,05:00,3531.91044364,0,0,588.651740607,588.651740607,0.423831241158,10475.9709407
2025-03-23,31,05:10,3655.9561,0.3367,3471.46041211,0.188294839152,578.545352878,578.545352878,0,0,30.724547122,0,0,0.0561166666667,10425.4807853,30,2025-03-23,29,0.438,253.402864561,05:00,05:10,3471.46041211,0.188294839152,0,578.545352878,578.545352878,0.438880765849,10459.619171
2025-03-23,32,05:20,3757.2802,0,3538.45614628,0.188294839152,589.711308574,589.711308574,0,0,36.5020580929,0,0,0,10384.922943,31,2025-03-23,30,0.4438,261.713878745,05:10,05:20,3538.45614628,0.188294839152,0,589.711308574,589.711308574,0.460722234985,10425.4807853
2025-03-23,33,05:30,3699.05,0,3566.24447341,0,594.374078902,594.374078902,0,0,22.1342544309,0,0,0,10360.329327,32,2025-03-23,31,0.4467,265.506901046,05:20,05:30,3566.24447341,0,0,594.374078902,594.374078902,0.44111167737,10384.922943
2025-03-23,34,05:40,3426.3039,4.689,3458.68459084,0.188294839152,794.174328745,794.174328745,0,223.905178745,0,0,0,0.7815,10561.8439878,33,2025-03-23,32,0.3912,310.680997405,05:30,05:40,3458.68459084,0.188294839152,0,794.174328745,794.174328745,0.38843393613,10360.329327
2025-03-23,35,05:50,3922.9107,0,3961.53358501,0.188294839152,660.224215029,660.224215029,0,6.40576502853,0,0,0,0,10567.6091764,34,2025-03-23,33,0.6363,420.100668023,05:40,05:50,3961.53358501,0.188294839152,0,660.224215029,660.224215029,0.596503054382,10561.8439878
2025-03-23,36,06:00,4917.21,11.625,4777.66121626,0,0,0,0,0,817.5975,0,0,1.9375,9659.16750971,35,2025-03-23,34,1.0318,0,05:50,06:00,4777.66121626,0,0,0,0,0.947799284564,10567.6091764
2025-03-23,37,06:10,5089.1019,182.9627,4769.3338443,194.544506279,0,0,0,0,817.689866667,0,0,30.4937833333,8750.62321341,36,2025-03-23,35,1.033,0,06:00,06:10,4769.3338443,194.544506279,6,0,0,0.998854521375,9659.16750971
2025-03-23,38,06:20,4963.7033,444.575,4613.86465663,458.032241612,0,0,0,0,753.18805,0,0,74.0958333333,7913.7476023,37,2025-03-23,36,0.9552,0,06:10,06:20,4613.86465663,458.032241612,6,0,0,0.944940883174,8750.62321341
2025-03-23,39,06:30,4938.03,722.2875,4797.02783809,749.72646439,0,0,0,0,702.62375,0,0,120.38125,7133.05454674,38,2025-03-23,37,0.9704,0,06:20,06:30,4797.02783809,749.72646439,6,0,0,0.922348450155,7913.7476023
2025-03-23,40,06:40,4866.8287,990.4178,4772.67324563,1044.46184486,0,0,0,0,646.068483333,0,0,165.069633333,6415.20067637,39,2025-03-23,38,0.9354,0,06:30,06:40,4772.67324563,1044.46184486,6,0,0,0.901969012149,7133.05454674
2025-03-23,41,06:50,4849.9397,1307.4091,4637.28455117,1339.36227213,0,0,0,0,590.421766667,0,0,217.901516667,5759.17649119,40,2025-03-23,39,0.9015,0,06:40,06:50,4637.28455117,1339.36227213,6,0,0,0.894918617689,6415.20067637
2025-03-23,42,07:00,4825.19,1677.3,4678.19399844,1647.30715938,468.136042712,468.136042712,0,0,56.5122906214,0,0,279.55,5696.38505717,41,2025-03-23,40,0.8682,609.653568424,06:50,07:00,4678.19399844,1647.30715938,6,0,468.136042712,0.880589038387,5759.17649119
2025-03-23,43,07:10,4644.5765,2042.9806,4920.90468542,1931.57817144,498.410733553,498.410733553,0,64.8114168858,0,0,0,340.496766667,5754.71533236,42,2025-03-23,41,0.7764,386.96609353,07:00,07:10,4920.90468542,1931.57817144,6,498.410733553,498.410733553,0.839884382206,5696.38505717
2025-03-23,44,07:20,4706.3784,2400.8395,4932.37938363,2220.11074036,461.329800087,461.329800087,5.68434188608e-14,77.0733167538,0,0,0,400.139916667,5824.08131744,43,2025-03-23,42,0.7431,342.814174445,07:10,07:20,4932.37938363,2220.11074036,6,461.329800087,461.329800087,0.832908502154,5754.71533236
2025-03-23,45,07:30,4861.31,2705.025,4676.74865526,2508.63433827,379.8709386,379.8709386,0,20.4901052665,0,0,0,450.8375,5842.52241218,44,2025-03-23,43,0.7486,284.371384636,07:20,07:30,4676.74865526,2508.63433827,6,379.8709386,379.8709386,0.80443608061,5824.08131744
2025-03-23,46,07:40,4699.7854,2905.8599,4610.29760888,2797.11454328,1135.53051093,1132.32091667,3.2095942666,833.333333333,0,0,0,484.309983333,6592.52241218,45,2025-03-23,44,0.6927,790.679970983,07:30,07:40,4610.29760888,2797.11454328,6,1123.69858929,1135.53051093,0.703716572765,5842.52241218
2025-03-23,47,07:50,5430.2926,3156.088,5450.82281385,3085.64430199,0,0,0,0,379.0341,0,0,526.014666667,6171.37341218,46,2025-03-23,45,0.8602,0,07:40,07:50,5450.82281385,3085.64430199,6,0,0,0.895570937561,6592.52241218
2025-03-23,48,08:00,6685.6,3476.85,6538.64581064,3374.26191152,0,0,0,0,534.791666667,0,0,579.475,5577.16044922,47,2025-03-23,46,1.1653,0,07:50,08:00,6538.64581064,3374.26191152,6,0,0,1.21435398706,6171.37341218
2025-03-23,49,08:10,6763.6612,3776.3018,6603.17150301,3702.0546254,0,0,0,0,497.893233333,0,0,629.383633333,5023.94574551,48,2025-03-23,47,1.1997,0,08:00,08:10,6603.17150301,3702.0546254,6,0,0,1.21404477221,5577.16044922
2025-03-23,50,08:20,6530.4784,4227.7208,6468.68013989,4005.37602649,0,0,0,0,383.792933333,0,0,704.620133333,4597.50915292,49,2025-03-23,48,1.1311,0,08:10,08:20,6468.68013989,4005.37602649,6,0,0,1.13328677041,5023.94574551
2025-03-23,51,08:30,6518.87,4748.325,6583.62643672,4312.23207066,0,0,0,0,295.090833333,0,0,791.3875,4269.63044922,50,2025-03-23,49,1.0949,0,08:20,08:30,6583.62643672,4312.23207066,6,0,0,1.12655501938,4597.50915292
2025-03-23,52,08:40,6409.6637,5039.8036,6566.39197805,4610.84053272,0,0,0,0,228.310016667,0,0,839.967266667,4015.95265292,51,2025-03-23,50,1.0645,0,08:30,08:40,6566.39197805,4610.84053272,6,0,0,1.10404053009,4269.63044922
2025-03-23,53,08:50,6445.0668,5231.9848,6506.43217801,4909.675002,0,0,0,0,202.180333333,0,0,871.997466667,3791.30783811,52,2025-03-23,51,1.0898,0,08:40,08:50,6506.43217801,4909.675002,6,0,0,1.05050497352,4015.95265292
2025-03-23,54,09:00,6590.58,5402.8125,6444.80021207,5210.89630441,0,0,0,0,197.96125,0,0,900.46875,3571.35089366,53,2025-03-23,52,1.1164,0,08:50,09:00,6444.80021207,5210.89630441,6,0,0,1.00773224616,3791.30783811
2025-03-23,55,09:10,6526.8877,5488.9249,6456.20593295,5441.98222586,0,0,0,0,172.9938,0,0,914.820816667,3379.13556033,54,2025-03-23,53,1.0351,0,09:00,09:10,6456.20593295,5441.98222586,6,0,0,1.04559089238,3571.35089366
2025-03-23,56,09:20,6493.5843,5514.0559,6505.22371972,5610.62268506,0,0,0,0,163.254733333,0,0,919.009316667,3197.74141218,55,2025-03-23,54,1.0087,0,09:10,09:20,6505.22371972,5610.62268506,6,0,0,1.01722234528,3379.13556033
2025-03-23,57,09:30,6559.42,5579.7,6509.28953235,5773.86898449,0,0,0,0,163.286666667,0,0,929.95,3016.31178255,56,2025-03-23,55,1.0677,0,09:20,09:30,6509.28953235,5773.86898449,6,0,0,0.940472317713,3197.74141218
2025-03-23,58,09:40,6546.5366,5791.0234,6481.58660713,5931.24766,0,0,0,0,125.918866667,0,0,965.170566667,2876.4019307,57,2025-03-23,56,1.0687,0,09:30,09:40,6481.58660713,5931.24766,6,0,0,0.950774825699,3016.31178255
2025-03-23,59,09:50,6543.9909,6054.476,6483.17357596,6092.9185172,0,0,0,0,81.5858166667,0,0,1009.07933333,2785.75102329,58,2025-03-23,57,0.9858,0,09:40,09:50,6483.17357596,6092.9185172,6,0,0,0.956770253448,2876.4019307
2025-03-23,60,10:00,6534.66,6303.6375,6522.64565774,6257.50735086,0,0,0,0,38.50375,0,0,1050.60625,2742.96907885,59,2025-03-23,58,0.9078,0,09:50,10:00,6522.64565774,6257.50735086,6,0,0,0.933548681902,2785.75102329
2025-03-23,61,10:10,6402.5536,6552.7244,6531.25293659,6411.26791212,0,0,0,25.0284666667,0,0,0,1092.12073333,2765.49469885,60,2025-03-23,59,0.9431,0,10:00,10:10,6531.25293659,6411.26791212,6,0,0,0.957932993213,2742.96907885
2025-03-23,62,10:20,6332.7993,6825.8573,6495.26729674,6485.53487338,0,0,0,82.1763333333,0,0,0,1137.64288333,2839.45339885,61,2025-03-23,60,0.9537,0,10:10,10:20,6495.26729674,6485.53487338,6,0,0,0.927733759398,2765.49469885
2025-03-23,63,10:30,6385.12,7079.8875,6444.61012587,6563.71373841,0,0,0,115.794583333,0,0,0,1179.98125,2943.66852385,62,2025-03-23,61,0.9201,0,10:20,10:30,6444.61012587,6563.71373841,6,0,0,0.873471268364,2839.45339885
2025-03-23,64,10:40,6444.1779,7204.8719,6462.90168721,6643.07817327,0,0,0,126.782333333,0,0,0,1200.81198333,3057.77262385,63,2025-03-23,62,0.9354,0,10:30,10:40,6462.90168721,6643.07817327,6,0,0,0.935660317285,2943.66852385
2025-03-23,65,10:50,6500.264,7111.1629,6413.15220003,6721.41239052,0,0,0,101.816483333,0,0,0,1185.19381667,3149.40745885,64,2025-03-23,63,0.8306,0,10:40,10:50,6413.15220003,6721.41239052,6,0,0,0.798016119166,3057.77262385
2025-03-23,66,11:00,6467.29,6985.4625,6350.62106097,6784.37415639,0,0,0,86.3620833333,0,0,0,1164.24375,3227.13333385,65,2025-03-23,64,0.6244,0,10:50,11:00,6350.62106097,6784.37415639,6,0,0,0.510641992568,3149.40745885
2025-03-23,67,11:10,6271.4093,7146.7738,6330.29912843,6972.06793349,657.52496053,657.52496053,0,803.419043864,0,0,0,1191.12896667,3950.21047332,66,2025-03-23,65,0.5339,351.052576427,11:00,11:10,6330.29912843,6972.06793349,6,657.52496053,657.52496053,0.486972461248,3227.13333385
2025-03-23,68,11:20,6284.6894,7375.2026,6363.70243052,7118.63858022,447.162474347,447.162474347,0,628.914674347,0,0,0,1229.20043333,4516.23368024,67,2025-03-23,66,0.5479,245.000319695,11:10,11:20,6363.70243052,7118.63858022,6,447.162474347,447.162474347,0.505660194919,3950.21047332
2025-03-23,69,11:30,6466.18,7631.025,6420.38747876,7269.86374224,634.606995593,634.606995593,0,828.747828927,0,0,0,1271.8375,5262.10672627,68,2025-03-23,67,0.5601,355.443378232,11:20,11:30,6420.38747876,7269.86374224,6,634.606995593,634.606995593,0.453091103707,4516.23368024
2025-03-23,70,11:40,6376.0004,8045.0799,6428.78665858,7421.46190035,615.969890941,555.153416667,60.8164742748,833.333333333,0,0,0,1340.84665,6012.10672627,69,2025-03-23,68,0.4852,298.868591085,11:30,11:40,6428.78665858,7421.46190035,6,615.969890941,615.969890941,0.464553025219,5262.10672627
2025-03-23,71,11:50,6082.1794,8184.1843,6301.99193407,7562.66294655,579.132844221,482.999183333,96.1336608878,833.333333333,0,0,0,1364.03071667,6762.10672627,70,2025-03-23,69,0.4552,263.621270689,11:40,11:50,6301.99193407,7562.66294655,6,579.132844221,579.132844221,0.472437704485,6012.10672627
2025-03-23,72,12:00,5808.96,8043.9375,6063.35126357,7691.20669022,528.888892409,460.837083333,68.051809076,833.333333333,0,0,0,1340.65625,7512.10672627,71,2025-03-23,70,0.4776,252.597335015,11:50,12:00,6063.35126357,7691.20669022,6,528.888892409,528.888892409,0.444652351988,6762.10672627
2025-03-23,73,12:10,5757.7239,8018.9778,5951.83471439,7923.1718333,218.503197579,218.503197579,0,595.378847579,0,0,0,1336.4963,8047.94768909,72,2025-03-23,71,0.4422,165.949428486,12:00,12:10,5951.83471439,7923.1718333,12,532.059572599,218.503197579,0.444066992923,7512.10672627
2025-03-23,74,12:20,5932.3656,7828.9836,5998.37900998,7779.22834383,0,0,0,316.103,0,0,0,1304.8306,8332.44038909,73,2025-03-23,72,0.4711,130.696504068,12:10,12:20,5998.37900998,7779.22834383,12,554.856735589,0,0.452596298718,8047.94768909
2025-03-23,75,12:30,6009.63,7519.2,6030.76714383,7636.20189076,0,0,0,251.595,0,0,0,1253.2,8558.87588909,74,2025-03-23,73,0.513,148.433309396,12:20,12:30,6030.76714383,7636.20189076,12,578.687366068,0,0.453576211386,8332.44038909
2025-03-23,76,12:40,5695.5426,7454.5374,5967.44847229,7493.62181195,578.971110057,540.167533333,38.8035767239,833.333333333,0,0,0,1242.4229,9308.87588909,75,2025-03-23,74,0.423,246.873640247,12:30,12:40,5967.44847229,7493.62181195,12,588.280144068,578.971110057,0.439910382615,8558.87588909
2025-03-23,77,12:50,5866.2191,7302.4076,6086.73610566,7347.75284834,0,0,0,239.36475,0,0,0,1217.06793333,9524.30416409,76,2025-03-23,75,0.5891,0,12:40,12:50,6086.73610566,7347.75284834,12,0,0,0.579953492538,9308.87588909
2025-03-23,78,13:00,6394.05,7147.875,6292.9512257,7200.70409618,0,0,0,125.6375,0,0,0,1191.3125,9637.37791409,77,2025-03-23,76,0.9244,0,12:50,13:00,6292.9512257,7200.70409618,12,0,0,0.833131376355,9524.30416409
2025-03-23,79,13:10,6270.4014,7427.417,6330.43203497,7252.98981076,0,0,0,192.835933333,0,0,0,1237.90283333,9810.93025409,78,2025-03-23,77,0.9245,0,13:00,13:10,6330.43203497,7252.98981076,12,0,0,0.904547114264,9637.37791409
2025-03-23,80,13:20,6126.7353,7619.8709,6326.08025518,7290.99406782,0,0,0,248.855933333,0,0,0,1269.97848333,10034.9005941,79,2025-03-23,78,0.8458,0,13:10,13:20,6326.08025518,7290.99406782,12,0,0,0.911003535321,9810.93025409
2025-03-23,81,13:30,6268.23,7568.3625,6347.77845286,7331.55311568,0,0,0,216.68875,0,0,0,1261.39375,10229.9204691,80,2025-03-23,79,0.8602,0,13:20,13:30,6347.77845286,7331.55311568,12,0,0,0.939174653611,10034.9005941
2025-03-23,82,13:40,6325.794,7595.5322,6303.41203265,7371.8638671,0,0,0,211.623033333,0,0,0,1265.92203333,10420.3811991,81,2025-03-23,80,0.8747,0,13:30,13:40,6303.41203265,7371.8638671,12,0,0,0.936249500711,10229.9204691
2025-03-23,83,13:50,6240.85,7518.7834,6284.23245921,7414.43196015,0,0,0,212.9889,0,0,0,1253.13056667,10612.0712091,82,2025-03-23,81,0.8669,0,13:40,13:50,6284.23245921,7414.43196015,12,0,0,0.928063176919,10420.3811991
2025-03-23,84,14:00,6160.19,7426.6125,6287.22987528,7455.34122372,0,0,0,208.809767675,0,0,2.26064899129,1235.50810101,10800,83,2025-03-23,82,0.8591,0,13:50,14:00,6287.22987528,7455.34122372,12,0,0,0.929927594173,10612.0712091
2025-03-23,85,14:10,6251.3098,7613.3493,6205.61027335,7127.63609799,0,0,0,0,0,0,227.006583333,1041.88496667,10800,84,2025-03-23,83,0.878,0,14:00,14:10,6205.61027335,7127.63609799,12,0,0,0.940728478498,10800
2025-03-23,86,14:20,6297.0662,7601.7738,6189.91532472,6829.79122256,0,0,0,0,0,0,217.451266667,1049.51103333,10800,85,2025-03-23,84,0.8758,0,14:10,14:20,6189.91532472,6829.79122256,12,0,0,0.938714998966,10800
2025-03-23,87,14:30,6222.08,7207.575,6254.00512837,6535.97296401,0,0,0,0,0,0,164.249166667,1037.01333333,10800,86,2025-03-23,85,0.8878,0,14:20,14:30,6254.00512837,6535.97296401,12,0,0,0.959502598715,10800
2025-03-23,88,14:40,6160.961,6687.2062,6274.05681669,6248.08548493,0,0,0,0,0,0,87.7075333333,1026.82683333,10800,87,2025-03-23,86,0.9738,0,14:30,14:40,6274.05681669,6248.08548493,12,0,0,1.00485225921,10800
2025-03-23,89,14:50,6130.1839,6106.8525,6266.50377018,5955.51990555,0,0,0,0,3.88856666667,0,0,1017.80875,10795.6793704,88,2025-03-23,87,0.8959,0,14:40,14:50,6266.50377018,5955.51990555,12,0,0,0.915696632996,10800
2025-03-23,90,15:00,6088.02,5653.1625,6238.57179086,5659.80544058,96.4610583794,77.2769495885,19.1841087909,4.80069958848,0,0,0,942.19375,10800,89,2025-03-23,88,0.6895,105.114510814,14:50,15:00,6238.57179086,5659.80544058,12,208.439625635,96.4610583794,0.72358828831,10795.6793704
2025-03-23,91,15:10,6018.7797,5524.5511,6181.7718988,5361.81644154,205.991587813,82.3714333333,123.62015448,0,0,0,0,920.758516667,10800,90,2025-03-23,89,0.6445,291.25268368,15:00,15:10,6181.7718988,5361.81644154,12,697.818136563,205.991587813,0.675929410741,10800
2025-03-23,92,15:20,6100.9371,5295.1247,6233.53056918,5047.26041281,197.711692729,134.302066667,63.4096260623,0,0,0,0,882.520783333,10800,91,2025-03-23,90,0.6777,166.014827551,15:10,15:20,6233.53056918,5047.26041281,12,292.224348444,197.711692729,0.748940607104,10800
2025-03-23,93,15:30,6239.74,4888.275,6337.61548901,4731.64939041,267.661016435,225.244166667,42.416849768,0,0,0,0,814.7125,10800,92,2025-03-23,91,0.7026,216.390017857,15:20,15:30,6337.61548901,4731.64939041,12,348.308291441,267.661016435,0.801887064943,10800
2025-03-23,94,15:40,6153.9798,4604.4958,6262.43176382,4403.63201552,309.799958049,258.247333333,51.5526247154,0,0,0,0,767.415966667,10800,93,2025-03-23,92,0.7298,253.444940453,15:30,15:40,6262.43176382,4403.63201552,12,384.760032231,309.799958049,0.78478827618,10800
2025-03-23,95,15:50,6092.4019,4238.6083,6173.49924047,4081.02050932,348.746455192,308.9656,39.7808551916,0,0,0,0,706.434716667,10800,94,2025-03-23,93,0.778,296.910548077,15:40,15:50,6173.49924047,4081.02050932,12,414.519735238,348.746455192,0.78520686957,10800
2025-03-23,96,16:00,6156.99,3794.55,6131.69076725,3764.15276302,394.589667373,393.74,0.849667372693,0,0,0,0,632.425,10800,95,2025-03-23,94,0.821,345.642861241,15:50,16:00,6131.69076725,3764.15276302,12,447.414866711,394.589667373,0.82251615902,10800
2025-03-23,97,16:10,6192.347,3512.5662,6133.0293146,3447.78629549,447.540503186,446.630133333,0.910369852508,0,0,0,0,585.4277,10800,96,2025-03-23,95,0.8155,392.677220405,16:00,16:10,6133.0293146,3447.78629549,12,515.493758996,447.540503186,0.844450881145,10800
2025-03-23,98,16:20,6149.898,3224.4946,6167.94988671,3135.13915037,505.468456057,487.567233333,17.9012227237,0,0,0,0,537.415766667,10800,97,2025-03-23,96,0.8309,445.789511068,16:10,16:20,6167.94988671,3135.13915037,12,567.559612465,505.468456057,0.866057738262,10800
2025-03-23,99,16:30,6128.96,2901.9,6199.3829442,2829.12600172,561.709490413,537.843333333,23.8661570798,0,0,0,0,483.65,10800,98,2025-03-23,97,0.8863,520.264349728,16:20,16:30,6199.3829442,2829.12600172,12,612.304612551,561.709490413,0.897009035321,10800
2025-03-23,100,16:40,6224.8277,2677.2003,6172.94511461,2520.5249785,608.736689352,591.271233333,17.4654560187,0,0,0,0,446.20005,10800,99,2025-03-23,98,0.9268,583.333219918,16:30,16:40,6172.94511461,2520.5249785,12,650.074747674,608.736689352,0.919527116471,10800
2025-03-23,101,16:50,6072.5268,2355.088,6168.61639411,2210.43531519,659.696846486,619.573133333,40.1237131528,0,0,0,0,392.514666667,10800,100,2025-03-23,99,0.922,623.605800524,16:40,16:50,6168.61639411,2210.43531519,12,693.027232742,659.696846486,0.94265097705,10800
2025-03-23,102,17:00,5830.75,1909.8,6211.63846677,1897.05662353,676.991465877,653.491666667,23.4997992106,0,0,0,0,318.3,10800,101,2025-03-23,100,0.9173,656.769300317,16:50,17:00,6211.63846677,1897.05662353,12,747.181158718,676.991465877,0.971106650227,10800
2025-03-23,103,17:10,6044.3059,1517.4216,6155.2884112,1348.23775153,814.813525357,754.480716667,60.3328086899,0,0,0,0,252.9036,10800,102,2025-03-23,101,0.9872,807.78721628,17:00,17:10,6155.2884112,1348.23775153,12,807.918663022,814.813525357,0.979484924489,10800
2025-03-23,104,17:20,6266.1431,1148.193,6101.5488269,1040.54024204,854.583727553,852.991683333,1.59204421957,0,0,0,0,191.3655,10800,103,2025-03-23,102,1.0491,899.84248431,17:10,17:20,6101.5488269,1040.54024204,12,848.295107337,854.583727553,1.00179527051,10800
2025-03-23,105,17:30,6335.8,796.8,6140.68674199,747.483759417,907.298960187,907.298960187,0,0,15.8677064792,0,0,132.8,10782.369215,104,2025-03-23,103,1.0394,946.058842998,17:20,17:30,6140.68674199,747.483759417,12,901.502724322,907.298960187,1.05056286108,10800
2025-03-23,106,17:40,6389.2673,509.5025,6246.99847822,471.396848156,968.269558204,968.269558204,0,0,11.6912417955,0,0,84.9170833333,10769.3789464,105,2025-03-23,104,0.9984,969.418521843,17:30,17:40,6246.99847822,471.396848156,12,962.864520281,968.269558204,1.06926484107,10782.369215
2025-03-23,107,17:50,5641.74,230.0933,5553.15573693,206.213363457,893.937338236,893.937338236,0,0,8.00377843079,0,0,38.3488833333,10760.4858592,106,2025-03-23,105,1.1316,1014.09025803,17:40,17:50,5553.15573693,206.213363457,12,889.499787725,893.937338236,1.13958985979,10769.3789464
2025-03-23,108,18:00,4431.53,13.2375,4383.60916317,0,730.884984643,730.884984643,0,0,5.49709869001,0,0,2.20625,10754.3779718,107,2025-03-23,106,1.3252,970.777587247,17:50,18:00,4383.60916317,0,12,727.551441634,730.884984643,1.25614330267,10760.4858592
2025-03-23,109,18:10,4052.2956,0,4230.65801184,0.195963150636,686.498187053,686.498187053,0,11.1155870527,0,0,0,0,10764.3820001,108,2025-03-23,107,1.2566,881.697856598,18:00,18:10,4230.65801184,0.195963150636,18,703.907485084,686.498187053,1.26358374971,10754.3779718
2025-03-23,110,18:20,4192.0015,6.4551,4399.32372647,0.195963150636,735.325757771,735.325757771,0,37.7346911041,0,0,0,1.07585,10798.3432221,109,2025-03-23,108,1.1933,879.465358746,18:10,18:20,4399.32372647,0.195963150636,18,731.971811574,735.325757771,1.26218491933,10764.3820001
2025-03-23,111,18:30,4349.52,0,4401.08940714,0,0,0,0,0,724.92,0,0,0,9992.87655546,110,2025-03-23,109,1.2617,0,18:20,18:30,4401.08940714,0,18,0,0,1.27423764661,10798.3432221
2025-03-23,112,18:40,4349.0284,0,4398.98841153,0.195963150636,735.269709006,735.269709006,0,10.4316423396,0,0,0,0,10002.2650336,111,2025-03-23,110,1.3186,971.737726482,18:30,18:40,4398.98841153,0.195963150636,18,731.916018446,735.269709006,1.26496430655,9992.87655546
2025-03-23,113,18:50,4392.5491,0.4635,4433.70591452,0.195963150636,0,0,0,0,732.014266667,0,0,0.07725,9188.91584838,112,2025-03-23,111,1.312,0,18:40,18:50,4433.70591452,0.195963150636,18,0,0,1.26981612664,10002.2650336
2025-03-23,114,19:00,4448.62,0,4408.89022417,0,0,0,0,0,741.436666667,0,0,0,8365.09732986,113,2025-03-23,112,1.2725,0,18:50,19:00,4408.89022417,0,18,0,0,1.28445961698,9188.91584838
2025-03-23,115,19:10,4304.0602,0,4288.51059783,0.000958641975309,0,0,0,0,717.343366667,0,0,0,7568.04914467,114,2025-03-23,113,1.2704,0,19:00,19:10,4288.51059783,0.000958641975309,18,0,0,1.26915122988,8365.09732986
2025-03-23,116,19:20,4299.7723,0.0333,4154.42768007,0.000958641975309,598.263463607,598.263463607,0,0,118.35970306,0,0,0.00555,7436.5383635,115,2025-03-23,114,1.3072,1151.70517632,19:10,19:20,4154.42768007,0.000958641975309,18,32.6955678102,598.263463607,1.26552849808,7568.04914467
2025-03-23,117,19:30,4444.77,0,4198.53509768,0,0,0,0,0,740.795,0,0,0,6613.43280794,116,2025-03-23,115,1.3289,0,19:20,19:30,4198.53509768,0,18,0,0,1.27218229942,7436.5383635
2025-03-23,118,19:40,4413.6616,0,4364.2943438,0.000958641975309,729.50300598,729.50300598,0,0,6.10726068676,0,0,0,6606.64696273,117,2025-03-23,116,1.2763,933.187965107,19:30,19:40,4364.2943438,0.000958641975309,18,726.175765403,729.50300598,1.25199775416,6613.43280794
2025-03-23,119,19:50,4421.0247,0.0024,4380.20353419,0.000958641975309,732.162268587,732.162268587,0,0,4.67478141253,0,0,0.0004,6601.45276116,118,2025-03-23,117,1.2222,896.889413301,19:40,19:50,4380.20353419,0.000958641975309,18,728.822899199,732.162268587,1.24870785085,6606.64696273
2025-03-23,120,20:00,4404.04,0,4240.31159289,0,0,0,0,0,734.006666667,0,0,0,5785.8897982,119,2025-03-23,118,1.215,0,19:50,20:00,4240.31159289,0,18,0,0,1.26735269919,6601.45276116
2025-03-23,121,20:10,4117.3271,0,4286.51737909,0,0,0,0,0,686.221183333,0,0,0,5023.42181672,120,2025-03-23,119,1.2417,0,20:00,20:10,4286.51737909,0,18,0,0,1.27172240924,5785.8897982
2025-03-23,122,20:20,4210.6115,0,4348.46732769,0,0,0,0,0,701.768583333,0,0,0,4243.67894635,121,2025-03-23,120,1.275,0,20:10,20:20,4348.46732769,0,18,0,0,1.26796765137,5023.42181672
2025-03-23,123,20:30,4537.34,0,4331.58372099,0,0,0,0,0,756.223333333,0,0,0,3403.4307982,122,2025-03-23,121,1.2901,0,20:20,20:30,4331.58372099,0,18,0,0,1.27573839011,4243.67894635
2025-03-23,124,20:40,4322.5722,0,4291.4482887,0,0,0,0,0,720.4287,0,0,0,2602.95446487,123,2025-03-23,122,1.2609,0,20:30,20:40,4291.4482887,0,18,0,0,1.28927005824,3403.4307982
2025-03-23,125,20:50,4326.6455,0,4376.47172733,0,731.538647124,731.538647124,0,10.4310637911,0,0,0,0,2612.34242228,124,2025-03-23,123,1.1407,836.369121434,20:40,20:50,4376.47172733,0,18,728.202122782,731.538647124,1.15244715956,2602.95446487
2025-03-23,126,21:00,4573.14,0,4459.87621222,0,745.479923989,745.479923989,0,0,16.710076011,0,0,0,2593.77567116,125,2025-03-23,124,0.9738,727.603863569,20:50,21:00,4459.87621222,0,18,742.079813929,745.479923989,0.94023375544,2612.34242228
2025-03-23,127,21:10,4308.3819,0,4337.38096874,0,725.00452502,725.00452502,0,6.94087501981,0,0,0,0,2600.02245867,126,2025-03-23,125,0.8813,640.403595135,21:00,21:10,4337.38096874,0,18,721.697802599,725.00452502,0.895653594539,2593.77567116
2025-03-23,128,21:20,4163.9474,0,4295.30176714,0,717.970876884,717.970876884,0,23.9796435508,0,0,0,0,2621.60413787,127,2025-03-23,126,0.9022,649.230516211,21:10,21:20,4295.30176714,0,18,714.696234707,717.970876884,0.923693221839,2600.02245867
2025-03-23,129,21:30,4377.55,0,4460.26070627,0,745.544193171,745.544193171,0,15.9525265046,0,0,0,0,2635.96141172,128,2025-03-23,127,0.9833,734.765413374,21:20,21:30,4460.26070627,0,18,742.143789982,745.544193171,0.947400851826,2621.60413787
2025-03-23,130,21:40,4466.5235,0,4544.73050489,0,759.663540001,759.663540001,0,15.2429566679,0,0,0,0,2649.68007273,129,2025-03-23,128,0.9883,752.487608036,21:30,21:40,4544.73050489,0,18,756.198738923,759.663540001,0.991353110348,2635.96141172
2025-03-23,131,21:50,4100.1923,0,4105.39016898,0,686.226658653,686.226658653,0,2.86127531952,0,0,0,0,2652.25522051,130,2025-03-23,129,0.7503,516.050028146,21:40,21:50,4105.39016898,0,18,683.096800839,686.226658653,0.776653934176,2649.68007273
2025-03-23,132,22:00,3518.8,0,3413.35763563,0,1401.28268408,1401.28268408,0,814.81601741,0,0,0,0,3385.58963618,131,2025-03-23,130,0.4165,583.634237918,21:50,22:00,3413.35763563,0,18,1401.28268408,1401.28268408,0.424919965315,2652.25522051
2025-03-23,133,22:10,3301.6385,0,3287.86310607,0,1380.40162086,1380.40162086,0,830.128537523,0,0,0,0,4132.70531995,132,2025-03-23,131,0.3404,469.888711739,22:00,22:10,3287.86310607,0,18,1380.40162086,1380.40162086,0.374605332397,3385.58963618
2025-03-23,134,22:20,3292.7847,0,3344.56989191,0,1389.83707581,1382.13078333,7.70629247179,833.333333333,0,0,0,0,4882.70531995,133,2025-03-23,132,0.4202,584.009539253,22:10,22:20,3344.56989191,0,18,1389.83707581,1389.83707581,0.435503977013,4132.70531995
2025-03-23,135,22:30,3310.46,0,3347.82519998,0,559.597701115,559.597701115,0,7.8543677814,0,0,0,0,4889.77425096,134,2025-03-23,133,0.4843,397.873837064,22:20,22:30,3347.82519998,0,18,1083.49062044,559.597701115,0.445596179996,4882.70531995
2025-03-23,136,22:40,3325.4942,0,3371.67287874,0,561.013414595,561.013414595,0,6.76438126196,0,0,0,0,4895.86219409,135,2025-03-23,134,0.4544,254.924495592,22:30,22:40,3371.67287874,0,18,561.013414595,561.013414595,0.446531393039,4889.77425096
2025-03-23,137,22:50,3270.4271,0,3333.89362495,0,1388.06064933,1378.40451667,9.65613265889,833.333333333,0,0,0,0,5645.86219409,136,2025-03-23,135,0.4313,598.670558054,22:40,22:50,3333.89362495,0,18,1388.06064933,1388.06064933,0.434756268221,4895.86219409
2025-03-23,138,23:00,3205.92,0,3287.13784318,0,1380.2809442,1367.65333333,12.6276108652,833.333333333,0,0,0,0,6395.86219409,137,2025-03-23,136,0.4408,608.427840203,22:50,23:00,3287.13784318,0,18,1380.2809442,1380.2809442,0.408012141354,5645.86219409
2025-03-23,139,23:10,3257.9015,0,3342.78843834,0,1389.54065934,1376.31691667,13.2237426765,833.333333333,0,0,0,0,7145.86219409,138,2025-03-23,137,0.4162,578.326822419,23:00,23:10,3342.78843834,0,18,1389.54065934,1389.54065934,0.402672523126,6395.86219409
2025-03-23,140,23:20,3266.2446,0,3424.06303567,0,1403.06395802,1377.70743333,25.3565246831,833.333333333,0,0,0,0,7895.86219409,139,2025-03-23,138,0.3965,556.314859354,23:10,23:20,3424.06303567,0,18,1403.06395802,1403.06395802,0.420442264038,7145.86219409
2025-03-23,141,23:30,3244.62,0,3455.86854509,0,1312.84311903,1312.84311903,0,772.073119032,0,0,0,0,8590.72800122,140,2025-03-23,139,0.3973,540.56622167,23:20,23:30,3455.86854509,0,18,1408.35608394,1312.84311903,0.436864465328,7895.86219409
2025-03-23,142,23:40,3356.9857,0,3464.63467881,0,1409.81468291,1392.83095,16.9837329142,833.333333333,0,0,0,0,9340.72800122,141,2025-03-23,140,0.3935,554.762077727,23:30,23:40,3464.63467881,0,18,1409.81468291,1409.81468291,0.433950986163,8590.72800122
2025-03-23,143,23:50,3395.7836,0,3503.17897008,0,1416.22807628,1399.29726667,16.9308096098,833.333333333,0,0,0,0,10090.7280012,142,2025-03-23,141,0.3988,564.791756819,23:40,23:50,3503.17897008,0,18,1416.22807628,1416.22807628,0.420978636167,9340.72800122
2025-03-23,144,00:00+1,3392.55,0,3529.18803926,0,1420.55573119,1353.50499864,67.0507325483,788.079998645,0,0,0,0,10800,143,2025-03-23,142,0.4201,596.775462674,23:50,00:00+1,3529.18803926,0,18,1420.55573119,1420.55573119,0.413768393708,10090.7280012
