date,base_cost_yuan,breach_cost_yuan,overbuy_cost_yuan,grid_cost_yuan,adjusted_kwh,emergency_kwh,emergency_cost_yuan,total_cost_yuan,planned_purchase_kwh,final_commitment_kwh,unused_plan_kwh,curtailed_pv_kwh,charge_kwh,discharge_kwh,start_soc_kwh,end_soc_kwh,emergency_slots,reversal_slots,down_slots,path_down_kwh,path_up_kwh,below_min_kwh,chain_misprice_yuan
2025-02-01,20664.727103549783,709.8733561103014,218.92862680490052,21593.529086464983,2808.2317751679766,0.0,0.0,21593.529086464983,42284.086659156965,40119.507108772275,806.5255756181238,1451.4358133744925,19491.087711846063,16007.717925399736,10784.805613624156,10540.431303841464,0,16,39,2486.405662776335,321.82611239164305,2484.9333731867728,0.0
2025-02-02,52894.84534298011,1683.0678508035867,492.11037090550286,55070.023564689196,4918.100433793477,0.0,0.0,55070.023564689196,89079.1087547635,85038.65700580846,2049.600602978,0.0,23340.346060686745,18707.567607856286,10540.431303841464,10760.55652750811,0,31,75,4479.27609137426,438.8243424192175,4479.276091374251,0.0
2025-02-03,52800.30152678184,1431.943827092402,1529.130153595076,55761.37550746932,5000.711837048287,1.9633801259559505,13.696539758668711,55775.072047227986,88519.66539158419,85937.35525714575,1173.746681392462,0.0,24014.975759363326,19466.32030348407,10760.55652750811,10744.789929286135,1,38,74,3791.510985743359,1209.2008513049282,3791.5109857433517,0.0
2025-02-04,52556.10018902228,1375.3287956396762,3938.1993546497843,57869.62833931174,6317.576976700465,158.74083819276777,779.7738189857226,58649.40215829746,88191.23726287525,87172.00217102258,1820.6135021338907,0.0,23620.082108784543,19304.816551703072,10744.789929286135,10553.067658633265,2,37,73,3668.4060342765624,2649.170942423905,3668.406034276557,0.0
2025-02-05,51226.955854139735,339.0639141661403,2586.2346169309685,54152.25438523684,3156.4139488790306,997.1104670282584,5609.921136715139,59762.17552195198,83785.29671024997,84755.55350643295,284.33584033342254,0.0,24334.35671552172,19614.455565727272,10553.067658633265,10660.149185128063,8,1,18,1093.078576348029,2063.3353725310017,1090.1952715366997,0.0
2025-02-06,52055.255190400094,816.4126513138553,2595.1444036203284,55466.81224533428,4049.96069911071,110.44416010736761,579.6401500819297,56046.45239541621,85458.0774630535,84763.19556750913,277.93068229652965,0.0,23452.219780482395,19127.567951829093,10660.149185128063,10514.293707752118,5,18,64,2372.4212973275426,1677.5394017831663,2372.421297327543,0.0
2025-02-07,19199.33452352456,184.72262265546397,559.1403282272781,19943.1974744073,1208.2858323407263,388.79487464043626,2168.1167039048883,22111.31417831219,38089.6118329003,38136.97378753305,82.80821935680987,2971.4331262869555,20118.888437756323,16453.04078789326,10514.293707752118,10340.136870740287,6,14,35,580.4619388539885,627.8238934867379,580.4619388539885,0.0
2025-02-08,17280.731578865587,80.26114013566577,2941.9246462653255,20302.917365266578,2841.2095298132012,323.8895976966757,1990.0542998786411,22292.971665145218,34409.07802526611,36649.12932303443,59.95924770087164,1199.1951601615278,20973.638721097333,16836.936924895297,10340.136870740287,10508.70402539979,2,2,2,300.57911602244496,2540.630413790757,275.5645527880259,0.0
2025-02-09,49393.615637847804,84.79759075817913,5068.277279240964,54546.69050784695,5092.435188196876,407.7061497916242,1896.2076977628258,56442.898205609774,79473.74084146772,83785.59728575658,237.69050435132453,0.0,23856.952893793765,19456.755929263556,10508.70402539979,10361.34393063246,9,1,3,390.2893719540143,4702.145816242863,381.10227603214,0.0
2025-02-10,49182.722073012555,1110.0204038305126,1425.0802634404047,51717.82274028347,5003.289894274136,7.43090434610383,34.80635595715034,51752.62909624062,81421.92570953167,78876.6138185405,446.076808201724,140.58539272013513,21379.145085657277,17408.40014702587,10361.34393063246,10259.907677695266,1,10,31,3774.3008926326534,1228.9890016414824,3768.7586213782415,0.0
2025-02-11,49212.47825281994,624.098824215263,1370.2909957030502,51206.86807273825,3215.507623329655,271.640650438223,1301.008985792031,52507.877058530285,80525.51348371696,79627.27370718075,326.3748973108038,0.0,22987.480628943806,18635.538301968973,10259.907677695266,10242.486574890281,4,6,32,2056.873699932932,1158.6339233967228,2053.057722017764,0.0
2025-02-12,48835.168056433635,1197.9923930419304,2938.0953686909556,52971.25581816652,6109.854980213889,18.079967401928116,84.68656731063129,53055.94238547715,81586.57735904088,80340.81360721143,533.4276365422062,0.0,22972.66238694174,18413.93258220393,10242.486574890281,10457.957631800158,1,41,71,3677.8093660216787,2432.0456141922077,3677.809366021679,0.0
2025-02-13,48527.44208259843,1232.2666746300054,1076.249283769368,50835.95804099779,4736.331321743295,0.0,0.0,50835.95804099779,81296.66017161182,77684.60012712638,2117.3244630136724,232.90716666666685,20485.337195563006,16480.447714783637,10457.957631800158,10583.152535825056,0,1,43,4174.195683114372,562.1356386289226,4171.58906916629,0.0
2025-02-14,18767.772257010503,131.57458240601653,1724.3377834106352,20623.684622827157,1946.325330001791,0.0,0.0,20623.684622827157,36281.23378543563,36996.73982258413,122.52061779514753,3231.04783279171,19410.921675145197,15569.55211981459,10583.152535825056,10753.479688106183,0,1,1,615.4096464266443,1330.9156835751467,615.4096464266443,0.0
2025-02-15,18271.00091010017,210.63735612472632,2312.37054105427,20794.00880727917,2638.3233931376085,0.0,0.0,20794.00880727917,35650.83666391849,36629.90759695656,69.65590555462046,4033.903830319601,19041.906406277412,15795.649645195064,10753.479688106183,10340.473625761335,0,2,12,829.626230049767,1808.6971630878413,827.3765885609798,0.0
2025-02-16,48909.82605750631,1074.8517715609837,2400.5146607870893,52385.19248985439,5809.358381947688,47.17144106304613,216.4962369238396,52601.68872677823,81919.9335610557,80010.88610024085,201.9625028702123,0.0,22153.379912222903,17674.66397378921,10340.473625761335,10640.0000203295,2,14,62,3859.2029213812684,1950.1554605664178,3859.2029213812693,0.0
2025-02-17,46727.087191022365,1899.5501295035199,1715.7674842393144,50342.4048047652,8383.077807722768,19.048865583199245,89.22488639170525,50431.62969115691,81358.5033884342,75561.1338553651,655.8143558418963,0.0,20055.34828552851,16314.843087088768,10640.0000203295,10562.210047206529,1,12,67,7090.223670395935,1292.8541373268333,7090.223670395916,0.0
2025-02-18,46079.33533738181,869.7524294936518,3796.464458104784,50745.552224980245,6194.7504472902965,41.07420374070068,187.79077365477534,50933.342998635024,76969.22562612694,76637.38765874685,431.96596010870996,0.0,20742.616639638847,16587.508520593336,10562.210047206529,10800.0,2,14,31,3263.294207335191,2931.4562399551064,3261.1064712335656,0.0
2025-02-19,46141.08716997282,560.4954193206765,4284.64732252321,50986.229911816714,5809.7235300742705,86.2143278976099,382.16564902758256,51368.3955608443,76210.55292844962,77438.18078726911,644.534362088379,0.0,22438.805610317224,18438.272240572216,10800.0,10507.955893094144,2,7,19,2291.047835627396,3518.675694446873,2291.047835627396,0.0
2025-02-20,47053.46720634603,733.897236643603,1547.0062462897781,49334.370689279414,4000.080369233231,56.646322140446955,265.3313729058535,49599.702062185264,78143.58727009733,76452.86552791332,1189.6076086244216,0.0,21389.10953621445,17062.339028118437,10507.955893094144,10800.0,1,19,45,2845.4010557086194,1154.67931352461,2836.1901604039945,0.0
2025-02-21,18167.94881298851,190.9482647427385,2001.8664418752026,20360.76351960645,2245.2246078790545,0.0,0.0,20360.76351960645,35498.67159810696,36010.51759146232,178.2239557207106,6705.071269087332,18773.475438531266,15206.515105210328,10800.0,10800.0,0,1,20,866.6893072618509,1378.5353006172033,866.689307261851,0.0
2025-02-22,18137.84105762764,208.83375581655272,2281.6509761784873,20628.32578962268,2625.9266704428105,0.0,0.0,20628.32578962268,35455.033418026534,36256.73166403538,310.50641788207577,4507.743536098409,18914.309614324036,15320.590787602468,10800.0,10800.0,0,2,25,912.1142122169806,1713.81245822583,908.6998744317582,0.0
2025-02-23,46315.5651459221,895.3138675558952,2311.959157894375,49522.838171372365,4817.117424226246,22.13503095425881,103.68048498974827,49626.51865636211,77670.18678355057,75980.40884091068,638.0548626487854,0.0,20923.152589444988,17090.517263562153,10800.0,10641.37370432031,1,13,51,3253.4476834330644,1563.6697407931827,3253.4476834330644,0.0
2025-02-24,44637.524633775625,985.3551940700494,2190.165339529519,47813.045167375196,5527.926158788733,68.02218512260299,310.6268213642724,48123.671988739465,75332.64610601164,73552.87290056232,995.0608740350165,292.46757687658703,20987.20711576279,16856.874097656135,10641.37370432031,10800.0,2,23,49,3653.849682119025,1874.0764766697093,3653.8496821190256,0.0
2025-02-25,43962.11381694703,1191.0393304530844,1427.4009172277274,46580.55406462784,5304.186693732175,67.89327691457265,301.90852939659806,46882.46259402444,75113.81648592252,71476.66507733535,1591.1275292502926,352.26753917579003,20452.475342573685,16672.63529008317,10800.0,10682.077486001685,4,13,50,4470.669051159664,833.5176425725106,4470.6690511596635,0.0
2025-02-26,43218.1937140902,320.35861649090225,4232.896864115826,47771.44919469693,5368.0055386288695,6.478115872737931,30.343494747904465,47801.79268944483,71132.43652493993,73723.46266320083,640.5703228375064,0.0,21938.90610686447,17664.383683961743,10682.077486001685,10800.0,1,26,33,1388.4897001839913,3979.515838444878,1388.4897001839913,0.0
2025-02-27,42295.66479243704,762.6702118893701,3616.776751527748,46675.11175585416,6523.547516088901,522.2932009857632,2530.6514191723086,49205.76317502647,71092.5169830504,71369.51106661362,852.6392815740701,0.0,22050.718064445588,17968.137278420276,10800.0,10681.049281978503,8,18,50,3123.276716262841,3400.270799826062,3123.2767162628406,0.0
2025-02-28,17339.77055842687,245.3603192567744,2071.4903068293665,19656.621184513013,2443.8211843305517,0.0,0.0,19656.621184513013,34396.044382267944,34872.9219340265,223.4258528378951,7825.681534754064,19129.301635163458,15598.080638728923,10681.049281978503,10566.220043926814,0,13,30,983.4718162860019,1460.3493680445497,979.4581842968133,0.0
2025-03-01,17257.077309108518,375.65661790607606,1036.7012415596803,18669.435168574273,2240.806880145925,0.0,0.0,18669.435168574273,34716.92138758974,34243.73000360314,266.6594258315579,7033.228644421238,18896.763795214443,15611.687795197427,10566.220043926814,10226.987687178229,0,13,31,1356.999132066261,883.8077480796635,1356.999132066261,0.0
2025-03-02,44175.46168059256,650.8633090668964,7561.370493042722,52387.69548270218,7099.763602547055,224.8359461303756,1079.8855215712886,53467.58100427347,74526.49780111815,77198.3083878317,856.9133565383426,0.0,21284.449146102696,17076.525235345634,10226.987687178229,10409.07499050884,6,24,45,2213.9765079167573,4885.787094630297,2213.9765079167573,0.0
2025-03-03,45051.12635680415,1101.143372647871,4749.974264474909,50902.243993926924,8057.239571567599,187.22820635177854,874.6607428576683,51776.90473678459,76850.11352990309,76383.44275723117,403.43045289584995,0.0,22364.688225087044,18214.594347733273,10409.07499050884,10298.856228939088,6,25,39,4261.955172119753,3795.2843994478453,4261.955172119753,0.0
2025-03-04,44003.08649705436,1064.4450666020516,3016.23089541207,48083.76245906848,6161.892740842453,0.6247333333334382,2.9262509333338245,48086.688710001814,74908.4535369608,73191.50649332943,197.06011274408917,0.0,20603.44209647551,16807.828915890164,10298.856228939088,10166.588653666864,1,12,50,3939.419892236914,2222.472848605541,3939.4198922369137,0.0
2025-03-05,42492.55029008048,1472.9434127277184,2510.8376350323956,46476.331337840595,7816.39510857697,6.618300000000204,30.558060533334277,46506.889398373925,74387.09233496507,70625.2039305469,704.7604860747922,0.0,20138.62128749402,16342.031559688585,10166.588653666864,10133.534968313059,2,13,56,5789.141756497574,2027.2533520793968,5789.141756497574,0.0
2025-03-06,40920.50691698217,879.9576919436538,4693.541293243317,46494.00590216914,7024.206299889684,0.0,0.0,46494.00590216914,69956.12875656634,70036.7200260914,100.11531065264984,0.0,20779.28256515269,16783.331983047272,10133.534968313059,10186.742629120177,0,14,38,3471.8075151823145,3552.3987847073686,3470.82750625922,0.0
2025-03-07,16340.66995774693,378.9600195373015,1438.104172183495,18157.734149467728,2581.493707696138,0.0,0.0,18157.734149467728,33207.99301308728,33093.09310097498,97.53273856593705,8347.277673968827,18919.494736234472,15193.497581127589,10186.742629120177,10332.62391270055,0,13,30,1348.1968099042185,1233.2968977919195,1348.1968099042185,0.0
2025-03-08,15540.58634245343,225.41953008495176,3765.5691395966824,19531.575012135065,3626.672430256179,0.0,0.0,19531.575012135065,31113.97064280027,32951.50566665991,80.60284420662202,10075.314105903917,18807.854365209612,15075.405165326913,10332.62391270055,10509.242657692637,0,2,4,894.5687031982691,2732.1037270579104,883.0123099761878,0.0
2025-03-09,39429.97829719043,1357.6293458141656,4374.983824054345,45162.59146705894,8820.562022681792,0.0,0.0,45162.59146705894,69331.97963068349,67517.19350893647,383.53884932558054,0.0,20813.453969263817,17013.324359652925,10509.242657692637,10337.65749708238,0,11,22,5317.674072214399,3502.8879504673937,5311.711032359494,0.0
2025-03-10,40606.42156377145,226.26308071450657,6600.522594704715,47433.20723919067,6628.549074219797,0.0,0.0,47433.20723919067,67607.32314386545,72193.14900816526,83.86905696961912,0.0,21139.44937754294,17072.240876347296,10337.65749708238,10394.005407596256,0,3,5,1021.3616049599924,5607.187469259807,1021.3616049599924,0.0
2025-03-11,40092.74174154256,466.85591545000403,4034.5391839776744,44594.13684097023,5874.511349275794,0.0,0.0,44594.13684097023,66906.10032021491,68554.26450665202,553.4409921970339,7.275957614183426e-12,20416.766008120692,16354.861293665701,10394.005407596256,10597.026710831882,0,15,22,2113.1735814193426,3761.3377678564493,1938.1970005881485,0.0
2025-03-12,39999.43974894412,1128.2715799438238,2348.875429833887,43476.58675872183,6243.672193626529,0.0,0.0,43476.58675872183,68935.6278828975,66204.00563096731,92.03689370363554,112.29792417475596,19599.29494933643,16035.15881958084,10597.026710831882,10419.549032367064,0,2,26,4487.6472227783615,1756.024970848169,4487.6472227783615,0.0
2025-03-13,41620.17597451663,154.8543476178462,4434.672372736074,46209.702694870546,4935.4441400626865,0.0,0.0,46209.702694870546,68346.85181084333,71833.45833315146,218.79057899819142,0.0,21251.181156165367,17182.131418678764,10419.549032367064,10454.354941050597,0,2,2,724.4188088772819,4211.025331185407,724.4188088772819,0.0
2025-03-14,16572.43382587573,217.83575452112837,1786.347162846098,18576.616743242957,2156.7001745978273,0.0,0.0,18576.616743242957,32352.158941597132,32718.25215287206,360.9641639853012,12506.30334107102,18476.20058646283,14654.64192198043,10454.354941050597,10800.0,0,14,25,895.3034816614518,1261.3966929363753,887.1503011400168,0.0
2025-03-15,16343.022583730872,182.8369842669601,2142.224224111329,18668.08379210916,2228.903025585534,0.0,0.0,18668.08379210916,31783.75499605177,32440.009763170987,340.6448182132561,7950.35783480492,18389.34368453466,15164.461724381847,10800.0,10501.007400101369,0,3,5,786.32412923316,1442.5788963523742,782.535241639391,0.0
2025-03-16,41466.85581455067,268.4364621959312,2531.9043721987873,44267.19664894539,3048.32072362662,1.6400000000001,7.461180000000455,44274.65782894539,68119.34037029718,68981.3535029717,1634.9870506451362,0.0,19700.715924061264,15703.75640506803,10501.007400101369,10783.03350390314,1,3,5,1093.153795476051,1955.1669281505688,1018.2749050763009,0.0
2025-03-17,38903.444585277604,1317.342585639777,1482.037634465841,41702.82480538322,6319.224826197409,0.0,0.0,41702.82480538322,67542.6460636465,63362.053817685475,1551.4839048289614,477.1607388899474,18210.5678639267,14735.290123293455,10783.03350390314,10800.0,0,15,55,5249.908536079219,1069.3162901181945,5249.90853607922,0.0
2025-03-18,39561.70519331532,765.0817917077048,1819.9396655466935,42146.72665056972,4387.981098143799,204.4653753738376,988.7338728797789,43135.460523449496,66847.34391867134,65576.08373955052,768.8725788752733,0.0,20451.148259907448,16565.430090525027,10800.0,10800.0,4,14,41,2829.620638632311,1558.3604595114857,2829.620638632312,0.0
2025-03-19,37910.10740958505,292.52436831252294,3932.490234936522,42135.122012834094,4341.394764819519,0.0,0.0,42135.122012834094,62122.08016354245,64727.37904496451,1450.0117851015139,0.0,20062.61478875261,16250.717978889614,10800.0,10800.0,0,14,25,868.0479416987286,3473.34682312079,866.6329951989554,0.0
2025-03-20,38290.315381673754,863.8765790337367,5776.892344900768,44931.08430560826,8661.068027074474,0.0,0.0,44931.08430560826,64876.42661788899,66616.4392375142,662.4673714598928,0.0,19710.579207303465,15965.569157915808,10800.0,10800.0,0,13,24,3460.5277037246306,5200.5403233498455,3460.52770372463,0.0
2025-03-21,15721.33745926451,163.65959773806634,2457.6266887076163,18342.623745710192,2312.254810681798,0.0,0.0,18342.623745710192,30457.64358588067,31551.945686997726,474.8154004431998,15577.991455095904,18590.654153823638,15124.979839031685,10800.0,10726.055583961619,0,1,3,608.9763547823717,1703.278455899426,602.0344100274381,0.0
2025-03-22,16205.575899773623,142.85936039447918,1430.9496159161658,17779.384876084267,1620.963449985069,0.0,0.0,17779.384876084267,31322.264899603113,31722.803967553587,572.1656923973576,11752.906783348646,18294.63892852485,14778.107170050604,10726.055583961619,10771.111541799977,0,13,31,610.2121910172995,1010.7512589677697,610.2121910172996,0.0
2025-03-23,38834.07170584746,532.7606981720784,2295.5439088527182,41662.376312872264,3383.293536195379,0.0,0.0,41662.376312872264,64911.05552008278,64427.486458468265,1314.6026918255257,758.200951708,18797.182286996212,15212.21958872813,10771.111541799977,10786.109390398646,0,1,13,1933.431298904944,1449.8622372904347,1930.051140495707,0.0
2025-03-24,37021.401619647484,519.6994470387697,2827.86054320737,40368.961609893624,4832.357986066789,0.0,0.0,40368.961609893624,62245.332577871864,62509.88210569921,619.878976223385,23.016890211321652,20294.671617315566,16426.182461384393,10786.109390398646,10800.0,0,2,11,2283.904229119717,2548.4537569470717,2283.904229119717,0.0
2025-03-25,37319.782328285015,916.8538991717498,5137.413397376281,43374.049624833046,8432.545602807193,0.0,0.0,43374.049624833046,64057.84174701382,64833.895718729604,139.73648183966515,0.0,19852.56940633846,16108.534886115183,10800.0,10768.940370021084,0,13,21,3828.2458155457057,4604.299787261488,3828.2458155457057,0.0
2025-03-26,36211.56535438904,755.5226511881855,2592.5404632404716,39559.6284688177,4853.758230099375,0.0,0.0,39559.6284688177,61345.61794498905,59912.855197494806,742.1369925527226,0.0,18689.933980609047,15111.770642333624,10768.940370021084,10799.024683309653,0,2,15,3143.2604887968077,1710.4977413025676,3140.6914191712167,0.0
2025-03-27,37628.92927895513,334.1096286568394,3377.461589391224,41340.5004970032,4421.118855577564,0.0,0.0,41340.5004970032,62176.83132662097,63637.577958946014,1306.880012598776,0.0,19014.898743820762,15401.190197473516,10799.024683309653,10800.0,0,2,4,1480.1861116262594,2940.9327439513045,1480.1861116262594,0.0
2025-03-28,15294.435972993502,239.51725918477484,2053.986541001347,17587.939773179623,2323.212050729582,0.0,0.0,17587.939773179623,30364.5125259875,30896.451110858445,495.6010929782198,16138.146141507255,18273.25078057601,14832.427670869705,10800.0,10765.450512663183,0,2,14,895.6367329293164,1427.5753178002658,895.6367329293166,0.0
2025-03-29,15281.488013713513,159.877127317943,2286.5909652034575,17727.956106234913,2389.939866916105,0.0,0.0,17727.956106234913,30235.57324780595,31129.39177951533,215.97030914741953,19704.60999028566,18265.83030603044,14764.22800928152,10765.450512663183,10800.0,0,2,2,748.0606676033649,1641.8791993127402,748.0606676033649,0.0
2025-03-30,35267.63657109057,746.5750902916941,3283.739637709889,39297.95129909215,6031.083505489481,0.0,0.0,39297.95129909215,59954.04483749259,59414.87873891306,470.93781871635656,0.0,18938.53273787741,15340.211517680702,10800.0,10800.0,0,2,21,3285.1248020345024,2745.9587034549786,3285.1248020345024,0.0
2025-03-31,34170.95987511804,387.36242733326844,6144.7834107927565,40703.10571324406,7775.927358429419,0.0,0.0,40703.10571324406,56416.61492299168,61058.686546484394,563.1698378031597,0.0,18653.301186041637,15109.173960693734,10800.0,10800.0,0,6,16,1566.92786746835,6208.999490961067,1363.842373024213,0.0
2025-04-01,36780.591999408294,619.5046349217913,4449.6399232057265,41849.73655753581,6180.407840033294,0.0,0.0,41849.73655753581,62466.067424608846,64142.45905934698,391.86491179467464,1.1141310096718371e-11,18640.750688871747,15099.008057986117,10800.0,10800.0,0,7,7,2252.008102647584,3928.3997373857082,2080.6642404821214,0.0
2025-04-02,36785.85682032091,384.0938129904449,4935.321656343634,42105.27228965499,5252.970629549539,60.330019982230716,297.66732481853984,42402.93961447353,61568.47837523384,65011.46433764682,804.101899834467,0.0,20316.022914325695,16483.6658565311,10800.0,10769.236337858565,2,3,3,904.9923335682777,4347.97829598126,896.6285323052916,0.0
2025-04-03,36818.07328630402,734.4364941632223,1438.1505093142152,38990.66028978146,4037.314601989932,0.0,0.0,38990.66028978146,62451.54466481958,60589.19341675448,559.4338645142427,428.2432959389324,19527.88786161766,15789.901871983015,10769.236337858565,10800.0,0,3,25,2949.832925027513,1087.481676962419,2948.379657284968,0.0
2025-04-04,14892.719338992878,148.95089788542387,1184.4527279427289,16226.122964821032,1369.4100492273005,0.0,0.0,16226.122964821032,29542.82384847573,29814.407580834704,317.7930751215111,19530.375802862003,18607.560278164186,15072.123825312996,10800.0,10800.0,0,1,30,548.9131584341628,820.4968907931379,548.9131584341627,0.0
2025-04-05,14760.254637544438,134.69085217254212,1820.649457836782,16715.594947553764,1977.586668115447,0.0,0.0,16715.594947553764,29394.401473562382,30366.54722106521,142.9413651667577,14611.253525290947,18780.196564600927,15211.95921732675,10800.0,10800.0,0,14,14,502.72046030630986,1474.866207809137,500.2673915785067,0.0
2025-04-06,35153.2651244152,642.3392403249425,1691.8880711246286,37487.49243586478,4249.214243535502,0.0,0.0,37487.49243586478,59731.30516055502,58422.673932352955,330.76519523313107,0.0,19378.06563396396,15696.233163510802,10800.0,10800.0,0,16,35,2778.922735868788,1470.2915076667132,2778.922735868788,0.0
2025-04-07,34215.46920039702,455.0516774665082,2479.817300694576,37150.3381785581,4048.6191853913897,0.0,0.0,37150.3381785581,56988.08045452865,57373.55447825174,359.11345547915994,215.63549552146594,18749.74029742023,15193.654053502443,10800.0,10792.92843045328,0,5,7,1831.572580834154,2217.0466045572357,1547.3763523658045,0.0
2025-04-08,35111.09746332432,531.8990567850366,1659.2130622169188,37302.20958232627,3974.459265394673,0.0,0.0,37302.20958232627,59116.515808735974,58594.58963191992,447.52763931285165,0.0,20404.928964272607,16611.0605883322,10792.92843045328,10700.63051126285,0,15,34,2248.192721105358,1726.2665442893144,2248.192721105358,0.0
2025-04-09,35544.692060911075,101.18515645114945,5265.8379396695,40911.71515703173,5886.118850508747,0.0,0.0,40911.71515703173,58445.189700573406,63401.60037538978,487.5900208237674,0.0,19689.264151542877,15909.56481364353,10700.63051126285,10743.674010269746,0,20,20,464.8540878461904,5421.264762662557,464.8540878461904,0.0
2025-04-10,35347.138142097574,564.7776112430302,2565.2384844121607,38477.154237752766,4941.8426777388595,0.0,0.0,38477.154237752766,59117.81681159777,59356.276740440764,796.692201817296,387.6045530822453,19344.71348410123,15633.371398559995,10743.674010269746,10783.503480894193,0,5,19,2351.691374447927,2590.1513032909324,2004.151042447202,0.0
2025-04-11,14435.212085827201,122.61109717594594,1984.3775872258095,16542.200770228956,1867.441551601867,0.0,0.0,16542.200770228956,28739.3708177358,29590.126824534436,73.06202039010344,20683.0691595191,18445.775835382745,14928.430357424175,10783.503480894193,10797.556891156244,0,1,3,508.3427724016127,1359.0987792002543,494.7648111337054,0.0
2025-04-12,14614.45775330921,149.4219864055671,1190.3272436359966,15954.206983350774,1550.765706742744,0.0,0.0,15954.206983350774,29122.233883837995,29500.63448307767,423.42910320766777,16598.743389195566,18163.69811955291,14710.396678878478,10797.556891156244,10800.0,0,13,29,586.1825537515347,964.5831529912093,586.1825537515347,0.0
2025-04-13,34031.601442387524,332.7247591426177,2964.1333978809503,37328.45959941109,4374.015895358723,0.0,0.0,37328.45959941109,56853.71432711696,58651.420421011324,556.3312416772003,0.0,20098.5826105305,16279.851914529703,10800.0,10800.0,0,28,46,1288.1549007321792,3085.860994626544,1288.1549007321792,0.0
2025-04-14,33705.68236831256,559.3600311885828,1843.6628281476935,36108.70522764884,3751.8127030665305,0.0,0.0,36108.70522764884,57099.93977826422,56278.5148311113,197.8184123855009,0.0,18945.57820606923,15392.913587343428,10800.0,10747.783066191832,0,2,20,2286.618825109721,1465.1938779568095,2286.618825109721,0.0
2025-04-15,33517.29976240204,345.6487317741824,1320.8471734613997,35183.79566763763,3046.9721073982064,0.0,0.0,35183.79566763763,55657.77188168796,55671.75130270555,811.867019428023,1028.5229860632526,19183.880123439965,15491.947659559024,10747.783066191832,10800.0,0,15,29,1516.4963431903116,1530.4757642078948,1466.646832730573,0.0
2025-04-16,34509.14971229691,76.25458100262107,2726.933541467414,37312.33783476694,3413.1489943968836,0.0,0.0,37312.33783476694,56917.42974196879,59617.2161504351,155.10970947950773,0.0,19381.655215555744,15699.140724600144,10800.0,10800.0,0,2,2,356.68129296528525,3056.4677014315976,356.68129296528525,0.0
2025-04-17,33668.20017701792,124.66652536852827,2415.3216033833005,36208.18830576975,3586.505625066137,0.0,0.0,36208.18830576975,54885.136830816366,57499.0837904755,907.6905412677795,0.0,19595.0047326722,15871.953833464486,10800.0,10800.0,0,13,37,486.2793327035041,3100.226292362633,486.2793327035041,0.0
2025-04-18,14025.108785260127,152.76909130342358,1516.3555843266422,15694.233460890193,1485.8061065424788,0.0,0.0,15694.233460890193,28227.554132003337,28826.056932278592,538.3025893707982,18420.663678302808,18489.334111956065,14976.360630684409,10800.0,10800.0,0,3,4,443.6516531336099,1042.154453408869,433.5150345350876,0.0
2025-04-19,13858.701278286153,164.1077340479656,1100.8023517121233,15123.611364046243,1387.7374158054438,0.0,0.0,15123.611364046243,28054.45921794126,28429.24830057456,458.3790059111417,17606.57148517399,18840.09768152325,15260.479122033823,10800.0,10800.0,0,3,12,506.4741665860728,881.2632492193711,506.02095067578847,0.0
2025-04-20,33595.80665363735,64.12070762986713,1541.8005074307325,35201.72786869795,1738.6507616217646,0.0,0.0,35201.72786869795,55108.513080483586,56247.34431329462,587.9534879368858,0.0,19482.34706328637,15780.701121261964,10800.0,10800.0,0,1,1,299.9097644053654,1438.7409972163991,299.9097644053654,0.0
2025-04-21,32899.27492081581,651.5558379634689,780.7172203073612,34331.547979086645,3220.8146564181343,0.0,0.0,34331.547979086645,56354.581401617295,54073.73295069733,461.2607179512291,1576.7243687268424,18520.197266768053,15001.359786082125,10800.0,10800.0,0,2,20,2750.8315536690484,469.98310274908596,2747.0322487246544,0.0
2025-04-22,32539.18795986553,130.54801954201542,3128.1953710281855,35797.931350435734,3805.8801507874914,0.0,0.0,35797.931350435734,53123.84924141412,56046.7023301051,231.25106492224995,0.0,19276.431307979976,15613.909359463782,10800.0,10800.0,0,3,3,441.51353104825574,3364.366619739236,414.107106698431,0.0
2025-04-23,32511.8603015338,111.45274973556113,2829.7198580906047,35453.032909359965,3300.865807441811,0.0,0.0,35453.032909359965,53198.75504178097,55769.69049969015,751.538425112371,84.64996307078422,18597.81786758075,15064.23247274041,10800.0,10800.0,0,3,4,364.96517476631726,2935.900632675495,345.4922555858965,0.0
2025-04-24,32716.013234871283,50.48398828669793,487.07729636992156,33253.5745195279,641.045003745015,0.0,0.0,33253.5745195279,53186.33214824253,53373.07709353063,721.6093476987759,2030.0901187607847,18585.636458268804,15054.36553119773,10800.0,10800.0,0,13,21,227.15002922845798,413.894974516557,227.15002922845798,0.0
2025-04-25,13428.30236495703,89.81477222584917,414.17969952183836,13932.296836704718,694.3714649181221,0.0,0.0,13932.296836704718,27282.141456056383,27316.918175769984,143.83682045897706,21785.387539750318,18641.38020177195,15254.044036211257,10800.0,10628.304363582247,0,13,26,329.7973726022581,364.57409231586405,329.7973726022581,0.0
2025-04-26,13395.989564755886,53.386229735801415,995.3125168349113,14444.688311326598,1152.8073256495613,0.0,0.0,14444.688311326598,27232.129674822027,27915.932421144767,50.72951556713883,24245.751542142614,19017.029814068934,15467.772083967247,10628.304363582247,10557.217769614012,0,1,8,234.50228966340853,918.3050359861529,234.50228966340853,0.0
2025-04-27,31366.782860023588,65.77610442284035,2614.830982598161,34047.38994704459,2634.538139080706,0.0,0.0,34047.38994704459,51414.892632135794,53491.476553137974,133.41081288047212,735.0288143984858,21003.89965021231,16954.33390768662,10557.217769614012,10622.57866848662,0,21,25,278.97710903926327,2355.561030041443,278.97710903926327,0.0
2025-04-28,32894.847102936204,45.56389692688006,6804.14747683693,39744.55847670001,7133.381803072797,0.0,0.0,39744.55847670001,53921.955653949335,60661.1067017489,245.74215793360236,0.0,19124.831730455775,15331.434503307139,10622.57866848662,10800.0,0,20,20,197.11537763661727,6936.266425436179,197.11537763661727,0.0
2025-04-29,32734.35782986181,8.068514735998162,901.5271935644481,33643.953538162255,1246.6078192443565,0.0,0.0,33643.953538162255,53068.02562061911,54239.15622063055,202.56691908672713,3149.8166624263818,18176.62590763578,14723.066985184996,10800.0,10800.0,0,1,1,37.73860961645539,1208.869209627901,37.738609616455165,0.0
2025-04-30,31677.386202492773,217.24072245012806,568.9864099870165,32463.61333492992,1320.4814918921343,0.0,0.0,32463.61333492992,51924.705675326724,52303.218005597824,614.0648809419586,0.0,19253.02196598323,15820.723274660693,10800.0,10549.138353095255,0,13,44,470.9845808105184,849.496911081616,470.9845808105184,0.0
2025-05-01,31686.444886170426,92.47196352422425,2533.8063331602552,34312.723182854905,2711.4467800495936,1362.2122204638272,8553.224298833711,42865.947481688614,51435.75638698158,53685.17965814779,1.4210854715202004e-13,859.0422830603807,20257.0572908357,17080.086495284464,10549.138353095255,9802.616031197977,9,3,3,231.0117544416949,2480.4350256078988,221.2262408662446,0.0
2025-05-02,14097.23766945961,0.0,1762.6649826881403,15859.90265214775,1910.9875909727941,1118.1855896692673,6716.697862767546,22576.600514915295,27994.52184583248,29905.509436805278,0.0,12759.91746522651,19707.097672902863,15733.64019498816,9802.616031197977,10057.181497934816,9,0,0,0.0,1910.9875909727934,0.0,0.0
2025-05-03,14559.140047167655,38.85463379674983,326.3084861842968,14924.3031671487,590.043491016077,712.2909020911052,3602.6929718026076,18526.99613895131,28747.509699945804,29175.845344623645,2.9488869284778048,17933.354893343323,18699.770090663165,15615.10927422021,10057.181497934816,9536.853163731428,8,10,21,80.85392316911633,509.18956784696076,80.85392316911633,0.0
2025-05-04,35313.692372549915,965.9346550760641,135.29936564806158,36414.92639327404,3836.847403041393,0.0,0.0,36414.92639327404,60848.07584743068,57434.2404168935,770.4157592932592,1836.7973621399274,17135.40829702466,14043.04833489767,9536.853163731428,9355.333592278434,0,10,43,3625.341416789285,211.50598625210705,3625.3414167892815,0.0
2025-05-05,35838.08839622854,415.03267008432437,1046.952479319782,37300.073545632644,2457.580560964715,274.75384974510735,1578.7736327398115,38878.84717837245,59738.90622040747,60487.88949046635,1073.3112813535568,0.0,21567.967480781695,16954.642221923794,9355.333592278434,9928.012967288847,7,10,33,854.298645452924,1603.2819155117907,854.2986454529241,0.0
2025-05-06,34825.30520787662,252.15893747631262,918.1985721598031,35995.662717512736,2009.776646664975,0.0,0.0,35995.662717512736,56940.4630540637,57714.86456200379,683.1177053001675,801.8174566360401,20172.263694662695,16812.41666126177,9928.012967288847,9402.587335527753,0,11,34,617.6875693624364,1392.0890773025385,556.6916805495924,0.0
2025-05-07,35676.729615372846,62.76445736635905,1232.103904164308,36971.59797690351,1973.3656161893273,591.967477520702,3792.6146788174347,40764.21265572095,58126.13743956539,59827.32110403948,543.4310582593663,242.68027547111046,20717.132286463686,16151.800988633971,9402.587335527753,10101.560850418435,7,18,20,136.09097585761663,1837.274640331711,136.09097585761663,0.0
2025-05-08,37651.40765942555,666.6267958606662,406.08050364660414,38724.11495893283,2685.86423613672,35.999250000000075,243.22893262500048,38967.34389155783,62318.16020154023,60893.62025762802,847.4066616496623,0.0,19090.0274281839,14834.32698220555,10101.560850418435,10800.0,1,11,44,2055.202090024468,630.6621461122521,2055.202090024468,0.0
2025-05-09,16868.05388397739,170.39022912896698,19.782603505874434,17058.226716612233,365.0492794168428,0.0,0.0,17058.226716612233,31410.162478498176,31107.07835464891,676.049932953774,18487.78401681405,18125.571341479408,14681.712786598324,10800.0,10800.0,0,10,23,334.06670163305466,30.982577783788145,334.06670163305466,0.0
2025-05-10,16617.267365058662,193.34153035622222,66.73029668280313,16877.339192097686,477.9068767557542,0.0,0.0,16877.339192097686,31130.485407437096,30861.63266605676,494.18686199657515,15006.71215040311,17941.209984630274,14701.52161430653,10800.0,10612.064970271105,0,10,19,373.3798090680448,104.5270676877094,373.37980906803887,0.0
2025-05-11,36261.18706087345,472.49204617294976,715.74094721567,37449.420054262075,3000.9417421324606,27.561666666666724,185.80697583333372,37635.22703009541,59672.81759523582,58711.91482329088,150.15985370023918,0.0,17697.227692297274,14591.990139373298,10612.064970271105,10326.247516257214,1,5,13,1980.9222570387042,1020.0194850937563,1801.9675501150518,0.0
2025-05-12,35477.2927940005,293.713820351469,1885.6506069691713,37656.65722132115,3997.843372443258,0.0,0.0,37656.65722132115,57798.24177104461,59192.001784706415,1186.3388485581627,2463.6916688426154,17023.129133294755,13412.353099322445,10326.247516257214,10744.449181419774,0,14,14,1302.0416793907261,2695.801693052533,1033.706654684023,0.0
2025-05-13,34849.83638435094,622.4129870282186,1038.8404923855348,36511.0898637647,3844.509784769645,0.0,0.0,36511.0898637647,58149.67815622518,57468.957988917515,916.7656367891401,0.0,18359.34024427537,14936.360658813657,10744.449181419774,10671.899113696878,0,14,36,2262.614976038654,1581.8948087309918,2262.614976038654,0.0
2025-05-14,34799.74165102568,388.75819074325676,1683.331771443382,36871.831613212315,3957.8298822067773,0.0,0.0,36871.831613212315,56598.19798911661,57698.04405595614,992.2288561832358,390.03770453570564,18049.37411203599,14747.74540013212,10671.899113696878,10529.952036604689,0,12,39,1428.99190768363,2528.837974523148,1140.8424255901261,0.0
2025-05-15,35910.11804914812,140.84231035036836,1820.7553922762945,37871.715751774784,3062.1262957982613,0.0,0.0,37871.715751774784,56716.011344292536,59154.494572799245,1622.2079034798044,1000.4850354377854,18545.790439434448,14779.04708888612,10529.952036604689,10800.0,0,12,35,311.82153364577346,2750.3047621524884,306.5224592404334,0.0
2025-05-16,16177.436646047063,126.00841070695827,98.03604582372537,16401.481102577745,382.01814315694287,0.0,0.0,16401.481102577745,29977.135778686155,29902.01429058102,544.0863493366826,23221.929362011397,18002.589715261085,14582.097669361476,10800.0,10800.0,0,10,23,228.5698156310386,153.4483275259043,228.5698156310386,0.0
2025-05-17,16506.003804235697,14.5438590833591,232.2560544126673,16752.803717731724,360.1390112371821,0.0,0.0,16752.803717731724,30194.915975445936,30472.54385498077,321.089889524807,16185.256669735558,18512.622170458308,14995.223958071236,10800.0,10800.0,0,10,20,41.255565851174254,318.88344538600785,32.0776499835261,0.0
2025-05-18,35811.865423080955,117.98086488244262,1011.2646958170882,36941.11098378048,1604.6139226796627,5.236666666666679,35.318698333333415,36976.42968211382,57516.970957775186,58361.31382985236,1243.90776455263,0.0,18139.340168244245,14692.865536277843,10800.0,10800.0,1,2,8,380.1355253012456,1224.4783973784174,347.8939651796185,0.0
2025-05-19,34551.3795169679,65.80569812246567,56.06401546227261,34673.24923055264,372.81229313919914,67.00333333333344,451.9039816666674,35125.15321221931,55338.34433070154,55140.95986904236,684.0667828716915,3790.960353537892,17207.12499424892,13989.405478282813,10800.0,10742.62863006535,1,11,20,285.09837739919203,87.71391574000711,285.09837739919203,0.0
2025-05-20,33942.11359306482,19.42128504590404,3965.454176340708,37926.989054451435,4084.2643699033206,0.0,0.0,37926.989054451435,53943.78299076935,57900.66926708697,98.03225730394075,0.0,18068.249969858844,14793.007776742483,10742.62863006535,10567.378295446662,0,21,21,63.68904679284992,4020.575323110469,63.68904679284992,0.0
2025-05-21,34169.645704292474,2.878394289684607,2462.036175640681,36634.56027422284,3378.4667712147557,0.0,0.0,36634.56027422284,53888.70493161892,57240.15970128801,376.3053335464283,1766.5473753692984,19083.86612333139,15349.174414292429,10567.378295446662,10688.219568342216,0,10,12,13.506000772831726,3364.9607704419245,13.506000772831726,0.0
2025-05-22,33872.82235620273,5.18031750676037,1096.0084584874066,34974.011132196894,1725.4480521063047,2.57000000000005,17.333365000000338,34991.34449719689,53369.119529349315,55068.42006710379,410.6823712253272,0.0,19700.392056420027,15856.71517720822,10688.219568342216,10800.0,1,10,16,13.073757175913215,1712.3742949303914,13.073757175913215,0.0
2025-05-23,15403.203211158137,18.587236652492667,521.1428562981692,15942.9333041088,534.0862049450773,0.0,0.0,15942.9333041088,28705.49379096793,29179.847573152525,498.2353980783926,18666.548325032956,18916.3945616202,15322.279594912357,10800.0,10800.0,0,1,1,29.866211380240486,504.2199935648367,27.17838416974604,0.0
2025-05-24,15769.349745199072,49.420591447598,306.00938236059073,16124.779719007262,336.79896850026296,0.0,0.0,16124.779719007262,29321.730130352676,29478.380285716878,836.7517431758665,21410.92178907986,18295.817737514866,14819.612367387046,10800.0,10800.0,0,1,11,90.07440656803226,246.7245619322307,87.79796821451919,0.0
2025-05-25,33719.78313236094,36.14759813079613,576.9563356255528,34332.88706611729,992.666755442093,0.0,0.0,34332.88706611729,53839.6647642912,54644.41318144671,712.4328585657847,1908.1936039322713,18389.609880122724,14910.833344507404,10800.0,10783.056287102216,0,13,27,93.95916914329439,898.7075862987986,93.95916914329439,0.0
2025-05-26,32997.17949355711,20.634131075475878,5766.574509529535,38784.388134162116,6714.214047833255,90.15866009943686,463.5228035900829,39247.910937752196,52187.9957274778,58748.73780485193,505.5973433700598,0.0,20258.89317568689,16505.42700410558,10783.056287102216,10676.69680732533,2,20,20,76.7359852295591,6637.478062603697,76.73598522955888,0.0
2025-05-27,33532.83383460762,66.7604753950086,2392.270017112654,35991.86432711528,3417.5260282656172,0.0,0.0,35991.86432711528,52902.66239751439,55991.08910122089,1540.3638997750265,1406.709878057494,18924.46449268669,15270.816469298314,10676.69680732533,10741.14099596745,0,2,3,164.5496622795582,3252.976365986059,136.38167292829598,0.0
2025-05-28,34039.32143207573,0.0,1553.447187872512,35592.76861994824,2225.3961683309117,0.0,0.0,35592.76861994824,54161.665213688975,56387.061382019885,432.92162239817196,0.0,19091.27661048643,15410.960950864719,10741.14099596745,10800.0,0,0,0,0.0,2225.396168330912,0.0,0.0
2025-05-29,33436.07759505109,112.37539787584498,3540.6121132246153,37089.06510615155,5205.502478179437,0.0,0.0,37089.06510615155,53579.476319425565,58306.43367518079,576.9602630287594,41.0249632298503,20178.333823072277,16600.008874150088,10800.0,10516.046136153842,0,3,3,239.27256121210752,4966.22991696733,202.77689845726223,0.0
2025-05-30,15462.900691141207,32.42786380436924,495.6545174088639,15990.98307235444,836.3980077930765,0.0,0.0,15990.98307235444,28984.561931820615,29694.61384448123,401.4753813701461,18808.467059137718,19120.419262342977,15231.981125036275,10516.046136153842,10800.0,0,10,15,63.17304756623153,773.224960226845,63.173047566231475,0.0
2025-05-31,15687.858307590755,38.4252490287506,362.1822197297138,16088.46577634922,430.99424922025315,0.0,0.0,16088.46577634922,29205.740096806912,29481.75899206062,907.9175383416873,16697.25362508011,18729.12245005074,15241.716171411914,10800.0,10720.970014587989,0,0,5,77.48767698327202,353.5065722369811,77.48767698327202,0.0
2025-06-01,37015.19487592766,4.797584551852196e-14,15219.004688008221,52234.19956393588,11972.150080061941,1506.1522003718392,9443.678008298722,61677.8775722346,60200.10116419766,72172.2512442596,146.30120293863018,0.0,17660.909844973598,15353.633903280783,10720.970014587989,9556.195649196687,12,0,0,2.2737367544323206e-13,11972.15008006194,0.0,0.0
2025-06-02,39975.65806429195,569.484359588588,10299.580092477267,50844.72251635781,8958.576547571185,983.4988607762898,6119.882475855688,56964.6049922135,67212.4572379178,72174.940940127,655.1624182381797,0.0,20232.328780499163,16369.858847834057,9556.195649196687,9576.559498496972,12,1,12,1998.0464226809956,6960.530124890191,1973.6950501119888,0.0
2025-06-03,44138.42673580526,1230.9893158532007,3017.3336596566187,48386.749711315075,7503.108169350604,302.0931384409872,1817.7356881763546,50204.48539949143,73815.74445936702,73066.72158505296,500.3643623037773,434.3808169398885,20289.772727840143,16048.070016923188,9576.559498496972,10006.166045860671,9,21,36,4126.065521832334,3377.042647518272,3968.50434512643,0.0
2025-06-04,45736.044697116726,1655.0198568708176,1171.1438110037523,48562.20836499129,7264.016219039691,147.87368729673653,1007.5417427769271,49569.75010776822,77935.29800292006,73594.51481898563,472.9654154004287,1.1346666666665897,19066.7716907321,15443.744083183483,10006.166045860671,10006.54491953791,4,19,51,5802.399701487055,1461.616517552633,5743.371849410205,0.0
2025-06-05,45799.276441850656,936.3754039862541,2572.9079256112127,49308.55977144813,5713.456386713851,160.90071181978874,1093.09541252611,50401.65518397424,75399.10559921748,74852.13286888938,246.4976323725189,0.0,19989.676255495426,16372.458323825427,10006.54491953791,9805.633189677761,4,24,42,3130.214558520971,2583.24182819288,3074.615965063025,0.0
2025-06-06,19171.039440705877,360.15237830781916,4003.5664368974826,23534.75825591118,3674.7566181393995,752.8537798374034,4697.733038678172,28232.491294589352,35491.05516077739,37719.86473975682,18.112115515139067,3992.9246765850908,18860.786066887023,15254.09973939303,9805.633189677761,9831.340939439391,6,14,28,722.9735195799851,2951.783098559414,712.5123300834457,0.0
2025-06-07,20291.417473259982,253.53403266797554,892.1917255176545,21437.143231445614,1834.6728289026314,374.78794059581895,2552.0284652617775,23989.17169670739,36811.288224837976,37626.38985103261,42.037743410172936,3248.4806715610903,18255.744986753292,14671.598776762787,9831.340939439391,9959.735008892032,3,14,30,509.7856013539945,1324.887227548637,509.7856013539945,0.0
2025-06-08,49184.29570798868,3378.9179429866854,450.6943333667034,53013.90798434206,10089.57998887783,0.0,0.0,53013.90798434206,86477.2481143982,77370.99745417063,7182.888666453304,1145.5783166666665,16322.993223088617,12465.386018704612,9959.735008892032,10800.0,0,18,78,9597.915324552698,491.6646643251295,9597.915324552698,0.0
2025-06-09,48568.53970659331,1740.9212383042782,738.3314070762076,51047.79235197379,5926.6163404808885,32.814362175731844,221.25005797510477,51269.042409948896,80925.17192441346,77216.48836090662,2203.381688849914,249.94673333334038,20332.955618767224,16469.694051201448,10800.0,10800.0,2,18,70,4817.649951993863,1108.9663884870226,4817.649951993863,0.0
2025-06-10,47927.183322686695,728.8633684931375,1188.1435702387453,49844.19026141858,3513.1762168014247,4.610241842076448,31.077640257437338,49875.267901676016,77184.82876217153,76882.14512948736,1256.1381691739539,112.11789652633934,20526.605643662166,16626.550571366362,10800.0,10800.0,1,37,63,1907.9299247428003,1605.2462920586245,1907.9299247428003,0.0
2025-06-11,49644.48199445826,126.34150015757237,4682.617991477499,54453.44148609333,4634.596235492643,9.723221937732319,65.55752184943078,54518.999007942766,77976.0089572512,81945.30040374445,1776.7328282405315,0.0,21546.549898815658,17452.705418040685,10800.0,10800.0,2,21,21,332.6523944997043,4301.94384099294,332.6523944997043,0.0
2025-06-12,48997.623031393494,764.2548225089726,1731.8183927364153,51493.69624663888,4163.588306593869,0.0,0.0,51493.69624663888,78624.85098318543,77925.39030737165,1756.9979075424253,0.0,19557.899823662643,15841.89885716674,10800.0,10800.0,0,27,52,2431.5244912038215,1732.0638153900472,2431.5244912038033,0.0
2025-06-13,20895.388706396105,147.18979463353654,262.3514219512419,21304.929922980886,762.7184079360924,0.0,0.0,21304.929922980886,36454.55841974268,36510.6089959099,331.23180121634397,4992.765913926021,18230.458495585386,15389.160914817858,10800.0,10108.344962895899,0,10,28,353.33391588443806,409.3844920516543,353.33391588443806,0.0
2025-06-14,20727.930349529317,211.74209078191464,348.9030096245467,21288.57544993578,978.0017859490877,0.0,0.0,21288.57544993578,36721.90848708222,36832.94805758859,16.866030262182505,7436.685003255695,18020.789888521147,14834.735614450432,10108.344962895899,9844.016290953343,0,10,30,433.48110772135857,544.5206782277291,433.48110772135857,0.0
2025-06-15,48598.123398206895,334.1561968659961,1403.6791434130105,50335.958738485904,2435.0760843180333,0.0,0.0,50335.958738485904,77553.81247530211,78592.8126425235,3049.615719471888,0.0,21346.511850401497,16430.28926068323,9844.016290953343,10800.0,0,16,31,698.0379585483281,1737.038125769705,698.0379585483281,0.0
2025-06-16,48747.81550358513,33.17726596170103,2313.267436838809,51094.26020638564,2632.4379431398465,1.6680775637045144,11.270366059169552,51105.53057244481,76644.63647537329,79014.03498229435,2362.1247515319355,0.0,20839.60785083931,16880.082359179847,10800.0,10800.0,1,10,12,131.51971810938767,2500.918225030459,131.51971810938767,0.0
2025-06-17,47110.06774982783,10.235843547825938,4945.086638037425,52065.39023141308,4817.460375988985,144.8916383337057,984.987435091445,53050.37766650453,74602.269364674,79358.56545295562,855.6581020751667,0.0,21852.843294810165,17842.055522262664,10800.0,10643.052829481747,5,1,1,30.582143853677735,4786.878232135307,16.426853865361863,0.0
2025-06-18,47612.804648151425,615.3527511921155,1706.7446950020437,49934.90209434558,4166.892338474131,71.60992043387864,482.9329035494426,50417.83499789503,76948.53059531815,76949.29079451298,2228.401956688804,3.9040060073602945e-10,19593.97581469282,15729.867956434755,10643.052829481747,10800.0,3,14,23,2083.0660696396462,2083.826268834485,1879.9246727066952,0.0
2025-06-19,46085.018698345855,515.319956973657,1797.9410799608945,48398.279735280405,3368.397225259598,81.68734763135876,550.7241433693895,48949.0038786498,74035.46234149762,74500.09335537444,1910.1120738279906,469.8074042662306,20749.24749953464,16806.890474623055,10800.0,10800.0,2,0,17,1451.8831056913896,1916.5141195682077,1451.8831056913896,0.0
2025-06-20,20907.59558304551,204.78579534669512,167.84484634403222,21280.226224736238,638.6042664106517,0.0,0.0,21280.226224736238,35911.57123288074,35798.06132188284,958.6731143870907,8943.790027388646,18394.828053195288,14899.810723088187,10800.0,10800.0,0,10,31,376.05708870427696,262.5471777063748,376.05708870427696,0.0
2025-06-21,21085.10580001672,76.53683102284427,620.1703896432767,21781.813020682843,707.5762800935938,0.0,0.0,21781.813020682843,36109.80149571269,36553.39617483978,2102.984571517889,11611.593456986635,18442.514454396085,14938.43670806083,10800.0,10800.0,0,0,5,131.99080048324868,575.5854796103453,131.99080048324868,0.0
2025-06-22,43701.01589081444,109.03902086054816,2649.6588999649316,46459.713811639915,3551.634230166558,58.259700811130074,398.0906793255748,46857.80449096549,69448.41938420996,72026.13823644156,706.07040048179,0.0,20636.770719846885,16715.784283075984,10800.0,10800.0,5,1,2,486.9576889674797,3064.6765411990773,398.3348801009349,0.0
2025-06-23,44180.746030665105,10.956925088724342,2371.2678874482326,46562.970843202056,2697.7146335277066,32.68770324936861,222.57452137617537,46785.54536457823,69416.82441498122,72012.23637721562,1083.0714831370244,0.0,20920.389295889712,17019.822698561744,10800.0,10717.436256787696,3,10,11,51.151335646658936,2646.563297881048,51.151335646658936,0.0
2025-06-24,45183.946922254974,55.03365774613954,8534.322620405477,53773.30320040659,7723.034651386165,2037.2520219366866,9816.246871289159,63589.55007169575,71758.86864027823,78979.6270770226,557.6030875508993,0.0,21664.086276406866,17473.60251499848,10717.436256787696,10800.0,12,4,4,251.138107320906,7471.896544065259,251.138107320906,0.0
2025-06-25,45491.17334707739,214.07753076659225,2415.145781492528,48120.39665933651,3001.1916379953263,67.75110720146836,456.9314045212275,48577.32806385774,72409.6778250029,74774.61578362256,520.6791349191027,0.0,20443.507311780348,16559.240922542085,10800.0,10800.0,3,0,2,318.1268396878331,2683.0647983074923,318.1268396878331,0.0
2025-06-26,44810.218261039496,168.05659399945912,1924.9130842798686,46903.18793931882,2707.37970193353,117.03411520001225,789.6798684521343,47692.867807770956,70738.69123845572,72945.49381445284,1679.5432161275974,0.0,20255.765203847175,16420.16432365524,10800.0,10785.561657178852,4,0,3,250.28856296820018,2457.0911389653297,250.28856296820018,0.0
2025-06-27,19738.727374063084,149.3308548908966,200.0644119703518,20088.12264092433,531.3704918034334,0.0,0.0,20088.12264092433,34371.52563242117,34279.64892405548,398.54550685997333,10496.600734234338,18946.64372502879,15333.786908734284,10785.561657178852,10800.0,0,10,27,311.62360008456164,219.7468917188718,289.35660458153177,0.0
2025-06-28,19879.023598510263,22.70929786702642,354.66165492947613,20256.394551306767,499.5708235639806,0.0,0.0,20256.394551306767,34604.26042991354,35008.496658147546,518.0391203318068,9138.47306469311,18816.09661292614,15241.038256470174,10800.0,10800.0,0,0,12,47.66729766499101,451.9035258989896,47.66729766499101,0.0
2025-06-29,43187.48504631389,1.7128968465840445e-12,4627.9476410174875,47815.43268733138,5236.854513333837,43.05288457180359,290.8264163317724,48106.25910366315,68203.4166147041,73440.27112803792,460.85325900368235,0.0,20315.426421677803,16560.724201405083,10800.0,10683.079111282146,3,0,0,2.7284841053187847e-12,5236.854513333834,2.7284841053187847e-12,0.0
2025-06-30,45094.14414526536,123.19624558994491,2820.3796411698972,48037.72003202521,3627.626484854853,59.2457966704992,400.5938523745233,48438.31388439973,71358.88896437075,74203.9727775609,284.6694330673067,0.0,21029.665042024688,16928.799884193922,10683.079111282146,10800.0,4,3,8,391.2713358323494,3236.3551490225036,391.2713358323494,0.0
2025-07-01,42792.49663586677,942.248274282059,16899.137582850602,60633.88249299943,17610.806243628198,720.5933835996302,4385.253219954788,65019.135712954216,69648.17686912807,81016.38797611822,19.64603221302798,0.0,19960.016738843908,17109.225444672422,10800.0,9753.76457087905,13,7,7,3121.2975683190357,14489.508675309167,2694.6598539634374,0.0
2025-07-02,44059.0759491942,1140.3071077224693,11618.657913134923,56818.04097005159,14056.589599405968,236.9454394800781,1604.9185035125868,58422.95947356417,71971.72341673975,78503.63502592682,1506.0676178617628,638.0083933960072,19230.014475227475,15538.276387745005,9753.76457087905,9796.026056644883,8,7,9,3762.3389951094564,10294.250604296512,3190.251686500609,0.0
2025-07-03,49519.1862498585,1062.4551036619373,8737.978774889785,59319.62012841023,11318.7566553911,43.65384971208948,301.352536782086,59620.97266519231,79556.0655944935,84561.68174269234,255.2773053672433,55.6575267522237,20678.245156007466,16144.263329055837,9796.026056644883,10468.376331433998,2,6,6,3156.5702535961236,8162.186401794974,2739.6527178578604,0.0
2025-07-04,24483.101063376176,223.51906158677178,2783.2290877417436,27489.849212704692,2838.188306944212,0.0,0.0,27489.849212704692,41276.42901545084,43346.492452543156,34.916894219662595,11200.316993883305,18634.126074130458,15403.734976356936,10468.376331433998,10123.828713310379,0,1,2,384.06243492595127,2454.1258720182605,350.2691936061142,0.0
2025-07-05,25486.396891902386,222.27125514746425,1376.2664211711897,27084.93456822104,2163.3283351809905,0.0,0.0,27084.93456822104,43169.42668166323,44649.03227274572,139.91387019256564,11752.257463404976,19465.57983081325,15498.79885833174,10123.828713310379,10421.962940673708,0,0,16,341.861372049249,1821.4669631317415,341.861372049249,0.0
2025-07-06,53086.06619532169,302.1586376484237,5240.733769744735,58628.958602714854,5589.658656890721,37.694257153875355,254.24776450288928,58883.20636721775,82029.75784921652,86065.1685861323,2018.6587118654168,76.60989999999993,20386.206989616334,16172.594308195567,10421.962940673708,10800.0,1,23,29,777.123959987466,4812.534696903254,725.8168781020848,0.0
2025-07-07,53459.61026492891,1413.5474028215867,59.5864071821457,54932.74407493264,4601.444695349516,0.0,0.0,54932.74407493264,85519.00190310842,81043.91206275245,3994.0078140442733,521.8117833333331,16413.735256358883,13295.125557650694,10800.0,10800.0,0,10,57,4538.267267852741,63.177427496775636,4524.812730984134,0.0
2025-07-08,53889.62578175986,3500.3922822740165,2741.058192940123,60131.076256973996,12381.951033459974,0.0,0.0,60131.076256973996,92491.74366322067,86414.04487638801,6985.665438356889,0.0,20299.96011244459,16442.967691080114,10800.0,10800.0,0,34,67,9229.824910146308,3152.1261233136643,9229.824910146306,0.0
2025-07-09,52693.8538248602,2394.0041675468246,843.0664457150647,55930.924438122085,7005.045377978557,0.0,0.0,55930.924438122085,87528.4699989926,82576.7772157363,4900.976813820825,0.0,19037.23886973058,15420.163484481767,10800.0,10800.0,0,24,62,5978.369080617424,1026.6762973611337,5978.3690806174145,0.0
2025-07-10,50721.31399669172,1373.0404206245134,2108.7158646779467,54203.07028199419,6098.613372006012,0.0,0.0,54203.07028199419,81204.25987376014,79673.72862794416,3152.194177801992,3.637978807091713e-12,19304.795088467574,15636.884021658732,10800.0,10800.0,0,31,58,3814.5723089109906,2284.0410630950214,3814.57230891099,0.0
2025-07-11,27012.87640727965,283.0590629555659,1.4237912182579748e-11,27295.935470235232,587.05479302089,0.0,0.0,27295.935470235232,44761.35921929998,44174.30442627912,678.28927651863,7542.292628198069,18390.447190983636,14955.50181942121,10800.0,10734.17822808393,0,0,33,587.0547930208762,1.3869794202037156e-11,587.0547930208762,0.0
2025-07-12,26462.10539887294,12.31329241769192,222.82650342703985,26697.245194717674,366.82210192015145,0.0,0.0,26697.245194717674,43572.48396147712,43902.51493484647,30.78971043921871,9474.212215322696,18475.970952359177,15162.701276607953,10734.17822808393,10515.106222309467,0,0,2,18.395564275398215,348.42653764475324,18.395564275398215,0.0
2025-07-13,47696.708440352726,1242.2845893795886,1193.5289451245105,50132.52197485683,5369.441510423116,73.06922845865597,494.73313682091157,50627.25511167774,77081.93655665174,74862.08519863909,1160.4530561495417,450.22880481106245,20001.830348503558,15945.078182366406,10515.106222309467,10800.0,4,18,57,3794.6464342178765,1574.7950762052392,3794.6464342178765,0.0
2025-07-14,46690.98786155549,74.90528968808138,3671.648622102034,50437.541773345605,4100.092900871534,92.48010899353017,623.7920076563217,51061.33378100193,72308.9798710535,75733.92753610166,383.6540158803284,0.0,19261.904515861213,15626.830103313016,10800.0,10772.569505038406,4,4,6,337.57261791168617,3762.5202829598475,337.57261791168617,0.0
2025-07-15,48595.088562442346,1648.7948224206543,4297.123068076179,54541.00645293918,9227.02368776466,0.0,0.0,54541.00645293918,79892.32752206443,78769.97299425823,2725.2527930089536,0.0,17215.69564447642,13920.026026560467,10772.569505038406,10800.0,0,31,56,5174.6891077854225,4052.334579979241,5174.689107785422,0.0
2025-07-16,48117.39513652172,1025.5771192917684,3388.301314531778,52531.27357034526,7158.77852590349,16.128400632447324,108.97153887313033,52640.24510921839,76785.95772530569,77738.15985946692,2006.3423858402684,5.002220859751105e-12,19017.802583819877,15404.420092894103,10800.0,10800.0,1,38,53,3103.288195871124,4055.4903300323667,3103.288195871124,0.0
2025-07-17,48692.67853260392,47.71619033004661,2695.282770496682,51435.677493430645,3633.0190675026925,45.88431218252265,311.2630348976294,51746.940528328276,74461.00601875618,77655.12380162078,1054.9918937287425,0.0,20661.05343898893,16735.453285581032,10800.0,10800.0,3,13,13,219.45064231904757,3413.568425183646,134.61637452231116,0.0
2025-07-18,26642.94603628032,158.475156461987,25.861751190478255,26827.282943932783,380.58762293310974,0.0,0.0,26827.282943932783,43903.929142019624,43604.37134889812,527.442042239652,8457.014016847843,17608.77468321382,14263.10749340319,10800.0,10800.0,0,10,33,340.07270802730727,40.51491490580247,332.4324490969518,0.0
2025-07-19,26485.359527702305,182.61671372055446,93.8062510862534,26761.782492509115,520.9789353121693,0.0,0.0,26761.782492509115,43796.17734693638,43568.31571262562,376.1726242214387,12863.938269347087,17857.6801963479,14712.294427290806,10800.0,10524.91836861222,0,10,26,374.4202848114669,146.55865050070236,366.4781734297617,0.0
2025-07-20,48927.154384455884,470.5372637618044,1381.3407119473095,50779.032360165,3405.9430361498407,22.20061538969287,154.87149295849747,50933.9038531235,77156.3184654408,77475.80446240565,1513.979047544472,0.0,19191.970238606365,15297.92242502216,10524.91836861222,10800.0,1,18,37,1543.2285195924937,1862.7145165573475,1543.2285195924935,0.0
2025-07-21,48278.622371567966,832.2931230752615,4146.965939214042,53257.88143385727,7245.77683995498,29.0165183308618,202.4192318760919,53460.30066573336,77116.96902542087,79069.90498784282,1259.3352997798838,6.59383658785373e-12,20262.299244177888,16412.46238778409,10800.0,10800.0,1,38,56,2646.420438766515,4599.3564011884655,2646.420438766515,0.0
2025-07-22,48277.72651632753,588.3089611495901,4659.435892397861,53525.47136987498,7634.613836238731,140.50128958307323,947.5568678765446,54473.02823775152,75794.79451842219,79705.01874736577,2076.4330339338194,220.53372908440906,19754.782406652354,16001.3737493884,10800.0,10800.0,5,2,3,1862.194803647568,5772.419032591164,1480.101873375832,0.0
2025-07-23,48573.143189775226,1197.635536884019,3499.6182725532303,53270.39699921247,8186.543605353021,100.15774560909529,675.9263538339752,53946.32335304644,78804.23724741142,78484.27959119841,393.1708704770758,0.0,21007.759799066574,17033.040449402808,10800.0,10781.383319823464,3,28,58,4253.250630783022,3933.2929745700026,4253.250630783022,0.0
2025-07-24,49649.55461074454,307.68151293523636,1412.2669731292453,51369.50309680903,3014.418001601918,19.982904145085854,134.68539894740286,51504.18849575643,77727.16189134425,78453.59001885245,999.8802668766427,80.49678333333327,19789.309792782566,16012.585919995,10781.383319823464,10800.0,2,0,12,1143.9949370468598,1870.4230645550583,1143.9949370468598,0.0
2025-07-25,25496.81607914477,181.76284523666658,188.57138898412458,25867.15031336556,582.7618391432632,0.0,0.0,25867.15031336556,42528.83327852948,42498.99346799947,723.3733877198885,12094.7812739272,18407.090747644233,15231.571507958513,10800.0,10442.413330703685,0,0,16,306.30082483663426,276.46101430662884,306.30082483663426,0.0
2025-07-26,25894.779664565092,94.97399482353683,152.85915315005047,26142.61281253868,381.04138673310547,0.0,0.0,26142.61281253868,42963.25010349603,43048.92708920142,596.195290944383,10291.65095278298,18742.6932560067,15050.703977199311,10442.413330703685,10587.832841999374,0,0,8,147.68220051385964,233.3591862192458,147.68220051385964,0.0
2025-07-27,48438.07666077819,85.4493504320635,3208.8755283354953,51732.40153954575,4153.290336549435,421.1455129648697,2138.0378072402295,53870.439346785985,75174.97238351361,78589.99720008076,1091.5574898788382,0.0,21281.2893735065,17046.893950339705,10587.832841999374,10800.0,5,4,8,369.1327599911476,3784.157576558287,369.1327599911476,0.0
2025-07-28,50398.82020831958,19.28238728877428,4742.949831680065,55161.05242728842,4658.266812971453,15.934103714570483,107.46756250292063,55268.51998979134,77827.87898197226,82370.41862881058,517.86915638881,0.0,20597.928120015902,16684.32177721288,10800.0,10800.0,1,13,13,57.86358306655484,4600.403229904898,57.86358306655484,0.0
2025-07-29,50590.89836029511,205.2841100869488,1949.7390809394565,52745.92155132152,2484.4140873182837,82.1923485426546,563.8416492707627,53309.76320059228,78575.24678764475,80385.03955329464,761.2319267336532,0.0,19150.425317759247,15513.671292655601,10800.0,10797.970238588205,4,10,12,337.3106608341991,2147.1034264840846,337.3106608341991,0.0
2025-07-30,49218.15624473215,195.6480424035378,3072.0438585074357,52485.848145643125,3970.9555609360077,5.330991811507033,36.96259287663127,52522.81073851976,76020.69075604707,79410.48474738991,869.2632951385337,693.737101162827,19724.918461207635,15975.357168307572,10797.970238588205,10800.0,2,0,1,290.5807847965807,3680.374776139426,290.5807847965807,0.0
2025-07-31,49325.873199551694,1.519155878954429,2286.955984934934,51614.34834036558,2983.487691960589,155.0996742649844,1051.5795686344118,52665.92790899999,76148.1824604619,79117.16110339761,981.4835374368562,0.0,20177.46048989621,16581.679516337143,10800.0,10535.626089420877,8,10,10,7.254524512445187,2976.233167448144,7.254524512445187,0.0
2025-08-01,25003.04372418425,184.10098566537758,1361.9927818457113,26549.137491695335,1697.121531611101,0.0,0.0,26549.137491695335,41835.86851981006,42908.75474147409,915.4493684281645,17108.582430775914,18333.249345654047,14699.8860700507,10535.626089420877,10702.343756008744,0,1,4,312.1176549735344,1385.0038766375667,308.1383420715696,0.0
2025-08-02,25152.997017134887,171.28423767947106,128.78369006101315,25453.064944875372,522.4030102262653,0.0,0.0,25453.064944875372,41985.30676258507,41865.90917546548,338.49672112147397,17129.894440225355,18235.39407211975,14764.90099133443,10702.343756008744,10708.752874989379,0,10,30,320.90029867292424,201.5027115533411,320.90029867292424,0.0
2025-08-03,44868.614170050445,100.74570958259272,154.71282062381079,45124.07270025685,481.67767166955434,260.73712002670584,1758.3459610720065,46882.41866132886,68384.13678227965,68284.48887530807,1010.6547299741054,1541.7667226288252,17686.55680767281,14533.23224827429,10708.752874989379,10478.618170479036,6,10,21,290.6627893205592,191.01488234899512,290.6627893205592,0.0
2025-08-04,44486.37085113988,211.07918390908844,1431.7190993806184,46129.16913442959,2678.7373827557803,26.578237399590535,179.42616215577291,46308.595296585365,68016.48493443616,69644.17529094822,285.01067041129056,0.0,19372.863831759547,15402.776057156367,10478.618170479036,10800.0,2,10,28,525.523513121859,2153.2138696339216,525.523513121859,0.0
2025-08-05,44578.81229499451,100.16890854951987,1113.633358730087,45792.61456227412,1918.1344925687065,37.19043969797917,250.89516295369944,46043.509725227814,67595.72524135988,69145.49103490346,408.91792581461533,0.0,19060.2832392289,15438.829423775407,10800.0,10800.0,3,10,27,184.1843495125647,1733.9501430561418,184.1843495125647,0.0
2025-08-06,45393.48313273724,94.30265273710877,2886.777400520691,48374.56318599504,2916.085068145934,24.79583094041959,168.68612907270807,48543.24931506775,69187.80155778136,71685.5568030735,344.545913464956,0.0,18614.61402233278,15363.206568450483,10800.0,10482.923099598966,2,19,40,209.16491142690234,2706.920156719032,207.97658016250818,0.0
2025-08-07,44797.69647312595,893.6579695632433,422.4593453734843,46113.81378806268,3800.171393063063,60.772360028501,410.34290607474065,46524.156694137426,71596.46566026559,68885.54449095827,597.1514108735759,1288.224884192736,18893.79070491348,15220.835398993011,10482.923099598966,10575.295401806641,3,0,8,3255.5462811851867,544.6251118778763,3255.5462811851867,0.0
2025-08-08,24306.75690899,177.53779376110558,268.9755906661604,24753.270293417263,759.4385964337596,0.0,0.0,24753.270293417263,40986.16800630996,41068.571377955726,197.4725118306149,21597.484933847674,18545.112048181058,15046.669365903625,10575.295401806641,10547.374727498905,0,10,29,338.5176123940027,420.92098403975683,338.5176123940027,0.0
2025-08-09,24322.70784173464,33.32289219505928,291.0443962070733,24647.07513013677,519.1906213715954,0.0,0.0,24647.07513013677,40556.343065924426,40945.97662175158,154.5801841517382,18491.67325964207,18505.878470116873,15128.084292159096,10547.374727498905,10393.682803760656,0,10,29,64.77853277221828,454.41208859937717,64.77853277221828,0.0
2025-08-10,44063.32455551571,166.2989082702334,2521.2968781923937,46750.92034197834,2964.104850789014,68.35324778140307,468.590640826984,47219.510982805325,67144.03165856184,69436.45610495907,310.8479198186758,0.0,18545.562664770485,14656.220281848677,10393.682803760656,10800.0,3,27,46,335.8402021958915,2628.2646485931227,335.8402021958915,0.0
2025-08-11,43863.93700728337,177.18887251058302,1124.6349023681423,45165.76078216209,1956.1719225565596,192.3091038027443,1299.7952827522226,46465.556064914315,67184.00370516072,68613.84599008002,346.43216519913426,334.0207640924598,19783.410602140735,16218.961770882903,10800.0,10584.000907612317,5,0,1,263.16481881862916,1693.0071037379305,263.16481881862916,0.0
2025-08-12,44839.35172419362,40.74860267791106,2770.1964476311323,47650.29677450266,3202.6428478794846,137.96231523212907,931.7922879391097,48582.08906244177,68888.19637180385,71714.31446609143,487.1616952051321,0.0,19022.4075208426,15417.836084724186,10584.000907612317,10573.238693343788,7,2,3,188.2623767959608,3014.3804710835234,188.2623767959608,0.0
2025-08-13,44179.91436284587,292.94587408369955,2363.9104506836825,46836.77068761325,3882.8043233299722,117.11170787683943,798.0313158899339,47634.80200350319,67970.06833563806,70982.69332112843,1202.3666156995462,0.0,18948.986479364125,15172.527516058391,10573.238693343788,10768.96261803996,5,0,1,435.0896689197973,3447.714654410175,435.0896689197973,0.0
2025-08-14,44215.41042628536,25.317745578173735,1864.0817559042193,46104.809927767754,2829.902676526168,219.8067017925389,1354.7512949952188,47459.561222762975,66929.89357894778,69684.59130796713,355.76560734915535,0.0,20495.982370262172,16873.640951184992,10768.96261803996,10466.856805514808,5,0,1,37.60247375341413,2792.3002027727525,37.60247375341413,0.0
2025-08-15,24389.29055119738,163.8176007195866,373.00029166521585,24926.108443582183,699.2688470742529,0.0,0.0,24926.108443582183,40950.691534621714,41111.58631808727,344.7882156672349,20322.817118728373,18521.619188271776,15237.365087913444,10466.856805514808,10205.908421722246,0,0,18,269.18703180434477,430.08181526990813,269.18703180434477,0.0
2025-08-16,24425.398135390133,157.31350351248582,706.0119321695006,25288.72357107212,1039.4523288418823,0.0,0.0,25288.72357107212,41085.09296555979,41595.137094643294,156.1224648632283,20724.166487045906,18455.47555116198,14669.907775094485,10205.908421722246,10515.938889885263,0,0,7,264.704099879186,774.7482289626963,264.704099879186,0.0
2025-08-17,44649.60435054147,201.1435031171453,255.52344539497903,45106.271299053595,1127.5787674755766,112.9078058035908,761.7957362956718,45868.06703534927,68357.17042141635,67997.28046940322,266.12036746654064,808.4614606874165,19191.30471834766,15321.091887961464,10515.938889885263,10764.677705329861,4,18,36,743.7343597443484,383.84440773122833,743.7343597443484,0.0
2025-08-18,44208.55862953578,278.64441727465237,1182.8638452714254,45670.06689208186,2115.503183005547,204.85196085679684,1393.3720614274932,47063.43895350935,67708.10909903227,68894.83974638351,903.1637511583209,0.0,19845.380390590526,16042.968051175205,10764.677705329861,10800.0,4,0,14,464.386267827153,1651.1169151783938,464.3862678271528,0.0
2025-08-19,44579.5912695473,163.54221249423333,506.88576549521076,45250.019247536744,995.175727677426,209.41952514695163,1412.684317744388,46662.70356528113,67765.91347945979,68273.57258105477,319.169004212712,405.79202755041183,18431.600483684953,14991.229459246351,10800.0,10731.51881393162,5,0,9,243.75831304121698,751.4174146362091,243.75831304121698,0.0
2025-08-20,45172.73208278521,246.37176318392682,4572.151732131071,49991.2555781002,5487.6175657624235,1058.363336842407,5674.690123829971,55665.94570193017,69928.83924895106,73386.44490585901,106.2220893891855,0.0,19835.160822261565,16147.265735615998,10731.51881393162,10641.757181060377,10,19,23,1015.0059544272316,4472.611611335191,1015.0059544272315,0.0
2025-08-21,45073.97669099431,708.4379612794035,557.2157416538817,46339.63039392759,3379.2520166046224,57.899013463309416,390.37392249371806,46730.004316421306,71105.82634981285,69179.36484281745,151.77744033477904,0.0,17425.11344699795,14184.045514385307,10641.757181060377,10564.308711819302,4,0,11,2652.8567618000143,726.3952548046075,2652.8567618000143,0.0
2025-08-22,24341.013959350268,60.293967955811226,1224.0197344930173,25625.327661799096,1515.7783891594052,0.0,0.0,25625.327661799096,40691.81290797233,42026.68123065766,135.49748011886783,17501.2317330978,18771.43750444488,15612.054887003884,10564.308711819302,10111.874813593155,0,0,2,90.45503323703923,1425.3233559223659,90.45503323703923,0.0
2025-08-23,24900.49972976423,19.523597391088266,372.7558107742855,25292.779137929603,579.5793944168772,0.0,0.0,25292.779137929603,41469.21191539402,41990.51191461363,111.70884497669067,15458.354935908977,18443.42214200808,14552.980158280125,10111.874813593155,10540.976787755842,0,0,1,29.139697598639202,550.4396968182381,29.139697598639202,0.0
2025-08-24,44923.947851041805,354.268805857344,1124.0437878586297,46402.26044475778,2776.5626995770313,7.90046005979832,53.221449192831386,46455.481893950615,69052.68462835248,69353.08596735704,274.23413969644116,1310.6875964325286,20273.195816755528,16230.720608800999,10540.976787755842,10752.719013056938,1,24,48,1238.0806802862417,1538.48201929079,1238.0806802862414,0.0
2025-08-25,46826.45556986351,1190.2033600194372,3975.5368387170643,51992.19576860002,8473.217844604063,53.33323324126604,359.6425273006134,52351.83829590063,76039.86402685498,75398.12836296158,1025.257391211624,9.549694368615746e-12,19002.97000039891,15349.85281207435,10752.719013056938,10800.0,2,31,56,4557.476754248735,3915.7410903553287,4557.476754248736,0.0
2025-08-26,46377.7955529214,255.9621004083917,477.7413825665352,47111.499035896326,1149.7908597160426,46.933416681471385,322.13055528334405,47433.62959117967,70764.22937723903,70822.94707973396,1657.2821387127806,146.2392230452706,18618.63553328449,15081.094781960446,10800.0,10800.0,4,18,45,545.5365786105535,604.2542811054892,545.5365786105356,0.0
2025-08-27,46775.93688615872,130.97295046263423,2123.0943118324485,49030.00414845381,3655.74437099484,47.20827298749464,318.2536221814004,49348.25777063521,70911.69355674894,73341.30596317105,1131.3404073520928,757.6912688258922,19275.965332934204,15690.6316396203,10800.0,10714.33364450712,4,11,14,613.065982286368,3042.678388708471,451.63339281442666,0.0
2025-08-28,46322.08698686871,233.75855057814192,3703.7180012930426,50259.56353873989,4819.209236678484,95.31174560639738,643.0466218200115,50902.610160559896,70893.56506604278,74985.79477102596,415.1437700945032,0.0,20319.203690232647,16421.03592702811,10714.33364450712,10756.021491240823,2,10,11,363.48976584764927,4455.719470830834,363.48976584764927,0.0
2025-08-29,25186.411849133143,350.1756679957538,247.14016415731604,25783.727681286215,1034.8781167470015,0.0,0.0,25783.727681286215,42408.01614046158,42146.501477569065,349.27530383584076,15790.115452823175,18677.913367377536,15226.022996467485,10756.021491240823,10648.340192472288,0,10,31,648.1963898197585,386.68172692724306,648.1963898197586,0.0
2025-08-30,25239.589744852125,151.18250588213675,294.5686477689079,25685.34089850317,682.344955272962,0.0,0.0,25685.34089850317,42039.28233632103,42244.95849295455,57.2634199519772,20522.29536802695,17811.69636297301,14659.016491330713,10648.340192472288,10391.070817669422,0,0,14,238.3343993197189,444.0105559532431,238.3343993197189,0.0
2025-08-31,45984.43436163912,21.521159140750918,1537.5179604543973,47543.473481234265,2413.48367351489,100.76190259456848,688.0155793176416,48231.4890605519,69447.56479500668,71718.61151883513,1031.767915229797,0.0,19857.611361942396,15716.62893907582,10391.070817669422,10800.0,4,10,12,71.21847484321927,2342.2651986716705,71.21847484321927,0.0
2025-09-01,41839.73080896099,2851.5421617025286,2018.4704842319582,46709.74345489547,9892.637961037024,0.0,0.0,46709.74345489547,72701.16352532842,66677.61560303043,8794.224589895963,1358.6152409465071,15529.690730813814,12579.049491959195,10800.0,10800.0,0,35,58,7958.092941667503,1934.54501936952,7958.092941667503,0.0
2025-09-02,39103.958035562806,812.2990410168553,1912.344239525262,41828.60131610493,3939.3381418013482,155.93712957430225,794.3642525948858,42622.965568699816,61781.79104024556,62870.96488163463,4784.837107128159,475.0735499000741,19522.292127266872,15813.05662308617,10800.0,10800.0,3,19,38,1425.0821502061383,2514.2559915952106,1425.0821502061383,0.0
2025-09-03,39218.77418251578,240.48507090698286,1548.665929502951,41007.92518292571,2506.1433061114712,0.0,0.0,41007.92518292571,60323.51049203316,61906.260248695704,2523.8426579451143,346.9878397285154,18356.381584326733,14868.669083304654,10800.0,10800.0,0,19,35,461.696774724463,2044.4465313870082,461.696774724463,0.0
2025-09-04,38436.79926944197,356.4577425046764,1499.927884301964,40293.18489624861,2489.3397750240156,347.15215109835873,1850.493086433047,42143.67798268166,59340.36747187635,60429.163744091195,2834.689895460897,203.90813333333404,20063.959559975374,16251.807243580057,10800.0,10800.0,3,20,38,700.2717514045878,1789.0680236194275,700.2717514045878,0.0
2025-09-05,20350.17598420186,723.2937576775122,464.5312869051542,21538.001028784525,2088.6619369065224,0.0,0.0,21538.001028784525,36583.95830379587,35949.968288811004,3112.523047925267,22653.303480661336,17683.579439777546,14323.699346219808,10800.0,10800.0,0,10,28,1361.3259759456942,727.3359609608283,1361.3259759456942,0.0
2025-09-06,20168.06734721602,607.9419648242064,635.9583373137173,21411.967649353945,2084.963461258692,0.0,0.0,21411.967649353945,36071.90189564916,35927.54180842467,3570.7894844269363,21191.293952808966,18128.287743098794,14683.913071910025,10800.0,10800.0,0,12,28,1114.661774241592,970.3016870171002,1114.661774241592,0.0
2025-09-07,36860.65939918838,0.0,3397.2616551539804,40257.92105434236,4019.5802629448626,301.53318205831727,1565.2806195443732,41823.20167388673,56255.149960785966,60274.73022373082,1871.3041144589774,0.0,19705.135129807844,15961.15945514435,10800.0,10800.0,4,0,0,0.0,4019.5802629448617,0.0,0.0
2025-09-08,32209.11520590397,0.0,14118.2588295472,46327.37403545117,11721.455355007107,444.01990875937577,2279.7279213349984,48607.101956786166,50454.58106076465,62176.036415771756,39.157425907553375,0.0,19752.48091684072,16567.15155155047,10800.0,10169.286656767239,8,0,0,0.0,11721.455355007109,0.0,0.0
2025-09-09,34993.47114806446,1.6977804762063896e-11,4438.48634862213,39431.957496686606,4281.351626765767,12.378326120432845,63.40081729047938,39495.358313977085,54401.556777871796,58682.90840463747,82.80013421500303,1900.9906113264644,20070.047844365476,16461.386125815698,10169.286656767239,9941.90068801205,3,0,0,4.516209628491197e-11,4281.351626765721,0.0,0.0
2025-09-10,36861.053105255596,0.0,7236.002926881857,44097.05603213745,7973.316166128377,961.2922751617523,4920.943939966429,49017.99997210388,57414.900803046476,65388.21696917486,473.4485267406734,0.0,21092.49105302574,16532.4289854298,9941.90068801205,10555.777096368764,7,0,0,0.0,7973.31616612838,0.0,0.0
2025-09-11,37567.67630409672,479.348088717233,1326.8865406314949,39373.91093344545,3462.412621566649,0.0,0.0,39373.91093344545,59981.989685275745,59283.96942580971,488.0773413943243,1627.0482116035491,19472.251024354202,15799.4929348757,10555.777096368764,10525.810868425651,0,1,8,2080.216440516343,1382.1961810503058,2079.9919555122215,0.0
2025-09-12,19803.750592876073,232.29166940284995,239.6180316661558,20275.66029394508,818.0092939042512,0.0,0.0,20275.66029394508,35062.61928365211,34994.65718773247,944.1017847361891,18802.913401746573,18153.76622543575,14457.780424186043,10525.810868425651,10800.0,0,10,27,442.9856949119471,375.0235989923041,442.9856949119471,0.0
2025-09-13,19995.689984804332,460.8539366790922,584.9819497226009,21041.525871206028,1830.5154538324582,0.0,0.0,21041.525871206028,36026.856331696865,36025.74827943559,2025.9213508950174,22564.34430133479,18044.1112835392,14615.730139666754,10800.0,10800.0,0,10,27,915.811753046868,914.7037007855904,915.8117530468679,0.0
2025-09-14,38693.081030145724,401.65661835993757,3515.210400459473,42609.94804896513,5911.490608911384,0.0,0.0,42609.94804896513,60722.591692414426,64300.42790713736,494.19603619227485,0.0,19723.80960726227,16016.902486317173,10800.0,10754.870328405847,0,26,43,1166.8271970942228,4744.6634118171605,1166.8271970942228,0.0
2025-09-15,37150.64236708806,0.32993614528293697,1909.506621770284,39060.47892500363,2015.9327519656595,1.1717666666667128,7.893606150000311,39068.372531153625,57775.18035126387,59789.14156964552,160.9544247733878,1523.535033857645,19722.560905100047,16683.767660752223,10754.870328405847,9967.655519937864,1,0,1,0.9857667919981168,2014.9469851736612,0.9857667919981168,0.0
2025-09-16,40026.84818031579,538.9801357363891,1577.4801258046814,42143.30844185686,3689.6880332559476,0.0,0.0,42143.30844185686,63731.07188134847,63621.500102763115,85.94484041346587,185.06112227517417,18885.440916843167,15026.71676010202,9967.655519937864,10268.200389427802,0,3,11,1899.6299059206508,1790.0581273352977,1860.4527198796764,0.0
2025-09-17,40487.21336252086,138.92403003415936,1039.2707884844058,41665.40818103943,1929.993848970943,7.62916666666672,34.70889375000024,41700.11707478943,62687.60541693502,63746.00605324611,107.66883290475312,0.0,18774.03499803291,15088.18701102489,10268.200389427802,10400.179653185323,1,12,28,435.79660632992875,1494.1972426410146,428.92928442603886,0.0
2025-09-18,39535.01446773457,184.5888265190486,2888.729591030936,42608.33288528455,4179.733123634404,2.4633999999999787,17.18467839999985,42625.51756368455,60953.41180023667,64520.55910190065,834.0562954865632,1446.5504591226777,18567.422712895626,15281.058082270873,10400.179653185323,10131.90667004597,1,0,21,306.29291098520594,3873.4402126491973,306.29291098520594,0.0
2025-09-19,19292.652366682563,108.63794994348112,677.4085384629022,20078.698855088947,1050.7213176839223,0.0,0.0,20078.698855088947,34146.67599203356,34848.884953008834,176.24081323704263,14657.514949227727,18307.153875499844,14393.377001622448,10131.90667004597,10615.704045082006,0,0,2,174.25617835432658,876.4651393295958,174.25617835432658,0.0
2025-09-20,19284.405209432487,14.809587989975432,272.7322990526242,19571.947096475084,457.27469363569753,0.0,0.0,19571.947096475084,33754.827766682,34143.44534514258,171.83399053997869,14827.820094812243,18696.304495505145,15197.946969048124,10615.704045082006,10555.77034764984,0,0,6,34.32855758755912,422.94613604813844,34.32855758755912,0.0
2025-09-21,41116.252473012406,739.8731120428369,1077.4478604466112,42933.573445501854,4191.754286200012,0.0,0.0,42933.573445501854,65041.431577495605,64103.797991467174,1214.939346935556,1494.12248469344,16930.831786534967,13823.58311003011,10555.77034764984,10433.982166608965,0,14,34,2564.6939361142186,1627.0603500857937,2118.376778330568,0.0
2025-09-22,41392.372975355356,531.9676493339928,429.5899247820902,42353.93054947144,2371.919057487332,19.555900000000065,131.78740035000044,42485.71794982145,65305.250468069135,64275.20034452839,131.65030746254422,0.0,18647.48943230702,15098.403378574505,10433.982166608965,10440.718901713619,2,0,36,1700.9845905140419,670.9344669732898,1700.9845905140419,0.0
2025-09-23,42423.75443647439,525.332978611266,907.5264387970844,43856.613853882736,2680.561837769721,6.375,42.9961875,43899.61004138274,66624.61124324886,66776.89559865242,965.2969375009887,0.0,19422.93408485,15721.576007031897,10440.718901713619,10452.94179248762,1,10,50,1264.1387411830808,1416.4230965866402,1264.1387411830804,0.0
2025-09-24,40973.27344608714,284.1669399555692,1611.4416306149083,42868.88201665762,2871.9004251591678,0.0,0.0,42868.88201665762,63072.01679956282,65098.594929022474,149.24030367694127,0.0,19303.82938265274,15417.699857307203,10452.94179248762,10695.61061764486,0,0,9,422.6611478497606,2449.239277309407,422.6611478497606,0.0
2025-09-25,41569.55807099574,597.4089966887333,1607.9254863833946,43774.89255406787,4277.332914911007,15.37166666666667,103.49743166666669,43878.38998573454,64751.84234169488,65078.124151601776,283.81086373459084,1140.2998324204293,18180.562626633076,14846.62640451964,10695.61061764486,10561.865421037246,1,13,23,1975.525552502052,2301.8073624089543,1663.6006815635747,0.0
2025-09-26,19723.402918357766,193.41034656883295,69.29973049842403,19986.11299542502,487.0965130984861,0.0,0.0,19986.11299542502,34993.940619052955,34723.84367101312,360.934582572208,13417.489345366637,17335.45298568494,14084.276742610658,10561.865421037246,10514.576727475182,0,10,27,378.59673056915636,108.49978252932976,378.59673056915636,0.0
2025-09-27,19784.68491031806,29.411970027629955,452.80425855238195,20266.901138898076,712.6747239146162,0.0,0.0,20266.901138898076,34612.03958853315,35230.933618856274,135.70740671014994,14223.68408833101,18566.99793120096,15496.758057385841,10514.576727475182,10006.254801794008,0,0,1,46.890346795743255,665.784377118873,46.890346795743255,0.0
2025-09-28,42594.103557655144,378.839861098941,2954.0572710146707,45927.000689768756,5189.890444771601,5.868333333333339,39.56136916666671,45966.56205893542,66424.1941658647,69620.26732962382,1646.600391454852,0.0,20093.667948379996,15601.761843544362,10006.254801794008,10755.265018064501,1,11,28,996.9086405062396,4192.9818042653615,848.166816759094,0.0
2025-09-29,42644.49662115564,725.9888447260486,1025.8471226696693,44396.332588551355,4139.300342179811,26.015016666666725,134.73625666666706,44531.068845218026,67417.82242454872,66421.50233448538,416.80427869433356,0.0,18584.06063300048,15313.239160542766,10755.265018064501,10466.20940938408,2,14,34,2567.810216121578,1571.490126058235,2562.3087522575984,0.0
2025-09-30,44374.06912274136,223.7632140664236,1981.7326376503586,46579.56497445814,3192.722801270622,31.411150000000134,212.2294349750009,46791.79440943314,68233.77844404396,70276.8797581768,801.6782332419498,0.0,19915.928298493935,15831.490390225752,10466.20940938408,10800.0,1,4,23,574.8107435688869,2617.9120577017347,574.8107435688869,0.0
2025-10-01,41348.74040324579,1169.1012010573397,1.3307243307281169e-11,42517.84160430315,4008.2045761353447,0.0,0.0,42517.84160430315,67047.43323603435,63039.22865989904,4518.773094694001,5844.592925383374,15864.953192044006,12850.612085555647,10800.0,10800.0,0,0,51,4008.20457613533,1.4551915228366852e-11,4008.2045761353247,0.0
2025-10-02,40256.175248383915,639.5723520858975,156.14228053957464,41051.88988100939,2367.2846328771366,0.0,0.0,41051.88988100939,63307.294451651636,61428.72959441356,3771.4476514078733,2712.62094447595,16915.14674664774,13701.268864784668,10800.0,10800.0,0,0,24,2122.924745057606,244.35988781953114,2122.924745057606,0.0
2025-10-03,18259.241928871867,86.07890751779219,282.845904120887,18628.166740510547,499.44961014624,0.0,0.0,18628.166740510547,32618.66007480251,32843.14112555634,2133.7439858079592,19637.208052836984,17131.765194270527,13876.729807359126,10800.0,10800.0,0,0,1,137.48427969620218,361.9653304500378,137.48427969620218,0.0
2025-10-04,18703.548411176984,118.5920453796692,316.03509999224866,19138.1755565489,607.1261655806892,0.0,0.0,19138.1755565489,33329.3433414741,33557.98555003645,1794.3957220684406,15329.19171511737,17635.78480798386,14297.369128466551,10800.0,10786.240628889303,0,0,2,189.24197850916906,417.88418707152016,189.24197850916906,0.0
2025-10-05,38936.970051727105,344.55295049663766,676.9055912454254,39958.42859346917,2080.9029354812765,0.0,0.0,39958.42859346917,61135.88714367706,60548.978149837574,1829.9272456734911,672.4853967014253,17359.057930507253,14048.453489711248,10786.240628889303,10800.0,0,0,6,1333.905964660375,746.9969708209013,1333.905964660375,0.0
2025-10-06,38518.5897020652,5.668381663718413,2319.9826209729727,40844.240704701886,2984.9495237302885,0.0,0.0,40844.240704701886,59232.23536716351,62183.31347372189,955.6624187487071,0.0,18392.32528933251,14897.783484359337,10800.0,10800.0,0,0,1,16.93570858595058,2968.013815144338,16.93570858595058,0.0
2025-10-07,38029.24969545816,225.3976729431203,3505.4320119590266,41760.07938036031,4488.098819729244,0.0,0.0,41760.07938036031,58916.08757682008,62733.609459567175,1344.6427839953144,0.0,19038.966713536178,15421.563037964304,10800.0,10800.0,0,0,1,335.28846849106776,4152.810351238175,335.28846849106776,0.0
2025-10-08,35906.05225350237,9.637233233661391e-14,2713.950630942292,38620.002884444664,3196.6977292078222,0.0,0.0,38620.002884444664,56337.30347373127,59534.00120293909,105.37047629401422,0.0,19129.321280288306,16179.186220309892,10800.0,10039.515574137373,0,0,0,4.547473508864641e-13,3196.6977292078222,0.0,0.0
2025-10-09,37296.69354280101,248.5662876744163,1104.2059993615953,38649.46582983703,2733.3803242263566,0.0,0.0,38649.46582983703,59459.271969092806,60087.586766234184,111.84893226123927,132.53148305476975,20511.5797780766,16428.355110491753,10039.515574137373,10246.209473859924,0,1,11,1052.53276354249,1680.8475606838663,1052.5327635424899,0.0
2025-10-10,17253.731485397326,72.2352924822896,1186.3979994706012,18512.364777350216,1487.7561943278565,0.0,0.0,18512.364777350216,31941.30235774239,33196.92135440884,81.0246679001923,19826.44229663616,18342.831297332745,14396.987824126925,10246.209473859924,10758.10450354059,0,0,1,116.06859883070555,1371.687595497151,116.06859883070555,0.0
2025-10-11,17988.122752851188,39.728770111705565,149.59739897279417,18177.448921935687,297.49833484635207,0.0,0.0,18177.448921935687,32874.411936783916,33044.4265584962,222.41412791474175,15325.79568119151,17889.594072882428,14499.690906825821,10758.10450354059,10747.971494883868,0,0,2,63.74185656703895,233.75647827931311,63.74185656703895,0.0
2025-10-12,39088.83178697241,32.22459665492326,985.7098140372946,40106.766197664634,1630.1202257807465,20.929933333333338,98.03580773333336,40204.80200539797,60606.741807948216,62072.29667191897,371.95746759410855,0.0,17897.99851545973,14691.685361134867,10747.971494883868,10532.075313092224,1,10,16,82.282680904995,1547.8375448757515,82.282680904995,0.0
2025-10-13,39565.098913397065,696.4334748453427,363.9417254754574,40625.474113717864,3043.703153141198,0.0,0.0,40625.474113717864,63449.68669425923,61542.8440058171,664.397351499368,38.84741397943526,18795.114326954237,14982.910386615935,10532.075313092224,10800.0,0,10,43,2475.272920791664,568.4302323495343,2475.272920791664,0.0
2025-10-14,39809.4933591148,737.835212486356,2976.695104318908,43524.02367592007,6919.0599584243755,0.0,0.0,43524.02367592007,63898.59306052956,65459.32790412013,950.8721836699652,4.774847184307873e-12,19655.928616404362,15921.30217928753,10800.0,10800.0,0,20,45,2679.162557416906,4239.897401007472,2679.1625574169066,0.0
2025-10-15,39982.67297755887,721.9551649431313,2126.577580204355,42831.205722706356,5643.569694017032,59.80518923531672,271.35068179891186,43102.55640450527,64717.70146287292,65390.15751954422,393.3253078239044,0.0,18697.826453856967,15561.21270290132,10800.0,10337.80747191425,4,15,49,2485.5568186728606,3158.0128753441713,2485.556818672861,0.0
2025-10-16,41610.035443431654,62.43432066361461,1734.638847005602,43407.10861110087,2372.2933391103065,136.23408519294537,646.7210430979429,44053.82965419881,65166.104947321575,67149.26842143544,268.25730770596317,0.0,20772.49927365757,16721.727024735155,10337.80747191425,10453.360124055893,8,14,28,194.56493249822603,2177.7284066120806,194.56493249822603,0.0
2025-10-17,18441.788308991683,89.22356640021272,8.157557829235884e-11,18531.011875391974,174.16794024491026,0.0,0.0,18531.011875391974,33933.403343933,33759.23540368821,303.7046206282987,14263.736105000837,17032.466863470785,13844.87150207837,10453.360124055893,10399.389743314738,0,0,14,174.16794024484767,6.258460416574962e-11,174.16794024484767,0.0
2025-10-18,18369.710368113214,106.26627824024904,232.0578425476851,18708.034488901147,555.9261613401354,0.0,0.0,18708.034488901147,33933.86853158666,34061.688071797704,47.22422808661764,14266.83944307718,17603.783273546054,13932.75213957881,10399.389743314738,10761.958978863064,0,10,25,214.0533105645474,341.87285077558806,206.46497648642426,0.0
2025-10-19,42170.847169532826,70.22240537128057,1252.9046645421695,43493.974239446274,1959.260865391239,202.7969316429958,1163.2124370657762,44657.18667651205,66164.25271557832,67793.27790559162,529.3095816021377,0.0,20400.051486224245,16819.0087639251,10761.958978863064,10434.217800992552,6,18,23,165.117837688971,1794.1430277022678,165.1178376889677,0.0
2025-10-20,42947.58489558373,550.0712067738039,890.7114984370152,44388.36760079455,2343.450101266938,0.0,0.0,44388.36760079455,68737.28771800626,68955.14990947317,795.1180284179111,0.0,20490.26236273742,16771.01284834884,10434.217800992552,10240.99520706863,0,10,44,1062.7939549000266,1280.6561463669113,1062.7939549000266,0.0
2025-10-21,43978.44892928008,4.58207044714616,1155.0317403430786,45138.06274007031,1684.3403053194013,0.0,0.0,45138.06274007031,69112.45915941658,70757.20686302923,326.9543808454315,0.0,20243.86087690812,16276.189744724314,10240.99520706863,10375.814724370042,0,10,12,19.7963008533809,1664.54400446602,19.7963008533809,0.0
2025-10-22,42978.00887262168,462.5750445698412,1368.7422903580764,44809.326207549595,2810.349091144406,0.0,0.0,44809.326207549595,68604.70681291734,69337.76078186254,190.60479135475578,0.0,20548.545453432343,16956.286162924553,10375.814724370042,10029.187673654087,0,19,42,1038.6475610996044,1771.7015300448018,1038.6475610996044,0.0
2025-10-23,42988.25652010189,1868.6894280122845,580.9688957962057,45437.91484391038,7091.182216351621,0.0,0.0,45437.91484391038,73289.16960147882,68016.61695001008,347.6561459404511,1.2732925824820995e-11,20593.21329199425,16303.749521257952,10029.187673654087,10447.802390606748,0,11,53,6181.867433910187,909.3147824414343,6181.867433910187,0.0
2025-10-24,18511.34471420431,88.66593953619456,363.5162021693879,18963.52685590989,648.4921719410429,0.0,0.0,18963.52685590989,34157.92685974131,34520.58419710138,102.69421298355473,12747.520904979614,18039.732275238846,14789.413912767302,10447.802390606748,10250.879313024709,0,0,4,142.91741729048744,505.57475465055546,142.91741729048744,0.0
2025-10-25,18296.3402907111,25.540730781843973,374.2682744981221,18696.149295991065,525.3378513404227,0.0,0.0,18696.149295991065,33863.48246530095,34302.74190949947,53.67350678333091,11652.180861582408,17609.465413618705,14411.010605818308,10250.879313024709,10087.164178816756,0,0,2,43.039203570951685,482.298647769471,43.039203570951685,0.0
2025-10-26,43133.44114112301,1046.1808185709945,997.1790840056262,45176.801043699634,4678.700420156978,0.0,0.0,45176.801043699634,70760.31801686238,68998.9412778973,104.3048411684075,0.0,20428.78213495353,16078.457714891294,10087.164178816756,10608.115083729059,0,4,38,3220.038579561021,1458.6618405959566,3220.0385795610205,0.0
2025-10-27,42971.50275408881,450.6789498357686,1706.8723364503387,45129.05404037492,4337.476080151695,19.744933333333393,92.4852677333336,45221.53930810825,68012.43215058389,68344.43157208069,684.4084467576305,726.4300131942286,19610.975205439372,16210.218826643866,10608.115083729059,10246.638516797986,1,14,23,2002.7383293274468,2334.7377508242485,1690.9938158913014,0.0
2025-10-28,44584.76792284736,17.113836795811125,1309.3879121252655,45911.26967176844,1966.0105180635896,0.0,0.0,45911.26967176844,69333.16478364608,71177.7808100679,1096.0430390647439,0.0,19912.16838494264,15802.85231393948,10246.638516797986,10608.865269980279,0,10,13,60.69724582088588,1905.3132722427038,60.69724582088588,0.0
2025-10-29,45754.95458308053,49.968044543583105,2003.3861858104367,47808.308813434545,2660.6768105676297,0.0,0.0,47808.308813434545,71333.45792780971,73734.53133629152,600.3641422906087,0.0,20680.860217899888,16858.949823898984,10608.865269980279,10489.472995091308,0,13,23,129.80170104291756,2530.8751095247126,129.80170104291756,0.0
2025-10-30,43949.66125823088,582.684940836778,457.2622545554963,44989.60845362316,2273.674656303825,3.641833333333352,17.058347333333423,45006.66680095649,69990.27001061573,69144.21536610878,452.0988818071345,0.0,20357.18334689684,16449.24267926186,10489.472995091308,10534.001697007501,1,10,34,1559.8646504053916,713.8100058984335,1559.864650405384,0.0
2025-10-31,19506.54078613495,43.882444211229114,111.39268999672359,19661.815920342902,277.52612593165816,0.0,0.0,19661.815920342902,35337.98478168127,35408.387534264584,214.03558467254084,7816.765654933326,17802.41231093385,14329.118082941795,10534.001697007501,10634.930462468204,0,10,18,103.56168667416992,173.96443925748827,98.12550399755801,0.0
2025-11-01,19463.731426774113,60.85800396280376,78.67590370600985,19603.265334442927,234.92378810983428,0.0,0.0,19603.265334442927,35434.73679498877,35445.65988359714,339.9847661205755,9069.093915818985,17738.32896682927,14245.786198505019,10634.930462468204,10770.775200942307,0,10,18,112.00034975073055,122.92343835910373,112.00034975073055,0.0
2025-11-02,46089.94826577841,132.95278246538663,1378.993022170502,47601.894070414295,2104.732883521299,0.0,0.0,47601.894070414295,72030.36285499757,73702.80362314261,1388.5543900546172,0.0,20480.730270009088,16962.864970254424,10770.775200942307,10355.804699223352,0,10,18,216.14605768813226,1888.5868258331664,216.14605768813226,0.0
2025-11-03,47373.53239384539,272.727167875707,176.48691437591532,47822.74647609701,977.2434771492918,0.0,0.0,47822.74647609701,74788.96437572225,74363.07854148003,657.2404521817045,0.0,20058.72477991192,15857.816973946927,10355.804699223352,10788.860363425265,0,10,36,701.5646556957557,275.6788214535361,701.5646556957557,0.0
2025-11-04,45754.96633060226,298.63367830226326,627.5102268860505,46681.11023579058,1883.7052237038645,33.599550000000136,155.81717803333396,46836.92741382391,72117.52026553615,72008.81777657886,952.2281120068452,414.4215702927206,19354.12947344502,16258.433862499061,10788.860363425265,10142.65037563793,2,12,26,996.2038563305757,887.5013673732888,961.10132413811,0.0
2025-11-05,46912.81760990525,559.3780289333711,929.9415464843532,48402.13718532298,3439.2053240625496,0.0,0.0,48402.13718532298,75098.23107013138,74423.41438868293,211.4011740358917,2.2737367544323206e-13,21235.295548052814,16701.302400072447,10142.65037563793,10697.413702138305,0,4,18,2057.011002755508,1382.1943213070417,2057.011002755508,0.0
2025-11-06,45902.500135650334,352.4859898136536,2951.9218926398516,49206.908018103844,3964.292432737509,0.0,0.0,49206.908018103844,72498.5125352056,75410.75858197593,313.6005639506443,0.0,21407.09268378682,17679.51921576154,10697.413702138305,10319.886877811396,0,0,2,526.023192983594,3438.269239753914,526.023192983594,0.0
2025-11-07,20259.15792087135,21.7280495983887,84.83598254703544,20365.721953016775,177.90034697862455,0.0,0.0,20365.721953016775,36624.59361397824,36711.88143007296,590.1521329272977,8983.320211300585,17950.67203396454,14130.724731452792,10319.886877811396,10774.686451209715,0,10,14,45.30626544195445,132.5940815366701,45.30626544195445,0.0
2025-11-08,19715.292533987435,123.8477486453313,107.71569305290383,19946.85597568567,414.62944921041856,0.0,0.0,19946.85597568567,36254.180877719366,36176.860922472566,385.32538961271973,8733.615985434792,17284.070396851756,14017.357949426692,10774.686451209715,10755.50764234664,0,10,26,245.97470222860784,168.65474698181072,245.97470222860784,0.0
2025-11-09,47268.25028479411,391.19700738807416,1865.172847067417,49524.6201392496,3169.149035961301,0.0,0.0,49524.6201392496,74511.10514110792,75763.45420124926,627.391302501926,0.0,20807.551605664667,17018.305890250664,10755.50764234664,10573.075320499664,0,22,53,958.3999879099742,2210.7490480513266,958.3999879099742,0.0
2025-11-10,48439.89610989541,9.080572018149956,2308.630924379663,50757.607606293226,2919.978682910245,0.0,0.0,50757.607606293226,75403.63029579385,78246.18813117128,605.0547338517362,0.0,21004.680877802188,17221.990580482656,10573.075320499664,10341.74302109646,0,10,12,38.710423766416056,2881.268259143829,38.710423766416056,0.0
2025-11-11,48731.78189359544,332.50423615449523,352.8784064338545,49417.164536183795,1345.6798815079194,0.0,0.0,49417.164536183795,76477.71114857271,76235.35496661716,511.9824686590043,0.0,20985.653802577923,16821.30097128643,10341.74302109646,10538.49703087611,0,10,29,794.0180317317338,551.6618497761856,794.0180317317338,0.0
2025-11-12,48219.31940032639,314.6279011374095,1333.9755366307847,49867.922838094586,2542.361887520403,0.0,0.0,49867.922838094586,75673.12775271758,76354.56821934058,1312.74699085154,239.5484393202753,20638.510235393784,16792.22519622501,10538.49703087611,10455.128246924947,0,15,28,930.4607104487094,1611.9011770716936,867.9378219198478,0.0
2025-11-13,48202.36915562482,118.14209907045858,1701.341441278696,50021.852695973976,2823.953788271383,2.010533333333342,9.417338133333374,50031.27003410731,74712.96000882561,76500.61042657707,214.00323427373405,0.0,20114.070696059927,16221.324287089928,10455.128246924947,10534.098221056745,1,1,2,518.1516852599702,2305.8021030114123,445.1016608996228,0.0
2025-11-14,19789.926682535235,75.42315144150568,435.48898024377405,20300.838814220515,711.5353761753358,0.0,0.0,20300.838814220515,35974.82675946925,36441.18875953603,206.39716625933158,5199.453997447679,17890.971007787353,14454.088711958331,10534.098221056745,10575.873559222773,0,0,5,122.58668805427789,588.948688121058,122.58668805427789,0.0
2025-11-15,19692.836861572385,81.11057176410029,441.05909792783007,20215.006531264316,668.1731323937598,0.0,0.0,20215.006531264316,36033.16232151114,36434.83345007183,227.0813761852167,4586.313126654436,18270.56261842077,14861.01058785526,10575.873559222773,10507.145929295613,0,0,4,133.2510019165377,534.9221304772221,133.2510019165377,0.0
2025-11-16,49895.95130561403,44.71191644772919,1746.4426583929642,51687.10588045472,2398.180708980922,0.0,0.0,51687.10588045472,77219.08937766607,79225.41200136364,583.4318408055296,0.0,21416.830493807654,17209.394716582872,10507.145929295613,10660.743688630422,0,11,17,195.929042641676,2202.251666339246,187.55515415740092,0.0
2025-11-17,49566.55157229081,224.84225226554756,1696.2026471106644,51487.59647166702,2843.9953486975264,0.0,0.0,51487.59647166702,76950.53347828034,78348.3476586317,1482.2684633728509,215.95905395012778,20339.249737085745,16384.883929110358,10660.743688630422,10760.641864107198,0,2,19,723.0905841730832,2120.9047645244427,601.8354233694805,0.0
2025-11-18,49496.93348205742,105.25174469470805,1814.6837835657143,51416.869010317845,2776.344046242937,0.0,0.0,51416.869010317845,76789.0768199481,79007.23912514605,269.19905620994587,0.0,21172.076400629376,17324.588165026602,10760.641864107198,10565.968219088529,0,18,38,279.09087052248407,2497.253175720453,279.09087052248407,0.0
2025-11-19,49346.447431829794,244.00806438813353,4172.936223663381,53763.39171988131,4906.61347138735,1.3850000000001046,6.301057500000477,53769.69277738131,76977.67053663247,80217.07453063093,1070.439719851005,70.78996681315016,20824.744052572696,17115.825808605918,10565.968219088529,10290.653634619597,1,1,4,833.6047386944425,4073.008732692909,719.895848482816,0.0
2025-11-20,50492.65219923358,5.190063578744615,1005.9143829420348,51503.75664575436,1549.4766106363095,0.0,0.0,51503.75664575436,78083.15260744284,79598.6193995254,505.7397949597379,28.772050000000036,21575.56433860316,17304.53281737084,10290.653634619597,10481.402853394844,0,10,13,17.004909276875765,1532.4717013594338,17.004909276875765,0.0
2025-11-21,20252.023140488345,104.44133794436108,981.6753012680944,21338.1397797008,1199.2207169084206,0.0,0.0,21338.1397797008,36790.46724699646,37654.05258849117,316.132913180968,4820.372471573541,17718.030026975553,14064.866889905556,10481.402853394844,10800.0,0,0,1,167.8176877068548,1031.403029201566,167.8176877068548,0.0
2025-11-22,20422.663202395852,16.762895461997786,359.76315894856975,20799.189256806418,484.1514525776559,0.0,0.0,20799.189256806418,36946.86111373686,37377.142893423064,253.0523816359335,3707.8424495626946,17896.528617370226,14700.11003847912,10800.0,10573.420157323068,0,0,1,26.93483644572649,457.2166161319294,26.934836445726262,0.0
2025-11-23,50556.54142096539,347.1739770102224,1657.5300053860165,52561.24540336163,2380.695794994347,0.0,0.0,52561.24540336163,78924.83703714825,79955.30564442865,661.8150071580651,0.0,21393.68257905612,17332.288225118857,10573.420157323068,10569.63645056373,0,0,22,675.1135938569674,1705.5822011373796,675.1135938569674,0.0
2025-11-24,50109.316734411244,202.63663066827584,591.0892489939675,50903.042614073485,1619.5190169648433,18.83966666666663,88.24499866666649,50991.287612740154,77892.35221273167,78002.18135633679,256.3147871271178,0.0,20361.009552383344,16758.247016507004,10569.63645056373,10274.270584923175,1,10,26,754.8449366798623,864.6740802849811,754.8449366798623,0.0
2025-11-25,52386.855586686936,262.4077301376572,33.46847805751785,52682.731794882115,893.716846761071,0.0,0.0,52682.731794882115,81572.56649865222,80783.48453845698,324.65147149719394,0.0,21166.170547685368,16875.997947392258,10274.270584923175,10572.715247404161,0,10,52,841.3994034781541,52.317443282916884,841.3994034781541,0.0
2025-11-26,52163.586907818906,38.83188346735519,1152.9547917009227,53355.37358298719,1384.4927268753963,0.0,0.0,53355.37358298719,80468.74689317378,81574.33999214791,570.1190299447915,0.0,21278.068127288123,17031.51404841833,10572.715247404161,10799.07206372089,0,10,19,139.44981395062985,1245.0429129247664,139.44981395062985,0.0
2025-11-27,51374.7114202348,259.8442639069365,1413.1813078912485,53047.73699203299,2927.0635397094707,0.0,0.0,53047.73699203299,79559.24073566063,80189.72693691187,557.2551885461179,1.2278178473934531e-11,20502.265647732187,16650.686632699755,10799.07206372089,10750.348221457913,0,12,14,1148.2886692291124,1778.7748704803585,1081.2212194903896,0.0
2025-11-28,20512.84942843631,76.50786218036541,265.1583185871448,20854.515609203823,464.6741136580961,0.0,0.0,20854.515609203823,37169.110363913336,37386.9429387403,199.77379995527855,2962.8693673706002,18241.08738287419,14938.02616145977,10750.348221457913,10569.520019978278,0,0,2,123.42076941556462,341.2533442425315,123.42076941556462,0.0
2025-11-29,20966.20801960307,78.393928451933,266.5081709120931,21311.110118967095,585.8486684443617,0.0,0.0,21311.110118967095,38056.483598327184,38303.11404760388,51.48879831266868,0.0,17747.78168148883,14425.606532197618,10569.520019978278,10514.071830876432,0,10,30,169.6091095838338,416.23955886052784,169.6091095838338,0.0
2025-11-30,53854.225931864275,11.686602146431184,1627.8584376043516,55493.77097161506,2100.6663025954836,0.0,0.0,55493.77097161506,82835.34418549007,84849.66124555652,278.7611038430788,0.0,22350.99195086545,18024.919925818675,10514.071830876432,10602.275780190144,0,10,16,43.174621264521534,2057.491681330962,43.174621264521534,0.0
2025-12-01,53949.7720906026,453.9975986594717,10391.237449751936,64795.00713901401,9685.77043181938,210.98003273372817,1022.9797006136045,65817.98683962761,84045.0652381771,92375.61895758015,1374.5316403004695,0.0,24922.041151848545,20008.901535168457,10602.275780190144,10800.0,4,1,1,677.6083562081667,9008.162075611213,639.2827254297172,0.0
2025-12-02,56255.24437786492,439.17423759177086,8666.544659673878,65360.96327513056,8178.678607454901,105.95513179000034,617.9403777355502,65978.90365286611,86999.22237071823,93866.93310476486,690.0894123032313,0.0,24447.309864482224,19802.320990230597,10800.0,10800.0,3,1,1,655.4839367041355,7523.194670750765,625.4099709942442,0.0
2025-12-03,58700.884513113735,418.44428470919013,4815.587271916736,63934.916069739666,5712.430721754546,19.607955587667448,114.53987256535939,64049.45594230502,89698.40066959511,93383.05751344659,2120.653634816372,0.0,21680.332987111746,17561.069719560517,10800.0,10800.0,1,1,2,1013.8869389515323,4698.543782803011,891.1292369148464,0.0
2025-12-04,60616.050626731274,368.88694030651305,2578.5267880127262,63563.46435505051,2907.914193983626,99.52302405562716,562.1699151042793,64125.63427015479,92297.97993994204,93712.65473527723,2890.3712905307875,0.0,21845.251151589917,17694.653432787833,10800.0,10800.0,2,0,9,746.6196993242179,2161.294494659408,746.6196993242179,0.0
2025-12-05,23793.108435469327,366.3658831467705,2405.8857403315815,26565.360058947677,3706.77336471124,0.0,0.0,26565.360058947677,43448.212719382835,45979.3346492409,1103.108896622063,0.0,18761.042469923734,15196.444400638233,10800.0,10800.0,0,0,2,587.8257174265912,3118.9476472846486,587.8257174265912,0.0
2025-12-06,24605.92773506136,329.4114317749118,3122.315624676619,28057.65479151289,4178.03653369074,0.0,0.0,28057.65479151289,44954.909214748826,48035.99876372858,916.7237039015886,0.0,18182.33812189648,14727.69387873615,10800.0,10800.0,0,2,4,548.4734923554918,3629.5630413352487,548.4734923554918,0.0
2025-12-07,62073.79616875293,1079.2148508739444,347.1654987168332,63500.17651834371,3116.9395730487904,41.543992303359346,242.6792310400736,63742.85574938378,96235.78494821125,94183.92619570773,2480.649503246807,0.0,21537.575972443643,17445.436537679354,10800.0,10800.0,1,1,62,2584.3991627761557,532.540410272635,2584.399162776156,0.0
2025-12-08,64036.186673981094,1471.2473406576496,172.75488726842494,65680.18890190717,4041.001777071756,36.62071329693117,213.91989672402343,65894.10879863119,100326.24565460053,96826.16324301464,5122.619744998123,0.0,20489.226813930476,16596.273719283687,10800.0,10800.0,1,10,59,3770.5420943288254,270.4596827429305,3770.5420943288195,0.0
2025-12-09,61660.09193642051,1921.673243214788,511.455256991751,64093.22043662705,5040.638659386791,155.92251163655612,906.0804518459867,64999.30088847304,98396.71217940885,94955.3393305745,3434.524133918234,0.0,22569.912850664026,18281.629409037865,10800.0,10800.0,3,11,75,4241.005754110567,799.6329052762251,4241.005754110567,0.0
2025-12-10,61357.446833750626,268.2908047138699,793.5224180042084,62419.2600564687,1699.9397884058135,2.940943939618819,17.17952402328333,62436.439580491984,93734.83571046116,94325.99276128922,1750.9694517609191,0.0,22054.45150948024,17864.105722678985,10800.0,10800.0,1,10,33,554.3913687888808,1145.5484196169327,554.3913687888808,0.0
2025-12-11,59505.703326622366,1342.9449280041295,557.4029582931134,61406.05121291961,3756.963925602209,54.042453037895484,315.68898942086645,61721.74020234047,94098.43226304195,92082.56912504518,1934.5922338819576,0.0,22319.813916847976,18079.049272646862,10800.0,10800.0,1,10,73,2886.413531799494,870.5503938027148,2886.413531799494,0.0
2025-12-12,25351.00051880696,253.1871994754132,1460.829154374639,27065.016872657012,2608.3141191244554,0.0,0.0,27065.016872657012,46217.03817859407,47581.49288190915,555.3131386587877,0.0,17799.65470709743,14487.888447180396,10800.0,10722.035406187253,0,1,15,621.9297079046856,1986.3844112197696,563.1775202078095,0.0
2025-12-13,25701.276742918908,152.2091464925704,991.7268835197385,26845.212772931216,1667.7111217780143,0.0,0.0,26845.212772931216,46817.31833216098,47978.35060589957,652.607939003011,0.0,18296.55098570133,14769.341702138101,10722.035406187253,10778.55162427612,0,0,2,253.33942401971143,1414.3716977583028,253.33942401971143,0.0
2025-12-14,59564.738076429174,41.73133163028729,2597.8926301211504,62204.36203818061,3301.1627018439376,40.90438201466441,238.9429475386621,62443.304985719275,90699.03657750352,93853.09273940754,642.147397599584,0.0,23441.180977216536,18968.05305339391,10778.55162427612,10800.0,1,11,12,73.55326996995964,3227.609431873977,73.55326996995964,0.0
2025-12-15,61031.434576105516,99.34975386488728,1420.0796938776118,62550.864023848015,2087.0882622045283,30.215768250311612,176.50541023419527,62727.36943408221,93061.02011237582,94591.20372649687,1042.3662049877803,0.0,22127.470818357622,18017.975495264887,10800.0,10694.750964005325,1,10,26,278.4523240417444,1808.635938162784,278.4523240417444,0.0
2025-12-16,61294.5670483227,341.20359376613715,888.7992653417712,62524.5699074306,2100.3320260424057,26.89285071883876,157.00232511576326,62681.572232546365,93803.85643879054,94395.0613038825,900.9282241348847,0.0,22267.992053994312,18165.0574568612,10694.750964005325,10552.546638309983,2,14,60,754.5635804752256,1345.7684455671802,754.5635804752255,0.0
2025-12-17,60065.13386051968,395.51328394794916,486.98237679327764,60947.629521260904,1870.3605531046871,60.78871567626754,354.2087311062502,61301.83825236715,92821.1312514818,92449.03713493267,171.97175472161604,0.0,22508.34901829136,18362.341989070683,10552.546638309983,10407.458544693676,2,0,25,1121.2273348269039,749.1332182777833,1121.2273348269039,0.0
2025-12-18,59546.324279059125,113.5319972698341,1757.4952364657565,61417.35151279472,2050.4355443706936,25.736527792521997,148.88227879383356,61566.23379158855,90923.92472704334,92502.64006187594,716.2885565820286,0.0,22965.541043895144,18519.719977475368,10407.458544693676,10498.978842560005,2,0,6,235.86010476904153,1814.5754396016523,235.86010476904153,0.0
2025-12-19,24246.059968639882,444.3414147122175,1718.0366682624076,26408.438051614507,4025.306419610402,0.0,0.0,26408.438051614507,45154.71008042354,46270.07378485121,149.11899907092828,6.821210263296962e-13,18441.587300643645,15229.023814863358,10498.978842560005,10175.269841068877,0,12,23,1454.9713575913677,2570.335062019035,1329.8926858728432,0.0
2025-12-20,25683.488688147056,102.50634678055928,140.61537862258487,25926.6104135502,461.1629118846453,0.0,0.0,25926.6104135502,46801.71569594654,46779.81422000413,82.88363247871163,151.8179865044508,18549.44275753099,14860.682406510019,10175.269841068877,10357.89898228008,0,10,32,241.53219391352786,219.63071797111746,241.5321939135058,0.0
2025-12-21,60202.1169202519,349.02133662586306,1721.743656995671,62272.88191387343,3136.682360189851,31.979566337762662,186.80863676204058,62459.690550635474,92707.91126107553,94117.95884740396,498.2686980568727,0.0,23143.94553775934,18530.057688741155,10357.89898228008,10598.49697877331,1,14,37,863.3173869307086,2273.364973259142,863.3173869307086,0.0
2025-12-22,60430.56757565989,3.0486150012943014,1085.1853043142798,61518.80149497546,1290.4888786643444,47.07377598202936,266.4540613740245,61785.25555634948,91988.51211346706,93262.8327017878,434.092811889843,0.0,22459.99605373955,18521.609471192893,10598.49697877331,10232.927348035688,2,0,3,8.08414517180313,1282.4047334925415,8.08414517180313,0.0
2025-12-23,59966.84054228445,514.5829148468437,647.6421149773837,61129.06557210867,2416.567670545072,0.0,0.0,61129.06557210867,92892.10480344598,92497.18260231924,629.7919234716679,0.0,22885.039390556416,18275.741245042154,10232.927348035688,10523.083638378506,0,10,58,1405.7449358358972,1010.8227347091752,1405.7449358358972,0.0
2025-12-24,59669.44524891884,40.519837820013606,973.589510006012,60683.55459674487,1645.1432262089934,13.040803802896676,75.85127185934807,60759.40586860422,91183.20663538635,92556.04598574388,503.02256052843563,0.0,23188.163359322134,18976.658446970443,10523.083638378506,10307.254609579053,2,10,28,136.15193792572666,1508.9912882832668,136.15193792572666,0.0
2025-12-25,58938.07252743358,14.860848736554772,1713.6437647709567,60666.57714094109,2446.3401629738523,0.0,0.0,60666.57714094109,90084.0156494399,92410.2456484536,194.93320015153074,0.0,23279.185196093098,18876.32128112435,10307.254609579053,10284.830973702452,0,14,16,60.05508198006953,2386.2850809937827,60.05508198006953,0.0
2025-12-26,24947.020738363582,1.4435954653890804e-13,1588.652044223043,26535.672782586626,1945.532387082291,0.0,0.0,26535.672782586626,45094.77480428417,47040.30719136647,118.2101561346496,0.0,18525.86716251049,14611.392560612006,10284.830973702452,10723.230797059663,0,0,0,6.821210263296962e-13,1945.53238708229,0.0,0.0
2025-12-27,25039.077003346083,26.769007456949197,880.3407931059394,25946.186803908975,1404.296389813574,0.0,0.0,25946.186803908975,45528.216565742216,46685.92525176853,115.65671023387111,0.0,17983.635007502715,14752.175532634717,10723.230797059663,10517.196156440203,0,11,15,123.29385189362654,1281.0025379199476,123.29385189362654,0.0
2025-12-28,59996.28428979769,282.4511838994874,525.0600930784658,60803.79556677564,1317.3880159718187,116.99850811685963,678.2461956674788,61482.04176244312,92115.46750155941,92159.73124134084,1229.0100601679706,0.0,21918.79468786485,17680.32974857512,10517.196156440203,10599.300543768433,3,10,41,636.5621380951991,680.8258778766198,630.8024124699493,0.0
2025-12-29,59717.976700956075,150.43577312551537,931.9431808673805,60800.35565494897,1948.4236280613682,19.020919558900687,111.11070160331835,60911.46635655229,91566.5918874858,92286.07536282417,877.7858246976431,0.0,21746.867779643613,17843.323588624855,10599.300543768433,10345.566446975623,1,11,26,614.4700763615007,1333.9535516998676,562.134296987573,0.0
2025-12-30,58582.907530491626,309.20556190142963,1078.995219789437,59971.10831218249,2106.1039035694275,54.20504858661593,316.6387913187169,60287.747103501206,90543.41892175456,90958.67622837424,428.8326440189959,0.0,22843.16236942541,18483.51633648353,10345.566446975623,10367.172205587904,1,5,13,845.4232984748753,1260.6806050945524,741.0473099353499,0.0
2025-12-31,56943.940905666495,1071.1839284882726,1617.6144577786827,59632.73929193345,7078.239559189842,200.09730968118157,975.3048816483563,60608.04417358181,90415.17055667832,87653.80309911244,116.83414929611718,0.0,18463.439295214434,19372.795969050247,10367.172205587904,5458.93871678062,7,6,15,4919.803508377859,2158.4360508119835,4913.960866892754,0.0
