date,model,base_cost_yuan,breach_cost_yuan,overbuy_cost_yuan,grid_cost_yuan,two_way_grid_cost_yuan,reversal_gap_yuan,adjusted_kwh,emergency_kwh,emergency_cost_yuan,total_cost_yuan,planned_purchase_kwh,final_commitment_kwh,unused_plan_kwh,curtailed_pv_kwh,charge_kwh,discharge_kwh,start_soc_kwh,end_soc_kwh,emergency_slots
2025-02-01,M1,17800.539536825174,0.0,0.0,17800.539536825174,17800.539536825174,0.0,0.0,0.0,0.0,17800.539536825174,42406.381925072856,42406.381925072856,1515.4745429047148,2728.66626054171,19834.628802702933,16050.563614409833,10782.793649133842,10800.0,0
2025-02-02,M1,61919.97138931254,0.0,0.0,61919.97138931254,61919.97138931254,0.0,0.0,0.0,0.0,61919.97138931254,89276.88202723989,89276.88202723989,6353.6159124721535,0.0,24036.779814567042,19469.791649799303,10800.0,10800.0,0
2025-02-03,M1,62560.756350587115,0.0,145.08815794328825,62705.844508530405,62705.844508530405,0.0,81.29554431741371,84.49090827342616,502.6364133186122,63208.48092184902,88499.91558886255,88581.21113317995,4128.265597010892,0.0,22739.57865496053,18419.05871051803,10800.0,10800.0,1
2025-02-04,M1,62283.08069768041,0.0,15.972847814481451,62299.05354549489,62299.05354549489,0.0,8.510155647797205,29.274560853085198,167.49329226600977,62466.5468377609,88353.02799839833,88361.53815404612,2489.044418859233,0.0,25301.980979812317,20595.076633772325,10800.0,10688.364399861839,2
2025-02-05,M1,58273.616912266414,0.0,2228.566322155706,60502.18323442213,60502.18323442213,0.0,1492.0505720506214,1165.2371684960376,6601.584411489638,67103.76764591176,83762.48096773383,85254.53153978445,955.9999584024858,0.0,24497.16086931423,19781.819102769554,10688.364399861839,10756.010179167362,9
2025-02-06,M1,59940.14025258655,0.0,869.1023139358946,60809.24256652247,60809.24256652247,0.0,510.39646031571414,221.848161092353,1223.0929648421948,62032.33553136467,85645.24315777997,86155.63961809568,1505.8162707546498,0.0,24762.399931471893,20161.785639705166,10756.010179167362,10640.186073375215,7
2025-02-07,M1,15692.968140477164,0.0,160.9797198741714,15853.947860351334,15853.947860351334,0.0,126.67588910463598,630.8173233167486,2750.634709561513,18604.582569912847,38108.17853145175,38234.85442055638,305.32762752502447,2868.5019977179873,20542.376031592117,16656.21357962866,10640.186073375215,10621.420524442934,6
2025-02-08,M1,13585.723537967326,0.0,2347.721467331347,15933.445005298678,15933.445005298678,0.0,2118.0941913848883,655.1459069279947,3218.9433000158506,19152.38830531453,34065.594441663634,36183.68863304853,42.94300139581094,988.8823666666668,22166.2187864919,17936.37233124452,10621.420524442934,10641.714842013964,6
2025-02-09,M1,54476.79832251331,0.0,5111.102348169084,59587.9006706824,59587.9006706824,0.0,3554.0505807302607,1161.8084171006717,6478.459079505923,66066.35975018832,79873.93819202353,83427.9887727538,239.3544796445993,0.0,25238.704986984987,20443.67824344178,10641.714842013964,10641.351282031814,14
2025-02-10,M1,54705.23437706976,0.0,587.52793165007,55292.76230871985,55292.76230871985,0.0,388.3783191299085,244.77351716618608,1348.3807137531476,56641.143022473,81377.17011230621,81765.54843143612,3450.7204923273107,127.33024999999998,22011.231762668824,17905.598139727153,10641.351282031814,10556.35082429247,8
2025-02-11,M1,54330.69444804155,0.0,371.18081284949005,54701.875260891036,54701.875260891036,0.0,246.92307269735403,1101.7413542043298,6151.323481508199,60853.19874239923,80590.37899684958,80837.30206954695,1967.4286525210446,0.0,24393.367652290068,19642.350014393174,10556.35082429247,10685.54836202778,14
2025-02-12,M1,54987.705919836255,0.0,287.4996753179689,55275.20559515422,55275.20559515422,0.0,158.13465606729528,255.44093712182973,1433.3210254448306,56708.52662059905,81602.54563682273,81760.68029289001,2012.7720898909024,58.95943333333321,24464.259845257067,19786.606271802782,10685.54836202778,10718.264142978267,9
2025-02-13,M1,54326.42808308704,0.0,226.92419550693066,54553.35227859396,54553.35227859396,0.0,151.24933296378777,58.99759630383319,326.9367125081729,54880.28899110213,81223.984689873,81375.23402283678,5614.638495192305,328.66348953389684,21515.201823306357,17353.751205558594,10718.264142978267,10800.0,2
2025-02-14,M1,14586.078495413678,0.0,507.67882322630436,15093.757318639982,15093.757318639982,0.0,411.74468821917293,160.00251173560446,758.4494866583954,15852.206805298378,35846.89215322277,36258.63684144194,165.72255394359127,2140.63365,22893.539139269786,18583.057806702498,10800.0,10756.343217895588,3
2025-02-15,M1,14817.123377565256,0.0,533.6405129526436,15350.763890517908,15350.763890517908,0.0,504.849170502913,302.27807359922474,1280.0172916698584,16630.781182187766,35209.629869782235,35714.47904028515,126.41309838068719,2689.1358666666683,21367.630637076625,17446.513588239606,10756.343217895588,10602.195693220543,4
2025-02-16,M1,55471.89641750154,0.0,264.7120440315414,55736.608461533084,55736.608461533084,0.0,140.13713652110505,55.649160604851,327.62692883818033,56064.235390371265,81749.1910451109,81889.328181632,2056.400753630059,0.0,23231.347455882325,18720.14996727553,10602.195693220543,10710.241773208498,3
2025-02-17,M1,54714.94631264841,0.0,0.0,54714.94631264841,54714.94631264841,0.0,0.0,157.022276261505,1004.5100845023268,55719.45639715074,81585.1599666562,81585.1599666562,5475.600452005194,794.4812,22246.622650174133,17958.385225928287,10710.241773208498,10778.440796222678,2
2025-02-18,M1,50760.53655645768,0.0,871.0283338267066,51631.56489028439,51631.56489028439,0.0,564.5515401277847,6.867537074033976,34.996968929277145,51666.56185921367,76797.26672814362,77361.8182682714,957.551185795342,38.890194032921045,22428.701888338153,18147.84524615431,10778.440796222678,10800.0,1
2025-02-19,M1,50002.60741605344,0.0,835.756363178345,50838.3637792318,50838.3637792318,0.0,570.4928149514001,1242.692139873569,6694.2440455522,57532.607824784,76272.10612035258,76842.59893530398,1056.67840141638,0.0,22893.26908174644,18743.98379131861,10800.0,10577.293516551117,16
2025-02-20,M1,51782.15055051969,0.0,174.1731302199982,51956.32368073969,51956.32368073969,0.0,88.84117838306463,48.93628684981297,274.5570373708757,52230.880718110566,78288.37033009302,78377.21150847606,2897.3957451100205,0.0,22816.749904097596,18281.13158721506,10577.293516551117,10800.0,1
2025-02-21,M1,14651.30035557575,0.0,22.462959472822565,14673.76331504857,14673.76331504857,0.0,15.828140123648325,0.0,0.0,14673.76331504857,35106.89822351109,35122.726363634734,212.24302608935727,5259.280944827552,21531.265049392066,17440.324690007572,10800.0,10800.0,0
2025-02-22,M1,14797.720113889703,0.0,348.71986524664504,15146.439979136347,15146.439979136347,0.0,254.9477563708418,43.7175949388877,212.53229347192172,15358.97227260827,35174.95000764126,35429.8977640121,341.94106781006,3123.2051499999975,21914.24346214525,17750.53720433765,10800.0,10800.0,2
2025-02-23,M1,51300.65901964051,0.0,7.451915437278318,51308.110935077784,51308.110935077784,0.0,5.340726322137403,268.52478578973125,1357.339346969029,52665.45028204681,77904.6975903117,77910.03831663383,2299.1453541857636,0.0,23279.08724830048,18931.523183396013,10800.0,10716.152764141523,6
2025-02-24,M1,49460.42202635294,0.0,344.010815609307,49804.43284196225,49804.43284196225,0.0,186.9116085896805,41.82843512260297,213.72238925893987,50018.155231221186,75431.49292669803,75618.4045352877,2421.988820694655,760.5988499999997,22100.785109349312,17826.173426300316,10716.152764141523,10800.0,1
2025-02-25,M1,48271.53983162383,0.0,81.11579775107653,48352.65562937491,48352.65562937491,0.0,58.13421880442356,53.59598144679228,276.7083989212772,48629.364028296186,75257.37044027567,75315.50465908009,4278.997517770219,1197.9663666666665,21630.47351101404,17559.65998825737,10800.0,10756.692839626667,2
2025-02-26,M1,45947.00488956667,0.0,2747.1890378472726,48694.193927413966,48694.193927413966,0.0,2146.2354013057898,419.10911277410264,2216.5208708935143,50910.71479830748,71391.278243048,73537.51364435378,699.3972361066525,0.0,23175.79496501,18733.417477322102,10756.692839626667,10800.0,7
2025-02-27,M1,44689.39125797828,0.0,361.796671482043,45051.18792946033,45051.18792946033,0.0,188.41791511372674,1711.4535035069807,9677.504842765466,54728.6927722258,71388.8342298606,71577.25214497432,1712.6786021971998,262.3258893687163,22932.194510081008,18575.077553165618,10800.0,10800.0,15
2025-02-28,M1,13472.466666647953,0.0,140.7299233557586,13613.196590003712,13613.196590003712,0.0,139.3641546402838,193.94921536289797,848.3866872909666,14461.583277294678,33903.89912697155,34043.26328161183,336.14930798098396,6503.190350000003,21685.190430775212,17579.91114178148,10800.0,10783.436785718275,7
2025-03-01,M1,13875.049398530484,0.0,0.0,13875.049398530484,13875.049398530484,0.0,0.0,191.61444521967422,885.9349468013226,14760.984345331806,34139.678602027256,34139.678602027256,132.82687035714247,6625.947117116404,20521.07017101875,16607.3170445787,10783.436785718275,10799.825445658818,4
2025-03-02,M1,47760.21890858631,0.0,5207.324088042434,52967.54299662875,52967.54299662875,0.0,2763.632711446161,435.99663542888567,2468.161541378542,55435.70453800729,73963.60487010075,76727.23758154691,776.8635310575885,0.0,21550.472967736783,17522.409348485242,10799.825445658818,10725.90739608277,7
2025-03-03,M1,49846.338940155794,0.0,1308.474780591155,51154.813720746955,51154.813720746955,0.0,678.1571821852494,640.5756363497397,3559.222416716044,54714.036137463,76706.2511066288,77384.40828881405,1490.801663920068,0.0,24153.969332714914,19636.933704804516,10725.90739608277,10645.66456796561,10
2025-03-04,M1,48350.180882472996,0.0,111.16683809679073,48461.347720569785,48461.347720569785,0.0,81.60216559056546,286.24427535276743,1608.755276863767,50070.102997433554,74520.18414182012,74601.78630741069,1145.4408842424525,410.72335495325297,22096.004446046107,17963.596035811686,10645.66456796561,10572.517418505231,9
2025-03-05,M1,46862.97064429515,0.0,113.83968568240385,46976.81032997755,46976.81032997755,0.0,66.31756142066934,463.51608949529043,2906.063026506931,49882.87335648448,74282.39309234358,74348.71065376424,4062.1374028597147,259.10244999999986,22574.958665439135,18214.443791705977,10572.517418505231,10651.709337727147,8
2025-03-06,M1,43547.87190001118,0.0,2461.910670499131,46009.78257051031,46009.78257051031,0.0,1378.0816402377297,272.8002195536003,1645.513683881926,47655.29625439223,69662.29473175242,71040.37637199016,767.3086565241085,534.3360939985455,22175.246539397416,18104.36883170965,10651.709337727147,10493.465854618546,6
2025-03-07,M1,12763.906462410398,0.0,0.0,12763.906462410398,12763.906462410398,0.0,0.0,272.2359671875074,1114.9165302053123,13878.82299261571,32509.37837296015,32509.37837296015,107.65803111661921,7613.79910371887,20626.590216064164,16488.718544085328,10493.465854618546,10736.598666759268,2
2025-03-08,M1,11989.484189762157,0.0,1367.1326583078255,13356.616848069982,13356.616848069982,0.0,1321.255562012362,314.83553948977124,1207.7225366249377,14564.339384694918,30358.62076302154,31679.876325033903,147.77093802421507,8746.107483333333,21419.334509096312,17381.640582596858,10736.598666759268,10701.065744282776,7
2025-03-09,M1,42585.24288475046,0.0,715.0258618594363,43300.26874660988,43300.26874660988,0.0,513.2566542245838,474.16305424212885,2640.3708368111343,45940.63958342101,69436.23493739765,69949.49159162224,2187.665535832284,528.6592454083307,23119.07533992268,18745.270525298933,10701.065744282776,10680.155188769935,10
2025-03-10,M1,43098.29391165915,0.0,5127.801864241358,48226.095775900474,48226.095775900474,0.0,3971.54325481887,908.0902751700895,4978.301606472477,53204.397382372954,67595.82687023522,71567.37012505409,82.89110045462928,0.0,22841.714137406987,18491.216287637428,10680.155188769935,10691.902037283528,9
2025-03-11,M1,41703.41125037713,0.0,3119.4232020725003,44822.83445244961,44822.83445244961,0.0,2768.9781514368383,111.0489201573268,617.4916770535036,45440.32612950312,66852.96832726327,69621.94647870012,919.8070960458459,616.3332613440556,22173.262922230846,17915.326680763304,10691.902037283528,10741.920133109847,4
2025-03-12,M1,42762.12021038879,0.0,607.5528846314254,43369.673095020196,43369.673095020196,0.0,343.8290177272538,163.8606499023216,1038.6046556071258,44408.27775062732,69116.43790172177,69460.26691944902,2214.055941005068,932.7540833333331,21914.77736624942,17872.994504569808,10741.920133109847,10606.336979878983,3
2025-03-13,M1,43304.30929779171,0.0,2903.0299306947086,46207.33922848642,46207.33922848642,0.0,2538.4909115936334,1095.1748984231926,6089.871499755316,52297.210728241735,68498.74513517249,71037.23604676612,247.16662132133877,0.0,22421.549294886194,18081.922987684877,10606.336979878983,10694.705803404466,10
2025-03-14,M1,12398.998454091696,0.0,31.468880978755138,12430.46733507045,12430.46733507045,0.0,27.35188799683258,0.0,0.0,12430.46733507045,31525.836041622475,31553.187929619307,421.09493218488984,10934.168951683583,21440.701502534306,17272.203440116806,10694.705803404466,10800.0,0
2025-03-15,M1,12642.454557144112,0.0,225.84933451240582,12868.30389165652,12868.30389165652,0.0,240.5135560151935,459.960815262908,1618.3156580470682,14486.619549703588,31189.817777248147,31430.33133326334,389.84092436752707,6616.843649999997,21395.778690951905,17436.29626679318,10800.0,10682.538303197627,5
2025-03-16,M1,42335.43321559662,0.0,1629.9639512616832,43965.397166858296,43965.397166858296,0.0,1604.1989412416424,210.83169747259396,1089.3354185999876,45054.73258545828,68312.65761792993,69916.85655917156,2394.6722176525273,0.0,22506.597781769273,18124.628676110973,10682.538303197627,10800.0,4
2025-03-17,M1,41197.102873928416,0.0,216.19753257669106,41413.30040650512,41413.30040650512,0.0,152.82989322363903,0.0,0.0,41413.30040650512,67911.47007637598,68064.29996959961,4761.233329067354,1520.3285999999998,20655.82424841546,16731.21764121653,10800.0,10800.0,0
2025-03-18,M1,41166.41764174993,0.0,86.35554815117084,41252.7731899011,41252.7731899011,0.0,78.9185709900641,952.2195366133395,5118.710027377463,46371.48321727856,67231.07053952858,67309.98911051864,1937.5966178791796,1049.8160319186873,21835.98752982868,17687.14989916123,10800.0,10800.0,7
2025-03-19,M1,38145.33926425742,0.0,1618.1463251449818,39763.48558940241,39763.48558940241,0.0,1774.7767681449193,1074.8271996331878,5773.922437468067,45537.40802687047,62495.95758378819,64270.734351933104,1451.620864958199,331.9118109764487,21560.83381911394,17464.27539348229,10800.0,10800.0,6
2025-03-20,M1,40048.58091200907,0.0,2329.4820350751024,42378.06294708417,42378.06294708417,0.0,1381.6909159798267,624.5155676618408,3271.811247222563,45649.87419430673,65222.35838904317,66604.04930502299,972.4896873095561,0.0,21300.596677413763,17253.483308705152,10800.0,10800.0,7
2025-03-21,M1,11434.311426586406,0.0,841.0325611794065,12275.343987765811,12275.343987765811,0.0,862.830734126278,301.3307869615545,958.0464596388612,13233.390447404672,29766.82644271139,30629.657176837667,567.1584067502429,14268.818766666665,21376.55933534552,17315.01306162987,10800.0,10800.0,4
2025-03-22,M1,12200.257593736527,0.0,41.36338867261585,12241.620982409144,12241.620982409144,0.0,40.88595908210675,0.7025111763542071,1.9919704405523544,12243.612952849697,30574.23897742992,30615.124936512027,487.39759615135137,10197.264699999996,21315.607464229986,17265.64204602629,10800.0,10800.0,1
2025-03-23,M1,39476.86746501325,0.0,513.0745224059415,39989.9419874192,39989.9419874192,0.0,426.7472290846183,474.21420012939257,2512.9524364231934,42502.894423842394,65290.913803732576,65717.6610328172,2289.7743076864494,1045.6310065904913,21509.2094842262,17422.45968222322,10800.0,10800.0,7
2025-03-24,M1,37860.84159655198,0.0,2227.1785291398514,40088.02012569182,40088.02012569182,0.0,1303.7092013786569,988.4673864776998,5266.66101427142,45354.68113996324,62636.209361903675,63939.918563282336,1341.1469941636237,1540.1411342666954,21308.42493682312,17259.824198826736,10800.0,10800.0,7
2025-03-25,M1,39055.71265143137,0.0,1603.86692938511,40659.57958081648,40659.57958081648,0.0,1038.1116859291521,871.657056811126,4463.120172403714,45122.69975322019,64458.506739915865,65496.618425845016,644.6588255431784,640.7398238664243,21780.715525086736,17647.963408506854,10800.0,10793.795740903772,10
2025-03-26,M1,37186.91464538181,0.0,686.8963299926792,37873.8109753745,37873.8109753745,0.0,706.7447657388657,521.3357246897394,2842.227175208377,40716.03815058288,61676.3877367153,62383.13250245417,2013.0483422127768,1228.1601080488826,21395.37408962624,17324.669179410652,10793.795740903772,10800.0,5
2025-03-27,M1,37612.52715019982,0.0,1609.8672796113178,39222.394429811124,39222.394429811124,0.0,999.2324097904095,503.66916338673,2702.3512203392966,41924.74565015042,62565.12089728702,63564.353307077436,1340.0753111727026,0.0,21110.303996270923,17099.346236979458,10800.0,10800.0,5
2025-03-28,M1,11478.22856355862,0.0,123.26655364152651,11601.495117200144,11601.495117200144,0.0,132.6772072144587,293.78141207517353,905.8264907017385,12507.321607901882,29738.436540494942,29871.1137477094,574.9223268578464,14728.673483333336,21260.097804877532,17220.679221950806,10800.0,10800.0,4
2025-03-29,M1,11355.66861271291,0.0,448.2930166548059,11803.961629367714,11803.961629367714,0.0,376.651363228011,47.35456942855255,151.80524385799478,11955.766873225708,29594.472785442435,29971.124148670446,225.668326865334,18021.05137786599,21392.36752649652,17327.81769646218,10800.0,10800.0,2
2025-03-30,M1,35594.10607490814,0.0,481.2192231097074,36075.32529801784,36075.32529801784,0.0,283.43916412428246,284.9436572482379,1483.4566211047836,37558.78191912262,60318.07420117019,60601.513365294464,1039.9533313880324,354.54582662471967,21822.832444894557,17676.494280364597,10800.0,10800.0,4
2025-03-31,M1,34542.846224599634,0.0,4738.127077517648,39280.97330211728,39280.97330211728,0.0,4992.476278051145,0.0,0.0,39280.97330211728,56872.16163757128,61864.637915622414,759.6518487219058,0.0,21861.034650353642,17707.43806678646,10800.0,10800.0,0
2025-04-01,M1,38487.056121826055,0.0,2890.3903052444684,41377.44642707053,41377.44642707053,0.0,2759.098625138065,0.0,0.0,41377.44642707053,62756.27971938534,65515.3783445234,545.258251724339,743.8125136118142,21144.505592213613,17127.049529693024,10800.0,10800.0,0
2025-04-02,M1,37123.17269560825,0.0,3041.6655846716158,40164.838280279844,40164.838280279844,0.0,2978.1944196630193,1372.5495818539878,7337.1296806328355,47501.967960912676,61980.43711877259,64958.63153843561,1829.0758498688492,0.0,21404.05194958296,17337.282079162203,10800.0,10800.0,9
2025-04-03,M1,38007.55999544988,0.0,252.07311518003198,38259.63311062992,38259.63311062992,0.0,164.41406759392044,382.0519170176922,2034.4502944487954,40294.083405078716,62849.43595986844,63013.850027462366,1690.9158794141417,1736.7177317310748,21603.88456141145,17499.14649474328,10800.0,10800.0,4
2025-04-04,M1,10850.649491782962,0.0,30.318413883444748,10880.967905666406,10880.967905666406,0.0,36.93812582210697,158.6333121575732,511.90347019404754,11392.871375860454,28842.66948193392,28879.60760775603,376.6951951202048,18150.539407041688,21474.75825132479,17394.554183573084,10800.0,10800.0,3
2025-04-05,M1,11216.663776538142,0.0,649.9995080845903,11866.663284622731,11866.663284622731,0.0,610.9130360657649,0.0,0.0,11866.663284622731,28703.589121280973,29314.502157346735,145.51583117115695,13063.408890161063,21387.626972844202,17326.164520163016,10800.0,10797.570364267545,0
2025-04-06,M1,35998.77466334713,0.0,388.5834967111425,36387.35816005828,36387.35816005828,0.0,247.28613657575454,314.6412848889098,1593.144110597116,37980.502270655394,60320.88117162511,60568.16730820086,729.5697561020116,1450.325196159502,22582.372115802034,18289.534741640444,10797.570364267545,10800.0,4
2025-04-07,M1,34465.241523627774,0.0,1649.360371109769,36114.60189473754,36114.60189473754,0.0,1987.0770018605424,0.0,0.0,36114.60189473754,57313.08884526823,59300.16584712878,974.9030739779463,1054.6285308648671,21199.552415540158,17171.63745658753,10800.0,10800.0,0
2025-04-08,M1,35373.798037342065,0.0,835.3391628825246,36209.137200224584,36209.137200224584,0.0,441.4528539476943,143.0309636387665,688.3901574728552,36897.52735769744,59326.09568902189,59767.548542969584,1374.6905092084462,182.24115005615909,21420.91371118465,17420.45948050757,10800.0,10722.756250613325,6
2025-04-09,M1,35264.128602192664,0.0,4842.296838356007,40106.425440548686,40106.425440548686,0.0,4407.577313926946,458.6878733777861,2366.6549978247535,42473.08043837344,58803.11855287675,63210.69586680369,487.5900208237672,0.0,21185.41725055591,17137.934547864865,10722.756250613325,10747.482278486024,5
2025-04-10,M1,35552.902807511186,0.0,1780.092880966436,37332.99568847762,37332.99568847762,0.0,2071.765111099858,173.70348473550075,873.6393617692663,38206.635050246885,59562.978069578545,61634.74318067841,2380.5061415351615,782.4350340831836,21776.85073912103,17591.983149325468,10747.482278486024,10800.0,3
2025-04-11,M1,10550.20341804527,0.0,569.2802760306505,11119.483694075923,11119.483694075923,0.0,609.3983146181126,53.414074282103684,176.82729291090425,11296.310986986828,27998.512541397205,28607.910856015318,167.97660546035473,19115.682171227345,21373.76835233187,17312.752365388813,10800.0,10800.0,1
2025-04-12,M1,10934.61579378031,0.0,155.6399119847256,11090.255705765036,11090.255705765036,0.0,135.12168423382002,0.0,0.0,11090.255705765036,28401.203855099717,28536.325539333535,338.09773265344313,15229.195937630111,20757.21746868409,16813.34614963411,10800.0,10800.0,0
2025-04-13,M1,34110.92411028012,0.0,2327.7594410369006,36438.68355131702,36438.68355131702,0.0,1777.7723793864666,0.0,0.0,36438.68355131702,57095.60200152438,58873.37438091084,566.4136077623783,0.0,21213.696262184923,17183.09397236979,10800.0,10800.0,0
2025-04-14,M1,34088.77464933837,0.0,312.46055093580867,34401.235200274175,34401.235200274175,0.0,220.31183598675557,76.81752721580767,495.88311794575486,34897.11831821993,57369.681749673146,57589.9935856599,1080.6577187601465,0.0,21358.534705871352,17300.413111755795,10800.0,10800.0,2
2025-04-15,M1,33105.95535311251,0.0,1252.5093717937466,34358.46472490626,34358.46472490626,0.0,881.5741241837267,0.0,0.0,34358.46472490626,55819.806686750104,56701.38081093383,1091.333423720046,1697.0671215871178,19860.79701207019,16087.245579776858,10800.0,10800.0,0
2025-04-16,M1,34118.39096460378,0.0,3065.496283360008,37183.88724796379,37183.88724796379,0.0,2683.5117341585074,0.0,0.0,37183.88724796379,57137.33319468226,59820.844928840765,203.4913412231102,0.0,20198.74546114558,16360.98382352792,10800.0,10800.0,0
2025-04-17,M1,32952.630921086056,0.0,2102.552913200067,35055.183834286116,35055.183834286116,0.0,2594.8836695340115,0.0,0.0,35055.183834286116,55384.028799802414,57978.912469336414,949.1850402309502,0.0,21902.02673213411,17740.641653028637,10800.0,10800.0,0
2025-04-18,M1,10074.324122196142,0.0,555.8368417206261,10630.160963916765,10630.160963916765,0.0,593.7218350192466,0.0,0.0,10630.160963916765,27480.004108501846,28073.725943521094,775.6767434620283,16926.172946194867,21146.100371215067,17128.341300684202,10800.0,10800.0,0
2025-04-19,M1,10243.582723994727,0.0,239.71438030526204,10483.297104299989,10483.297104299989,0.0,258.41890079303573,163.89004394099976,531.1057194083952,11014.402823708384,27314.09005435366,27572.508955146695,617.4324701440585,16305.162466666663,21205.92006461562,17176.79525233865,10800.0,10800.0,3
2025-04-20,M1,33061.46453610751,0.0,1249.1682239812426,34310.63276008877,34310.63276008877,0.0,1256.9981093639663,0.0,0.0,34310.63276008877,55333.2183433817,56590.21645274566,615.8494567636848,0.0,21140.11638236139,17123.494269712737,10800.0,10800.0,0
2025-04-21,M1,33165.8769104846,0.0,256.07844391932184,33421.95535440391,33421.95535440391,0.0,180.28851317422004,0.0,0.0,33421.95535440391,56722.23705566465,56902.52556883887,1275.9750184452043,3205.569473274848,20547.74049360783,16643.669799822346,10800.0,10800.0,0
2025-04-22,M1,31855.79345420156,0.0,2982.9861608202905,34838.77961502186,34838.77961502186,0.0,3811.0405658027826,227.81057396082414,1156.2509102037989,35995.03052522566,52689.971813283366,56501.01237908614,313.7766354637379,126.14500442421513,21768.27366574923,17632.301669256878,10800.0,10800.0,4
2025-04-23,M1,31947.66993409251,0.0,2167.3328491116386,34115.00278320415,34115.00278320415,0.0,2919.9819338178477,0.0,0.0,34115.00278320415,53427.864520040916,56347.84645385876,908.4449333283778,88.59674522464502,20794.14767704779,16843.259618408712,10800.0,10800.0,0
2025-04-24,M1,31848.531092146397,0.0,440.3016824508686,32288.832774597264,32288.832774597264,0.0,287.3686292078385,0.0,0.0,32288.832774597264,53640.39253400429,53927.761163212126,787.8369399102463,2073.822208319874,20926.291131484264,16950.295816502257,10800.0,10800.0,0
2025-04-25,M1,9471.642843901353,0.0,36.94146893732604,9508.58431283868,9508.58431283868,0.0,29.4655821706163,57.40528514440854,234.96642246365613,9743.550735302337,26506.141895356548,26535.607477527163,153.62325109592624,20537.06885065799,21180.539668984224,17278.57665806657,10800.0,10664.067193122948,2
2025-04-26,M1,10064.986789433093,0.0,520.5243475478229,10585.511136980915,10585.511136980915,0.0,447.785673497856,127.88096566060813,526.7359301742442,11112.247067155158,26434.582594481697,26882.368267979553,86.82246534199385,22800.219193940597,21303.74539026861,17250.73144924437,10664.067193122948,10669.958656315399,2
2025-04-27,M1,30071.88745006915,0.0,3405.005048120104,33476.892498189256,33476.892498189256,0.0,2694.1837035729322,915.7102890216221,5010.8515369318675,38487.744035121126,50558.70396152268,53252.887665095615,474.85470332536715,999.6803662235761,21585.27653435015,17464.684833115185,10669.958656315399,10691.502167102552,7
2025-04-28,M1,32347.210647530017,0.0,7335.835301807365,39683.045949337386,39683.045949337386,0.0,6352.108055343415,180.15654291168119,911.8518792692947,40594.89782860668,54304.342317314855,60656.45037265826,225.29986226629705,0.0,20482.587826469964,16493.248089832974,10691.502167102552,10800.0,3
2025-04-29,M1,31427.21603566671,0.0,1681.0918428353484,33108.30787850206,33108.30787850206,0.0,993.7161997724846,83.9331226345223,555.4694055952687,33663.777284097334,53499.34766727984,54493.063867052326,305.8910558435314,3168.278549570636,19313.75614529486,15644.142477688842,10800.0,10800.0,1
2025-04-30,M1,30319.866776049916,0.0,735.3669346253783,31055.23371067531,31055.23371067531,0.0,1051.8183921606785,109.33098578534585,538.9460455035008,31594.17975617881,51666.22736610073,52718.04575826141,607.7246659138618,0.0,21023.304511384235,17060.506866584677,10800.0,10764.855319596176,4
2025-05-01,M1,31100.718319080803,0.0,3059.669409532049,34160.38772861285,34160.38772861285,0.0,1971.4224758480868,2519.147137083304,14914.900639026495,49075.28836763934,50434.44785522059,52405.87033106868,0.0,619.2162636534802,20855.571901155134,17561.149496656624,10764.855319596176,10022.481701017323,15
2025-05-02,M1,10480.550310779401,0.0,2325.845870795547,12806.396181574944,12806.396181574944,0.0,1694.7725903039716,1799.3624310105024,8505.660902336158,21312.057083911102,26850.731450648313,28545.50404095228,0.0,11855.249349999998,20872.696257016636,16673.39921838719,10022.481701017323,10281.909200790979,16
2025-05-03,M1,10818.055379540368,0.0,447.1815811405818,11265.23696068095,11265.23696068095,0.0,335.5103601757846,1618.5084910417395,7739.38668094364,19004.62364162459,27571.44573280197,27906.956092977758,2.9488869284778048,16420.56793333333,21190.91847306572,16956.142359308033,10281.909200790979,10513.577649541203,9
2025-05-04,M1,36716.73632290776,0.0,0.0,36716.73632290776,36716.73632290776,0.0,0.0,1013.7366072293248,6047.158050862656,42763.89437377042,60304.822533000464,60304.822533000464,2802.903930833095,3241.9934499999995,18550.858957058255,15011.864530994892,10513.577649541203,10529.501232010416,9
2025-05-05,M1,35783.81235500267,0.0,985.5758296945669,36769.388184697236,36769.388184697236,0.0,634.698603119307,777.5981476198385,4980.460918854514,41749.84910355175,58773.39795496645,59408.09655808575,1063.1674147325894,0.0,21021.98396719986,16975.463476226858,10529.501232010416,10587.660717793784,7
2025-05-06,M1,35212.86042981582,0.0,850.1996899976632,36063.060119813475,36063.060119813475,0.0,1200.3820300465284,817.6922344106964,5033.486779501168,41096.54689931464,56650.551243994625,57850.93327404115,987.4577311542064,935.6178919852125,21341.324422728918,17465.85690408315,10587.660717793784,10388.345027046313,8
2025-05-07,M1,35218.24393265973,0.0,2204.0660255467064,37422.30995820644,37422.30995820644,0.0,1639.15445732318,912.0992517181878,5961.0116398668,43383.321598073235,57368.486271130605,59007.640728453785,579.0839823595439,285.76961062901523,20274.539110000864,16287.498672817448,10388.345027046313,10538.209478472147,7
2025-05-08,M1,38863.468281550806,0.0,0.0,38863.468281550806,38863.468281550806,0.0,0.0,0.0,0.0,38863.468281550806,62365.08181451798,62365.08181451798,1481.8759387828295,909.7014257901476,20586.21358194702,16439.22153200202,10538.209478472147,10800.0,0
2025-05-09,M1,12579.724672812725,0.0,0.0,12579.724672812725,12579.724672812725,0.0,0.0,0.0,0.0,12579.724672812725,30399.675177242825,30399.675177242825,977.8466164173383,16950.518356219996,20904.86502423943,16932.940669633936,10800.0,10800.0,0
2025-05-10,M1,12819.904774466124,0.0,0.0,12819.904774466124,12819.904774466124,0.0,0.0,0.0,0.0,12819.904774466124,30129.918313311013,30129.918313311013,407.0037514544221,13636.72091774322,20869.2018988423,16904.05353806226,10800.0,10800.0,0
2025-05-11,M1,36855.75121494982,0.0,724.8455325307308,37580.59674748056,37580.59674748056,0.0,840.8684860624534,394.24541825402434,2701.5724184222113,40282.16916590277,60040.74690347068,60881.61538953314,639.6148886638789,1340.3414356912037,20305.624043662396,16493.798643563645,10800.0,10748.618702003214,4
2025-05-12,M1,35708.722616951156,0.0,2563.835497106702,38272.55811405786,38272.55811405786,0.0,2639.6519359270833,117.6742326241058,727.4096174480012,38999.96773150586,57777.091097185694,60416.74303311278,2518.131918207347,2578.64265,18211.60155789002,14705.154093693807,10748.618702003214,10800.0,3
2025-05-13,M1,35593.999680442525,0.0,177.03894145339896,35771.038621895925,35771.038621895925,0.0,98.17098723007307,122.81418798553281,708.9393870920588,36479.978008987986,58544.823818668294,58642.99480589837,1071.740193868407,749.3133441665232,20135.810885424613,16320.268196242307,10800.0,10788.598467724038,4
2025-05-14,M1,34659.27914931465,0.0,1865.370690998753,36524.64984031342,36524.64984031342,0.0,2468.8360623351223,129.28551784547355,794.6834059162126,37319.33324622963,56920.864009162506,59389.70007149762,1431.644920454205,1428.271935740744,19784.178931909315,16139.258982094501,10788.598467724038,10661.84952633743,4
2025-05-15,M1,36044.37790293128,0.0,2021.3462951742006,38065.72419810549,38065.72419810549,0.0,2293.9422696453257,0.0,0.0,38065.72419810549,57173.17942972059,59467.12169936592,1659.8240765216194,1000.4850354377854,20617.9940935625,16576.239789489315,10661.84952633743,10800.0,0
2025-05-16,M1,12090.73902227147,0.0,50.94494074087756,12141.683963012349,12141.683963012349,0.0,44.68754833428176,0.0,0.0,12141.683963012349,29024.34019554232,29069.027743876602,744.3733992994992,21681.54543151344,20671.5914722649,16743.989092534568,10800.0,10800.0,0
2025-05-17,M1,12586.491028578543,0.0,394.8367829375236,12981.327811516068,12981.327811516068,0.0,282.4514985025699,0.0,0.0,12981.327811516068,29249.09794893332,29531.54944743589,337.1388937434216,14725.87145455314,21156.52639897896,17136.786383172966,10800.0,10800.0,0
2025-05-18,M1,35414.047236922415,0.0,1147.8872580383186,36561.93449496074,36561.93449496074,0.0,1168.7350380652017,5.236666666666679,34.42846500000008,36596.36295996074,57839.47182613346,59008.206864198655,1618.1139241000799,0.0,19574.534246132884,15855.372739367634,10800.0,10800.0,1
2025-05-19,M1,34116.67402322561,0.0,128.63071201435122,34245.30473523996,34245.30473523996,0.0,93.20938505209881,79.23650000000009,550.829460833334,34796.13419607329,55727.92378082528,55821.13316587738,707.8189292308946,4062.9181947209463,19023.242062766003,15408.826070840463,10800.0,10800.0,2
2025-05-20,M1,33260.10976168055,0.0,4906.846621009227,38166.95638268977,38166.95638268977,0.0,3848.7415300433013,170.39710676650907,1130.4260131348528,39297.38239582462,54401.470968795955,58250.21249883925,83.36573831366593,0.0,20051.837108554864,16241.988057929437,10800.0,10800.0,2
2025-05-21,M1,33885.94153342453,0.0,3420.7674606733,37306.708994097826,37306.708994097826,0.0,3239.13810572312,0.0,0.0,37306.708994097826,54129.82240571866,57368.96051144179,431.2975546119551,1828.8057462979466,20179.049002444983,16432.807075246426,10800.0,10702.4695741489,0
2025-05-22,M1,33352.46406843736,0.0,1609.6073738400667,34962.071442277425,34962.071442277425,0.0,1673.32326304594,82.73439926508922,544.0655117668592,35506.13695404428,53747.50334316713,55420.82660621307,542.0461650939279,0.0,21353.192844482008,17208.30882076444,10702.4695741489,10800.0,2
2025-05-23,M1,11148.151741039292,0.0,540.3387343212379,11688.490475360533,11688.490475360533,0.0,531.1120411726185,139.44248944219723,413.7053161065702,12102.195791467104,27937.59181724444,28468.70385841706,588.23321470053,17387.36753333333,22166.29850785296,17954.7017913609,10800.0,10800.0,5
2025-05-24,M1,11801.248335156586,0.0,265.43197046981305,12066.680305626402,12066.680305626402,0.0,266.9448011686527,22.335330360463434,63.23132025047198,12129.911625876874,28573.408908981117,28840.353710149775,956.5727084888927,19994.903070285567,21877.430938960242,17720.7190605578,10800.0,10800.0,1
2025-05-25,M1,33502.5181901944,0.0,1305.4900135009048,34808.008203695324,34808.008203695324,0.0,717.6052219963775,0.0,0.0,34808.008203695324,54270.014771489194,54987.61999348557,705.2151431511312,2000.0125635941322,19793.163879951255,16055.781776544281,10800.0,10774.089962462484,0
2025-05-26,M1,32146.752988699718,0.0,5615.631449271473,37762.384437971195,37762.384437971195,0.0,5550.792132497375,1266.202789235212,7113.221033558671,44875.60547152987,52072.50718157884,57623.29931407622,355.6780181641328,0.0,21063.21254928763,17109.22141414033,10774.089962462484,10720.73524110987,8
2025-05-27,M1,33003.01313703419,0.0,2156.6848255965356,35159.69796263073,35159.69796263073,0.0,3377.42964796357,0.0,0.0,35159.69796263073,53265.94578329373,56643.375431257315,1703.8699393561014,1406.709878057492,21535.116714940024,17392.688401096308,10720.73524110987,10777.130950004437,0
2025-05-28,M1,33486.366963091416,0.0,2554.235575276756,36040.602538368206,36040.602538368206,0.0,2559.7178869386116,0.0,0.0,36040.602538368206,54648.866540079485,57208.5844270181,805.7661349059995,79.21613831935201,21206.29425682498,17156.516203032235,10777.130950004437,10800.0,0
2025-05-29,M1,32968.9485276985,0.0,4318.098878593674,37287.04740629218,37287.04740629218,0.0,4597.502502460442,209.63815396696185,1403.242811785256,38690.29021807743,54029.1952276082,58626.69773006865,627.2344975886607,41.0249632298503,21511.384143216896,17453.431219999795,10800.0,10767.544373339882,3
2025-05-30,M1,11540.784421578981,0.0,920.2124129448061,12460.996834523783,12460.996834523783,0.0,565.6116826652809,123.2539359053858,368.25584308926,12829.252677613043,27952.40631911826,28518.01800178354,445.4927438257773,17365.810433333332,22129.0812098371,17895.34571597395,10767.544373339882,10800.0,3
2025-05-31,M1,11309.745355702376,0.0,362.0290604381891,11671.774416140566,11671.774416140566,0.0,353.5075946398556,274.79961660577817,845.0179694391547,12516.792385579722,28405.44543357323,28758.953028213087,860.33357280679,15599.157533333331,22026.7367825197,17841.656793840957,10800.0,10800.0,6
2025-06-01,M1,40352.050654329134,0.0,16888.46238256854,57240.513036897675,57240.513036897675,0.0,11837.885912280368,1927.048761513333,12118.547215122893,69359.06025202057,60495.01242582887,72332.89833810924,181.57455859629738,0.0,19375.46334757875,16521.917106552468,10800.0,9880.231338873682,15
2025-06-02,M1,43648.03407608426,0.0,9597.597638450246,53245.63171453451,53245.63171453451,0.0,5571.602326677712,1711.927313008454,10475.343120966714,63720.97483550123,67121.03765570227,72692.63998237999,1592.2384566478524,0.0,21591.13573004948,17419.614341308887,9880.231338873682,9957.126450019445,16
2025-06-03,M1,49149.204743774215,0.0,2820.499965230986,51969.70470900521,51969.70470900521,0.0,2301.2720714344377,579.6224295570302,3692.2255904464578,55661.93029945166,73874.51629478771,76175.78836622214,2983.704728492401,1205.3162666666663,20976.92919664837,16602.906229361593,9957.126450019445,10388.689138823427,11
2025-06-04,M1,52517.0350152643,0.0,485.9017879558219,53002.93680322011,53002.93680322011,0.0,310.58055288927744,331.6483231179573,2151.97759944069,55154.9144026608,78090.00159584248,78400.58214873174,4882.045595887278,153.56019250369252,21047.295698752954,16995.931831960876,10388.689138823427,10446.886565522327,10
2025-06-05,M1,51354.34386167242,0.0,2498.5283536852276,53852.87221535763,53852.87221535763,0.0,1594.0654719212023,406.6238766142386,2728.5808566118303,56581.45307196946,75482.40780013643,77076.47327205763,2045.7526938280967,433.5601166666668,21395.647399605492,17541.181078095055,10446.886565522327,10212.768027283879,8
2025-06-06,M1,16609.985581832832,0.0,3692.8462617856635,20302.831843618496,20302.831843618496,0.0,2165.898381733099,1076.4227404583435,6270.876547656421,26573.70839127492,34301.757661559335,36467.65604329243,17.56083117021808,2527.878198682349,21543.671208764634,17400.026854866424,10212.768027283879,10268.708943098247,7
2025-06-07,M1,17368.62411640205,0.0,1078.767450904047,18447.3915673061,18447.3915673061,0.0,625.181726966397,710.0070406362912,4482.477124908138,22929.868692214237,35555.12425312192,36180.30598008832,48.02872094767628,1600.9823351152227,21224.42576998683,17109.636971991782,10268.708943098247,10359.984389428855,4
2025-06-08,M1,59184.91389541121,0.0,0.0,59184.91389541121,59184.91389541121,0.0,0.0,0.0,0.0,59184.91389541121,86359.09612231753,86359.09612231753,16012.376783948745,2031.5277999999998,14390.81169572673,11260.543424024621,10359.984389428855,10800.0,0
2025-06-09,M1,56142.12848366718,0.0,280.3322342285897,56422.46071789577,56422.46071789577,0.0,139.2920594413007,8.551392497199913,60.445517866457585,56482.906235762224,81311.10312927935,81450.39518872065,5907.605674994861,863.7589666666668,19762.469506436806,16007.600300213813,10800.0,10800.0,1
2025-06-10,M1,53048.141451658106,0.0,729.1817154863261,53777.32316714443,53777.32316714443,0.0,347.6144812813844,0.0,0.0,53777.32316714443,77846.4869998253,78194.10148110669,2159.6089966014865,130.08093333333295,22557.722725465996,18271.755407627457,10800.0,10800.0,0
2025-06-11,M1,53506.67142888214,0.0,5271.946748385255,58778.6181772674,58778.6181772674,0.0,3544.6253441713807,571.2444832329212,3019.347161309339,61797.965338576745,78554.18182530843,82098.80716947981,2140.2821620876903,0.0,23396.43775767574,18951.114583717346,10800.0,10800.0,6
2025-06-12,M1,54400.63908260517,0.0,1836.7971240599609,56237.43620666514,56237.43620666514,0.0,882.0378595055859,0.0,0.0,56237.43620666514,79316.8726770044,80198.91053650998,3497.92318874117,89.91438333333338,21887.797532116565,17729.116001014412,10800.0,10800.0,0
2025-06-13,M1,17484.370680141816,0.0,220.60082447779718,17704.971504619614,17704.971504619614,0.0,130.3528843135569,448.18558788777443,2722.230631581272,20427.202136200885,35603.29642335314,35733.649307666696,221.27420507580652,3608.7764840837226,21683.732469750084,17677.26196335514,10800.0,10673.957041269372,3
2025-06-14,M1,18152.306243726358,0.0,146.6478871477524,18298.95413087411,18298.95413087411,0.0,82.67675103467366,535.0912940669309,3171.8708099278692,21470.82494080198,35370.17216489201,35452.848915926676,68.20204148221774,5777.320110317504,21680.5290938853,17731.453785691414,10673.957041269372,10484.81790833124,4
2025-06-15,M1,52724.03968461941,0.0,1265.7353857854634,53989.775070404874,53989.775070404874,0.0,1153.8050017327869,0.0,0.0,53989.775070404874,77189.19891224017,78343.00391397296,3268.639597843274,0.0,21914.347896286698,17466.957913490347,10484.81790833124,10800.0,0
2025-06-16,M1,52830.94010077595,0.0,3458.8379240144322,56289.77802479038,56289.77802479038,0.0,2403.945390015187,1.6679656828478073,11.249594547967037,56301.02761933835,77170.45111307008,79574.39650308527,2540.404151274746,0.0,22850.56579382483,18508.958292998115,10800.0,10800.0,1
2025-06-17,M1,51001.93504070041,0.0,6544.812269912528,57546.74731061294,57546.74731061294,0.0,4677.4213086741,217.14460425641786,1523.26537292076,59070.0126835337,74983.92451967824,79661.34582835234,878.3273247276009,0.0,23208.00456119254,18844.85266997805,10800.0,10748.478916208789,5
2025-06-18,M1,52851.51697265807,0.0,2361.9348528294454,55213.45182548754,55213.45182548754,0.0,2029.9463316382191,38.01822277434326,257.25920791020775,55470.71103339775,77392.33526230886,79422.28159394707,4354.268444335376,55.22366666666653,21452.88331740676,17330.466511687388,10748.478916208789,10800.0,3
2025-06-19,M1,50165.94271538017,0.0,1585.9172376816502,51751.85995306181,51751.85995306181,0.0,1162.2964121695043,122.05053359233,841.7321668154534,52593.59211987726,74470.24118301534,75632.53759518485,2385.6918775966074,922.4980499999999,22036.28421673989,17849.39021555931,10800.0,10800.0,2
2025-06-20,M1,17686.262220922614,0.0,98.51359052801774,17784.775811450632,17784.775811450632,0.0,75.83547768976933,0.0,0.0,17784.775811450632,35074.272948889426,35150.108426579194,1108.6687769569448,7530.770414480399,21632.044132325558,17521.955747183703,10800.0,10800.0,0
2025-06-21,M1,17335.105236320982,0.0,526.4224597113928,17861.52769603238,17861.52769603238,0.0,531.0466487545307,110.30716125769814,328.1660782055795,18189.69377423796,35283.25256909199,35814.299217846514,2144.4887103775955,10292.619383333333,21856.620449438342,17703.862564045055,10800.0,10800.0,4
2025-06-22,M1,47082.197381652775,0.0,3787.5154228100896,50869.71280446286,50869.71280446286,0.0,2851.9515334070925,39.02576084203497,273.00502043936996,51142.71782490223,69865.97740361598,72717.92893702308,887.0457506167844,194.05944999999997,22202.675774991265,17984.167377742935,10800.0,10800.0,3
2025-06-23,M1,47062.042649561285,0.0,3449.964498791691,50512.007148352975,50512.007148352975,0.0,2229.8595421935815,32.63526678501398,226.68436909041253,50738.69151744339,69834.12606220721,72063.98560440079,842.5079799712737,57.40546619078327,22083.084270662246,17947.66284563849,10800.0,10732.928237331029,3
2025-06-24,M1,49724.53371779043,0.0,9746.528881880413,59471.062599670826,59471.062599670826,0.0,6776.641146928338,2321.951850729737,12755.924084736414,72226.98668440724,72108.56133504015,78885.2024819685,528.7023865055327,0.0,22891.026893634866,18481.367197442167,10732.928237331029,10800.0,12
2025-06-25,M1,48931.41973193836,0.0,2921.0352449566744,51852.45497689503,51852.45497689503,0.0,2525.306867887627,66.25367592707323,460.4225399353503,52312.877516830384,72989.26374423897,75514.5706121266,867.417309839831,0.0,22505.18742919567,18229.2018176485,10800.0,10800.0,3
2025-06-26,M1,47371.02346264478,0.0,2285.1414023727853,49656.16486501758,49656.16486501758,0.0,2448.2488090408833,131.1100399040979,918.7315025241469,50574.896367541725,71233.28101283053,73681.52982187142,2036.3229345597144,0.0,22334.83778902126,18105.904695138794,10800.0,10783.682126631578,5
2025-06-27,M1,16129.5592878318,0.0,328.8203715295164,16458.379659361315,16458.379659361315,0.0,322.9650147824217,152.0699229890823,448.45007870767586,16906.82973806899,33485.06804832435,33808.03306310678,701.4015361703489,9233.009366666667,22312.42173979264,18058.375523200462,10783.682126631578,10800.0,3
2025-06-28,M1,16361.178064499749,0.0,495.1245090443298,16856.30257354408,16856.30257354408,0.0,375.42656433092225,55.51292071806629,150.93050057889604,17007.233074122974,33719.33018804908,34094.75675238,372.0630373899204,7760.334566666665,22320.76817039382,18079.822218019,10800.0,10800.0,3
2025-06-29,M1,46057.60300517615,0.0,6017.6375077960665,52075.24051297221,52075.24051297221,0.0,5270.3960267963,133.51723436458616,871.831950962809,52947.072463935016,68640.00087788403,73910.39690468032,489.280458098669,0.0,22562.448145331124,18275.582997718204,10800.0,10800.0,5
2025-06-30,M1,47807.20180096423,0.0,2757.1397129289385,50564.34151389317,50564.34151389317,0.0,2227.6048280650934,598.9049130764719,3145.344246850017,53709.68576074318,71850.46060830154,74078.06543636663,392.04254808269593,0.0,23196.020094879306,18788.776276852233,10800.0,10800.0,8
2025-07-01,M1,51099.65373866116,0.0,17659.324640022172,68758.97837868333,68758.97837868333,0.0,13576.527044136812,745.6960465824071,5594.456070919732,74353.43444960305,70186.1494944079,83762.6765385447,1352.5523435449031,358.5017499999999,23265.66030868134,19334.885850432453,10800.0,10255.887777332704,13
2025-07-02,M1,53051.66491147522,0.0,12180.750526052288,65232.41543752751,65232.41543752751,0.0,10359.39248410086,313.98479572029447,2553.0897427537657,67785.50518028128,71691.8057442998,82051.19822840067,3760.191247462906,1500.0133500000006,20680.804673727165,16480.592613735775,10255.887777332704,10556.84241286962,9
2025-07-03,M1,59710.66660821966,0.0,8631.277269354781,68341.94387757443,68341.94387757443,0.0,6591.7046219052545,116.9272496971563,1023.8659548930466,69365.80983246748,79478.0905954149,86069.79521732016,1371.3683537594575,631.5654,22343.602622362152,17920.23284243762,10556.84241286962,10754.71494806487,4
2025-07-04,M1,22958.268733533165,0.0,2786.3073756818158,25744.57610921498,25744.57610921498,0.0,2503.583697158583,557.569433244546,2718.55766375123,28463.133772966212,39968.67335691006,42472.25705406865,183.17067063993096,9849.344373082957,22188.42704979946,18071.98307287582,10754.71494806487,10644.318100800137,15
2025-07-05,M1,23337.038720107652,0.0,2225.941895066429,25562.980615174067,25562.980615174067,0.0,1602.588884356644,325.3494916776724,1634.9436890994443,27197.92430427351,41793.67372318776,43396.26260754441,147.26103072295484,10416.703537198471,23001.30327088431,18633.735706250318,10644.318100800137,10641.340259873445,6
2025-07-06,M1,62586.86709481952,0.0,7765.944423790874,70352.8115186104,70352.8115186104,0.0,4817.194233756522,24.42552717629553,205.74842816952543,70558.55994677992,82463.19767168889,87280.3919054454,2945.5875493688936,221.7756333333332,22108.83649371354,17765.363793794066,10641.340259873445,10800.0,1
2025-07-07,M1,64496.55994894456,0.0,99.89961613266455,64596.45956507723,64596.45956507723,0.0,57.16149229598784,0.0,0.0,64596.45956507723,86163.29713235218,86220.45862464816,7941.0603451299985,1284.4422176732837,18870.912079885384,15285.438784707163,10800.0,10800.0,0
2025-07-08,M1,70256.9381960622,0.0,0.0,70256.9381960622,70256.9381960622,0.0,0.0,0.0,0.0,70256.9381960622,93290.99207222828,93290.99207222828,12095.328853485105,1768.6296333333335,20292.876677595763,16437.23010885257,10800.0,10800.0,0
2025-07-09,M1,66185.27155951953,0.0,0.0,66185.27155951953,66185.27155951953,0.0,0.0,0.0,0.0,66185.27155951953,88201.66987654357,88201.66987654357,9523.568703687635,962.0324679399328,19249.177306575515,15591.83361832617,10800.0,10800.0,0
2025-07-10,M1,61581.12869496768,0.0,574.2553020781824,62155.38399704586,62155.38399704586,0.0,229.43597510015672,0.0,0.0,62155.38399704586,81947.1490409328,82176.58501603294,4207.097735161414,1044.2651379673682,21429.467155635946,17357.868396065118,10800.0,10800.0,0
2025-07-11,M1,25832.297241835135,0.0,1.1628400144235977,25833.460081849556,25833.460081849556,0.0,1.1754763855684587,454.8312044830335,1546.8517983291815,27380.31188017874,43706.3463279627,43707.521804348275,1167.3872870995524,6281.638466666669,22076.579500342603,17882.029395277514,10800.0,10800.0,5
2025-07-12,M1,24359.014394285445,0.0,759.7992488531389,25118.81364313858,25118.81364313858,0.0,670.3598732280644,174.95470796984415,893.3089029916999,26012.12254613028,42461.85879453857,43132.21866776664,48.37924662589148,8016.247499999999,22528.75980920093,18370.45651342367,10800.0,10664.26548003232,6
2025-07-13,M1,56261.1149098711,0.0,1041.9172872299634,57303.03219710111,57303.03219710111,0.0,516.5228500858414,83.23664712692971,699.5163549511012,58002.548552052205,77551.84661853353,78068.36946861938,2436.208269535917,2328.997394567832,21034.310440377074,16915.63038873452,10664.26548003232,10800.0,4
2025-07-14,M1,53869.01241570636,0.0,5654.276124367523,59523.28854007391,59523.28854007391,0.0,3246.4185521165655,198.40911250141505,1591.5944514151602,61114.882991489074,72846.19805672651,76092.61660884308,568.5108683278972,0.0,20604.39808605223,16689.562449702302,10800.0,10800.0,8
2025-07-15,M1,59527.20440390344,0.0,0.0,59527.20440390344,59527.20440390344,0.0,0.0,0.0,0.0,59527.20440390344,80528.73779639463,80528.73779639463,3682.5350855261977,176.41471666666666,20635.46005720233,16714.722646333885,10800.0,10800.0,0
2025-07-16,M1,58385.410556230236,0.0,1627.0127580837152,60012.42331431395,60012.42331431395,0.0,656.4660252186029,27.11346046441065,226.19063111805414,60238.61394543201,77430.20767789715,78086.67370311575,1998.7387773680166,0.0,20949.92106778331,16969.436064904487,10800.0,10800.0,2
2025-07-17,M1,55978.74383675498,0.0,4080.4681386290213,60059.21197538401,60059.21197538401,0.0,2944.5095529638375,45.84683299470544,384.85656854093685,60444.06854392494,75148.91486911345,78093.42442207728,1009.1078616305219,0.0,23209.196456709502,18799.449129934696,10800.0,10800.0,3
2025-07-18,M1,24482.737563319468,0.0,0.0,24482.737563319468,24482.737563319468,0.0,0.0,0.0,0.0,24482.737563319468,42846.74634257512,42846.74634257512,837.1237821161194,6571.579232754069,21914.711724762783,17750.91649705785,10800.0,10800.0,0
2025-07-19,M1,24292.656324867716,0.0,98.25600790697358,24390.91233277469,24390.91233277469,0.0,82.686922329513,134.4306085513856,588.6463798012089,24979.558712575898,43002.22723646634,43084.914158795844,496.06226692671765,11205.142143396435,23366.139502990714,19030.818195966636,10800.0,10684.172001617604,6
2025-07-20,M1,56742.61525672524,0.0,881.6419572516057,57624.257213976845,57624.257213976845,0.0,448.01603430074795,22.20042702858177,188.90343358620228,57813.16064756305,77531.21593555018,77979.23196985092,1764.2412371221396,0.0,21278.77760287658,17131.56465978588,10684.172001617604,10800.0,1
2025-07-21,M1,57968.26384011905,0.0,3118.790260658937,61087.05410077798,61087.05410077798,0.0,1742.6404682629386,30.65548435310177,264.3138026615463,61351.36790343953,77777.63670270456,79520.27717096751,1318.7002014512932,0.0,22328.85844141747,18086.37533754815,10800.0,10800.0,2
2025-07-22,M1,56787.914358550355,0.0,5278.062652212362,62065.97701076272,62065.97701076272,0.0,5471.928291248561,90.10703044510092,752.9964458282661,62818.97345659098,76444.92482494682,81916.85311619539,3648.488816321372,249.3819333333331,22704.97252799531,18391.027747676195,10800.0,10800.0,4
2025-07-23,M1,58127.600798129155,0.0,970.3761304768556,59097.97692860599,59097.97692860599,0.0,453.9004610762248,108.5454929170611,919.6805162156079,60017.6574448216,79398.05483806896,79851.9552991452,985.0938844323367,406.62572835014475,22906.495066384778,18554.261003771673,10800.0,10800.0,4
2025-07-24,M1,57643.32531361761,0.0,2827.3471170827297,60470.67243070034,60470.67243070034,0.0,1348.922926967454,15.643823559401994,129.86720127837566,60600.53963197872,78235.52981101612,79584.45273798358,1852.9704404036997,80.49678333333327,21316.61756739973,17266.460229593788,10800.0,10800.0,1
2025-07-25,M1,23598.842764197587,0.0,586.9979260176516,24185.840690215235,24185.840690215235,0.0,562.8203156068538,130.34457440273087,754.4998496640393,24940.340539879275,41491.2254646872,42054.045780294065,920.8836317250159,10558.057683460498,22401.23799414026,18201.108521295646,10800.0,10737.660282175517,3
2025-07-26,M1,23719.104476926263,0.0,497.3226437532422,24216.427120679506,24216.427120679506,0.0,474.63666577456655,337.95134202659403,1403.8382887502771,25620.265409429783,41663.23570136424,42137.87236713881,757.6783134905412,9038.619449999997,22342.901342363486,18132.466963355288,10737.660282175517,10699.085975463446,8
2025-07-27,M1,55738.162375387015,0.0,4424.031929633519,60162.19430502052,60162.19430502052,0.0,3086.808371228229,853.8997351650646,4732.614536739748,64894.80884176027,75796.32157081005,78883.12994203829,1444.4452616268422,0.0,23771.431544703235,19164.036929126727,10699.085975463446,10800.0,7
2025-07-28,M1,58273.71672702156,0.0,6476.179098866502,64749.895825888045,64749.895825888045,0.0,3878.0344627877403,383.1999999999997,2060.6710177999985,66810.56684368804,78518.34960340953,82396.38406619728,525.0033356886775,0.0,22630.018406185634,18330.314909010365,10800.0,10800.0,7
2025-07-29,M1,58469.42573900872,0.0,2124.9079517273453,60594.33369073608,60594.33369073608,0.0,2118.0975949141903,114.25395809918311,930.4805168754783,61524.814207611555,79358.99221049389,81477.08980540806,1141.9744658311029,0.0,23053.280777242984,18673.157429566825,10800.0,10800.0,7
2025-07-30,M1,57233.313328928576,0.0,4248.534947780286,61481.84827670888,61481.84827670888,0.0,3952.6189276193027,5.2939029490731855,44.5221465718396,61526.37042328072,76616.76592870087,80569.38485632018,1362.3865590199903,825.3960132226139,22545.48493171916,18261.842794692515,10800.0,10800.0,2
2025-07-31,M1,56171.99281247548,0.0,3755.4784274781596,59927.47123995364,59927.47123995364,0.0,2605.975799484665,319.721442432658,2635.7344827576076,62563.205722711245,76970.66069394792,79576.63649343258,730.9964858346348,69.61071797021259,23546.556225168526,19145.8017597748,10800.0,10718.787536235233,10
2025-08-01,M1,22923.37768947455,0.0,1450.534322345778,24373.91201182033,24373.91201182033,0.0,1257.4222731685015,389.6835328255115,977.3148763884424,25351.22688820877,40772.20750025275,42029.62977342125,1185.9858376657892,15564.012790184617,22867.704180744215,18449.749169014525,10718.787536235233,10800.0,7
2025-08-02,M1,22757.138273217523,0.0,0.0,22757.138273217523,22757.138273217523,0.0,0.0,139.23968139721072,841.184282811548,23598.32255602907,40841.84151871299,40841.84151871299,563.901124088354,15250.165774480764,22315.7335168829,18075.74414867515,10800.0,10800.0,2
2025-08-03,M1,50443.60246727481,0.0,360.793354566082,50804.395821840866,50804.395821840866,0.0,230.44726531771778,398.4672705281942,3057.373134286344,53861.76895612721,68908.82942114446,69139.27668646217,1426.4395533612862,1579.9910254223964,20473.253239409663,16781.41984453631,10800.0,10579.905865983912,12
2025-08-04,M1,50814.22404670818,0.0,2084.2986300279713,52898.52267673617,52898.52267673617,0.0,1442.43026565576,26.539691895714668,215.61366075741603,53114.13633749358,68455.2220570641,69897.65232271986,347.28398442758044,0.0,20858.780138106165,16697.52719125151,10579.905865983912,10800.0,2
2025-08-05,M1,50621.18109878836,0.0,937.8107580805853,51558.991856868946,51558.991856868946,0.0,1693.975699140488,20.43469980887278,169.27046102850827,51728.26231789745,67900.86771525748,69594.84341439797,296.00278508109085,0.0,21931.397872591708,17764.43227679928,10800.0,10800.0,3
2025-08-06,M1,52136.67750175968,0.0,4215.939217042296,56352.61671880198,56352.61671880198,0.0,2311.5350611585295,46.16197475133538,320.07022436879186,56672.686943170775,69729.61684815786,72041.1519093164,343.1625032079967,0.0,20303.3279318699,16673.575817676836,10800.0,10546.799785708656,4
2025-08-07,M1,52269.558178200976,0.0,847.6288857355873,53117.18706393655,53117.18706393655,0.0,576.2982685013911,60.694052434209425,517.5258560432464,53634.7129199798,72018.61263796475,72594.91090646613,2236.66907782459,2971.733716495957,20831.998884458608,16772.781969878808,10546.799785708656,10659.174370744953,3
2025-08-08,M1,22042.33961630979,0.0,104.00847046631188,22146.3480867761,22146.3480867761,0.0,55.193011470886404,321.2285599719025,1208.143084117467,23354.491170893565,40015.02562508567,40070.21863655656,204.44373712532,19898.793416666667,23518.703697065306,19005.664904328834,10659.174370744953,10708.602248849478,7
2025-08-09,M1,21934.702512903903,0.0,736.0789376936015,22670.781450597504,22670.781450597504,0.0,408.2129911172718,522.0630636612865,1834.689332283989,24505.470782881494,39358.824819131,39767.03781024827,160.74281624096682,17120.824716666666,22138.107254175586,18052.50291317366,10708.602248849478,10574.562207414549,8
2025-08-10,M1,50762.20807563011,0.0,4304.375354781885,55066.583430412014,55066.583430412014,0.0,1860.4899023488135,260.0581819238751,1524.0739722084736,56590.65740262049,67899.54574394759,69760.0356462964,437.67902398011853,0.0,21446.85126796443,17169.055513724277,10574.562207414549,10800.0,5
2025-08-11,M1,49658.42688379247,0.0,1591.838363226643,51250.26524701909,51250.26524701909,0.0,1746.2607514285298,332.32763842345685,2787.550689025307,54037.8159360444,67781.00233354347,69527.26308497199,342.21032703447975,748.1067478706495,22249.12812807614,18041.10781291916,10800.0,10778.539967580567,8
2025-08-12,M1,50938.19936428568,0.0,4790.396216769637,55728.595581055364,55728.595581055364,0.0,2751.6389195796496,332.97840167468405,2626.71208313866,58355.30766419403,69390.44290216672,72142.08182174635,666.790452433487,0.0,21202.168904263533,17154.44278327598,10778.539967580567,10800.0,8
2025-08-13,M1,50280.254648930444,0.0,3067.43249807717,53347.6871470076,53347.6871470076,0.0,3452.3946738344102,129.22591668212908,1077.678397727037,54425.36554473464,68481.11268219986,71933.50735603429,1795.1351907061594,0.0,21948.813303452614,17802.194671442365,10800.0,10773.715671504728,5
2025-08-14,M1,50070.816407606915,0.0,2891.8095131838622,52962.62592079077,52962.62592079077,0.0,2745.7869529769737,1763.2230129908005,10353.254562927405,63315.880483718174,67953.39297752398,70699.17993050095,1080.7777600965715,1148.2149469410072,22929.468962214167,18622.349709093323,10773.715671504728,10718.738060727124,16
2025-08-15,M1,22120.826800743558,0.0,774.3610032741816,22895.187804017743,22895.187804017743,0.0,659.7628441432214,407.45927851800417,1522.8007192132052,24417.98852323095,39659.725861590836,40319.48870573405,447.66452184654105,19056.5823,22166.22727529046,18103.252996218274,10718.738060727124,10553.617057134907,7
2025-08-16,M1,21991.54427235294,0.0,1128.37395548826,23119.9182278412,23119.9182278412,0.0,998.2426147509169,127.49301435592056,755.3952001466382,23875.31342798784,39708.996751795516,40707.23936654643,353.58208543430544,19137.14643333333,22330.386192195398,17915.662696727348,10553.617057134907,10744.672744858153,2
2025-08-17,M1,50673.902200853176,0.0,650.9638899017264,51324.866090754906,51324.866090754906,0.0,263.2550358514716,677.5372595246931,4050.9679381007004,55375.83402885561,69032.34917334552,69295.60420919699,1126.0044072739802,1340.8738166666647,22584.605781508973,18243.736153394602,10744.672744858153,10800.0,9
2025-08-18,M1,50279.35358516287,0.0,1838.343256343162,52117.69684150605,52117.69684150605,0.0,1686.1482796656721,817.0169591867402,5123.581266896977,57241.27810840302,67936.4476316691,69622.59591133476,1458.08544039134,305.11870904032776,22538.384760122004,18256.091655698823,10800.0,10800.0,9
2025-08-19,M1,50770.75213657716,0.0,658.5659834035093,51429.31811998066,51429.31811998066,0.0,773.9518683737377,186.18912830324328,1495.9720283982042,52925.29014837886,68637.51502203304,69411.4668904068,420.8239188821466,567.1909701405066,22662.116570767408,18370.135491080036,10800.0,10784.643256935069,7
2025-08-20,M1,51996.1909505828,0.0,5119.872273729765,57116.06322431257,57116.06322431257,0.0,3076.014091157738,1357.7613801744826,7824.972737112328,64941.0359614249,70452.51351488559,73528.52760604332,114.178090021466,0.0,21876.439904167797,17755.020074638123,10784.643256935069,10745.639087754853,14
2025-08-21,M1,52053.48567964521,0.0,709.3622483107583,52762.847927955954,52762.847927955954,0.0,458.09609858002284,123.40040412927301,992.3466065646505,53755.194534520604,71904.44291575551,72362.53901433555,1227.9170409767894,1269.0672333333332,21588.26382562994,17443.72716480858,10745.639087754853,10793.157458812262,6
2025-08-22,M1,21711.12766358,0.0,1923.1724476872075,23634.300111267206,23634.300111267206,0.0,1498.7550600919524,445.8765638060745,2680.411267429615,26314.711378696822,39423.79857138692,40922.55363147887,165.54771312243003,15917.921129707427,22037.175077002114,17982.783124547022,10793.157458812262,10645.744889728587,5
2025-08-23,M1,21597.060093432727,0.0,887.7118646433538,22484.77195807609,22484.77195807609,0.0,693.6812779851924,166.48073368376896,727.4728484603459,23212.244806536437,39927.793130870705,40621.4744088559,113.65863870582928,13853.60228437794,22306.712724141984,18016.02465468608,10645.744889728587,10703.981169582952,4
2025-08-24,M1,51555.780841124426,0.0,1607.7227889359888,53163.503630060426,53163.503630060426,0.0,924.6288884971767,747.7449753547603,3985.7061108232506,57149.20974088368,69773.85066487979,70698.47955337696,1000.1646084258132,2319.230739676167,22747.62609574018,18354.38639844376,10703.981169582952,10783.081990811603,7
2025-08-25,M1,55404.76374691334,0.0,2058.3194077819294,57463.08315469527,57463.08315469527,0.0,835.5226381499692,50.18439455726411,418.8068738123859,57881.89002850765,76870.23621626732,77705.75885441729,1934.0455572589751,664.0385841057107,22997.609908808692,18612.837817865482,10783.081990811603,10800.0,2
2025-08-26,M1,52318.00783987276,0.0,418.3356663291372,52736.3435062019,52736.3435062019,0.0,172.10147745721986,44.6386013163484,376.0237157823303,53112.36722198423,71443.53461691142,71615.63609436864,2006.88532354813,0.0,21708.268362123832,17583.697373320305,10800.0,10800.0,4
2025-08-27,M1,52360.93143645355,0.0,2529.840611485373,54890.772047938925,54890.772047938925,0.0,3000.37987660835,54.41376694224334,450.89436841924885,55341.66641635817,71733.64195091926,74734.02182752761,1414.7249355697513,1061.5794936213988,23269.933808664046,18871.951510052008,10800.0,10774.105416628749,4
2025-08-28,M1,52270.79810707823,0.0,4329.67207209543,56600.47017917367,56600.47017917367,0.0,4393.559393823897,227.06214828470422,1712.611343130001,58313.08152230368,71499.91856790899,75893.47796173289,1030.2127856232937,0.0,22810.685072098044,18488.152731037073,10774.105416628749,10761.330058142461,6
2025-08-29,M1,22998.62741727955,0.0,0.0,22998.62741727955,22998.62741727955,0.0,0.0,255.4555121307463,929.6118424874829,23928.239259767033,41338.42959104209,41338.42959104209,341.9105751959389,14374.516799999998,22565.44437002697,18243.206992050065,10761.330058142461,10800.0,5
2025-08-30,M1,22800.893059413404,0.0,590.2319059348735,23391.124965348277,23391.124965348277,0.0,509.4768796790295,123.0076134812989,852.6272728456235,24243.7522381939,40838.49549542001,41347.97237509903,183.5375852147804,18820.82820044272,21934.759422187708,17980.86505259821,10800.0,10562.544532637596,1
2025-08-31,M1,50938.60746991828,0.0,1749.4970713324494,52688.10454125072,52688.10454125072,0.0,1099.5004182386547,683.3668620056571,4025.5890634008174,56713.69360465154,70114.53943938164,71214.03985762029,723.0612969910993,0.0,22705.328519343966,18177.606180042447,10562.544532637596,10800.0,10
2025-09-01,M1,47189.54921387064,0.0,0.0,47189.54921387064,47189.54921387064,0.0,0.0,0.0,0.0,47189.54921387064,73462.52084327681,73462.52084327681,12608.075985054607,3919.0071500000004,17691.069341520386,14329.766166631518,10800.0,10800.0,0
2025-09-02,M1,40089.93991717629,0.0,166.31022740159526,40256.25014457789,40256.25014457789,0.0,289.8888129753185,601.287401625454,3218.4133321462923,43474.663476724185,61835.09816148464,62124.98697445996,4018.808626212027,530.9394049550192,21677.739446938787,17558.968952020412,10800.0,10800.0,5
2025-09-03,M1,40756.620783110426,0.0,1292.2539668478637,42048.87474995826,42048.87474995826,0.0,838.3935118118819,0.0,0.0,42048.87474995826,60976.03374602777,61814.427257839656,2120.917944162172,208.21974178279174,20724.064852077398,16786.492530182695,10800.0,10800.0,0
2025-09-04,M1,38897.279153859694,0.0,1664.1215718299914,40561.40072568967,40561.40072568967,0.0,1026.39172293835,482.2281877888305,2581.8360024505323,43143.236728140204,59023.15504998693,60049.546772925285,2155.8584139608993,203.90813333333404,22349.69928115732,18103.25641773743,10800.0,10800.0,4
2025-09-05,M1,16644.20659651281,0.0,0.0,16644.20659651281,16644.20659651281,0.0,0.0,0.0,0.0,16644.20659651281,35526.80536903782,35526.80536903782,3191.9489388652273,21552.07681143534,20834.305010897813,16875.787058827227,10800.0,10800.0,0
2025-09-06,M1,16199.667738766562,0.0,132.48095278382297,16332.148691550387,16332.148691550387,0.0,106.63163935012858,0.0,0.0,16332.148691550387,34857.984006480954,34964.61564583107,3086.756665708646,20296.744297167694,20315.95254186706,16455.921558912327,10800.0,10800.0,0
2025-09-07,M1,35889.322352457544,0.0,4673.599023650161,40562.92137610771,40562.92137610771,0.0,3923.8040908297203,1579.7529289412778,8960.959550249503,49523.88092635722,55042.80041529485,58966.60450612457,1638.5916484348797,0.0,20772.53773665426,16825.75556668995,10800.0,10800.0,8
2025-09-08,M1,31794.704987037952,0.0,15941.800823572179,47736.50581061011,47736.50581061011,0.0,12377.32166753846,1630.3575463341504,8365.933663717526,56102.439474327635,49236.405990837186,61613.72765837565,39.157425907553375,0.0,21423.178079568628,17613.81983409971,10800.0,10509.94934483431,19
2025-09-09,M1,34441.41289974661,0.0,6571.879077019525,41013.29197676614,41013.29197676614,0.0,5623.1084852054555,1431.1858818429916,8191.881965218922,49205.17394198506,52872.320603388136,58495.42908859359,458.9424754395593,2107.1666149171315,22116.26528541772,17858.593672004492,10509.94934483431,10571.706243927492,13
2025-09-10,M1,37119.936981408035,0.0,7462.220792252197,44582.157773660234,44582.157773660234,0.0,6147.9366315371735,2482.0572289987845,14058.585557688048,58640.74333134828,57375.64819374835,63523.58482528553,480.73716725898464,0.0,21373.575289831224,17164.6690528059,10571.706243927492,10736.069501657925,19
2025-09-11,M1,38240.067374963226,0.0,1060.4370422203058,39300.50441718353,39300.50441718353,0.0,682.1928785072487,520.5912589012346,2661.7839963315623,41962.288413515096,60213.21774039101,60895.410618898255,1524.7677674261681,2228.301116666668,21627.946115081373,17461.098904708047,10736.069501657925,10800.0,11
2025-09-12,M1,15259.670933990215,0.0,21.19294802442234,15280.863882014637,15280.863882014637,0.0,12.234700395117386,101.69318921850328,292.6450375383488,15573.508919552985,33737.669379303436,33749.90407969855,1031.1742966002525,17072.328299999994,22086.518275351616,17890.07980303481,10800.0,10800.0,2
2025-09-13,M1,15733.483140125998,0.0,0.991173206220218,15734.474313332219,15734.474313332219,0.0,0.5584231703542173,0.0,0.0,15734.474313332219,34795.98325485107,34796.54167802142,1598.8817178302365,21233.164653269818,20828.3885452002,16870.994721612158,10800.0,10800.0,0
2025-09-14,M1,39650.463014172,0.0,3051.41654965435,42701.87956382635,42701.87956382635,0.0,2584.989374647821,619.9348911690383,3344.92132671577,46046.800890542116,61474.13985832872,64059.12923297654,596.1190338471126,0.0,21190.72257003506,17207.102229736596,10800.0,10752.647835546448,4
2025-09-15,M1,36568.69036938009,0.0,2874.344076653552,39443.03444603364,39443.03444603364,0.0,2137.2641519084573,1457.9388128507844,8660.00574611229,48103.040192145934,56519.85347794501,58657.11762985347,181.3227019448763,759.210650000001,21997.61401093762,17890.121553511577,10752.647835546448,10672.587608155221,15
2025-09-16,M1,41337.955165974236,0.0,1735.1145716075864,43073.069737581856,43073.069737581856,0.0,1447.17387795808,227.91720707330123,1250.685680660492,44323.75541824235,63731.42024215008,65178.59412010816,497.35072649570475,1408.508638751663,21399.883756636227,17391.00177803546,10672.587608155221,10609.14768019953,9
2025-09-17,M1,40704.156028683356,0.0,797.8656068290193,41502.02163551237,41502.02163551237,0.0,850.5414044839106,409.41827110103293,2234.7071331552825,43736.72876866765,63205.497801282414,64056.03920576632,366.59368085612266,0.0,22196.653165473843,18057.907769462607,10609.14768019953,10521.793563056439,8
2025-09-18,M1,39128.66268545486,0.0,3311.8066323982316,42440.46931785308,42440.46931785308,0.0,4417.61034780651,463.5448395964403,2675.866547148703,45116.33586500178,60875.428021133324,65293.03836893983,1517.1983987260564,994.8410418885636,21727.654717649064,17439.162066394078,10521.793563056439,10699.836068502738,8
2025-09-19,M1,14487.540074238941,0.0,960.5534517833852,15448.093526022329,15448.093526022329,0.0,848.8026573136459,115.5197580661104,509.5356682131515,15957.62919423548,32500.253688755398,33349.05634606905,163.73722682244693,12924.754816666666,22343.375467892576,18068.643723913206,10699.836068502738,10732.603185258058,7
2025-09-20,M1,14102.039179069148,0.0,758.951172162155,14860.990351231307,14860.990351231307,0.0,618.7445062531477,746.1249760664184,3218.1793701674396,18079.169721398746,32477.352354004026,33096.096860257174,347.9414220307954,13550.560700000002,22303.309724693238,18005.02374373378,10732.603185258058,10800.0,8
2025-09-21,M1,42340.088569100364,0.0,1356.3737924918858,43696.462361592254,43696.462361592254,0.0,1543.6068597387243,302.6055905385676,1839.8469071251238,45536.30926871738,65592.12675175519,67135.73361149391,2760.0068812955687,2589.8828833333328,20214.28991140306,16413.32795733281,10800.0,10755.829856559629,5
2025-09-22,M1,42811.620254853115,0.0,718.7768857519869,43530.39714060511,43530.39714060511,0.0,451.5525281815329,249.84022320189942,1339.5007978636845,44869.8979384688,65769.60769862788,66221.16022680941,712.1040618395402,1195.5462715824883,21431.814858248792,17482.48462499283,10755.829856559629,10619.480312324835,8
2025-09-23,M1,43689.77246930085,0.0,595.5509877476474,44285.3234570485,44285.3234570485,0.0,291.5722933331607,322.67188090562763,1859.8751820546966,46145.1986391032,67247.8575540182,67539.42984735136,1315.366197493206,145.67691203336517,21956.35392227013,17671.910886873036,10619.480312324835,10744.742301397915,9
2025-09-24,M1,41477.618260188116,0.0,1771.2842542110934,43248.90251439922,43248.90251439922,0.0,2062.3092925206784,569.9536451719293,3214.6009224270247,46463.50343682624,63612.995137273836,65675.30442979452,884.6907985943445,0.0,22355.84340858017,18058.50123220807,10744.742301397915,10800.0,6
2025-09-25,M1,42591.308837792494,0.0,1891.1873207277952,44482.496158520284,44482.496158520284,0.0,2065.0236655167982,33.89043591064039,227.10908695526564,44709.60524547555,65441.44143572105,67506.46510123785,1033.7388800410768,2312.1535,20959.8118689522,17100.797611844795,10800.0,10662.944446673877,3
2025-09-26,M1,14623.60372839523,0.0,0.0,14623.60372839523,14623.60372839523,0.0,0.0,0.0,0.0,14623.60372839523,33739.93990852124,33739.93990852124,391.95772338742756,11390.541429061024,22052.22947547245,17789.032219399658,10662.944446673877,10744.359619710576,0
2025-09-27,M1,14938.226870953182,0.0,940.6761326079827,15878.903003561169,15878.903003561169,0.0,778.1798720764164,760.2034657372748,3550.487133418992,19429.39013698016,33251.448800563245,34029.62867263966,174.45366997266308,12761.714435534592,22229.022454218633,18176.66067134895,10744.359619710576,10554.190193675184,8
2025-09-28,M1,43588.64396420526,0.0,3744.1403839845,47332.78434818975,47332.78434818975,0.0,4093.385374926714,297.68846120195906,1504.6551165261271,48837.43946471588,66670.14263343025,70763.52800835695,2650.0095267204197,389.641490840643,22698.46031388874,18164.52402855755,10554.190193675184,10800.0,5
2025-09-29,M1,44494.59225016907,0.0,106.12314000651835,44600.71539017559,44600.71539017559,0.0,61.466816840117986,260.21159072985466,1663.4581320998893,46264.17352227548,68121.58066819924,68183.04748503937,1473.0876829773824,121.23748523073868,21933.717206188725,17844.67489862762,10800.0,10712.928931539162,4
2025-09-30,M1,44838.160208246,0.0,1760.8550989133087,46599.01530715931,46599.01530715931,0.0,1817.4571879774069,438.43827131006884,2410.6633796129727,49009.678686772284,68757.96981760307,70575.42700558047,1193.077176753754,31.302911943028676,22573.40242059118,18206.091999064098,10712.928931539162,10800.0,5
2025-10-01,M1,41632.326716989686,0.0,0.0,41632.326716989686,41632.326716989686,0.0,0.0,0.0,0.0,41632.326716989686,67857.86609977101,67857.86609977101,8797.176942884837,5846.755893637417,18696.903841660125,15144.492111744703,10800.0,10800.0,0
2025-10-02,M1,39654.03876465293,0.0,443.35433201426184,40097.3930966672,40097.3930966672,0.0,329.11401299298245,0.0,0.0,40097.3930966672,64112.05988176403,64441.17389475701,5309.429250135068,3571.8318188200897,20153.314258606282,16324.184549471087,10800.0,10800.0,0
2025-10-03,M1,12622.286706536835,0.0,578.8986259104724,13201.185332447307,13201.185332447307,0.0,581.3858103542572,113.34044807856506,403.8549296071582,13605.040262054465,31315.777413099822,31897.163223454074,2263.6166921988493,18043.906755650652,20451.71854570073,16565.89202201759,10800.0,10800.0,4
2025-10-04,M1,13540.665011323545,0.0,703.445328289328,14244.110339612871,14244.110339612871,0.0,646.0156632687392,512.4821324271359,1748.8828400777913,15992.993179690662,32035.704141736453,32681.71980500519,2007.1525296031307,14238.466616666665,20276.843988574725,16424.24363074553,10800.0,10800.0,4
2025-10-05,M1,38138.58597249068,0.0,1239.5401409921144,39378.126113482795,39378.126113482795,0.0,933.4706623002158,84.47911873347721,424.92513021927266,39803.051243702066,61909.10395101146,62842.57461331167,2457.965561272768,1805.4230673301022,20672.12650934535,16744.422472569735,10800.0,10800.0,2
2025-10-06,M1,36916.24534430171,0.0,4415.843964140412,41332.089308442126,41332.089308442126,0.0,4304.006814698392,373.93388909362545,1886.132483890629,43218.221792332755,57954.662630765226,62258.66944546362,1000.2341786853656,0.0,20522.420557220412,16623.160651348535,10800.0,10800.0,5
2025-10-07,M1,37115.93883019505,0.0,3582.188792190001,40698.127622385044,40698.127622385044,0.0,3471.4582511691924,823.4624021812733,4468.443383275178,45166.571005660226,59331.719323907935,62803.177575077134,1652.6258910001238,151.8547165406095,21318.92826167198,17268.33189195431,10800.0,10800.0,6
2025-10-08,M1,34275.65237770494,0.0,3735.605560645486,38011.25793835044,38011.25793835044,0.0,3162.413120953411,1485.9616451082552,8330.193274833835,46341.45121318428,55967.88396302723,59130.29708398065,78.47999857510553,0.0,21844.121374323888,17784.83831047675,10800.0,10698.777780806222,15
2025-10-09,M1,36142.67352329538,0.0,2019.5251163047974,38162.198639600174,38162.198639600174,0.0,1309.5779647771176,1330.4989613085916,7763.346809226597,45925.54544882677,59548.98510371301,60858.563068490126,619.9387603350618,1700.0342644237896,21436.710513621754,17327.60319191522,10698.777780806222,10738.924807604446,10
2025-10-10,M1,11973.886815098067,0.0,1570.9582643860788,13544.84507948414,13544.84507948414,0.0,1420.4575921559624,275.1226518482631,1005.4645654553735,14550.309644939513,30328.599771009875,31749.05736316584,84.25744658371997,18351.637311552473,22051.087721343392,17806.41338113215,10738.924807604446,10800.0,4
2025-10-11,M1,12812.978424652792,0.0,325.4073413548054,13138.3857660076,13138.3857660076,0.0,322.2864283190971,258.643211003386,977.5800125023067,14115.965778509906,31496.372902748808,31818.65933106791,308.0740665314459,13585.95858333333,21457.6647835431,17380.70847466991,10800.0,10800.0,5
2025-10-12,M1,37664.76333258086,0.0,2076.9560272456465,39741.7193598265,39741.7193598265,0.0,1355.694046953013,270.74046481232,1666.490595953076,41408.209955779574,61370.87250018255,62726.566547135575,567.690294420302,0.0,20866.12282808121,16951.462093886956,10800.0,10744.552663176477,4
2025-10-13,M1,39545.08672680088,0.0,370.45363574671865,39915.54036254761,39915.54036254761,0.0,228.74434032942435,54.104315423987096,284.1176487027225,40199.658011250336,64035.44538317024,64264.18972349967,1661.0451464564417,1431.7073833333332,21832.86108417219,17634.714875038306,10744.552663176477,10800.0,2
2025-10-14,M1,40117.61377950529,0.0,483.1118646588956,40600.725644164195,40600.725644164195,0.0,254.16238671027753,1095.504947598362,5959.00122200117,46559.726866165365,64735.59338239862,64989.7557691089,999.1526912282128,169.37741512697346,21804.743826414437,17661.84249939569,10800.0,10800.0,7
2025-10-15,M1,40331.00666246671,0.0,761.6309060466797,41092.63756851338,41092.63756851338,0.0,401.52514445186944,511.3874889129815,2832.6276695620363,43925.265238075415,65569.24750355736,65970.77264800921,376.59591242654784,0.0,22237.082975874688,18051.542401379033,10800.0,10756.105343421623,10
2025-10-16,M1,40965.341275791914,0.0,2793.521713300186,43758.862989092115,43758.862989092115,0.0,1736.3458291279464,663.9738225104138,3775.2189885211656,47534.08197761328,65385.631491809036,67121.97732093697,580.9658615177586,13.458247095399884,22029.204704808937,17804.150619974702,10756.105343421623,10800.0,12
2025-10-17,M1,13252.135011517408,0.0,0.0,13252.135011517408,13252.135011517408,0.0,0.0,143.91730234607624,583.1281067171326,13835.263118234541,32309.28313921939,32309.28313921939,379.7704022058329,12091.488815213372,21256.46634791658,17278.724440436985,10800.0,10732.237001528276,2
2025-10-18,M1,13200.936033069804,0.0,265.0364736818598,13465.97250675167,13465.97250675167,0.0,274.5664790128485,0.0,0.0,13465.97250675167,32331.405256413447,32605.971735426298,102.10627827267075,12329.313149228774,21338.48270440506,17240.523663146876,10732.237001528276,10780.734031996308,0
2025-10-19,M1,42078.90011984524,0.0,2259.95082225714,44338.850942102385,44338.850942102385,0.0,1207.2517612627325,883.283436972881,5049.129909183261,49387.98085128565,66832.04143231716,68039.29319357988,849.3781675224037,0.0,22090.95505476991,17903.47912507288,10780.734031996308,10769.838997874918,11
2025-10-20,M1,43440.2810431113,0.0,0.0,43440.2810431113,43440.2810431113,0.0,0.0,969.5684112345327,5436.026029880476,48876.30707299178,69049.18954712624,69049.18954712624,1444.488282601111,0.0,22078.725428923448,17945.23811983045,10769.838997874918,10701.538417427735,12
2025-10-21,M1,43865.20132208145,0.0,1488.388698490177,45353.590020571624,45353.590020571624,0.0,1386.1888075583693,459.30067976537185,2591.05043252836,47944.640453099986,69231.58805412172,70617.77686168009,389.7698571094549,0.0,22352.51070046996,18127.784366133943,10701.538417427735,10676.815418812985,11
2025-10-22,M1,43679.16283952602,0.0,955.2480034286839,44634.4108429547,44634.4108429547,0.0,659.4627773212204,1042.8847715348006,6000.008085827161,50634.41892878186,69057.32064696471,69716.78342428594,960.671866808768,0.0,22583.33703471321,18339.237405701235,10676.815418812985,10624.888299275715,11
2025-10-23,M1,46049.86112588804,0.0,224.29529853112652,46274.15642441917,46274.15642441917,0.0,122.69752184114884,155.3003542687983,999.3577797197169,47273.51420413888,73295.82318082507,73418.52070266622,4618.132618602356,1452.4788360140446,21455.74579715298,17332.03322816769,10624.888299275715,10677.244818749308,1
2025-10-24,M1,13118.369460371341,0.0,443.1642571971893,13561.533717568525,13561.533717568525,0.0,445.7230500938171,446.45236975043736,1998.26477528361,15559.798492852136,32675.033906520985,33120.7569566148,71.56107775854957,10930.700566666665,21463.1596780197,17318.262712746342,10677.244818749308,10751.574403693328,7
2025-10-25,M1,12827.619328259665,0.0,548.7704459126116,13376.389774172276,13376.389774172276,0.0,549.3699686526784,542.2811032878872,2200.887448355607,15577.277222527882,32249.15043262777,32798.520401280446,78.61054090413234,9791.300334133148,21714.155636008836,17641.697739811112,10751.574403693328,10692.428098533383,6
2025-10-26,M1,45058.03935420157,0.0,483.4727112207929,45541.51206542238,45541.51206542238,0.0,261.29709983098087,143.63969952182418,801.4784748644806,46342.99054028686,70706.6751186719,70967.97221850288,1403.085989144402,1052.3019028562908,21270.57938779945,17158.6673784421,10692.428098533383,10770.763571506115,7
2025-10-27,M1,43252.77120801356,0.0,2439.434272600375,45692.205480613935,45692.205480613935,0.0,2244.876648434618,377.6834862359844,2218.555672809027,47910.761153422965,68447.7754573767,70692.65210581131,2275.7832894509356,1194.5564833333328,21850.97972696321,17803.565574366847,10770.763571506115,10654.905798698732,8
2025-10-28,M1,44659.45340959069,0.0,1849.602781569086,46509.056191159776,46509.056191159776,0.0,1796.0768761985205,207.36214267046284,1176.3725870103256,47685.4287781701,69492.78960681104,71288.86648300957,1157.7834535442935,0.0,22291.78258402422,17925.75911188848,10654.905798698732,10800.0,6
2025-10-29,M1,46410.15334349549,0.0,2122.512934622457,48532.666278117955,48532.666278117955,0.0,1742.481008416934,712.5173166629129,4012.227048192166,52544.89332631012,71731.53243673862,73474.01344515555,637.3212974332955,0.0,22513.892318286587,18276.939653901412,10800.0,10754.792359900806,11
2025-10-30,M1,45744.77263089764,0.0,581.3439692008182,46326.11660009845,46326.11660009845,0.0,376.9286601686057,127.75573873385584,668.0159379003742,46994.13253799883,70305.18276586168,70682.11142603029,924.7434837915645,982.5457158931263,21914.131184603222,17799.370869523776,10754.792359900806,10700.4316821284,6
2025-10-31,M1,13963.290631526836,0.0,198.71853714056448,14162.009168667397,14162.009168667397,0.0,179.82970382717,73.86369575858235,343.231168158147,14505.240336825544,33937.09269807611,34116.92240190327,221.49447125520805,5928.435665833664,21475.237733955495,17338.673840049174,10700.4316821284,10762.95248707816,3
2025-11-01,M1,13864.433299851808,0.0,160.63973440610343,14025.073034257912,14025.073034257912,0.0,172.44632536221016,0.0,0.0,14025.073034257912,34069.6072771046,34242.05360246681,493.53079821238555,7119.2909708787865,21325.529675856058,17240.33627581376,10762.95248707816,10800.0,0
2025-11-02,M1,47141.61438270474,0.0,1738.0721588936995,48879.68654159844,48879.68654159844,0.0,1840.4681175203616,700.0943649944934,4046.6120266984267,52926.29856829687,72759.118529453,74599.58664697336,2069.9842898632396,0.0,23445.93166463258,19012.61887586129,10800.0,10776.206413879001,7
2025-11-03,M1,49064.94574772994,0.0,501.1786528825508,49566.1244006125,49566.1244006125,0.0,294.2885066981319,0.0,0.0,49566.1244006125,74861.78276323195,75156.07126993008,1016.6682973028066,530.70245,21486.08427255287,17382.314033258917,10776.206413879001,10800.0,0
2025-11-04,M1,47425.82529721958,0.0,1120.0611870535313,48545.8864842731,48545.8864842731,0.0,804.5900569486246,561.2328818317935,3482.3872320164155,52028.273716289514,72844.05461134487,73648.64466829348,1602.9343139982682,787.2475499999998,22433.485888525123,18193.862235731438,10800.0,10774.734815526564,6
2025-11-05,M1,49526.546031940175,0.0,496.1170302698374,50022.66306220999,50022.66306220999,0.0,288.2256378026274,409.21722204644715,2257.342725496702,52280.005787706694,74997.23904023581,75285.46467803844,1449.7357993248204,306.18319300331405,22710.452319387885,18449.709478297806,10774.734815526564,10714.464704866996,7
2025-11-06,M1,48552.69294067953,0.0,2506.1151928614127,51058.80813354097,51058.80813354097,0.0,2060.7643557777856,1461.7509457025153,8057.540070493688,59116.348204034664,73078.16571444739,75138.93007022516,1078.368509606701,0.0,22158.821692383877,18006.09373606289,10714.464704866996,10650.63341016483,16
2025-11-07,M1,14460.121083959468,0.0,125.08736986447043,14585.208453823938,14585.208453823938,0.0,86.00508321630227,204.53100380917715,994.1657796931958,15579.374233517134,35078.20230626304,35164.20738947934,591.0619161511281,7227.335758641975,21565.52107531811,17333.642140156022,10650.63341016483,10800.0,3
2025-11-08,M1,14594.90116707319,0.0,0.0,14594.90116707319,14594.90116707319,0.0,0.0,0.0,0.0,14594.90116707319,34983.8747054346,34983.8747054346,317.4442300658773,6883.552369384022,21008.79476834056,17017.123762355855,10800.0,10800.0,0
2025-11-09,M1,49664.38070486448,0.0,1917.600714720184,51581.981419584656,51581.981419584656,0.0,1134.5904038181652,129.8060643014427,674.5072432989547,52256.48866288361,75065.71341506507,76200.30381888323,765.1222466081755,0.0,22414.204725445335,18196.034272202167,10800.0,10754.968394898397,5
2025-11-10,M1,50613.070885350484,0.0,3287.329364178374,53900.400249528866,53900.400249528866,0.0,2446.6135422027473,628.1455201317318,3520.260235803278,57420.66048533215,75952.4739330064,78399.08747520915,715.6900025495169,0.0,23426.29174040921,18973.191847617836,10754.968394898397,10757.306686135753,8
2025-11-11,M1,51129.500411375986,0.0,657.859654996841,51787.36006637279,51787.36006637279,0.0,411.78032988084817,85.59455062151667,419.0681094542625,52206.42817582705,76590.55184025287,77002.33217013373,1211.194199439538,168.91444392176777,22459.12518350611,18310.326772778833,10757.306686135753,10625.71182598144,4
2025-11-12,M1,50287.64189393828,0.0,1880.555009111999,52168.19690305029,52168.19690305029,0.0,1527.5070429681039,220.79148059607755,1382.1207568156226,53550.31765986591,76222.03026456533,77749.53730753344,2483.695676668185,0.0,23396.838718095314,18866.19335663398,10625.71182598144,10720.429609340577,3
2025-11-13,M1,50552.25238577999,0.0,2442.1363082967914,52994.388694076755,52994.388694076755,0.0,1762.9808927271229,226.10469092639215,1469.3151583005356,54463.70385237729,75024.94526703104,76787.92615975815,263.1016141691937,84.28350992078549,22106.0406587682,17835.26624884029,10720.429609340577,10798.903703520537,2
2025-11-14,M1,14035.302195523043,0.0,661.226280944614,14696.52847646765,14696.52847646765,0.0,606.5739141334691,166.97516352287406,777.562918200352,15474.091394668003,34493.416785109446,35099.99069924292,242.18624042295107,3434.376152627772,21233.72691073962,17241.77874102455,10798.903703520537,10751.725988714476,5
2025-11-15,M1,14712.632947398171,0.0,659.99117588314,15372.624123281314,15372.624123281314,0.0,666.9706353755093,325.4894509509278,1381.0443129735515,16753.668436254866,34623.7749234723,35290.745558847804,335.8321054722584,2972.6799366255163,21567.435802012453,17471.59975097816,10751.725988714476,10749.529598327728,6
2025-11-16,M1,52180.383084911366,0.0,3344.961627478632,55525.34471239002,55525.34471239002,0.0,2237.2274793898982,22.333570352780452,131.33256045952544,55656.67727284954,77450.36653099053,79687.59401038043,1116.6662544736446,0.0,22182.10223009737,18023.385287171135,10749.529598327728,10687.437953002993,1
2025-11-17,M1,52122.95878543822,0.0,2258.5459646604804,54381.50475009869,54381.50475009869,0.0,2061.6115297184515,0.0,0.0,54381.50475009869,77500.79792004134,79562.40944975981,2451.805173283027,52.79933619923645,22502.09950886475,18140.04890192054,10687.437953002993,10783.717619958452,0
2025-11-18,M1,52542.66645145314,0.0,2793.3962390695597,55336.06269052271,55336.06269052271,0.0,1883.3880724940984,69.02141651882543,332.5553921919331,55668.618082714645,77366.22478682833,79249.61285932243,161.12097907651855,0.0,22864.73052010533,18597.76905667392,10783.717619958452,10697.787247304454,4
2025-11-19,M1,53135.24982200443,0.0,4983.841210290312,58119.09103229475,58119.09103229475,0.0,3877.510285323644,288.8412335556769,1614.6742119489204,59733.765244243674,77324.26616947452,81201.77645479815,1748.1029308618972,105.0795333333333,22434.399053752124,18165.275429593516,10697.787247304454,10705.107029466357,7
2025-11-20,M1,52774.42935451653,0.0,2049.2794360032426,54823.70879051978,54823.70879051978,0.0,1436.7104309679125,215.649834746088,1181.2270420417851,56004.93583256156,78120.27372614978,79556.9841571177,688.8123331350218,0.0,22549.79951816142,18259.053892765984,10705.107029466357,10712.088937182767,6
2025-11-21,M1,14849.004651583404,0.0,1246.2159146406525,16095.220566224056,16095.220566224056,0.0,1180.2542073793993,0.0,0.0,16095.220566224056,35320.1692619083,36500.4234692877,520.1847443147278,3038.5684478163566,21042.980283970734,16965.694073480783,10712.088937182767,10800.0,0
2025-11-22,M1,15359.278462053904,0.0,599.3509350310686,15958.629397084967,15958.629397084967,0.0,581.295793837096,127.24644759000421,565.9648508561352,16524.594247941102,35688.760551611536,36270.05634544863,245.7111010632106,1930.709175147897,21454.00933529554,17452.956301801343,10800.0,10716.434733097825,5
2025-11-23,M1,53941.735618982835,0.0,2381.5592776946914,56323.29489667754,56323.29489667754,0.0,1676.975238538847,195.71455657400372,1092.2931910183922,57415.58808769593,79272.18733446457,80949.16257300341,1537.3409202906896,0.0,22632.795714428652,18257.35578847525,10716.434733097825,10800.0,5
2025-11-24,M1,53122.89410615948,0.0,511.70682546466344,53634.60093162414,53634.60093162414,0.0,315.5592179811649,304.16782083953717,1852.9768115898594,55487.577743214,78155.64186125911,78471.20107924027,478.5219106718124,94.8864000000001,22306.328203245237,18266.311313837236,10800.0,10579.793923101566,7
2025-11-25,M1,55655.93678366224,0.0,57.86026087100888,55713.79704453325,55713.79704453325,0.0,31.439813552318242,118.14850400834044,656.372703621152,56370.169748154396,81752.6547739915,81784.09458754383,1079.8299500906646,100.00658333333354,23281.411657636134,18727.66556617463,10579.793923101566,10724.547119224497,5
2025-11-26,M1,55574.98271729313,0.0,1474.4173773076964,57049.400094600824,57049.400094600824,0.0,1080.7193208303306,32.99316666666664,177.73418883333318,57227.134283434156,80723.79427714899,81804.51359797933,657.1173181997449,0.0,22920.078791657666,18497.356228544755,10724.547119224497,10800.0,1
2025-11-27,M1,55331.31069720332,0.0,2550.9600819639027,57882.27077916722,57882.27077916722,0.0,1792.4649442684808,54.94892139882222,354.200747336808,58236.47152650403,80150.92940623246,81943.39435050095,1867.944820799462,77.08986666666658,22486.399216317477,18213.98336521716,10800.0,10800.0,1
2025-11-28,M1,14822.071854506743,0.0,547.3000132288229,15369.371867735563,15369.371867735563,0.0,525.2672888241967,183.128876071112,817.9815593348687,16187.353427070431,35876.880951981584,36402.14824080578,324.75293988738997,1239.4502782691047,21578.08078273893,17478.245434018525,10800.0,10800.0,3
2025-11-29,M1,15839.322087344039,0.0,966.0070720808806,16805.32915942492,16805.32915942492,0.0,1142.9383847630465,47.37363927426888,205.03189946913102,17010.36105889405,37691.81497256613,38834.75335732917,212.03804087479807,0.0,20692.424345423366,16951.78548969472,10800.0,10587.864700109116,3
2025-11-30,M1,57930.72226730181,0.0,2842.9106378378665,60773.632905139675,60773.632905139675,0.0,1789.4005600725973,65.56083300018031,433.062082382691,61206.694987522365,83157.44366562855,84946.84422570115,312.3410751732479,0.0,22883.573297466708,18428.337430605286,10587.864700109116,10707.15018937883,1
2025-12-01,M1,62047.54413667297,0.0,11780.572026506572,73828.11616317955,73828.11616317955,0.0,7613.501865882724,1646.6569914302336,10417.650169839424,84245.76633301898,84229.2411020847,91842.74296796741,2676.8035786989835,0.0,23316.33588319103,18802.667235825676,10707.15018937883,10800.0,11
2025-12-02,M1,65341.447210458864,0.0,10290.799504039736,75632.2467144986,75632.2467144986,0.0,6537.101629529263,1102.274091807363,7665.7670154013385,83298.01372989993,87332.27171183123,93869.3733413605,1778.8264324949696,0.0,23973.742371962577,19418.731321289688,10800.0,10800.0,8
2025-12-03,M1,67570.29401195783,0.0,6398.803238849426,73969.0972508072,73969.0972508072,0.0,4328.318590913586,19.607955587667448,139.14785682788204,74108.24510763508,90317.45865186618,94645.77724277976,3025.8357580355178,0.0,23562.109861396057,19085.30898773081,10800.0,10800.0,1
2025-12-04,M1,69372.95967598291,0.0,3282.7956020662855,72655.7552780492,72655.7552780492,0.0,2156.9874564724687,259.767444912099,1792.8961057781632,74448.65138382735,92464.32529841873,94621.3127548912,3745.928785474371,0.0,22968.119285941782,18604.176621612853,10800.0,10800.0,3
2025-12-05,M1,19386.11755600541,0.0,2150.5684832711295,21536.68603927654,21536.68603927654,0.0,2594.729094003539,469.3622597361183,2288.0486580163897,23824.73469729293,44110.25806370935,46704.987157712894,1851.632226512912,26.531497198877673,20971.35794949421,16986.799939090317,10800.0,10800.0,5
2025-12-06,M1,20800.325032968063,0.0,3044.937681286257,23845.26271425432,23845.26271425432,0.0,3640.6415409670835,2.295096870914495,11.756633721259501,23857.01934797558,45565.711989214265,49206.35353018135,1439.8677744734105,116.41377032171295,20988.08560837093,17000.349342780457,10800.0,10800.0,1
2025-12-07,M1,73298.9652315757,0.0,12.999868097048854,73311.96509967274,73311.96509967274,0.0,6.297470375938019,24.548135287347577,177.21298863936215,73489.17808831211,96716.81004500197,96723.10751537791,4823.850624271409,0.0,22479.59882312559,18208.47504673174,10800.0,10800.0,1
2025-12-08,M1,76359.97226979207,0.0,0.0,76359.97226979207,76359.97226979207,0.0,0.0,0.0,0.0,76359.97226979207,101085.6005909951,101085.6005909951,8917.621690881711,0.0,22740.883070772234,18420.11528732551,10800.0,10800.0,0
2025-12-09,M1,73629.9829002593,0.0,0.0,73629.9829002593,73629.9829002593,0.0,0.0,79.69273598829386,586.9182513154767,74216.90115157478,98997.83511129551,98997.83511129551,7283.378146103674,0.0,23187.87070796563,18782.175273452165,10800.0,10800.0,3
2025-12-10,M1,70635.73522574453,0.0,1249.404415666399,71885.1396414109,71885.1396414109,0.0,967.7782035744995,65.67779356867895,381.7959980285606,72266.93563943947,94330.71460243754,95298.49280601204,2349.725974601365,0.0,24351.716622698397,19724.890464385702,10800.0,10800.0,2
2025-12-11,M1,69302.9885599043,0.0,0.0,69302.9885599043,69302.9885599043,0.0,0.0,30.088760693825975,214.2018873793471,69517.19044728365,94579.97182235963,94579.97182235963,4250.87580306428,0.0,23147.000420995668,18749.07034100649,10800.0,10800.0,1
2025-12-12,M1,21013.89912281789,0.0,1608.7646616701,22622.66378448799,22622.66378448799,0.0,2002.3190265457308,0.0,0.0,22622.66378448799,46957.8584603434,48960.17748688913,837.1757547908971,410.26852533614965,21043.788018046034,17045.468294617283,10800.0,10800.0,0
2025-12-13,M1,21417.946339835056,0.0,1158.724899392421,22576.67123922748,22576.67123922748,0.0,1381.433892053151,0.0,0.0,22576.67123922748,47495.7623154373,48877.196207490444,980.9669033559662,0.0,21566.820635795557,17469.12471499441,10800.0,10800.0,0
2025-12-14,M1,68126.02351376002,0.0,4049.321410031741,72175.34492379172,72175.34492379172,0.0,2697.10911349409,488.2850949797484,3357.7828061670475,75533.12772995877,91108.54726264569,93805.65637613978,927.3581300265097,0.0,24146.63968996337,19558.778148870333,10800.0,10800.0,4
2025-12-15,M1,70005.93766746878,0.0,2355.192836718758,72361.13050418755,72361.13050418755,0.0,1485.749318303947,227.55231494506748,1569.0722235585624,73930.2027277461,93602.21756799947,95087.96688630342,1243.2896718947468,0.0,24224.58717203725,19621.915609350177,10800.0,10800.0,3
2025-12-16,M1,70447.11857012904,0.0,923.7139108395104,71370.83248096854,71370.83248096854,0.0,604.2860660276874,150.39440557273156,935.7500887640483,72306.58256973259,94247.83218413795,94852.11825016564,1137.7695995226088,0.0,24141.964977425963,19695.313254543536,10800.0,10644.087085746109,9
2025-12-17,M1,69307.82305798227,0.0,599.9763639764475,69907.7994219587,69907.7994219587,0.0,321.89537865595446,355.17673432010406,2485.8501479889496,72393.64956994765,93267.58126177096,93589.47664042692,1067.845249190304,0.0,24176.391069077275,19491.430010187214,10644.087085746109,10745.694592152096,7
2025-12-18,M1,67135.80825390665,0.0,2779.895620695636,69915.70387460235,69915.70387460235,0.0,1765.7186566669097,243.45591095558873,1538.2469501363425,71453.95082473868,91101.9403169585,92867.6589736254,1084.2297866027484,0.0,24918.675890532293,20258.05775922072,10745.694592152096,10663.549827830362,8
2025-12-19,M1,20231.860808541656,0.0,1712.900532283751,21944.761340825396,21944.761340825396,0.0,1972.8218439385732,343.4970531502969,1832.3231702123603,23777.084511037756,45734.19572499958,47707.01756893816,310.6262373393819,881.6171502255985,21165.689990836094,17215.810056312617,10663.549827830362,10583.992979235498,5
2025-12-20,M1,20814.459389011383,0.0,157.77657909539744,20972.23596810678,20972.23596810678,0.0,118.99299188493899,179.7278616508322,939.8291673567178,21912.065135463497,47107.19613821155,47226.18913009648,207.55635501648942,218.46221644130537,21688.218927212263,17564.672756922737,10583.992979235498,10587.086950479046,5
2025-12-21,M1,69092.57007948203,0.0,2328.010255499181,71420.58033498122,71420.58033498122,0.0,1651.3016423307308,271.84670543891946,1940.106484021669,73360.68681900289,92995.94876764732,94647.25040997805,999.1063539931025,0.0,24924.950549665533,20042.741654908332,10587.086950479046,10749.829495279884,4
2025-12-22,M1,69198.33547403157,0.0,1946.1727207899553,71144.50819482154,71144.50819482154,0.0,1208.874215470327,481.18226726836883,3212.581265759851,74357.0894605814,92357.26062162819,93566.1348370985,472.96951913821044,0.0,24546.13839556009,19909.21789366474,10749.829495279884,10720.000836100913,10
2025-12-23,M1,69206.26476698053,0.0,513.0213276082635,69719.28609458878,69719.28609458878,0.0,248.80403562746596,112.989866547802,819.6383940364697,70538.92448862526,92944.02089755927,93192.82493318674,1471.1778810658238,0.0,24347.135358920856,19770.590973585466,10720.000836100913,10665.099355145829,2
2025-12-24,M1,67436.89879026658,0.0,2320.427125444034,69757.3259157106,69757.3259157106,0.0,1263.9646099438842,357.19246472583745,2536.234520067714,72293.5604357783,91558.41323625133,92822.37784619522,677.3934798251018,0.0,24356.940585609394,19709.32307118011,10665.099355145829,10687.098025327503,7
2025-12-25,M1,66545.98360907022,0.0,3079.299293761744,69625.28290283194,69625.28290283194,0.0,2106.401664612094,529.4198819449844,3837.442683717291,73462.72558654923,90201.44666595831,92307.84833057038,286.1393346477356,0.0,24864.35636884261,20125.676024308286,10687.098025327503,10703.15650805442,9
2025-12-26,M1,20171.768110452504,0.0,2176.617943225584,22348.386053678085,22348.386053678085,0.0,1978.6239580162248,0.0,0.0,22348.386053678085,45452.213336629036,47430.83729464526,286.66793396889,0.0,21518.870055872347,17382.3231285293,10703.15650805442,10756.447193306967,0
2025-12-27,M1,20121.670892446255,0.0,1238.840989290407,21360.51188173667,21360.51188173667,0.0,1160.674076033635,155.4124788225376,874.0397808979515,22234.55166263462,46225.54523236006,47386.2193083937,252.90066525715065,0.0,21107.52897366377,17157.606918371348,10756.447193306967,10689.215582525083,1
2025-12-28,M1,68016.73716632812,0.0,1106.7910270177986,69123.52819334596,69123.52819334596,0.0,627.2911099340313,267.65691582696627,1667.5556116437053,70791.08380498967,92452.9502985334,93080.24140846744,1955.0210495619165,0.0,23740.33979371481,19156.71726898232,10689.215582525083,10770.279986888061,10
2025-12-29,M1,67673.3448665779,0.0,1344.0778150838287,69017.42268166176,69017.42268166176,0.0,1006.7257258615653,250.9960005708158,1615.5644021397616,70632.98708380152,91918.46351764191,92925.1892435035,1213.4055725963972,0.0,23955.966134967784,19516.95273015654,10770.279986888061,10645.1464748518,9
2025-12-30,M1,65915.19034480349,0.0,1710.0840634538138,67625.27440825728,67625.27440825728,0.0,1146.329625664826,858.6801818705264,5810.2539862292,73435.52839448648,90804.38099251858,91950.7106181834,1911.558987458764,0.0,24376.002276865627,19702.57306427045,10645.1464748518,10691.80067484148,10
2025-12-31,M1,66718.93391109555,0.0,3256.6679560138605,69975.60186710942,69975.60186710942,0.0,2001.1133864298986,953.4804892049447,6494.4915791134135,76470.09344622283,90647.82560335434,92648.93898978425,396.39803126508866,0.0,24565.669914193288,20006.07139980251,10691.80067484148,10571.935375612642,12
2025-02-01,M2,19766.615807340062,0.0,0.0,19766.615807340062,19766.615807340062,0.0,0.0,0.0,0.0,19766.615807340062,46571.66870555912,46571.66870555912,4795.216456675307,3808.8230929553456,18891.85906629019,15302.405843695056,10800.0,10800.0,0
2025-02-02,M2,65235.15873200798,0.0,0.0,65235.15873200798,65235.15873200798,0.0,0.0,0.0,0.0,65235.15873200798,93294.43407002774,93294.43407002774,10529.798188264613,59.174066666666704,22890.441395244503,18541.257530148046,10800.0,10800.0,0
2025-02-03,M2,65842.10147509699,0.0,0.0,65842.10147509699,65842.10147509699,0.0,0.0,0.0,0.0,65842.10147509699,92343.4797760588,92343.4797760588,8068.368600396177,0.0,21358.9193455928,17300.72466993017,10800.0,10800.0,0
2025-02-04,M2,65426.66475504315,0.0,0.0,65426.66475504315,65426.66475504315,0.0,0.0,0.0,0.0,65426.66475504315,92205.73336193018,92205.73336193018,6399.324811437337,0.0,24271.287371014976,19659.74277052213,10800.0,10800.0,0
2025-02-05,M2,61238.12016128275,0.0,1455.622718558019,62693.74287984078,62693.74287984078,0.0,1065.330644934226,44.169210528488385,276.4698304550023,62970.21271029578,87290.99241153905,88356.32305647327,3042.5657136988348,0.0,24260.524052471555,19651.024482501965,10800.0,10800.0,4
2025-02-06,M2,62855.26420407395,0.0,226.09090344036525,63081.35510751434,63081.35510751434,0.0,157.68155586820205,40.945466411918346,291.68504414856665,63373.040151662906,89243.39350633946,89401.07506220766,4583.419141153765,0.0,24144.96931999552,19557.425149196373,10800.0,10800.0,2
2025-02-07,M2,17263.73679783486,0.0,0.0,17263.73679783486,17263.73679783486,0.0,0.0,61.817800943071916,261.8602047948526,17525.59700262971,41420.569132376244,41420.569132376244,1798.9827469372958,4115.447669210431,19949.16980723093,16186.892956726007,10800.0,10768.816207923383,1
2025-02-08,M2,14887.172976632435,0.0,1086.384070789521,15973.557047421958,15973.557047421958,0.0,1044.8576403393092,35.63718921298562,176.86737006404763,16150.424417486007,36609.306352565305,37654.163992904614,391.200369779996,1428.2083561767217,22448.233298027717,18155.003558533503,10768.816207923383,10800.0,1
2025-02-09,M2,57290.915371296374,0.0,3483.870592470397,60774.785963766786,60774.785963766786,0.0,2633.4131003014663,3.0925101964016903,15.162577492957487,60789.94854125974,83204.91991573627,85838.33301603775,1413.2983014602669,0.0,25645.84872688016,20773.137468772933,10800.0,10800.0,1
2025-02-10,M2,57585.845131071634,0.0,566.4790587084492,58152.32418978012,58152.32418978012,0.0,392.7746735298948,0.0,0.0,58152.32418978012,84905.97547312194,85298.75014665183,6627.928980221777,328.1247000000001,21137.152016298514,17121.09313320179,10800.0,10800.0,0
2025-02-11,M2,57270.67922653082,0.0,387.31118453172553,57657.99041106252,57657.99041106252,0.0,260.83471200602503,16.92719517400667,87.49581483850314,57745.486225901026,84006.84623022325,84267.68094222926,4457.883990155967,148.03829999999994,23463.624810073576,19005.5360961596,10800.0,10800.0,2
2025-02-12,M2,57978.187882977225,0.0,0.0,57978.187882977225,57978.187882977225,0.0,0.0,0.0,0.0,57978.187882977225,85248.73108960365,85248.73108960365,5420.821031640766,163.38428333333331,23146.261269980132,18748.47162868391,10800.0,10800.0,0
2025-02-13,M2,57368.13509263848,0.0,236.79242320661183,57604.927515845106,57604.927515845106,0.0,161.67522585769825,0.0,0.0,57604.927515845106,84861.62375037957,85023.29897623726,9475.467983554885,558.6377833333336,19261.653645696744,15601.939453014369,10800.0,10800.0,0
2025-02-14,M2,16114.445412727528,0.0,303.3925242381345,16417.837936965665,16417.837936965665,0.0,297.98543184914024,0.0,0.0,16417.837936965665,38729.822206806224,39027.807638655366,1961.2514556597637,3203.817165812356,21373.353686929368,17312.41648641279,10800.0,10800.0,0
2025-02-15,M2,16315.41056026495,0.0,115.7634866213453,16431.17404688629,16431.17404688629,0.0,104.90067889256477,0.0,0.0,16431.17404688629,38027.88392420802,38132.78460310058,1517.05524499057,3493.9926074778937,20219.187634905902,16377.541984273785,10800.0,10800.0,0
2025-02-16,M2,58521.988136830136,0.0,0.0,58521.988136830136,58521.988136830136,0.0,0.0,0.0,0.0,58521.988136830136,85276.30950142935,85276.30950142935,5784.137860304409,84.83723936812453,21210.291061878044,17180.33576012122,10800.0,10800.0,0
2025-02-17,M2,57781.46404342502,0.0,15.022123275142544,57796.48616670017,57796.48616670017,0.0,12.32736195235725,0.0,0.0,57796.48616670017,85219.48467128591,85231.81203323827,9266.978244952374,882.1082833333332,20520.32809624158,16621.465757955684,10800.0,10800.0,0
2025-02-18,M2,53819.478478080695,0.0,838.8162396669846,54658.29471774765,54658.29471774765,0.0,638.7247493032763,0.0,0.0,54658.29471774765,80503.23968900194,81141.96443830521,4847.791189219415,241.45472736625413,20849.109149401127,16887.778411014908,10800.0,10800.0,0
2025-02-19,M2,53068.172173987405,0.0,1399.4851499330234,54467.65732392045,54467.65732392045,0.0,1147.8866624760403,155.02933454014362,769.3352317616452,55236.992555682096,79997.44544198248,81145.33210445852,4117.384980737013,0.0,22650.78460488588,18347.135529957566,10800.0,10800.0,5
2025-02-20,M2,54786.46420458105,0.0,35.359864744813045,54821.82406932587,54821.82406932587,0.0,25.616792762709906,17.859093531072745,100.19844425608363,54922.02251358196,81817.27836060364,81842.89515336635,6463.9885090539065,391.814483333333,21114.829058825584,17103.01153764873,10800.0,10800.0,1
2025-02-21,M2,16113.712911586761,0.0,54.954917239307456,16168.66782882607,16168.66782882607,0.0,52.96796727983421,0.0,0.0,16168.66782882607,37854.614402416475,37907.582369696305,2088.916140059492,6562.703199333731,19451.057878788157,15755.356881818405,10800.0,10800.0,0
2025-02-22,M2,16269.451082074613,0.0,96.89239458102499,16366.343476655637,16366.343476655637,0.0,91.72008258232648,0.0,0.0,16366.343476655637,37880.866550558654,37972.58663314098,2031.9903398461663,4221.301814704963,20392.271553981675,16517.739958725157,10800.0,10800.0,0
2025-02-23,M2,54292.757602023805,0.0,349.68363536996736,54642.44123739377,54642.44123739377,0.0,293.6509076697073,0.0,0.0,54642.44123739377,81588.83175074655,81882.48265841627,5774.909905497167,417.62383333333355,21884.71176974968,17726.616533497232,10800.0,10800.0,0
2025-02-24,M2,52355.1676705429,0.0,0.0,52355.1676705429,52355.1676705429,0.0,0.0,10.398799116965733,53.13266408813642,52408.300334631036,78982.28171895299,78982.28171895299,5814.676221373327,1061.303214675624,20598.249817654432,16684.58235230009,10800.0,10800.0,1
2025-02-25,M2,51220.03407398554,0.0,378.8196147234916,51598.853688709016,51598.853688709016,0.0,279.47051437478837,18.809064263669484,96.5281178011518,51695.381806510166,78965.08170583556,79244.55222021036,7798.370182824358,1776.8332970173758,20351.760901573507,16484.926330274542,10800.0,10800.0,1
2025-02-26,M2,48717.78943591905,0.0,1633.7199162347545,50351.50935215381,50351.50935215381,0.0,1554.3693908150296,0.0,0.0,50351.50935215381,74908.62816791185,76462.9975587269,2966.2467440770947,438.3726601798287,22334.369058613876,18090.838937477245,10800.0,10800.0,0
2025-02-27,M2,47426.43503233358,0.0,281.4953178062008,47707.93035013978,47707.93035013978,0.0,237.13634512069137,829.0531006545044,4383.980910390191,52091.911260529974,74984.49022503916,75221.62657015986,4266.150687339406,506.56359999999825,22744.11149197345,18422.730308498496,10800.0,10800.0,6
2025-02-28,M2,14756.1606212294,0.0,20.722330654689127,14776.88295188409,14776.88295188409,0.0,16.57755672433018,0.0,0.0,14776.88295188409,36404.131967836554,36420.70952456089,2286.716015719169,6969.269724266356,20379.632813554566,16507.5025789792,10800.0,10800.0,0
2025-03-01,M2,15159.540844139608,0.0,0.0,15159.540844139608,15159.540844139608,0.0,0.0,0.0,0.0,15159.540844139608,36667.127201658455,36667.127201658455,1679.8484275472506,7691.028939375338,19144.65211264496,15507.168211242417,10800.0,10800.0,0
2025-03-02,M2,50654.90831074095,0.0,3030.591234437864,53685.49954517883,53685.49954517883,0.0,1838.8911013969205,0.0,0.0,53685.49954517883,77567.50062658041,79406.39172797734,2917.0877670711716,0.0,21742.088917050045,17611.09202281054,10800.0,10800.0,0
2025-03-03,M2,52856.364908874515,0.0,432.5311369952873,53288.896045869806,53288.896045869806,0.0,239.62422208415217,0.0,0.0,53288.896045869806,80278.81201625039,80518.43623833454,3874.9360049694383,184.4892666666666,23378.23333350063,18936.369000135506,10800.0,10800.0,0
2025-03-04,M2,51236.537616680194,0.0,362.76692452124263,51599.30454120143,51599.30454120143,0.0,264.6292286741863,0.0,0.0,51599.30454120143,78025.40965490931,78290.0388835835,4522.645180419783,600.6831000000002,20880.277209633663,16913.02453980327,10800.0,10800.0,0
2025-03-05,M2,49730.56251139378,0.0,0.0,49730.56251139378,49730.56251139378,0.0,0.0,0.0,0.0,49730.56251139378,77786.58500994388,77786.58500994388,6949.213304584531,625.9976666666664,21478.43169487377,17397.52967284775,10800.0,10800.0,0
2025-03-06,M2,46417.15519189156,0.0,1002.1375606062717,47419.292752497844,47419.292752497844,0.0,603.6417753302117,0.0,0.0,47419.292752497844,73307.27108119811,73910.91285652832,3068.0992694484103,803.271483333333,21573.09458112241,17474.206610709167,10800.0,10800.0,0
2025-03-07,M2,13945.323843605178,0.0,0.0,13945.323843605178,13945.323843605178,0.0,0.0,0.0,0.0,13945.323843605178,34681.19053041833,34681.19053041833,1333.630590437178,8761.294461437994,19284.10497478857,15620.12502957874,10800.0,10800.0,0
2025-03-08,M2,13231.033326066203,0.0,658.1667778465494,13889.200103912755,13889.200103912755,0.0,678.0950667655211,0.0,0.0,13889.200103912755,32727.894734224683,33405.98980099021,1428.6833408161992,8982.296032454564,20694.057426593597,16762.18651554082,10800.0,10800.0,0
2025-03-09,M2,45470.96689984802,0.0,610.1382479820151,46081.105147830036,46081.105147830036,0.0,428.3661252549558,0.0,0.0,46081.105147830036,73141.75718970793,73570.1233149629,4719.673042680929,1398.4634909999988,21676.114375168232,17557.65264388627,10800.0,10800.0,0
2025-03-10,M2,45996.33719778809,0.0,3171.7309962129793,49168.06819400108,49168.06819400108,0.0,2788.174716957691,0.0,0.0,49168.06819400108,71326.29977063905,74114.47448759674,1671.2694462704405,0.0,23163.861006980507,18762.727415654208,10800.0,10800.0,0
2025-03-11,M2,44496.3773516901,0.0,2810.7218411043664,47307.09919279444,47307.09919279444,0.0,2773.612030192636,0.0,0.0,47307.09919279444,70557.93458313259,73331.54661332523,4582.811168924429,932.1619248555215,20408.709050238358,16531.054330693074,10800.0,10800.0,0
2025-03-12,M2,45649.0307436139,0.0,217.956673266365,45866.98741688027,45866.98741688027,0.0,143.92905367503545,0.0,0.0,45866.98741688027,72946.72231683234,73090.65137050737,5204.602885095476,1533.1465166666665,20617.722554799493,16700.355269387594,10800.0,10800.0,0
2025-03-13,M2,46126.51671247689,0.0,2536.2230807667647,48662.739793243636,48662.739793243636,0.0,2355.6121484905943,0.0,0.0,48662.739793243636,72276.24080902914,74631.85295751975,2833.9421209935745,0.0,22380.488525576344,18128.19570571684,10800.0,10800.0,0
2025-03-14,M2,13609.127712584423,0.0,53.99457538305414,13663.122287967477,13663.122287967477,0.0,56.69898024836904,0.0,0.0,13663.122287967477,33830.264246146944,33886.96322639532,2254.0732676001894,11836.009388086557,19828.70835460653,16061.25376723129,10800.0,10800.0,0
2025-03-15,M2,13859.629442273832,0.0,181.000790450059,14040.630232723892,14040.630232723892,0.0,187.74977368273693,0.0,0.0,14040.630232723892,33529.60429994039,33717.35407362312,1786.4614686126195,7071.250100941693,20713.249231941103,16777.731877872295,10800.0,10800.0,0
2025-03-16,M2,45298.35801905797,0.0,2061.5678111443513,47359.92583020231,47359.92583020231,0.0,1940.3160867944823,1.6400000000001,8.081100000000493,47368.00693020231,72274.67951556473,74214.99560235921,6548.910230650645,322.9277000000001,21019.740728290715,17025.98998991548,10800.0,10800.0,1
2025-03-17,M2,44073.728439571685,0.0,398.69247891925033,44472.420918490934,44472.420918490934,0.0,302.66487533774216,0.0,0.0,44472.420918490934,71851.28283637285,72153.94771171059,8481.309354118683,2213.092833333333,18954.81100486974,15353.396913944493,10800.0,10800.0,0
2025-03-18,M2,44008.531564037505,0.0,290.7976224900777,44299.32918652758,44299.32918652758,0.0,261.9412106354333,0.0,0.0,44299.32918652758,71116.14837270205,71378.08958333748,5032.194817895092,1197.35497849308,21171.481159382398,17148.899739099747,10800.0,10800.0,0
2025-03-19,M2,40825.23544831152,0.0,1665.9604600604262,42491.195908371956,42491.195908371956,0.0,1794.3459554800993,333.95743047701865,1693.2270740275972,44184.422982399556,66400.92681611465,68195.27277159475,4146.887266184502,907.4328029002014,21102.314120984593,17092.874437997525,10800.0,10800.0,3
2025-03-20,M2,42865.8463543502,0.0,792.1266273122436,43657.972981662446,43657.972981662446,0.0,621.1517508761399,0.0,0.0,43657.972981662446,69216.49526476441,69837.64701564056,3189.945917467767,403.4530949262071,21238.348350420623,17203.062163840706,10800.0,10800.0,0
2025-03-21,M2,12591.179305325366,0.0,359.1515306216407,12950.330835947008,12950.330835947008,0.0,353.2672652752606,0.0,0.0,12950.330835947008,32017.44637994366,32370.713645218922,1997.164787870108,14404.489696820621,20713.65602032384,16778.061376462312,10800.0,10800.0,0
2025-03-22,M2,13318.918573053104,0.0,64.69029370592826,13383.608866759036,13383.608866759036,0.0,56.18133952989959,0.0,0.0,13383.608866759036,32799.496352951785,32855.67769248169,1758.383244226915,11436.132386948253,19894.53856827992,16114.576240306737,10800.0,10800.0,0
2025-03-23,M2,42311.40515957945,0.0,633.8178776820774,42945.22303726153,42945.22303726153,0.0,619.0680511135909,0.0,0.0,42945.22303726153,69322.94522877829,69942.01327989188,5106.274277240658,2116.1150166666666,20788.967733252055,16839.063863934167,10800.0,10800.0,0
2025-03-24,M2,40704.80136144428,0.0,1107.3183797233592,41812.11974116764,41812.11974116764,0.0,815.8294142115184,0.0,0.0,41812.11974116764,66671.6671161803,67487.49653039181,3451.521073992414,2030.888932909351,21087.3128429301,17080.723402773387,10800.0,10800.0,0
2025-03-25,M2,41992.91883091244,0.0,504.6462657520503,42497.5650966645,42497.5650966645,0.0,356.30880043648494,0.0,0.0,42497.5650966645,68528.67434396301,68884.98314439948,2566.3041641813807,1322.3802425044182,21295.65274235279,17249.478721305764,10800.0,10800.0,0
2025-03-26,M2,39860.23564932625,0.0,819.1485485475906,40679.38419787384,40679.38419787384,0.0,810.8341613010076,0.0,0.0,40679.38419787384,65803.55401140041,66614.38817270141,5041.527613556849,2095.426483333334,20446.732679708217,16561.85347056366,10800.0,10800.0,0
2025-03-27,M2,40478.2496278212,0.0,767.7915430029141,41246.041170824115,41246.041170824115,0.0,625.8582944506473,0.0,0.0,41246.041170824115,66675.55962939726,67301.41792384791,3596.809093692115,1162.8984500000001,20130.110421872683,16305.389441716878,10800.0,10800.0,0
2025-03-28,M2,12582.8279819966,0.0,115.95498114811387,12698.782963144711,12698.782963144711,0.0,106.98190485678873,0.0,0.0,12698.782963144711,31987.252493286716,32094.234398143504,2004.7936594436485,15451.42261213654,20084.933473140278,16268.796113243623,10800.0,10800.0,0
2025-03-29,M2,12470.356925822485,0.0,189.19248335302964,12659.549409175515,12659.549409175515,0.0,192.8508019735064,0.0,0.0,12659.549409175515,31846.23847122288,32039.08927319639,1430.4152055837408,19105.206882406095,19980.305273016995,16184.047271143776,10800.0,10800.0,0
2025-03-30,M2,38300.702590747256,0.0,231.19375227537884,38531.896343022636,38531.896343022636,0.0,156.79607275033408,0.0,0.0,38531.896343022636,64406.73267199697,64563.52874474732,3325.9676468527964,2048.2803433474733,20229.795023931838,16386.13396938479,10800.0,10800.0,0
2025-03-31,M2,37157.07746405503,0.0,3613.8944390841593,40770.97190313919,40770.97190313919,0.0,4596.105386832703,0.0,0.0,40770.97190313919,61000.715603678655,65596.82099051136,3442.7023258508016,1287.8790666666673,20604.474287687175,16689.62417302662,10800.0,10800.0,0
2025-04-01,M2,41352.89954740749,0.0,2630.533618335816,43983.4331657433,43983.4331657433,0.0,2525.325148875979,0.0,0.0,43983.4331657433,66966.14006933731,69491.4652182133,4277.057271677407,1322.9585666666667,19382.09401685558,15699.49615365302,10800.0,10800.0,0
2025-04-02,M2,39878.13558776358,0.0,3048.0300667176475,42926.16565448123,42926.16565448123,0.0,3008.207876819194,284.69145814074153,1478.6480425124819,44404.81369699371,66063.20486794967,69071.41274476887,4280.703710164124,646.5523989235048,21018.487862220984,17024.975168398996,10800.0,10800.0,3
2025-04-03,M2,40787.23651253851,0.0,194.83823566394327,40982.07474820247,40982.07474820247,0.0,136.41583596274535,0.0,0.0,40982.07474820247,66978.61500569253,67115.03084165526,4868.753777196191,2554.859666666667,20146.77437434603,16318.887243220288,10800.0,10800.0,0
2025-04-04,M2,11928.971694587262,0.0,28.970542766656973,11957.94223735392,11957.94223735392,0.0,33.300119520267884,0.0,0.0,11957.94223735392,31060.74850105927,31094.04862057954,1623.6382048925545,19201.338175889327,20201.420998935046,16363.151009137386,10800.0,10800.0,0
2025-04-05,M2,12283.439565824583,0.0,304.607564608154,12588.047130432733,12588.047130432733,0.0,249.37828599515782,0.0,0.0,12588.047130432733,30914.76498793642,31164.143273931582,1317.235371076785,13980.660962287291,20116.483985443032,16294.352028208861,10800.0,10800.0,0
2025-04-06,M2,38645.8787372396,0.0,335.88887429192465,38981.76761153152,38981.76761153152,0.0,278.75791623083705,0.0,0.0,38981.76761153152,64488.974745461,64767.73266169183,3618.914318864324,2719.5476499999995,21153.65487453076,17134.460448369915,10800.0,10800.0,0
2025-04-07,M2,36986.72100644709,0.0,1587.6015905416293,38574.32259698871,38574.32259698871,0.0,1871.5044453587702,0.0,0.0,38574.32259698871,61547.43262988074,63418.93707523952,4469.700845002544,1887.9406833333335,20097.769808264777,16279.193544694474,10800.0,10800.0,0
2025-04-08,M2,37828.87975696945,0.0,329.2145150359172,38158.09427200537,38158.09427200537,0.0,177.20464668111094,0.0,0.0,38158.09427200537,63557.34569972666,63734.55034640776,3928.801584478041,1496.8489789334462,20819.50613857698,16863.799972247358,10800.0,10800.0,0
2025-04-09,M2,37883.6665296359,0.0,2077.3476510007717,39961.01418063667,39961.01418063667,0.0,2482.827529838937,0.0,0.0,39961.01418063667,62868.749206453664,65351.5767362926,1941.887230856352,244.65248105681644,21214.347409014583,17183.62140130181,10800.0,10800.0,0
2025-04-10,M2,38036.2284763529,0.0,1440.2298345487554,39476.45831090166,39476.45831090166,0.0,1929.95095419096,0.0,0.0,39476.45831090166,63621.696131802964,65551.64708599393,4928.729848912715,2308.0854333333327,20285.23107235728,16431.037168609397,10800.0,10800.0,0
2025-04-11,M2,11536.211242492385,0.0,258.1993570250781,11794.410599517463,11794.410599517463,0.0,271.50499825526106,0.0,0.0,11794.410599517463,30033.570172876505,30305.075171131764,1306.63915123266,19799.626441836597,20432.417954714958,16550.258543319113,10800.0,10800.0,0
2025-04-12,M2,11878.223025805313,0.0,90.9593187341621,11969.182344539477,11969.182344539477,0.0,62.34787767095901,0.0,0.0,11969.182344539477,30422.67719902559,30485.02507669655,1375.9651419588201,16392.70719250437,19427.327327543986,15736.13513531063,10800.0,10800.0,0
2025-04-13,M2,36731.27785108657,0.0,469.6794449848453,37200.95729607142,37200.95729607142,0.0,293.93770264349035,0.0,0.0,37200.95729607142,61415.77895325021,61709.7166558937,2808.1051781862725,677.671682742839,20776.743745427695,16829.16243379643,10800.0,10800.0,0
2025-04-14,M2,36572.333165228076,0.0,316.0205605749265,36888.35372580298,36888.35372580298,0.0,225.1881618706489,0.0,0.0,36888.35372580298,61700.50396842358,61925.69213029423,3464.2397154754253,2024.9371466673642,20570.965621849686,16662.482153698245,10800.0,10800.0,0
2025-04-15,M2,35421.5471426654,0.0,366.38539227342284,35787.932534938824,35787.932534938824,0.0,560.8464806799916,0.0,0.0,35787.932534938824,60168.87242300947,60729.718903689456,4299.793980398328,2592.223611388101,19464.59199247211,15766.31951390241,10800.0,10800.0,0
2025-04-16,M2,36819.10422686858,0.0,1810.214549198623,38629.31877606721,38629.31877606721,0.0,1997.162386054373,0.0,0.0,38629.31877606721,61445.392325654546,63442.554711708915,2297.7833888788914,1685.2166438873528,19368.22488917198,15688.262160229304,10800.0,10800.0,0
2025-04-17,M2,35336.45766128834,0.0,1666.8067934233818,37003.264454711716,37003.264454711716,0.0,2472.942972719011,0.0,0.0,37003.264454711716,59706.90387770001,62179.846850419024,3498.234563755092,1829.0010939643046,20969.836014208577,16985.56717150895,10800.0,10800.0,0
2025-04-18,M2,11015.44054949599,0.0,189.82014724275285,11205.260696738746,11205.260696738746,0.0,202.90822488936254,0.0,0.0,11205.260696738746,29450.116462108563,29653.02468699793,1799.6455376612664,17680.74428260954,20097.461491546288,16278.943808152493,10800.0,10800.0,0
2025-04-19,M2,11177.992319387322,0.0,236.4549048685885,11414.44722425591,11414.44722425591,0.0,250.87467257384287,0.0,0.0,11414.44722425591,29284.844842037583,29535.719514611428,1725.2205956250614,17220.804583833575,20026.395185014666,16221.380099861875,10800.0,10800.0,0
2025-04-20,M2,35610.89041196843,0.0,824.6238194611008,36435.51423142953,36435.51423142953,0.0,926.0739494005039,0.0,0.0,36435.51423142953,59927.252373381474,60853.326322781984,3188.3694623513966,1810.2161506341915,20510.504349805582,16613.50852334252,10800.0,10800.0,0
2025-04-21,M2,35622.515716627335,0.0,247.70516432476313,35870.220880952074,35870.220880952074,0.0,179.2549503949307,0.0,0.0,35870.220880952074,61379.314707581594,61558.56965797652,4504.475846945148,4780.552166666666,19771.743479112498,16015.112218081129,10800.0,10800.0,0
2025-04-22,M2,34387.6252781454,0.0,2607.907099830551,36995.53237797595,36995.53237797595,0.0,3471.4757049467744,0.0,0.0,36995.53237797595,57109.56848476836,60581.04418971512,2603.678957141374,1958.4639165083522,20347.221049467,16481.24905006827,10800.0,10800.0,0
2025-04-23,M2,34503.4779195657,0.0,2003.4333876530218,36506.91130721872,36506.91130721872,0.0,2536.183839789781,0.0,0.0,36506.91130721872,58099.58095918431,60635.764798974094,3436.497437486735,2032.3340166666667,19826.40330607387,16059.38667791983,10800.0,10800.0,0
2025-04-24,M2,34305.73816192996,0.0,273.7228193142038,34579.46098124417,34579.46098124417,0.0,221.01261430192852,0.0,0.0,34579.46098124417,58093.02405448379,58314.03666878572,3027.4294243282216,4612.546824999672,18862.914312935885,15278.96059347807,10800.0,10800.0,0
2025-04-25,M2,10377.344165706652,0.0,0.0,10377.344165706652,10377.344165706652,0.0,0.0,0.0,0.0,10377.344165706652,28390.556144499304,28390.556144499304,881.2251861437212,21679.494958072137,20155.14921201813,16325.670861734685,10800.0,10800.0,0
2025-04-26,M2,10902.400745190083,0.0,155.37274222974196,11057.773487419827,11057.773487419827,0.0,137.55500459169338,0.0,0.0,11057.773487419827,28188.471012927752,28326.02601751945,583.7630461404399,23806.06466235299,20347.39302996151,16481.388354268827,10800.0,10800.0,0
2025-04-27,M2,32276.375655084994,0.0,1911.59914048572,34187.97479557071,34187.97479557071,0.0,1878.5198822381738,0.0,0.0,34187.97479557071,54386.0598806358,56264.57976287398,1369.945176473304,2472.591487860082,20255.64165898558,16407.069743778316,10800.0,10800.0,0
2025-04-28,M2,35101.82246677228,0.0,3413.7561152332983,38515.57858200557,38515.57858200557,0.0,3360.3498910329035,0.0,0.0,38515.57858200557,58850.19850366689,62210.54839469979,1766.3601890672444,0.0,20116.95204718889,16294.731158223,10800.0,10800.0,0
2025-04-29,M2,33985.8844071427,0.0,533.7473580895524,34519.63176523223,34519.63176523223,0.0,409.55559858675457,0.0,0.0,34519.63176523223,58410.143625045035,58819.69922363179,3570.3231612429295,4269.704750000001,18665.566293274736,15119.108697552534,10800.0,10800.0,0
2025-04-30,M2,32852.17740328969,0.0,55.81401519948684,32907.99141848917,32907.99141848917,0.0,42.13799982464252,0.0,0.0,32907.99141848917,56200.21546042319,56242.35346024783,3000.192117805288,1520.1076662568312,18237.890751854662,14772.691509002276,10800.0,10800.0,0
2025-05-01,M2,33640.835332452,0.0,1388.1468725027705,35028.982204954766,35028.982204954766,0.0,804.0606410458041,1150.9920827675924,7320.956645667097,42349.93885062186,54962.47352401889,55766.534165064695,811.5229844092312,1820.7801607174881,20022.564275119308,16748.71997241374,10800.0,10210.61898936989,8
2025-05-02,M2,11414.01286736363,0.0,1694.0864291535759,13108.099296517199,13108.099296517199,0.0,1119.4193360710042,901.8913307116957,4833.216969245819,17941.316265763016,28610.509782421825,29729.929118492822,26.373508290986138,12068.153118225622,21121.409456478512,16874.435717123935,10210.61898936989,10470.514481173954,7
2025-05-03,M2,11777.881047156263,0.0,68.94927748373208,11846.83032464,11846.83032464,0.0,55.49916656206494,1154.6226948460455,5221.178687472469,17068.009012112467,29442.296721128638,29497.7958876907,91.56324090418173,17608.27496035621,20539.0447826369,16453.636051360547,10470.514481173954,10673.836950702109,7
2025-05-04,M2,39960.197338448656,0.0,0.0,39960.197338448656,39960.197338448656,0.0,0.0,533.0697392871703,3131.873665067037,43092.071003515695,65408.3450647375,65408.3450647375,6631.665269258486,4211.69744547325,17730.234114208193,14366.849358248583,10673.836950702109,10667.881699879943,9
2025-05-05,M2,38881.53825722814,0.0,20.655527830324186,38902.19378505846,38902.19378505846,0.0,10.51412681292112,355.1563513735088,2323.755135920421,41225.94892097888,63885.482433272664,63895.99656008558,3838.5754294355797,1389.3469424862592,20251.650326925097,16304.426587387841,10667.881699879943,10778.337452570486,3
2025-05-06,M2,38076.83314762958,0.0,414.3538816569219,38491.1870292865,38491.1870292865,0.0,719.5533140528458,270.53182299978874,1653.8496161402695,40145.03664542677,61940.74550238392,62660.29881643677,3366.571403612669,2907.6431074074094,21109.4190994865,17322.885337736683,10778.337452570486,10529.164266845351,6
2025-05-07,M2,38330.252773023465,0.0,584.4928145054536,38914.745587528916,38914.745587528916,0.0,537.3817220587837,435.5839174609264,2940.587575246084,41855.333162775,62754.59445660279,63291.97617866158,2103.0353087418166,2513.6480504321175,20348.338407294104,16305.307620345528,10529.164266845351,10725.660366359461,3
2025-05-08,M2,42238.25562451032,0.0,0.0,42238.25562451032,42238.25562451032,0.0,0.0,0.0,0.0,42238.25562451032,67731.50723410811,67731.50723410811,6015.036448796773,2167.8709833333323,19237.798587902795,15515.711185924778,10725.660366359461,10800.0,0
2025-05-09,M2,13872.073627877928,0.0,0.0,13872.073627877928,13872.073627877928,0.0,0.0,0.0,0.0,13872.073627877928,32690.944122636756,32690.944122636756,2347.6138928212154,18153.457979898045,19423.612631144748,15733.126231227252,10800.0,10800.0,0
2025-05-10,M2,14094.776815579247,0.0,0.0,14094.776815579247,14094.776815579247,0.0,0.0,0.0,0.0,14094.776815579247,32411.704604651914,32411.704604651914,1904.7682843951857,14736.932155281316,19205.046745484626,15556.08786384255,10800.0,10800.0,0
2025-05-11,M2,40256.4362769281,0.0,337.90917132722444,40594.34544825534,40594.34544825534,0.0,318.2195493588409,59.0240550236374,393.28856291117756,40987.63401116652,65529.68498977509,65847.90453913392,3890.5147059290184,2865.036566666666,19301.56967488715,15634.271436658593,10800.0,10800.0,3
2025-05-12,M2,39013.60904108379,0.0,1741.986546757918,40755.59558784171,40755.59558784171,0.0,1934.129829992345,0.0,0.0,40755.59558784171,63157.33520612627,65091.465036118614,6614.645025285852,3310.6339666666663,17026.267425435595,13791.276614602833,10800.0,10800.0,0
2025-05-13,M2,39041.826996444084,0.0,80.71968553690807,39122.546681980995,39122.546681980995,0.0,77.24042897145895,0.0,0.0,39122.546681980995,64102.14444731781,64179.38487628929,4500.813159386112,2845.0101516857007,19496.572623951608,15792.2238254008,10800.0,10800.0,0
2025-05-14,M2,37768.74361483222,0.0,1400.7565882696913,39169.50020310191,39169.50020310191,0.0,1705.9602172337602,0.0,0.0,39169.50020310191,62344.47920792644,64050.43942516019,4687.2458647334715,2785.870516666666,18753.54873908803,15190.374478661302,10800.0,10800.0,0
2025-05-15,M2,39239.38750954413,0.0,1070.439423696704,40309.82693324084,40309.82693324084,0.0,1515.965917212078,0.0,0.0,40309.82693324084,62526.9455062196,64042.91142343167,5239.980045380373,2325.3720666666654,19539.47909500687,15826.978066955568,10800.0,10800.0,0
2025-05-16,M2,13294.354050614718,0.0,55.140647361744186,13349.49469797646,13349.49469797646,0.0,50.861167375407064,0.0,0.0,13349.49469797646,31179.59228078971,31230.453448165117,2104.637233873202,22745.354789249322,19289.236272154012,15624.281380444747,10800.0,10800.0,0
2025-05-17,M2,13818.017150696456,0.0,60.41427796019386,13878.431428656648,13878.431428656648,0.0,52.7248092320591,0.0,0.0,13878.431428656648,31397.325100815357,31450.04991004742,1494.4646590618127,15723.768728831656,19910.618099055886,16127.60066023527,10800.0,10800.0,0
2025-05-18,M2,38962.06251651682,0.0,444.04900311830687,39406.111519635124,39406.111519635124,0.0,313.43521082376697,2.275731050968261,14.961793794590832,39421.07331342971,63417.51995159961,63730.95516242336,4580.488641829719,1913.8742499999998,18751.052113919075,15188.35221227446,10800.0,10800.0,1
2025-05-19,M2,37105.94539295255,0.0,77.3820639890119,37183.32745694156,37183.32745694156,0.0,63.27982211195092,72.9695403596387,508.18280048067464,37691.51025742223,61272.30069841665,61335.5805205286,4659.616521026659,5845.288050000001,17833.836525587292,14445.407585725708,10800.0,10800.0,2
2025-05-20,M2,36478.76374043988,0.0,961.4007884677541,37440.16452890763,37440.16452890763,0.0,1213.2905589677923,0.0,0.0,37440.16452890763,59706.95249740788,60920.24305637567,1905.171609510452,828.091691563787,19260.97336123563,15601.388422600867,10800.0,10800.0,0
2025-05-21,M2,36898.09721024213,0.0,1426.492855610837,38324.59006585296,38324.59006585296,0.0,1774.0230543874036,0.0,0.0,38324.59006585296,59415.86123576804,61189.884290155445,2655.925134678915,3768.149938291404,17911.547020272577,14508.353086420788,10800.0,10800.0,0
2025-05-22,M2,36397.83785029394,0.0,176.87652319125746,36574.71437348518,36574.71437348518,0.0,124.81501591104967,2.57000000000005,16.86434000000033,36591.57871348518,58961.25144138471,59086.06645729576,2752.6474061579497,1984.2904222612435,18605.620064262625,15070.552252052725,10800.0,10800.0,1
2025-05-23,M2,12368.794931663982,0.0,256.4305646481194,12625.225496312103,12625.225496312103,0.0,245.35628189206642,0.0,0.0,12625.225496312103,30070.418473946967,30315.774755839037,1987.8731896664344,17872.617880473274,21233.341065084198,17199.006262718198,10800.0,10800.0,0
2025-05-24,M2,13052.947180133155,0.0,96.51292221225361,13149.460102345405,13149.460102345405,0.0,79.59927967471856,0.0,0.0,13149.460102345405,30699.51187728431,30779.11115695903,2388.8123223632,20706.66101682461,20679.665444409937,16750.52900997205,10800.0,10800.0,0
2025-05-25,M2,36722.41415112743,0.0,303.91589081604667,37026.330041943474,37026.330041943474,0.0,208.80392180778398,0.0,0.0,37026.330041943474,59662.82200510173,59871.62592690952,3487.726739299369,4545.547955832453,17333.373939180834,14040.032890736476,10800.0,10800.0,0
2025-05-26,M2,35216.342993032194,0.0,3041.830673157424,38258.17366618962,38258.17366618962,0.0,3719.5047579594134,0.0,0.0,38258.17366618962,57281.464615609955,61000.96937356937,2675.753443354971,0.0,19712.542001128415,15967.159020914018,10800.0,10800.0,0
2025-05-27,M2,36112.37725095224,0.0,1658.2193753523356,37770.596626304585,37770.596626304585,0.0,2382.528759133753,0.0,0.0,37770.596626304585,58499.15703115326,60881.685790287025,4859.854475085765,3274.5706252280174,17667.859947227582,14310.966557254342,10800.0,10800.0,0
2025-05-28,M2,36915.67127514684,0.0,556.3618697862454,37472.03314493309,37472.03314493309,0.0,407.37797197637383,0.0,0.0,37472.03314493309,60279.409050213726,60686.78702219011,2769.132485887245,2014.0859958443914,19103.9181076762,15474.173667217725,10800.0,10800.0,0
2025-05-29,M2,36432.82284443733,0.0,2464.3140336482884,38897.1368780856,38897.1368780856,0.0,2901.781772712079,17.817433333333497,119.80442173333444,39016.94129981894,59752.23412381883,62654.01589653092,2268.873879691754,2518.5150961460654,19864.84660013914,16090.525746112708,10800.0,10800.0,1
2025-05-30,M2,12875.826555793294,0.0,275.1823708099028,13151.0089266032,13151.0089266032,0.0,178.61103891724153,0.0,0.0,13151.0089266032,30187.783592393163,30366.394631310406,1622.788436785374,18167.7473766693,20945.397637837203,16965.772086648136,10800.0,10800.0,0
2025-05-31,M2,12618.53416460781,0.0,145.05319486530658,12763.587359473117,12763.587359473117,0.0,122.93235742434726,0.0,0.0,12763.587359473117,30673.10852341904,30796.040880843386,2385.7557662154477,16013.898824932414,21090.551261555403,17083.34652185988,10800.0,10800.0,0
2025-06-01,M2,44658.8557613916,0.0,9712.474409278862,54371.330170670466,54371.330170670466,0.0,7389.832533126123,1118.4190065641333,7220.874985413283,61592.20515608375,66485.3577452067,73875.19027833283,359.3107013251678,0.0,21067.208674528432,17657.73639095664,10800.0,10140.780706012645,14
2025-06-02,M2,47929.02795351485,0.0,5621.307655878807,53550.33560939367,53550.33560939367,0.0,3084.07641211828,657.5823433735156,4203.436392872285,57753.77200226595,72959.95290499776,76044.02931711603,3672.201038043766,99.32638333333352,22088.640263625944,17799.3634745135,10140.780706012645,10243.486416038779,7
2025-06-03,M2,53593.45059395913,0.0,1453.759071333222,55047.209665292336,55047.209665292336,0.0,1231.8261556559858,46.46851608275915,320.70266798434716,55367.91233327668,79743.8832307716,80975.70938642757,6932.482242790812,1661.2869499999995,20251.433502602995,16015.391626216799,10243.486416038779,10674.896983696146,2
2025-06-04,M2,57229.38554102592,0.0,491.0875896554737,57720.473130681385,57720.473130681385,0.0,315.32682056559065,61.68668810365364,430.64596913416426,58151.11909981555,83916.34661503464,84231.67343560023,10451.389599020917,431.2208333333331,19225.769263207887,15460.280388524925,10674.896983696146,10800.0,3
2025-06-05,M2,56063.27267227935,0.0,561.7713931182253,56625.044065397604,56625.044065397604,0.0,428.0495571823162,81.81061544764907,565.0709506826903,57190.11501608029,81396.45309202326,81824.50264920559,6011.825233823163,712.9432999999999,21222.24586401796,17190.01914985455,10800.0,10800.0,4
2025-06-06,M2,18201.800738955673,0.0,2291.4206408964537,20493.22137985213,20493.22137985213,0.0,1285.664609012555,468.76208326051125,2797.1697397107328,23290.39111956286,36653.955408920265,37939.62001793282,70.57790483969848,3770.5070500266775,20806.33878683573,17094.037040508767,10800.0,10532.330418697962,3
2025-06-07,M2,20204.302394517912,0.0,237.28489485006585,20441.587289367977,20441.587289367977,0.0,139.521899717802,236.55805022979297,1513.4984053702156,21955.08569473819,41040.67499972459,41180.196899442395,1436.7441501024105,4773.6176188316385,20474.608889448344,16394.728875376877,10532.330418697962,10743.113002116055,1
2025-06-08,M2,63980.42074773882,0.0,0.0,63980.42074773882,63980.42074773882,0.0,0.0,0.0,0.0,63980.42074773882,92155.45565483907,92155.45565483907,22224.912477283702,2269.4248358024624,12763.140931529924,10286.94585644369,10743.113002116055,10800.0,0
2025-06-09,M2,61201.507126983466,0.0,0.0,61201.507126983466,61201.507126983466,0.0,0.0,0.0,0.0,61201.507126983466,87689.92882570007,87689.92882570007,12231.08758091174,1118.5354472858953,17934.700337732174,14527.107273563066,10800.0,10800.0,0
2025-06-10,M2,58029.445550128985,0.0,0.0,58029.445550128985,58029.445550128985,0.0,0.0,0.0,0.0,58029.445550128985,84187.23065419681,84187.23065419681,8381.944231111742,337.92801666666617,20257.443016237237,16408.528843152155,10800.0,10800.0,0
2025-06-11,M2,58665.75713899044,0.0,242.4588863468,58908.216025337235,58908.216025337235,0.0,216.06830655579802,0.0,0.0,58908.216025337235,84948.53504739236,85164.60335394816,4571.774950130589,0.0,23728.326774478424,19219.944687327523,10800.0,10800.0,0
2025-06-12,M2,59419.73033382743,0.0,0.0,59419.73033382743,59419.73033382743,0.0,0.0,0.0,0.0,59419.73033382743,85553.89165951034,85553.89165951034,8935.4538318659,358.2286666666665,20041.14593497073,16233.328207326285,10800.0,10800.0,0
2025-06-13,M2,19446.430450713488,0.0,0.0,19446.430450713488,19446.430450713488,0.0,0.0,0.0,0.0,19446.430450713488,38849.41000551708,38849.41000551708,1579.7271874016706,5018.203995744814,20558.76380195049,16652.598679579896,10800.0,10800.0,0
2025-06-14,M2,20262.270399704194,0.0,0.0,20262.270399704194,20262.270399704194,0.0,0.0,0.0,0.0,20262.270399704194,39096.91073409034,39096.91073409034,1039.58861296767,8097.201816235292,19825.145025723057,16058.367470835674,10800.0,10800.0,0
2025-06-15,M2,57459.88643733603,0.0,0.0,57459.88643733603,57459.88643733603,0.0,0.0,0.0,0.0,57459.88643733603,83043.7052820057,83043.7052820057,8717.737209728974,22.459833333333336,19350.17845057926,15673.644544969204,10800.0,10800.0,0
2025-06-16,M2,57872.409563350964,0.0,29.567855590971355,57901.97741894193,57901.97741894193,0.0,14.468531710433126,0.0,0.0,57901.97741894193,83379.50729529223,83393.97582700268,6730.357645842048,0.0,20892.449286810348,16922.883922316385,10800.0,10800.0,0
2025-06-17,M2,56074.31230341973,0.0,2608.5869964396693,58682.89929985942,58682.89929985942,0.0,2005.3888979126589,4.773095508722122,34.62642136802464,58717.525721227445,81475.78656660616,83481.1754645188,4639.784266422628,0.0,22153.437247043374,17944.284170105133,10800.0,10800.0,1
2025-06-18,M2,58007.097690469076,0.0,1190.754930418662,59197.85262088775,59197.85262088775,0.0,1076.4297424228614,0.0,0.0,59197.85262088775,83685.51201863209,84761.94176105494,10176.960618830759,87.41241666666656,18785.146450302775,15215.968624745252,10800.0,10800.0,0
2025-06-19,M2,55092.36914799367,0.0,1452.8730501714213,56545.242198165084,56545.242198165084,0.0,1056.330450041552,65.57031056043934,451.06065680265044,56996.30285496773,81067.03060009584,82123.36105013739,8701.161509183728,1406.9671308651295,20112.097477099866,16290.798956450892,10800.0,10800.0,2
2025-06-20,M2,19544.59887692716,0.0,113.06194024564373,19657.660817172797,19657.660817172797,0.0,90.0286629715921,0.0,0.0,19657.660817172797,38051.12243505953,38141.151098031114,3151.3006737860533,8816.600810450873,19856.15138839052,16083.482624596323,10800.0,10800.0,0
2025-06-21,M2,19115.32100892982,0.0,226.3525646161704,19341.673573545995,19341.673573545995,0.0,179.89917995970558,0.0,0.0,19341.673573545995,38209.2939224161,38389.19310237581,4108.589843664237,10978.023208088787,20883.366582225182,16915.526931602395,10800.0,10800.0,0
2025-06-22,M2,51929.64170858354,0.0,2150.199343609662,54079.84105219323,54079.84105219323,0.0,1649.7560459679223,0.0,0.0,54079.84105219323,76425.45236112508,78075.208407093,6140.144133716062,527.3828666666664,20791.26477215931,16840.92446544904,10800.0,10800.0,0
2025-06-23,M2,51635.2335539194,0.0,337.96999325659226,51973.20354717599,51973.20354717599,0.0,227.998862453951,0.0,0.0,51973.20354717599,76367.05001380926,76595.04887626322,4906.737367267131,526.998765684087,21579.088122694804,17479.061379382798,10800.0,10800.0,0
2025-06-24,M2,54793.206056580275,0.0,3675.8638043377778,58469.06986091805,58469.06986091805,0.0,2915.1116281503064,1259.6102989700805,6841.881518428234,65310.95137934628,78601.74564956626,81516.85727771657,1967.8247293859527,0.0,23893.95051210891,19354.099914808212,10800.0,10800.0,6
2025-06-25,M2,53900.96424264933,0.0,1623.4432075808859,55524.407450230196,55524.407450230196,0.0,1311.6018866049574,0.357906274627112,2.4996174219957505,55526.90706765219,79395.42831414432,80707.03020074927,6250.12712822883,174.04331666666644,20241.03313400918,16395.23683854744,10800.0,10800.0,1
2025-06-26,M2,52161.39675774113,0.0,1139.9122891915458,53301.30904693263,53301.30904693263,0.0,1191.9976459641834,37.540316024025174,263.68363077585235,53564.99267770848,77820.48999265642,79012.48763862062,7132.670439507814,447.91728415637954,20642.40209287961,16720.345695232485,10800.0,10800.0,2
2025-06-27,M2,17850.49142660542,0.0,138.66999253960006,17989.16141914502,17989.16141914502,0.0,111.82345987892785,0.0,0.0,17989.16141914502,36363.66397392795,36475.48743380688,2573.8379273623927,10160.915684703,20889.936605656956,16920.848650582135,10800.0,10800.0,0
2025-06-28,M2,18107.302844176153,0.0,219.6884020888658,18326.99124626501,18326.99124626501,0.0,181.28114414320015,0.0,0.0,18326.99124626501,36591.661590267584,36772.9427344108,2280.067071660631,8801.039330027405,20604.79061082154,16689.880394765445,10800.0,10800.0,0
2025-06-29,M2,50923.84601526834,0.0,2505.6240102511297,53429.47002551945,53429.47002551945,0.0,2085.5179461937923,0.0,0.0,53429.47002551945,75230.58494281453,77316.10288900833,4059.8438634041204,23.73727019110879,20867.122221472422,16902.368999392667,10800.0,10800.0,0
2025-06-30,M2,52867.390900504375,0.0,374.99003004828114,53242.38093055265,53242.38093055265,0.0,251.18529567895558,15.145722337701272,105.19461449650419,53347.575545049156,78409.17508501283,78660.3603806918,4771.492161097225,0.0,21191.210308415502,17164.88034981656,10800.0,10800.0,1
2025-07-01,M2,56447.91326322477,0.0,15926.30290495899,72374.21616818372,72374.21616818372,0.0,11795.949735411805,160.94870732724482,1187.3470111989059,73561.56317938262,76972.45275111466,88768.40248652647,5232.47042809846,768.1770499999998,22489.937304245912,18427.777621823992,10800.0,10565.635105128007,7
2025-07-02,M2,57696.76135003652,0.0,10950.02991034276,68646.79126037928,68646.79126037928,0.0,8526.12819558452,114.46607603983671,978.6720096351138,69625.4632700144,78138.93895722232,86665.06715280683,8075.882833299185,1956.406183333334,19113.41810611947,15270.94026057197,10565.635105128007,10800.0,3
2025-07-03,M2,65016.50764068908,0.0,5858.282950882464,70874.79059157152,70874.79059157152,0.0,4403.5385381360375,0.0,0.0,70874.79059157152,85937.39261652452,90340.93115466056,5635.283536585863,1023.6948833333333,20639.651586358057,16718.117784950024,10800.0,10800.0,0
2025-07-04,M2,24983.390964878974,0.0,2205.910421090396,27189.301385969375,27189.301385969375,0.0,1899.2757653274966,0.0,0.0,27189.301385969375,43037.78893928975,44937.06470461725,1762.9698664736115,10140.5632593412,21856.126905977755,17703.46279384198,10800.0,10800.0,0
2025-07-05,M2,25469.012059550867,0.0,595.6501490772415,26064.662208628117,26064.662208628117,0.0,429.81332164438146,0.0,0.0,26064.662208628117,44923.65204469299,45353.465366337376,1353.6645987044399,10971.939858665519,22304.110222635547,18066.329280334798,10800.0,10800.0,0
2025-07-06,M2,67961.55586872583,0.0,2690.4386586622063,70651.99452738804,70651.99452738804,0.0,2136.0539917992082,0.0,0.0,70651.99452738804,89152.40078934908,91288.45478114828,7063.495308619589,427.353308386997,21071.708495482617,17068.083881340917,10800.0,10800.0,0
2025-07-07,M2,70051.6350510013,0.0,105.50965185328562,70157.14470285458,70157.14470285458,0.0,62.17197409849018,0.0,0.0,70157.14470285458,92997.65133014775,93059.82330424624,14596.969921468275,1889.450139309257,16652.213035800225,13488.29255899818,10800.0,10800.0,0
2025-07-08,M2,75874.41226559313,0.0,0.0,75874.41226559313,75874.41226559313,0.0,0.0,0.0,0.0,75874.41226559313,100119.84588297212,100119.84588297212,18505.809023877355,2603.5373333333337,18100.592153130376,14661.4796440356,10800.0,10800.0,0
2025-07-09,M2,71652.5709440666,0.0,0.0,71652.5709440666,71652.5709440666,0.0,0.0,0.0,0.0,71652.5709440666,95157.86209092918,95157.86209092918,16092.962889118797,1654.8355,17638.624658651126,14287.285973507414,10800.0,10800.0,0
2025-07-10,M2,66742.57744060815,0.0,0.0,66742.57744060815,66742.57744060815,0.0,0.0,0.0,0.0,66742.57744060815,88753.65457036837,88753.65457036837,10663.076980670212,1554.5866666666664,19380.88178788504,15698.514248186884,10800.0,10800.0,0
2025-07-11,M2,27978.71778861001,0.0,0.0,27978.71778861001,27978.71778861001,0.0,0.0,0.0,0.0,27978.71778861001,46959.37686006001,46959.37686006001,3248.44297085874,7207.922037738346,20969.656323489075,16985.421622026155,10800.0,10800.0,0
2025-07-12,M2,26517.5384428847,0.0,399.19123956621297,26916.729682450918,26916.729682450918,0.0,334.0973507508385,0.0,0.0,26916.729682450918,45680.41257508764,46014.50992583847,1800.7217829288493,9118.04114547525,21113.1771794792,17101.673515378152,10800.0,10800.0,0
2025-07-13,M2,61051.19285831577,0.0,538.0345641225716,61589.22742243831,61589.22742243831,0.0,310.3428818337162,16.40010396041498,134.38245185164035,61723.60987428995,84312.81193236228,84623.154814196,8067.030183647774,3565.5130327792094,19680.480535418064,15941.18923368863,10800.0,10800.0,1
2025-07-14,M2,58668.77851857447,0.0,1972.8574435088008,60641.635962083295,60641.635962083295,0.0,1101.79540979512,17.69101256848262,152.13750359031206,60793.77346567361,79836.50748710259,80938.30289689772,4444.022335031628,895.0461947409046,20048.664015931623,16239.417852904617,10800.0,10800.0,2
2025-07-15,M2,64671.17940541792,0.0,0.0,64671.17940541792,64671.17940541792,0.0,0.0,0.0,0.0,64671.17940541792,87580.51541500638,87580.51541500638,10772.589035768095,328.9828333333337,19631.015592482174,15901.122629910556,10800.0,10800.0,0
2025-07-16,M2,63548.2249476783,0.0,0.0,63548.2249476783,63548.2249476783,0.0,0.0,0.0,0.0,63548.2249476783,84447.5269460566,84447.5269460566,7331.898951021052,1218.3980999999999,19803.50795632744,16040.841444625225,10800.0,10800.0,0
2025-07-17,M2,60943.38779861683,0.0,580.812352936014,61524.200151552854,61524.200151552854,0.0,457.6043652509478,4.394145573187984,37.005296944602605,61561.20544849746,82216.68067433115,82674.28503958209,4779.778800046986,901.0054469585227,22513.04669201638,18235.56782053327,10800.0,10800.0,1
2025-07-18,M2,26643.299132792643,0.0,0.0,26643.299132792643,26643.299132792643,0.0,0.0,0.0,0.0,26643.299132792643,46176.38313629523,46176.38313629523,2959.5006395557193,8076.276246433101,20349.253422665315,16482.895272358906,10800.0,10800.0,0
2025-07-19,M2,26500.482267619045,0.0,68.52978805294936,26569.012055671985,26569.012055671985,0.0,51.413137241605284,0.0,0.0,26569.012055671985,46418.884929115535,46470.29806635714,2464.028089485829,12643.180909552446,22001.421143783507,17821.15112646464,10800.0,10800.0,0
2025-07-20,M2,61862.098086381025,0.0,193.34340592694855,62055.441492308,62055.441492308,0.0,122.92017740555127,0.0,0.0,62055.441492308,84523.43891131016,84646.35908871572,7432.169285876531,1344.713816666667,19892.09352371505,16112.595754209191,10800.0,10800.0,0
2025-07-21,M2,63083.51389354299,0.0,252.70423742558415,63336.21813096858,63336.21813096858,0.0,116.67785092452641,0.07549370618653484,0.6536622550161119,63336.871793223596,84915.86387796112,85032.54172888566,6136.589492835898,813.4756333333335,21541.067086434792,17448.26434001218,10800.0,10800.0,1
2025-07-22,M2,61953.81974590716,0.0,4676.385602147265,66630.20534805444,66630.20534805444,0.0,4293.741749320874,0.0,0.0,66630.20534805444,83624.12628800837,87917.86803732923,9458.187569609136,723.8507,20740.448163439105,16799.763012385676,10800.0,10800.0,0
2025-07-23,M2,63595.26778487698,0.0,357.4244465604436,63952.69223143742,63952.69223143742,0.0,211.52617231006525,14.308789097386239,120.75393101098344,64073.4461624484,86434.72397648368,86646.25014879374,6711.955495565455,1777.8780166666672,20811.46478417032,16857.286475177956,10800.0,10800.0,3
2025-07-24,M2,63013.63848631624,0.0,1039.3355570530493,64052.974043369286,64052.974043369286,0.0,618.5195653373987,0.0,0.0,64052.974043369286,85354.0627808733,85972.5823462107,7867.442584709572,708.7913700176061,19894.086270965894,16114.20987948238,10800.0,10800.0,0
2025-07-25,M2,25806.868995563116,0.0,282.4365591046493,26089.30555466776,26089.30555466776,0.0,216.2723562191785,0.0,0.0,26089.30555466776,44892.65389776892,45108.9262539881,2892.0846196716166,11735.633524089702,20925.729176632183,16949.840633072068,10800.0,10800.0,0
2025-07-26,M2,25902.064056709038,0.0,207.3737489761546,26109.437805685186,26109.437805685186,0.0,167.6715295733295,0.0,0.0,26109.437805685186,44895.28141619405,45062.95294576738,2591.1411447164655,9926.087569397983,21455.961394664562,17379.328729678295,10800.0,10800.0,0
2025-07-27,M2,60667.65878606172,0.0,1363.0289779000423,62030.68776396176,62030.68776396176,0.0,970.0478896199634,0.0,0.0,62030.68776396176,82667.74845369508,83637.79634331504,4957.989859107853,541.0009197624231,23440.082970761992,18986.46720631721,10800.0,10800.0,0
2025-07-28,M2,63599.81606370048,0.0,789.911530034883,64389.72759373535,64389.72759373535,0.0,554.4077640064908,0.0,0.0,64389.72759373535,85361.73329438391,85916.1410583904,3828.402038286081,0.0,21751.90414089999,17619.042354128993,10800.0,10800.0,0
2025-07-29,M2,63910.96737607047,0.0,1657.2152254044613,65568.18260147492,65568.18260147492,0.0,1535.0944846930029,12.376623184697564,106.06766069285813,65674.25026216778,86396.21876075317,87931.31324544616,7116.479799994092,770.56035,20986.335624404088,16998.93185576731,10800.0,10800.0,1
2025-07-30,M2,62559.37089336935,0.0,2597.4379517740495,65156.80884514339,65156.80884514339,0.0,2360.378544283397,0.0,0.0,65156.80884514339,83612.43500874384,85972.81355302723,6076.078953874546,1880.9367999999997,20592.335521856185,16679.791772703502,10800.0,10800.0,0
2025-07-31,M2,61433.913830863276,0.0,843.2933506224402,62277.20718148571,62277.20718148571,0.0,707.0971951224388,0.7862515987562801,6.516060124692672,62283.7232416104,83854.54771085831,84561.64490598075,5097.0848171755515,566.4607333333333,22125.733370547165,17921.844030143202,10800.0,10800.0,1
2025-08-01,M2,25072.40479574685,0.0,914.9328393139664,25987.337635060805,25987.337635060805,0.0,679.4270586579881,0.0,0.0,25987.337635060805,44052.64544506995,44732.07250372793,3152.928261883023,16228.212188764046,21576.696770601076,17477.124384186875,10800.0,10800.0,0
2025-08-02,M2,24774.581616627784,0.0,0.0,24774.581616627784,24774.581616627784,0.0,0.0,0.0,0.0,24774.581616627784,43965.12850447039,43965.12850447039,2372.859374711022,16735.461070024965,20683.069086321397,16753.28595992033,10800.0,10800.0,0
2025-08-03,M2,54642.8820057364,0.0,293.30081434745205,54936.18282008388,54936.18282008388,0.0,199.17920864286384,114.60763531221221,956.7175400848873,55892.900360168765,75586.1971172701,75785.37632591296,5277.051054505767,4032.686355361724,19740.87667381241,15990.110105788059,10800.0,10800.0,5
2025-08-04,M2,54927.12766794688,0.0,517.7941234505546,55444.92179139743,55444.92179139743,0.0,481.6441288274634,0.0,0.0,55444.92179139743,74629.45664471599,75111.10077354344,3968.390901611876,2138.62885,18886.452308411826,15298.026369813582,10800.0,10800.0,0
2025-08-05,M2,54667.24919094389,0.0,242.94546790793575,54910.194658851826,54910.194658851826,0.0,455.84556284443426,0.0,0.0,54910.194658851826,74241.3213051114,74697.16686795582,4187.052435161792,1572.495209303143,19922.68152714505,16137.37203698749,10800.0,10800.0,0
2025-08-06,M2,56357.61315915577,0.0,87.32062519812622,56444.9337843539,56444.9337843539,0.0,37.00810561480239,0.0,0.0,56444.9337843539,76100.76941127604,76137.77751689084,2868.232170136699,1380.4687468148334,19866.722806698184,16092.045473425533,10800.0,10800.0,0
2025-08-07,M2,56333.767340070655,0.0,869.8510565296807,57203.61839660037,57203.61839660037,0.0,591.9493956045872,14.008810577880581,122.03074894391774,57325.64914554428,78246.57436117939,78838.52375678398,7238.38565000848,4499.747333940369,19612.707017963177,15886.292684550175,10800.0,10800.0,1
2025-08-08,M2,23742.991474684368,0.0,0.0,23742.991474684368,23742.991474684368,0.0,0.0,0.0,0.0,23742.991474684368,42680.09651999876,42680.09651999876,1608.2399659459506,21048.251801317834,22360.17633018411,18111.742827449132,10800.0,10800.0,0
2025-08-09,M2,23682.541137218992,0.0,20.31184011077625,23702.852977329767,23702.852977329767,0.0,22.15472930011947,0.0,0.0,23702.852977329767,42038.401262547,42060.55599184711,1086.4879176895681,17962.93871915769,21522.107131578192,17432.906776578333,10800.0,10800.0,0
2025-08-10,M2,54842.35136276153,0.0,93.93727333595183,54936.28863609748,54936.28863609748,0.0,56.69916875446478,9.840067277403136,85.04074818533546,55021.32938428281,73841.30826357711,73898.0074323316,3165.722312628812,1632.7605166666667,20024.976949018477,16220.231328704962,10800.0,10800.0,2
2025-08-11,M2,53692.71718643573,0.0,665.5241907465098,54358.24137718224,54358.24137718224,0.0,491.79179115055433,67.23076339353986,562.4273519246436,54920.66872910688,74204.4433779835,74696.23516913404,3408.5136069900946,2913.1836833333336,20423.76478353072,16543.249474659893,10800.0,10800.0,6
2025-08-12,M2,55242.541692828985,0.0,1146.6428367867643,56389.18452961576,56389.18452961576,0.0,812.5298786902558,35.757621341560025,287.82808149799894,56677.012611113765,76032.87004398982,76845.39992268008,3313.9763630169527,1805.2251556394258,21060.065133501426,17058.652758136155,10800.0,10800.0,4
2025-08-13,M2,54502.66868614649,0.0,1313.7878179260817,55816.45650407255,55816.45650407255,0.0,1276.2856509246571,44.5553232232528,370.8186337765054,56187.27513784906,75014.0447317553,76290.33038267995,4914.14513329847,1514.7427275887205,19921.149447452703,16136.131052436685,10800.0,10800.0,2
2025-08-14,M2,54354.13438988932,0.0,839.9246532396389,55194.05904312897,55194.05904312897,0.0,1043.7263199444758,64.57322132740455,551.2584071675925,55745.31745029656,74380.36019614778,75424.08651609225,3099.265298549847,2071.911928258105,23111.534354096715,18720.34282681834,10800.0,10800.0,3
2025-08-15,M2,24021.057503450542,0.0,334.7864435295464,24355.843946980087,24355.843946980087,0.0,238.8001130593927,0.0,0.0,24355.843946980087,42570.38246946974,42809.18258252913,1793.1543532633527,19778.140873215074,21464.002487986185,17385.842015268812,10800.0,10800.0,0
2025-08-16,M2,23831.748684034326,0.0,534.3836555547077,24366.13233958903,24366.13233958903,0.0,380.98877197556106,0.0,0.0,24366.13233958903,42481.27617046105,42862.26494243661,1922.7594615201072,19951.133051432123,21363.642435882724,17304.55037306501,10800.0,10800.0,0
2025-08-17,M2,54857.83937167487,0.0,20.597727886656962,54878.43709956153,54878.43709956153,0.0,15.167963766354774,44.56642551498453,372.50496582639585,55250.94206538793,75600.75792755504,75615.92589132139,5254.993580237792,3240.607374943598,21049.988131517395,17050.49038652909,10800.0,10800.0,3
2025-08-18,M2,54508.63174055917,0.0,504.6700610270884,55013.30180158626,55013.30180158626,0.0,422.4378991880086,108.13096225484605,915.3422325328027,55928.64403411906,74654.5729419761,75077.01084116413,4568.5283270214695,2044.6419833333339,21988.71513893421,17810.859262536713,10800.0,10800.0,5
2025-08-19,M2,55082.852910820846,0.0,324.75545917360074,55407.60836999446,55407.60836999446,0.0,237.14114428915798,72.48025203124826,619.3103638509515,56026.91873384541,75175.3131311955,75412.45427548465,4500.141550996891,2908.1554526251175,19784.09196786259,16025.114493968698,10800.0,10800.0,2
2025-08-20,M2,56653.66324342101,0.0,138.0658096875011,56791.72905310851,56791.72905310851,0.0,69.47140808207143,512.365732634114,2925.333128140125,59717.062181248635,77189.44429596524,77258.91570404731,2844.686169690601,0.0,22504.758949074505,18228.854748750353,10800.0,10800.0,8
2025-08-21,M2,56587.177524035425,0.0,729.2831672916293,57316.460691327055,57316.460691327055,0.0,476.1230129365922,0.0,0.0,57316.460691327055,78676.30959467815,79152.43260761476,7080.711804104229,2462.889933333333,19812.696772862408,16048.284386018555,10800.0,10800.0,0
2025-08-22,M2,23742.59685785251,0.0,667.4479745152031,24410.04483236772,24410.04483236772,0.0,496.3964795140605,0.0,0.0,24410.04483236772,42562.17472099359,43058.57120050765,988.4737922984957,16800.46467241051,21258.22808315079,17219.164747352144,10800.0,10800.0,0
2025-08-23,M2,23569.901380670184,0.0,390.304295390038,23960.205676060235,23960.205676060235,0.0,314.5873176099187,0.0,0.0,23960.205676060235,42955.1384563885,43269.72577399841,1544.4010315081894,15223.464305866944,20904.49624538569,16932.641958762408,10800.0,10800.0,0
2025-08-24,M2,55955.648943890235,0.0,616.0320274593,56571.68097134952,56571.68097134952,0.0,435.4081491960628,0.0,0.0,56571.68097134952,76480.42808294343,76915.8362321395,5242.571000853328,3871.053126337448,21413.80327165993,17345.180650044545,10800.0,10800.0,0
2025-08-25,M2,60338.988090474566,0.0,0.0,60338.988090474566,60338.988090474566,0.0,0.0,0.0,0.0,60338.988090474566,83798.89891908423,83798.89891908423,7696.476459349052,1260.8945330766219,21412.846894694234,17344.40598470233,10800.0,10800.0,0
2025-08-26,M2,56803.03787029919,0.0,0.0,56803.03787029919,56803.03787029919,0.0,0.0,0.0,0.0,56803.03787029919,78371.11337529804,78371.11337529804,6883.6867655634105,2133.3512833333343,20132.931279305034,16307.674336237083,10800.0,10800.0,0
2025-08-27,M2,57134.874759348844,0.0,2229.1071831775353,59363.981942526385,59363.981942526385,0.0,2713.1702538050968,0.0,0.0,59363.981942526385,78568.58735597107,81281.75760977618,6785.500673006594,2543.1032087517005,21257.9203229012,17218.915461549972,10800.0,10800.0,0
2025-08-28,M2,57032.70039330023,0.0,2143.089835320791,59175.79022862103,59175.79022862103,0.0,2122.8872561617122,59.02136769551748,491.04109458292305,59666.83132320395,78343.37209388637,80466.25935004809,5572.816533789495,146.0562530063405,21255.85761902335,17217.244671408924,10800.0,10800.0,3
2025-08-29,M2,25139.04804200265,0.0,0.0,25139.04804200265,25139.04804200265,0.0,0.0,0.0,0.0,25139.04804200265,44854.451309857526,44854.451309857526,2340.4593915029,15820.151871229358,21782.2089322383,17643.589235113024,10800.0,10800.0,0
2025-08-30,M2,24979.560939536834,0.0,289.7608679805,25269.32180751734,25269.32180751734,0.0,221.36047691409522,0.0,0.0,25269.32180751734,44193.17142299867,44414.53189991276,1692.4461012693405,20326.434421750524,20436.481808208246,16553.550264648686,10800.0,10800.0,0
2025-08-31,M2,55205.5061315859,0.0,124.15679571713562,55329.662927303034,55329.662927303034,0.0,173.5245502591234,18.38412088825453,153.78414551316055,55483.4470728162,76455.0429182539,76628.56746851302,4581.918144626919,1286.9903780902066,21744.31570184646,17612.895718495634,10800.0,10800.0,2
2025-09-01,M2,51282.058237156474,0.0,0.0,51282.058237156474,51282.058237156474,0.0,0.0,0.0,0.0,51282.058237156474,80082.78461425181,80082.78461425181,18267.225893235664,5125.141433333334,16401.488180786786,13285.205426437296,10800.0,10800.0,0
2025-09-02,M2,43750.703033009595,0.0,126.45280035618326,43877.155833365774,43877.155833365774,0.0,114.66842006473439,0.0,0.0,43877.155833365774,68152.52518896922,68267.19360903394,8948.307318676903,1390.091005349793,20373.891763196072,16502.85232818882,10800.0,10800.0,0
2025-09-03,M2,44461.04307082522,0.0,1014.3118028487295,45475.35487367396,45475.35487367396,0.0,761.4606087232279,0.0,0.0,45475.35487367396,67161.96751990837,67923.4281286316,6403.407435991443,2604.414416666666,17725.731715649974,14357.84268967648,10800.0,10800.0,0
2025-09-04,M2,42468.06210813254,0.0,988.2209454316251,43456.28305356417,43456.28305356417,0.0,720.7175910126059,0.0,0.0,43456.28305356417,65141.774420680085,65862.4920116927,5793.179153274891,2327.894818751295,20083.434156139552,16267.581666473041,10800.0,10800.0,0
2025-09-05,M2,18233.12477217313,0.0,0.0,18233.12477217313,18233.12477217313,0.0,0.0,0.0,0.0,18233.12477217313,38477.391621582145,38477.391621582145,4799.273368937987,23171.06413603316,19383.118157601722,15700.325707657401,10800.0,10800.0,0
2025-09-06,M2,17846.968839583908,0.0,141.89348416975105,17988.862323753656,17988.862323753656,0.0,115.14462825746625,0.0,0.0,17988.862323753656,37885.72360159189,38000.86822984936,4646.800550755618,21974.672849487695,19254.2691031897,15595.957973583658,10800.0,10800.0,0
2025-09-07,M2,38431.32062287865,0.0,4418.922109155939,42850.242732034596,42850.242732034596,0.0,4781.767691965822,497.971104669449,2607.7939429337134,45458.03667496831,59080.878000903205,63862.645692869024,4743.274144817483,684.2410502883074,20905.884135610657,16933.766149844632,10800.0,10800.0,5
2025-09-08,M2,35037.34431738606,0.0,10082.097816104815,45119.44213349088,45119.44213349088,0.0,8940.28199569703,191.71809813444182,940.53723427092,46059.9793677618,54802.78440125154,63743.06639694858,336.814046039162,137.40382933698584,21975.591673344057,17910.594586970517,10800.0,10677.371853820187,7
2025-09-09,M2,37476.70637881632,0.0,4641.343318706009,42118.04969752232,42118.04969752232,0.0,4846.748169358229,58.14758201885168,381.1674487579877,42499.21714628031,58037.35374175815,62884.10191111638,2033.1880236168554,3603.128320685463,21587.52267174337,17384.423789577122,10677.371853820187,10790.115825525745,3
2025-09-10,M2,40843.29887491795,0.0,3584.031446419397,44427.33032133735,44427.33032133735,0.0,3212.8127873568783,972.1448333333317,5191.381039699991,49618.71136103734,63778.47533143654,66991.28811879341,2462.47898343233,0.0,21979.260850882056,17794.305532187638,10790.115825525745,10800.0,8
2025-09-11,M2,42316.07056673987,0.0,910.812905194897,43226.883471934765,43226.883471934765,0.0,624.0722661000208,0.0,0.0,43226.883471934765,67143.26298729837,67767.3352533984,5764.198373697873,4680.02805,20142.226559827308,16315.203513460117,10800.0,10800.0,0
2025-09-12,M2,16980.234768454287,0.0,0.0,16980.234768454287,16980.234768454287,0.0,0.0,0.0,0.0,16980.234768454287,36935.163739421245,36935.163739421245,2685.225683167564,18850.238386238292,20252.860368502064,16404.81689848667,10800.0,10800.0,0
2025-09-13,M2,17572.64043856833,0.0,0.0,17572.64043856833,17572.64043856833,0.0,0.0,0.0,0.0,17572.64043856833,38104.890536040424,38104.890536040424,3428.2911193003933,23131.48565887882,18621.11723435724,15083.104959829363,10800.0,10800.0,0
2025-09-14,M2,44173.669448959685,0.0,504.6187757374582,44678.28822469716,44678.28822469716,0.0,321.0629025807301,0.0,0.0,44678.28822469716,68534.68704390182,68855.74994648257,3528.346892236567,1420.3838368817499,20040.49719665398,16232.802729289731,10800.0,10800.0,0
2025-09-15,M2,40604.77337747111,0.0,1522.4298615580117,42127.20323902913,42127.20323902913,0.0,1131.513158124158,119.76932891994011,801.3566487190512,42928.55988774818,63345.34203612707,64476.85519425123,2762.150473595495,2729.874040129787,21250.365137434514,17212.795761321955,10800.0,10800.0,3
2025-09-16,M2,46068.579407125435,0.0,963.3221064479843,47031.90151357344,47031.90151357344,0.0,759.6651085923277,8.602949585712508,57.928606657909455,47089.830120231345,70682.37839846475,71442.04350705707,4984.851272526707,3336.629727957915,19144.18669907806,15506.791226253228,10800.0,10800.0,2
2025-09-17,M2,45418.771327930845,0.0,340.4994451251697,45759.27077305601,45759.27077305601,0.0,318.0981875185497,0.0,0.0,45759.27077305601,70225.32584661976,70543.4240341383,4357.550589722692,2238.0567000000005,20987.88602324007,17000.187678824448,10800.0,10800.0,0
2025-09-18,M2,43544.32930528396,0.0,3500.2909932807183,47044.62029856466,47044.62029856466,0.0,4163.113649126814,0.0,0.0,47044.62029856466,67666.38710467212,71829.50075379893,6390.733487272013,2807.9366995831033,19340.944475142867,15666.16502486572,10800.0,10800.0,0
2025-09-19,M2,16320.181172389348,0.0,367.5088441275952,16687.690016516946,16687.690016516946,0.0,323.9506537551414,0.0,0.0,16687.690016516946,35795.73038723736,36119.6810409925,1755.9357642562827,14345.596321745517,20614.719149073862,16697.922510749828,10800.0,10800.0,0
2025-09-20,M2,15948.345360569914,0.0,218.81545868753904,16167.160819257451,16167.160819257451,0.0,176.7173015620636,0.0,0.0,16167.160819257451,35861.6050800379,36038.322381599966,1595.3659711975588,14775.502418109867,21168.527678732695,17146.507419773487,10800.0,10800.0,0
2025-09-21,M2,47265.35590690528,0.0,797.2390868877402,48062.59499379299,48062.59499379299,0.0,1007.1796875296859,0.0,0.0,48062.59499379299,72937.85557499781,73945.0352625275,8207.43886799903,3942.9169287929562,18458.905170537837,14951.71318813565,10800.0,10800.0,0
2025-09-22,M2,47783.533716724,0.0,199.46932803649196,47983.00304476051,47983.00304476051,0.0,133.38539259121217,19.555900000000065,128.01369518333377,48111.01673994384,72971.74763016883,73105.13302276004,5737.546067922026,3074.9459830051323,19464.08941315554,15765.91242465598,10800.0,10800.0,2
2025-09-23,M2,48597.48233615776,0.0,0.0,48597.48233615776,48597.48233615776,0.0,0.0,5.476607615458761,35.4637726139032,48632.94610877166,74182.0178889207,74182.0178889207,5817.671430647825,2552.603983333334,19476.8605222193,15776.257022997639,10800.0,10800.0,1
2025-09-24,M2,46377.25391626527,0.0,1075.2955057024562,47452.54942196777,47452.54942196777,0.0,1292.9080332714468,0.0,0.0,47452.54942196777,70755.02826130467,72047.93629457612,4407.929733557238,2566.8683499999997,21104.80584746782,17094.892736448935,10800.0,10800.0,0
2025-09-25,M2,47437.32828778263,0.0,1194.5816561255515,48631.90994390822,48631.90994390822,0.0,1489.6268704050951,31.88636666666673,217.3592900833338,48849.26923399155,72632.76455790646,74122.39142831156,6801.833876437271,3368.4021,19203.120623899784,15554.527705358834,10800.0,10800.0,2
2025-09-26,M2,16535.43434100881,0.0,0.0,16535.43434100881,16535.43434100881,0.0,0.0,0.0,0.0,16535.43434100881,37175.30619757034,37175.30619757034,2214.020595910363,13509.168543229574,19778.281886475786,16020.408328045383,10800.0,10800.0,0
2025-09-27,M2,16926.722759578763,0.0,360.1062416801725,17286.82900125893,17286.82900125893,0.0,323.81578458217257,0.0,0.0,17286.82900125893,36736.279842695556,37060.095627277726,1026.096066255838,14240.097933722862,21013.680933152784,17021.081555853754,10800.0,10800.0,0
2025-09-28,M2,48617.67726405856,0.0,3252.4794065650644,51870.156670623604,51870.156670623604,0.0,3452.1880430618917,5.868333333333339,40.07191416666671,51910.22858479027,73561.5102978526,77013.69834091447,8301.324365965758,1384.6651415244576,20241.831579425947,16395.883579335015,10800.0,10800.0,1
2025-09-29,M2,49646.10825343755,0.0,54.86890072171451,49700.97715415927,49700.97715415927,0.0,40.573873881932116,5.620383333333393,37.527299516667064,49738.50445367594,75334.02642300662,75374.60029688856,6504.067616045752,2280.5982208044907,20187.7012809034,16352.038037531755,10800.0,10800.0,1
2025-09-30,M2,49971.666108912366,0.0,556.6018947458842,50528.268003658246,50528.268003658246,0.0,511.3613200199242,0.0,0.0,50528.268003658246,75816.22482194698,76327.5861419669,5569.368406195256,1352.3313166666665,20966.9034338859,16983.19178144758,10800.0,10800.0,0
2025-10-01,M2,46276.64252705613,0.0,0.0,46276.64252705613,46276.64252705613,0.0,0.0,0.0,0.0,46276.64252705613,74953.78767288095,74953.78767288095,14572.986909851963,7425.685300000001,17334.70489313509,14041.110963439423,10800.0,10800.0,0
2025-10-02,M2,44134.93792357409,0.0,314.93963520412416,44449.877558778215,44449.877558778215,0.0,221.6205297725527,0.0,0.0,44449.877558778215,71127.40869999545,71349.029229768,10420.470188031642,5693.239083333334,18444.930745980906,14940.393904244538,10800.0,10800.0,0
2025-10-03,M2,14311.482096205997,0.0,253.86159213804666,14565.343688344046,14565.343688344046,0.0,236.86964388758048,0.0,0.0,14565.343688344046,34510.01327951056,34746.88292339814,4230.624984748201,19117.410577827868,18851.01926748459,15269.325606662518,10800.0,10800.0,0
2025-10-04,M2,15254.92242030937,0.0,340.54923173943445,15595.471652048804,15595.471652048804,0.0,295.41571613896036,0.0,0.0,15595.471652048804,35248.612061741216,35544.027777880176,3812.7432009176123,14991.248414881758,19179.230151302494,15535.176422555021,10800.0,10800.0,0
2025-10-05,M2,42653.55551391658,0.0,892.4358151597776,43545.99132907636,43545.99132907636,0.0,653.8184689574563,0.0,0.0,43545.99132907636,68530.76071750923,69184.57918646667,6847.859854567955,4096.930138628018,18441.2006663371,14937.372539733056,10800.0,10800.0,0
2025-10-06,M2,41065.82248375273,0.0,2094.1972491933902,43160.01973294614,43160.01973294614,0.0,2312.6114766152878,0.0,0.0,43160.01973294614,64204.801647151595,66517.41312376689,3409.603512379672,1642.093428244889,19645.299648117507,15912.692714975181,10800.0,10800.0,0
2025-10-07,M2,41483.47838631697,0.0,2148.105085806044,43631.58347212302,43631.58347212302,0.0,1873.627183849861,0.0,0.0,43631.58347212302,65987.16516827844,67860.79235212831,4201.007207074933,1978.5909817496854,20577.006122651037,16667.37495934734,10800.0,10800.0,0
2025-10-08,M2,38604.55268911362,0.0,1622.0551700069334,40226.60785912055,40226.60785912055,0.0,1240.628850101652,0.0,0.0,40226.60785912055,62524.49369016156,63765.12254026321,1761.6688873854384,1390.193899032195,21761.916248310103,17627.15216113119,10800.0,10800.0,0
2025-10-09,M2,40433.62545376697,0.0,648.1944004078472,41081.81985417481,41081.81985417481,0.0,464.01015979844635,0.0,0.0,41081.81985417481,66036.68395003339,66500.69410983183,2832.0954108910946,3964.280365346173,20759.666580322366,16815.329930061118,10800.0,10800.0,0
2025-10-10,M2,13491.674294228256,0.0,572.5745996397368,14064.248893867996,14064.248893867996,0.0,530.8436215998934,0.0,0.0,14064.248893867996,33388.39282647553,33919.236448075426,1489.81891497986,19146.809016497413,20731.56631542887,16792.568715497386,10800.0,10800.0,0
2025-10-11,M2,14365.451728454915,0.0,150.75280937002586,14516.204537824942,14516.204537824942,0.0,149.0123588112624,0.0,0.0,14516.204537824942,34622.788156396404,34771.800515207666,1957.4001766376566,14961.47352103897,19719.017022093256,15972.403787895546,10800.0,10800.0,0
2025-10-12,M2,42029.46054746686,0.0,85.7966883932789,42115.25723586016,42115.25723586016,0.0,99.24410498194368,1.0009420526530448,5.027231459449917,42120.28446731961,67733.49256114717,67832.73666612912,3554.9797478964465,1951.4100281803276,20065.220256692992,16252.828407921324,10800.0,10800.0,1
2025-10-13,M2,43721.629384998036,0.0,28.36347608595713,43749.99286108399,43749.99286108399,0.0,24.884699568546353,0.0,0.0,43749.99286108399,70311.49014355717,70336.37484312571,6563.56174230497,3001.5708724009764,19704.457517998824,15960.61058957905,10800.0,10800.0,0
2025-10-14,M2,44555.134634844806,0.0,0.0,44555.134634844806,44555.134634844806,0.0,0.0,0.0,0.0,44555.134634844806,71144.6787690896,71144.6787690896,4363.814251163454,1971.720838552415,21238.496821265275,17203.18242522487,10800.0,10800.0,0
2025-10-15,M2,44770.203029956574,0.0,0.0,44770.203029956574,44770.203029956574,0.0,0.0,0.0,0.0,44770.203029956574,71834.95457990553,71834.95457990553,4572.7291526477675,1370.5764166666665,20903.29137153214,16931.666010941037,10800.0,10800.0,0
2025-10-16,M2,45431.51283026475,0.0,793.4862760580802,46224.99910632283,46224.99910632283,0.0,592.4109770990606,0.0,0.0,46224.99910632283,71543.34259255043,72135.75356964949,3527.553285249964,1561.9768408324317,21472.37101877418,17392.620525207094,10800.0,10800.0,0
2025-10-17,M2,14837.89603747443,0.0,46.427924133056464,14884.323961607488,14884.323961607488,0.0,50.72565220986037,0.0,0.0,14884.323961607488,35383.219018830256,35433.94467104011,2115.162207778704,13622.029499200224,19434.49288102379,15741.939233629266,10800.0,10800.0,0
2025-10-18,M2,14720.879018008125,0.0,59.80035782349861,14780.679375831623,14780.679375831623,0.0,62.34202981099787,0.0,0.0,14780.679375831623,35356.14278880432,35418.48481861531,1762.8631912776111,13926.779078454158,19222.364643246736,15570.11536102986,10800.0,10800.0,0
2025-10-19,M2,46492.10683689981,0.0,120.39273626031851,46612.49957316013,46612.49957316013,0.0,139.70765924204306,0.0,0.0,46612.49957316013,72981.10682003702,73120.81447927907,3608.3199931437744,1433.0601673287747,22072.16729196416,17878.455506490973,10800.0,10800.0,0
2025-10-20,M2,47931.5894624934,0.0,0.0,47931.5894624934,47931.5894624934,0.0,0.0,0.0,0.0,47931.5894624934,75168.39281559546,75168.39281559546,5469.455903592658,1153.6964089293097,21602.41124424649,17497.953107839658,10800.0,10800.0,0
2025-10-21,M2,48397.248240275774,0.0,755.9035448117189,49153.1517850875,49153.1517850875,0.0,753.4533604683397,0.0,0.0,49153.1517850875,75130.28900798736,75883.7423684557,4667.446842608409,798.6254166666668,20816.256627266463,16861.16786808583,10800.0,10800.0,0
2025-10-22,M2,48108.863311327514,0.0,323.9609366927231,48432.824248020246,48432.824248020246,0.0,208.4800407682781,3.318124457944146,19.091958366929077,48451.91620638718,74897.16498672125,75105.64502748953,3981.063749656344,1458.3436944850073,21656.10004108489,17541.441033278767,10800.0,10800.0,2
2025-10-23,M2,50632.371903106105,0.0,0.0,50632.371903106105,50632.371903106105,0.0,0.0,0.0,0.0,50632.371903106105,79147.36196886218,79147.36196886218,9663.099532206685,2276.373067100506,20149.43334853509,16321.041012313426,10800.0,10800.0,0
2025-10-24,M2,14629.10005527064,0.0,213.33360818751373,14842.433663458152,14842.433663458152,0.0,215.68302405550384,0.0,0.0,14842.433663458152,35618.24930670406,35833.93233075957,1422.4003516176895,12185.965882148748,20029.028317507702,16223.51293718124,10800.0,10800.0,0
2025-10-25,M2,14386.236564692821,0.0,222.5811423111073,14608.817707003927,14608.817707003927,0.0,223.61776692913656,0.0,0.0,14608.817707003927,35285.39169475098,35509.00946168012,1057.8290687219214,11149.16872136761,20545.152306617125,16641.573368359874,10800.0,10800.0,0
2025-10-26,M2,49536.36461543532,0.0,143.21345866351874,49679.57807409882,49679.57807409882,0.0,87.74396045222443,0.0,0.0,49679.57807409882,76648.36100324997,76736.1049637022,6725.252670153455,1630.4440499999992,20189.98014148459,16353.883914602515,10800.0,10800.0,0
2025-10-27,M2,47573.8896677222,0.0,1620.2878869814137,49194.177554703616,49194.177554703616,0.0,1783.4139981293774,0.0,0.0,49194.177554703616,74351.76290567924,76135.1769038086,6646.275665069336,1994.9516333333324,20744.04178283828,16802.67384409901,10800.0,10800.0,0
2025-10-28,M2,48955.19420830261,0.0,579.4391806565517,49534.63338895916,49534.63338895916,0.0,571.4895528444894,0.0,0.0,49534.63338895916,75116.61718324383,75688.10673608832,5185.635461221191,673.9239274672202,20295.398144210107,16439.27249681019,10800.0,10800.0,0
2025-10-29,M2,50906.96426324812,0.0,443.7094478871943,51350.67371113531,51350.67371113531,0.0,305.98395866361454,0.0,0.0,51350.67371113531,77636.23582723353,77942.21978589715,4012.6809465992706,392.5096666666668,22235.644066480047,18010.87169384884,10800.0,10800.0,0
2025-10-30,M2,50097.68873915231,0.0,155.14034797273433,50252.82908712505,50252.82908712505,0.0,122.28349843099943,0.0,0.0,50252.82908712505,76100.42134613814,76222.70484456915,5675.20420569825,1849.1888273074587,20581.548218754982,16671.054057191537,10800.0,10800.0,0
2025-10-31,M2,15520.09911367735,0.0,28.710850509678668,15548.809964187023,15548.809964187023,0.0,29.882361932598997,0.0,0.0,15548.809964187023,36949.42120901235,36979.30357094495,1819.8721761308052,7537.507279056204,19566.48446890145,15848.85241981018,10800.0,10800.0,0
2025-11-01,M2,15437.829168541835,0.0,89.2703719276319,15527.099540469459,15527.099540469459,0.0,93.45835629385004,0.0,0.0,15527.099540469459,37106.31285696134,37199.77121325519,2409.2768241971016,8564.900239198398,19376.609034349276,15695.053317822916,10800.0,10800.0,0
2025-11-02,M2,51584.27027449528,0.0,1999.8819394487116,53584.15221394397,53584.15221394397,0.0,1940.0837492345258,0.0,0.0,53584.15221394397,78412.93324917168,80353.01699840621,6878.645721611569,486.47326666666675,22060.6004041824,17869.086327387748,10800.0,10800.0,0
2025-11-03,M2,53646.31985130187,0.0,197.79939642312274,53844.119247725,53844.119247725,0.0,160.47987078262696,0.0,0.0,53844.119247725,80460.65355010447,80621.1334208871,6483.616248110092,914.2489088907012,19570.199897647224,15851.86191709425,10800.0,10800.0,0
2025-11-04,M2,51943.66676882392,0.0,822.0903122995288,52765.75708112345,52765.75708112345,0.0,679.5646743111143,19.65862721425833,121.32052437348574,52887.07760549693,78462.92640755407,79142.49108186517,6056.04181491138,1581.171092422841,20762.44614953622,16817.581381124335,10800.0,10800.0,2
2025-11-05,M2,54101.54320209002,0.0,117.90961193856961,54219.4528140286,54219.4528140286,0.0,83.16097585242818,0.0,0.0,54219.4528140286,80468.92319099944,80552.08416685187,6075.74585957067,944.1595171533012,20285.045912953843,16430.887189492612,10800.0,10800.0,0
2025-11-06,M2,52964.86480969733,0.0,2127.3596897421216,55092.22449943946,55092.22449943946,0.0,1694.2100913988565,0.0,0.0,55092.22449943946,78518.48258230231,80212.69267370117,4642.470317516263,91.35027553848886,21627.829108665406,17518.541578018987,10800.0,10800.0,0
2025-11-07,M2,16006.124549026323,0.0,28.67321925454706,16034.79776828087,16034.79776828087,0.0,31.204245662084986,0.0,0.0,16034.79776828087,38034.644568356955,38065.84881401904,2334.546206065367,8661.10796456497,19745.96242134407,15994.229561288703,10800.0,10800.0,0
2025-11-08,M2,16204.580790642118,0.0,0.0,16204.580790642118,16204.580790642118,0.0,0.0,0.0,0.0,16204.580790642118,38139.98272911489,38139.98272911489,2326.664869717962,8449.215803517183,18804.710294103923,15231.815338224176,10800.0,10800.0,0
2025-11-09,M2,54073.959536853734,0.0,0.0,54073.959536853734,54073.959536853734,0.0,0.0,0.0,0.0,54073.959536853734,80449.6025472089,80449.6025472089,4395.356986577308,716.5363493732573,21004.694883815748,17013.80285589076,10800.0,10800.0,0
2025-11-10,M2,55033.46372715925,0.0,2002.7282124805174,57036.191939639764,57036.191939639764,0.0,1740.474016357011,0.0,0.0,57036.191939639764,81137.54213838397,82878.01615474097,4566.416023514812,287.3526499999998,21925.28621697985,17759.48183575368,10800.0,10800.0,0
2025-11-11,M2,55523.85969697106,0.0,346.8800047370871,55870.73970170817,55870.73970170817,0.0,260.172740851505,0.0,0.0,55870.73970170817,81863.80160948374,82123.97435033525,6026.147356453939,639.3925166666663,20523.235844989358,16623.821034441382,10800.0,10800.0,0
2025-11-12,M2,54516.35628180628,0.0,1713.035093500709,56229.39137530698,56229.39137530698,0.0,1387.5527727251465,0.20806971408990194,1.0706227138495903,56230.46199802083,81305.89161924498,82693.44439197013,7239.073254623923,463.5332000000002,21237.148721370017,17202.09046430971,10800.0,10800.0,1
2025-11-13,M2,54842.926479738126,0.0,862.5294570741945,55705.45593681233,55705.45593681233,0.0,866.8270323742544,0.0,0.0,55705.45593681233,80277.19771804637,81144.02475042062,4512.291532099707,266.887333333333,20889.339833267994,16920.36526494708,10800.0,10800.0,0
2025-11-14,M2,15502.983706243402,0.0,201.51306416332747,15704.49677040673,15704.49677040673,0.0,197.65887699377328,0.0,0.0,15704.49677040673,37361.802065062206,37559.46094205599,1669.56129507167,4554.7469256954755,19666.828533099157,15930.131111810319,10800.0,10800.0,0
2025-11-15,M2,16244.185957462434,0.0,301.3005876114524,16545.48654507389,16545.48654507389,0.0,298.8173401219776,0.0,0.0,16545.48654507389,37587.22306646547,37886.040406587446,1671.3906404950549,4188.029469654623,20077.544104058412,16262.810724287308,10800.0,10800.0,0
2025-11-16,M2,56487.68359804423,0.0,1331.5830579996975,57819.266656043925,57819.266656043925,0.0,959.4161850571979,0.0,0.0,57819.266656043925,82576.45658737322,83535.87277243042,4679.819973012446,478.07368333333307,20754.919646059512,16811.484913308206,10800.0,10800.0,0
2025-11-17,M2,56339.43534792908,0.0,2105.7151039559026,58445.150451884976,58445.150451884976,0.0,2025.583224950593,0.0,0.0,58445.150451884976,82565.76002754782,84591.34325249841,7505.557835119121,409.03966220684106,20952.586430732208,16971.595008893088,10800.0,10800.0,0
2025-11-18,M2,56949.835013026546,0.0,156.20543380461226,57106.04044683115,57106.04044683115,0.0,107.6183909414865,0.0,0.0,57106.04044683115,82513.79822968748,82621.41662062897,3610.1682152370627,17.786168805868783,21594.265280277472,17491.354877024758,10800.0,10800.0,0
2025-11-19,M2,57431.03713792482,0.0,4455.971683384227,61887.00882130905,61887.00882130905,0.0,3494.8773169819865,0.0,0.0,61887.00882130905,82320.72937324423,85815.60669022621,6062.861523848796,418.5666666666664,20872.98368268821,16907.11678297745,10800.0,10800.0,0
2025-11-20,M2,56994.75713748456,0.0,881.3814183039311,57876.13855578849,57876.13855578849,0.0,707.7932148956163,0.0,0.0,57876.13855578849,83135.28272986313,83843.07594475875,5043.434253391775,94.43773333333331,20590.14697210687,16678.019047406568,10800.0,10800.0,0
2025-11-21,M2,16318.53288561423,0.0,1241.2989011320003,17559.83178674623,17559.83178674623,0.0,1798.1053277079266,0.0,0.0,17559.83178674623,38166.53758661618,39964.64291432411,2763.7151295148565,4633.951,19487.330095487312,15784.737377344727,10800.0,10800.0,0
2025-11-22,M2,17177.98906663399,0.0,197.0800745150191,17375.06914114901,17375.06914114901,0.0,185.9033191961152,0.0,0.0,17375.06914114901,39516.02912604912,39701.93244524524,1899.7564897075004,3906.5816293724733,19346.13075174702,15670.365908915082,10800.0,10800.0,0
2025-11-23,M2,58149.85617726236,0.0,1689.4828164923977,59839.33899375476,59839.33899375476,0.0,1117.4791540501571,0.0,0.0,59839.33899375476,84259.64912086024,85377.1282749104,5451.413533024208,725.7397833333332,20883.5719748396,16915.693299620078,10800.0,10800.0,0
2025-11-24,M2,57313.90309736336,0.0,33.49679107218155,57347.39988843554,57347.39988843554,0.0,25.618216088988902,18.83966666666663,99.52995899999979,57446.92984743554,83241.59306443988,83267.21128052886,4950.346304437711,310.70213333333345,20331.888470655234,16468.829661230746,10800.0,10800.0,1
2025-11-25,M2,59886.16581556754,0.0,5.423459703636907,59891.589275271166,59891.589275271166,0.0,2.775397445472322,0.0,0.0,59891.589275271166,86785.37627050086,86788.15166794634,6148.852074728731,300.49518333333356,21948.126016934846,17777.982073717227,10800.0,10800.0,0
2025-11-26,M2,59838.67090418704,0.0,520.6992760031521,60359.3701801902,60359.3701801902,0.0,434.38551858658366,22.597479810358777,121.73262373840272,60481.1028039286,85717.01215340765,86151.39767199423,5336.050508768811,60.651583333333065,21155.92724404796,17136.301067678854,10800.0,10800.0,1
2025-11-27,M2,59553.49355821851,0.0,1025.1017967008338,60578.595354919344,60578.595354919344,0.0,816.3837115395797,0.0,0.0,60578.595354919344,85188.59530441035,86004.97901594992,5902.390808404589,373.81698333333316,20778.30784672989,16830.429355851214,10800.0,10800.0,0
2025-11-28,M2,16320.966119786666,0.0,622.4363368586414,16943.402456645308,16943.402456645308,0.0,1159.6762907649615,0.0,0.0,16943.402456645308,38908.27721411779,40067.95350488275,2106.785612176939,3216.8699575331025,20121.365185119575,16298.305799946856,10800.0,10800.0,0
2025-11-29,M2,18005.90997241884,0.0,5.917942389397864,18011.82791480824,18011.82791480824,0.0,7.143391139354051,0.0,0.0,18011.82791480824,42495.89574600376,42503.03913714312,2209.939023078915,1877.9162796911908,18345.967023015874,14860.233288642856,10800.0,10800.0,0
2025-11-30,M2,62198.672598130084,0.0,1151.3429782184203,63350.015576348495,63350.015576348495,0.0,775.8051146243043,0.0,0.0,63350.015576348495,87917.37767021055,88693.18278483485,4406.117691449977,0.0,21274.931456411636,17232.694479693426,10800.0,10800.0,0
2025-12-01,M2,66603.84545506968,0.0,10131.056636037323,76734.902091107,76734.902091107,0.0,6387.292168141889,453.44340158560277,3006.059904450276,79740.96199555727,89295.64205679459,95682.93422493647,5510.912546475834,0.0,22771.2491932259,18444.71184651298,10800.0,10800.0,5
2025-12-02,M2,70149.08319443396,0.0,8332.970698596697,78482.05389303072,78482.05389303072,0.0,5259.04082274988,42.2638858760389,299.50332816733345,78781.55722119806,92564.95131391913,97823.992136669,4769.119766597469,0.0,23470.13845235567,19010.81214640809,10800.0,10800.0,2
2025-12-03,M2,72532.67457324387,0.0,4895.2755359787025,77427.9501092226,77427.9501092226,0.0,3406.4982463016277,0.0,0.0,77427.9501092226,95497.4714416439,98903.96968794553,7547.135966704323,0.0,22074.13239249758,17880.047237923038,10800.0,10800.0,0
2025-12-04,M2,74394.02866078449,0.0,1515.4436013316397,75909.47226211615,75909.47226211615,0.0,1009.1948114321498,0.0,0.0,75909.47226211615,97653.868590114,98663.06340154614,7849.457822127668,0.0,21275.772786413054,17233.375956994576,10800.0,10800.0,0
2025-12-05,M2,22198.92004284494,0.0,1497.461073704357,23696.38111654931,23696.38111654931,0.0,1558.5036662450864,0.0,0.0,23696.38111654931,49477.64277780568,51036.14644405077,4339.144408992131,1610.584127607357,19867.316969041894,16092.526744923944,10800.0,10800.0,0
2025-12-06,M2,23880.780048388744,0.0,1552.1511562573728,25432.93120464612,25432.93120464612,0.0,1401.1761501234796,0.0,0.0,25432.93120464612,51024.43182590253,52425.60797602601,3477.202710378477,1622.8758743383169,19267.88723496081,15606.988660318257,10800.0,10800.0,0
2025-12-07,M2,78354.11836104185,0.0,0.0,78354.11836104185,78354.11836104185,0.0,0.0,0.0,0.0,78354.11836104185,102049.4141762237,102049.4141762237,10401.28760097998,0.0,21028.659606545963,17033.214281302236,10800.0,10800.0,0
2025-12-08,M2,81295.46609710372,0.0,0.0,81295.46609710372,81295.46609710372,0.0,0.0,0.0,0.0,81295.46609710372,106349.012138073,106349.012138073,14461.579577391389,0.0,21264.32338955232,17224.101945537383,10800.0,10800.0,0
2025-12-09,M2,78452.40844702406,0.0,0.0,78452.40844702406,78452.40844702406,0.0,0.0,5.483319267895013,40.55188764571757,78492.96033466978,104219.17837159346,104219.17837159346,12652.58951982971,0.0,22019.041601920973,17835.423697555987,10800.0,10800.0,1
2025-12-10,M2,75392.39956882573,0.0,297.09937069167466,75689.49893951739,75689.49893951739,0.0,248.08431229522938,0.0,0.0,75689.49893951739,99461.34700676781,99709.43131906303,6999.201165967863,0.0,22750.587823307982,18427.97613687947,10800.0,10800.0,0
2025-12-11,M2,73876.48627872355,0.0,0.0,73876.48627872355,73876.48627872355,0.0,0.0,0.0,0.0,73876.48627872355,99705.09278313871,99705.09278313871,9541.636583650901,0.0,22116.849997304278,17914.648497816466,10800.0,10800.0,0
2025-12-12,M2,23947.81853428869,0.0,969.2468847402375,24917.06541902893,24917.06541902893,0.0,1251.9886984411792,0.0,0.0,24917.06541902893,51901.23313289618,53153.22183133736,4126.944306884199,1643.5620999999999,19306.852321683342,15638.550380563509,10800.0,10800.0,0
2025-12-13,M2,24309.133283893356,0.0,643.8724321445567,24953.005716037907,24953.005716037907,0.0,730.9436532115283,0.0,0.0,24953.005716037907,52366.896305691975,53097.8399589035,4436.2455922920335,1132.38245,19635.150175148054,15904.47164186992,10800.0,10800.0,0
2025-12-14,M2,72669.90163268088,0.0,1582.4336162051325,74252.33524888598,74252.33524888598,0.0,1095.8709100561755,0.0,0.0,74252.33524888598,95986.41817745022,97082.28908750639,3881.0219227350253,0.0,23276.554551428286,18854.009186656913,10800.0,10800.0,0
2025-12-15,M2,74483.31071631379,0.0,689.3215004939418,75172.63221680773,75172.63221680773,0.0,397.25007336446265,0.0,0.0,75172.63221680773,98430.33247425925,98827.58254762371,4926.949496740213,0.0,23321.44781166756,18890.37272745073,10800.0,10800.0,0
2025-12-16,M2,74875.2126107673,0.0,0.0,74875.2126107673,74875.2126107673,0.0,0.0,0.0,0.0,74875.2126107673,99051.95700633584,99051.95700633584,5271.599446486187,0.0,22959.295929033273,18597.029702516953,10800.0,10800.0,0
2025-12-17,M2,73654.99321970045,0.0,170.45834003512584,73825.45155973555,73825.45155973555,0.0,107.78915376860425,0.0,0.0,73825.45155973555,97870.15161666533,97977.94077043392,5498.353791572466,0.0,22567.052169446353,18279.312257251546,10800.0,10800.0,0
2025-12-18,M2,71418.90011947206,0.0,1187.657022262397,72606.55714173442,72606.55714173442,0.0,757.5350238203342,0.0,0.0,72606.55714173442,95788.26494601325,96545.79996983359,4657.984720717359,0.0,23797.622539208256,19276.074256758686,10800.0,10800.0,0
2025-12-19,M2,22989.628085147076,0.0,765.037246479408,23754.665331626467,23754.665331626467,0.0,1076.818302057121,0.0,0.0,23754.665331626467,50275.622699382744,51352.44100143987,2827.338254804209,1810.6569827160502,20031.865599576904,16225.811135657295,10800.0,10800.0,0
2025-12-20,M2,23414.18888929331,0.0,0.0,23414.18888929331,23414.18888929331,0.0,0.0,0.0,0.0,23414.18888929331,51545.23764353984,51545.23764353984,2954.6065964105637,1923.3811435629577,20057.35607140168,16246.458417835362,10800.0,10800.0,0
2025-12-21,M2,73266.96074145228,0.0,47.12408906583423,73314.0848305181,73314.0848305181,0.0,32.87668692376349,0.0,0.0,73314.0848305181,97437.89912559444,97470.7758125182,3986.592480661527,0.0,23402.112974684354,18955.711509494326,10800.0,10800.0,0
2025-12-22,M2,73512.3886496635,0.0,390.15967802364065,73902.54832768712,73902.54832768712,0.0,230.0771876073552,15.857070508880906,75.20148692687349,73977.749814614,96974.35423174023,97204.43141934759,3779.2899792380035,0.0,23703.00751202699,19199.43608474187,10800.0,10800.0,2
2025-12-23,M2,73438.49225886655,0.0,9.96590609331579,73448.45816495987,73448.45816495987,0.0,4.941153140341953,0.0,0.0,73448.45816495987,97542.42976421452,97547.37091735489,5921.000513438406,0.0,22990.936160963938,18622.658290380794,10800.0,10800.0,0
2025-12-24,M2,71635.53298464578,0.0,66.51010948836385,71702.04309413415,71702.04309413415,0.0,33.57932700085985,7.578286016059565,49.57335797405364,71751.6164521082,96048.9319177663,96082.51124476714,3738.176524803256,0.0,23670.282575333134,19172.928886019836,10800.0,10800.0,1
2025-12-25,M2,70740.78957560798,0.0,144.59539202756721,70885.38496763557,70885.38496763557,0.0,77.55386663314925,0.0,0.0,70885.38496763557,94703.217596776,94780.77146340915,2487.9327360209836,0.0,23581.001021341217,19100.610827286386,10800.0,10800.0,0
2025-12-26,M2,22647.040668170892,0.0,617.2750012109376,23264.31566938184,23264.31566938184,0.0,507.5108872541734,0.0,0.0,23264.31566938184,50001.851126599846,50509.362013854014,2272.38018770006,1303.9041,20660.291014845396,16734.83572202477,10800.0,10800.0,0
2025-12-27,M2,22666.97091251718,0.0,233.1337998529351,22900.104712370117,22900.104712370117,0.0,181.44456507660436,0.0,0.0,22900.104712370117,50819.40526851198,51000.84983358859,2352.8915523846326,1504.6289666666667,20023.79077826645,16219.270530395825,10800.0,10800.0,0
2025-12-28,M2,72214.28547332459,0.0,246.37602521532463,72460.66149853988,72460.66149853988,0.0,130.30932320639857,42.24576545813807,318.10512022067553,72778.76661876055,96994.51830884215,97124.82763204855,6107.478619276539,0.0,22370.210674895578,18119.870646665422,10800.0,10800.0,2
2025-12-29,M2,71852.18224339456,0.0,474.18359124335257,72326.36583463791,72326.36583463791,0.0,401.8342564124023,0.0,0.0,72326.36583463791,96558.26685460948,96960.10111102188,5107.294618783413,0.0,22784.422239851607,18455.382014279807,10800.0,10800.0,0
2025-12-30,M2,69988.3653470387,0.0,591.1101389303604,70579.47548596903,70579.47548596903,0.0,404.04076491542423,8.162163738416211,59.70622774651459,70639.18171371554,95310.6798966508,95714.72066156624,5021.4119399301035,0.0,23563.517291445016,19086.449006070463,10800.0,10800.0,1
2025-12-31,M2,70897.12991116446,0.0,344.6322960841785,71241.76220724864,71241.76220724864,0.0,239.7417222582202,15.660293374381057,75.2202205423842,71316.98242779102,95135.6977295149,95375.43945177311,2223.091406106624,0.0,24328.978873390755,19807.393467683203,10800.0,10687.866021959231,2
2025-02-01,M3,21416.469533549513,0.0,12930.425741429483,34346.895274979004,34346.895274979004,0.0,12993.91084872032,0.0,0.0,34346.895274979004,50603.787383345,63597.69823206532,17895.643586531063,8819.148117901233,13182.792601577343,10678.062007277647,10800.0,10800.0,0
2025-02-02,M3,66059.49259877403,0.0,24600.28753714058,90659.7801359146,90659.7801359146,0.0,16886.915910155127,0.0,0.0,90659.7801359146,94146.99850952052,111033.91441967567,28796.299759071655,437.1925500000002,18127.074529494832,14682.930368890815,10800.0,10800.0,0
2025-02-03,M3,87859.3214000039,0.0,20845.89006876556,108705.2114687695,108705.2114687695,0.0,13280.848209642128,0.0,0.0,108705.2114687695,115849.78364946268,129130.63185910482,46643.11776430854,80.66648333333342,11525.953218226105,9336.02210676315,10800.0,10800.0,0
2025-02-04,M3,87697.73927646854,0.0,21574.996738540587,109272.73601500908,109272.73601500908,0.0,13712.20137815675,0.0,0.0,109272.73601500908,115696.58939902698,129408.79077718372,45332.64773455568,319.04835000000026,13485.424961200246,10923.194218572202,10800.0,10800.0,0
2025-02-05,M3,83564.31924245332,0.0,26009.030574725955,109573.3498171792,109573.3498171792,0.0,16788.93285359464,0.0,0.0,109573.3498171792,111112.68595523987,127901.6188088345,44611.1988649401,41.18235000000027,13162.161108216176,10661.350497655107,10800.0,10800.0,0
2025-02-06,M3,85505.78860040692,0.0,23354.639523359685,108860.42812376663,108860.42812376663,0.0,14999.609431858571,0.0,0.0,108860.42812376663,113388.44756066545,128388.05699252401,45562.576904575544,1.400816666666742,13436.958182184972,10883.936127569828,10800.0,10800.0,0
2025-02-07,M3,30323.169658279276,0.0,18026.457218227268,48349.62687650653,48349.62687650653,0.0,15527.373716513475,0.0,0.0,48349.62687650653,65474.578394587814,81001.95211110129,36784.61693540196,10832.261514819578,8312.59996954256,6733.205975329474,10800.0,10800.0,0
2025-02-08,M3,26818.355184804983,0.0,19675.768683762417,46494.12386856739,46494.12386856739,0.0,17528.187171906942,0.0,0.0,46494.12386856739,59472.190915419014,77000.37808732595,32706.563209554934,10863.910733333332,9751.270672479066,7898.529244708045,10800.0,10800.0,0
2025-02-09,M3,79429.16229995214,0.0,27031.429612434244,106460.59191238643,106460.59191238643,0.0,17857.70276171071,0.0,0.0,106460.59191238643,107069.70367871481,124927.4064404255,42813.40237263599,52.42941666666661,13190.308865558902,10684.150181102712,10800.0,10800.0,0
2025-02-10,M3,78460.60568606757,0.0,21418.591859954373,99879.19754602197,99879.19754602197,0.0,13918.60262470592,0.0,0.0,99879.19754602197,108656.54840809706,122575.151032803,44703.66428741962,1451.7277666666669,11016.42839675468,8923.30700137129,10800.0,10800.0,0
2025-02-11,M3,66121.2758478881,0.0,17180.474561072904,83301.75040896106,83301.75040896106,0.0,12342.899403696849,0.0,0.0,83301.75040896106,93888.20025612492,106231.09965982178,26865.514800712863,791.998266666667,17647.312942678484,14294.323483569568,10800.0,10800.0,0
2025-02-12,M3,66767.29442556149,0.0,15001.28712135229,81768.58154691377,81768.58154691377,0.0,10803.532299244252,0.0,0.0,81768.58154691377,94913.01872466964,105716.55102391387,25958.482032211443,1168.1045500000002,17490.67530720585,14167.446998836738,10800.0,10800.0,0
2025-02-13,M3,66264.21284448943,0.0,14856.490671830248,81120.70351631966,81120.70351631966,0.0,10762.81655250565,0.0,0.0,81120.70351631966,94919.63802560087,105682.45457810652,29749.869911171918,1784.2059833333337,14836.314036497944,12017.414369563336,10800.0,10800.0,0
2025-02-14,M3,21598.38217198516,0.0,9536.803050023294,31135.185222008444,31135.185222008444,0.0,9829.938854509342,0.0,0.0,31135.185222008444,50270.755688850215,60100.694543359554,17317.37393730518,10245.628057250002,14399.424905987951,11663.534173850241,10800.0,10800.0,0
2025-02-15,M3,21732.30110388532,0.0,8575.322601390908,30307.623705276223,30307.623705276223,0.0,8134.854726286978,0.0,0.0,30307.623705276223,50227.424933865645,58362.27966015262,15806.77562790961,10891.25772588542,12548.185296618933,10164.03009026134,10800.0,10800.0,0
2025-02-16,M3,67806.8838899711,0.0,15233.147295658444,83040.03118562954,83040.03118562954,0.0,10595.41275869799,0.0,0.0,83040.03118562954,95453.27850632189,106048.69126501988,27082.19986866816,571.048033333333,15884.548752728351,12866.484489709965,10800.0,10800.0,0
2025-02-17,M3,66358.96229337023,0.0,14818.449564692595,81177.4118580628,81177.4118580628,0.0,10674.58400701837,0.0,0.0,81177.4118580628,94964.27997154798,105638.86397856634,29731.17763517232,1686.880583333333,15983.908386284345,12946.965792890318,10800.0,10800.0,0
2025-02-18,M3,62292.993882277384,0.0,18733.133873944596,81026.12775622196,81026.12775622196,0.0,14025.169273690579,0.0,0.0,81026.12775622196,90304.77800292234,104329.94727661292,28189.403134529097,1075.3626166666659,15651.546010967542,12677.752268883716,10800.0,10800.0,0
2025-02-19,M3,55423.131448226464,0.0,24266.820879217343,79689.9523274438,79689.9523274438,0.0,17595.154201292014,0.0,0.0,79689.9523274438,83184.06273855039,100779.21693984242,23015.686858077417,1629.7482833333327,17128.707447885958,13874.25303278763,10800.0,10800.0,0
2025-02-20,M3,57885.30317010525,0.0,21672.9925264627,79558.29569656793,79558.29569656793,0.0,15726.787621223646,0.0,0.0,79558.29569656793,85775.65467135045,101502.4422925741,25710.8355105123,1614.8650999999993,16755.831309097193,13572.223360368733,10800.0,10800.0,0
2025-02-21,M3,17870.551987057042,0.0,10730.830373983878,28601.38236104092,28601.38236104092,0.0,12794.864026146548,0.0,0.0,28601.38236104092,42949.56611713404,55744.430143280595,14098.674636310072,13497.901535243924,13618.904938911877,11031.313000518616,10800.0,10800.0,0
2025-02-22,M3,18928.089630667306,0.0,9968.683833764291,28896.7734644316,28896.7734644316,0.0,11595.45422741816,0.0,0.0,28896.7734644316,45110.52354309791,56705.97777051607,15097.010508772764,11030.441581004594,14388.225249502008,11654.462452096624,10800.0,10800.0,0
2025-02-23,M3,57290.08244129218,0.0,23948.501310945758,81238.5837522379,81238.5837522379,0.0,17062.206222861143,0.0,0.0,81238.5837522379,85493.28852878875,102555.4947516499,26969.04396638127,1012.5197166666669,16010.933606677001,12968.856221408372,10800.0,10800.0,0
2025-02-24,M3,55094.22624861595,0.0,22839.9453799158,77934.17162853174,77934.17162853174,0.0,17378.545166677333,0.0,0.0,77934.17162853174,82907.0436306076,100285.58879728493,26096.315760433343,2769.309716666667,16931.20896588555,13714.279262367298,10800.0,10800.0,0
2025-02-25,M3,53199.12538575281,0.0,22855.897344270095,76055.0227300229,76055.0227300229,0.0,17707.67246348121,0.0,0.0,76055.0227300229,81664.5978179723,99372.27028145352,26628.797066603438,3862.1512666666663,16105.256393947799,13045.257679097716,10800.0,10800.0,0
2025-02-26,M3,51127.266627793884,0.0,24200.049633451672,75327.31626124555,75327.31626124555,0.0,18743.351312043964,0.0,0.0,75327.31626124555,78178.27550950255,96921.62682154651,22690.803778595677,2174.395566666666,17060.944436583344,13819.364993632511,10800.0,10800.0,0
2025-02-27,M3,50479.14701362113,0.0,21084.33557134927,71563.48258497039,71563.48258497039,0.0,15797.523771473818,0.0,0.0,71563.48258497039,78945.90626421584,94743.43003568967,21209.529885619937,3267.0881666666664,17422.25149159511,14112.02370819204,10800.0,10800.0,0
2025-02-28,M3,16880.264202282873,0.0,8175.097822945117,25055.362025227994,25055.362025227994,0.0,10256.046917549287,0.0,0.0,25055.362025227994,41857.870163640546,52113.91708118984,12380.160409555898,13661.978354805864,14627.288246463559,11848.103479635483,10800.0,10800.0,0
2025-03-01,M3,17986.572950778394,0.0,5297.275281646341,23283.848232424738,23283.848232424738,0.0,5331.692610946012,0.0,0.0,23283.848232424738,44461.84417035328,49793.53678129929,10681.529330487474,12649.053689663722,14758.883304288234,11954.69547647347,10800.0,10800.0,0
2025-03-02,M3,52870.171517457195,0.0,24836.180328176808,77706.35184563395,77706.35184563395,0.0,18679.290082943317,0.0,0.0,77706.35184563395,80318.79737833228,98998.0874612756,23282.402124164902,204.51718333333315,16594.0057216353,13441.144634524595,10800.0,10800.0,0
2025-03-03,M3,56707.74835734279,0.0,19561.507429029345,76269.25578637212,76269.25578637212,0.0,13900.68194322978,0.0,0.0,76269.25578637212,84955.2086268538,98855.89057008357,22438.255449196433,1098.2015666666662,17380.45747835339,14078.170557466245,10800.0,10800.0,0
2025-03-04,M3,54755.59936557779,0.0,22271.956255174053,77027.55562075184,77027.55562075184,0.0,16929.656864119475,0.0,0.0,77027.55562075184,82512.31946345943,99441.97632757887,25565.931638207207,1479.8917833333333,16824.710382657904,13628.015409952899,10800.0,10800.0,0
2025-03-05,M3,51741.221772065546,0.0,22347.63758597961,74088.85935804517,74088.85935804517,0.0,17045.9851709524,0.0,0.0,74088.85935804517,80518.99047046613,97564.97564141854,26402.530423786302,1994.4603333333332,15986.90982964337,12949.396962011126,10800.0,10800.0,0
2025-03-06,M3,48367.216533589664,0.0,23451.936412602696,71819.15294619235,71819.15294619235,0.0,18175.056443272115,0.0,0.0,71819.15294619235,75894.61303795349,94069.66948122562,22839.46195851267,2265.4421333333325,15916.37503182253,12892.263775776251,10800.0,10800.0,0
2025-03-07,M3,16296.709045558213,0.0,5377.101342849397,21673.81038840761,21673.81038840761,0.0,7008.707166805875,0.0,0.0,21673.81038840761,41795.77096761912,48804.478134425,11220.048505449082,13951.077495903963,14268.771577571693,11557.704977833071,10800.0,10800.0,0
2025-03-08,M3,15590.210663480082,0.0,6357.893527341567,21948.10419082166,21948.10419082166,0.0,8407.661166079171,0.0,0.0,21948.10419082166,39665.436154523064,48073.09732060223,10643.27459887824,15645.283221749409,14323.15780688376,11601.757823575848,10800.0,10800.0,0
2025-03-09,M3,47184.51650181825,0.0,20980.728490764614,68165.24499258288,68165.24499258288,0.0,16459.262592804775,0.0,0.0,68165.24499258288,75382.14176451438,91841.40435731916,21719.505543056424,3669.585083333333,16414.67726804949,13295.888587120084,10800.0,10800.0,0
2025-03-10,M3,47095.58347501844,0.0,27369.24772013131,74464.83119514976,74464.83119514976,0.0,21298.871106589988,0.0,0.0,74464.83119514976,73010.32786985117,94309.19897644117,22158.282924649113,793.3967999999992,17449.725272589734,14134.277470797684,10800.0,10800.0,0
2025-03-11,M3,46892.86800072907,0.0,25068.853746583194,71961.72174731229,71961.72174731229,0.0,19879.077915905422,0.0,0.0,71961.72174731229,74192.78546742475,94071.86338333017,24470.55239129765,2871.969583333333,14686.43478262737,11896.01217392817,10800.0,10800.0,0
2025-03-12,M3,48437.52207590397,0.0,18310.62789867791,66748.14997458189,66748.14997458189,0.0,14320.6936653989,0.0,0.0,66748.14997458189,76897.40632070247,91218.09998610137,22154.13109498891,3666.6315333333328,15588.435128662124,12626.632454216322,10800.0,10800.0,0
2025-03-13,M3,48162.228761509665,0.0,25149.228123634126,73311.45688514377,73311.45688514377,0.0,19850.381536120414,0.0,0.0,73311.45688514377,74874.52367711952,94724.90521323994,23297.691091094355,727.2411999999996,16601.86792357328,13447.51301809436,10800.0,10800.0,0
2025-03-14,M3,15918.914660823997,0.0,3853.714973720511,19772.629634544508,19772.629634544508,0.0,5579.646723993192,0.0,0.0,19772.629634544508,40366.874319389804,45946.521043383,10472.421805902522,16751.754789610666,14173.255076507774,11480.3366119713,10800.0,10800.0,0
2025-03-15,M3,16249.644234748375,0.0,7419.539861845693,23669.184096594057,23669.184096594057,0.0,10846.59303923552,0.0,0.0,23669.184096594057,39707.39955988791,50553.992599123434,13811.611029405612,13064.747383984259,14492.152819650333,11738.64378391677,10800.0,10800.0,0
2025-03-16,M3,47180.884885434614,0.0,25006.42000753455,72187.30489296916,72187.30489296916,0.0,19944.59909570062,1.6400000000001,8.081100000000493,72195.38599296915,74675.90668494948,94620.50578065011,25919.832348641547,2646.5368333333336,14235.419291273172,11530.689625931267,10800.0,10800.0,1
2025-03-17,M3,45999.504878710875,0.0,18502.031473049276,64501.53635176014,64501.53635176014,0.0,15374.047734922187,0.0,0.0,64501.53635176014,74264.07712888409,89638.12486380627,24025.117872923787,5114.210516666666,13898.237057276292,11257.572016393799,10800.0,10800.0,0
2025-03-18,M3,45499.45384626175,0.0,21571.072726985665,67070.52657324744,67070.52657324744,0.0,17500.014743084754,0.0,0.0,67070.52657324744,73129.56959821434,90629.5843412991,22829.732345795812,3620.416366666666,16070.932958789252,13017.455696619298,10800.0,10800.0,0
2025-03-19,M3,43132.91860195094,0.0,22336.823245282438,65469.74184723339,65469.74184723339,0.0,19610.773536828387,0.0,0.0,65469.74184723339,69529.97971729068,89140.75325411907,21987.187138496265,4600.373233333333,16251.17069626044,13163.448263970959,10800.0,10800.0,0
2025-03-20,M3,45775.136665400234,0.0,18957.012532984518,64732.14919838474,64732.14919838474,0.0,15499.395979851886,0.0,0.0,64732.14919838474,73259.3098177632,88758.70579761507,20650.297136853354,2909.5473833333326,15736.31295137747,12746.413490615749,10800.0,10800.0,0
2025-03-21,M3,14820.985930887415,0.0,3359.771789974649,18180.75772086206,18180.75772086206,0.0,3626.455972213251,0.0,0.0,18180.75772086206,38361.41798319594,41987.873955409195,7285.3205173458155,19749.67416442993,15365.340826140944,12445.926069174166,10800.0,10800.0,0
2025-03-22,M3,15199.480577016748,0.0,3721.712966825032,18921.19354384178,18921.19354384178,0.0,4531.247730048158,0.0,0.0,18921.19354384178,37579.926108572196,42111.17383862035,7457.514224106855,15928.822428355224,14966.512909604953,12122.875456780017,10800.0,10800.0,0
2025-03-23,M3,44907.82025282234,0.0,20984.72326522448,65892.54351804683,65892.54351804683,0.0,17430.15114556201,0.0,0.0,65892.54351804683,73214.45006952838,90644.6012150904,23978.0640344652,4970.122566666666,15403.655248904588,12476.960751612713,10800.0,10800.0,0
2025-03-24,M3,42909.67452958521,0.0,20720.76305871739,63630.43758830258,63630.43758830258,0.0,17278.056843157658,0.0,0.0,63630.43758830258,70097.99316800229,87376.05001115995,20828.95708976007,5483.957616666667,16129.67484947306,13065.036628073183,10800.0,10800.0,0
2025-03-25,M3,45451.8222290806,0.0,17399.232944905256,62851.055173985835,62851.055173985835,0.0,13912.872339535745,0.0,0.0,62851.055173985835,73273.41618054759,87186.28852008334,18889.022215219673,4410.7941833333325,15454.460025598302,12518.11262073463,10800.0,10800.0,0
2025-03-26,M3,40771.33435180824,0.0,21894.80361424869,62666.13796605694,62666.13796605694,0.0,20054.98153060709,0.0,0.0,62666.13796605694,67119.78884973268,87174.77038033977,22705.55784169634,5917.7654,15573.117220930433,12614.224948953655,10800.0,10800.0,0
2025-03-27,M3,41521.07457240749,0.0,21921.21534728297,63442.289919690425,63442.289919690425,0.0,19463.19706065005,0.0,0.0,63442.289919690425,68216.9286644164,87680.12572506645,21714.86305864491,4402.525933333334,14977.617542569542,12131.870209481329,10800.0,10800.0,0
2025-03-28,M3,14304.44625796276,0.0,2852.2762833856536,17156.722541348416,17156.722541348416,0.0,2861.254753481153,0.0,0.0,17156.722541348416,36555.50856717071,39416.763320651866,5383.086897275975,20378.586306322566,14911.628159929774,12078.418809543118,10800.0,10800.0,0
2025-03-29,M3,14348.812065001,0.0,3045.725076097816,17394.537141098815,17394.537141098815,0.0,2959.023696605069,0.0,0.0,17394.537141098815,36807.887773426155,39766.91147003123,4826.518832429539,24502.30356386062,14373.052054777538,11642.172164369804,10800.0,10800.0,0
2025-03-30,M3,39134.446448042574,0.0,19045.840089114492,58180.286537157066,58180.286537157066,0.0,17602.51066460105,0.0,0.0,58180.286537157066,65539.05313009377,83141.56379469484,18631.64612970983,6180.314516666666,15705.176043780833,12721.192595462475,10800.0,10800.0,0
2025-03-31,M3,39476.80576049633,0.0,22601.39921874296,62078.2049792393,62078.2049792393,0.0,20876.00447011156,0.0,0.0,62078.2049792393,65054.14228489915,85930.1467550107,21457.39230229292,4513.18236703671,15832.540012356581,12824.357410008837,10800.0,10800.0,0
2025-04-01,M3,44615.32025588539,0.0,21072.690092549197,65688.01034843456,65688.01034843456,0.0,17975.372326304398,0.0,0.0,65688.01034843456,71760.56806420395,89735.94039050835,24540.943581030526,2275.0845833333333,14268.740576199052,11557.679866721232,10800.0,10800.0,0
2025-04-02,M3,42100.338815231255,0.0,23493.611937454338,65593.95075268557,65593.95075268557,0.0,20150.779873121886,0.0,0.0,65593.95075268557,69490.17453989701,89640.9544130189,22748.704646218754,3397.571266666667,16101.805790176222,13042.462690042736,10800.0,10800.0,0
2025-04-03,M3,43749.44626739547,0.0,17955.387316265813,61704.8335836613,61704.8335836613,0.0,15297.770514074346,0.0,0.0,61704.8335836613,71728.10401134717,87025.87452542153,22289.941368086427,6034.122800979242,14938.316261522055,12100.036171832868,10800.0,10800.0,0
2025-04-04,M3,13386.746372962998,0.0,2672.350482828684,16059.096855791682,16059.096855791682,0.0,2726.8963693288806,0.0,0.0,16059.096855791682,35196.67772640822,37923.5740957371,4752.161574636349,23613.48449275577,16458.556728131498,13331.43094978651,10800.0,10800.0,0
2025-04-05,M3,13767.88427538464,0.0,2803.261302171478,16571.145577556123,16571.145577556123,0.0,2913.393037641489,0.0,0.0,16571.145577556123,34998.29027840936,37911.68331605085,4424.938595599969,18495.89399919156,15509.135462768354,12562.399724842366,10800.0,10800.0,0
2025-04-06,M3,41597.535866113,0.0,16842.528504325346,58440.06437043835,58440.06437043835,0.0,14785.783986460174,0.0,0.0,58440.06437043835,69032.92438477984,83818.70837124,20218.278127104983,6126.941316666665,16123.224530535259,13059.81186973356,10800.0,10800.0,0
2025-04-07,M3,39359.52575624367,0.0,19867.765766930774,59227.291523174456,59227.291523174456,0.0,18583.30557796495,0.0,0.0,59227.291523174456,65680.76110555661,84264.06668352155,22140.006190641798,5951.18758457949,15421.861184036512,12491.707559069582,10800.0,10800.0,0
2025-04-08,M3,39640.099120880295,0.0,17720.7530271923,57360.85214807259,57360.85214807259,0.0,16307.101911818034,0.0,0.0,57360.85214807259,66747.29997124807,83054.40188306611,18588.692396883012,7131.457410632774,15689.78136254559,12708.722903661932,10800.0,10800.0,0
2025-04-09,M3,40463.92297764329,0.0,21462.456804014055,61926.37978165735,61926.37978165735,0.0,19067.225942150995,0.0,0.0,61926.37978165735,66765.40978486984,85832.63572702082,20801.776841247192,3088.3089185153817,14780.205003113664,11971.966052522068,10800.0,10800.0,0
2025-04-10,M3,40705.45121269938,0.0,19969.156172634062,60674.60738533343,60674.60738533343,0.0,18300.865901999718,0.0,0.0,60674.60738533343,67977.45986959738,86278.3257715971,21815.758077502105,7082.157366666665,15367.223302254431,12447.450874826087,10800.0,10800.0,0
2025-04-11,M3,13254.391370379883,0.0,2752.1139036059267,16006.505273985811,16006.505273985811,0.0,2909.035340674842,0.0,0.0,16006.505273985811,34258.81396858212,37167.849309256955,4726.339430797198,24149.451812565032,15660.041574884553,12684.633675656489,10800.0,10800.0,0
2025-04-12,M3,13282.58444787322,0.0,2506.7710369673605,15789.355484840582,15789.355484840582,0.0,2558.0716648638263,0.0,0.0,15789.355484840582,33982.37476874795,36540.44643361178,4647.081648984248,19905.845535233566,15591.361575757728,12629.002876363766,10800.0,10800.0,0
2025-04-13,M3,38116.21659306097,0.0,19390.55496856697,57506.77156162797,57506.77156162797,0.0,18472.831788087762,0.0,0.0,57506.77156162797,63453.701309290685,81926.53309737844,19227.647392880594,5552.468583333333,15105.571778058951,12235.513140227751,10800.0,10800.0,0
2025-04-14,M3,39794.20245342226,0.0,15964.118402443166,55758.32085586545,55758.32085586545,0.0,14372.150675283203,0.0,0.0,55758.32085586545,67155.99752624531,81528.1482015285,19556.621474524527,6592.134049999999,15007.162510547294,12155.80163354331,10800.0,10800.0,0
2025-04-15,M3,38092.427577040966,0.0,17621.052500716407,55713.480077757406,55713.480077757406,0.0,17161.894917611142,0.0,0.0,55713.480077757406,64851.815024499185,82013.70994211032,21070.2726327448,8110.393824897116,14176.91921650037,11483.304565365299,10800.0,10800.0,0
2025-04-16,M3,39437.428630245005,0.0,20740.622716334732,60178.051346579705,60178.051346579705,0.0,18873.625561015462,0.0,0.0,60178.051346579705,65778.08050028473,84651.7060613002,21557.69017267213,4522.642416666667,14693.586957691652,11901.805435730246,10800.0,10800.0,0
2025-04-17,M3,38405.59487747905,0.0,18897.16118500704,57302.75606248608,57302.75606248608,0.0,17913.762189545967,0.0,0.0,57302.75606248608,65184.68221331394,83098.4444028599,21410.53001217841,5884.109916666666,15449.800652709675,12514.33852869484,10800.0,10800.0,0
2025-04-18,M3,12488.30075944953,0.0,2812.604139173659,15300.904898623196,15300.904898623196,0.0,3049.69381161272,0.0,0.0,15300.904898623196,33001.93758672099,36051.6313983337,5062.0032617192865,21504.265044921434,16480.24162294557,13348.995714585919,10800.0,10800.0,0
2025-04-19,M3,12381.394636208937,0.0,3155.890152886402,15537.284789095338,15537.284789095338,0.0,3427.953299504802,0.0,0.0,15537.284789095338,32317.042402813946,35744.995702318745,5140.637959535387,20654.829349966712,16657.100751666527,13492.251608849881,10800.0,10800.0,0
2025-04-20,M3,38341.01239328354,0.0,17772.484181215892,56113.49657449942,56113.49657449942,0.0,17163.030561113803,0.0,0.0,56113.49657449942,64559.26474553188,81722.29530664568,20808.792535846536,6069.834921038536,15189.068244354115,12303.145277926833,10800.0,10800.0,0
2025-04-21,M3,37914.84370126284,0.0,14848.689086659013,52763.532787921846,52763.532787921846,0.0,13773.529222906702,0.0,0.0,52763.532787921846,65773.34948393253,79546.87870683923,19146.471178632153,9000.041902202996,15176.080224582904,12292.624981912155,10800.0,10800.0,0
2025-04-22,M3,37953.44139441533,0.0,18217.30267875434,56170.744073169655,56170.744073169655,0.0,17669.269545116294,0.0,0.0,56170.744073169655,64052.199876642655,81721.46942175894,20844.854342000257,5826.009559779903,15250.927385853236,12353.25118254112,10800.0,10800.0,0
2025-04-23,M3,37878.84187414905,0.0,18095.370848628565,55974.212722777644,55974.212722777644,0.0,17505.31969927058,0.0,0.0,55974.212722777644,64107.43604166107,81612.75574093167,21734.52774002157,5615.7971938271585,15065.863633769764,12203.349543353508,10800.0,10800.0,0
2025-04-24,M3,37118.027848331556,0.0,14304.075568068678,51422.10341640022,51422.10341640022,0.0,14101.03630534221,0.0,0.0,51422.10341640022,63303.15087481632,77404.18718015851,18339.852462378607,9142.083804681592,14906.02217420171,12073.877961103384,10800.0,10800.0,0
2025-04-25,M3,11247.154643598342,0.0,2653.2775874612043,13900.432231059549,13900.432231059549,0.0,2998.925173930763,0.0,0.0,13900.432231059549,30404.846511087417,33403.77168501818,3727.9271657338904,24226.36446339859,18153.27582045106,14704.153414565364,10800.0,10800.0,0
2025-04-26,M3,11921.83888461846,0.0,2632.708246610397,14554.547131228857,14554.547131228857,0.0,2831.658922071947,0.0,0.0,14554.547131228857,30761.26990260261,33592.92882467456,3541.773077740434,26700.511838456507,17265.527763917304,13985.077488773022,10800.0,10800.0,0
2025-04-27,M3,35705.218713437134,0.0,14639.664455674703,50344.88316911185,50344.88316911185,0.0,15133.140160174253,0.0,0.0,50344.88316911185,61680.35912424729,76813.49928442154,16934.731358844754,8264.956933333333,16001.788467948036,12961.44865903791,10800.0,10800.0,0
2025-04-28,M3,38853.79621532323,0.0,19090.669719575657,57944.465934898944,57944.465934898944,0.0,18057.47599796922,0.0,0.0,57944.465934898944,64576.04354718447,82633.51954515369,19788.160121862922,3113.4850500000007,16367.931876969027,13258.02482034492,10800.0,10800.0,0
2025-04-29,M3,37581.01767338458,0.0,13571.09977827787,51152.117451662445,51152.117451662445,0.0,12887.836690409871,0.0,0.0,51152.117451662445,65463.84527466261,78351.68196507248,18789.824824457315,9405.38547078189,14332.93659561373,11609.678642447121,10800.0,10800.0,0
2025-04-30,M3,35466.98162767338,0.0,15689.267948208724,51156.24957588209,51156.24957588209,0.0,16295.00661964712,0.0,0.0,51156.24957588209,60753.83178413632,77048.83840378345,19535.08849316718,6390.457933333332,15086.513389208412,12220.075845258812,10800.0,10800.0,0
2025-05-01,M3,36912.398809869286,0.0,14252.116511451066,51164.515321320316,51164.515321320316,0.0,13522.775255265806,541.5494009385953,3442.2191997239324,54606.73452104425,61427.57265965707,74950.34791492287,13483.861408403196,8230.779816666667,16357.478224768402,13591.600933976795,10800.0,10419.951586761788,4
2025-05-02,M3,13133.179154712507,0.0,3945.1331610762936,17078.3123157888,17078.3123157888,0.0,4615.93714459038,0.0,0.0,17078.3123157888,31940.95451379628,36556.89165838666,3047.157199074716,15269.252639243914,18990.095604317412,15039.933867582717,10419.951586761788,10800.0,0
2025-05-03,M3,13623.029169843721,0.0,2623.9040279512724,16246.933197795002,16246.933197795002,0.0,3052.8502486638204,0.0,0.0,16246.933197795002,33021.069383433234,36073.91963209706,3069.6235974609694,20603.978150516516,18595.506495366157,15062.360261246591,10800.0,10800.0,0
2025-05-04,M3,42207.88648951686,0.0,15825.573531688926,58033.4600212058,58033.4600212058,0.0,14969.457899480018,5.9969500000000835,39.825744950000555,58073.2857661558,68852.49956280433,83821.95746228434,22249.44056406414,6956.002265491146,15199.180259977482,12311.336010581763,10800.0,10800.0,1
2025-05-05,M3,39994.41962732389,0.0,18288.361060883508,58282.7806882074,58282.7806882074,0.0,18186.644993743,0.0,0.0,58282.7806882074,65425.6694400423,83612.3144337853,20023.305579630058,5576.218066666667,15456.757828887232,12519.973841398656,10800.0,10800.0,0
2025-05-06,M3,39818.69082755243,0.0,17816.703933949208,57635.394761501644,57635.394761501644,0.0,17493.775888066746,0.0,0.0,57635.394761501644,65179.26232087417,82673.03820894091,19364.527061710098,7469.409283333333,15925.002594327723,12955.9830970969,10800.0,10736.965560342836,0
2025-05-07,M3,39572.40847690649,0.0,19335.091295462993,58907.4997723695,58907.4997723695,0.0,18700.741204427715,0.0,0.0,58907.4997723695,64800.61855034429,83501.35975477201,19040.22008857337,6404.217133333333,15433.39782723084,12444.32124436553,10736.965560342836,10800.0,0
2025-05-08,M3,44632.40734451214,0.0,15726.286330333856,60358.693674846014,60358.693674846014,0.0,14512.777640057597,0.0,0.0,60358.693674846014,71158.15793681933,85670.93557687692,22730.170606653744,4239.147684557452,15132.130977188068,12257.026091522337,10800.0,10800.0,0
2025-05-09,M3,14671.20690671636,0.0,3103.290325979295,17774.497232695652,17774.497232695652,0.0,3328.0253620389694,0.0,0.0,17774.497232695652,34789.24811018911,38117.27347222808,5284.891816073528,21075.863135736854,17142.80352851418,13885.670858096486,10800.0,10800.0,0
2025-05-10,M3,14914.13003435214,0.0,3193.9154069664714,18108.045441318605,18108.045441318605,0.0,4786.531448577019,0.0,0.0,18108.045441318605,34644.33114819157,39430.86259676859,6290.7255931669315,17804.23464252258,16920.300409188112,13705.443331442371,10800.0,10800.0,0
2025-05-11,M3,41652.61881924677,0.0,19169.75346581063,60822.37228505736,60822.37228505736,0.0,18046.366467579817,41.18071666666674,272.24827716666715,61094.62056222403,68128.80841261128,86175.1748801911,22909.069349335616,4917.5353,15293.009811520125,12387.337947331296,10800.0,10800.0,2
2025-05-12,M3,40076.665923017455,0.0,20777.029123936543,60853.695046954024,60853.695046954024,0.0,20329.214263104095,0.0,0.0,60853.695046954024,65168.02603820039,85497.24030130448,24726.323820583268,6276.981572583325,13488.10355160293,10925.363876798365,10800.0,10800.0,0
2025-05-13,M3,41037.17503885686,0.0,15318.65330543674,56355.8283442936,56355.8283442936,0.0,14122.009250434072,0.0,0.0,56355.8283442936,67797.7794209877,81919.78867142177,20620.86676304853,5202.782015864324,15615.405925485564,12648.478799643308,10800.0,10800.0,0
2025-05-14,M3,39784.34402916991,0.0,18902.13727350821,58686.48130267813,58686.48130267813,0.0,18895.793852369436,0.0,0.0,58686.48130267813,65731.53551976944,84627.32937213889,23284.298420974457,5539.867784362138,14679.023070889261,11890.008687420303,10800.0,10800.0,0
2025-05-15,M3,40985.67969233143,0.0,19086.902140711143,60072.58183304258,60072.58183304258,0.0,19014.161620752053,0.0,0.0,60072.58183304258,65655.30657839676,84669.46819914882,22498.215862563804,6558.680722018212,14986.912269649847,12139.398938416383,10800.0,10800.0,0
2025-05-16,M3,14086.540074418717,0.0,2741.49044406913,16828.03051848784,16828.03051848784,0.0,2902.250388262791,0.0,0.0,16828.03051848784,33585.69901662879,36487.94940489158,4928.448583879224,25453.108013496072,17846.76986412081,14455.883589937861,10800.0,10800.0,0
2025-05-17,M3,14414.680279404447,0.0,4021.32298632176,18436.003265726205,18436.003265726205,0.0,5154.135434390464,0.0,0.0,18436.003265726205,32972.95241250607,38127.08784689654,5749.387535142968,18490.490145789052,18096.900434900974,14658.48935226979,10800.0,10800.0,0
2025-05-18,M3,40948.09251240067,0.0,18067.37102389161,59015.463536292234,59015.463536292234,0.0,17410.554263369126,0.0,0.0,59015.463536292234,67094.04721874838,84504.60148211752,23732.409248024618,4290.085366666666,14768.098775927536,11962.160008501309,10800.0,10800.0,0
2025-05-19,M3,38883.62455734634,0.0,14421.458769930756,53305.0833272771,53305.0833272771,0.0,14659.734529466894,67.00333333333344,467.5827616666674,53772.66608894376,65640.92489169244,80300.65942115933,20332.505763309193,9665.71931895101,15022.21643280244,12167.995310569975,10800.0,10800.0,1
2025-05-20,M3,39465.69031621356,0.0,18860.26052643175,58325.95084264529,58325.95084264529,0.0,18355.09882584819,0.0,0.0,58325.95084264529,64529.838887682425,82884.93771353061,22009.44131512965,3569.57521187579,14623.82299925531,11845.296629396806,10800.0,10800.0,0
2025-05-21,M3,40682.15691158381,0.0,15909.940340942669,56592.0972525265,56592.0972525265,0.0,16301.391814604107,0.0,0.0,56592.0972525265,65888.90961980689,82190.301434411,20686.06862656445,7510.20315,13849.549339543257,11218.134965030042,10800.0,10800.0,0
2025-05-22,M3,39325.40551321712,0.0,15904.152057538333,55229.55757075546,55229.55757075546,0.0,16009.215396962409,0.0,0.0,55229.55757075546,64196.876799481026,80206.09219644344,20124.019983081504,6572.637048148151,14172.654466037498,11479.850117490381,10800.0,10800.0,0
2025-05-23,M3,13352.766792310813,0.0,3195.3007011452137,16548.067493456027,16548.067493456027,0.0,3606.109230419861,0.0,0.0,16548.067493456027,32207.395765751062,35813.504996170916,5117.566454518348,20665.107208477384,18999.38131495721,15389.498865115347,10800.0,10800.0,0
2025-05-24,M3,13956.769963536262,0.0,2970.806715024014,16927.57667856028,16927.57667856028,0.0,3353.55886270635,0.0,0.0,16927.57667856028,32582.16397684611,35935.72283955246,5184.207505997089,23440.26148746629,18719.749803977615,15162.997341221871,10800.0,10800.0,0
2025-05-25,M3,39390.325738030355,0.0,14191.881039234266,53582.20677726465,53582.20677726465,0.0,15055.071041542711,0.0,0.0,53582.20677726465,65309.55388664685,80364.62492818956,20640.328626156166,8401.638766726212,14619.196589336141,11841.549237362282,10800.0,10800.0,0
2025-05-26,M3,38201.666008195,0.0,17226.079098959035,55427.74510715405,55427.74510715405,0.0,16824.342874850412,0.0,0.0,55427.74510715405,62697.37100691548,79521.71388176589,17384.621968974232,4776.529966666666,14635.415769078923,11854.68677295393,10800.0,10800.0,0
2025-05-27,M3,39148.29438016499,0.0,16401.28878665408,55549.583166819044,55549.583166819044,0.0,16873.552366110536,0.0,0.0,55549.583166819044,65003.65948736798,81877.21185347851,22092.992315433345,7654.206045854703,14419.190485213003,11679.544293022533,10800.0,10800.0,0
2025-05-28,M3,39073.885722678635,0.0,17297.20853419689,56371.09425687555,56371.09425687555,0.0,16570.202049323736,0.0,0.0,56371.09425687555,64357.14800937037,80927.35005869411,19379.70361454276,6476.720666666666,14721.58777623517,11924.486098750487,10800.0,10800.0,0
2025-05-29,M3,38312.83558035627,0.0,20519.38946668539,58832.22504704166,58832.22504704166,0.0,19583.120786349755,17.817433333333497,119.80442173333444,58952.029468775,63439.39407868906,83022.5148650388,20423.446367975135,5640.1650666666665,15087.35454594918,12220.75718221884,10800.0,10800.0,1
2025-05-30,M3,13786.17116901811,0.0,3257.024588268708,17043.195757286823,17043.195757286823,0.0,3436.5261700540427,0.0,0.0,17043.195757286823,32324.135168705463,35760.661338759506,4421.320598236332,21219.57283189332,18544.919168227305,15021.384526264119,10800.0,10800.0,0
2025-05-31,M3,13497.749692376858,0.0,3526.934428734904,17024.684121111764,17024.684121111764,0.0,4023.957137798261,0.0,0.0,17024.684121111764,32812.564714511005,36836.52185230927,5580.800514541218,19345.274694195527,18532.974176697495,15011.709083124973,10800.0,10800.0,0
2025-06-01,M3,46126.00590695478,0.0,28410.324990165118,74536.33089711989,74536.33089711989,0.0,23649.38242494006,523.6558051959332,3301.0874232276637,77837.41832034755,68773.76379894881,92423.14622388888,18279.28702348224,549.8425666666666,17700.240060667293,14807.3939217314,10800.0,10277.55614156568,13
2025-06-02,M3,53715.996728075916,0.0,18366.44247997828,72082.43920805417,72082.43920805417,0.0,14615.834308217649,0.0,0.0,72082.43920805417,80096.37969168412,94712.21399990177,20313.972833079184,1988.1987333333332,17363.3447942019,13594.109810712649,10277.55614156568,10800.0,0
2025-06-03,M3,57756.981640969345,0.0,21095.465769901613,78852.44741087094,78852.44741087094,0.0,17421.349016485496,3.616511234908671,24.615783720405872,78877.06319459135,84701.89513757933,102123.24415406483,28007.99370150892,2841.290749999999,16237.944107670995,13152.734727213514,10800.0,10800.0,1
2025-06-04,M3,59280.20635941558,0.0,16216.73518143009,75496.94154084563,75496.94154084563,0.0,12749.944672226444,5.743296259757699,39.545466396561636,75536.48700724219,86388.25044119517,99138.1951134216,25517.0526826571,981.0900666666662,15792.288651004987,12791.75380731404,10800.0,10800.0,1
2025-06-05,M3,58633.856957698445,0.0,21499.63303325439,80133.48999095286,80133.48999095286,0.0,16964.196170605173,23.350588396452167,159.53418164205237,80293.02417259492,84617.80860372337,101582.00477432855,25978.22517288082,1383.6305333333335,16285.16652549576,13190.984885651571,10800.0,10800.0,2
2025-06-06,M3,22067.010874397696,0.0,6162.865971629866,28229.87684602756,28229.87684602756,0.0,7395.176944218333,0.0,0.0,28229.87684602756,46380.622118133906,53775.79906235224,9962.324951937873,9814.788477485657,16545.73806804589,13402.047835117171,10800.0,10800.0,0
2025-06-07,M3,24942.254193598787,0.0,4325.782926800549,29268.037120399345,29268.037120399345,0.0,5276.780402191544,0.0,0.0,29268.037120399345,51911.83892623242,57188.619328423956,13589.539774418128,9685.699369706952,14667.721145432708,11880.854127800496,10800.0,10800.0,0
2025-06-08,M3,67810.14424914219,0.0,10548.889732496289,78359.03398163848,78359.03398163848,0.0,8638.372342157985,0.0,0.0,78359.03398163848,97356.87033310524,105995.2426752632,35573.32042713684,2900.020433333333,12299.887095401977,9962.908547275603,10800.0,10800.0,0
2025-06-09,M3,62975.83787492374,0.0,16455.441387892886,79431.2792628166,79431.2792628166,0.0,12879.905450372038,0.0,0.0,79431.2792628166,89983.12902475877,102863.03447513081,27678.739480278582,1403.5319833333333,14989.738306239899,12141.688028054325,10800.0,10800.0,0
2025-06-10,M3,61014.7279012613,0.0,16308.680485099918,77323.40838636123,77323.40838636123,0.0,13293.347077447354,0.0,0.0,77323.40838636123,87964.89987899645,101258.24695644382,25803.76749794966,660.2974499999995,16714.40934295171,13538.671567790887,10800.0,10800.0,0
2025-06-11,M3,62477.23495387474,0.0,21288.843696765474,83766.07865064021,83766.07865064021,0.0,16488.735842231396,0.0,0.0,83766.07865064021,89130.31698489533,105619.05282712672,25601.94313276987,715.6320499999994,16931.743829948362,13714.712502258175,10800.0,10800.0,0
2025-06-12,M3,63637.72548473983,0.0,18403.973577100372,82041.69906184016,82041.69906184016,0.0,14529.31696909436,0.0,0.0,82041.69906184016,90458.48279044934,104987.79975954369,28831.791506544258,748.8785166666665,15551.254226312849,12596.515923313413,10800.0,10800.0,0
2025-06-13,M3,23744.253494060264,0.0,6166.280037877015,29910.53353193728,29910.53353193728,0.0,8614.894806962899,0.0,0.0,29910.53353193728,49017.38472424134,57632.279531204236,15464.106423980167,11290.9741751361,13325.71174783141,10793.82651574344,10800.0,10800.0,0
2025-06-14,M3,23795.99516075044,0.0,6845.003581990626,30640.998742741074,30640.998742741074,0.0,8953.00352154567,0.0,0.0,30640.998742741074,47810.789394914565,56763.79291646023,14272.032313550002,13835.720798353908,12961.563445033258,10498.866390476936,10800.0,10800.0,0
2025-06-15,M3,58652.17179438734,0.0,21845.39101020062,80497.56280458801,80497.56280458801,0.0,18352.60883247558,0.0,0.0,80497.56280458801,84405.22950080257,102757.83833327815,28311.813809465424,693.0960833333331,16452.39003761089,13326.435930464826,10800.0,10800.0,0
2025-06-16,M3,59416.351825003665,0.0,22694.224776528175,82110.57660153191,82110.57660153191,0.0,17935.022201124455,0.0,0.0,82110.57660153191,85243.00000816953,103178.02220929401,26756.51147427709,585.2401833333333,16537.98807903638,13395.770344019464,10800.0,10800.0,0
2025-06-17,M3,59234.21282564671,0.0,22895.23593279126,82129.44875843797,82129.44875843797,0.0,17441.859767384714,4.299694644524607,29.90222640534638,82159.35098484332,85728.69498357804,103170.55475096276,24943.18681087483,333.6906008620431,17162.97798528296,13902.012168079204,10800.0,10800.0,1
2025-06-18,M3,60352.61788963902,0.0,23046.415604203525,83399.03349384254,83399.03349384254,0.0,18408.5136496192,0.0,0.0,83399.03349384254,86385.13905441275,104793.65270403193,30854.24162108312,212.57963333333328,14728.634471660502,11930.193922045006,10800.0,10800.0,0
2025-06-19,M3,56252.44750261083,0.0,20335.44119231423,76587.88869492506,76587.88869492506,0.0,16342.964419245667,27.07548207382615,187.49237286904557,76775.38106779411,82618.01092144911,98960.97534069477,25812.42814034954,1902.3842333333332,15861.759205714408,12848.024956628678,10800.0,10800.0,2
2025-06-20,M3,22574.955020857637,0.0,5585.752700370423,28160.707721228064,28160.707721228064,0.0,7982.523574328257,0.0,0.0,28160.707721228064,45437.557511928215,53420.08108625647,12514.754969615053,16158.407323251025,12349.147070475796,10002.809127085395,10800.0,10800.0,0
2025-06-21,M3,20935.00797809522,0.0,5679.264974666056,26614.272952761276,26614.272952761276,0.0,8923.920102395605,0.0,0.0,26614.272952761276,42558.899494303514,51482.81959669912,13048.04460643007,16082.86300171857,15879.850466055199,12862.678877504713,10800.0,10800.0,0
2025-06-22,M3,52451.73445176097,0.0,23754.941285097608,76206.67573685855,76206.67573685855,0.0,20290.82662109512,0.0,0.0,76206.67573685855,77122.1644533808,97412.99107447593,25842.23241750952,899.6366999999999,16914.63608929693,13700.855232330527,10800.0,10800.0,0
2025-06-23,M3,53326.48053628443,0.0,20522.445215829248,73848.92575211368,73848.92575211368,0.0,17724.430856095954,0.0,0.0,73848.92575211368,78644.53855404702,96368.96941014298,23909.824259029032,2171.828433333334,16979.10904095057,13753.078323169959,10800.0,10800.0,0
2025-06-24,M3,60268.710184233096,0.0,21409.764710716867,81678.47489494996,81678.47489494996,0.0,16396.896143963135,0.0,0.0,81678.47489494996,85375.9727539542,101772.86889791733,21765.483813020255,169.28284999999983,18785.842025774084,15216.53204087701,10800.0,10800.0,0
2025-06-25,M3,59901.33863128931,0.0,19412.107656028587,79313.44628731783,79313.44628731783,0.0,15296.378398059907,0.0,0.0,79313.44628731783,86843.71646831915,102140.09486637905,27949.171713366028,758.8637006238931,15761.253082749841,12766.614997027376,10800.0,10800.0,0
2025-06-26,M3,53590.06364527053,0.0,23103.832728919435,76693.89637418995,76693.89637418995,0.0,19008.857349409092,3.4895590612270553,24.617094397426264,76718.51346858738,79934.0582474957,98942.91559690479,26004.536535845982,2162.6572395104777,17009.618669874915,13777.791122598679,10800.0,10800.0,1
2025-06-27,M3,19772.353872605097,0.0,4692.975243419778,24465.329116024877,24465.329116024877,0.0,7458.641497432334,0.0,0.0,24465.329116024877,41523.478191951945,48982.119689384286,10551.546580556138,15677.130400451999,15693.667587944597,12711.87074623512,10800.0,10800.0,0
2025-06-28,M3,19621.620577099467,0.0,6261.78084430782,25883.40142140729,25883.40142140729,0.0,9092.48955545192,0.0,0.0,25883.40142140729,40819.55336037405,49912.04291582597,10985.86592075126,13978.692663105128,16687.14850159431,13516.590286291394,10800.0,10800.0,0
2025-06-29,M3,53660.00741860086,0.0,21654.70637041191,75314.71378901278,75314.71378901278,0.0,17899.68993374126,0.0,0.0,75314.71378901278,79124.09290812859,97023.78284186985,24332.76339847729,185.09448518518548,17042.928551968667,13804.772127094624,10800.0,10800.0,0
2025-06-30,M3,57230.28547598127,0.0,17286.164832447,74516.45030842829,74516.45030842829,0.0,13868.955795376618,0.856048983103733,5.945688212146978,74522.39599664044,83982.41956646225,97851.37536183887,24052.282534756843,837.6080333333326,16235.036102097163,13150.379242698702,10800.0,10800.0,1
2025-07-01,M3,58719.11719854448,0.0,38835.500470605395,97554.61766914988,97554.61766914988,0.0,28761.720012662696,53.26504372947193,435.4683650102977,97990.08603416018,79867.1074121921,108628.8274248548,24903.827606381856,1255.7593666666664,19241.90243264426,15585.940970441856,10800.0,10800.0,1
2025-07-02,M3,60434.54644006051,0.0,33493.43655927335,93927.98299933386,93927.98299933386,0.0,26054.677890297873,0.0,0.0,93927.98299933386,82017.84690483127,108072.52479512915,29240.36875992186,3063.167150000001,15074.855360740097,12210.632842199475,10800.0,10800.0,0
2025-07-03,M3,68253.446891071,0.0,29140.519744259986,97393.96663533094,97393.96663533094,0.0,21250.071485411736,0.0,0.0,97393.96663533094,90366.04016605322,111616.11165146498,27383.736983815354,1283.1604666666665,16783.132987629564,13594.33771997995,10800.0,10800.0,0
2025-07-04,M3,26807.788484172204,0.0,9088.641648396933,35896.43013256913,35896.43013256913,0.0,12415.825586554995,0.0,0.0,35896.43013256913,47799.33615292089,60215.16173947589,12493.53504293907,15418.747767185754,18010.58664570734,14588.575183022946,10800.0,10800.0,0
2025-07-05,M3,26853.22135333169,0.0,7558.415947006502,34411.63730033819,34411.63730033819,0.0,9978.194609638911,0.0,0.0,34411.63730033819,47913.90096772768,57892.09557736658,9777.366624856812,15823.630840169513,18426.41129301887,14925.393147345283,10800.0,10800.0,0
2025-07-06,M3,69400.46808725595,0.0,24546.933871455887,93947.40195871191,93947.40195871191,0.0,19279.015739060113,6.261461332248473,52.74341953219501,94000.14537824411,90905.00158475398,110184.0173238141,25466.244400386087,1677.3282500000003,17119.603077685617,13866.878492925347,10800.0,10800.0,1
2025-07-07,M3,72897.33428657058,0.0,16474.974256864418,89372.308543435,89372.308543435,0.0,13075.748220724348,0.0,0.0,89372.308543435,96651.11245762685,109726.86067835118,31009.39194389566,2684.7883999999995,13806.3029883624,11183.105420573544,10800.0,10800.0,0
2025-07-08,M3,76635.26796169719,0.0,11897.821174720815,88533.08913641798,88533.08913641798,0.0,9806.73397964289,0.0,0.0,88533.08913641798,100865.7918225826,110672.5258022255,27982.309733142807,4184.0982,15445.951854821195,12511.221002405166,10800.0,10800.0,0
2025-07-09,M3,74641.10868543664,0.0,12159.133546775201,86800.24223221185,86800.24223221185,0.0,10418.751055008508,0.0,0.0,86800.24223221185,98989.28304552655,109408.03410053506,30164.13715675591,2388.6161666666667,14718.71452866229,11922.15876821646,10800.0,10800.0,0
2025-07-10,M3,68201.14683305207,0.0,15816.738004588757,84017.88483764086,84017.88483764086,0.0,12901.264852391865,0.0,0.0,84017.88483764086,90555.4307817476,103456.69563413947,24285.688635249306,3490.73225,14877.112450299075,12050.461084742248,10800.0,10800.0,0
2025-07-11,M3,29906.994542752887,0.0,6495.14852183356,36402.14306458645,36402.14306458645,0.0,8025.237912140381,0.0,0.0,36402.14306458645,52044.68064994528,60069.91856208566,12432.519096571796,11588.70980320346,18578.4869068969,15048.574394586489,10800.0,10800.0,0
2025-07-12,M3,27866.481728566618,0.0,8026.707770520496,35893.18949908713,35893.18949908713,0.0,10425.985402374467,0.0,0.0,35893.18949908713,49045.35454963429,59471.33995200876,11230.744826521404,13709.079217667339,18143.53986571937,14696.267291232685,10800.0,10800.0,0
2025-07-13,M3,63145.421901232185,0.0,17205.90202616803,80351.32392740021,80351.32392740021,0.0,14474.587963621541,0.0,0.0,80351.32392740021,86703.91862385685,101178.50658747839,23110.030620732126,6044.58458553259,14506.163059019353,11749.992077805671,10800.0,10800.0,0
2025-07-14,M3,60043.82774298498,0.0,21762.679757123304,81806.5075001083,81806.5075001083,0.0,18318.41307053328,0.0,0.0,81806.5075001083,81343.06493739403,99661.4780079273,21658.908326531713,3316.96042510288,15147.000208558095,12269.07016893205,10800.0,10800.0,0
2025-07-15,M3,70001.90084500551,0.0,10306.511662371608,80308.41250737711,80308.41250737711,0.0,8403.20901485846,0.0,0.0,80308.41250737711,94397.0569487102,102800.26596356867,25783.502523263018,1433.0318166666675,14919.373896345509,12084.69285603986,10800.0,10800.0,0
2025-07-16,M3,66933.12230974864,0.0,15311.074680638789,82244.19699038746,82244.19699038746,0.0,13051.590306286282,0.0,0.0,82244.19699038746,88717.79391399375,101769.38422028003,23523.49098853497,3073.942366666666,15986.249903921407,12948.862422176338,10800.0,10800.0,0
2025-07-17,M3,62891.923473596005,0.0,20308.407761672883,83200.33123526888,83200.33123526888,0.0,16920.760201514455,0.0,0.0,83200.33123526888,85173.90182859774,102094.6620301122,22532.426334046108,3580.4423166666666,17165.143751225092,13903.766438492326,10800.0,10800.0,0
2025-07-18,M3,29211.284636466415,0.0,5409.893693775407,34621.17833024182,34621.17833024182,0.0,6389.844423809599,0.0,0.0,34621.17833024182,52598.19134489948,58988.03576870908,12114.555269856366,12119.236532156645,18315.767719453015,14835.771852756941,10800.0,10800.0,0
2025-07-19,M3,28585.810893251513,0.0,4208.433778401926,32794.24467165343,32794.24467165343,0.0,4042.3339144593106,0.0,0.0,32794.24467165343,52388.01890983677,56430.35282429609,9140.13162683452,16472.33877706258,19131.912475784105,15496.849105385125,10800.0,10800.0,0
2025-07-20,M3,65195.22552569174,0.0,16063.780726446146,81259.00625213786,81259.00625213786,0.0,13468.444994370951,0.0,0.0,81259.00625213786,88882.11496310594,102350.55995747689,24664.488137246568,2707.993333333334,15200.527738054323,12312.427467824004,10800.0,10800.0,0
2025-07-21,M3,63890.378582245525,0.0,19782.204443075112,83672.58302532067,83672.58302532067,0.0,16270.377128817536,0.0,0.0,83672.58302532067,86151.14054953089,102421.51767834842,23314.294668572576,1939.6655999999996,16725.305577767584,13547.49751799174,10800.0,10800.0,0
2025-07-22,M3,63299.17352067729,0.0,26408.985500695522,89708.15902137285,89708.15902137285,0.0,22119.636478788052,15.941357718862037,132.0582073430531,89840.2172287159,85599.8391239132,107719.47560270125,27854.96397391706,2880.312153027343,16868.401141100247,13663.404924291202,10800.0,10800.0,1
2025-07-23,M3,68882.14689329977,0.0,13879.548009125338,82761.69490242515,82761.69490242515,0.0,10858.520950323262,0.0,0.0,82761.69490242515,93071.05816638537,103929.57911670863,23626.979454926277,3062.8757000000005,15911.457079556327,12888.280234440626,10800.0,10800.0,0
2025-07-24,M3,66189.97150912523,0.0,19943.210465141256,86133.18197426651,86133.18197426651,0.0,16304.602166875104,0.0,0.0,86133.18197426651,88853.14083452873,105157.74300140384,26238.085454394703,2463.3305666666665,14946.605159697192,12106.75017935472,10800.0,10800.0,0
2025-07-25,M3,27079.564290212857,0.0,6711.986134558286,33791.55042477114,33791.55042477114,0.0,10157.61010630978,0.0,0.0,33791.55042477114,48008.69468034644,58166.304786656205,12875.798632864044,15335.375243678965,18156.901807613318,14707.090464166784,10800.0,10800.0,0
2025-07-26,M3,28186.444369041525,0.0,5156.889959710143,33343.33432875166,33343.33432875166,0.0,5863.955943445238,0.0,0.0,33343.33432875166,51009.988410088314,56873.94435353355,11211.271818900892,13589.162931680135,18970.621243609803,15366.20320732394,10800.0,10800.0,0
2025-07-27,M3,61971.81232030746,0.0,21481.68071659559,83453.49303690309,83453.49303690309,0.0,17214.94223179045,0.0,0.0,83453.49303690309,84778.00074830076,101992.9429800912,21795.05628781575,3017.016200000001,18398.319433028733,14902.638740753277,10800.0,10800.0,0
2025-07-28,M3,67743.25099744085,0.0,22242.203992239396,89985.45498968026,89985.45498968026,0.0,17221.208149523314,0.0,0.0,89985.45498968026,90949.01586003508,108170.2240095584,26569.954983203737,564.5831042464993,16214.782572499122,13133.973883724288,10800.0,10800.0,0
2025-07-29,M3,68182.5568591752,0.0,22259.39623047725,90441.95308965242,90441.95308965242,0.0,17804.329122790434,0.0,0.0,90441.95308965242,91917.80135116349,109722.13047395393,29223.381171354704,1300.1881500000002,16470.080013680104,13340.764811080886,10800.0,10800.0,0
2025-07-30,M3,66580.34247134508,0.0,22696.216178229577,89276.55864957462,89276.55864957462,0.0,18393.021169769152,0.0,0.0,89276.55864957462,88895.72698195299,107288.74815172216,26728.761575195225,3516.4766833333333,15475.030753650582,12534.774910456974,10800.0,10800.0,0
2025-07-31,M3,63525.71444060971,0.0,21520.720490382813,85046.43493099256,85046.43493099256,0.0,17538.836845979004,0.0,0.0,85046.43493099256,86816.13521617267,104354.97206215168,24247.85701262478,1959.6401000000005,18170.940436106426,14718.461753246205,10800.0,10800.0,0
2025-08-01,M3,26454.255934652065,0.0,5952.486564694462,32406.742499346536,32406.742499346536,0.0,5589.37398339959,0.0,0.0,32406.742499346536,47791.438454560506,53380.81243796009,7923.630725767437,20625.4912281744,18843.846407113633,15263.515589762043,10800.0,10800.0,0
2025-08-02,M3,26191.369851253523,0.0,3417.642516016614,29609.01236727014,29609.01236727014,0.0,3358.679096518342,0.0,0.0,29609.01236727014,48376.81939627636,51735.49849279471,7710.931178703473,19528.74964757719,18783.119648319567,15214.326915138856,10800.0,10800.0,0
2025-08-03,M3,56113.95163787095,0.0,16244.337085881209,72358.28872375218,72358.28872375218,0.0,15867.114628156141,67.39197884119255,561.5447676355452,72919.83349138772,78222.8590098005,94089.97363795665,19837.037049544106,8406.607018106995,16180.21876743895,13105.977201625548,10800.0,10800.0,2
2025-08-04,M3,55746.38970129532,0.0,19309.30730125638,75055.69700255166,75055.69700255166,0.0,18666.21549864502,0.0,0.0,75055.69700255166,76426.54759674735,95092.76309539238,20218.574577243213,6624.975344855967,14913.463631367731,12079.905541407861,10800.0,10800.0,0
2025-08-05,M3,55813.916917551935,0.0,17888.612878747983,73702.52979629992,73702.52979629992,0.0,17345.85891013855,0.0,0.0,73702.52979629992,76903.01077388908,94248.86968402765,19609.20503193056,6419.024033333333,16149.109923318014,13080.779037887587,10800.0,10800.0,0
2025-08-06,M3,57189.195122748395,0.0,18944.52973043523,76133.72485318362,76133.72485318362,0.0,17587.959113158875,0.0,0.0,76133.72485318362,77754.18424663659,95342.1433597955,19115.45941208373,5058.481517901232,16072.64822707294,13018.845063929077,10800.0,10800.0,0
2025-08-07,M3,57715.37681331857,0.0,16070.198562212046,73785.57537553058,73785.57537553058,0.0,14415.186945444206,1.3851078172941698,12.065674196449512,73797.64104972703,80630.82417261122,95046.01111805544,20647.568520100634,7890.341582523568,16428.951964465945,13307.45109121742,10800.0,10800.0,1
2025-08-08,M3,24466.309175193852,0.0,3266.55868831805,27732.86786351191,27732.86786351191,0.0,3164.823722983478,0.0,0.0,27732.86786351191,44384.62110342438,47549.44482640786,4619.670838426529,23237.035356564313,20618.775691668554,16701.20831025153,10800.0,10800.0,0
2025-08-09,M3,24379.041720608817,0.0,3816.826045083448,28195.86776569226,28195.86776569226,0.0,3696.921721767454,0.0,0.0,28195.86776569226,43405.17463356309,47102.09635533054,4145.4350953780895,20238.36238829671,19980.894061346007,16184.524189690263,10800.0,10800.0,0
2025-08-10,M3,57629.778955559035,0.0,13433.050844357947,71062.82979991694,71062.82979991694,0.0,12422.034628462285,0.0,0.0,71062.82979991694,79360.40625396102,91782.44088242328,18638.385897821947,4758.753183333332,16214.119743515885,13133.436992247869,10800.0,10800.0,0
2025-08-11,M3,55862.69535788445,0.0,17244.36285695878,73107.05821484324,73107.05821484324,0.0,15659.470703307052,20.771249100615705,171.85092943394406,73278.90914427719,78487.02659165862,94146.49729496568,19685.051268057134,6752.128946913581,16678.078925064514,13509.243929302262,10800.0,10800.0,1
2025-08-12,M3,57778.90432468245,0.0,18174.551688670188,75953.45601335262,75953.45601335262,0.0,15834.869088223568,0.0,0.0,75953.45601335262,79940.71491389771,95775.5840021213,19596.96452943624,5381.195566666665,15983.580294833555,12946.700038815174,10800.0,10800.0,0
2025-08-13,M3,57948.930704633036,0.0,16908.875709627766,74857.80641426082,74857.80641426082,0.0,15235.007312056156,0.0,0.0,74857.80641426082,80615.91857306582,95850.92588512198,21782.581295259257,4935.571540534978,15851.545259619757,12839.751660292008,10800.0,10800.0,0
2025-08-14,M3,56824.51623437421,0.0,17994.156413753473,74818.67264812764,74818.67264812764,0.0,16290.871182885478,35.0175204759538,299.19409390097377,75117.86674202862,79003.2710066132,95294.14218949867,19998.044010729463,6031.754533333333,17753.000960939506,14379.930778360998,10800.0,10800.0,2
2025-08-15,M3,24757.59559627125,0.0,4632.633070369854,29390.22866664111,29390.22866664111,0.0,4405.246538732254,0.0,0.0,29390.22866664111,44175.09102476946,48580.33756350171,4706.174292096194,23050.954879094857,19281.481626196477,15618.000117219151,10800.0,10800.0,0
2025-08-16,M3,24594.06201519147,0.0,4435.001624061273,29029.06363925274,29029.06363925274,0.0,4074.124645902744,0.0,0.0,29029.06363925274,44014.054560185046,48088.179206087785,4777.635682836176,22661.155298193342,19579.51504416633,15859.40718577473,10800.0,10800.0,0
2025-08-17,M3,56757.128007936546,0.0,15575.15044981371,72332.27845775025,72332.27845775025,0.0,13991.681803585047,18.154335399342585,152.7233465469695,72485.00180429722,79601.346084006,93593.02788759104,20013.715104445426,7268.560433333331,16650.068781815597,13486.55571327063,10800.0,10800.0,1
2025-08-18,M3,55719.16845533383,0.0,18244.240265091245,73963.40872042507,73963.40872042507,0.0,17156.17941517387,67.16783503449403,567.4140889669223,74530.82280939199,77117.49544213714,94273.674857311,19700.740364150868,7040.912083333334,16868.81383260333,13663.739204408703,10800.0,10800.0,3
2025-08-19,M3,56337.424829340795,0.0,17762.017080885187,74099.441910226,74099.441910226,0.0,16450.520276139843,69.0568347303714,590.2367493429269,74689.67865956893,77596.88531848024,94047.4055946201,19954.376429496042,6938.143617901234,15296.222799753614,12389.940467800428,10800.0,10800.0,3
2025-08-20,M3,58669.11756728263,0.0,16786.091490807776,75455.2090580904,75455.2090580904,0.0,14351.287298541109,65.77027183496057,545.7274451262815,76000.93650321668,80465.74398329781,94817.03128183889,17351.84475482665,3487.889020760716,17854.61427063073,14462.237559210895,10800.0,10800.0,3
2025-08-21,M3,59185.049212674865,0.0,15771.1148927253,74956.16410540014,74956.16410540014,0.0,13624.87449199879,0.0,0.0,74956.16410540014,82514.92326368409,96139.7977556829,21744.615333771704,5494.811947279869,16083.957848936767,13028.005857638778,10800.0,10800.0,0
2025-08-22,M3,24955.501036344416,0.0,3867.4819416721543,28822.98297801658,28822.98297801658,0.0,3698.7791886230734,0.0,0.0,28822.98297801658,44751.51372945524,48450.29291807831,3786.966424092282,19770.83182218595,19273.290904210982,15611.365632410896,10800.0,10800.0,0
2025-08-23,M3,24719.48553818207,0.0,3632.0314585839465,28351.516996766015,28351.516996766015,0.0,3652.2063280332713,0.0,0.0,28351.516996766015,44973.866416224155,48626.07274425742,4625.39544811966,17799.909963196376,19319.79569969154,15649.034516750151,10800.0,10800.0,0
2025-08-24,M3,58234.886500860244,0.0,15152.380919113399,73387.26741997364,73387.26741997364,0.0,13315.9659147674,0.0,0.0,73387.26741997364,80790.91422272348,94106.8801374909,19176.975971349057,7975.200558883507,16953.232231184218,13732.118107259217,10800.0,10800.0,0
2025-08-25,M3,62961.36265220657,0.0,12704.76815813512,75666.13081034171,75666.13081034171,0.0,10120.078019086037,0.0,0.0,75666.13081034171,87645.18983217441,97765.26785126043,20361.48593410183,3465.856733333333,16657.042985045355,13492.204817886743,10800.0,10800.0,0
2025-08-26,M3,58576.521273367616,0.0,17043.297161115523,75619.81843448311,75619.81843448311,0.0,15317.350822801396,0.0,0.0,75619.81843448311,81533.98515377071,96851.33597657211,22084.326485330388,6242.777450000001,15765.335041623144,12769.921383714747,10800.0,10800.0,0
2025-08-27,M3,58962.2718210839,0.0,20424.608141035253,79386.87996211917,79386.87996211917,0.0,18927.54003234919,0.0,0.0,79386.87996211917,81158.52783993976,100086.06787228897,23524.972342317997,5420.498583333334,16981.305684057734,13754.857604086763,10800.0,10800.0,0
2025-08-28,M3,59989.130031388886,0.0,19478.906203983155,79468.03623537204,79468.03623537204,0.0,16412.207083440884,10.717147753414338,86.78374652242582,79554.81998189447,82805.9246769468,99218.1317603877,21617.801094137594,3786.412416666667,16088.633757913236,13031.793343909725,10800.0,10800.0,2
2025-08-29,M3,26380.24066770875,0.0,3523.9757050396915,29904.216372748444,29904.216372748444,0.0,3411.3293146571414,0.0,0.0,29904.216372748444,48541.83205160831,51953.16136626544,7167.256576763265,18408.347856932167,20117.560960894807,16295.22437832479,10800.0,10800.0,0
2025-08-30,M3,26418.38399211169,0.0,5195.97194026762,31614.35593237931,31614.35593237931,0.0,4962.108057886663,0.0,0.0,31614.35593237931,46488.91788154382,51451.02593943049,6408.737888883448,23059.26250383325,18264.766912528692,14794.461199148245,10800.0,10800.0,0
2025-08-31,M3,58806.12074902322,0.0,17843.65175524722,76649.77250427041,76649.77250427041,0.0,15386.431691823413,6.167338987666881,51.432523487647956,76701.20502775806,81857.3977383684,97243.8294301918,21861.720734316386,5862.806824596517,15151.821720701266,12272.975593768027,10800.0,10800.0,1
2025-09-01,M3,58948.95635159208,0.0,5202.714678483479,64151.671030075544,64151.671030075544,0.0,4564.966842847709,0.0,0.0,64151.671030075544,91273.94722472064,95838.91406756836,32761.3386148613,7128.830220766494,12497.951045301286,10123.340346694047,10800.0,10800.0,0
2025-09-02,M3,50652.752239683185,0.0,12529.55706294676,63182.309302629925,63182.309302629925,0.0,11994.77049390325,0.0,0.0,63182.309302629925,79556.98637509639,91551.75686899963,27380.522231362425,7334.600584922497,14625.67475113006,11846.796548415346,10800.0,10800.0,0
2025-09-03,M3,49733.67825667704,0.0,13223.604648638424,62957.28290531544,62957.28290531544,0.0,12628.222279955145,0.0,0.0,62957.28290531544,75046.04854132446,87674.2708212796,22719.543569210007,6947.711983649129,12943.673781160363,10484.375762739892,10800.0,10800.0,0
2025-09-04,M3,45788.51773837166,0.0,13790.42288513772,59578.94062350935,59578.94062350935,0.0,13110.448704966555,0.0,0.0,59578.94062350935,70722.50152045419,83832.95022542073,20072.137687594313,6784.7247,16055.380462244386,13004.858174417954,10800.0,10800.0,0
2025-09-05,M3,19614.012121874628,0.0,1821.6570753754334,21435.669197250067,21435.669197250067,0.0,1856.37213379734,0.0,0.0,21435.669197250067,41164.06523160104,43020.43736539838,7848.965995778676,24960.387605829565,17825.379458544525,14438.557361421063,10800.0,10800.0,0
2025-09-06,M3,18974.21145061204,0.0,2463.1779101293487,21437.389360741385,21437.389360741385,0.0,2422.341033593717,0.0,0.0,21437.389360741385,39898.064486830306,42320.405520424014,8078.358511156821,23052.04583611888,18257.460384991173,14788.54291184285,10800.0,10800.0,0
2025-09-07,M3,42272.12737119412,0.0,17178.29395855817,59450.42132975227,59450.42132975227,0.0,17044.65347193698,0.0,0.0,59450.42132975227,66376.9980677937,83421.65153973066,19786.224505042897,5600.244874015298,16179.992336872754,13105.793792866927,10800.0,10800.0,0
2025-09-08,M3,39423.95343628764,0.0,19956.303980814322,59380.257417101944,59380.257417101944,0.0,17919.92788276781,0.0,0.0,59380.257417101944,62989.94113504267,80909.86901781047,13330.567332732378,4794.372983333333,17838.732465323366,14449.373296911926,10800.0,10800.0,0
2025-09-09,M3,43825.87734338529,0.0,15549.131349579402,59375.00869296471,59375.00869296471,0.0,15072.85437592748,0.0,0.0,59375.00869296471,68550.04680766849,83622.90118359597,18661.92769783282,8901.582339165834,15560.825683845524,12604.268803914874,10800.0,10800.0,0
2025-09-10,M3,45441.697297830884,0.0,17189.999577207105,62631.696875037975,62631.696875037975,0.0,15175.354340999302,0.0,0.0,62631.696875037975,70560.26244753531,85735.61678853461,17378.842268100605,3879.1233,16640.2766864948,13478.624116060786,10800.0,10800.0,0
2025-09-11,M3,45777.62309461857,0.0,12563.193787175478,58340.81688179407,58340.81688179407,0.0,10830.897134555586,0.0,0.0,58340.81688179407,72363.3926901397,83194.2898246953,17542.859532625967,9130.216166666665,15921.728116154396,12896.599774085063,10800.0,10800.0,0
2025-09-12,M3,17923.886695831283,0.0,2821.7796034983153,20745.666299329598,20745.666299329598,0.0,2864.8859512125305,0.0,0.0,20745.666299329598,38694.287824864114,41559.17377607665,5834.206266842253,20732.89333730419,18107.463010158965,14667.045038228764,10800.0,10800.0,0
2025-09-13,M3,18085.531907045057,0.0,2810.9949047397427,20896.52681178479,20896.52681178479,0.0,2636.929952044704,0.0,0.0,20896.52681178479,39463.2186277626,42100.14857980731,6343.428445243193,24600.095709512734,16576.436535358152,13426.913593640103,10800.0,10800.0,0
2025-09-14,M3,45574.223130526334,0.0,16033.710609020643,61607.933739547,61607.933739547,0.0,14441.32235510834,0.0,0.0,61607.933739547,70794.85797137026,85236.18032647861,17748.194311637577,4470.517611641987,15358.650806310772,12440.507153111726,10800.0,10800.0,0
2025-09-15,M3,42132.37004473351,0.0,17149.39662635699,59281.76667109049,59281.76667109049,0.0,15711.156872220326,1.1717666666667128,7.876615533333644,59289.643286623825,66809.33220856846,82520.48908078879,15850.100784401535,8382.755050695236,16956.707258028186,13734.932879002838,10800.0,10800.0,1
2025-09-16,M3,47548.362172972826,0.0,19806.794071538185,67355.15624451102,67355.15624451102,0.0,16911.984848755368,0.0,0.0,67355.15624451102,73000.30872259614,89912.2935713515,21391.38983708083,6169.752606117453,15049.374446420436,12189.993301600553,10800.0,10800.0,0
2025-09-17,M3,47044.63689930458,0.0,17352.403363346308,64397.04026265089,64397.04026265089,0.0,15510.312920997407,0.0,0.0,64397.04026265089,72643.40504137552,88153.71796237293,19178.34226804943,5871.19345,16547.70444380789,13403.640599484388,10800.0,10800.0,0
2025-09-18,M3,45349.793153833074,0.0,21221.54875743002,66571.3419112631,66571.3419112631,0.0,19721.0789788212,0.0,0.0,66571.3419112631,70434.7355271341,90155.81450595526,21581.88916645998,6569.085235950422,16046.257825674826,12997.468838796613,10800.0,10800.0,0
2025-09-19,M3,17399.810434889132,0.0,4224.362797787192,21624.173232676316,21624.173232676316,0.0,4217.27626287893,0.0,0.0,21624.173232676316,38853.83873301823,43071.11499589716,5570.626887124968,18214.464771179708,16761.42642592535,13576.755404999536,10800.0,10800.0,0
2025-09-20,M3,17159.20869473224,0.0,4030.222273580657,21189.430968312907,21189.430968312907,0.0,4446.911549044398,0.0,0.0,21189.430968312907,39089.12840629772,43536.03995534212,5856.818107080879,18704.894272072794,17520.493909763754,14191.600066908639,10800.0,10800.0,0
2025-09-21,M3,49224.579268635694,0.0,18783.65491908147,68008.23418771711,68008.23418771711,0.0,16319.953106454792,0.0,0.0,68008.23418771711,75744.56127988717,92064.51438634197,25219.666755693634,5914.717737807745,13908.644260564495,11266.001851057234,10800.0,10800.0,0
2025-09-22,M3,49207.74329300944,0.0,17483.679880353484,66691.42317336291,66691.42317336291,0.0,14283.053709297832,19.555900000000065,128.01369518333377,66819.43686854624,75301.84926466842,89584.90297396624,20161.40463719493,5764.579699999999,16128.708702305195,13064.25404886721,10800.0,10800.0,2
2025-09-23,M3,50256.355701472356,0.0,17384.199167302064,67640.55486877449,67640.55486877449,0.0,14479.937571745151,0.0,0.0,67640.55486877449,76582.1902179909,91062.12778973604,20084.76622587228,5870.361866666666,15738.863757177684,12748.47964331392,10800.0,10800.0,0
2025-09-24,M3,48484.15311736485,0.0,18632.31381796873,67116.4669353336,67116.4669353336,0.0,16306.430370227423,0.0,0.0,67116.4669353336,73796.90669319892,90103.33706342634,20703.320741722986,5348.204849999999,15729.401956333475,12740.81558463012,10800.0,10800.0,0
2025-09-25,M3,47883.89951382652,0.0,22110.64152196028,69994.5410357868,69994.5410357868,0.0,18522.828295199182,31.88636666666673,217.3592900833338,70211.90032587013,73910.61529086054,92433.44358605973,23213.711789529356,6222.0254342513435,14179.704362872108,11485.560533926404,10800.0,10800.0,2
2025-09-26,M3,18225.694651540263,0.0,3266.580084794096,21492.274736334355,21492.274736334355,0.0,4134.270317056949,0.0,0.0,21492.274736334355,41598.77356571234,45733.0438827693,7685.125624573673,17185.8615543793,16672.70107271753,13504.887868901205,10800.0,10800.0,0
2025-09-27,M3,18635.622981929835,0.0,3773.065304285707,22408.688286215554,22408.688286215554,0.0,4547.451684063869,0.0,0.0,22408.688286215554,40975.95952391829,45523.41120798216,5864.677064658484,18567.167582965943,17317.180580830176,14026.916270472446,10800.0,10800.0,0
2025-09-28,M3,49987.66255065054,0.0,23761.130877868243,73748.79342851882,73748.79342851882,0.0,20084.487717925902,0.0,0.0,73748.79342851882,75481.70713135522,95566.1948492811,24667.154949139847,4399.878076118845,15850.171880819778,12838.63922346402,10800.0,10800.0,0
2025-09-29,M3,49775.461087254735,0.0,18876.734456570608,68652.19554382535,68652.19554382535,0.0,15107.39265366978,5.620383333333393,37.527299516667064,68689.72284334202,75633.03532684084,90740.42798051062,19776.14397564879,5137.89515,16169.040201027146,13096.922562831984,10800.0,10800.0,1
2025-09-30,M3,49283.33062997421,0.0,24084.518982166876,73367.84961214113,73367.84961214113,0.0,19570.525092263397,0.0,0.0,73367.84961214113,74756.63458947056,94327.15968173395,21463.851523603713,4426.965783333333,15864.040042790737,12849.872434660498,10800.0,10800.0,0
2025-10-01,M3,47519.008221321776,0.0,16039.99373963071,63559.001960952504,63559.001960952504,0.0,13647.104407668903,0.0,0.0,63559.001960952504,77334.14833732088,90981.25274498979,27237.513061868896,11623.132062965316,12942.558351695938,10483.472264873704,10800.0,10800.0,0
2025-10-02,M3,45158.334379069565,0.0,16985.696317812428,62144.03069688202,62144.03069688202,0.0,14905.723687420192,0.0,0.0,62144.03069688202,73219.99780615079,88125.72149357098,23926.530197920238,9709.021483333334,14523.087871846084,11763.701176195333,10800.0,10800.0,0
2025-10-03,M3,15521.709272114113,0.0,3407.1951938099683,18928.904465924083,18928.904465924083,0.0,3466.783021588977,0.0,0.0,18928.904465924083,37851.60406381014,41318.387085399125,7558.184725827297,23107.391211261645,14924.512885843047,12088.855437532871,10800.0,10800.0,0
2025-10-04,M3,16522.7923805716,0.0,3818.117984400218,20340.910364971824,20340.910364971824,0.0,3529.279626633116,0.0,0.0,20340.910364971824,39175.41664708499,42704.6962737181,7456.3106745897385,19283.910490873102,15097.329868010136,12228.83719308821,10800.0,10800.0,0
2025-10-05,M3,44302.55733588435,0.0,16297.483630858203,60600.04096674251,60600.04096674251,0.0,14030.361727031765,0.0,0.0,60600.04096674251,71180.4156775704,85210.77740460215,19644.19837709345,7998.138733333333,14907.785407940628,12075.30618043191,10800.0,10800.0,0
2025-10-06,M3,43108.5506302112,0.0,19857.5756222614,62966.1262524726,62966.1262524726,0.0,17643.578359935564,0.0,0.0,62966.1262524726,67866.45907950122,85510.03743943677,19046.54267209353,5828.438633333333,15273.404652683766,12371.45776867385,10800.0,10800.0,0
2025-10-07,M3,43670.70802725162,0.0,19052.406903771436,62723.11493102307,62723.11493102307,0.0,16332.068907925734,0.0,0.0,62723.11493102307,69626.05315460675,85958.1220625325,19095.113936538815,6179.1705787436795,15327.760774999997,12415.48622775,10800.0,10800.0,0
2025-10-08,M3,42213.55008130657,0.0,16315.381760390475,58528.93184169703,58528.93184169703,0.0,14002.722752173835,0.0,0.0,58528.93184169703,68391.7915177997,82394.51426997353,16228.861425369047,6345.452462720576,17587.91955377498,14246.21483855773,10800.0,10800.0,0
2025-10-09,M3,42809.596239948,0.0,14987.875671923159,57797.471911871166,57797.471911871166,0.0,12429.090008010255,0.0,0.0,57797.471911871166,69740.15735293309,82169.24736094335,15262.548755290098,7944.04655,16856.15985431538,13653.48948199546,10800.0,10800.0,0
2025-10-10,M3,15177.815842204254,0.0,3367.0484135089446,18544.8642557132,18544.8642557132,0.0,3271.507609555413,0.0,0.0,18544.8642557132,37783.061893266415,41054.56950282183,4926.978818781783,23603.675370844263,16738.444192258517,13558.1397957294,10800.0,10800.0,0
2025-10-11,M3,16369.13973560954,0.0,2783.392661654462,19152.532397264007,19152.532397264007,0.0,2791.256392489267,0.0,0.0,19152.532397264007,39591.043955491245,42382.30034798052,6088.141222054372,19244.32725504136,15492.201513428707,12548.683225877252,10800.0,10800.0,0
2025-10-12,M3,43087.51799957331,0.0,20180.266024923636,63267.784024496956,63267.784024496956,0.0,17568.247786343803,0.0,0.0,63267.784024496956,69659.46091600214,87227.70870234592,20047.60877680222,5453.202198977873,16904.95654332901,13693.014800096505,10800.0,10800.0,0
2025-10-13,M3,46843.97733483471,0.0,14209.82620188292,61053.80353671764,61053.80353671764,0.0,11792.769088439083,0.0,0.0,61053.80353671764,74588.51902171347,86381.28811015256,19379.32379710479,6988.665283333333,15715.282787970711,12729.379058256276,10800.0,10800.0,0
2025-10-14,M3,47826.401402281575,0.0,13503.087275153583,61329.48867743518,61329.48867743518,0.0,10783.4580279652,0.0,0.0,61329.48867743518,75691.01238505557,86474.47041302075,17062.73376248738,5419.398933333334,16939.518072982737,13721.009639116017,10800.0,10800.0,0
2025-10-15,M3,51170.09853196002,0.0,12513.261347817639,63683.35987977766,63683.35987977766,0.0,9992.405975248048,0.0,0.0,63683.35987977766,80269.71345815156,90262.11943339961,21087.651546220477,4171.065916666666,16228.306950065638,13144.928629553167,10800.0,10800.0,0
2025-10-16,M3,49445.587137145434,0.0,18044.686050249085,67490.27318739456,67490.27318739456,0.0,13858.743753834875,0.0,0.0,67490.27318739456,77385.12931493574,91243.87306877061,20293.6469748636,4880.456233333332,16333.141634598309,13229.844724024628,10800.0,10800.0,0
2025-10-17,M3,16678.390515351653,0.0,4098.465112904865,20776.85562825652,20776.85562825652,0.0,4534.194778825228,0.0,0.0,20776.85562825652,40205.87131423582,44740.06609306105,7444.493409706019,18291.352690633496,15789.582505551916,12789.561829497052,10800.0,10800.0,0
2025-10-18,M3,16700.009049222896,0.0,5239.7261627811195,21939.73521200403,21939.73521200403,0.0,7725.612424383364,0.0,0.0,21939.73521200403,40397.52214177968,48123.13456616304,10749.964523303552,18479.461882964555,14826.920490675118,12009.805597446846,10800.0,10800.0,0
2025-10-19,M3,51465.011821471555,0.0,19988.232150357682,71453.24397182924,71453.24397182924,0.0,15220.776452347676,0.0,0.0,71453.24397182924,80537.82358743277,95758.60003978045,23714.65714709327,4866.0169000000005,17327.386628178145,14035.183168824295,10800.0,10800.0,0
2025-10-20,M3,53058.197880338055,0.0,18802.454945620095,71860.65282595821,71860.65282595821,0.0,14598.214323639562,0.0,0.0,71860.65282595821,82876.36931070553,97474.5836343451,25782.652151420793,4047.656233333333,16860.488857496282,13656.995974571986,10800.0,10800.0,0
2025-10-21,M3,50708.66315762028,0.0,24031.462616270474,74740.12577389073,74740.12577389073,0.0,18500.72528177489,0.0,0.0,74740.12577389073,78651.00278851062,97151.72807028552,24928.97169929634,2647.3247499999998,16383.422478890447,13270.572207901261,10800.0,10800.0,0
2025-10-22,M3,50670.513815293096,0.0,20416.846217723578,71087.36003301671,71087.36003301671,0.0,15842.793896752795,0.0,0.0,71087.36003301671,78281.22397405663,94124.01787080942,21539.477376276336,3696.117,17544.877865963623,14211.351071430534,10800.0,10800.0,0
2025-10-23,M3,53479.71537975275,0.0,14075.852991078997,67555.56837083174,67555.56837083174,0.0,10191.298636753274,0.0,0.0,67555.56837083174,82884.43656927938,93075.73520603265,22549.219199385807,4084.9933561210937,16115.924301012747,13053.898683820325,10800.0,10800.0,0
2025-10-24,M3,16595.108268963562,0.0,6196.446880915492,22791.55514987905,22791.55514987905,0.0,7565.48439714588,0.0,0.0,22791.55514987905,40596.4577810411,48161.942178186975,9023.441840779655,17760.514925580206,15568.07734294972,12610.142647789271,10800.0,10800.0,0
2025-10-25,M3,16725.677036307374,0.0,5198.9417063053925,21924.61874261276,21924.61874261276,0.0,5707.855680253362,0.0,0.0,21924.61874261276,41591.632710340535,47299.48839059389,8118.724473858936,16688.325053008826,16284.242791541032,13190.236661148243,10800.0,10800.0,0
2025-10-26,M3,53069.90371912504,0.0,15850.124718155217,68920.02843728024,68920.02843728024,0.0,11933.319416137549,0.0,0.0,68920.02843728024,81361.55491564705,93294.8743317846,21717.275072586104,3952.5661166666655,16214.321715079781,13133.600589214619,10800.0,10800.0,0
2025-10-27,M3,50501.7545190879,0.0,21463.182414573494,71964.93693366139,71964.93693366139,0.0,16764.75964144186,0.0,0.0,71964.93693366139,78413.49531663973,95178.25495808158,23054.64158369317,5549.5496049355115,15902.537383085448,12881.055280299213,10800.0,10800.0,0
2025-10-28,M3,51851.607097363216,0.0,20262.691791921887,72114.29888928511,72114.29888928511,0.0,16087.36346427662,0.0,0.0,72114.29888928511,78958.4979117779,95045.86137605453,22926.24291689965,3013.448366666666,16493.412592043183,13359.664199554974,10800.0,10800.0,0
2025-10-29,M3,53812.070882693566,0.0,21695.660474421427,75507.73135711504,75507.73135711504,0.0,16132.955707808567,0.0,0.0,75507.73135711504,81129.48774661923,97262.4434544278,22542.879326341215,2219.232483333333,16779.341288175034,13591.26644342178,10800.0,10800.0,0
2025-10-30,M3,52438.620221920326,0.0,19258.79133633397,71697.41155825427,71697.41155825427,0.0,15166.758979581266,0.0,0.0,71697.41155825427,79095.46398834477,94262.22296792603,22044.578095688732,4324.540166666667,16343.61608195073,13238.329026380088,10800.0,10800.0,0
2025-10-31,M3,19533.681133402417,0.0,7046.868625878893,26580.5497592813,26580.5497592813,0.0,7968.992843991994,0.0,0.0,26580.5497592813,46099.37704748847,54068.36989148046,14500.339060104241,13116.922752978087,13404.294798586701,10857.47878685523,10800.0,10800.0,0
2025-11-01,M3,19257.217512168958,0.0,6969.346648613341,26226.564160782294,26226.564160782294,0.0,8126.12879743512,0.0,0.0,26226.564160782294,45972.40631719306,54098.535114628176,14527.515681431563,14451.655773341552,13554.343297482832,10979.018070961094,10800.0,10800.0,0
2025-11-02,M3,56831.288478899405,0.0,21435.42412782356,78266.71260672295,78266.71260672295,0.0,16462.664627559505,0.0,0.0,78266.71260672295,84828.93776843569,101291.60239599517,26561.379956771598,2823.27305,16371.397136264488,13260.831680374238,10800.0,10800.0,0
2025-11-03,M3,59002.55588751057,0.0,18664.549411721997,77667.10529923259,77667.10529923259,0.0,14155.235452032894,0.0,0.0,77667.10529923259,86957.37083344205,101112.60628547493,26943.728498674755,1826.3283499999993,14934.837649825506,12097.218496358655,10800.0,10800.0,0
2025-11-04,M3,55048.94377674028,0.0,21804.445568458937,76853.38934519925,76853.38934519925,0.0,16286.495180393356,0.0,0.0,76853.38934519925,82324.40555714627,98610.90073753963,24152.355561332668,3825.845016666666,16066.463822141945,13013.835695934975,10800.0,10800.0,0
2025-11-05,M3,57757.5137562544,0.0,18647.199275614603,76404.71303186906,76404.71303186906,0.0,13602.652000359747,0.0,0.0,76404.71303186906,84839.4619635528,98442.11396391253,23561.158713798126,2235.779576397097,15616.60845816138,12649.452851110724,10800.0,10800.0,0
2025-11-06,M3,57954.955416285855,0.0,21340.212433985565,79295.16785027145,79295.16785027145,0.0,15768.871718278693,0.0,0.0,79295.16785027145,84738.86193212615,100507.73365040486,24306.860819894824,1632.761180387275,16834.35315854085,13635.826058418088,10800.0,10800.0,0
2025-11-07,M3,18675.469576099087,0.0,9163.290509105414,27838.7600852045,27838.7600852045,0.0,11547.012568907614,0.0,0.0,27838.7600852045,44552.03808142733,56099.050650334946,14692.99934866475,15485.086476503348,13697.384430702701,11094.881388869184,10800.0,10800.0,0
2025-11-08,M3,18913.08149209312,0.0,7522.574616002535,26435.65610809565,26435.65610809565,0.0,8286.364522240343,0.0,0.0,26435.65610809565,44915.92287660079,53202.28739884113,12480.239087351438,14309.251754935682,13797.83924502115,11176.249788467132,10800.0,10800.0,0
2025-11-09,M3,58358.1872987598,0.0,19376.990529083094,77735.17782784288,77735.17782784288,0.0,14651.597473483616,0.0,0.0,77735.17782784288,85536.91179733092,100188.50927081454,23909.336936757158,1850.2385166666668,16221.666495038868,13139.54986098148,10800.0,10800.0,0
2025-11-10,M3,61071.590752999524,0.0,20346.84285964225,81418.43361264175,81418.43361264175,0.0,14720.373347453993,0.0,0.0,81418.43361264175,88243.64228144691,102964.0156289009,24916.086321046292,1015.2193082405926,16706.667892705387,13532.400993091363,10800.0,10800.0,0
2025-11-11,M3,61493.8036155144,0.0,17452.75259966825,78946.55621518262,78946.55621518262,0.0,12690.306009403403,0.0,0.0,78946.55621518262,89008.97702230138,101699.28303170478,25021.4040805763,2141.4157499999997,15670.755444535913,12693.311910074084,10800.0,10800.0,0
2025-11-12,M3,59281.49929286923,0.0,21689.444354655712,80970.94364752494,80970.94364752494,0.0,15668.57802149768,0.0,0.0,80970.94364752494,87196.99253730953,102865.57055880723,26413.04994633075,2442.006683333333,16076.453574437644,13021.927395294493,10800.0,10800.0,0
2025-11-13,M3,57911.5452769935,0.0,23301.96260469079,81213.5078816843,81213.5078816843,0.0,17161.02687249883,0.0,0.0,81213.5078816843,83884.51828266183,101045.54515516065,24585.69792438581,1133.0303665579186,15426.029197632914,12495.083650082659,10800.0,10800.0,0
2025-11-14,M3,18625.52635896929,0.0,8305.141631427814,26930.667990397094,26930.667990397094,0.0,8831.659195557851,0.0,0.0,26930.667990397094,45245.67989354133,54077.33908909919,12462.038404197134,11370.849484915434,13926.294210455915,11280.298310469296,10800.0,10800.0,0
2025-11-15,M3,19087.7332612643,0.0,10036.089275459844,29123.82253672415,29123.82253672415,0.0,10997.776427280907,0.0,0.0,29123.82253672415,45693.98549025867,56691.76191753957,14575.77625104595,11187.852576214304,14296.032492698152,11579.786319085504,10800.0,10800.0,0
2025-11-16,M3,59788.13432276754,0.0,23258.612816732966,83046.74713950053,83046.74713950053,0.0,16494.209674768586,0.0,0.0,83046.74713950053,86590.56098013393,103084.77065490252,23760.679479519375,1777.0958666666663,16381.320659911253,13268.869734528107,10800.0,10800.0,0
2025-11-17,M3,59954.05661368843,0.0,23787.925779811576,83741.98239350005,83741.98239350005,0.0,17197.06467670992,0.0,0.0,83741.98239350005,87308.59836026271,104505.66303697263,26922.722834318956,1826.148916666667,16110.720803440472,13049.68385078678,10800.0,10800.0,0
2025-11-18,M3,60015.644515935026,0.0,24110.486877892898,84126.13139382795,84126.13139382795,0.0,17152.464225128027,0.0,0.0,84126.13139382795,85966.90926153254,103119.37348666057,24882.126931544626,430.88081554446967,15346.388980200718,12430.57507396258,10800.0,10800.0,0
2025-11-19,M3,60718.09357391892,0.0,28790.106846488845,89508.20042040774,89508.20042040774,0.0,20800.05709406475,0.0,0.0,89508.20042040774,86078.42034771538,106878.47744178012,27208.844788003255,1363.1928499999995,15463.832651457275,12525.704447680395,10800.0,10800.0,0
2025-11-20,M3,61388.415516386325,0.0,23031.228896790755,84419.64441317714,84419.64441317714,0.0,16756.120914618412,0.0,0.0,84419.64441317714,88157.59560113342,104913.71651575185,26336.700584340728,779.8489166666664,15811.00516532165,12806.914183910538,10800.0,10800.0,0
2025-11-21,M3,20160.36152119326,0.0,11991.940710643525,32152.30223183678,32152.30223183678,0.0,13762.81522909824,0.0,0.0,32152.30223183678,46874.23319050063,60637.048419598876,17726.437848289293,11621.18988519178,12763.350628690228,10338.314009239091,10800.0,10800.0,0
2025-11-22,M3,21162.508465974795,0.0,10867.186298714709,32029.694764689502,32029.694764689502,0.0,11517.056834176745,0.0,0.0,32029.694764689502,48852.828019315166,60369.88485349191,16674.672325778134,10992.099334544215,13069.914262295933,10586.630552459705,10800.0,10800.0,0
2025-11-23,M3,63124.65980357891,0.0,23028.733939952443,86153.3937435313,86153.3937435313,0.0,16144.994109741076,0.0,0.0,86153.3937435313,89706.23804704496,105851.23215678603,26007.108749726816,1715.755833333333,15243.533107329225,12347.261816936676,10800.0,10800.0,0
2025-11-24,M3,59184.69324785395,0.0,25883.685806948044,85068.37905480198,85068.37905480198,0.0,18428.491023106522,0.0,0.0,85068.37905480198,85277.56435308044,103706.05537618695,25428.39416394144,1305.2977000000003,14791.683222344833,11981.263410099318,10800.0,10800.0,0
2025-11-25,M3,62160.46388827369,0.0,24502.704558829355,86663.16844710306,86663.16844710306,0.0,17192.46865748418,0.0,0.0,86663.16844710306,89343.73643651136,106536.20509399552,26383.375812526083,833.7680500000001,16581.056656856817,13430.655892054025,10800.0,10800.0,0
2025-11-26,M3,62704.56876300017,0.0,25468.87065174755,88173.43941474773,88173.43941474773,0.0,17956.619792083817,0.0,0.0,88173.43941474773,88802.05244855383,106758.67224063765,26571.514329729303,378.0993333333321,16059.95628548256,13008.564591240875,10800.0,10800.0,0
2025-11-27,M3,62482.83424080356,0.0,25489.511800149277,87972.34604095279,87972.34604095279,0.0,18094.368990321007,0.0,0.0,87972.34604095279,88314.42425240696,106408.79324272796,26801.365196139894,896.6137499999996,15420.639806603838,12490.71824334911,10800.0,10800.0,0
2025-11-28,M3,19336.294250923853,0.0,12926.464252304033,32262.758503227884,32262.758503227884,0.0,14342.487755667968,0.0,0.0,32262.758503227884,46337.63326584487,60680.12102151282,16936.86273272467,10253.408779085488,13519.005051066732,10950.394091364062,10800.0,10800.0,0
2025-11-29,M3,21511.080655212063,0.0,12158.165727876747,33669.246383088815,33669.246383088815,0.0,12251.86201477627,0.0,0.0,33669.246383088815,49769.72286782194,62021.58488259821,17895.778309120265,6728.262758853201,12989.966919077568,10521.873204452826,10800.0,10800.0,0
2025-11-30,M3,67472.98949410606,0.0,22682.712205757125,90155.70169986316,90155.70169986316,0.0,15509.52048331946,0.0,0.0,90155.70169986316,93542.90719940333,109052.4276827228,25748.26627517297,10.70791666666662,16045.396706402691,12996.77133218618,10800.0,10800.0,0
2025-12-01,M3,72741.70268615789,0.0,31740.075408192537,104481.77809435045,104481.77809435045,0.0,20060.973784206228,0.0,0.0,104481.77809435045,95308.67390510913,115369.64768931536,25697.88188970558,34.26228333333347,17571.451489174327,14232.875706231207,10800.0,10800.0,0
2025-12-02,M3,80357.24207770875,0.0,26210.029660523087,106567.27173823191,106567.27173823191,0.0,16441.983880118834,0.0,0.0,106567.27173823191,102876.68573792279,119318.66961804162,27549.815548526018,0.0,16479.179576397913,13348.135456882308,10800.0,10800.0,0
2025-12-03,M3,79151.71673426076,0.0,28263.909204336396,107415.62593859709,107415.62593859709,0.0,17741.596235105186,0.0,0.0,107415.62593859709,102413.23018580745,120154.82642091264,29968.39714971572,0.0,15914.10897121185,12890.4282666816,10800.0,10800.0,0
2025-12-04,M3,80697.65521032426,0.0,23651.780514590962,104349.43572491524,104349.43572491524,0.0,14697.61997182852,0.0,0.0,104349.43572491524,103831.65460274807,118529.27457457656,28833.35774192279,38.74940000000015,15189.256224493625,12303.29754183984,10800.0,10800.0,0
2025-12-05,M3,25928.34787599071,0.0,17052.277078813142,42980.62495480386,42980.62495480386,0.0,16299.884218000785,0.0,0.0,42980.62495480386,55154.74493605915,71454.62915405993,22525.5593963679,5225.538533333333,12588.966005396716,10197.062464371345,10800.0,10800.0,0
2025-12-06,M3,26247.685186890594,0.0,19703.683169282674,45951.36835617328,45951.36835617328,0.0,18422.915760916025,0.0,0.0,45951.36835617328,54394.70934121759,72817.6251021336,22218.070104274688,4599.612366666666,12291.114813292605,9955.802998767009,10800.0,10800.0,0
2025-12-07,M3,81585.3727697752,0.0,23461.01936806537,105046.3921378406,105046.3921378406,0.0,14185.21842719131,0.0,0.0,105046.3921378406,105459.24761169188,119644.46603888318,28941.59959968677,12.572583333333341,15987.434767700439,12949.822161837354,10800.0,10800.0,0
2025-12-08,M3,81984.66924990612,0.0,26445.57214777024,108430.24139767642,108430.24139767642,0.0,17269.136741238046,0.0,0.0,108430.24139767642,107108.69166879563,124377.82841003365,33243.55912429108,0.0,17300.306153031182,14013.247983955265,10800.0,10800.0,0
2025-12-09,M3,78802.69223688124,0.0,24672.312889153112,103475.00512603436,103475.00512603436,0.0,15490.546959423718,0.0,0.0,103475.00512603436,104523.75523667713,120014.30219610085,29306.308750105498,7.1056166666667195,17433.860856115924,14121.427293453902,10800.0,10800.0,0
2025-12-10,M3,77388.29318290207,0.0,28549.285540465233,105937.57872336732,105937.57872336732,0.0,18079.087084027295,0.0,0.0,105937.57872336732,101477.31655512522,119556.4036391525,27906.624350369213,0.0,17169.267484824377,13907.106662707742,10800.0,10800.0,0
2025-12-11,M3,76580.24007943012,0.0,24071.13137797393,100651.37145740398,100651.37145740398,0.0,15134.732570028693,0.0,0.0,100651.37145740398,102460.94256922483,117595.67513925352,28512.47435275036,0.0,16431.29519212189,13309.349105618727,10800.0,10800.0,0
2025-12-12,M3,26413.280417230424,0.0,19689.800654409828,46103.08107164024,46103.08107164024,0.0,18159.558680876653,0.0,0.0,46103.08107164024,55912.95544511434,74072.514125991,24640.703625389906,3436.7504999999996,12003.40272246188,9722.756205194126,10800.0,10800.0,0
2025-12-13,M3,26864.907715628025,0.0,19222.332509743257,46087.24022537128,46087.24022537128,0.0,17480.200729913286,0.0,0.0,46087.24022537128,56443.94133602588,73924.14206593917,24217.721423839255,3589.7912625771505,12200.505243102247,9882.409246912819,10800.0,10800.0,0
2025-12-14,M3,76147.70476653351,0.0,28972.54988012204,105120.25464665548,105120.25464665548,0.0,18439.574631405318,0.0,0.0,105120.25464665548,99295.00768709734,117734.58231850265,25579.788719744145,0.0,17768.7989408343,14392.727142075784,10800.0,10800.0,0
2025-12-15,M3,78307.03184785832,0.0,27699.917735477822,106006.94958333616,106006.94958333616,0.0,17657.95998118202,0.0,0.0,106006.94958333616,102143.93397854113,119801.89395972314,26907.87485377204,0.0,18023.4796804445,14599.018541160047,10800.0,10800.0,0
2025-12-16,M3,81888.5469805284,0.0,20768.754751551838,102657.30173208023,102657.30173208023,0.0,13250.552075270913,0.0,0.0,102657.30173208023,105829.17435035175,119079.72642562265,26314.662700540015,0.0,17615.644167101647,14268.671775352333,10800.0,10800.0,0
2025-12-17,M3,80355.57209617682,0.0,20829.069002842163,101184.64109901902,101184.64109901902,0.0,13315.716903528035,0.0,0.0,101184.64109901902,104340.96102246223,117656.67792599027,26256.214289788513,0.0,16887.45562913207,13678.839059596978,10800.0,10800.0,0
2025-12-18,M3,75537.36218434753,0.0,27565.30510026257,103102.66728461006,103102.66728461006,0.0,17458.68500729432,0.0,0.0,103102.66728461006,100087.139847592,117545.82485488633,26637.558940458308,86.18373333333352,18188.501128568638,14732.685914140598,10800.0,10800.0,0
2025-12-19,M3,25316.559258440746,0.0,19884.406125202026,45200.96538364275,45200.96538364275,0.0,18300.709658163603,0.0,0.0,45200.96538364275,54148.47733688432,72449.18699504793,22901.892211306804,4162.613219484785,13033.106653980749,10556.816389724412,10800.0,10800.0,0
2025-12-20,M3,25444.324532991966,0.0,18097.539208673028,43541.86374166499,43541.86374166499,0.0,17039.039174279616,0.0,0.0,43541.86374166499,54947.15822515994,71986.19739943955,22082.933213288434,4503.584247954381,13385.935201035481,10842.607512838746,10800.0,10800.0,0
2025-12-21,M3,75497.18358414977,0.0,28118.029052472128,103615.2126366219,103615.2126366219,0.0,17569.638739719026,0.0,0.0,103615.2126366219,99944.57735859614,117514.21609831516,25052.179314583293,0.0,18022.39430034313,14598.139383277932,10800.0,10800.0,0
2025-12-22,M3,77217.43793531075,0.0,27259.378500167586,104476.81643547835,104476.81643547835,0.0,17248.562347274164,0.0,0.0,104476.81643547835,100608.74948903444,117857.3118363086,25456.481373729155,0.0,18228.438838137343,14765.035458891249,10800.0,10800.0,0
2025-12-23,M3,77292.5787476762,0.0,23900.58965845469,101193.16840613092,101193.16840613092,0.0,14882.682024072927,0.0,0.0,101193.16840613092,101626.94977026118,116509.6317943341,25860.105541741847,0.0,17849.651153994426,14458.217434735487,10800.0,10800.0,0
2025-12-24,M3,76677.96227540496,0.0,24859.79898543499,101537.7612608399,101537.7612608399,0.0,15759.347560501223,0.0,0.0,101537.7612608399,101108.87443561356,116868.22199611478,25665.57584944785,0.0,17621.509631580386,14273.42280158011,10800.0,10800.0,0
2025-12-25,M3,75910.9401510947,0.0,24836.97450736369,100747.91465845838,100747.91465845838,0.0,15657.246785041796,0.0,0.0,100747.91465845838,100069.58677254085,115726.83355758263,24486.74666194068,0.0,18040.201906887476,14612.56354457885,10800.0,10800.0,0
2025-12-26,M3,26754.0434364459,0.0,16438.671311920538,43192.71474836645,43192.71474836645,0.0,14764.683100508197,0.0,0.0,43192.71474836645,56873.41414067294,71638.09724118114,22172.051813112113,3877.368333333334,13584.498217907136,11003.443556504777,10800.0,10800.0,0
2025-12-27,M3,26424.352204607298,0.0,16571.975099885018,42996.32730449231,42996.32730449231,0.0,14835.59879245641,0.0,0.0,42996.32730449231,57067.20840502053,71902.80719747694,22227.70602478176,3837.8103952051206,13149.903741175805,10651.422030352402,10800.0,10800.0,0
2025-12-28,M3,77051.71612434807,0.0,25145.230251516467,102196.94637586449,102196.94637586449,0.0,16193.668657089187,0.0,0.0,102196.94637586449,101615.32062870053,117808.9892857897,27785.467637888236,0.0,16917.19419948144,13702.927301579963,10800.0,10800.0,0
2025-12-29,M3,76491.778866014,0.0,25981.63202202691,102473.41088804089,102473.41088804089,0.0,17131.32589578034,0.0,0.0,102473.41088804089,101107.05716356894,118238.38305934927,27422.817798413136,0.0,17325.257864576295,14033.458870306804,10800.0,10800.0,0
2025-12-30,M3,74962.04796432036,0.0,29168.941156689354,104130.98912100977,104130.98912100977,0.0,18141.915918927283,0.0,0.0,104130.98912100977,101749.40644814736,119891.32236707464,30470.514980784985,18.987083333333203,16723.251068191228,13545.833365234896,10800.0,10800.0,0
2025-12-31,M3,76461.69260819544,0.0,28910.380597080573,105372.07320527607,105372.07320527607,0.0,17895.622784729123,0.0,0.0,105372.07320527607,101826.1904301796,119721.81321490873,27753.302760960236,0.0,17484.67116113247,14162.583640517305,10800.0,10800.0,0
2025-02-01,M4,33564.2064545931,0.0,16.168172756171984,33580.37462734927,33580.37462734927,0.0,33.341313393019846,0.0,0.0,33580.37462734927,69931.83935462774,69965.18066802077,24534.258916136794,8819.148117901233,11755.777371838954,9522.179671189551,10800.0,10800.0,0
2025-02-02,M4,87122.21325496801,0.0,120.47534636399813,87242.688601332,87242.688601332,0.0,196.15793839598473,0.0,0.0,87242.688601332,116753.16688958052,116949.3248279765,34890.17366290261,437.1925500000002,17187.79297407309,13922.112308999196,10800.0,10800.0,0
2025-02-03,M4,107095.14204168734,0.0,0.0,107095.14204168734,107095.14204168734,0.0,0.0,0.0,0.0,107095.14204168734,136492.61091713724,136492.61091713724,54174.598379877665,80.66648333333342,10633.839757506463,8613.410203580233,10800.0,10800.0,0
2025-02-04,M4,107068.98128633952,0.0,0.0,107068.98128633952,107068.98128633952,0.0,0.0,0.0,0.0,107068.98128633952,136492.45061081112,136492.45061081112,52528.60804816988,319.04835000000026,12894.369803374888,10444.439540733661,10800.0,10800.0,0
2025-02-05,M4,102758.45114064336,0.0,506.0612447847268,103264.51238542813,103264.51238542813,0.0,370.9726166356164,0.0,0.0,103264.51238542813,131659.56176449644,132030.53438113202,48822.10574340062,41.18235000000027,12730.627917884669,10311.808613486584,10800.0,10800.0,0
2025-02-06,M4,104590.9995152435,0.0,197.04693740208623,104788.04645264562,104788.04645264562,0.0,137.3109806237577,0.0,0.0,104788.04645264562,133797.03923582373,133934.3502164475,51197.03177441728,1.400816666666742,12972.949519457317,10508.089110760426,10800.0,10800.0,0
2025-02-07,M4,44439.56400894084,0.0,0.0,44439.56400894084,44439.56400894084,0.0,0.0,0.0,0.0,44439.56400894084,86103.03344391461,86103.03344391461,41835.05280529689,10894.786777681802,8250.074706680334,6682.560512411072,10800.0,10800.0,0
2025-02-08,M4,40792.21408764706,0.0,1033.6375000927196,41825.851587739766,41825.851587739766,0.0,972.0452000924987,0.0,0.0,41825.851587739766,80057.14273271666,81029.18793280915,36783.25942411285,10869.086388187963,9471.996862324635,7672.317458482956,10800.0,10800.0,0
2025-02-09,M4,98151.07796859961,0.0,1743.669915686929,99894.74788428657,99894.74788428657,0.0,1251.814792924023,0.0,0.0,99894.74788428657,127313.32877241525,128565.14356533927,46556.82866719346,52.42941666666661,12634.05007796036,10233.580563147887,10800.0,10800.0,0
2025-02-10,M4,96855.53947205363,0.0,459.77967324364954,97315.31914529724,97315.31914529724,0.0,312.84169955725054,0.0,0.0,97315.31914529724,128871.27601926994,129184.11771882718,51463.89421181929,1451.7277666666669,10220.306089515272,8278.447932507366,10800.0,10800.0,0
2025-02-11,M4,79917.05208131048,0.0,968.7759896356846,80885.8280709462,80885.8280709462,0.0,607.0284326013771,0.0,0.0,80885.8280709462,109857.56997442071,110464.59840702209,31146.373248988624,826.4109333333338,17216.932059825238,13945.714968458438,10800.0,10800.0,0
2025-02-12,M4,80543.01723188758,0.0,478.24459697724046,81021.26182886484,81021.26182886484,0.0,270.7412146080826,0.0,0.0,81021.26182886484,110880.18301490837,111150.92422951646,31392.676561059,1329.0620000000004,16644.471237495396,13482.021702371272,10800.0,10800.0,0
2025-02-13,M4,79345.92608773099,0.0,691.5702540950443,80037.49634182603,80037.49634182603,0.0,426.74021733541827,0.0,0.0,80037.49634182603,110374.4598238348,110801.20004117022,34709.8099410164,2050.502153127775,14270.573317680924,11559.16438732155,10800.0,10800.0,0
2025-02-14,M4,29151.88847427317,0.0,730.5425037634237,29882.4309780366,29882.4309780366,0.0,595.9282347861689,0.0,0.0,29882.4309780366,62762.63351442416,63358.56174921033,19678.596367039616,11347.989070184034,13316.70787010533,10786.533374785316,10800.0,10800.0,0
2025-02-15,M4,29183.778420626688,0.0,517.8592817720356,29701.637702398733,29701.637702398733,0.0,388.84113913270994,0.0,0.0,29701.637702398733,62659.63152347573,63048.472662608445,20061.622272120294,11384.514216946623,12222.342492323794,9900.09741878227,10800.0,10800.0,0
2025-02-16,M4,81400.05334969479,0.0,420.4529268975758,81820.50627659232,81820.50627659232,0.0,234.0937019001724,0.0,0.0,81820.50627659232,110697.85853464485,110931.95223654502,32060.337707444254,571.048033333333,15385.196819828672,12462.00942406123,10800.0,10800.0,0
2025-02-17,M4,79921.95814244112,0.0,507.6544043731182,80429.61254681424,80429.61254681424,0.0,363.02848364205056,0.0,0.0,80429.61254681424,110746.25539494932,111109.28387859138,35103.034205231976,1891.9154166666663,15423.532052768758,12493.060962742697,10800.0,10800.0,0
2025-02-18,M4,75875.03492110432,0.0,581.9558922070418,76456.99081331141,76456.99081331141,0.0,348.4139645739315,0.0,0.0,76456.99081331141,106353.91820260679,106702.33216718072,30533.943300976945,1118.3063833333326,15572.07736598474,12613.382666447642,10800.0,10800.0,0
2025-02-19,M4,73517.16196724607,0.0,284.5693510443005,73801.73131829039,73801.73131829039,0.0,249.8471060445005,0.0,0.0,73801.73131829039,104008.27603542517,104258.12314146967,26441.231685120278,1812.898016666666,16445.61082289152,13320.944766542125,10800.0,10800.0,0
2025-02-20,M4,75414.45304375974,0.0,93.62987492173515,75508.08291868147,75508.08291868147,0.0,124.47912027260975,0.0,0.0,75508.08291868147,105863.07106381911,105987.55018409173,30157.85427668028,1724.5834333333326,16378.83547760411,13266.856736859329,10800.0,10800.0,0
2025-02-21,M4,26194.67192305026,0.0,95.73373460233888,26290.405657652598,26290.405657652598,0.0,139.5984955255732,0.0,0.0,26290.405657652598,58504.03329671137,58643.63179223695,16436.13802102025,14191.759446382754,12923.538376319018,10468.066084818405,10800.0,10800.0,0
2025-02-22,M4,26427.164637452264,0.0,250.7276267798327,26677.892264232105,26677.892264232105,0.0,348.9136188059985,0.0,0.0,26677.892264232105,58928.55067584344,59277.46429464944,17217.397150966834,11595.760329757491,13787.073318904113,11167.52938831233,10800.0,10800.0,0
2025-02-23,M4,75079.23669869866,0.0,195.92960232115567,75275.16630101982,75275.16630101982,0.0,275.8398624181601,0.0,0.0,75275.16630101982,105512.67318934528,105788.51305176344,30221.040485579986,1111.6426333333336,15389.348681667281,12465.372432150498,10800.0,10800.0,0
2025-02-24,M4,72497.46674326061,0.0,48.126224607988725,72545.5929678686,72545.5929678686,0.0,75.8326317434205,0.0,0.0,72545.5929678686,103227.85357459297,103303.6862063364,29330.155498390945,2769.309716666667,15795.723024274295,12794.535649662179,10800.0,10800.0,0
2025-02-25,M4,70981.58101969433,0.0,75.92360375294982,71057.5046234473,71057.5046234473,0.0,80.83369650681118,0.0,0.0,71057.5046234473,103077.56986070427,103158.40355721109,30448.94550618706,4054.157649999999,14915.669303635244,12081.69213594455,10800.0,10800.0,0
2025-02-26,M4,68603.21143819464,0.0,286.620643095483,68889.83208129014,68889.83208129014,0.0,263.90651165639895,0.0,0.0,68889.83208129014,99202.69821284736,99466.60472450376,25349.443225571245,2174.395566666666,16462.72578385533,13334.807884922813,10800.0,10800.0,0
2025-02-27,M4,67066.60714289824,0.0,51.01222440983589,67117.61936730809,67117.61936730809,0.0,89.77239670023414,0.0,0.0,67117.61936730809,99000.32217511375,99090.094571814,25704.981860144933,3267.0881666666664,16639.15971053897,13477.719365536572,10800.0,10800.0,0
2025-02-28,M4,23167.905673681216,0.0,66.98349989095995,23234.88917357218,23234.88917357218,0.0,129.40728861320315,0.0,0.0,23234.88917357218,54299.379276867694,54428.7865654809,14436.31800840693,14045.742998395102,13969.115835151939,11314.983826473075,10800.0,10800.0,0
2025-03-01,M4,24701.971274188883,0.0,0.0,24701.971274188883,24701.971274188883,0.0,0.0,0.0,0.0,24701.971274188883,57656.13581673558,57656.13581673558,17658.920927871837,13711.980591409714,13823.517705898419,11197.049341777718,10800.0,10800.0,0
2025-03-02,M4,71155.08576312292,0.0,0.0,71155.08576312292,71155.08576312292,0.0,0.0,0.0,0.0,71155.08576312292,101691.28376724361,101691.28376724361,26044.53418217591,204.51718333333315,16231.185974040603,13147.260638972894,10800.0,10800.0,0
2025-03-03,M4,73436.53111370027,0.0,129.68121716873875,73566.212330869,73566.212330869,0.0,190.60886629368895,0.0,0.0,73566.212330869,104144.92183261547,104335.53069890916,27980.950031307068,1108.878616666666,16992.396934747874,13763.841517145782,10800.0,10800.0,0
2025-03-04,M4,71452.61210981663,0.0,19.243555491515817,71471.85566530816,71471.85566530816,0.0,30.101651367698423,0.0,0.0,71471.85566530816,102366.4281753416,102396.5298267093,28593.497091948353,1479.8917833333333,16440.436937338338,13316.753919244049,10800.0,10800.0,0
2025-03-05,M4,69461.97157064218,0.0,61.14608411697991,69523.11765475916,69523.11765475916,0.0,104.95082620519338,0.0,0.0,69523.11765475916,101655.3095544594,101760.2603806646,30580.969971867682,2148.806483333333,15263.220572615304,12363.208663818396,10800.0,10800.0,0
2025-03-06,M4,65716.69732308149,0.0,310.59548601006605,66027.29280909155,66027.29280909155,0.0,330.13563781472345,0.0,0.0,66027.29280909155,96937.47051204837,97267.60614986309,26262.02091440982,2240.535814885837,14865.238353863733,12040.843066629628,10800.0,10800.0,0
2025-03-07,M4,21667.51470872378,0.0,0.0,21667.51470872378,21667.51470872378,0.0,0.0,0.0,0.0,21667.51470872378,54173.61596280306,54173.61596280306,16139.36976916391,14534.268449649568,13566.8011087171,10989.108898060847,10800.0,10800.0,0
2025-03-08,M4,20345.33465021138,0.0,583.4565083455792,20928.79115855696,20928.79115855696,0.0,583.479203488841,0.0,0.0,20928.79115855696,50452.711300536015,51036.19050402485,13635.530834275909,15690.317459609487,13932.645755119944,11285.443061647155,10800.0,10800.0,0
2025-03-09,M4,64239.97814272739,0.0,738.0916820052572,64978.069824732636,64978.069824732636,0.0,593.8681032115511,0.0,0.0,64978.069824732636,97067.89584339454,97661.76394660608,27499.56285026803,3789.717583333333,15994.518226340699,12955.559763335967,10800.0,10800.0,0
2025-03-10,M4,65554.39399665639,0.0,1301.6626379877707,66856.05663464418,66856.05663464418,0.0,925.8309164469728,0.0,0.0,66856.05663464418,95336.71718468811,96262.54810113508,24214.66642246137,781.501950071524,16970.04357159051,13745.735292988316,10800.0,10800.0,0
2025-03-11,M4,63501.23851520159,0.0,1547.1833579559714,65048.42187315759,65048.42187315759,0.0,1354.7469618817267,0.0,0.0,65048.42187315759,94414.7690382189,95769.51600010062,26223.953047684627,2871.969583333333,14393.024047803508,11658.349478720844,10800.0,10800.0,0
2025-03-12,M4,64235.680112640875,0.0,414.1090460929282,64649.789158733794,64649.789158733794,0.0,399.72937495781383,0.0,0.0,64649.789158733794,96681.46010729781,97081.18948225562,28082.363454134822,3816.0302981431414,14459.268666549115,11712.007619904785,10800.0,10800.0,0
2025-03-13,M4,65492.520608420025,0.0,633.4901852476365,66126.01079366764,66126.01079366764,0.0,558.4272620486091,0.0,0.0,66126.01079366764,95988.39844024612,96546.82570229474,25221.301166557296,727.2411999999996,16066.659574056654,13013.994254985886,10800.0,10800.0,0
2025-03-14,M4,19800.630334505644,0.0,164.88387019683915,19965.514204702486,19965.514204702486,0.0,220.47022503377366,0.0,0.0,19965.514204702486,49927.06110569041,50147.53133072419,13900.005600001477,17651.979695966154,13505.895007490648,10939.774956067422,10800.0,10800.0,0
2025-03-15,M4,21232.80707672509,0.0,915.3448200873588,22148.151896812444,22148.151896812444,0.0,1466.6245696693607,0.0,0.0,22148.151896812444,51012.82903519241,52479.45360486177,15654.710077396921,13274.068565238103,13823.946380140758,11197.396567914013,10800.0,10800.0,0
2025-03-16,M4,64208.07108149685,0.0,755.8530789607751,64963.924160457595,64963.924160457595,0.0,626.1197075501979,0.0,0.0,64963.924160457595,95666.5850351759,96292.70474272611,27648.835109737523,2646.5368333333336,13927.82034906275,11281.53448274083,10800.0,10800.0,0
2025-03-17,M4,62053.85632988631,0.0,385.82578599152754,62439.68211587782,62439.68211587782,0.0,307.5084340401327,0.0,0.0,62439.68211587782,95622.86062578247,95930.3690598226,30019.70781529625,5460.590797615411,13641.784281987435,11049.845268409821,10800.0,10800.0,0
2025-03-18,M4,62490.54488060122,0.0,147.42375381685213,62637.96863441806,62637.96863441806,0.0,150.7216445568829,0.0,0.0,62637.96863441806,94857.1796015274,95007.90124608428,26910.04846094513,3974.1556833333325,15777.572290206064,12779.83355506692,10800.0,10800.0,0
2025-03-19,M4,58447.480988780844,0.0,786.6280794546988,59234.109068235535,59234.109068235535,0.0,691.0972948778762,0.0,0.0,59234.109068235535,90431.10448464684,91122.20177952472,24000.626099871544,4600.373233333333,16082.799980630816,13027.067984310961,10800.0,10800.0,0
2025-03-20,M4,61200.200451317825,0.0,326.34740666261325,61526.547857980455,61526.547857980455,0.0,264.38769362025243,0.0,0.0,61526.547857980455,93511.79623842673,93776.18393204699,25779.78562817078,2909.5473833333326,15146.784757243167,12268.895653366968,10800.0,10800.0,0
2025-03-21,M4,17909.192909076286,0.0,449.03836152173415,18358.23127059802,18358.23127059802,0.0,432.8091445616352,0.0,0.0,18358.23127059802,46460.23693698898,46893.04608155061,11522.485355200497,20598.967490946496,14411.203782826038,11673.075064089091,10800.0,10800.0,0
2025-03-22,M4,18747.58341486667,0.0,149.95887222976776,18897.542287096443,18897.542287096443,0.0,214.32978706296586,0.0,0.0,18897.542287096443,46689.36830078583,46903.698087848796,11672.388211913516,16762.407806995885,13619.485976873999,11031.783641267943,10800.0,10800.0,0
2025-03-23,M4,60241.842697280335,0.0,425.4039444633004,60667.24664174365,60667.24664174365,0.0,365.56057368559794,0.0,0.0,60667.24664174365,93000.84131722234,93366.40189090795,26770.56089679105,4970.122566666666,15031.570056755601,12175.571745972034,10800.0,10800.0,0
2025-03-24,M4,58318.02219019301,0.0,631.3388263903654,58949.36101658337,58949.36101658337,0.0,504.92505233132147,0.0,0.0,58949.36101658337,90408.85882544753,90913.78387777886,24508.43498467073,5483.957616666667,15383.653647937552,12460.759454829422,10800.0,10800.0,0
2025-03-25,M4,59788.25937637214,0.0,784.5070829980559,60572.76645937016,60572.76645937016,0.0,618.8378197041718,0.0,0.0,60572.76645937016,91966.82966877782,92585.667488482,24413.850960344476,4410.7941833333325,14794.198042829092,11983.300414691563,10800.0,10800.0,0
2025-03-26,M4,56433.02809578474,0.0,391.9243361927278,56824.95243197747,56824.95243197747,0.0,350.2530443566243,0.0,0.0,56824.95243197747,89558.6581326021,89908.91117695873,25476.143555819828,5917.7654,15381.301865643345,12458.85451117111,10800.0,10800.0,0
2025-03-27,M4,57672.93876732158,0.0,695.2001599825078,58368.13892730412,58368.13892730412,0.0,573.177783257524,0.0,0.0,58368.13892730412,90462.4364574989,91035.61424075643,24835.734539367597,4712.074500000001,14583.241059941265,11812.425258552425,10800.0,10800.0,0
2025-03-28,M4,17296.775290620335,0.0,169.95897726366022,17466.734267883996,17466.734267883996,0.0,190.36597161790405,0.0,0.0,17466.734267883996,43442.39323893425,43632.75921055216,8969.054003719379,21253.363812551444,13623.476987445667,11035.016359830992,10800.0,10800.0,0
2025-03-29,M4,17035.760743266448,0.0,240.39492043704422,17276.15566370349,17276.15566370349,0.0,267.78275553946594,0.0,0.0,17276.15566370349,41905.828066033166,42173.610821572634,6826.5000517925955,25050.05782572016,13630.756635402904,11040.912874676353,10800.0,10800.0,0
2025-03-30,M4,54562.62597867343,0.0,342.5855534079711,54905.21153208142,54905.21153208142,0.0,303.87004910548933,0.0,0.0,54905.21153208142,88089.40530345602,88393.2753525615,23619.096183026268,6504.842333333333,15387.984927378486,12464.267791176575,10800.0,10800.0,0
2025-03-31,M4,52987.978732902506,0.0,3341.6470521143415,56329.62578501683,56329.62578501683,0.0,3004.931495546733,0.0,0.0,56329.62578501683,84440.87297782958,87445.80447337631,23058.324305959533,4454.774046936082,15691.140195512444,12709.823558365086,10800.0,10800.0,0
2025-04-01,M4,58729.94905156018,0.0,1493.4284427433058,60223.377494303466,60223.377494303466,0.0,1155.8346929311672,0.0,0.0,60223.377494303466,90521.6964326542,91677.53112558537,26540.78893601649,2294.5490795585656,13859.692596545516,11226.351003201868,10800.0,10800.0,0
2025-04-02,M4,57352.01150765899,0.0,1730.1848958566266,59082.19640351564,59082.19640351564,0.0,1384.3517807868377,0.0,0.0,59082.19640351564,89828.98183427201,91213.33361505886,24328.539485343674,3397.571266666667,16062.565594992266,13010.678131943732,10800.0,10800.0,0
2025-04-03,M4,57949.70364909998,0.0,345.26679878612106,58294.97044788612,58294.97044788612,0.0,327.300739232521,0.0,0.0,58294.97044788612,90986.92172035054,91314.22245958308,26532.396542822207,6116.542683333333,14746.068246109837,11944.315279348972,10800.0,10800.0,0
2025-04-04,M4,16230.493083888989,0.0,89.92124278566709,16320.414326674654,16320.414326674654,0.0,170.74519150630616,0.0,0.0,16320.414326674654,41042.26835715397,41213.01354866027,6754.383940114389,25287.914712139915,14420.592875820872,11680.680229414906,10800.0,10800.0,0
2025-04-05,M4,16281.637582605925,0.0,272.5047635369502,16554.142346142875,16554.142346142875,0.0,366.2911589286586,0.0,0.0,16554.142346142875,40082.70053351316,40448.99169244182,5244.155102289689,20467.520390946498,14174.743241433114,11481.542025560817,10800.0,10800.0,0
2025-04-06,M4,55390.032236660685,0.0,346.77675471455905,55736.808991375234,55736.808991375234,0.0,333.5094368807089,0.0,0.0,55736.808991375234,88231.48293886684,88564.99237574755,25028.363653387838,6157.668716896546,15625.703888402677,12656.820149606172,10800.0,10800.0,0
2025-04-07,M4,52909.16606129808,0.0,1860.8650189714676,54770.03108026957,54770.03108026957,0.0,1591.1470005225635,0.0,0.0,54770.03108026957,85130.17993676694,86721.32693728949,24349.216765358844,6373.889599291428,14502.638364767921,11747.137075462022,10800.0,10800.0,0
2025-04-08,M4,53705.88856761565,0.0,115.56460872674324,53821.45317634239,53821.45317634239,0.0,146.21594451185217,0.0,0.0,53821.45317634239,87209.42623583961,87355.64218035147,22882.98033489273,7159.066710217165,15581.060624078536,12620.659105503615,10800.0,10800.0,0
2025-04-09,M4,54690.984594871086,0.0,1310.1270867107148,56001.11168158181,56001.11168158181,0.0,1252.4506940296753,0.0,0.0,56001.11168158181,86399.55396255865,87652.00465658834,22600.88383414283,3109.2241333374327,14776.766697060015,11969.181024618614,10800.0,10800.0,0
2025-04-10,M4,54289.37062669096,0.0,753.1253098732212,55042.49593656421,55042.49593656421,0.0,852.4041756096257,0.0,0.0,55042.49593656421,87102.71522084271,87955.11939645233,23551.7275718441,7082.157366666665,15055.771357587206,12195.174799645636,10800.0,10800.0,0
2025-04-11,M4,15616.547185732574,0.0,388.9411752831605,16005.488361015738,16005.488361015738,0.0,456.6299920934979,0.0,0.0,16005.488361015738,38981.3947556943,39438.0247477878,5185.241322146378,26163.217093449974,14594.295608025142,11821.379442500363,10800.0,10800.0,0
2025-04-12,M4,16510.712293736196,0.0,106.82642207968478,16617.53871581588,16617.53871581588,0.0,145.56329341304598,0.0,0.0,16617.53871581588,41389.518076071385,41535.08136948443,6997.050533063145,22882.09564300412,13846.182333774612,11215.407690357439,10800.0,10800.0,0
2025-04-13,M4,52875.721676670604,0.0,76.83142867235343,52952.553105342944,52952.553105342944,0.0,88.68459416648864,0.0,0.0,52952.553105342944,85044.8658556527,85133.55044981919,22208.6329090673,5879.451316666666,14574.251267115178,11805.143526363294,10800.0,10800.0,0
2025-04-14,M4,52707.63389611167,0.0,409.2971381441512,53116.93103425585,53116.93103425585,0.0,352.7020534578745,0.0,0.0,53116.93103425585,85545.77413687017,85898.47619032805,23990.63888781764,6592.134049999999,14671.955013212617,11884.283560702217,10800.0,10800.0,0
2025-04-15,M4,50844.464730468884,0.0,146.72881991152573,50991.19355038041,50991.19355038041,0.0,182.40602838560744,0.0,0.0,50991.19355038041,83962.69033572692,84145.09636411251,23270.05843405723,8132.93528355672,13698.283227185462,11095.609414020224,10800.0,10800.0,0
2025-04-16,M4,53285.013440466784,0.0,1029.5729948312444,54314.58643529804,54314.58643529804,0.0,860.4584402409989,0.0,0.0,54314.58643529804,85356.3696733753,86216.8281136163,23140.08989119879,4522.642416666667,14602.65187237292,11828.14801662207,10800.0,10800.0,0
2025-04-17,M4,50916.765323806416,0.0,1088.6757528368457,52005.44107664327,52005.44107664327,0.0,1185.3879939819246,0.0,0.0,52005.44107664327,83340.23968108575,84525.62767506769,22865.267822003632,5884.109916666666,15304.776770512586,12396.869184115196,10800.0,10800.0,0
2025-04-18,M4,15077.899067132337,0.0,274.2381358916256,15352.137203023969,15352.137203023969,0.0,309.8191606263262,0.0,0.0,15352.137203023969,38268.61271310864,38578.43187373497,5788.65570490878,23693.355459119004,14433.17645459922,11690.87292822537,10800.0,10800.0,0
2025-04-19,M4,15378.891708792169,0.0,352.305813878763,15731.197522670938,15731.197522670938,0.0,397.2613076332543,0.0,0.0,15731.197522670938,39536.8176498653,39934.078957498554,6478.84458595702,23906.39345455578,14548.219299925006,11784.057632939253,10800.0,10800.0,0
2025-04-20,M4,51005.39037796582,0.0,537.599980194503,51542.99035816035,51542.99035816035,0.0,461.96216288169427,0.0,0.0,51542.99035816035,83303.39853173571,83765.36069461741,22932.798950066543,6118.829398148148,14505.197174049423,11749.209710980036,10800.0,10800.0,0
2025-04-21,M4,50874.220976446464,0.0,289.3768358194844,51163.597812265965,51163.597812265965,0.0,230.47124366140497,0.0,0.0,51163.597812265965,85083.6296341801,85314.10087784151,24652.864528016144,9398.588270838012,14451.251029758054,11705.513334104024,10800.0,10800.0,0
2025-04-22,M4,49103.79807914445,0.0,2464.2954859126216,51568.09356505706,51568.09356505706,0.0,2608.5122257601734,0.0,0.0,51568.09356505706,80561.88720362086,83170.39942938104,22390.946646539604,5757.331061509916,15101.012656130772,12231.820251465922,10800.0,10800.0,0
2025-04-23,M4,49504.35971262699,0.0,1605.172595587895,51109.53230821489,51109.53230821489,0.0,1422.1999117115497,0.0,0.0,51109.53230821489,81595.70015381399,83017.90006552552,23154.151290969963,5615.994107836831,14988.620789747714,12140.782839695647,10800.0,10800.0,0
2025-04-24,M4,48947.06945181945,0.0,213.5661284697775,49160.63558028923,49160.63558028923,0.0,228.97094470214233,0.0,0.0,49160.63558028923,81419.92221868348,81648.89316338563,22351.53930161806,9499.207445966773,14252.840609477846,11544.800893677057,10800.0,10800.0,0
2025-04-25,M4,13981.80286934479,0.0,54.51550151956413,14036.31837086436,14036.31837086436,0.0,121.03359831224861,0.0,0.0,14036.31837086436,36344.33896071583,36465.37255902808,3923.452948056215,27550.210499533612,15743.955060201317,12752.603598763066,10800.0,10800.0,0
2025-04-26,M4,14435.646624944977,0.0,169.73251265333732,14605.379137598318,14605.379137598318,0.0,233.70677429641398,0.0,0.0,14605.379137598318,36113.98018447195,36347.68695876836,4578.74922917978,28877.253398321565,14849.951041756249,12028.46034382256,10800.0,10800.0,0
2025-04-27,M4,45677.321172566015,0.0,1165.4607997264836,46842.78197229249,46842.78197229249,0.0,1105.587803818011,0.0,0.0,46842.78197229249,77905.30140824319,79010.8892120612,19152.542419624035,8264.956933333333,15894.308819844775,12874.39014407427,10800.0,10800.0,0
2025-04-28,M4,50880.38955963232,0.0,2213.848481078025,53094.238040710334,53094.238040710334,0.0,2100.482987407897,0.0,0.0,53094.238040710334,82267.78142991039,84368.26441731828,21531.71622655665,3113.4850500000007,16321.55696892093,13220.461144825957,10800.0,10800.0,0
2025-04-29,M4,48090.30242414456,0.0,490.8533200402364,48581.15574418479,48581.15574418479,0.0,419.02835724090653,0.0,0.0,48581.15574418479,81562.92093408559,81981.9492913265,22515.628061675106,9405.38547078189,13830.116011593893,11202.39396939105,10800.0,10800.0,0
2025-04-30,M4,46978.04603944562,0.0,233.6874955185773,47211.73353496421,47211.73353496421,0.0,244.2722798679606,0.0,0.0,47211.73353496421,79354.64913595017,79598.92141581813,21802.1487392719,6788.346617484138,14481.955924888205,11730.384299159445,10800.0,10800.0,0
2025-05-01,M4,47594.89740475045,0.0,900.0668975018922,48494.96430225232,48494.96430225232,0.0,756.6645028540469,541.5494009385956,3442.219199723934,51937.18350197626,77972.93690771266,78729.6014105667,17312.522246513272,8230.779816666667,16097.439580209215,13380.969631883854,10800.0,10419.951586761788,4
2025-05-02,M4,16165.983332562495,0.0,222.09492128115815,16388.078253843654,16388.078253843654,0.0,212.645640721865,0.0,0.0,16388.078253843654,37981.08627127143,38193.7319119933,2812.5437118737555,17634.487815401826,16391.245944578935,12934.865643194551,10419.951586761788,10800.0,0
2025-05-03,M4,16361.423334571116,0.0,7.92260629287448,16369.345940863992,16369.345940863992,0.0,17.667356255158666,0.0,0.0,16369.345940863992,39473.31488293079,39490.982239185956,3886.676321609486,23692.848098446688,16022.558784893608,12978.272615763828,10800.0,10800.0,0
2025-05-04,M4,55720.41665585422,0.0,80.70528369516731,55801.12193954938,55801.12193954938,0.0,121.91966590771176,5.9969500000000835,39.825744950000555,55840.947684499384,88653.17165779746,88775.09132370517,27199.469589815588,7099.261449999999,14461.525792401271,11713.835891845032,10800.0,10800.0,1
2025-05-05,M4,54317.27296519909,0.0,0.0,54317.27296519909,54317.27296519909,0.0,0.0,0.0,0.0,54317.27296519909,86840.59348827989,86840.59348827989,23420.689169841957,5576.218066666667,14566.733956690903,11799.054504919628,10800.0,10800.0,0
2025-05-06,M4,52457.523128975845,0.0,331.52253642450586,52789.04566540034,52789.04566540034,0.0,339.84885070734975,0.0,0.0,52789.04566540034,84412.34100265868,84752.18985336604,21405.438867878176,7523.292757739981,15803.277464522627,12849.90160344141,10800.0,10745.281269802133,0
2025-05-07,M4,53540.069256303555,0.0,0.0,53540.069256303555,53540.069256303555,0.0,0.0,0.0,0.0,53540.069256303555,85551.15269024322,85551.15269024322,21153.892218589808,6404.217133333333,15136.581742852635,12211.384354532553,10745.281269802133,10800.0,0
2025-05-08,M4,58043.17410964128,0.0,5.2120564616951475,58048.38616610299,58048.38616610299,0.0,2.7273974158530336,0.0,0.0,58048.38616610299,90088.76482673989,90091.49222415575,27087.198322530534,4449.636011387337,14358.66047493618,11630.514984698304,10800.0,10800.0,0
2025-05-09,M4,18619.692911420512,0.0,0.0,18619.692911420512,18619.692911420512,0.0,0.0,0.0,0.0,18619.692911420512,45061.08024859988,45061.08024859988,9727.340198324971,24066.117241676773,14569.668203148069,11801.431244549938,10800.0,10800.0,0
2025-05-10,M4,18310.825881184737,0.0,0.0,18310.825881184737,18310.825881184737,0.0,0.0,0.0,0.0,18310.825881184737,43310.77680926303,43310.77680926303,7131.07930340155,21434.7316892832,13810.108069710224,11186.187536465284,10800.0,10800.0,0
2025-05-11,M4,55392.511062285834,0.0,336.40911578662974,55728.92017807245,55728.92017807245,0.0,313.4406531914862,41.18071666666674,272.24827716666715,56001.168455239116,88181.16533776234,88494.60599095383,25304.51064478784,4917.5353,14892.956207891191,12063.294528391869,10800.0,10800.0,2
2025-05-12,M4,53940.39440298133,0.0,1151.9578539395254,55092.35225692083,55092.35225692083,0.0,1197.0883893232983,0.0,0.0,55092.35225692083,86093.42063649988,87290.50902582318,26479.082862420106,6379.698005224704,13160.699604447618,10660.166679602571,10800.0,10800.0,0
2025-05-13,M4,54133.263346560394,0.0,165.0051957523198,54298.268542312726,54298.268542312726,0.0,201.7313715691592,0.0,0.0,54298.268542312726,86489.95512669871,86691.68649826788,25289.369403819546,5481.9258666666665,14690.41295323686,11899.234492121857,10800.0,10800.0,0
2025-05-14,M4,52370.94108253793,0.0,1090.2999726880744,53461.24105522599,53461.24105522599,0.0,1056.7806433285346,0.0,0.0,53461.24105522599,85161.41811200442,86218.19875533297,24896.55733859051,5539.867784362138,14566.446573931502,11798.821724884516,10800.0,10800.0,0
2025-05-15,M4,53667.98720389364,0.0,1153.3921663800322,54821.379370273666,54821.379370273666,0.0,1063.1975108892575,0.0,0.0,54821.379370273666,85001.8006260065,86064.99813689577,23958.27656096113,6559.091130978957,14645.11664011759,11862.544478495249,10800.0,10800.0,0
2025-05-16,M4,16860.43509325116,0.0,101.86386201936081,16962.29895527052,16962.29895527052,0.0,136.17720244695806,0.0,0.0,16962.29895527052,39446.14013903934,39582.3173414863,5090.573365930002,28893.324544332136,15173.22577837284,12290.312880482006,10800.0,10800.0,0
2025-05-17,M4,17679.83577777169,0.0,110.6437066495619,17790.479484421245,17790.479484421245,0.0,136.01249271934364,0.0,0.0,17790.479484421245,40652.681747269955,40788.694239989294,5770.806027888312,21743.800751001596,14869.938830347655,12044.650452581602,10800.0,10800.0,0
2025-05-18,M4,53855.269588394665,0.0,627.101294959482,54482.37088335415,54482.37088335415,0.0,525.0189433132355,0.0,0.0,54482.37088335415,86536.6514338868,87061.67037720003,26318.745709282353,4290.085366666666,14614.058953952783,11837.387752701758,10800.0,10800.0,0
2025-05-19,M4,50650.7633690237,0.0,147.55414660350868,50798.31751562721,50798.31751562721,0.0,172.05040697976574,67.00333333333344,467.5827616666674,51265.90027729388,84266.81535277313,84438.8657597529,24017.482747672057,10218.26660867252,14499.49045653508,11744.587269793414,10800.0,10800.0,1
2025-05-20,M4,52281.000194559645,0.0,743.459995176598,53024.460189736245,53024.460189736245,0.0,702.8707306743642,0.0,0.0,53024.460189736245,83747.68705435372,84450.55778502808,23465.954573497882,3797.6835131379353,13997.499377503149,11337.974495777553,10800.0,10800.0,0
2025-05-21,M4,51309.29611770516,0.0,1396.216328153789,52705.51244585894,52705.51244585894,0.0,1251.8376152107664,0.0,0.0,52705.51244585894,83129.38687158842,84381.22448679918,22899.39501657764,7510.20315,13731.637036253773,11122.625999365562,10800.0,10800.0,0
2025-05-22,M4,50995.87298944026,0.0,287.7535567711649,51283.62654621142,51283.62654621142,0.0,271.34347672723544,0.0,0.0,51283.62654621142,82304.22921853676,82575.57269526401,22356.587193057992,6781.767356790126,13792.564888153802,11171.977559404582,10800.0,10800.0,0
2025-05-23,M4,16028.157314678687,0.0,405.24242110003297,16433.399735778716,16433.399735778716,0.0,453.07870054741545,0.0,0.0,16433.399735778716,37918.01200568287,38371.09070623028,5188.502865533592,23711.60999511789,16052.784011818265,13002.7550495728,10800.0,10800.0,0
2025-05-24,M4,16592.307435380244,0.0,164.49584760660628,16756.80328298685,16756.80328298685,0.0,193.2615013826108,0.0,0.0,16756.80328298685,38349.909564338974,38543.17106572159,5476.909220073965,26299.226972681106,15855.439419122042,12842.905929488856,10800.0,10800.0,0
2025-05-25,M4,50125.5045599274,0.0,136.305681306729,50261.81024123415,50261.81024123415,0.0,109.92163617265862,0.0,0.0,50261.81024123415,83020.98377458018,83130.90541075284,23149.799123586647,8767.493575720167,14045.276463750935,11376.673935638255,10800.0,10800.0,0
2025-05-26,M4,49394.42881594926,0.0,1423.2351785575647,50817.663994506795,50817.663994506795,0.0,1174.6245231925977,0.0,0.0,50817.663994506795,80065.75991239655,81240.38443558915,19132.164463592064,4776.529966666666,14483.458185949612,11731.60113061919,10800.0,10800.0,0
2025-05-27,M4,49381.31538554543,0.0,2134.914104862255,51516.229490407655,51516.229490407655,0.0,2153.4597578604844,0.0,0.0,51516.229490407655,81298.89277901646,83452.35253687695,23688.161599943895,7654.206045854703,14313.776795149193,11594.159204070846,10800.0,10800.0,0
2025-05-28,M4,51248.242655186295,0.0,619.5318683474259,51867.77452353374,51867.77452353374,0.0,531.208790164656,0.0,0.0,51867.77452353374,82616.86114084042,83148.06993100508,21618.424020914215,6476.720666666666,14626.848123285336,11847.74697986112,10800.0,10800.0,0
2025-05-29,M4,50838.59150625394,0.0,2778.073795147067,53616.665301401,53616.665301401,0.0,2501.3919110218403,17.817433333333497,119.80442173333444,53736.46972313434,82102.58695419344,84603.97886521526,22022.74760416889,5640.1650666666665,14993.474356384511,12144.714228671459,10800.0,10800.0,1
2025-05-30,M4,16836.624625584638,0.0,114.24567936216218,16950.8703049468,16950.8703049468,0.0,164.2088188667587,0.0,0.0,16950.8703049468,39392.12355370184,39556.33237256859,5550.307925123218,24474.441184084237,15449.210508918271,12513.8605122238,10800.0,10800.0,0
2025-05-31,M4,16419.706298090703,0.0,262.7212248543672,16682.427522945076,16682.427522945076,0.0,262.85782237998933,0.0,0.0,16682.427522945076,39429.64133609545,39692.49915847544,5920.566893123607,22413.04022279013,15630.055224008978,12660.34473144728,10800.0,10800.0,0
2025-06-01,M4,61368.577191701705,0.0,5916.718200620881,67285.2953923226,67285.2953923226,0.0,4275.913153178477,523.6558051959331,3301.087423227663,70586.38281555027,89058.27708371003,93334.1902368885,19269.81509586248,549.8425666666666,17281.902906032632,14468.540826477343,10800.0,10277.556141565654,13
2025-06-02,M4,67212.36199597157,0.0,1891.1186300460718,69103.48062601763,69103.48062601763,0.0,1220.3180626555852,0.0,0.0,69103.48062601763,97996.29611834628,99216.61418100186,24634.249766347013,2297.8737499999997,16702.546010862818,13058.86279620797,10277.556141565654,10800.0,0
2025-06-03,M4,72040.39250100356,0.0,1478.3178155925284,73518.71031659612,73518.71031659612,0.0,1068.1159684321738,3.616511234908671,24.615783720405872,73543.32610031652,103447.45639404218,104515.57236247436,30439.383177127333,2841.290749999999,16032.358490782151,12986.210377533545,10800.0,10800.0,1
2025-06-04,M4,74853.1673987763,0.0,603.8847925651708,75457.05219134151,75457.05219134151,0.0,448.93168886628564,5.743296259757699,39.545466396561636,75496.59765773808,105719.62885587683,106168.56054474312,32473.295051554902,1195.528466666666,15053.786874287573,12193.567368172935,10800.0,10800.0,1
2025-06-05,M4,73948.49978774585,0.0,628.7642734140239,74577.26406115988,74577.26406115988,0.0,455.199182228779,23.350588396452167,159.53418164205237,74736.79824280193,103641.04196677872,104096.24114900749,28562.11043067517,1383.6305333333335,15918.593456467297,12894.060699738522,10800.0,10800.0,2
2025-06-06,M4,27369.68368236097,0.0,139.97851673090673,27509.66219909189,27509.66219909189,0.0,124.07756395265304,0.0,0.0,27509.66219909189,57670.30538489271,57794.38294884536,13647.85686796391,10750.59910699589,13373.324073081943,10832.39249919638,10800.0,10800.0,0
2025-06-07,M4,30384.583918107135,0.0,0.0,30384.583918107135,30384.583918107135,0.0,0.0,0.0,0.0,30384.583918107135,62995.42499421769,62995.42499421769,18630.048643123297,10678.683380310053,13474.630547987781,10914.450743870098,10800.0,10800.0,0
2025-06-08,M4,81313.95199327664,0.0,0.0,81313.95199327664,81313.95199327664,0.0,0.0,0.0,0.0,81313.95199327664,114440.3633654896,114440.3633654896,43669.13547831791,3404.5986999999996,11482.6627395001,9300.95681899508,10800.0,10800.0,0
2025-06-09,M4,78695.03529561673,0.0,22.259319996877174,78717.29461561362,78717.29461561362,0.0,10.473249110441657,0.0,0.0,78717.29461561362,109109.78681804647,109120.2600671569,33908.50281753474,1560.3702674934348,14308.811835765286,11590.137586969884,10800.0,10800.0,0
2025-06-10,M4,75093.94483507158,0.0,0.0,75093.94483507158,75093.94483507158,0.0,0.0,0.0,0.0,75093.94483507158,105701.41372026369,105701.41372026369,30440.128810221915,660.2974499999995,15697.595930044528,12715.052703336069,10800.0,10800.0,0
2025-06-11,M4,77723.92120083909,0.0,295.5473434151678,78019.46854425425,78019.46854425425,0.0,197.43652292318694,0.0,0.0,78019.46854425425,107601.73421793566,107799.17074085886,27846.339611321437,715.6320499999994,16593.435594056587,13440.682831185835,10800.0,10800.0,0
2025-06-12,M4,77999.75700742478,0.0,1.0419998679044353,78000.79900729268,78000.79900729268,0.0,0.5086896445540106,0.0,0.0,78000.79900729268,108125.60681855243,108126.11550819699,31947.133199648546,866.30355,15054.143816921658,12193.856491706547,10800.0,10800.0,0
2025-06-13,M4,29103.669378681145,0.0,41.39316055550475,29145.062539236653,29145.062539236653,0.0,60.977315503785235,0.0,0.0,29145.062539236653,60640.052268824205,60701.02958432799,18232.007765034716,11705.237945664408,12728.790387520323,10310.320213891457,10800.0,10800.0,0
2025-06-14,M4,30052.14999176033,0.0,97.90792719950814,30150.057918959843,30150.057918959843,0.0,147.50325023824644,0.0,0.0,30150.057918959843,61001.80746528951,61149.31071552775,18005.66546659431,14592.919884238625,12407.276919446434,10049.894304751611,10800.0,10800.0,0
2025-06-15,M4,74768.71681731673,0.0,0.0,74768.71681731673,74768.71681731673,0.0,0.0,0.0,0.0,74768.71681731673,105230.57258782821,105230.57258782821,30951.90317171768,693.0960833333331,15571.57368128348,12612.97468183962,10800.0,10800.0,0
2025-06-16,M4,75518.65153478427,0.0,191.01037451524064,75709.66190929952,75709.66190929952,0.0,179.9797144513194,0.0,0.0,75709.66190929952,105011.18604060187,105191.1657550532,28930.640987568564,585.2401833333333,15690.693513077022,12709.461745592389,10800.0,10800.0,0
2025-06-17,M4,73497.96794222026,0.0,2678.790592181103,76176.7585344014,76176.7585344014,0.0,1920.7686557270088,4.299694644524607,29.90222640534638,76206.66076080674,102805.82061099456,104726.58926672157,26537.93758767845,346.6733499999998,16890.87793168939,13681.61112466841,10800.0,10800.0,1
2025-06-18,M4,75615.78787308629,0.0,1348.1060523913427,76963.8939254776,76963.8939254776,0.0,1079.5310898495006,0.0,0.0,76963.8939254776,105306.58666786864,106386.11775771814,32504.973702628864,212.57963333333328,14421.965903978693,11681.792382222742,10800.0,10800.0,0
2025-06-19,M4,71911.48724966272,0.0,1372.0940150196084,73283.58126468229,73283.58126468229,0.0,969.3754851337808,27.075482073826038,187.49237286904474,73471.07363755134,102561.9868165387,103531.36230167249,30347.358970767542,2016.977991302595,15445.245377243082,12510.648755566895,10800.0,10800.0,2
2025-06-20,M4,27446.12428667607,0.0,175.520048318749,27621.64433499482,27621.64433499482,0.0,166.84237272043762,0.0,0.0,27621.64433499482,56624.798634264036,56791.64100698447,15622.418901854147,16503.09211748971,11923.942829687458,9658.39369204684,10800.0,10800.0,0
2025-06-21,M4,25689.438474801926,0.0,261.2937077740383,25950.732182575972,25950.732182575972,0.0,259.99692164482,0.0,0.0,25950.732182575972,53463.85285195186,53723.849773596674,12870.65176520917,19251.978580864197,11928.836986964787,9662.357959441477,10800.0,10800.0,0
2025-06-22,M4,68229.36648535995,0.0,2577.871538893042,70807.23802425299,70807.23802425299,0.0,1857.7483006984621,0.0,0.0,70807.23802425299,97995.08590395373,99852.83420465219,28359.663450122356,1007.0827666666665,15940.773094016678,12912.02620615351,10800.0,10800.0,0
2025-06-23,M4,67768.41812451527,0.0,519.8471029006246,68288.26522741588,68288.26522741588,0.0,408.8542831894031,0.0,0.0,68288.26522741588,97783.9449664733,98192.7992496627,25904.06156569264,2171.828433333334,16082.227634930161,13026.604384293427,10800.0,10800.0,0
2025-06-24,M4,74683.40402794152,0.0,1789.7911895227828,76473.19521746431,76473.19521746431,0.0,1147.372114337079,0.0,0.0,76473.19521746431,103258.54048738144,104405.91260171852,24404.76169706993,169.28284999999983,18753.030550782045,15189.95474613345,10800.0,10800.0,0
2025-06-25,M4,72697.66349995851,0.0,1661.7003174165536,74359.3638173751,74359.3638173751,0.0,1146.2361109256515,0.0,0.0,74359.3638173751,102959.57132427573,104105.80743520138,29940.6955013163,758.8637006238931,15625.404561023874,12656.577694429343,10800.0,10800.0,0
2025-06-26,M4,68929.79091954925,0.0,1461.3258409620596,70391.1167605113,70391.1167605113,0.0,1302.8390108802914,3.4895590612270553,24.617094397426264,70415.73385490873,99495.5325239493,100798.37153482958,27902.25068094528,2171.607396172042,16740.100965474572,13559.481782034409,10800.0,10800.0,1
2025-06-27,M4,24205.613995832897,0.0,215.41028167480155,24421.024277507702,24421.024277507702,0.0,206.99239048609235,0.0,0.0,24421.024277507702,52491.64416499889,52698.63655548498,12270.710354202634,18238.88681522634,12723.123786259743,10305.730266870396,10800.0,10800.0,0
2025-06-28,M4,24341.32745341772,0.0,408.741060261046,24750.068513678776,24750.068513678776,0.0,427.7888926542394,0.0,0.0,24750.068513678776,51987.28665506353,52415.07554771777,11701.62773015358,16377.491192181062,13468.5816248235,10909.551116107032,10800.0,10800.0,0
2025-06-29,M4,67751.31563867864,0.0,2213.496361412885,69964.81200009151,69964.81200009151,0.0,1652.3123878323208,0.0,0.0,69964.81200009151,97218.65720728741,98870.96959511974,26346.347973166772,185.09448518518548,16167.150544391816,13095.39194095737,10800.0,10800.0,0
2025-06-30,M4,70242.20890498628,0.0,463.92560193892575,70706.13450692523,70706.13450692523,0.0,325.2568373563603,0.856048983103733,5.945688212146978,70712.08019513737,100369.6466023397,100694.90343969605,27051.37323602839,837.6080333333326,15416.285452547963,12487.191216563853,10800.0,10800.0,1
2025-07-01,M4,74699.22470149043,0.0,13883.140719682184,88582.36542117265,88582.36542117265,0.0,9217.965886045331,53.26504372947193,435.4683650102977,89017.83378618295,99180.79037242098,108398.75625846631,24943.103865476718,1255.7593666666664,17824.284403784615,14437.670367065544,10800.0,10800.0,1
2025-07-02,M4,77444.24872540688,0.0,8388.408807315524,85832.65753272244,85832.65753272244,0.0,5636.785873005984,0.0,0.0,85832.65753272244,103300.62087933352,108937.4067523395,30317.19253536309,3063.167150000001,13959.372106893403,11307.091406583648,10800.0,10800.0,0
2025-07-03,M4,84829.14967568738,0.0,5556.7202557747105,90385.86993146212,90385.86993146212,0.0,3685.6730606499505,0.0,0.0,90385.86993146212,109423.13041605862,113108.80347670856,29059.089486972895,1283.1604666666665,15821.76099860878,12815.626408873115,10800.0,10800.0,0
2025-07-04,M4,31769.09154381495,0.0,2535.555617879511,34304.64716169446,34304.64716169446,0.0,3725.2090450279265,0.0,0.0,34304.64716169446,57464.29724452961,61189.50628955754,11901.871997265374,17811.93264032922,13657.022027875151,11062.187842578875,10800.0,10800.0,0
2025-07-05,M4,32172.10533646892,0.0,739.8327528277687,32911.9380892967,32911.9380892967,0.0,656.5277389779473,0.0,0.0,32911.9380892967,59515.90960093279,60172.43733991074,9652.096275694734,18763.152909053497,15616.358886820199,12649.250698324362,10800.0,10800.0,0
2025-07-06,M4,85201.70535711195,0.0,2419.682452534417,87621.38780964636,87621.38780964636,0.0,1871.519264652049,5.456968364874228,45.966773021518065,87667.35458266787,110085.15512849769,111956.67439314976,27321.322354519965,1677.3282500000003,16681.574773656146,13512.075566661488,10800.0,10800.0,1
2025-07-07,M4,86760.78316457558,0.0,491.5846754384626,87252.36784001408,87252.36784001408,0.0,382.8536466364767,0.0,0.0,87252.36784001408,113711.00830766064,114093.86195429711,35355.103711783566,2788.5592333333334,13372.190750071331,10831.474507557781,10800.0,10800.0,0
2025-07-08,M4,92619.5153333584,0.0,0.0,92619.5153333584,92619.5153333584,0.0,0.0,0.0,0.0,92619.5153333584,121022.70335486162,121022.70335486162,38076.39140887973,4607.5491833333335,14565.135505167938,11797.759759186034,10800.0,10800.0,0
2025-07-09,M4,88281.44772775157,0.0,0.0,88281.44772775157,88281.44772775157,0.0,0.0,0.0,0.0,88281.44772775157,116211.81407112404,116211.81407112404,36712.03420506342,2823.0051301189224,13779.209048815923,11161.1593295409,10800.0,10800.0,0
2025-07-10,M4,83017.96830085665,0.0,43.03345066734901,83061.00175152399,83061.00175152399,0.0,17.142735083209345,0.0,0.0,83061.00175152399,109646.69471414595,109663.83744922916,30323.11745694604,3773.834983333333,14280.324345349767,11567.062719733312,10800.0,10800.0,0
2025-07-11,M4,35216.40066935452,0.0,31.783832567277752,35248.1845019218,35248.1845019218,0.0,44.40606843568912,0.0,0.0,35248.1845019218,63136.48013284581,63180.8862012815,13437.818381212892,14271.818096296302,15539.329335643797,12586.856761871484,10800.0,10800.0,0
2025-07-12,M4,32884.33423671383,0.0,679.7540764258606,33564.08831313969,33564.08831313969,0.0,643.2603142279677,0.0,0.0,33564.08831313969,59853.22878723131,60496.48910145927,10098.13232548493,16259.492607867145,16076.951761967677,13022.330927193814,10800.0,10800.0,0
2025-07-13,M4,78198.48359252262,0.0,533.3883533969482,78731.8719459196,78731.8719459196,0.0,306.54856951179977,0.0,0.0,78731.8719459196,106791.09392307968,107097.64249259148,28906.976349110784,6218.698182904862,14232.881897767536,11528.634337191703,10800.0,10800.0,0
2025-07-14,M4,75695.35334112663,0.0,2173.724094835419,77869.07743596204,77869.07743596204,0.0,1413.6090787716867,0.0,0.0,77869.07743596204,102261.3810462075,103674.9901249792,25607.106955072733,3581.9097417695466,14096.285323527647,11417.991112057389,10800.0,10800.0,0
2025-07-15,M4,81994.58679836536,0.0,6.191000177914258,82000.77779854328,82000.77779854328,0.0,2.502475869728272,0.0,0.0,82000.77779854328,109518.86534218705,109521.36781805678,32521.439898975867,1625.4880523091438,13817.838333886568,11192.449050448122,10800.0,10800.0,0
2025-07-16,M4,80567.82293749496,0.0,0.0,80567.82293749496,80567.82293749496,0.0,0.0,0.0,0.0,80567.82293749496,106626.72825379527,106626.72825379527,28625.303963903454,3073.942366666666,14699.571262588557,11906.652722696725,10800.0,10800.0,0
2025-07-17,M4,77559.5167785354,0.0,1243.1647285085216,78802.68150704393,78802.68150704393,0.0,999.9005171985084,0.0,0.0,78802.68150704393,104243.03763030769,105242.93814750621,25762.16904552758,3580.4423166666666,16736.372203396313,13556.461484751013,10800.0,10800.0,0
2025-07-18,M4,34176.440591068866,0.0,11.236228645313153,34187.67681971418,34187.67681971418,0.0,18.12879742709447,0.0,0.0,34187.67681971418,62802.44066067342,62820.56945810051,14103.286605934401,14477.482738683128,15608.168492015697,12642.616478532715,10800.0,10800.0,0
2025-07-19,M4,33709.31583822297,0.0,170.65259056201526,33879.968428784974,33879.968428784974,0.0,178.7012642478831,0.0,0.0,33879.968428784974,63600.86954477322,63779.5708090211,13792.997779648615,19696.465699429085,16354.148841807355,13246.86056186396,10800.0,10800.0,0
2025-07-20,M4,77849.81931610107,0.0,454.25007752731887,78304.0693936284,78304.0693936284,0.0,338.7460744904464,0.0,0.0,78304.0693936284,105544.50046848641,105883.24654297685,28193.086321589843,2724.9747473572834,15132.669775595106,12257.462518232038,10800.0,10800.0,0
2025-07-21,M4,79755.43100825557,0.0,171.9808179518564,79927.41182620742,79927.41182620742,0.0,166.80879651486305,0.0,0.0,79927.41182620742,106503.03756620316,106669.846362718,27476.637995041252,2118.3853333333327,16237.229917597051,13152.156233253612,10800.0,10800.0,0
2025-07-22,M4,78546.04376223787,0.0,4863.707478865878,83409.7512411038,83409.7512411038,0.0,4145.744007145676,15.941357718862037,132.0582073430531,83541.80944844686,105180.25309016163,109325.99709730729,29581.14743942732,2880.6905981984105,16236.609477546215,13151.653676812439,10800.0,10800.0,1
2025-07-23,M4,82622.04693814037,0.0,352.69179539224496,82974.73873353263,82974.73873353263,0.0,204.63344100075017,0.0,0.0,82974.73873353263,110511.52351203922,110716.15695303996,30395.645172112876,3110.408833333334,15755.557004879414,12762.001173952327,10800.0,10800.0,0
2025-07-24,M4,81428.05216754919,0.0,1033.2008907559446,82461.25305830514,82461.25305830514,0.0,619.3382634463834,0.0,0.0,82461.25305830514,108707.70336139298,109327.04162483936,30440.144406728614,2528.811948288649,14429.543525379475,11687.930255557372,10800.0,10800.0,0
2025-07-25,M4,31892.995710471834,0.0,601.6542533896841,32494.64996386153,32494.64996386153,0.0,520.2671883459732,0.0,0.0,32494.64996386153,58567.64770059118,59087.91488893715,11053.167486663602,18825.464340740742,14231.386815084981,11527.423320218837,10800.0,10800.0,0
2025-07-26,M4,32993.76526009319,0.0,305.37145204590735,33299.136712139094,33299.136712139094,0.0,271.32903872391705,0.0,0.0,33299.136712139094,60717.561966692476,60988.89100541639,12610.292566618211,16852.35107242901,16090.2936826448,13033.137882942292,10800.0,10800.0,0
2025-07-27,M4,77047.97693692414,0.0,1817.8188587561503,78865.79579568029,78865.79579568029,0.0,1276.4804234647966,0.0,0.0,78865.79579568029,103985.29772811219,105261.77815157699,24863.889472832838,3270.383700000001,18117.448309179723,14675.13313043557,10800.0,10800.0,0
2025-07-28,M4,84005.35577519245,0.0,289.1980168737977,84294.55379206622,84294.55379206622,0.0,175.8801896109319,0.0,0.0,84294.55379206622,110640.06894420105,110815.94913381197,29147.313516353883,672.3827999999999,16007.239916446084,12965.86433232133,10800.0,10800.0,0
2025-07-29,M4,82595.31634214059,0.0,1785.843966899558,84381.16030904016,84381.16030904016,0.0,1281.7630720400746,0.0,0.0,84381.16030904016,109851.22901405022,111132.99208609031,30703.65513973779,1300.1881500000002,16104.751822907969,13044.848976555451,10800.0,10800.0,0
2025-07-30,M4,80999.53666713797,0.0,2368.169874546831,83367.70654168478,83367.70654168478,0.0,1685.139790209765,0.0,0.0,83367.70654168478,107127.81479441152,108812.95458462129,28330.870644446775,3516.4766833333333,15065.01687811148,12202.6636712703,10800.0,10800.0,0
2025-07-31,M4,78548.6294499689,0.0,846.6267480165732,79395.25619798544,79395.25619798544,0.0,605.1781709684926,0.0,0.0,79395.25619798544,105706.21257155595,106311.39074252445,26240.69132414645,1959.6401000000005,17979.27921953334,14563.216167822,10800.0,10800.0,0
2025-08-01,M4,31453.097433199113,0.0,945.9866551687275,32399.084088367847,32399.084088367847,0.0,696.9200190406134,0.0,0.0,32399.084088367847,59086.93951397179,59783.85953301241,12253.730990014574,23367.888228524655,15320.424462139566,12409.543814333054,10800.0,10800.0,0
2025-08-02,M4,30794.341836673062,0.0,20.86764792215748,30815.209484595223,30815.209484595223,0.0,32.9328641392251,0.0,0.0,30815.209484595223,59121.68349826549,59154.616362404726,11588.793490646396,23680.576421395876,15569.586931732243,12611.36541470312,10800.0,10800.0,0
2025-08-03,M4,68642.56412856534,0.0,649.8753257375608,69292.4394543029,69292.4394543029,0.0,553.1323681518647,67.39197884119255,561.5447676355452,69853.98422193844,97056.65546205983,97609.78783021169,23307.621549294632,8681.331915226338,14993.401901045223,12144.655539846633,10800.0,10800.0,2
2025-08-04,M4,69246.44389180276,0.0,741.1403830143885,69987.5842748171,69987.5842748171,0.0,512.0457754797842,0.0,0.0,69987.5842748171,96633.93057114925,97145.97634662903,22355.56228013504,6624.975344855967,14472.54546476151,11722.761826456823,10800.0,10800.0,0
2025-08-05,M4,68699.71633851409,0.0,111.70383799149096,68811.42017650558,68811.42017650558,0.0,110.84003168325131,0.0,0.0,68811.42017650558,96096.8028741961,96207.64290587936,21580.072576422026,6419.024033333333,16085.455593635146,13029.21903084447,10800.0,10800.0,0
2025-08-06,M4,71274.84908415562,0.0,235.28135894335932,71510.13044309897,71510.13044309897,0.0,211.87750343901837,0.0,0.0,71510.13044309897,97847.75697942323,98059.63448286225,21905.70053773714,5058.481517901232,15689.753476616885,12708.700316059672,10800.0,10800.0,0
2025-08-07,M4,71214.38087785413,0.0,1176.0261978404467,72390.40707569456,72390.40707569456,0.0,906.4677972319026,1.3851078172941698,12.065674196449512,72402.472749891,99969.83146718137,100876.29926441328,26329.396683713137,8386.155087179992,14600.775533354941,11826.628182017503,10800.0,10800.0,1
2025-08-08,M4,27897.261636483207,0.0,17.22747136545708,27914.489107848665,27914.489107848665,0.0,27.75779356010571,0.0,0.0,27914.489107848665,50914.59098772255,50942.34878128265,4919.340929592237,26851.992144933774,17872.865561877094,14477.02110512045,10800.0,10800.0,0
2025-08-09,M4,27864.227405192465,0.0,92.76642518959932,27956.993830382064,27956.993830382064,0.0,136.29007108938373,0.0,0.0,27956.993830382064,49939.316652672,50075.60672376139,4310.337803045661,23392.7433532659,18161.034565525424,14710.437998075598,10800.0,10800.0,0
2025-08-10,M4,68623.5922955669,0.0,279.1865075434516,68902.77880311034,68902.77880311034,0.0,246.20930877875196,0.0,0.0,68902.77880311034,95297.90521318367,95544.11452196242,21831.363384961573,5437.536781054581,15634.712136559245,12664.116830612986,10800.0,10800.0,0
2025-08-11,M4,68120.39237931468,0.0,730.0007794644624,68850.39315877916,68850.39315877916,0.0,542.2751266102902,20.771249100615705,171.85092943394406,69022.2440882131,95927.0865651808,96469.36169179107,22079.12432895015,6752.128946913581,16303.296482603364,13205.67015090873,10800.0,10800.0,1
2025-08-12,M4,70525.64251306077,0.0,1609.6790337735742,72135.32154683431,72135.32154683431,0.0,1160.213521346117,0.0,0.0,72135.32154683431,97778.95101253001,98939.16453387612,22770.921949815922,5381.195566666665,15928.965091544962,12902.461724151417,10800.0,10800.0,0
2025-08-13,M4,69227.393559949,0.0,1574.9244115225586,70802.31797147158,70802.31797147158,0.0,1148.649565839595,0.0,0.0,70802.31797147158,96637.10728978111,97785.75685562071,23744.559259812784,4935.571540534978,15708.666343541878,12724.019738268924,10800.0,10800.0,0
2025-08-14,M4,68711.9358830671,0.0,1445.845398654306,70157.78128172139,70157.78128172139,0.0,1248.0242316633166,35.0175204759538,299.19409390097377,70456.97537562237,95717.32189921255,96965.34613087587,21692.442121225737,6031.754533333333,17630.926386628464,14281.050373169053,10800.0,10800.0,2
2025-08-15,M4,28609.241351404584,0.0,549.0552122047569,29158.296563609354,29158.296563609354,0.0,490.617102278979,0.0,0.0,29158.296563609354,52854.19329283532,53344.810395114306,7127.666089676537,25888.37857510151,16679.151826331177,13510.11297932826,10800.0,10800.0,0
2025-08-16,M4,28276.22883545199,0.0,733.4340565039242,29009.66289195591,29009.66289195591,0.0,608.7873061558181,0.0,0.0,29009.66289195591,51261.84843807448,51870.6357442303,6115.357081799713,25419.47938887073,17929.046878385183,14522.527971491996,10800.0,10800.0,0
2025-08-17,M4,69007.84206545247,0.0,258.930572829344,69266.7726382818,69266.7726382818,0.0,214.8422301549732,18.154335399342585,152.7233465469695,69419.49598482877,96949.24551366823,97164.08774382321,22619.909465133092,8296.18947519643,16319.734327507154,13218.984805280792,10800.0,10800.0,1
2025-08-18,M4,68198.22770106343,0.0,1133.4329418907632,69331.6606429542,69331.6606429542,0.0,864.6498650819469,67.16783503449403,567.4140889669223,69899.07473192112,95478.72337603671,96343.37324111865,21799.365979870483,7040.912083333334,16716.565243593017,13540.417847310347,10800.0,10800.0,3
2025-08-19,M4,69434.21693915229,0.0,504.03507743975507,69938.25201659204,69938.25201659204,0.0,368.440250525049,69.0568347303714,590.2367493429269,70528.48876593498,96294.59773518855,96663.0379857136,22721.13444728234,6938.143617901234,14500.824764528355,11745.66805926797,10800.0,10800.0,3
2025-08-20,M4,71952.19273935139,0.0,297.5907417264628,72249.78348107783,72249.78348107783,0.0,232.60579407436285,64.44831863247907,534.4075598534325,72784.19104093125,98504.8660619311,98737.47185600546,21317.260754991104,3473.313080969577,17687.65932637149,14327.004054360905,10800.0,10800.0,2
2025-08-21,M4,71880.1676093092,0.0,880.6155795934314,72760.78318890258,72760.78318890258,0.0,669.4781614470562,0.0,0.0,72760.78318890258,99926.13279377637,100595.61095522344,26257.67624480435,5552.092632645638,15481.176812842707,12539.753218402591,10800.0,10800.0,0
2025-08-22,M4,27948.236878813786,0.0,951.6408545390472,28899.877733352834,28899.877733352834,0.0,751.1128387580452,0.0,0.0,28899.877733352834,51545.36930163372,52296.48214039177,5479.73520778646,22230.24051778857,17662.82639377233,14306.889378955593,10800.0,10800.0,0
2025-08-23,M4,27896.02973776811,0.0,628.5254146541653,28524.555152422272,28524.555152422272,0.0,582.2825924961145,0.0,0.0,28524.555152422272,51214.6800427402,51796.96263523631,5095.28762447748,20849.243795314986,17486.44771286236,14164.022647418511,10800.0,10800.0,0
2025-08-24,M4,70116.75520788907,0.0,652.603704366782,70769.35891225585,70769.35891225585,0.0,465.9729024057498,0.0,0.0,70769.35891225585,97467.81675646099,97933.78965886674,22235.526085849415,8917.43820164609,16038.083621252099,12990.847733214196,10800.0,10800.0,0
2025-08-25,M4,76184.052574261,0.0,313.6418620022393,76497.69443626326,76497.69443626326,0.0,259.5625579945331,0.0,0.0,76497.69443626326,104801.04160535827,105060.60416335281,27566.072374013493,3743.587983333333,15672.93047020696,12695.073680867641,10800.0,10800.0,0
2025-08-26,M4,71232.8986367226,0.0,634.3426883058704,71867.2413250285,71867.2413250285,0.0,499.55705186628563,0.0,0.0,71867.2413250285,99329.18221484331,99828.7392667096,25122.714075431075,6242.777450000001,15444.365041816825,12509.93568387163,10800.0,10800.0,0
2025-08-27,M4,72135.4327082469,0.0,2193.913074612866,74329.34578285976,74329.34578285976,0.0,1888.2475442241328,0.0,0.0,74329.34578285976,99693.14261359005,101581.39015781418,25096.225853286072,5485.7529616311185,16238.223559106991,13152.961082876664,10800.0,10800.0,0
2025-08-28,M4,72729.80920926065,0.0,1997.0068593468063,74726.81606860748,74726.81606860748,0.0,1640.5156232566292,10.717147753414338,86.78374652242582,74813.59981512991,99456.50977396124,101097.02539721788,23438.070246525836,3881.853466952306,15894.862358735883,12874.838510576066,10800.0,10800.0,2
2025-08-29,M4,30515.124100743753,0.0,67.50204205614428,30582.62614279991,30582.62614279991,0.0,99.93869128233769,0.0,0.0,30582.62614279991,57660.49771498937,57760.43640627171,10772.228668947415,21201.921182716047,17005.611603201323,13774.545398593069,10800.0,10800.0,0
2025-08-30,M4,31024.963119554577,0.0,408.44858882294153,31433.411708377516,31433.411708377516,0.0,357.01016879142924,0.0,0.0,31433.411708377516,56741.6601435718,57098.67031236322,9230.026146033342,26498.736596296294,15037.830193159261,12180.642456459003,10800.0,10800.0,0
2025-08-31,M4,71525.79570083864,0.0,110.07545522554557,71635.87115606417,71635.87115606417,0.0,124.87345774291396,6.167338987666881,51.432523487647956,71687.30367955181,98914.99677751433,99039.87023525724,23859.059283720584,5655.780440521811,15181.972456153619,12297.397689484435,10800.0,10800.0,1
2025-09-01,M4,69504.22231745983,0.0,0.0,69504.22231745983,69504.22231745983,0.0,0.0,0.0,0.0,69504.22231745983,106102.12166155277,106102.12166155277,42714.04355942788,7834.50655866089,10418.08952700352,8438.652516872855,10800.0,10800.0,0
2025-09-02,M4,60005.03785430635,0.0,0.0,60005.03785430635,60005.03785430635,0.0,0.0,0.0,0.0,60005.03785430635,93321.19708463259,93321.19708463259,28769.237632875058,7782.32629845866,14273.038438415122,11561.16113511625,10800.0,10800.0,0
2025-09-03,M4,60366.492010754504,0.0,811.2646822150796,61177.756692969546,61177.756692969546,0.0,582.376214523443,0.0,0.0,61177.756692969546,91212.06208396592,91794.43829848936,26215.303919097376,7791.856781893002,11787.159723678917,9547.599376179925,10800.0,10800.0,0
2025-09-04,M4,57193.98321136703,0.0,953.3650645777691,58147.348275944845,58147.348275944845,0.0,729.0741907672195,0.0,0.0,58147.348275944845,87914.89951591122,88643.97370667844,23946.44256833337,7907.417517878925,15076.568791927144,12212.02072146099,10800.0,10800.0,0
2025-09-05,M4,22366.86823625512,0.0,0.0,22366.86823625512,22366.86823625512,0.0,0.0,0.0,0.0,22366.86823625512,46817.730518192606,46817.730518192606,8792.129168689124,28269.05377098765,15433.083746574526,12500.79783472537,10800.0,10800.0,0
2025-09-06,M4,21731.932976431013,0.0,236.3119351542401,21968.244911585247,21968.244911585247,0.0,263.45761747218677,0.0,0.0,21968.244911585247,45798.137610187565,46061.59522765975,8308.453211061847,27029.286802359995,15804.060601252195,12801.289087014282,10800.0,10800.0,0
2025-09-07,M4,51354.487992368355,0.0,4397.949426804461,55752.437419172835,55752.437419172835,0.0,4020.080378544568,0.0,0.0,55752.437419172835,80899.89830036592,84919.97867891048,21285.391684681315,5662.178818772784,15849.60294099852,12838.1783822088,10800.0,10800.0,0
2025-09-08,M4,48605.278756342894,0.0,6373.541236402945,54978.81999274586,54978.81999274586,0.0,4915.900826236095,0.0,0.0,54978.81999274586,76977.39324439543,81893.29407063153,14281.623161442853,4863.110712549186,17647.319280558688,14294.328617252535,10800.0,10800.0,0
2025-09-09,M4,51846.88818948583,0.0,4131.09304619777,55977.9812356836,55977.9812356836,0.0,3411.721735019856,0.0,0.0,55977.9812356836,81124.701017263,84536.42275228286,19418.790281715814,9108.509963719709,15296.25389568775,12389.96565550708,10800.0,10800.0,0
2025-09-10,M4,55979.37747827924,0.0,3200.1356310150195,59179.513109294276,59179.513109294276,0.0,2420.483395605274,0.0,0.0,59179.513109294276,85917.00309800441,88337.48649360969,20012.522717407814,3879.1233,16472.851716852045,13343.009890650155,10800.0,10800.0,0
2025-09-11,M4,56848.88315299275,0.0,1086.563416880933,57935.44656987366,57935.44656987366,0.0,769.9189090592351,0.0,0.0,57935.44656987366,88914.0483438049,89683.96725286414,23706.18342227162,9491.664105462056,15737.020746300705,12746.986804503576,10800.0,10800.0,0
2025-09-12,M4,20833.92078408934,0.0,10.723197429486373,20844.643981518824,20844.643981518824,0.0,18.437768598763114,0.0,0.0,20844.643981518824,44945.3190599074,44963.75682850616,6522.676706239306,23935.782387130268,15545.481763876742,12591.840228740157,10800.0,10800.0,0
2025-09-13,M4,21508.47710763153,0.0,0.0,21508.47710763153,21508.47710763153,0.0,0.0,0.0,0.0,21508.47710763153,46023.51327401367,46023.51327401367,7888.026807649229,27250.011248633673,15149.33544419703,12270.961709799596,10800.0,10800.0,0
2025-09-14,M4,58512.559893606296,0.0,568.2795571226538,59080.839450728956,59080.839450728956,0.0,483.6009129635082,0.0,0.0,59080.839450728956,89127.67546410213,89611.27637706565,22052.410310482184,4727.057288238309,14381.494886027074,11649.01085768193,10800.0,10800.0,0
2025-09-15,M4,53875.31480130861,0.0,1563.6188948241531,55438.933696132764,55438.933696132764,0.0,1208.6888022304354,1.1717666666667128,7.876615533333644,55446.8103116661,84012.59322604407,85221.28202827452,18369.705073236117,8598.049873496806,16777.20113092066,13589.53291604574,10800.0,10800.0,1
2025-09-16,M4,61464.580255445995,0.0,890.6390917434162,62355.21934718942,62355.21934718942,0.0,645.845073439388,0.0,0.0,62355.21934718942,91699.73633312642,92345.58140656582,23793.017931069196,6280.101321429046,14635.2219512328,11854.529780498568,10800.0,10800.0,0
2025-09-17,M4,60028.24301505522,0.0,360.6766911301648,60388.91970618537,60388.91970618537,0.0,328.03637232563324,0.0,0.0,60388.91970618537,90884.77897963737,91212.81535196301,22269.81288445223,5871.19345,16377.319039530372,13265.6284220196,10800.0,10800.0,0
2025-09-18,M4,57722.43882263238,0.0,3683.4906554521285,61405.929478084545,61405.929478084545,0.0,3436.4043892778213,0.0,0.0,61405.929478084545,88205.4858450749,91641.89023435273,23102.478874673903,6569.085235950422,15864.60530032497,12850.330293263229,10800.0,10800.0,0
2025-09-19,M4,20635.47884370449,0.0,552.3864507871166,21187.865294491596,21187.865294491596,0.0,539.699157929568,0.0,0.0,21187.865294491596,45219.63602724766,45759.33518517723,6950.736956134334,19729.900310493824,15670.240009907357,12692.894408024957,10800.0,10800.0,0
2025-09-20,M4,20036.25870821093,0.0,314.27739412306533,20350.536102334005,20350.536102334005,0.0,329.39756675984506,0.0,0.0,20350.536102334005,44356.433656626104,44685.831223385954,6256.649631290651,19664.633137543493,16416.393269570883,13297.278548352408,10800.0,10800.0,0
2025-09-21,M4,62409.87890979706,0.0,604.2678355653715,63014.14674536243,63014.14674536243,0.0,484.3514461216456,0.0,0.0,63014.14674536243,93339.55585868689,93823.90730480854,27009.629830557344,6001.49279975663,13291.037848217016,10765.740657055781,10800.0,10800.0,0
2025-09-22,M4,63238.51830126365,0.0,499.89392584329494,63738.41222710692,63738.41222710692,0.0,432.7973391209969,19.555900000000065,128.01369518333377,63866.425922290255,93749.56573465187,94182.36307377288,24396.441539565894,6179.195862608733,15854.008885604855,12841.747197339933,10800.0,10800.0,2
2025-09-23,M4,64096.84720780137,0.0,10.736239383793793,64107.58344718517,64107.58344718517,0.0,9.55718805516824,0.0,0.0,64107.58344718517,94801.42437208822,94810.98156014338,23741.616242700667,6018.547699999999,15443.168600575693,12508.966566466312,10800.0,10800.0,0
2025-09-24,M4,61337.02903896373,0.0,659.5191651104325,61996.54820407415,61996.54820407415,0.0,618.5025055997016,0.0,0.0,61996.54820407415,91239.60189192323,91858.10439752293,22491.241486005805,5348.204849999999,15554.910323774398,12599.477362257265,10800.0,10800.0,0
2025-09-25,M4,62522.133290221216,0.0,1248.3710584537691,63770.50434867496,63770.50434867496,0.0,1124.244400055232,31.88636666666673,217.3592900833338,63987.86363875829,92863.61572245786,93987.86012251311,24743.551296299072,6282.415078890781,13991.216915736382,11332.885701746465,10800.0,10800.0,2
2025-09-26,M4,21776.69616218887,0.0,0.0,21776.69616218887,21776.69616218887,0.0,0.0,0.0,0.0,21776.69616218887,49837.53553421692,49837.53553421692,11568.128872258396,17656.976776846343,15358.875711116762,12440.689326004582,10800.0,10800.0,0
2025-09-27,M4,21167.85398312997,0.0,954.3594373228899,22122.213420452867,22122.213420452867,0.0,1658.7379788172327,0.0,0.0,22122.213420452867,45706.03633285644,47364.77431167368,7612.945527376685,18838.295420781895,16380.16375534266,13267.932641827558,10800.0,10800.0,0
2025-09-28,M4,64666.02679092276,0.0,2850.445220163156,67516.47201108593,67516.47201108593,0.0,2884.2155760752275,0.0,0.0,67516.47201108593,94325.97808443413,97210.19366050937,26443.820333468997,4298.075969333428,15687.727321264609,12707.059130224332,10800.0,10800.0,0
2025-09-29,M4,65609.44918319125,0.0,244.11361757503113,65853.5628007663,65853.5628007663,0.0,278.94102701769583,5.620383333333393,37.527299516667064,65891.09010028298,95794.03613007351,96072.9771570912,25007.390128018455,5338.263483333333,15647.643837225018,12674.591508152267,10800.0,10800.0,1
2025-09-30,M4,66042.03974526908,0.0,548.7248317300379,66590.7645769991,66590.7645769991,0.0,448.11233905935984,0.0,0.0,66590.7645769991,96142.07947443402,96590.19181349338,23757.178952445465,4426.965783333333,15704.591110778494,12720.718799730577,10800.0,10800.0,0
2025-10-01,M4,60981.34112875131,0.0,42.65550897533633,61023.99663772665,61023.99663772665,0.0,60.319962995773494,0.0,0.0,61023.99663772665,95640.77161270485,95701.09157570062,31914.07526831607,11859.14435,11928.160126585359,9661.809702534134,10800.0,10800.0,0
2025-10-02,M4,58808.302815843505,0.0,431.41715930874756,59239.71997515226,59239.71997515226,0.0,370.5041071013473,0.0,0.0,59239.71997515226,91912.2370385839,92282.74114568526,27865.652002618066,10056.219033333335,13842.563121406252,11212.476128339062,10800.0,10800.0,0
2025-10-03,M4,18095.531377891304,0.0,353.44335724188323,18448.97473513319,18448.97473513319,0.0,379.36208428143203,0.0,0.0,18448.97473513319,42889.08962202179,43268.451706303225,8265.508659589039,24423.482232304523,14538.458496892936,11776.151382483273,10800.0,10800.0,0
2025-10-04,M4,19648.270044229164,0.0,456.76104316089413,20105.031087390053,20105.031087390053,0.0,448.01374133896525,0.0,0.0,20105.031087390053,45194.24165204038,45642.25539337934,9811.425871308376,19982.834024074073,14484.279287702917,11732.266223039362,10800.0,10800.0,0
2025-10-05,M4,57382.67595950897,0.0,1192.789644899439,58575.4656044084,58575.4656044084,0.0,1022.4822689578921,0.0,0.0,58575.4656044084,89437.97504576045,90460.45731471834,24199.501805278946,8818.764818488005,14243.313812024851,11537.08418774013,10800.0,10800.0,0
2025-10-06,M4,55600.987916316524,0.0,2180.3736728927956,57781.361589209315,57781.361589209315,0.0,1870.5638988504093,0.0,0.0,57781.361589209315,85124.70814703725,86995.27204588766,20541.261670447646,5828.438633333333,15223.486800561433,12331.024308454758,10800.0,10800.0,0
2025-10-07,M4,56178.00809264029,0.0,1834.503772016868,58012.51186465715,58012.51186465715,0.0,1433.7384936103415,0.0,0.0,58012.51186465715,86843.35222503022,88277.09071864057,21423.043559741414,6203.586247604028,15152.094269974255,12273.196358679146,10800.0,10800.0,0
2025-10-08,M4,53105.344862196616,0.0,1668.315132002646,54773.65999419925,54773.65999419925,0.0,1281.3906854372583,0.0,0.0,54773.65999419925,83461.61055543841,84743.00124087566,18471.863542223844,6489.6906799804365,17383.954484235386,14081.00313223066,10800.0,10800.0,0
2025-10-09,M4,55632.76242779366,0.0,904.3059244242063,56537.06835221788,56537.06835221788,0.0,721.4501980394324,0.0,0.0,56537.06835221788,87117.32273857911,87838.77293661854,20516.82016285816,8539.95573169447,15905.34399332936,12883.328634596779,10800.0,10800.0,0
2025-10-10,M4,17692.09539583263,0.0,796.695488643058,18488.790884475686,18488.790884475686,0.0,839.7319764063263,0.0,0.0,18488.790884475686,42528.69763647184,43368.42961287817,6853.385875847068,24208.586953866237,15593.925613148407,12631.079746650212,10800.0,10800.0,0
2025-10-11,M4,18711.657324113447,0.0,342.88685615975123,19054.544180273202,19054.544180273202,0.0,364.9501198594259,0.0,0.0,19054.544180273202,43895.34587552147,44260.2959953809,7678.826142280033,19667.906148441245,14775.0006385594,11967.750517233115,10800.0,10800.0,0
2025-10-12,M4,57699.33024798042,0.0,204.98988532998712,57904.32013331041,57904.32013331041,0.0,206.74841734961996,0.0,0.0,57904.32013331041,89015.87574260612,89222.62415995574,21582.65271038965,6042.0201,16226.291401225018,13143.296034992265,10800.0,10800.0,0
2025-10-13,M4,59404.1433933412,0.0,59.887069197981866,59464.03046253918,59464.03046253918,0.0,74.92732517908212,0.0,0.0,59464.03046253918,91604.5430869598,91679.47041213886,24452.874635536125,7253.241774609141,15505.045799966369,12559.087097972759,10800.0,10800.0,0
2025-10-14,M4,60695.19655997987,0.0,26.629968149305043,60721.82652812918,60721.82652812918,0.0,19.35565895856007,0.0,0.0,60721.82652812918,92529.32662397387,92548.68228293244,22983.31892867699,5707.645783333333,16230.990987309358,13147.102699720575,10800.0,10800.0,0
2025-10-15,M4,62515.799839667576,0.0,0.0,62515.799839667576,62515.799839667576,0.0,0.0,0.0,0.0,62515.799839667576,94942.10399876375,94942.10399876375,25680.162987492244,4342.932583333333,15784.130410200942,12785.145632262766,10800.0,10800.0,0
2025-10-16,M4,62626.79561870999,0.0,195.98236722938145,62822.77798593937,62822.77798593937,0.0,182.87260603923988,0.0,0.0,62822.77798593937,93471.59164327139,93654.46424931064,22734.20035129832,4880.456233333332,16175.44586673149,13102.111152052506,10800.0,10800.0,0
2025-10-17,M4,19831.471736730527,0.0,366.2889042263059,20197.760640956825,20197.760640956825,0.0,487.4841190537659,0.0,0.0,20197.760640956825,46138.176433658795,46625.660552712565,9220.68969432126,18542.5864332876,15043.079518089684,12184.894409652643,10800.0,10800.0,0
2025-10-18,M4,20456.147955030552,0.0,509.98208455009865,20966.13003958065,20966.13003958065,0.0,786.3111100147022,0.0,0.0,20966.13003958065,49107.8377165713,49894.14882658601,12358.54128035569,18756.006213380722,14226.358243068036,11523.350176885106,10800.0,10800.0,0
2025-10-19,M4,66375.03408591315,0.0,39.14290019116099,66414.17698610431,66414.17698610431,0.0,31.270923528178344,0.0,0.0,66414.17698610431,98571.1105801528,98602.38150368098,26424.605208779285,5099.677557621913,16801.980020770825,13609.603816824367,10800.0,10800.0,0
2025-10-20,M4,67989.00782794124,0.0,0.0,67989.00782794124,67989.00782794124,0.0,0.0,0.0,0.0,67989.00782794124,100909.40787288359,100909.40787288359,29044.91859963005,4309.81615,16388.8987188783,13275.00796229142,10800.0,10800.0,0
2025-10-21,M4,67638.66304052804,0.0,78.90346776371133,67717.56650829175,67717.56650829175,0.0,59.93033461562612,0.0,0.0,67717.56650829175,99021.68537124462,99081.61570586023,26975.346010496316,2647.3247499999998,15770.334712441689,12773.971117077766,10800.0,10800.0,0
2025-10-22,M4,65860.56392741397,0.0,486.11455993736473,66346.67848735132,66346.67848735132,0.0,458.7880909942861,0.0,0.0,66346.67848735132,96608.20224368239,97066.99033467668,24684.78206574541,3696.117,16479.971415427754,13348.776846496474,10800.0,10800.0,0
2025-10-23,M4,68611.28973960542,0.0,28.868117282004537,68640.15785688742,68640.15785688742,0.0,48.30456455015451,0.0,0.0,68640.15785688742,101450.38027552588,101498.68484007605,30667.792652253873,4646.5691094073945,14762.242342533875,11957.416297452439,10800.0,10800.0,0
2025-10-24,M4,21572.51793896619,0.0,442.4455132882846,22014.963452254477,22014.963452254477,0.0,511.44556408405896,0.0,0.0,22014.963452254477,51049.06396481408,51560.50952889814,11795.995178456647,18505.982819128527,14939.372708664747,12100.891894018445,10800.0,10800.0,0
2025-10-25,M4,21129.383708590936,0.0,457.12363153117,21586.50734012211,21586.50734012211,0.0,539.6699151190428,0.0,0.0,21586.50734012211,50971.35187088091,51511.021785999954,11842.71253340241,17325.09171205086,15498.867406386074,12554.082599172725,10800.0,10800.0,0
2025-10-26,M4,67019.09292440163,0.0,512.9095198074488,67532.00244420907,67532.00244420907,0.0,494.12403987703163,0.0,0.0,67532.00244420907,98189.500380254,98683.62442013103,27118.806937708654,4106.824866666666,15335.161047837113,12421.480448748063,10800.0,10800.0,0
2025-10-27,M4,65013.50170846442,0.0,1059.168624459199,66072.67033292363,66072.67033292363,0.0,933.4343544415375,0.0,0.0,66072.67033292363,96070.17113472064,97003.60548916218,25328.106619228944,5280.593331152964,14959.599326913705,12117.275454800101,10800.0,10800.0,0
2025-10-28,M4,66562.82498826526,0.0,160.21215683488867,66723.03714510016,66723.03714510016,0.0,201.20160908559149,0.0,0.0,66723.03714510016,96983.9570213629,97185.15863044851,25286.926548738527,3013.448366666666,15328.221131806898,12415.85911676359,10800.0,10800.0,0
2025-10-29,M4,69415.87421956017,0.0,427.65620805586815,69843.53042761605,69843.53042761605,0.0,389.83557831745105,0.0,0.0,69843.53042761605,99472.15642532145,99861.99200363888,25350.082798269,2147.8253999999997,16062.24739668368,13010.420391313786,10800.0,10800.0,0
2025-10-30,M4,67790.31499829334,0.0,248.7516476778265,68039.06664597115,68039.06664597115,0.0,290.6151282209777,0.0,0.0,68039.06664597115,97925.88083460485,98216.49596282581,25864.635185948962,4617.657666666667,15507.291895843138,12560.906435632942,10800.0,10800.0,0
2025-10-31,M4,25157.786530750072,0.0,32.99509621484749,25190.781626964905,25190.781626964905,0.0,26.825393644774465,0.0,0.0,25190.781626964905,56742.516332652274,56769.34172629705,16956.083165746415,13463.24315774728,12872.228084929953,10426.504748793268,10800.0,10800.0,0
2025-11-01,M4,24711.295407432237,0.0,62.72385693898569,24774.019264371214,24774.019264371214,0.0,53.73590138823431,0.0,0.0,24774.019264371214,56637.76899992614,56691.50490131437,16925.849069775162,14766.16259151437,12923.446351007955,10467.991544316445,10800.0,10800.0,0
2025-11-02,M4,71500.6040491632,0.0,716.0933772493795,72216.69742641257,72216.69742641257,0.0,563.3037345035482,0.0,0.0,72216.69742641257,102446.16196546055,103009.46569996409,28307.981242848557,2823.27305,16220.144598853705,13138.317125071502,10800.0,10800.0,0
2025-11-03,M4,73701.96615872283,0.0,208.81700524056143,73910.7831639634,73910.7831639634,0.0,149.27885290246616,0.0,0.0,73910.7831639634,104674.58148794834,104823.8603408508,30601.112449530054,1927.9750166666659,14683.38205958293,11893.53946826217,10800.0,10800.0,0
2025-11-04,M4,70599.16437378335,0.0,198.74508562380197,70797.90945940715,70797.90945940715,0.0,230.64344917433704,0.0,0.0,70797.90945940715,100777.49520762637,101008.1386568007,26606.150164883686,3825.845016666666,15768.797062721193,12772.725620804165,10800.0,10800.0,0
2025-11-05,M4,73196.4250352869,0.0,300.59639378182777,73497.02142906873,73497.02142906873,0.0,264.2388996793984,0.0,0.0,73497.02142906873,103005.70073232215,103269.93963200155,28268.036694717688,2388.221716666666,15450.848178687087,12515.187024736544,10800.0,10800.0,0
2025-11-06,M4,72094.72734110832,0.0,1577.2962824625458,73672.0236235709,73672.0236235709,0.0,1219.871577034025,0.0,0.0,73672.0236235709,101154.88398264085,102374.75555967487,26249.672518453306,1602.1108666666669,16596.776971341627,13443.389346786722,10800.0,10800.0,0
2025-11-07,M4,25062.258318117205,0.0,405.88099044360337,25468.13930856081,25468.13930856081,0.0,745.2385352216263,0.0,0.0,25468.13930856081,56890.03954690365,57635.27808212528,16229.927657971191,15492.71534722064,13653.54365052694,11059.370356926822,10800.0,10800.0,0
2025-11-08,M4,25815.918352958295,0.0,0.0,25815.918352958295,25815.918352958295,0.0,0.0,0.0,0.0,25815.918352958295,57922.16686954269,57922.16686954269,16281.764087478525,15406.0206860491,12858.815768500373,10415.640772485302,10800.0,10800.0,0
2025-11-09,M4,73427.71643598352,0.0,16.72064205747572,73444.43707804098,73444.43707804098,0.0,27.917149458582344,0.0,0.0,73444.43707804098,103491.80733101,103519.72448046858,27258.728954745453,1850.2385166666668,16125.999082753311,13062.059257030178,10800.0,10800.0,0
2025-11-10,M4,74868.63118962031,0.0,1016.0129938147404,75884.64418343506,75884.64418343506,0.0,727.3561802457076,0.0,0.0,75884.64418343506,103943.80072000826,104671.15690025399,26740.622491111353,975.202533333333,16299.41460952265,13202.525833713345,10800.0,10800.0,0
2025-11-11,M4,75169.70500563634,0.0,413.95596993604835,75583.66097557242,75583.66097557242,0.0,293.39560553853556,0.0,0.0,75583.66097557242,104893.71386739262,105187.10947293116,28406.035822518083,2270.426233333333,15534.88289691093,12583.255146497851,10800.0,10800.0,0
2025-11-12,M4,73961.50371915035,0.0,1137.3681553067197,75098.87187445705,75098.87187445705,0.0,784.098816143361,0.0,0.0,75098.87187445705,104085.74721860274,104869.84603474612,28418.64531395207,2442.006683333333,16069.506776108981,13016.300488648272,10800.0,10800.0,0
2025-11-13,M4,74613.848668754,0.0,133.11526072980237,74746.96392948381,74746.96392948381,0.0,93.78143114546526,0.0,0.0,74746.96392948381,103230.92561584388,103324.70704698935,26877.689953914185,1183.2677333333327,15094.094963553529,12226.216920478357,10800.0,10800.0,0
2025-11-14,M4,25360.063803394874,0.0,231.82327004780356,25591.887073442667,25591.887073442667,0.0,223.14378500944645,0.0,0.0,25591.887073442667,57321.588221406375,57544.73200641581,15735.946501865335,11577.350314667441,13857.788894121277,11224.809004238236,10800.0,10800.0,0
2025-11-15,M4,26805.851336684544,0.0,365.1926109922817,27171.043947676826,27171.043947676826,0.0,353.45487610035553,0.0,0.0,27171.043947676826,59514.27294693546,59867.72782303582,17219.38723576118,11827.511713250471,13731.273459776337,11122.331502418838,10800.0,10800.0,0
2025-11-16,M4,76077.97803645354,0.0,599.7411629054112,76677.71919935895,76677.71919935895,0.0,433.10967146487747,0.0,0.0,76677.71919935895,105043.74420916899,105476.85388063388,26159.490544831613,1777.0958666666663,16345.910977906635,13240.187892104372,10800.0,10800.0,0
2025-11-17,M4,75783.60100402235,0.0,1348.321671065839,77131.92267508818,77131.92267508818,0.0,1144.601786446422,0.0,0.0,77131.92267508818,105024.68178663404,106169.28357308048,28651.03580778983,1826.148916666667,15770.234291003377,12773.889775712732,10800.0,10800.0,0
2025-11-18,M4,77790.5209633525,0.0,203.91070683296425,77994.43167018553,77994.43167018553,0.0,147.2333816595857,0.0,0.0,77994.43167018553,105962.49238931705,106109.72577097663,27868.90757848962,462.5271833333329,15198.627241159766,12310.888065339412,10800.0,10800.0,0
2025-11-19,M4,78324.17826182478,0.0,3635.868177903361,81960.04643972813,81960.04643972813,0.0,2638.196026486272,0.0,0.0,81960.04643972813,105953.94913844581,108592.14516493208,28937.045299361314,1363.1928499999995,15387.344292477828,12463.748876907046,10800.0,10800.0,0
2025-11-20,M4,77617.65905704327,0.0,179.18951436310223,77796.84857140637,77796.84857140637,0.0,164.7056795627101,0.0,0.0,77796.84857140637,106655.73413723789,106820.4398168006,28254.114626357463,779.8489166666664,15754.738107595538,12761.33786715239,10800.0,10800.0,0
2025-11-21,M4,27717.968322331806,0.0,1575.3391951777653,29293.307517509576,29293.307517509576,0.0,2029.5522074682456,0.0,0.0,29293.307517509576,60390.236119801935,62419.78832727018,19538.85975583752,11633.211650162946,12543.857129489772,10160.52427488672,10800.0,10800.0,0
2025-11-22,M4,29373.42085941902,0.0,251.2532070923249,29624.674066511336,29624.674066511336,0.0,232.44722638802926,0.0,0.0,29624.674066511336,62927.01822998601,63159.46545637404,19407.23076920568,11142.163379202371,12580.220129645588,10189.97830501293,10800.0,10800.0,0
2025-11-23,M4,78886.94947362662,0.0,1391.6841368831833,80278.63361050982,80278.63361050982,0.0,903.0407901904639,0.0,0.0,80278.63361050982,107455.0467816079,108358.08757179837,28531.223757189287,1715.755833333333,15152.693147065362,12273.681449122947,10800.0,10800.0,0
2025-11-24,M4,77785.03847023282,0.0,142.10655177538263,77927.1450220082,77927.1450220082,0.0,144.38781015283382,0.0,0.0,77927.1450220082,106215.58318354539,106359.97099369823,28025.932728448326,1381.8698500000003,14685.39323815739,11895.168522907492,10800.0,10800.0,0
2025-11-25,M4,80599.5982751501,0.0,205.68376775948374,80805.2820429096,80805.2820429096,0.0,233.47460371561323,0.0,0.0,80805.2820429096,109811.0088640287,110044.48346774431,29947.555343622946,833.7680500000001,16286.840039235292,13192.34043178059,10800.0,10800.0,0
2025-11-26,M4,80571.30460531166,0.0,622.5318784735282,81193.83648378517,81193.83648378517,0.0,407.7059664482944,0.0,0.0,81193.83648378517,108796.57349806657,109204.27946451487,29025.882884354192,378.0993333333321,16013.84401838954,12971.213654895526,10800.0,10800.0,0
2025-11-27,M4,80157.16908763214,0.0,813.8824463085809,80971.05153394073,80971.05153394073,0.0,564.1841383079772,0.0,0.0,80971.05153394073,108124.61428780464,108688.79842611263,29085.34423113182,896.6137499999996,15399.724798144569,12473.777086497099,10800.0,10800.0,0
2025-11-28,M4,28179.48986295515,0.0,778.3242500122134,28957.814112967368,28957.814112967368,0.0,977.3127190410398,0.0,0.0,28957.814112967368,61601.51974036617,62578.832459407204,18796.32730719417,10325.78945486974,13344.616564964745,10809.13941762145,10800.0,10800.0,0
2025-11-29,M4,31187.574667937628,0.0,180.16647558944356,31367.741143527077,31367.741143527077,0.0,258.965676382066,0.0,0.0,31367.741143527077,65168.27416698921,65427.23984337129,20892.21439922726,7267.596713991766,12305.150685011875,9967.17205485962,10800.0,10800.0,0
2025-11-30,M4,82930.03206931961,0.0,1092.491224616151,84022.52329393578,84022.52329393578,0.0,831.0207223294077,0.0,0.0,84022.52329393578,110242.80358844872,111073.82431077812,27775.746112897188,10.70791666666662,16013.379813408457,12970.837648860854,10800.0,10800.0,0
2025-12-01,M4,89107.84653146997,0.0,7027.202276568171,96135.0488080382,96135.0488080382,0.0,4452.698914162516,0.0,0.0,96135.0488080382,111760.11671526596,116212.81562942846,26627.077145511408,34.26228333333347,17118.6761434231,13866.127676172711,10800.0,10800.0,0
2025-12-02,M4,94501.22550566394,0.0,5941.381735424505,100442.60724108841,100442.60724108841,0.0,3614.331610185726,0.0,0.0,100442.60724108841,116792.23746048108,120406.56907066681,28655.331085102807,0.0,16386.46334507373,13273.03530950972,10800.0,10800.0,0
2025-12-03,M4,95762.90991671685,0.0,4114.549052762541,99877.4589694794,99877.4589694794,0.0,2737.542379561611,0.0,0.0,99877.4589694794,118376.22423976037,121113.76661932198,30935.713792969396,0.0,15870.022419399593,12854.718159713671,10800.0,10800.0,0
2025-12-04,M4,97132.9329083316,0.0,1353.1768328298556,98486.10974116149,98486.10974116149,0.0,842.5274655624156,0.0,0.0,98486.10974116149,120236.23694466492,121078.76441022733,31396.553721313732,38.74940000000015,15117.118625861147,12244.866086947528,10800.0,10800.0,0
2025-12-05,M4,37152.33283762569,0.0,1446.2628934995298,38598.59573112522,38598.59573112522,0.0,1263.0408958885268,0.0,0.0,38598.59573112522,72240.24052279347,73503.28141868199,24653.116545150133,5225.538533333333,12173.677141395769,9860.678484530572,10800.0,10800.0,0
2025-12-06,M4,39184.05029728266,0.0,1547.798734362631,40731.8490316453,40731.8490316453,0.0,1343.5089005373325,0.0,0.0,40731.8490316453,73514.8050845451,74858.31398508244,24512.162312975117,4460.225183611467,11691.029851732605,9469.73417990341,10800.0,10800.0,0
2025-12-07,M4,100849.62070140225,0.0,268.96577351707526,101118.58647491931,101118.58647491931,0.0,315.3467347512427,0.0,0.0,101118.58647491931,124119.94911342434,124435.29584817559,33820.522210802344,12.572583333333341,15523.788442315377,12574.26863827546,10800.0,10800.0,0
2025-12-08,M4,103636.78359963093,0.0,0.0,103636.78359963093,103636.78359963093,0.0,0.0,0.0,0.0,103636.78359963093,128804.66333960665,128804.66333960665,37894.09937839955,0.0,16122.90970810758,13059.556863567148,10800.0,10800.0,0
2025-12-09,M4,100710.69936247116,0.0,0.0,100710.69936247116,100710.69936247116,0.0,0.0,0.0,0.0,100710.69936247116,126460.32028376775,126460.32028376775,35929.932820838774,7.1056166666667195,16499.092524187618,13364.26494459197,10800.0,10800.0,0
2025-12-10,M4,97851.73053687137,0.0,0.0,97851.73053687137,97851.73053687137,0.0,0.0,0.0,0.0,97851.73053687137,121776.30213262707,121776.30213262707,30178.73907741414,0.0,16894.445202875075,13684.500614328814,10800.0,10800.0,0
2025-12-11,M4,96551.71506028045,0.0,0.0,96551.71506028045,96551.71506028045,0.0,0.0,0.0,0.0,96551.71506028045,122639.0060265983,122639.0060265983,33610.24520697234,0.0,16144.769050662988,13077.26293103702,10800.0,10800.0,0
2025-12-12,M4,39624.84455245952,0.0,953.4512941192869,40578.295846578796,40578.295846578796,0.0,1000.9761343919483,0.0,0.0,40578.295846578796,74769.94430158318,75770.92043597513,26349.58363492589,3436.7504999999996,11948.277987978507,9678.105170262592,10800.0,10800.0,0
2025-12-13,M4,40052.07864506606,0.0,895.6868349147475,40947.76547998079,40947.76547998079,0.0,837.9497130200043,0.0,0.0,40947.76547998079,75246.60276376476,76084.55247678477,26213.918667490652,3769.9650666666666,12116.501891021655,9814.366531727539,10800.0,10800.0,0
2025-12-14,M4,95560.53541946257,0.0,1416.5853707012766,96977.1207901638,96977.1207901638,0.0,994.3559799578645,0.0,0.0,96977.1207901638,118673.68041216242,119668.03639212027,27510.847783367393,0.0,17781.404256594134,14402.937447841252,10800.0,10800.0,0
2025-12-15,M4,97658.38422749667,0.0,421.8372074021552,98080.22143489883,98080.22143489883,0.0,300.15327508675716,0.0,0.0,98080.22143489883,121458.88628251062,121759.03955759737,28883.614437686527,0.0,17925.616596022046,14519.74944277786,10800.0,10800.0,0
2025-12-16,M4,97804.9975762151,0.0,199.1477513832395,98004.14532759834,98004.14532759834,0.0,224.04676598392564,0.0,0.0,98004.14532759834,121923.08886324512,122147.13562922906,29396.28208832847,0.0,17540.85372403822,14208.09151647096,10800.0,10800.0,0
2025-12-17,M4,96665.9591064512,0.0,423.901616200034,97089.86072265125,97089.86072265125,0.0,384.336349366532,0.0,0.0,97089.86072265125,120828.35191721973,121212.68826658626,29854.034871137075,0.0,16667.401730434394,13500.595401651863,10800.0,10800.0,0
2025-12-18,M4,93999.93714127489,0.0,1969.1610219670551,95969.09816324193,95969.09816324193,0.0,1432.6780910829857,0.0,0.0,95969.09816324193,118566.69169002752,119999.36978111051,29134.76897640032,86.18373333333352,17958.684761632645,14546.534656922446,10800.0,10800.0,0
2025-12-19,M4,38735.37231529805,0.0,944.0664624315789,39679.438777729614,39679.438777729614,0.0,1044.2130480736555,0.0,0.0,39679.438777729614,73193.95620896944,74238.16925704308,24898.788375653327,4084.9582160493837,12347.533501791517,10001.502136451132,10800.0,10800.0,0
2025-12-20,M4,38969.8968898146,0.0,90.84613368773462,39060.74302350233,39060.74302350233,0.0,174.30479521616155,0.0,0.0,39060.74302350233,74837.90672906279,75012.21152427896,25310.860809976555,4420.725457696742,12759.331613714021,10335.058607108364,10800.0,10800.0,0
2025-12-21,M4,96476.75135590445,0.0,138.57183565453013,96615.32319155897,96615.32319155897,0.0,150.88143595910117,0.0,0.0,96615.32319155897,120722.89429767281,120873.77573363192,28453.862750710025,0.0,17800.69008555384,14418.558969298609,10800.0,10800.0,0
2025-12-22,M4,96477.09485897876,0.0,506.6870082644997,96983.78186724328,96983.78186724328,0.0,419.19869673335614,0.0,0.0,96983.78186724328,119815.79658426321,120234.99528099656,27849.054171976833,0.0,18150.07381940214,14701.559793715736,10800.0,10800.0,0
2025-12-23,M4,96208.26307605926,0.0,142.92583042403433,96351.18890648326,96351.18890648326,0.0,200.90140908919568,0.0,0.0,96351.18890648326,120406.8511310382,120607.7525401274,30009.727029988517,0.0,17578.59461476616,14238.661637960591,10800.0,10800.0,0
2025-12-24,M4,94740.66065678064,0.0,215.85492492204585,94956.51558170267,94956.51558170267,0.0,298.7661913211066,0.0,0.0,94956.51558170267,119224.38854000525,119523.15473132636,28364.70158662276,0.0,17388.914884405,14085.021056368041,10800.0,10800.0,0
2025-12-25,M4,94119.97044236543,0.0,99.64152282247967,94219.6119651879,94219.6119651879,0.0,129.7711395083844,0.0,0.0,94219.6119651879,118170.33316445239,118300.10430396076,27144.877515409364,0.0,17593.56976430564,14250.791509087565,10800.0,10800.0,0
2025-12-26,M4,38130.272558966615,0.0,648.1651182205072,38778.43767718711,38778.43767718711,0.0,642.1019466084517,0.0,0.0,38778.43767718711,73010.84660541132,73652.94855201979,24344.077066340324,3788.431618076688,13225.354917207613,10712.537482938169,10800.0,10800.0,0
2025-12-27,M4,38451.0869710673,0.0,205.21258563947907,38656.29955670677,38656.29955670677,0.0,256.63931946792627,0.0,0.0,38656.29955670677,74066.06688599818,74322.70620546611,24779.220742429345,3847.055805023993,12408.529428137386,10050.908836791285,10800.0,10800.0,0
2025-12-28,M4,95183.88629449782,0.0,617.1959574454056,95801.08225194318,95801.08225194318,0.0,543.2912615939325,0.0,0.0,95801.08225194318,119912.17380873785,120455.46507033177,30454.072377136814,0.0,16800.72601681567,13608.588073620691,10800.0,10800.0,0
2025-12-29,M4,94433.26902018607,0.0,543.0395573034803,94976.30857748956,94976.30857748956,0.0,494.4465824411082,0.0,0.0,94976.30857748956,119470.80788233007,119965.25446477119,29172.78326006009,0.0,17203.71020023385,13935.005262189421,10800.0,10800.0,0
2025-12-30,M4,95575.54224417647,0.0,605.120511190553,96180.66275536701,96180.66275536701,0.0,375.6511913291424,0.0,0.0,96180.66275536701,122160.54635041469,122536.19754174384,33159.592550616966,18.987083333333203,16490.606883123983,13357.391575330428,10800.0,10800.0,0
2025-12-31,M4,96977.39114570519,0.0,309.84640495599893,97287.23755066117,97287.23755066117,0.0,192.43977025564595,0.0,0.0,97287.23755066117,122021.00062207939,122213.44039233503,30269.824112515125,0.0,17353.649192034663,14056.455845548076,10800.0,10800.0,0
2025-02-01,M5,48113.2578759351,0.0,0.0,48113.2578759351,48113.2578759351,0.0,0.0,0.0,0.0,48113.2578759351,90011.52690063603,90011.52690063603,44165.12306461697,10056.451056044207,7430.404456008081,6018.627609366547,10800.0,10800.0,0
2025-02-02,M5,105715.04291768449,0.0,0.0,105715.04291768449,105715.04291768449,0.0,0.0,0.0,0.0,105715.04291768449,136841.45663872687,136841.45663872687,55805.67140247882,437.1925500000002,11801.656506568665,9559.341770320618,10800.0,10800.0,0
2025-02-03,M5,106741.76262529925,0.0,0.0,106741.76262529925,106741.76262529925,0.0,0.0,0.0,0.0,106741.76262529925,136009.8352487087,136009.8352487087,53691.82271144914,80.66648333333342,10633.839757506463,8613.410203580233,10800.0,10800.0,0
2025-02-04,M5,106730.9267280757,0.0,0.0,106730.9267280757,106730.9267280757,0.0,0.0,0.0,0.0,106730.9267280757,136009.6749423826,136009.6749423826,52045.83237974138,319.04835000000026,12894.369803374888,10444.439540733661,10800.0,10800.0,0
2025-02-05,M5,102404.94296007194,0.0,403.4404585941633,102808.38341866614,102808.38341866614,0.0,277.1199052757313,0.0,0.0,102808.38341866614,131176.78609606792,131453.90600134368,48245.477363612255,41.18235000000027,12730.627917884669,10311.808613486584,10800.0,10800.0,0
2025-02-06,M5,104244.75544584496,0.0,197.04693740208623,104441.80238324706,104441.80238324706,0.0,137.3109806237577,0.0,0.0,104441.80238324706,133314.2635673952,133451.57454801895,50714.25610598874,1.400816666666742,12972.949519457317,10508.089110760426,10800.0,10800.0,0
2025-02-07,M5,44254.62306087624,0.0,0.0,44254.62306087624,44254.62306087624,0.0,0.0,0.0,0.0,44254.62306087624,85619.74671251856,85619.74671251856,41351.76607390083,10894.786777681802,8250.074706680334,6682.560512411072,10800.0,10800.0,0
2025-02-08,M5,40593.24402203271,0.0,1008.1583236456113,41601.40234567831,41601.40234567831,0.0,966.4106238261872,0.0,0.0,41601.40234567831,79574.36706428815,80540.77768811432,36294.849179418015,10869.086388187963,9471.996862324635,7672.317458482956,10800.0,10800.0,0
2025-02-09,M5,97800.58568719964,0.0,1928.9383249194614,99729.52401211912,99729.52401211912,0.0,1479.1763527985936,0.0,0.0,99729.52401211912,126830.55310398676,128309.72945678535,46301.41455863955,52.42941666666661,12634.05007796036,10233.580563147887,10800.0,10800.0,0
2025-02-10,M5,96546.78123323926,0.0,459.7796732436496,97006.5609064829,97006.5609064829,0.0,312.8416995572504,0.0,0.0,97006.5609064829,128388.50035084145,128701.3420503987,50981.118543390796,1451.7277666666669,10220.30608951527,8278.447932507366,10800.0,10800.0,0
2025-02-11,M5,96526.0075360117,0.0,362.8549754770646,96888.86251148881,96888.86251148881,0.0,244.40481773665533,0.0,0.0,96888.86251148881,127986.39543713632,128230.80025487297,49685.81609389154,956.6577333333337,12461.733127972524,10094.003833657742,10800.0,10800.0,0
2025-02-12,M5,97059.42404040576,0.0,0.0,97059.42404040576,97059.42404040576,0.0,0.0,0.0,0.0,97059.42404040576,128874.6599468528,128874.6599468528,49992.18418246911,1364.8385000000003,11846.848058159809,9595.946927109444,10800.0,10800.0,0
2025-02-13,M5,95763.06155680193,0.0,219.53825289474125,95982.5998096967,95982.5998096967,0.0,148.18548033198545,0.0,0.0,95982.5998096967,128441.454636511,128589.640116843,53230.09235199541,2189.3242500000006,9688.128937794347,7847.38443961342,10800.0,10800.0,0
2025-02-14,M5,41538.039519630955,0.0,187.81943831008792,41725.85895794105,41725.85895794105,0.0,182.57553908911495,0.0,0.0,41725.85895794105,81184.70514303453,81367.28068212366,37383.66306058404,12327.533311541047,9759.381543852116,7905.0990505202135,10800.0,10800.0,0
2025-02-15,M5,41787.44280079797,0.0,115.16833429528921,41902.61113509328,41902.61113509328,0.0,96.95033545278682,0.0,0.0,41902.61113509328,80890.4194063572,80987.36974180999,37415.830528920356,12731.94117530864,8207.931250426289,6648.424312845299,10800.0,10800.0,0
2025-02-16,M5,98058.24377800067,0.0,0.0,98058.24377800067,98058.24377800067,0.0,0.0,0.0,0.0,98058.24377800067,128810.39912634049,128810.39912634049,50838.08082702468,571.048033333333,10652.058768328809,8628.167602346337,10800.0,10800.0,0
2025-02-17,M5,96400.32573118024,0.0,0.0,96400.32573118024,96400.32573118024,0.0,0.0,0.0,0.0,96400.32573118024,128998.16201538082,128998.16201538082,53890.36505363701,1898.901383333333,10658.065324967478,8633.032913223658,10800.0,10800.0,0
2025-02-18,M5,92250.40707664724,0.0,141.2715879159702,92391.67866456322,92391.67866456322,0.0,95.30512970852135,0.0,0.0,92391.67866456322,124441.10278459085,124536.40791429936,49239.527595906635,1147.2394499999991,10832.910973996868,8774.65788893746,10800.0,10800.0,0
2025-02-19,M5,91545.45679077119,0.0,142.54167631402723,91687.99846708526,91687.99846708526,0.0,97.12953251733381,0.0,0.0,91687.99846708526,123758.77910086166,123855.908633379,46586.36726126806,2188.3794999999996,11588.602572513753,9386.76808373614,10800.0,10800.0,0
2025-02-20,M5,93466.7789162488,0.0,0.0,93466.7789162488,93466.7789162488,0.0,0.0,0.0,0.0,93466.7789162488,125568.97604329041,125568.97604329041,50722.67148958442,1799.7883499999991,10807.276159856197,8753.893689483522,10800.0,10800.0,0
2025-02-21,M5,39622.2143320706,0.0,27.324091663728474,39649.53842373433,39649.53842373433,0.0,34.11667477727747,0.0,0.0,39649.53842373433,78531.27756253723,78565.3942373145,35752.44770001823,15593.675337448556,8731.627192180953,7072.618025666571,10800.0,10800.0,0
2025-02-22,M5,40062.22757916009,0.0,77.54247522164437,40139.770054381734,40139.770054381734,0.0,85.579646216242,0.0,0.0,40139.770054381734,78839.2825148326,78924.86216104883,35786.20559188283,13452.034244650204,9693.997058855204,7852.137617672719,10800.0,10800.0,0
2025-02-23,M5,92956.85728821685,0.0,2.4571076894957242,92959.31439590635,92959.31439590635,0.0,1.4826862717208087,0.0,0.0,92959.31439590635,125180.67000552302,125182.15269179473,50398.73073219727,1320.6124833333333,10162.925225951578,8231.969433020775,10800.0,10800.0,0
2025-02-24,M5,90328.51944558605,0.0,0.0,90328.51944558605,90328.51944558605,0.0,0.0,0.0,0.0,90328.51944558605,122776.9243933724,122776.9243933724,49417.856585732305,3111.1821000000004,10762.379426175932,8717.527335202505,10800.0,10800.0,0
2025-02-25,M5,88645.82817044745,0.0,22.43850462117809,88668.26667506862,88668.26667506862,0.0,15.791154229782023,0.0,0.0,88668.26667506862,122710.19868303713,122725.98983726694,50342.414216238496,4645.965999999999,10085.71782997417,8169.431442279078,10800.0,10800.0,0
2025-02-26,M5,86454.53079261284,0.0,122.57300446893382,86577.10379708183,86577.10379708183,0.0,82.8464052362641,0.0,0.0,86577.10379708183,118939.45439097995,119022.30079621622,45691.32979981619,2412.9320999999995,11069.425595087887,8966.234732021185,10800.0,10800.0,0
2025-02-27,M5,84694.73688396046,0.0,3.587074814147932,84698.32395877459,84698.32395877459,0.0,1.8477877729671945,0.0,0.0,84698.32395877459,118527.06839687009,118528.91618464307,45379.0852640311,3989.8509102145267,11596.820054723288,9393.424244325863,10800.0,10800.0,0
2025-02-28,M5,36405.73724312835,0.0,1.346508053401026,36407.08375118176,36407.08375118176,0.0,1.1294313482645748,0.0,0.0,36407.08375118176,73956.71821244384,73957.8476437921,31937.872473829826,17034.960349999994,8907.480368222596,7215.059098260305,10800.0,10800.0,0
2025-03-01,M5,38075.857949936726,0.0,0.0,38075.857949936726,38075.857949936726,0.0,0.0,0.0,0.0,38075.857949936726,77574.9409716237,77574.9409716237,36676.41022230001,15469.877378600824,9315.197038892318,7545.309601502775,10800.0,10800.0,0
2025-03-02,M5,89007.40091129701,0.0,188.9456541636088,89196.34656546061,89196.34656546061,0.0,135.51539081049702,0.0,0.0,89196.34656546061,121327.93748020713,121463.45287101762,46724.68516945542,236.89343333333318,11281.932639801049,9138.365438238852,10800.0,10800.0,0
2025-03-03,M5,91243.01751739276,0.0,0.0,91243.01751739276,91243.01751739276,0.0,0.0,0.0,0.0,91243.01751739276,123875.7667532356,123875.7667532356,48548.280260996435,1172.4323333333327,11252.144871434208,9114.237345861715,10800.0,10800.0,0
2025-03-04,M5,88881.65905359766,0.0,7.191257446482444,88888.85031104414,88888.85031104414,0.0,4.339009531168699,0.0,0.0,88888.85031104414,121724.41521625216,121728.75422578334,48759.7024225323,1687.8852833333335,10956.360982023007,8874.652395438636,10800.0,10800.0,0
2025-03-05,M5,86930.86423162716,0.0,14.484280634160859,86945.34851226135,86945.34851226135,0.0,7.474133001898053,0.0,0.0,86945.34851226135,121285.95100268969,121293.42513569159,50575.359783315915,2637.43655,10263.983082678978,8313.82629696997,10800.0,10800.0,0
2025-03-06,M5,83289.21381239302,0.0,157.34744925749362,83446.56126165054,83446.56126165054,0.0,116.09731421838978,0.0,0.0,83446.56126165054,116688.18997819924,116804.28729241763,46179.53668783202,2710.613549999999,10386.75221711722,8413.269295864944,10800.0,10800.0,0
2025-03-07,M5,35091.7790894449,0.0,0.0,35091.7790894449,35091.7790894449,0.0,0.0,0.0,0.0,35091.7790894449,74071.09356420476,74071.09356420476,34238.112618822684,17206.867764245515,8967.513935806448,7263.686288003224,10800.0,10800.0,0
2025-03-08,M5,33209.333098211726,0.0,557.3495820014333,33766.68268021315,33766.68268021315,0.0,488.0629783263038,0.0,0.0,33766.68268021315,70277.2568120271,70765.31979035342,30836.075117504934,19201.371726020327,8761.754895586751,7097.021465425268,10800.0,10800.0,0
2025-03-09,M5,81900.25614291005,0.0,533.5549176831073,82433.81106059319,82433.81106059319,0.0,367.8025152752905,0.0,0.0,82433.81106059319,116897.56238773145,117265.36490300675,47632.860321701395,4243.982483066509,10815.773938099195,8760.776889860354,10800.0,10800.0,0
2025-03-10,M5,83052.18775489418,0.0,1699.432579836665,84751.62033473079,84751.62033473079,0.0,1255.055028614289,0.0,0.0,84751.62033473079,114906.12386584804,116161.17889446233,45081.46806982609,795.8488833333325,11798.897322646884,9557.106831343976,10800.0,10800.0,0
2025-03-11,M5,80981.27563652121,0.0,1698.495371429568,82679.77100795077,82679.77100795077,0.0,1568.5199247927833,0.0,0.0,82679.77100795077,114255.0820753047,115823.60200009747,46675.91583711607,3362.6540999999997,9716.385594639014,7870.272331657601,10800.0,10800.0,0
2025-03-12,M5,81791.50545883356,0.0,157.79485735670156,81949.30031619025,81949.30031619025,0.0,107.01357900516666,0.0,0.0,81949.30031619025,116568.90132264598,116675.91490165115,47940.66589868277,4414.252566666666,9923.482910359873,8038.0211573914985,10800.0,10800.0,0
2025-03-13,M5,83154.46675764858,0.0,863.1995094180104,84017.6662670666,84017.6662670666,0.0,745.1742247990128,0.0,0.0,84017.6662670666,115883.6359218164,116628.81014661542,46294.24485888732,727.2411999999996,10851.084584533803,8789.378513472384,10800.0,10800.0,0
2025-03-14,M5,32603.48239398922,0.0,73.07208329295288,32676.55447728217,32676.55447728217,0.0,87.5202463561248,0.0,0.0,32676.55447728217,69925.7295562519,70013.24980260803,31480.542868036602,20674.595427427987,9624.66065163213,7795.975127822023,10800.0,10800.0,0
2025-03-15,M5,34046.292182279336,0.0,868.4118535622972,34914.70403584163,34914.70403584163,0.0,1409.8360935585097,0.0,0.0,34914.70403584163,71054.82861909387,72464.66471265236,33302.449504462784,16394.442971755456,9703.405718074377,7859.758631640245,10800.0,10800.0,0
2025-03-16,M5,81807.05606193322,0.0,829.0741931229821,82636.13025505621,82636.13025505621,0.0,850.3925813332552,0.0,0.0,82636.13025505621,115682.51785464055,116532.91043597381,48178.02340292267,3205.4461734370966,9465.231190951119,7666.837264670408,10800.0,10800.0,0
2025-03-17,M5,79105.37674042184,0.0,205.65835789166863,79311.03509831353,79311.03509831353,0.0,144.20506612145994,0.0,0.0,79311.03509831353,115368.00837890213,115512.21344502359,50333.91140272617,5761.157133333332,8205.33408226719,6646.320606636424,10800.0,10800.0,0
2025-03-18,M5,79688.36947766936,0.0,8.65196377046085,79697.02144143985,79697.02144143985,0.0,5.899922309156636,0.0,0.0,79697.02144143985,114673.4080093841,114679.30793169326,47120.00458392859,4417.8898056531825,10607.658818130712,8592.203642685881,10800.0,10800.0,0
2025-03-19,M5,75522.27606216879,0.0,399.6445723774612,75921.9206345463,75921.9206345463,0.0,407.0316648898316,0.0,0.0,75921.9206345463,110107.36702342288,110514.3986883127,43788.14184345489,5217.06458820031,10756.430561355293,8712.70875469779,10800.0,10800.0,0
2025-03-20,M5,78227.3339388219,0.0,611.8155709137714,78839.14950973561,78839.14950973561,0.0,432.1784309301844,0.0,0.0,78839.14950973561,113013.32321986105,113445.50165079121,46019.64713668545,3288.9029999999993,10147.314197047881,8219.324499608781,10800.0,10800.0,0
2025-03-21,M5,29592.651049498487,0.0,358.8459317354079,29951.496981233908,29951.496981233908,0.0,317.10551220110426,0.0,0.0,29951.496981233908,66222.07946404736,66539.18497624848,29702.030932856112,22876.54611703814,10142.860050987154,8215.716641299594,10800.0,10800.0,0
2025-03-22,M5,30888.89808611575,0.0,48.30623321746907,30937.204319333225,30937.204319333225,0.0,40.885959082102715,0.0,0.0,30937.204319333225,66368.71486566006,66409.60082474217,29068.691354481984,19699.817578545393,9262.5903072708,7502.698148889345,10800.0,10800.0,0
2025-03-23,M5,77463.64276871114,0.0,257.7538457822256,77721.39661449347,77721.39661449347,0.0,181.150519813786,0.0,0.0,77721.39661449347,112720.93843122905,112902.08895104282,46985.93078108995,5304.195216666666,9696.014929576608,7853.77209295705,10800.0,10800.0,0
2025-03-24,M5,75573.14355317995,0.0,400.07207197936106,75973.21562515937,75973.21562515937,0.0,273.4954632129329,0.0,0.0,75973.21562515937,110154.56251584881,110428.05797906176,43990.778883552935,6425.2065,10597.765853555255,8584.190341379755,10800.0,10800.0,0
2025-03-25,M5,77066.03648528967,0.0,427.3029357060819,77493.3394209957,77493.3394209957,0.0,295.2881627136305,0.0,0.0,77493.3394209957,111892.03100450936,112187.31916722297,44591.58345343691,4772.984166666666,9855.93068659342,7983.303856140674,10800.0,10800.0,0
2025-03-26,M5,73405.00801896129,0.0,223.97905094446784,73628.98706990578,73628.98706990578,0.0,153.16729110690824,0.0,0.0,73628.98706990578,109361.21713262718,109514.3844237341,44957.09777314178,7054.250033333334,10055.167108380592,8144.685357788281,10800.0,10800.0,0
2025-03-27,M5,74873.58074503129,0.0,427.29737235180164,75300.87811738308,75300.87811738308,0.0,309.437423838721,0.0,0.0,75300.87811738308,110470.65239305464,110780.08981689336,45011.08073672754,5199.419900000001,9750.525158767412,7897.9253786016,10800.0,10800.0,0
2025-03-28,M5,29296.179011460026,0.0,86.83846207275292,29383.017473532764,29383.017473532764,0.0,73.16973127204528,0.0,0.0,29383.017473532764,63378.56580556238,63451.73553683442,26750.721768808584,24126.684349594085,9223.41395665835,7470.965304893263,10800.0,10800.0,0
2025-03-29,M5,28778.188098024482,0.0,214.85498406007326,28993.043082084554,28993.043082084554,0.0,228.24743466361593,0.0,0.0,28993.043082084554,61573.26406436071,61801.511499024324,24637.347599104924,27702.286957113552,9235.093470907972,7480.425711435459,10800.0,10800.0,0
2025-03-30,M5,71465.378281395,0.0,212.22421760076656,71677.60249899575,71677.60249899575,0.0,147.53117892643627,0.0,0.0,71677.60249899575,108006.36176672122,108153.89294564766,43592.268939362744,7309.329361476429,10035.131288465782,8128.45634365729,10800.0,10800.0,0
2025-03-31,M5,70133.37109633407,0.0,3247.215335159508,73380.58643149356,73380.58643149356,0.0,3112.7406663381394,0.0,0.0,73380.58643149356,104520.48716603237,107633.22783237052,43438.53353123418,5303.35725,10210.250356857952,8270.30278905494,10800.0,10800.0,0
2025-04-01,M5,76013.29397455032,0.0,1677.6178523058943,77690.91182685622,77690.91182685622,0.0,1372.2319057150546,0.0,0.0,77690.91182685622,110452.84792928876,111825.07983500382,47183.61879104057,2766.830266666667,8767.259266473255,7101.4800058433375,10800.0,10800.0,0
2025-04-02,M5,74268.50946001396,0.0,1686.6480537460652,75955.15751376003,75955.15751376003,0.0,1501.2584931771796,0.0,0.0,75955.15751376003,109697.8128817833,111199.0713749605,44997.38766007994,3616.7244333333333,11313.809902880146,9164.186021332913,10800.0,10800.0,0
2025-04-03,M5,75047.92562253524,0.0,199.0472144621353,75246.97283699737,75246.97283699737,0.0,135.7292003057696,0.0,0.0,75246.97283699737,110757.53992177066,110893.26912207642,46003.15978975165,7118.88096148474,10040.516337754612,8132.81823358123,10800.0,10800.0,0
2025-04-04,M5,28026.325506204572,0.0,6.461805084679703,28032.78731128925,28032.78731128925,0.0,8.038661263635106,0.0,0.0,28032.78731128925,61012.76036154549,61020.79902280912,25130.593880186207,27599.13388753445,9790.889500465595,7930.620495377134,10800.0,10800.0,0
2025-04-05,M5,27591.421002055267,0.0,158.69727659045674,27750.11827864573,27750.11827864573,0.0,152.49388716974556,0.0,0.0,27750.11827864573,59328.363257002726,59480.85714417246,23432.51377603534,22165.256589583354,9678.798922212847,7839.82712699241,10800.0,10800.0,0
2025-04-06,M5,72246.5297066796,0.0,130.68076030357923,72377.2104669832,72377.2104669832,0.0,98.57941682790579,0.0,0.0,72377.2104669832,108176.6948967893,108275.2743136172,45038.99967965555,6860.078833333332,10347.997547166673,8381.878013205005,10800.0,10800.0,0
2025-04-07,M5,69752.80100327102,0.0,1362.4225418817673,71115.22354515278,71115.22354515278,0.0,1046.764716000098,0.0,0.0,71115.22354515278,105158.71642142886,106205.48113742896,44182.90749618641,6992.102583333333,9409.219866188887,7621.468091613002,10800.0,10800.0,0
2025-04-08,M5,70871.43995913261,0.0,146.02756279478643,71017.46752192739,71017.46752192739,0.0,121.72575787434184,0.0,0.0,71017.46752192739,107142.02999011386,107263.75574798821,43433.89529241913,7552.072583333333,10129.443450363615,8204.849194794526,10800.0,10800.0,0
2025-04-09,M5,71774.47499628215,0.0,1233.9506345320087,73008.42563081416,73008.42563081416,0.0,1333.5540675180125,0.0,0.0,73008.42563081416,106507.37653597018,107840.93060348817,43380.20719739321,3422.7626413530807,10019.209200395933,8115.559452320706,10800.0,10800.0,0
2025-04-10,M5,71418.20797101207,0.0,536.9343328761518,71955.14230388822,71955.14230388822,0.0,769.8555161108147,0.0,0.0,71955.14230388822,107108.18832231252,107878.04383842333,43747.637264279685,7792.7450013698035,9879.071961967573,8002.048289193734,10800.0,10800.0,0
2025-04-11,M5,26369.464603935983,0.0,313.24510141840574,26682.709705354388,26682.709705354388,0.0,324.6610473642197,0.0,0.0,26682.709705354388,57314.85787036464,57639.518917728856,22967.31011468106,27551.703177739822,9493.976098112213,7690.120639470896,10800.0,10800.0,0
2025-04-12,M5,27808.384186567364,0.0,0.0,27808.384186567364,27808.384186567364,0.0,0.0,0.0,0.0,27808.384186567364,61361.159519980734,61361.159519980734,26854.528738849865,23753.35575154086,9095.339366263232,7367.22488667322,10800.0,10800.0,0
2025-04-13,M5,69629.55481057406,0.0,30.748834355909118,69660.30364492998,69660.30364492998,0.0,22.082196367167853,0.0,0.0,69660.30364492998,104786.8680385913,104808.95023495847,42046.79466105142,6626.0320157015285,9788.237236169425,7928.472161297232,10800.0,10800.0,0
2025-04-14,M5,69073.64688636514,0.0,321.2180202026722,69394.8649065678,69394.8649065678,0.0,223.8964239862006,0.0,0.0,69394.8649065678,105193.96471359048,105417.86113757668,44069.722498432384,7080.769030986307,9154.409516621039,7415.071708463041,10800.0,10800.0,0
2025-04-15,M5,67251.07381197679,0.0,0.0,67251.07381197679,67251.07381197679,0.0,0.0,0.0,0.0,67251.07381197679,103642.71602019377,103642.71602019377,43042.23285625121,8813.89406677398,8669.264546501294,7022.10428266605,10800.0,10800.0,0
2025-04-16,M5,70101.09090740084,0.0,1019.3329015018305,71120.42380890265,71120.42380890265,0.0,969.1048050744439,0.0,0.0,71120.42380890265,105118.33904123234,106087.44384630676,43516.16853925746,4974.43755,9564.451616049071,7747.20580899975,10800.0,10800.0,0
2025-04-17,M5,67559.81219606484,0.0,966.6021033625639,68526.41429942743,68526.41429942743,0.0,1290.834967062624,0.0,0.0,68526.41429942743,103048.36180245632,104339.19676951894,43092.03136102627,6425.223828932874,10282.101208209431,8328.501978649638,10800.0,10800.0,0
2025-04-18,M5,25946.01138279113,0.0,228.92677033841886,26174.938153129537,26174.938153129537,0.0,200.13471555360786,0.0,0.0,26174.938153129537,56898.50930359546,57098.64401914907,23709.7057468367,25430.12590411523,8445.76413086219,6841.068945998378,10800.0,10800.0,0
2025-04-19,M5,26223.078729780005,0.0,343.61981856059737,26566.6985483406,26566.6985483406,0.0,373.6023612980001,0.0,0.0,26566.6985483406,59147.96063819852,59521.56299949653,26066.25117957397,25028.290471631095,8643.905780481338,7001.5636821898825,10800.0,10800.0,0
2025-04-20,M5,67453.97884498897,0.0,291.9361957696922,67745.91504075867,67745.91504075867,0.0,213.68884837149596,0.0,0.0,67745.91504075867,103290.74926818698,103504.43811655848,42686.57365772579,6933.974724554601,10137.604478656562,8211.459627711818,10800.0,10800.0,0
2025-04-21,M5,67205.102726629,0.0,257.56059167692496,67462.66331830589,67462.66331830589,0.0,181.26605586725668,0.0,0.0,67462.66331830589,104805.5338711998,104986.79992706706,44491.61164958906,10156.376427211515,9588.955089121848,7767.053622188696,10800.0,10800.0,0
2025-04-22,M5,65730.65648434412,0.0,2287.506909284323,68018.16339362843,68018.16339362843,0.0,2502.550207619759,0.0,0.0,68018.16339362843,100504.92604550108,103007.47625312084,41912.01100213796,7006.991509710565,10187.075918977065,8251.531494371427,10800.0,10800.0,0
2025-04-23,M5,66239.37366683457,0.0,1540.6511625803341,67780.02482941488,67780.02482941488,0.0,1581.4625884645113,0.0,0.0,67780.02482941488,101376.20438743246,102957.66697589698,43439.3726964626,6290.571999999999,9620.029277724829,7792.223714957112,10800.0,10800.0,0
2025-04-24,M5,65537.83678677336,0.0,84.44037277644131,65622.27715954979,65622.27715954979,0.0,66.14108382813492,0.0,0.0,65622.27715954979,101436.04323153131,101502.18431535944,42480.45013569952,10179.767882079424,9220.313671476284,7468.454073895789,10800.0,10800.0,0
2025-04-25,M5,23952.702799157407,0.0,1.1971465011502704,23953.899945658566,23953.899945658566,0.0,1.029930206111544,0.0,0.0,23953.899945658566,52866.44246601369,52867.4723962198,20642.987683528154,28339.034620892708,9921.539167362826,8036.446725563888,10800.0,10800.0,0
2025-04-26,M5,24417.931043818928,0.0,83.65828880000271,24501.58933261893,24501.58933261893,0.0,87.62267873790574,0.0,0.0,24501.58933261893,52851.85230645344,52939.47498519135,19637.753376445027,31468.434624279827,9279.438690174502,7516.345339041347,10800.0,10800.0,0
2025-04-27,M5,62055.60874014271,0.0,1016.0222285060172,63071.63096864873,63071.63096864873,0.0,924.874416970228,0.0,0.0,63071.63096864873,97766.81046680402,98691.68488377426,38559.71517907159,9574.997360065754,10439.479796334655,8455.97863503107,10800.0,10800.0,0
2025-04-28,M5,67486.3329463647,0.0,2259.530365816291,69745.863312181,69745.863312181,0.0,2070.15675816959,0.0,0.0,69745.863312181,102295.16362064349,104365.3203788131,42467.01946206603,3221.4253423763075,10815.306619495203,8760.398361791114,10800.0,10800.0,0
2025-04-29,M5,64443.83750618289,0.0,235.31224086038932,64679.14974704326,64679.14974704326,0.0,178.25362425151673,0.0,0.0,64679.14974704326,101657.98275054636,101836.23637479788,42664.685441754686,9947.320069489337,9426.406036248434,7635.388889361233,10800.0,10800.0,0
2025-04-30,M5,63159.64932738606,0.0,52.010328947325206,63211.659656333395,63211.659656333395,0.0,36.59692258911332,0.0,0.0,63211.659656333395,99447.59831213523,99484.19523472435,41568.797392466964,7964.970159001336,8913.54342064591,7219.970170723187,10800.0,10800.0,0
2025-05-01,M5,64430.69172797057,0.0,494.5963383856627,64925.28806635623,64925.28806635623,0.0,367.06883997537557,0.0,0.0,64925.28806635623,98117.64946909933,98484.7183090747,35102.551969891305,10076.066439463753,12077.479472208643,9782.758372488996,10800.0,10800.0,0
2025-05-02,M5,26333.394526361255,0.0,494.0469607970958,26827.44148715835,26827.44148715835,0.0,807.4254423407514,0.0,0.0,26827.44148715835,55540.745082282876,56348.17052462363,19988.588629111997,20009.247765637858,10842.179192318117,8782.165145777673,10800.0,10800.0,0
2025-05-03,M5,26884.284051656206,0.0,29.50624432608632,26913.790295982297,26913.790295982297,0.0,25.097048755783817,0.0,0.0,26913.790295982297,58219.026516570564,58244.12356532634,22597.555487070684,24948.43694567901,9636.628855666579,7805.6693730899315,10800.0,10800.0,0
2025-05-04,M5,71639.42071842196,0.0,0.0,71639.42071842196,71639.42071842196,0.0,0.0,0.0,0.0,71639.42071842196,107928.0234761482,107928.0234761482,46590.11266625524,7796.659235765659,9508.338109441873,7701.753868647922,10800.0,10800.0,0
2025-05-05,M5,71011.63427003573,0.0,0.0,71011.63427003573,71011.63427003573,0.0,0.0,0.0,0.0,71011.63427003573,106593.67573210906,106593.67573210906,43006.36278693199,6603.751452954307,10039.76153801463,8132.206845791852,10800.0,10800.0,0
2025-05-06,M5,69354.15884926886,0.0,162.33462279300326,69516.49347206186,69516.49347206186,0.0,272.26355761602383,0.0,0.0,69516.49347206186,104403.16759398655,104675.43115160258,41446.254252278464,8260.671533333334,11044.331575390119,8945.908576066002,10800.0,10800.0,0
2025-05-07,M5,70240.5917203131,0.0,0.0,70240.5917203131,70240.5917203131,0.0,0.0,0.0,0.0,70240.5917203131,104937.87942833798,104937.87942833798,40452.52833586743,7543.678902825271,9862.24336655411,7988.417126908828,10800.0,10800.0,0
2025-05-08,M5,74915.5621417213,0.0,0.0,74915.5621417213,74915.5621417213,0.0,0.0,0.0,0.0,74915.5621417213,109828.5921947279,109828.5921947279,46955.91709803356,5270.821499999998,9343.901035233333,7568.559838539004,10800.0,10800.0,0
2025-05-09,M5,29783.047530473246,0.0,0.0,29783.047530473246,29783.047530473246,0.0,0.0,0.0,0.0,29783.047530473246,64845.55101786778,64845.55101786778,29440.864836016768,25187.151636419752,9042.887870690847,7324.739175259587,10800.0,10800.0,0
2025-05-10,M5,29761.885289164726,0.0,0.0,29761.885289164726,29761.885289164726,0.0,0.0,0.0,0.0,29761.885289164726,63163.28550812221,63163.28550812221,27388.42372618795,22096.540107680114,8196.191531162116,6638.915140241309,10800.0,10800.0,0
2025-05-11,M5,72598.98271031468,0.0,483.7701874008317,73082.7528977155,73082.7528977155,0.0,413.26755574775643,0.0,0.0,73082.7528977155,108088.83888454597,108502.10644029372,45240.28824476569,5853.201483333333,10129.145415059867,8204.607786198494,10800.0,10800.0,0
2025-05-12,M5,70531.46980018303,0.0,1287.2582352457828,71818.72803542882,71818.72803542882,0.0,1384.7208594033389,0.0,0.0,71818.72803542882,105995.24192850212,107379.96278790545,46705.53836289157,7066.940267392885,8822.573285724524,7146.284361436863,10800.0,10800.0,0
2025-05-13,M5,71229.19287909874,0.0,9.509353399518053,71238.70223249828,71238.70223249828,0.0,6.474787214760113,0.0,0.0,71238.70223249828,106584.31789517196,106590.79268238672,45169.52068433078,6357.562883333334,10181.559726610234,8247.063378554289,10800.0,10800.0,0
2025-05-14,M5,69072.2033660059,0.0,1041.5055397631172,70113.708905769,70113.708905769,0.0,1115.5995230271901,0.0,0.0,70113.708905769,105070.82507331754,106186.42459634473,44900.12950987922,6418.329833333332,9756.928788415036,7903.1123186161785,10800.0,10800.0,0
2025-05-15,M5,70684.0128517633,0.0,869.360540445702,71553.373392209,71553.373392209,0.0,1013.5679149952482,0.0,0.0,71553.373392209,105161.64028836053,106175.20820335578,44296.88210918195,7221.155995066097,9958.483240917933,8066.371425143527,10800.0,10800.0,0
2025-05-16,M5,27715.425119190928,0.0,59.1611150423331,27774.586234233266,27774.586234233266,0.0,47.69916802792454,0.0,0.0,27774.586234233266,58496.76240035967,58544.46156838759,23659.740464152474,30416.8901781893,9222.7599616447,7470.435568932209,10800.0,10800.0,0
2025-05-17,M5,29075.709557961705,0.0,56.352679295581275,29132.062237257294,29132.062237257294,0.0,45.78714466965914,0.0,0.0,29132.062237257294,60461.17647428941,60506.963618959075,24578.926633234434,23669.524810699586,9524.805745745889,7715.092654054169,10800.0,10800.0,0
2025-05-18,M5,70271.4740995712,0.0,443.0643749120831,70714.53847448328,70714.53847448328,0.0,310.5979188531461,0.0,0.0,70714.53847448328,106664.49211340935,106975.0900322625,46721.78831525995,4702.561736517295,9866.16779202762,7991.595911542376,10800.0,10800.0,0
2025-05-19,M5,67125.02357893769,0.0,0.0,67125.02357893769,67125.02357893769,0.0,0.0,0.0,0.0,67125.02357893769,104247.55789131745,104247.55789131745,44366.329811387266,10533.76821726166,9643.385856150124,7811.142543481601,10800.0,10800.0,0
2025-05-20,M5,67713.13905835243,0.0,1337.6089711073898,69050.74802945982,69050.74802945982,0.0,1350.7812713363553,0.0,0.0,69050.74802945982,102592.77406840879,103943.55533974514,43260.499028586346,4311.225953619454,9707.555478277298,7863.119937404615,10800.0,10800.0,0
2025-05-21,M5,67235.07166393482,0.0,1158.699097946202,68393.77076188104,68393.77076188104,0.0,1175.2122210773368,0.0,0.0,68393.77076188104,102222.61918583208,103397.83140690942,42130.82475567635,8121.766645763845,9382.23537966263,7599.610657526735,10800.0,10800.0,0
2025-05-22,M5,66778.48647669776,0.0,171.80223379679992,66950.2887104946,66950.2887104946,0.0,117.41506358061235,0.0,0.0,66950.2887104946,101376.2573986293,101493.67246220991,41284.236969129415,7564.766000000001,9621.256191651708,7793.217515237884,10800.0,10800.0,0
2025-05-23,M5,26759.742977747803,0.0,440.1122582854438,27199.855236033243,27199.855236033243,0.0,505.64080687242176,0.0,0.0,27199.855236033243,57418.625867839,57924.26667471143,22994.421716915713,26578.51889135802,10159.879911075566,8229.50272797121,10800.0,10800.0,0
2025-05-24,M5,27092.44230804805,0.0,95.20770769064436,27187.650015738694,27187.650015738694,0.0,78.08437973663018,0.0,0.0,27187.650015738694,56537.30530042585,56615.38968016247,21691.598626924148,29269.478216460902,9999.007649705749,8099.19619626166,10800.0,10800.0,0
2025-05-25,M5,66074.67751802194,0.0,119.09704897106546,66193.77456699304,66193.77456699304,0.0,84.09900076296776,0.0,0.0,66193.77456699304,102597.70835169862,102681.80735246159,43161.254309364136,9166.854121364902,9519.414412627393,7710.725674228186,10800.0,10800.0,0
2025-05-26,M5,65569.60591975854,0.0,1482.3113484507367,67051.91726820928,67051.91726820928,0.0,1265.873073217867,0.0,0.0,67051.91726820928,99834.68121467945,101100.55428789732,39772.46358308247,4818.113790571339,10158.652443386984,8228.508479143458,10800.0,10800.0,0
2025-05-27,M5,65560.5352477815,0.0,2120.8977496054913,67681.43299738703,67681.43299738703,0.0,2160.722347377796,0.0,0.0,67681.43299738703,101245.42733245334,103406.14967983114,44110.03536859082,8045.490918275086,9790.821541922305,7930.565448957064,10800.0,10800.0,0
2025-05-28,M5,67879.79389947276,0.0,628.0422574122634,68507.83615688501,68507.83615688501,0.0,474.915989684686,0.0,0.0,68507.83615688501,102831.24469091464,103306.16068059934,42383.969965658616,6721.989966666666,10138.824464600246,8212.447816326194,10800.0,10800.0,0
2025-05-29,M5,67811.25450936469,0.0,2639.713004696201,70450.9675140609,70450.9675140609,0.0,2543.6946409577217,0.0,0.0,70450.9675140609,102184.75548428544,104728.45012524317,42611.167608802585,5977.796600000001,10680.854823371537,8651.492406930945,10800.0,10800.0,0
2025-05-30,M5,27621.454677444708,0.0,38.57532470584299,27660.03000215054,27660.03000215054,0.0,45.069637284785316,0.0,0.0,27660.03000215054,59084.165060065825,59129.23469735061,24378.52716465662,26333.58121522634,9583.647635794638,7762.754584993659,10800.0,10800.0,0
2025-05-31,M5,27297.29593227265,0.0,143.2971609418545,27440.593093214506,27440.593093214506,0.0,119.41118611148761,0.0,0.0,27440.593093214506,59173.05235043814,59292.463536549636,24596.511528753203,24500.425537448555,9507.0785281467,7700.733607798822,10800.0,10800.0,0
2025-06-01,M5,79267.17510424816,0.0,6106.686956749954,85373.86206099809,85373.86206099809,0.0,4339.372183626131,0.0,0.0,85373.86206099809,108909.49815789385,113248.87034151997,39067.57865835482,549.8425666666666,12666.435876307842,10259.81305980935,10800.0,10800.0,0
2025-06-02,M5,82617.61104940825,0.0,1888.7726432898287,84506.38369269809,84506.38369269809,0.0,1222.7277282032323,0.0,0.0,84506.38369269809,114512.82859916337,115735.55632736662,41478.27754639316,3251.766866666666,12445.812970035713,10081.10850572893,10800.0,10800.0,0
2025-06-03,M5,88310.27005966936,0.0,1627.1310954216344,89937.40115509099,89937.40115509099,0.0,1248.052452114715,0.0,0.0,89937.40115509099,120988.07288111493,122236.12533322965,48773.14797898797,3117.5461333333333,11331.917829342172,9178.853441767154,10800.0,10800.0,0
2025-06-04,M5,92604.57734488,0.0,485.90178795582125,93090.4791328358,93090.4791328358,0.0,310.5805528892769,0.0,0.0,93090.4791328358,125246.74261261725,125557.32316550652,52685.2127849847,1371.6728333333326,9764.088055378015,7908.911324856191,10800.0,10800.0,0
2025-06-05,M5,91939.05100045704,0.0,567.3704783216635,92506.42147877872,92506.42147877872,0.0,433.08522258447306,0.0,0.0,92506.42147877872,122919.62946910327,123352.71469168775,48261.11559850174,1814.5290040320913,11198.695118353951,9070.943045866701,10800.0,10800.0,0
2025-06-06,M5,41049.39986964655,0.0,56.443265772229175,41105.84313541878,41105.84313541878,0.0,42.782776822628705,0.0,0.0,41105.84313541878,77211.01043082077,77253.7932076434,31735.964032366264,12833.086,9630.251448827059,7800.503673549918,10800.0,10800.0,0
2025-06-07,M5,43816.42809327496,0.0,0.0,43816.42809327496,43816.42809327496,0.0,0.0,0.0,0.0,43816.42809327496,82400.98544897686,82400.98544897686,38051.11347031252,11387.145033333334,9664.283045601813,7828.069266937467,10800.0,10800.0,0
2025-06-08,M5,98677.9767016906,0.0,0.0,98677.9767016906,98677.9767016906,0.0,0.0,0.0,0.0,98677.9767016906,133598.64436967167,133598.64436967167,63422.41221017936,3613.5423666666657,7251.402769257846,5873.636243098855,10800.0,10800.0,0
2025-06-09,M5,96932.95307541241,0.0,0.0,96932.95307541241,96932.95307541241,0.0,0.0,0.0,0.0,96932.95307541241,128839.32737701679,128839.32737701679,54252.85340729347,1813.7302166666668,9684.373788017492,7844.342768294169,10800.0,10800.0,0
2025-06-10,M5,93229.9054682752,0.0,0.0,93229.9054682752,93229.9054682752,0.0,0.0,0.0,0.0,93229.9054682752,125397.86419888251,125397.86419888251,50760.94962358481,970.6879999999995,10777.801799812485,8730.019457848113,10800.0,10800.0,0
2025-06-11,M5,94895.46895449598,0.0,1110.1982409901009,96005.66719548608,96005.66719548608,0.0,706.5438602952408,0.0,0.0,96005.66719548608,126105.57614417383,126812.12000446906,47571.629591791476,954.6255999999995,11586.413136899635,9384.994640888704,10800.0,10800.0,0
2025-06-12,M5,95162.92225330566,0.0,0.0,95162.92225330566,95162.92225330566,0.0,0.0,0.0,0.0,95162.92225330566,126563.38013608,126563.38013608,51072.11708276109,1098.1592334688535,10214.275718508972,8273.563331992264,10800.0,10800.0,0
2025-06-13,M5,42269.48473055046,0.0,14.341555489667007,42283.82628604013,42283.82628604013,0.0,7.968503396836695,0.0,0.0,42283.82628604013,79728.40726470122,79736.37576809806,36022.52051559053,13716.080298559671,8697.164494462415,7044.7032405145565,10800.0,10800.0,0
2025-06-14,M5,43096.17552011694,0.0,0.0,43096.17552011694,43096.17552011694,0.0,0.0,0.0,0.0,43096.17552011694,80335.14775335221,80335.14775335221,36468.269225794815,15978.504666666666,8921.216373109051,7226.1852622183305,10800.0,10800.0,0
2025-06-15,M5,92457.42258582458,0.0,0.0,92457.42258582458,92457.42258582458,0.0,0.0,0.0,0.0,92457.42258582458,124506.59138246543,124506.59138246543,51145.07961289077,714.9758166666668,10629.271681971906,8609.710062397251,10800.0,10800.0,0
2025-06-16,M5,93421.67513163618,0.0,264.2076809968619,93685.88281263303,93685.88281263303,0.0,241.1277277005525,0.0,0.0,93685.88281263303,124495.01681082608,124736.14453852664,48997.46772926941,990.2291000000002,10812.604697845083,8758.209805254517,10800.0,10800.0,0
2025-06-17,M5,91743.29721674333,0.0,2922.697906414964,94665.99512315827,94665.99512315827,0.0,2202.636461955391,0.0,0.0,94665.99512315827,122738.4861497028,124941.1226116582,47726.492432457526,401.9364333333333,11450.960680003525,9275.278150802857,10800.0,10800.0,0
2025-06-18,M5,93491.87735883488,0.0,1647.7468560770653,95139.62421491194,95139.62421491194,0.0,1433.2371198865499,0.0,0.0,95139.62421491194,124837.78664244417,126271.02376233073,53115.48323982993,377.71085452674834,9733.888252495071,7884.449484521006,10800.0,10800.0,0
2025-06-19,M5,89797.60447454963,0.0,1440.3764258522672,91237.98090040189,91237.98090040189,0.0,1035.0250225849932,0.0,0.0,91237.98090040189,122152.41334157248,123187.43836415748,50099.70420922211,2750.2148333333334,10936.921692642296,8858.906571040261,10800.0,10800.0,0
2025-06-20,M5,40105.88482582989,0.0,98.22272761121405,40204.10755344108,40204.10755344108,0.0,75.83547768976882,0.0,0.0,40204.10755344108,76756.47897840162,76832.3144560914,35152.05762243335,17545.48322232494,9127.330322805854,7393.137561472742,10800.0,10800.0,0
2025-06-21,M5,37786.38756557225,0.0,247.20912859487794,38033.59669416711,38033.59669416711,0.0,224.96717383945293,0.0,0.0,38033.59669416711,73724.70418214395,73949.6713559834,33060.73159946673,19843.972003607116,9001.196594260851,7290.969241351291,10800.0,10800.0,0
2025-06-22,M5,86332.779359303,0.0,2305.7330336900627,88638.51239299307,88638.51239299307,0.0,1556.357203372804,0.0,0.0,88638.51239299307,118056.04357699359,119612.40078036638,48134.81037783204,1870.7774833333326,11313.009574742317,9163.53775554128,10800.0,10800.0,0
2025-06-23,M5,85682.99655697045,0.0,702.1758028898997,86385.17235986037,86385.17235986037,0.0,611.4718868447634,0.0,0.0,86385.17235986037,117570.95942186435,118182.43130870911,46095.349529956235,2911.567416666667,11127.51769519057,9013.28933310436,10800.0,10800.0,0
2025-06-24,M5,90805.48376999641,0.0,1798.105744516306,92603.58951451276,92603.58951451276,0.0,1160.7759500068278,0.0,0.0,92603.58951451276,120331.34126773108,121492.11721773793,42339.25379834061,169.28284999999983,14288.359575775377,11573.571256378058,10800.0,10800.0,0
2025-06-25,M5,89213.04898258041,0.0,2194.1626615206014,91407.21164410104,91407.21164410104,0.0,1679.767430431125,0.0,0.0,91407.21164410104,120689.52934980739,122369.29678023852,49026.48618146782,800.7482833333332,11077.057625108973,8972.416676338267,10800.0,10800.0,0
2025-06-26,M5,86705.09907555857,0.0,1798.503290956492,88503.60236651501,88503.60236651501,0.0,1689.1225417730393,0.0,0.0,88503.60236651501,119191.32857241048,120880.45111418354,48823.40414632392,2360.387766666666,11311.975620313704,9162.700252454099,10800.0,10800.0,0
2025-06-27,M5,36440.85922612718,0.0,129.25156398676856,36570.11079011393,36570.11079011393,0.0,101.9497485834446,0.0,0.0,36570.11079011393,72644.02435210253,72745.97410068597,31926.495621060752,19251.483671935748,9454.468110646321,7658.119169623521,10800.0,10800.0,0
2025-06-28,M5,36821.905364327926,0.0,451.3495167880767,37273.254881116016,37273.254881116016,0.0,493.6294402976908,0.0,0.0,37273.254881116016,72099.82603904395,72593.45547934165,31139.995421917687,17774.392043096508,10011.273145583069,8109.1312479222825,10800.0,10800.0,0
2025-06-29,M5,85594.56816535475,0.0,2743.3648795885715,88337.93304494332,88337.93304494332,0.0,2105.4787300967546,0.0,0.0,88337.93304494332,116873.90425147742,118979.38298157416,46825.36288218668,717.1196185185186,11416.483934398142,9247.351986862497,10800.0,10800.0,0
2025-06-30,M5,87780.17971766597,0.0,542.2507424591472,88322.4304601251,88322.4304601251,0.0,360.7102875696596,0.0,0.0,88322.4304601251,119787.40192979448,120148.11221736413,47032.70283916917,1232.4866499999998,10553.888130850737,8548.649385989094,10800.0,10800.0,0
2025-07-01,M5,94218.83057054554,0.0,12215.243119010309,106434.0736895558,106434.0736895558,0.0,7957.048680612774,0.0,0.0,106434.0736895558,118391.45245624305,126348.5011368558,43913.99242085693,1427.8355666666666,11263.837452625728,9123.708336626847,10800.0,10800.0,0
2025-07-02,M5,93805.89135185222,0.0,8831.146311540413,102637.03766339268,102637.03766339268,0.0,5988.608871889172,0.0,0.0,102637.03766339268,119284.2576213923,125272.86649328149,46683.432115409865,3829.1342700437135,9765.967058743341,7910.433317582104,10800.0,10800.0,0
2025-07-03,M5,103124.85281322447,0.0,5995.389597731995,109120.24241095637,109120.24241095637,0.0,4106.938552497445,0.0,0.0,109120.24241095637,126917.16725943083,131024.10581192828,47726.044850299935,1419.4657499999998,11148.296201552706,9030.119923257687,10800.0,10800.0,0
2025-07-04,M5,45208.13246562308,0.0,2919.6393818849,48127.77184750795,48127.77184750795,0.0,3885.474115582716,0.0,0.0,48127.77184750795,77144.00200232965,81029.47611791237,30794.97859323819,19490.629744167563,9805.264809684006,7942.264495844045,10800.0,10800.0,0
2025-07-05,M5,46036.59800971081,0.0,731.9290650276683,46768.52707473846,46768.52707473846,0.0,632.4688111605434,0.0,0.0,46768.52707473846,79049.29412998536,79681.76294114589,28726.31066854599,20047.86158668374,11144.793259207914,9027.282539958413,10800.0,10800.0,0
2025-07-06,M5,105355.67335902863,0.0,2926.2643362783783,108281.937695307,108281.937695307,0.0,2203.1256517833817,0.0,0.0,108281.937695307,130090.26705298113,132293.39270476453,48148.516556848794,2184.7845430297393,11400.579236241958,9234.46918135599,10800.0,10800.0,0
2025-07-07,M5,106622.96490435895,0.0,99.89961613266489,106722.86452049158,106722.86452049158,0.0,57.16149229598864,0.0,0.0,106722.86452049158,133869.8294511782,133926.99094347417,55616.779015911095,3302.6956499999997,8410.702688928532,6812.6691780321125,10800.0,10800.0,0
2025-07-08,M5,112742.66828462726,0.0,0.0,112742.66828462726,112742.66828462726,0.0,0.0,0.0,0.0,112742.66828462726,141258.96109232795,141258.96109232795,58930.95996828286,5004.33177160494,9222.538609334257,7470.256273560745,10800.0,10800.0,0
2025-07-09,M5,107943.97238037517,0.0,0.0,107943.97238037517,107943.97238037517,0.0,0.0,0.0,0.0,107943.97238037517,136112.95525934914,136112.95525934914,56725.77819377051,3662.687195933743,8767.183436727499,7101.418583749278,10800.0,10800.0,0
2025-07-10,M5,103042.94045283015,0.0,0.0,103042.94045283015,103042.94045283015,0.0,0.0,0.0,0.0,103042.94045283015,129758.31819627764,129758.31819627764,49834.6694705254,5294.931683333333,9342.59820571358,7567.504546627993,10800.0,10800.0,0
2025-07-11,M5,49880.99821370407,0.0,0.0,49880.99821370407,49880.99821370407,0.0,0.0,0.0,0.0,49880.99821370407,83286.89424908704,83286.89424908704,32862.12132616129,15826.805293723337,10943.107785275884,8863.917306073476,10800.0,10800.0,0
2025-07-12,M5,47276.97034799614,0.0,1576.4645705290757,48853.4349185252,48853.4349185252,0.0,2389.895722346823,0.0,0.0,48853.4349185252,80048.50214801595,82438.39787036277,31666.8272359643,17505.851675295635,11481.45066194473,9299.97503617523,10800.0,10800.0,0
2025-07-13,M5,96174.55829311158,0.0,531.7304609215715,96706.28875403323,96706.28875403323,0.0,305.72362425859524,0.0,0.0,96706.28875403323,125335.91532795309,125641.63895221167,47165.69964742261,7339.058333333333,9837.687218188123,7968.52664673238,10800.0,10800.0,0
2025-07-14,M5,93739.79745905522,0.0,1671.4556720594853,95411.25313111467,95411.25313111467,0.0,1032.4418381627988,0.0,0.0,95411.25313111467,120968.61398677126,122001.05582493405,43983.619540707645,4315.321308436214,9970.71452170282,8076.278762579279,10800.0,10800.0,0
2025-07-15,M5,100436.08688018868,0.0,0.0,100436.08688018868,100436.08688018868,0.0,0.0,0.0,0.0,100436.08688018868,128707.57305223004,128707.57305223004,51317.44062096883,2821.120383333334,9578.744550497588,7758.783085903049,10800.0,10800.0,0
2025-07-16,M5,99136.44368603601,0.0,0.0,99136.44368603601,99136.44368603601,0.0,0.0,0.0,0.0,99136.44368603601,125750.46214130391,125750.46214130391,47066.36415887144,4613.976883333333,10187.14587245166,8251.588156685848,10800.0,10800.0,0
2025-07-17,M5,95933.82807214117,0.0,803.1278304161478,96736.9559025574,96736.9559025574,0.0,584.3748947627198,0.0,0.0,96736.9559025574,123376.72065879189,123961.09555355462,44560.96451132909,4458.9414322765515,11688.281806749012,9467.508263466698,10800.0,10800.0,0
2025-07-18,M5,48223.69257800173,0.0,0.0,48223.69257800173,48223.69257800173,0.0,0.0,0.0,0.0,48223.69257800173,82424.00388993445,82424.00388993445,33510.515501579895,15776.603886982612,9803.349480905003,7940.713079533053,10800.0,10800.0,0
2025-07-19,M5,47942.842111981656,0.0,62.562723464297214,48005.40483544595,48005.40483544595,0.0,43.80205159642219,0.0,0.0,48005.40483544595,83701.57489307388,83745.37694467031,33404.80083566156,20871.67143083523,12032.029621965825,9745.94399379232,10800.0,10800.0,0
2025-07-20,M5,97405.6883149436,0.0,147.15646573538294,97552.84478067902,97552.84478067902,0.0,84.58802424102328,0.0,0.0,97552.84478067902,125671.16505954841,125755.75308378944,48091.016527675776,3566.798597119342,10568.209170145614,8560.249427817947,10800.0,10800.0,0
2025-07-21,M5,99073.3477631983,0.0,80.28907189106823,99153.63683508936,99153.63683508936,0.0,60.18755661156024,0.0,0.0,99153.63683508936,126152.66563339766,126212.8531900092,46705.5701079853,3393.1740321668785,11180.840525563315,9056.480825706283,10800.0,10800.0,0
2025-07-22,M5,97679.06159558453,0.0,5082.454434999015,102761.51603058356,102761.51603058356,0.0,4325.61026463802,0.0,0.0,102761.51603058356,124752.40062226738,129078.0108869054,49852.14472365873,3336.3036,11023.252350421099,8928.83440384109,10800.0,10800.0,0
2025-07-23,M5,99451.21847699773,0.0,332.4640349060658,99783.68251190378,99783.68251190378,0.0,192.2251408814634,0.0,0.0,99783.68251190378,127622.68088764974,127814.9060285312,47195.75192814503,4168.529750000001,11758.30123010265,9524.223996383142,10800.0,10800.0,0
2025-07-24,M5,98855.66786363933,0.0,976.4445428153008,99832.11240645467,99832.11240645467,0.0,577.5552684442921,0.0,0.0,99832.11240645467,126430.98891240914,127008.54418085345,47784.64977116941,3618.611,10467.428472021284,8478.617062337242,10800.0,10800.0,0
2025-07-25,M5,45226.74520056845,0.0,897.354650986138,46124.099851554565,46124.099851554565,0.0,1557.7574862928734,0.0,0.0,46124.099851554565,78505.82572724597,80063.58321353883,32429.427908418453,19363.42299250904,9291.646031287826,7526.233285343141,10800.0,10800.0,0
2025-07-26,M5,47029.08190118772,0.0,213.57610392521616,47242.65800511291,47242.65800511291,0.0,164.78041301926282,0.0,0.0,47242.65800511291,80586.73154784193,80751.5119608612,32434.84241769539,17867.2829756145,10422.605267813926,8442.310266929286,10800.0,10800.0,0
2025-07-27,M5,96479.95891850458,0.0,1405.2613461969656,97885.22026470155,97885.22026470155,0.0,914.6794511830918,0.0,0.0,97885.22026470155,123849.65827764111,124764.33772882422,44522.43818715005,4108.042866666668,12887.720394776312,10439.053519768808,10800.0,10800.0,0
2025-07-28,M5,100224.83942062565,0.0,286.449482996315,100511.28890362197,100511.28890362197,0.0,173.83859816459415,0.0,0.0,100511.28890362197,126639.21052935463,126813.04912751925,45674.69445712327,940.5432166666667,11804.916949452487,9561.982729056512,10800.0,10800.0,0
2025-07-29,M5,100175.37006653831,0.0,2087.8758133795877,102263.24587991784,102263.24587991784,0.0,1657.18312260166,0.0,0.0,102263.24587991784,127548.17530143684,129205.3584240385,49654.33274712154,1300.1881500000002,11482.06093114191,9300.469354224952,10800.0,10800.0,0
2025-07-30,M5,98777.18315698515,0.0,3088.8065185866126,101865.98967557176,101865.98967557176,0.0,2219.9878598652813,0.0,0.0,101865.98967557176,124823.70682394822,127043.6946838135,47018.87750624573,3966.686749382716,10288.823043079236,8333.946664894174,10800.0,10800.0,0
2025-07-31,M5,97779.57825796219,0.0,932.5525584852485,98712.13081644748,98712.13081644748,0.0,691.7327591391229,0.0,0.0,98712.13081644748,125199.15134877231,125890.88410791144,46069.01727063801,2735.647815862648,12585.382919705877,10194.16016496176,10800.0,10800.0,0
2025-08-01,M5,44844.676349279114,0.0,940.54598525551,45785.22233453462,45785.22233453462,0.0,651.0521457000574,0.0,0.0,45785.22233453462,78385.25356767533,79036.30571337539,31059.555459741605,24899.159575139252,9611.74216751508,7785.511155687221,10800.0,10800.0,0
2025-08-02,M5,44257.434388286485,0.0,0.0,44257.434388286485,44257.434388286485,0.0,0.0,0.0,0.0,44257.434388286485,78997.82389639533,78997.82389639533,32168.85579747628,24035.081169547324,9825.589452833614,7958.727456795231,10800.0,10800.0,0
2025-08-03,M5,87426.9384982803,0.0,239.08117107346501,87666.01966935376,87666.01966935376,0.0,150.32634382731482,0.0,0.0,87666.01966935376,117121.09268003204,117271.41902385934,43008.213808678905,9544.077433333332,9892.883150072477,8013.235351558706,10800.0,10800.0,0
2025-08-04,M5,87908.67260938768,0.0,759.3199943242694,88667.9926037119,88667.9926037119,0.0,651.6985807622293,0.0,0.0,88667.9926037119,116243.03068088059,116894.72926164285,42611.729245232455,7171.120746221575,8927.495720291958,7231.271533436484,10800.0,10800.0,0
2025-08-05,M5,87615.9613030829,0.0,644.5640331594068,88260.52533624231,88260.52533624231,0.0,695.944158396384,0.0,0.0,88260.52533624231,116209.6073251953,116905.55148359167,43151.93851273759,6558.245801294736,10752.9338748738,8709.876438647774,10800.0,10800.0,0
2025-08-06,M5,90673.03893202006,0.0,83.18082411220009,90756.21975613227,90756.21975613227,0.0,64.37492258505063,0.0,0.0,90756.21975613227,117976.38344649943,118040.75836908448,42171.50325593801,5794.707741934898,10316.56897128896,8356.420866744058,10800.0,10800.0,0
2025-08-07,M5,90347.94248210566,0.0,693.1888273654318,91041.13130947105,91041.13130947105,0.0,437.78600066217393,0.0,0.0,91041.13130947105,120177.57536817649,120615.3613688387,45605.83252755052,9751.757833333331,9840.977673446536,7971.191915491694,10800.0,10800.0,0
2025-08-08,M5,40245.488860869824,0.0,0.0,40245.488860869824,40245.488860869824,0.0,0.0,0.0,0.0,40245.488860869824,68228.01642048011,68228.01642048011,21877.015122710916,28375.164568930042,11582.449888627121,9381.784409787968,10800.0,10800.0,0
2025-08-09,M5,40902.49122190453,0.0,0.0,40902.49122190453,40902.49122190453,0.0,0.0,0.0,0.0,40902.49122190453,68634.1613108411,68634.1613108411,22347.324391644146,25199.30671255144,11397.901087607941,9232.299880962433,10800.0,10800.0,0
2025-08-10,M5,87544.34098554961,0.0,89.99741442942168,87634.33839997904,87634.33839997904,0.0,51.81428854277556,0.0,0.0,87634.33839997904,115428.50818057256,115480.32246911533,41838.32669137455,6321.95966214231,10607.458239992045,8592.041174393557,10800.0,10800.0,0
2025-08-11,M5,86839.54845259913,0.0,502.87231270011756,87342.42076529926,87342.42076529926,0.0,345.04259542321586,0.0,0.0,87342.42076529926,115928.58742804851,116273.63002347173,41965.54148916504,7646.6295623714095,11053.713887378683,8953.508248776734,10800.0,10800.0,0
2025-08-12,M5,89360.40822980771,0.0,1080.8431470276225,90441.25137683528,90441.25137683528,0.0,753.0448883536134,0.0,0.0,90441.25137683528,117772.93911907406,118525.98400742766,42503.41620695096,6179.3053086886775,10961.678114673867,8878.959272885828,10800.0,10800.0,0
2025-08-13,M5,88118.48838403528,0.0,1845.313842766781,89963.8022268021,89963.8022268021,0.0,1505.6783705593161,0.0,0.0,89963.8022268021,116770.35453123116,118276.03290179047,44456.67899753475,5649.678100938622,10782.612385879449,8733.91603256235,10800.0,10800.0,0
2025-08-14,M5,87722.35877802173,0.0,1501.8649763122503,89224.22375433399,89224.22375433399,0.0,1403.7973279616551,0.0,0.0,89224.22375433399,115872.68807694061,117276.48540490227,42265.12735471511,6833.3784,11850.992983441207,9599.304316587373,10800.0,10800.0,0
2025-08-15,M5,41935.0317438957,0.0,340.69321051158545,42275.72495440727,42275.72495440727,0.0,229.58976655165202,0.0,0.0,42275.72495440727,73076.56148633873,73306.15125289038,26572.3007001333,27405.317320576127,11414.77025709278,9245.96390824515,10800.0,10800.0,0
2025-08-16,M5,41540.473806087095,0.0,544.1996103445484,42084.67341643164,42084.67341643164,0.0,371.60395674844165,0.0,0.0,42084.67341643164,71203.55782009737,71575.16177684581,24599.286700865254,27801.283511522633,11817.427356796146,9572.11615900488,10800.0,10800.0,0
2025-08-17,M5,87786.81228080041,0.0,0.0,87786.81228080041,87786.81228080041,0.0,0.0,0.0,0.0,87786.81228080041,116983.95411345015,116983.95411345015,42654.472255850844,9178.850287243951,10448.620808887834,8463.382855199146,10800.0,10800.0,0
2025-08-18,M5,87353.0442752639,0.0,822.9304384085909,88175.97471367255,88175.97471367255,0.0,751.1780357215645,0.0,0.0,88175.97471367255,115751.20098539804,116502.37902111959,42391.4096037611,7603.980989169723,11120.383218537445,9007.510407015332,10800.0,10800.0,0
2025-08-19,M5,88250.82731784324,0.0,567.8060832830587,88818.63340112628,88818.63340112628,0.0,410.4027286513607,0.0,0.0,88818.63340112628,116521.02481352005,116931.42754217138,42623.540228688405,8099.2303651340135,9952.615254468334,8061.618356119348,10800.0,10800.0,0
2025-08-20,M5,91278.48169460539,0.0,148.26105179987852,91426.74274640526,91426.74274640526,0.0,91.80852799375259,0.0,0.0,91426.74274640526,118731.89476428411,118823.70329227786,42082.478789291585,3745.6708038862994,12341.382275964746,9996.519643531446,10800.0,10800.0,0
2025-08-21,M5,90755.26603147345,0.0,658.5725220900817,91413.83855356355,91413.83855356355,0.0,414.4633867568033,0.0,0.0,91413.83855356355,119955.86480860384,120370.32819536065,46128.74489257421,6531.2049333333325,9820.841505893513,7954.881619773745,10800.0,10800.0,0
2025-08-22,M5,41513.61661706594,0.0,690.9663447730695,42204.58296183901,42204.58296183901,0.0,489.0347922880851,0.0,0.0,42204.58296183901,71724.78065274673,72213.81544503481,25003.182733570062,23870.722724485593,11101.79256304818,8992.451976069027,10800.0,10800.0,0
2025-08-23,M5,41093.1750624103,0.0,419.1814886129062,41512.35655102323,41512.35655102323,0.0,339.4185777425024,0.0,0.0,41512.35655102323,70978.51855254461,71317.93713028711,24678.537367647637,22036.387939481043,10910.556174518106,8837.550501359667,10800.0,10800.0,0
2025-08-24,M5,89297.64789086646,0.0,367.7292192809854,89665.37711014744,89665.37711014744,0.0,222.6037007669986,0.0,0.0,89665.37711014744,117506.07436131236,117728.67806207936,42049.13099071025,10009.655313599927,10191.064602293993,8254.762327858134,10800.0,10800.0,0
2025-08-25,M5,95598.24125857661,0.0,0.0,95598.24125857661,95598.24125857661,0.0,0.0,0.0,0.0,95598.24125857661,124944.54800089104,124944.54800089104,47170.537161198234,4914.73165,10979.95880540078,8893.766632374636,10800.0,10800.0,0
2025-08-26,M5,90422.34477583261,0.0,169.3619274021703,90591.70670323478,90591.70670323478,0.0,127.88077788228406,0.0,0.0,90591.70670323478,119527.66348503003,119655.5442629123,44621.474318548586,7560.846845952212,10233.709026727262,8289.304311649083,10800.0,10800.0,0
2025-08-27,M5,91470.55216849773,0.0,2407.9092055652504,93878.46137406297,93878.46137406297,0.0,2450.9989873406385,0.0,0.0,93878.46137406297,119761.25513699159,122212.25412433222,45250.4597304137,6899.392581271031,11306.594452530691,9158.341506549865,10800.0,10800.0,0
2025-08-28,M5,92022.21480248393,0.0,1868.564669353505,93890.7794718374,93890.7794718374,0.0,1657.779973935137,0.0,0.0,93890.7794718374,119616.04283026216,121273.82280419729,44338.948713996004,4113.100883333334,10810.411702813817,8756.43347927919,10800.0,10800.0,0
2025-08-29,M5,44170.10685314831,0.0,0.0,44170.10685314831,44170.10685314831,0.0,0.0,0.0,0.0,44170.10685314831,77577.8510578004,77577.8510578004,30369.470309556462,22543.34433839935,11104.29505181365,8994.478991969056,10800.0,10800.0,0
2025-08-30,M5,43407.05325524883,0.0,288.539743580235,43695.59299882907,43695.59299882907,0.0,213.80758230631386,0.0,0.0,43695.59299882907,75269.72594600497,75483.5335283113,27859.42069068001,27269.303706182458,9695.20683218678,7853.117534071286,10800.0,10800.0,0
2025-08-31,M5,89124.04593735548,0.0,4.947976086515279,89128.993913442,89128.993913442,0.0,2.9397119012062376,0.0,0.0,89128.993913442,117671.44361893034,117674.38333083154,42650.26469927353,6419.655089301639,10304.42346801602,8346.583009092981,10800.0,10800.0,0
2025-09-01,M5,82992.7427263923,0.0,0.0,82992.7427263923,82992.7427263923,0.0,0.0,0.0,0.0,82992.7427263923,121476.69751436048,121476.69751436048,58138.08697956522,8385.284016666668,7258.905183132906,5879.713198337653,10800.0,10800.0,0
2025-09-02,M5,74159.25141649046,0.0,332.49897511528513,74491.75039160575,74491.75039160575,0.0,282.38332700280597,0.0,0.0,74491.75039160575,109689.54726343659,109971.93059043938,45353.608708412125,8673.74483972416,9930.637854226945,8043.816661923825,10800.0,10800.0,0
2025-09-03,M5,75545.89897951653,0.0,861.7772763095273,76407.67625582608,76407.67625582608,0.0,620.2359953645343,0.0,0.0,76407.67625582608,108975.07752351792,109595.31351888244,44020.61395343018,8467.040557131671,8210.219780634783,6650.278022314172,10800.0,10800.0,0
2025-09-04,M5,73276.80338468765,0.0,781.2212322239689,74058.02461691159,74058.02461691159,0.0,535.3480697398031,0.0,0.0,74058.02461691159,107148.4815427752,107683.82961251501,42447.49556358272,9297.809138828501,10594.522947914711,8581.563587810915,10800.0,10800.0,0
2025-09-05,M5,32467.452665739842,0.0,0.0,32467.452665739842,32467.452665739842,0.0,0.0,0.0,0.0,32467.452665739842,62886.57270182592,62886.57270182592,25813.063583896314,28269.05377098765,10422.072001448887,8441.878321173597,10800.0,10800.0,0
2025-09-06,M5,32051.469355050325,0.0,131.65530588640422,32183.124660936737,32183.124660936737,0.0,106.63163935012824,0.0,0.0,32183.124660936737,61772.26819685032,61878.89983620045,24657.71899343394,27503.79453209876,10506.855845619695,8510.553234951953,10800.0,10800.0,0
2025-09-07,M5,67882.90009785448,0.0,4519.573245115093,72402.47334296955,72402.47334296955,0.0,4102.038126905563,0.0,0.0,72402.47334296955,100396.66419178396,104498.70231868954,40860.338546443054,6674.945641467777,10539.129021642346,8536.6945075303,10800.0,10800.0,0
2025-09-08,M5,65616.21245404331,0.0,6546.814905426468,72163.02735946981,72163.02735946981,0.0,4904.7355154810175,0.0,0.0,72163.02735946981,96551.6184992233,101456.35401470432,34581.38407281489,5366.733666666667,11119.298641523303,9006.631899633869,10800.0,10800.0,0
2025-09-09,M5,67418.71600146196,0.0,4148.177806877024,71566.893808339,71566.893808339,0.0,3487.3228082548667,0.0,0.0,71566.893808339,99088.43492055658,102575.75772881144,36837.13785295167,10847.886968052664,9409.992848107586,7622.094206967147,10800.0,10800.0,0
2025-09-10,M5,72654.05661684692,0.0,3148.314786408687,75802.37140325562,75802.37140325562,0.0,2278.604961510478,0.0,0.0,75802.37140325562,105076.67098335999,107355.27594487047,39623.93940872673,4213.76195,11587.241769177655,9385.6658330339,10800.0,10800.0,0
2025-09-11,M5,73500.00211574636,0.0,887.6483354219214,74387.6504511683,74387.6504511683,0.0,592.7279343287737,0.0,0.0,74387.6504511683,108330.49525363978,108923.22318796856,43038.5255699917,10463.867413449716,10130.23379575688,8205.489374563076,10800.0,10800.0,0
2025-09-12,M5,31645.574987375756,0.0,17.53944601350995,31663.11443338927,31663.11443338927,0.0,25.210115527394976,0.0,0.0,31663.11443338927,61537.10983147396,61562.31994700136,23433.466728368046,24598.36096271263,10414.926610108814,8436.090554188142,10800.0,10800.0,0
2025-09-13,M5,32406.17195266063,0.0,0.0,32406.17195266063,32406.17195266063,0.0,0.0,0.0,0.0,32406.17195266063,63199.72952580932,63199.72952580932,24992.209576848196,28206.43829753086,10494.632463668031,8500.652295571108,10800.0,10800.0,0
2025-09-14,M5,75893.23837605158,0.0,796.292517376931,76689.53089342854,76689.53089342854,0.0,582.5504210665434,0.0,0.0,76689.53089342854,109159.58114834869,109742.13156941523,42043.605503245075,5720.813750000001,9886.250348263968,8007.862782093811,10800.0,10800.0,0
2025-09-15,M5,71342.28085086566,0.0,1401.708328297094,72743.98917916277,72743.98917916277,0.0,1025.1231818994029,0.0,0.0,72743.98917916277,103981.29194876151,105006.41513066093,37926.840064409174,10002.970708492834,10576.703812766234,8567.130088340651,10800.0,10800.0,0
2025-09-16,M5,78650.14281965034,0.0,764.2291849152188,79414.37200456554,79414.37200456554,0.0,506.8338845903862,0.0,0.0,79414.37200456554,111117.44635990841,111624.2802444988,43298.63920921777,7038.695434608073,9448.292722840088,7653.117105500468,10800.0,10800.0,0
2025-09-17,M5,77554.11224609944,0.0,87.9046901750889,77642.01693627454,77642.01693627454,0.0,56.06959983147533,0.0,0.0,77642.01693627454,110825.10326658445,110881.17286641595,42451.24856217804,6367.569883333333,11064.400110024048,8962.164089119477,10800.0,10800.0,0
2025-09-18,M5,75151.40614647501,0.0,3366.8180110859525,78518.22415756094,78518.22415756094,0.0,3289.9457489219835,0.0,0.0,78518.22415756094,108214.49386726347,111504.43961618545,43252.88197444587,7299.610133333333,10504.717851260993,8508.821459521401,10800.0,10800.0,0
2025-09-19,M5,32772.16377383577,0.0,415.39486825916157,33187.55864209491,33187.55864209491,0.0,390.60488545028045,0.0,0.0,33187.55864209491,64843.22860070834,65233.83348615861,25311.987353167817,21780.153238436298,10738.634620462268,8698.294042574438,10800.0,10800.0,0
2025-09-20,M5,32044.388683897156,0.0,629.0074442953648,32673.39612819253,32673.39612819253,0.0,1568.4409195063993,0.0,0.0,32673.39612819253,63995.35507341299,65563.79599291939,25843.432712592024,21859.669061184995,11659.265714784422,9444.00522897538,10800.0,10800.0,0
2025-09-21,M5,79984.98464328551,0.0,321.0048195997463,80305.98946288526,80305.98946288526,0.0,355.7397415899503,0.0,0.0,80305.98946288526,113350.82861715689,113706.56835874684,46873.39754430822,6899.7474,8662.820690027864,7016.884758922572,10800.0,10800.0,0
2025-09-22,M5,80752.00846582268,0.0,200.37968333839933,80952.38814916111,80952.38814916111,0.0,130.26624199737125,0.0,0.0,80952.38814916111,113408.50855031557,113538.77479231294,44229.178645379565,6774.031555440679,10113.393200838758,8191.848492679391,10800.0,10800.0,0
2025-09-23,M5,81830.05220680026,0.0,0.0,81830.05220680026,81830.05220680026,0.0,0.0,0.0,0.0,81830.05220680026,114500.15000912407,114500.15000912407,44023.31234201393,6471.226012814425,9942.084584012548,8053.088513050163,10800.0,10800.0,0
2025-09-24,M5,78868.51500868329,0.0,1039.9653934640742,79908.48040214734,79908.48040214734,0.0,1096.334243074009,0.0,0.0,79908.48040214734,111369.2198311574,112465.5540742314,43360.454653402696,5997.853948145914,10758.001961488437,8713.98158880564,10800.0,10800.0,0
2025-09-25,M5,80165.52377898882,0.0,841.4350295674758,81006.9588085563,81006.9588085563,0.0,798.0395715746392,0.0,0.0,81006.9588085563,112933.27114390627,113731.31071548091,44461.34154918797,7230.242042182811,8969.885390053338,7265.607165943204,10800.0,10800.0,0
2025-09-26,M5,34022.02325915194,0.0,0.0,34022.02325915194,34022.02325915194,0.0,0.0,0.0,0.0,34022.02325915194,69245.03581041127,69245.03581041127,28658.53060185076,20790.492384865564,11061.94380892078,8960.174485225834,10800.0,10800.0,0
2025-09-27,M5,33718.393417487765,0.0,1137.2331283187914,34855.62654580653,34855.62654580653,0.0,2203.9482455356006,0.0,0.0,34855.62654580653,65708.0106244034,67911.958869939,26439.51300199946,21334.605863376943,12297.567129276815,9961.02937471422,10800.0,10800.0,0
2025-09-28,M5,82250.97200360484,0.0,2700.2343554053305,84951.20635901018,84951.20635901018,0.0,2818.8258427433666,0.0,0.0,84951.20635901018,114187.6882950985,117006.51413784189,46609.84889951688,4863.795766666665,10764.422657850924,8719.18235285925,10800.0,10800.0,0
2025-09-29,M5,83294.76811639758,0.0,48.3109968602741,83343.07911325787,83343.07911325787,0.0,31.74220773144532,0.0,0.0,83343.07911325787,115568.62870413251,115600.37091186397,45007.166920284035,5929.757736714713,10018.708709816947,8115.154054951726,10800.0,10800.0,0
2025-09-30,M5,84065.8352060261,0.0,346.23269030805625,84412.06789633415,84412.06789633415,0.0,245.96133401600537,0.0,0.0,84412.06789633415,116234.80431468372,116480.76564869971,43893.41535588745,5079.2013333333325,10978.811541117211,8892.83734830494,10800.0,10800.0,0
2025-10-01,M5,77946.93129554349,0.0,0.0,77946.93129554349,77946.93129554349,0.0,0.0,0.0,0.0,77946.93129554349,115293.37326122657,115293.37326122657,51444.88830251717,12858.872516666668,6989.952151102112,5661.861242392712,10800.0,10800.0,0
2025-10-02,M5,75704.34991551541,0.0,310.99271431691767,76015.34262983235,76015.34262983235,0.0,211.30661391191325,0.0,0.0,76015.34262983235,111578.76360356814,111790.07021748007,47360.96446198001,11019.3171,8836.871257017814,7157.865718184432,10800.0,10800.0,0
2025-10-03,M5,29036.049689160136,0.0,261.3090146906342,29297.35870385077,29297.35870385077,0.0,245.15711699945376,0.0,0.0,29297.35870385077,60324.507633666144,60569.6647506656,24485.882700709713,26342.37309228689,10127.659250889472,8203.403993220472,10800.0,10800.0,0
2025-10-04,M5,31843.662096391337,0.0,332.14701243533966,32175.809108826674,32175.809108826674,0.0,292.9259383034451,0.0,0.0,32175.809108826674,65096.184547211604,65389.11048551505,27559.086551878885,22632.283874171146,11061.882242798352,8960.124616666666,10800.0,10800.0,0
2025-10-05,M5,74544.55682545487,0.0,799.2611517197494,75343.81797717465,75343.81797717465,0.0,566.195735224857,0.0,0.0,75343.81797717465,109434.2905622822,110000.48629750707,44324.07394930655,9266.327583333332,8811.177358950088,7137.053660749572,10800.0,10800.0,0
2025-10-06,M5,72971.65198001864,0.0,1822.2424201820215,74793.8944002006,74793.8944002006,0.0,1688.5506932588512,0.0,0.0,74793.8944002006,105039.45856383859,106728.00925709744,40449.90707817646,6736.002349999999,9521.003046952515,7712.012468031536,10800.0,10800.0,0
2025-10-07,M5,73507.08109388145,0.0,1364.1415395814943,74871.22263346297,74871.22263346297,0.0,1012.998090246602,0.0,0.0,74871.22263346297,106763.16080168154,107776.15889192815,41200.89182595762,6874.153893592637,10155.527223041627,8225.977050663716,10800.0,10800.0,0
2025-10-08,M5,70408.86970093808,0.0,1110.9447435440793,71519.81444448212,71519.81444448212,0.0,781.9373586876918,0.0,0.0,71519.81444448212,103538.19033779752,104320.12769648523,37985.364626857634,7641.169766666666,11658.408612075043,9443.310975780785,10800.0,10800.0,0
2025-10-09,M5,72693.60717551925,0.0,659.0780210358805,73352.68519655512,73352.68519655512,0.0,455.943996688835,0.0,0.0,73352.68519655512,106919.14819482797,107375.09219151681,40087.90226483514,9475.685283333332,10797.489263236841,8745.966303221838,10800.0,10800.0,0
2025-10-10,M5,29711.74957710741,0.0,631.8062827775998,30343.555859884993,30343.555859884993,0.0,574.6624131919089,0.0,0.0,30343.555859884993,62015.63793920048,62590.30035239239,23883.12629798441,27323.66416599587,10736.310377607577,8696.411405862136,10800.0,10800.0,0
2025-10-11,M5,31164.519745696336,0.0,204.37461674724065,31368.89436244358,31368.89436244358,0.0,217.50451914859207,0.0,0.0,31368.89436244358,63503.56606776794,63721.07058691654,24918.26511417727,22641.069128561037,10818.014530762612,8762.59176991772,10800.0,10800.0,0
2025-10-12,M5,74915.65073198563,0.0,184.88135793474495,75100.53208992034,75100.53208992034,0.0,141.3979851065468,0.0,0.0,75100.53208992034,108869.1600657336,109010.55805084015,41608.990696720306,6840.307772365384,10770.018939058515,8723.71534063739,10800.0,10800.0,0
2025-10-13,M5,76639.99572853382,0.0,6.124343568146669,76646.12007210197,76646.12007210197,0.0,3.3984482371381546,0.0,0.0,76646.12007210197,111569.69431744877,111573.0927656859,44167.316858408034,8354.545232553102,10651.765130130367,8627.929755405597,10800.0,10800.0,0
2025-10-14,M5,77985.90479160388,0.0,3.9494998846019964,77989.85429148849,77989.85429148849,0.0,2.088687865356178,0.0,0.0,77989.85429148849,112211.48185712929,112213.57054499464,43217.24016023259,6200.653083333333,10641.30535839673,8619.45734030135,10800.0,10800.0,0
2025-10-15,M5,78545.2638493123,0.0,0.0,78545.2638493123,78545.2638493123,0.0,0.0,0.0,0.0,78545.2638493123,112886.0949097062,112886.0949097062,43902.522077723625,5038.38875,10658.739115697823,8633.578683715234,10800.0,10800.0,0
2025-10-16,M5,79821.67782909817,0.0,31.834551799477683,79853.51238089765,79853.51238089765,0.0,18.538214456599576,0.0,0.0,79853.51238089765,112784.89363471442,112803.43184917103,42086.823777559104,5667.530279556118,10961.078116083174,8878.473274027368,10800.0,10800.0,0
2025-10-17,M5,32257.714038012655,0.0,137.23823702990086,32394.952275042553,32394.952275042553,0.0,189.92541057825758,0.0,0.0,32394.952275042553,66165.10053748469,66355.02594806295,27146.849142053146,21041.88151209292,11379.452511843188,9217.356534592976,10800.0,10800.0,0
2025-10-18,M5,32904.772385087315,0.0,119.33484009836064,33024.107225185675,33024.107225185675,0.0,214.69640228734187,0.0,0.0,33024.107225185675,69192.63890487877,69407.33530716611,29730.366677208636,21614.231672125687,10453.387848237493,8467.24415707237,10800.0,10800.0,0
2025-10-19,M5,81324.11251320048,0.0,0.0,81324.11251320048,81324.11251320048,0.0,0.0,0.0,0.0,81324.11251320048,114579.21580894792,114579.21580894792,42585.8327416098,5854.580566666667,11858.31561756907,9605.235650230945,10800.0,10800.0,0
2025-10-20,M5,82847.61498001649,0.0,0.0,82847.61498001649,82847.61498001649,0.0,0.0,0.0,0.0,82847.61498001649,116779.80746222578,116779.80746222578,45452.14620306366,4683.062366666666,11599.034346467291,9395.217820638507,10800.0,10800.0,0
2025-10-21,M5,83801.34714851368,0.0,337.2760556545845,84138.62320416827,84138.62320416827,0.0,236.38905263293532,0.0,0.0,84138.62320416827,116584.25302661283,116820.64207924576,45304.339988480286,2984.4141592366896,10891.08727120429,8821.780689675477,10800.0,10800.0,0
2025-10-22,M5,83415.56139307331,0.0,31.648878579493562,83447.2102716528,83447.2102716528,0.0,21.50529310757844,0.0,0.0,83447.2102716528,116384.60400619186,116406.10929929945,44325.02322955244,4347.2571333333335,11468.064402177253,9289.132165763578,10800.0,10800.0,0
2025-10-23,M5,85517.37663074692,0.0,0.0,85517.37663074692,85517.37663074692,0.0,0.0,0.0,0.0,85517.37663074692,120420.51645999265,120420.51645999265,49574.06746014193,5580.9899000000005,9926.116139565303,8040.154073047898,10800.0,10800.0,0
2025-10-24,M5,34429.16023553739,0.0,337.364741998493,34766.524977535904,34766.524977535904,0.0,376.93106340909304,0.0,0.0,34766.524977535904,70658.997327847,71035.92839125608,29500.64056729269,21001.13827126856,11126.835979095664,9012.73714306749,10800.0,10800.0,0
2025-10-25,M5,33913.408318640104,0.0,231.40827893535186,34144.81659757545,34144.81659757545,0.0,213.18884787126655,0.0,0.0,34144.81659757545,70900.4879926911,71113.67684056237,29526.484126605457,20137.24858621548,10797.42839162156,8745.916997213466,10800.0,10800.0,0
2025-10-26,M5,84592.33318729774,0.0,192.85656149077573,84785.18974878854,84785.18974878854,0.0,137.57064047929447,0.0,0.0,84785.18974878854,118086.43294693834,118224.00358741764,47285.8845634822,4543.223833333333,9739.911441765498,7889.328267830053,10800.0,10800.0,0
2025-10-27,M5,82596.23508715516,0.0,1138.5833739949,83734.81846115009,83734.81846115009,0.0,1115.690048065141,0.0,0.0,83734.81846115009,115833.17082494134,116948.86087300649,44899.45067023477,6556.165666666666,10214.015102307274,8273.352232868892,10800.0,10800.0,0
2025-10-28,M5,84201.38329665418,0.0,0.0,84201.38329665418,84201.38329665418,0.0,0.0,0.0,0.0,84201.38329665418,116750.8988347112,116750.8988347112,44883.431529838395,3908.8441537010126,10453.691848272618,8467.490397100824,10800.0,10800.0,0
2025-10-29,M5,87149.5318215658,0.0,449.03810375529315,87598.5699253211,87598.5699253211,0.0,296.59518142392903,0.0,0.0,87598.5699253211,119084.49527122674,119381.09045265066,45512.0985325525,2465.0818,11008.701684727173,8917.048364629009,10800.0,10800.0,0
2025-10-30,M5,85451.1079745936,0.0,60.16727358183947,85511.27524817546,85511.27524817546,0.0,46.855421466866574,0.0,0.0,85511.27524817546,117766.08927332869,117812.94469479556,45974.710585364446,5131.162313354393,10101.337610930063,8182.083464853355,10800.0,10800.0,0
2025-10-31,M5,36905.888365239734,0.0,30.43197308345125,36936.32033832319,36936.32033832319,0.0,25.716793192946852,0.0,0.0,36936.32033832319,73959.30665351836,73985.0234467113,31870.289758402985,16415.181265020576,9448.7387190583,7653.478362437219,10800.0,10800.0,0
2025-11-01,M5,36123.557391876195,0.0,58.41647976525386,36181.97387164146,36181.97387164146,0.0,54.77511345517263,0.0,0.0,36181.97387164146,73934.84344867092,73989.6185621261,31984.768952383532,17631.689577366255,9626.955784436701,7797.834185393729,10800.0,10800.0,0
2025-11-02,M5,87644.66529745431,0.0,744.9868381704704,88389.65213562475,88389.65213562475,0.0,845.237240902301,0.0,0.0,88389.65213562475,120082.84287982435,120928.08012072665,46813.91670224234,3159.8597666666665,11357.472202549023,9199.552484064709,10800.0,10800.0,0
2025-11-03,M5,89922.59670251278,0.0,37.077196621395935,89959.67389913418,89959.67389913418,0.0,28.57175697703451,0.0,0.0,89959.67389913418,122175.29967753745,122203.87143451448,48625.56122965404,2183.6590833333325,9945.899148388326,8056.178310194549,10800.0,10800.0,0
2025-11-04,M5,87992.66850036915,0.0,171.83508856633836,88164.50358893549,88164.50358893549,0.0,188.45417470701727,0.0,0.0,88164.50358893549,119993.76489760865,120182.21907231567,46562.29220487812,4042.244583333333,10513.738161952093,8516.127911181196,10800.0,10800.0,0
2025-11-05,M5,90764.29819747175,0.0,114.4866087271219,90878.78480619882,90878.78480619882,0.0,77.16639220361878,0.0,0.0,90878.78480619882,122282.1309638541,122359.29735605774,47801.73900523693,2844.725566666666,10709.54061835508,8674.727900867616,10800.0,10800.0,0
2025-11-06,M5,89660.36651138587,0.0,1650.2016261851668,91310.56813757104,91310.56813757104,0.0,1203.2577041613808,0.0,0.0,91310.56813757104,120485.2559231701,121688.51362733147,46180.609604262485,1890.2772833333336,11831.800998608789,9583.75880887312,10800.0,10800.0,0
2025-11-07,M5,38127.98346492387,0.0,457.0509986860874,38585.034463609954,38585.034463609954,0.0,852.1582736134509,0.0,0.0,38585.034463609954,76342.86387702734,77195.02215064078,34786.161290889024,17294.55645823045,9451.803253620928,7655.96063543295,10800.0,10800.0,0
2025-11-08,M5,38855.087342469385,0.0,0.0,38855.087342469385,38855.087342469385,0.0,0.0,0.0,0.0,38855.087342469385,77059.71881407012,77059.71881407012,35125.650614778686,16544.61977860082,8411.796424687465,6813.555103996848,10800.0,10800.0,0
2025-11-09,M5,91015.39303917626,0.0,0.0,91015.39303917626,91015.39303917626,0.0,0.0,0.0,0.0,91015.39303917626,122573.64648305204,122573.64648305204,46712.04526354797,2405.1450999999997,11103.362821951241,8993.723885780506,10800.0,10800.0,0
2025-11-10,M5,92484.14078658188,0.0,1592.0489961095163,94076.18978269139,94076.18978269139,0.0,1245.5540094786336,0.0,0.0,94076.18978269139,122861.15299882532,124106.70700830396,46984.60322717147,1133.2048333333332,11212.925514732413,9082.469666933253,10800.0,10800.0,0
2025-11-11,M5,92646.86984913253,0.0,166.42033696160328,92813.29018609418,92813.29018609418,0.0,113.67735714989135,0.0,0.0,92813.29018609418,123811.07900243833,123924.75635958822,47815.961556734146,2539.3554666666664,10581.156155372335,8570.736485851588,10800.0,10800.0,0
2025-11-12,M5,91633.66305876766,0.0,1219.7377789801178,92853.40083774776,92853.40083774776,0.0,911.3898699554722,0.0,0.0,92853.40083774776,123272.607036081,124183.99690603647,48236.25498042591,2931.354916666666,10844.206626020516,8783.807367076619,10800.0,10800.0,0
2025-11-13,M5,92327.34128606986,0.0,576.0342898505503,92903.37557592035,92903.37557592035,0.0,476.72225746184233,0.0,0.0,92903.37557592035,122281.44317047794,122758.16542793978,46957.457905474046,1471.0862666666658,10177.631258591597,8243.881319459195,10800.0,10800.0,0
2025-11-14,M5,38939.894141321514,0.0,221.28290912901338,39161.177050450504,39161.177050450504,0.0,190.9274788296231,0.0,0.0,39161.177050450504,77043.50118921038,77234.42866804,34443.96795731519,13522.607208641977,8786.306326751843,7116.9081246689975,10800.0,10800.0,0
2025-11-15,M5,40409.258822811666,0.0,311.56806811260543,40720.826890924276,40720.826890924276,0.0,277.8605737691788,0.0,0.0,40720.826890924276,79323.85535604056,79601.71592980972,36710.970438395416,13069.319936625514,8471.255990116497,6861.717351994365,10800.0,10800.0,0
2025-11-16,M5,94293.35196847055,0.0,1040.5918419719872,95333.94381044256,95333.94381044256,0.0,754.0657538296332,0.0,0.0,95333.94381044256,124720.17162635876,125474.2373801884,47164.57776169355,1789.1757666666663,10978.628781551855,8892.68931305701,10800.0,10800.0,0
2025-11-17,M5,93753.73218840877,0.0,1788.3486882085203,95542.08087661731,95542.08087661731,0.0,1658.2540933121861,0.0,0.0,95542.08087661731,124509.98958722765,126168.24368053983,49486.24878434668,1986.0927333333334,10527.093839613157,8526.946010086654,10800.0,10800.0,0
2025-11-18,M5,94756.97123077227,0.0,122.42161801386864,94879.3928487861,94879.3928487861,0.0,81.86460624264748,0.0,0.0,94879.3928487861,124402.2941053405,124484.15871158315,46982.69547171497,587.7734666666661,10648.094420358888,8624.9564804907,10800.0,10800.0,0
2025-11-19,M5,95431.14523341839,0.0,3933.7120604149886,99364.85729383337,99364.85729383337,0.0,3001.5556574415195,0.0,0.0,99364.85729383337,124479.83739751333,127481.39305495487,48617.5324341559,1404.5819666666662,11005.089758591059,8914.122704458758,10800.0,10800.0,0
2025-11-20,M5,94825.12452954447,0.0,379.8774902212634,95205.00201976573,95205.00201976573,0.0,369.801903503129,0.0,0.0,95205.00201976573,125317.07388532133,125686.87578882446,47797.43964597984,1007.9097666666662,10991.843909708545,8903.393566863922,10800.0,10800.0,0
2025-11-21,M5,40736.03461266075,0.0,2049.7147271282606,42785.74933978899,42785.74933978899,0.0,2483.276765209526,0.0,0.0,42785.74933978899,79317.5971772378,81800.87394244733,38547.281794848845,12874.391780797736,7972.7173691267635,6457.901068992683,10800.0,10800.0,0
2025-11-22,M5,42655.35031712974,0.0,213.85981659788737,42869.210133727625,42869.210133727625,0.0,177.92912381638916,0.0,0.0,42869.210133727625,81857.12526196499,82035.05438578138,38380.635903098395,11918.812083644674,7977.773240552496,6461.99632484752,10800.0,10800.0,0
2025-11-23,M5,96336.94555094976,0.0,1342.9095119925328,97679.8550629423,97679.8550629423,0.0,854.4170205141851,0.0,0.0,97679.8550629423,126302.68919819113,127157.10621870532,48223.745711214666,1715.755833333333,10450.044162231468,8464.53577140749,10800.0,10800.0,0
2025-11-24,M5,95165.820049859,0.0,39.39582170665338,95205.21587156566,95205.21587156566,0.0,31.613901464066885,0.0,0.0,95205.21587156566,125164.38650180181,125196.00040326589,47456.66061531203,1721.3181000000002,9768.831515546546,7912.7535275927,10800.0,10800.0,0
2025-11-25,M5,97959.2819012109,0.0,0.0,97959.2819012109,97959.2819012109,0.0,0.0,0.0,0.0,97959.2819012109,128878.82594513989,128878.82594513989,49721.31013510603,833.7680500000001,11342.564701932632,9187.477408565432,10800.0,10800.0,0
2025-11-26,M5,98518.64105871572,0.0,900.8553661398112,99419.49642485553,99419.49642485553,0.0,553.6175796534951,0.0,0.0,99419.49642485553,127969.39344299739,128523.0110226509,49328.03323195613,378.0993333333321,10837.95565277954,8778.744078751426,10800.0,10800.0,0
2025-11-27,M5,98036.30852394557,0.0,1091.0984926467856,99127.40701659238,99127.40701659238,0.0,825.4622639508574,0.0,0.0,99127.40701659238,127289.1218743239,128114.58413827477,49469.952446792864,901.845383333333,10325.755656922363,8363.862082107118,10800.0,10800.0,0
2025-11-28,M5,41767.6943005802,0.0,922.31432223348,42690.00862281371,42690.00862281371,0.0,1205.5474256133148,0.0,0.0,42690.00862281371,81294.3417732197,82499.88919883301,38997.931353518106,10949.577116666665,8584.958834990784,6953.816656342533,10800.0,10800.0,0
2025-11-29,M5,45099.556951270155,0.0,455.855467707684,45555.412418977845,45555.412418977845,0.0,408.40349762263895,0.0,0.0,45555.412418977845,85089.62708309233,85498.03058071497,41611.61238837661,7427.9616000000005,8047.40259125458,6518.39609891621,10800.0,10800.0,0
2025-11-30,M5,101361.16884100057,0.0,962.5436010928962,102323.71244209344,102323.71244209344,0.0,671.682689296664,0.0,0.0,102323.71244209344,130090.43282293729,130762.11551223393,48406.40580946967,10.70791666666662,11053.545628583923,8953.37195915298,10800.0,10800.0,0
2025-12-01,M5,108804.32916087775,0.0,7254.413774386197,116058.74293526399,116058.74293526399,0.0,4548.5770169644875,0.0,0.0,116058.74293526399,131592.6955447233,136141.2725616878,47673.76169358923,41.427283333333435,11195.55711279969,9068.401261367751,10800.0,10800.0,0
2025-12-02,M5,112751.2611777368,0.0,6372.572151472086,119123.83332920885,119123.83332920885,0.0,3864.7326605400985,0.0,0.0,119123.83332920885,134572.6211081078,138437.35376864788,47696.840386899254,0.0,11066.860167098168,8964.15673534952,10800.0,10800.0,0
2025-12-03,M5,114992.7001125831,0.0,4425.947989352358,119418.64810193538,119418.64810193538,0.0,3056.0651968081124,0.0,0.0,119418.64810193538,137484.00242835027,140540.06762515838,51403.067407527575,0.0,10390.798162969217,8416.546512005069,10800.0,10800.0,0
2025-12-04,M5,116562.87583089982,0.0,1108.4318544985713,117671.3076853984,117671.3076853984,0.0,669.2503699096309,0.0,0.0,117671.3076853984,139487.61286396976,140156.86323387938,51466.358158012736,38.74940000000015,9897.615399298295,8017.068473431617,10800.0,10800.0,0
2025-12-05,M5,51916.07127118644,0.0,1555.2668236857235,53471.338094872146,53471.338094872146,0.0,1327.3980729588905,0.0,0.0,53471.338094872146,91694.37966170894,93021.77773466785,44004.94822218275,6140.6278817421635,8234.599723208372,6670.025775798785,10800.0,10800.0,0
2025-12-06,M5,54167.83285288029,0.0,1653.8762871260024,55821.70914000629,55821.70914000629,0.0,1190.9649976642281,0.0,0.0,55821.70914000629,93246.07873793562,94437.04373559984,44149.546839791234,5059.865516666667,8226.318749869886,6663.318187394607,10800.0,10800.0,0
2025-12-07,M5,120530.27075144868,0.0,0.0,120530.27075144868,120530.27075144868,0.0,0.0,0.0,0.0,120530.27075144868,144013.57610844687,144013.57610844687,54336.021663401116,12.572583333333341,10591.055851118,8578.755239405577,10800.0,10800.0,0
2025-12-08,M5,123100.39474675745,0.0,0.0,123100.39474675745,123100.39474675745,0.0,0.0,0.0,0.0,123100.39474675745,148449.5497136834,148449.5497136834,58458.92613440142,0.0,11281.118224291164,9137.705761675843,10800.0,10800.0,0
2025-12-09,M5,120463.38641571994,0.0,0.0,120463.38641571994,120463.38641571994,0.0,0.0,0.0,0.0,120463.38641571994,146361.8258810896,146361.8258810896,56766.480531012196,7.1056166666667195,11577.81824602134,9378.032779277282,10800.0,10800.0,0
2025-12-10,M5,117804.74178387066,0.0,348.3946340427489,118153.13641791341,118153.13641791341,0.0,259.7347412815194,0.0,0.0,118153.13641791341,141693.23588081409,141952.97062209563,51320.743973978024,0.0,11813.727270794372,9569.119089343447,10800.0,10800.0,0
2025-12-11,M5,115618.60446320294,0.0,2.270971124172723,115620.87543432708,115620.87543432708,0.0,1.11240319577405,0.0,0.0,115620.87543432708,142031.85735849137,142032.96976168716,53864.14600398419,0.0,11618.784514226096,9411.215456523138,10800.0,10800.0,0
2025-12-12,M5,54444.37601978699,0.0,1301.3591184777556,55745.73513826474,55745.73513826474,0.0,1300.9010113183388,0.0,0.0,55745.73513826474,94532.35937059246,95833.2603819108,46074.0153944103,4548.899283333333,7873.327478072886,6377.395257239039,10800.0,10800.0,0
2025-12-13,M5,55144.65462794465,0.0,849.3778045192051,55994.03243246385,55994.03243246385,0.0,788.2040209131251,0.0,0.0,55994.03243246385,95012.94709521641,95801.15111612953,45731.61681705538,4761.35896872428,7945.483931665973,6435.84198464944,10800.0,10800.0,0
2025-12-14,M5,115598.22097205016,0.0,1582.1751030529376,117180.396075103,117180.396075103,0.0,1043.958537558894,0.0,0.0,117180.396075103,138614.1768699475,139658.13540750643,48415.75385081032,0.0,12966.630298400542,10502.970541704439,10800.0,10800.0,0
2025-12-15,M5,117220.85356296318,0.0,909.0701122124974,118129.92367517568,118129.92367517568,0.0,530.5978293119689,0.0,0.0,118129.92367517568,141053.87917759854,141584.47700691054,49730.835509473516,0.0,12547.808056686066,10163.724525915713,10800.0,10800.0,0
2025-12-16,M5,117485.12090954541,0.0,55.217644626208894,117540.33855417161,117540.33855417161,0.0,25.75509905837771,0.0,0.0,117540.33855417161,141817.9476935445,141843.70279260288,50050.27869746716,0.0,12501.751377907367,10126.418616104973,10800.0,10800.0,0
2025-12-17,M5,116128.63618937288,0.0,143.3261097631277,116271.96229913595,116271.96229913595,0.0,91.89357181267508,0.0,0.0,116271.96229913595,140489.27856445193,140581.1721362646,50129.84111863482,0.0,11892.020794542781,9632.536843579652,10800.0,10800.0,0
2025-12-18,M5,113761.4366865514,0.0,1320.502780857697,115081.93946740906,115081.93946740906,0.0,774.8797005601397,0.0,0.0,115081.93946740906,138539.43720711174,139314.31690767186,49418.05910432065,86.18373333333352,12862.142649217009,10418.335545865775,10800.0,10800.0,0
2025-12-19,M5,53738.44451439767,0.0,1108.840512419068,54847.285026816746,54847.285026816746,0.0,1224.2632595482096,0.0,0.0,54847.285026816746,93174.4346682337,94398.6979277819,44236.14669694283,5628.836976235485,8554.33134001902,6929.00838541541,10800.0,10800.0,0
2025-12-20,M5,53764.25423200172,0.0,0.0,53764.25423200172,53764.25423200172,0.0,0.0,0.0,0.0,53764.25423200172,94540.22987971101,94540.22987971101,44370.76913746005,5686.499312421012,8561.100946473414,6934.491766643464,10800.0,10800.0,0
2025-12-21,M5,116037.48116233137,0.0,71.28169450714799,116108.76285683854,116108.76285683854,0.0,40.84024629881253,0.0,0.0,116108.76285683854,140345.94025207814,140386.78049837696,48921.531609381156,0.0,12776.142222785045,10348.675200455888,10800.0,10800.0,0
2025-12-22,M5,116487.83389712076,0.0,481.43179349407023,116969.26569061486,116969.26569061486,0.0,261.49103649148424,0.0,0.0,116969.26569061486,139893.0898976833,140154.58093417477,48723.054425205686,0.0,13126.839082293533,10632.739656657759,10800.0,10800.0,0
2025-12-23,M5,115930.17108512892,0.0,0.0,115930.17108512892,115930.17108512892,0.0,0.0,0.0,0.0,115930.17108512892,140389.6598700173,140389.6598700173,50754.39899673614,0.0,12511.412315514883,10134.243975567057,10800.0,10800.0,0
2025-12-24,M5,114090.7889722813,0.0,122.58476784696023,114213.37374012827,114213.37374012827,0.0,63.14648565868936,0.0,0.0,114213.37374012827,138804.8346493988,138867.9811350575,48601.061975269564,0.0,12696.630753269743,10284.270910148489,10800.0,10800.0,0
2025-12-25,M5,113441.63804514967,0.0,51.50127651390398,113493.13932166353,113493.13932166353,0.0,29.403266547514704,0.0,0.0,113493.13932166353,137574.28759298436,137603.69085953187,47408.03834580022,0.0,12543.178844201739,10159.97486380341,10800.0,10800.0,0
2025-12-26,M5,52865.49009770637,0.0,611.8301727757555,53477.32027048214,53477.32027048214,0.0,480.49720048299446,0.0,0.0,53477.32027048214,93067.99722988938,93548.49443037238,43818.10557428803,5005.607736323736,9037.677296985734,7320.518610558445,10800.0,10800.0,0
2025-12-27,M5,53190.84679878586,0.0,423.69640004776477,53614.543198833606,53614.543198833606,0.0,293.3809424270893,0.0,0.0,53614.543198833606,93882.5613229989,94175.94226542598,44489.023267143944,4755.263412613754,8383.40273158748,6790.556212585861,10800.0,10800.0,0
2025-12-28,M5,114905.89723905943,0.0,168.3279903566184,115074.22522941604,115074.22522941604,0.0,96.66172107835928,0.0,0.0,115074.22522941604,139923.5889436035,140020.2506646819,50916.16363462902,0.0,12078.064631857229,9783.232351804358,10800.0,10800.0,0
2025-12-29,M5,114036.72571930372,0.0,577.400890318388,114614.12660962214,114614.12660962214,0.0,452.4430739843074,0.0,0.0,114614.12660962214,139491.5377870857,139943.98086106998,50026.224523064215,0.0,12599.947743890023,10205.957672550921,10800.0,10800.0,0
2025-12-30,M5,112225.67727936716,0.0,660.235006035976,112885.91228540319,112885.91228540319,0.0,454.85399219112696,0.0,0.0,112885.91228540319,138180.0349955046,138634.8889876957,50011.869747280456,18.987083333333203,12524.366089904883,10144.736532822953,10800.0,10800.0,0
2025-12-31,M5,113684.97843033049,0.0,567.2899469393786,114252.26837726987,114252.26837726987,0.0,379.28650983650493,0.0,0.0,114252.26837726987,137867.5583631737,138246.84487301024,47147.26203688548,0.0,12911.36790942843,10458.208006637025,10800.0,10800.0,0
2025-02-01,M6,19766.615807340062,0.0,0.0,19766.615807340062,19766.615807340062,0.0,0.0,0.0,0.0,19766.615807340062,46571.66870555912,46571.66870555912,4795.216456675308,3808.823092955348,18891.859066290188,15302.405843695055,10800.0,10800.0,0
2025-02-02,M6,65235.158732007985,8.274767537841398e-13,3.6144484738542815e-12,65235.158732007985,65235.158732007985,0.0,3.82982534574694e-12,0.0,0.0,65235.158732007985,93294.43407002774,93294.43407002774,10529.798188264613,59.174066666666704,22890.441395244503,18541.257530148043,10800.0,10800.0,0
2025-02-03,M6,65842.10147509699,5.579334327876495e-13,2.8722752176690844e-12,65842.10147509699,65842.10147509699,0.0,2.9629632081196178e-12,0.0,0.0,65842.10147509699,92343.4797760588,92343.4797760588,8068.3686003961775,0.0,21358.9193455928,17300.72466993017,10800.0,10800.0,0
2025-02-04,M6,65426.66475504315,1.0293774721503723e-13,1.526518644823227e-12,65426.66475504315,65426.66475504315,0.0,9.947598300641403e-13,0.0,0.0,65426.66475504315,92205.73336193018,92205.73336193018,6399.324811437336,0.0,24271.287371014976,19659.742770522127,10800.0,10800.0,0
2025-02-05,M6,61238.120161282764,1.2023662065985262e-13,1455.6227185580208,62693.74287984077,62693.74287984077,0.0,1065.330644934228,44.16921052848793,276.46983045499996,62970.21271029577,87290.99241153903,88356.32305647327,3042.565713698832,0.0,24260.524052471555,19651.024482501965,10800.0,10800.0,4
2025-02-06,M6,62855.264204073945,0.0,226.0909034403614,63081.355107514326,63081.355107514326,0.0,157.68155586820092,40.945466411918346,291.68504414856665,63373.04015166289,89243.39350633946,89401.07506220764,4583.419141153765,0.0,24144.96931999552,19557.42514919638,10800.0,10800.0,2
2025-02-07,M6,17263.736797834863,0.0,0.0,17263.736797834863,17263.736797834863,0.0,0.0,61.81780094307152,261.8602047948509,17525.597002629715,41420.569132376244,41420.569132376244,1798.9827469372963,4115.447669210431,19949.16980723093,16186.892956726007,10800.0,10768.816207923383,1
2025-02-08,M6,14887.172976632435,0.0,1086.384070789521,15973.557047421958,15973.557047421958,0.0,1044.85764033931,35.63718921298562,176.86737006404763,16150.424417486007,36609.306352565305,37654.163992904614,391.20036977999763,1428.2083561767217,22448.233298027717,18155.0035585335,10768.816207923383,10800.0,1
2025-02-09,M6,57290.915371296374,0.0,3483.8705924704077,60774.78596376681,60774.78596376681,0.0,2633.413100301473,3.092510196401804,15.162577492958045,60789.948541259764,83204.91991573627,85838.33301603775,1413.298301460269,0.0,25645.848726880155,20773.137468772926,10800.0,10800.0,1
2025-02-10,M6,57585.845131071634,0.0,566.4790587084507,58152.32418978011,58152.32418978011,0.0,392.7746735298967,0.0,0.0,58152.32418978011,84905.97547312194,85298.75014665184,6627.9289802217845,328.1247000000001,21137.152016298507,17121.09313320179,10800.0,10800.0,0
2025-02-11,M6,57270.67922653082,0.0,387.31118453172724,57657.990411062536,57657.990411062536,0.0,260.8347120060257,16.927195174005988,87.49581483849948,57745.48622590103,84006.84623022325,84267.68094222927,4457.883990155971,148.03829999999994,23463.62481007357,19005.536096159594,10800.0,10800.0,2
2025-02-12,M6,57978.187882977225,0.0,4.635643335859641e-12,57978.187882977225,57978.187882977225,0.0,2.6147972675971687e-12,0.0,0.0,57978.187882977225,85248.73108960365,85248.73108960365,5420.821031640766,163.38428333333331,23146.261269980132,18748.471628683903,10800.0,10800.0,0
2025-02-13,M6,57368.13509263847,0.0,236.79242320661243,57604.9275158451,57604.9275158451,0.0,161.67522585769905,0.0,0.0,57604.9275158451,84861.62375037956,85023.29897623726,9475.467983554887,558.6377833333336,19261.653645696744,15601.939453014369,10800.0,10800.0,0
2025-02-14,M6,16114.445412727528,0.0,303.392524238133,16417.83793696566,16417.83793696566,0.0,297.9854318491393,0.0,0.0,16417.83793696566,38729.822206806224,39027.80763865536,1961.2514556597637,3203.817165812356,21373.353686929368,17312.41648641279,10800.0,10800.0,0
2025-02-15,M6,16315.410560264949,0.0,115.7634866213448,16431.17404688629,16431.17404688629,0.0,104.90067889256423,0.0,0.0,16431.17404688629,38027.883924208014,38132.784603100576,1517.0552449905683,3493.9926074778937,20219.18763490591,16377.541984273788,10800.0,10800.0,0
2025-02-16,M6,58521.98813683013,0.0,4.818652143967484e-14,58521.98813683013,58521.98813683013,0.0,3.197442310920451e-14,0.0,0.0,58521.98813683013,85276.30950142935,85276.30950142935,5784.1378603043995,84.83723936812453,21210.29106187805,17180.335760121226,10800.0,10800.0,0
2025-02-17,M6,57781.46404342503,5.255049728702943e-14,15.022123275147903,57796.486166700175,57796.486166700175,0.0,12.327361952360633,0.0,0.0,57796.486166700175,85219.4846712859,85231.81203323827,9266.978244952377,882.1082833333332,20520.328096241574,16621.465757955684,10800.0,10800.0,0
2025-02-18,M6,53819.4784780807,0.0,838.816239666983,54658.29471774765,54658.29471774765,0.0,638.7247493032735,0.0,0.0,54658.29471774765,80503.23968900193,81141.96443830521,4847.791189219416,241.45472736625413,20849.109149401123,16887.77841101491,10800.0,10800.0,0
2025-02-19,M6,53068.172173987405,3.7394443097582555e-14,1399.485149933017,54467.65732392044,54467.65732392044,0.0,1147.8866624760376,155.02933454014453,769.3352317616498,55236.99255568209,79997.44544198248,81145.3321044585,4117.384980737012,0.0,22650.784604885885,18347.13552995757,10800.0,10800.0,5
2025-02-20,M6,54786.46420458105,1.1144152267661411e-13,35.359864744809286,54821.824069325856,54821.824069325856,0.0,25.61679276270729,17.859093531072745,100.19844425608363,54922.02251358194,81817.27836060364,81842.89515336633,6463.988509053897,391.814483333333,21114.829058825584,17103.011537648723,10800.0,10800.0,1
2025-02-21,M6,16113.712911586761,0.0,54.95491723930946,16168.667828826072,16168.667828826072,0.0,52.96796727983639,0.0,0.0,16168.667828826072,37854.614402416475,37907.582369696305,2088.9161400594926,6562.703199333731,19451.05787878816,15755.356881818405,10800.0,10800.0,0
2025-02-22,M6,16269.451082074613,0.0,95.9893617623792,16365.440443836991,16365.440443836991,0.0,90.22177028990296,0.0,0.0,16365.440443836991,37880.866550558654,37971.08832084856,2030.4920275537445,4221.3018147049615,20392.271553981675,16517.739958725157,10800.0,10800.0,0
2025-02-23,M6,54292.75760202381,0.0,349.6836353699673,54642.441237393774,54642.441237393774,0.0,293.6509076697071,0.0,0.0,54642.441237393774,81588.83175074657,81882.48265841627,5774.90990549717,417.62383333333355,21884.711769749672,17726.616533497236,10800.0,10800.0,0
2025-02-24,M6,52355.1676705429,3.945184512410549e-13,2.4428459255432244e-15,52355.1676705429,52355.1676705429,0.0,7.50344231192912e-13,10.398799116965733,53.13266408813642,52408.300334631036,78982.28171895299,78982.28171895299,5814.676221373326,1061.3032146756223,20598.249817654436,16684.582352300094,10800.0,10800.0,1
2025-02-25,M6,51220.03407398553,0.0,378.81961472349644,51598.853688709016,51598.853688709016,0.0,279.4705143747912,18.809064263669484,96.5281178011518,51695.381806510166,78965.08170583556,79244.55222021036,7798.3701828243575,1776.8332970173738,20351.760901573514,16484.926330274546,10800.0,10800.0,1
2025-02-26,M6,48717.78943591905,0.0,1633.7199162347542,50351.50935215381,50351.50935215381,0.0,1554.3693908150299,0.0,0.0,50351.50935215381,74908.62816791185,76462.99755872689,2966.2467440770943,438.37266017982483,22334.369058613884,18090.838937477245,10800.0,10800.0,0
2025-02-27,M6,47426.43503233358,0.0,281.49531780619253,47707.93035013977,47707.93035013977,0.0,237.13634512068433,829.0531006545052,4383.980910390195,52091.91126052997,74984.49022503916,75221.62657015985,4266.1506873394055,506.56359999999825,22744.11149197345,18422.730308498496,10800.0,10800.0,6
2025-02-28,M6,14756.160621229403,0.0,20.722330654689983,14776.88295188409,14776.88295188409,0.0,16.577556724331032,0.0,0.0,14776.88295188409,36404.131967836554,36420.709524560894,2286.7160157191684,6969.269724266356,20379.63281355457,16507.5025789792,10800.0,10800.0,0
2025-03-01,M6,15159.540844139608,0.0,0.0,15159.540844139608,15159.540844139608,0.0,0.0,0.0,0.0,15159.540844139608,36667.127201658455,36667.127201658455,1679.8484275472501,7691.028939375336,19144.65211264496,15507.168211242419,10800.0,10800.0,0
2025-03-02,M6,50654.90831074095,0.0,3030.5912344378676,53685.49954517881,53685.49954517881,0.0,1838.891101396925,0.0,0.0,53685.49954517881,77567.50062658041,79406.39172797734,2917.0877670711766,0.0,21742.08891705004,17611.09202281054,10800.0,10800.0,0
2025-03-03,M6,52856.36490887451,0.0,432.53113699529047,53288.8960458698,53288.8960458698,0.0,239.62422208415498,0.0,0.0,53288.8960458698,80278.8120162504,80518.43623833457,3874.936004969435,184.4892666666666,23378.233333500637,18936.369000135513,10800.0,10800.0,0
2025-03-04,M6,51236.53761668019,2.210184391060466e-12,362.7669245212492,51599.30454120145,51599.30454120145,0.0,264.6292286741964,0.0,0.0,51599.30454120145,78025.40965490931,78290.0388835835,4522.645180419776,600.6831000000002,20880.27720963367,16913.02453980327,10800.0,10800.0,0
2025-03-05,M6,49730.56251139378,0.0,1.0867626798471974e-13,49730.56251139378,49730.56251139378,0.0,7.460698725481052e-14,0.0,0.0,49730.56251139378,77786.58500994388,77786.58500994388,6949.213304584534,625.9976666666664,21478.43169487377,17397.52967284775,10800.0,10800.0,0
2025-03-06,M6,46417.155191891565,0.0,1002.1375606062754,47419.29275249786,47419.29275249786,0.0,603.6417753302134,0.0,0.0,47419.29275249786,73307.27108119811,73910.91285652833,3068.099269448408,803.271483333333,21573.094581122416,17474.206610709163,10800.0,10800.0,0
2025-03-07,M6,13945.32384360518,0.0,0.0,13945.32384360518,13945.32384360518,0.0,0.0,0.0,0.0,13945.32384360518,34681.19053041834,34681.19053041834,1333.6305904371798,8761.294461438,19284.104974788563,15620.125029578734,10800.0,10800.0,0
2025-03-08,M6,13231.033326066203,0.0,649.6219409166478,13880.655266982854,13880.655266982854,0.0,664.7666672492195,0.0,0.0,13880.655266982854,32727.894734224687,33392.6614014739,1415.3549412998973,8982.29603245456,20694.0574265936,16762.186515540823,10800.0,10800.0,0
2025-03-09,M6,45470.96689984803,0.0,610.1382479820159,46081.10514783004,46081.10514783004,0.0,428.3661252549558,0.0,0.0,46081.10514783004,73141.75718970792,73570.1233149629,4719.673042680928,1398.4634909999988,21676.114375168232,17557.65264388627,10800.0,10800.0,0
2025-03-10,M6,45996.3371977881,0.0,3171.7309962129875,49168.06819400108,49168.06819400108,0.0,2788.1747169576975,0.0,0.0,49168.06819400108,71326.29977063905,74114.47448759674,1671.2694462704462,0.0,23163.861006980507,18762.727415654208,10800.0,10800.0,0
2025-03-11,M6,44496.377351690106,0.0,2810.721841104373,47307.09919279445,47307.09919279445,0.0,2773.612030192637,0.0,0.0,47307.09919279445,70557.93458313259,73331.54661332522,4582.811168924425,932.1619248555215,20408.709050238358,16531.05433069307,10800.0,10800.0,0
2025-03-12,M6,45649.03074361389,0.0,217.9566732663668,45866.98741688026,45866.98741688026,0.0,143.92905367503755,0.0,0.0,45866.98741688026,72946.72231683233,73090.65137050737,5204.602885095469,1533.1465166666665,20617.722554799493,16700.355269387594,10800.0,10800.0,0
2025-03-13,M6,46126.516712476885,0.0,2536.223080766771,48662.73979324362,48662.73979324362,0.0,2355.6121484906007,0.0,0.0,48662.73979324362,72276.24080902914,74631.85295751975,2833.9421209935754,0.0,22380.488525576344,18128.19570571684,10800.0,10800.0,0
2025-03-14,M6,13609.127712584424,0.0,53.994575383054,13663.122287967479,13663.122287967479,0.0,56.698980248369054,0.0,0.0,13663.122287967479,33830.26424614695,33886.963226395324,2254.0732676001962,11836.009388086553,19828.708354606526,16061.253767231286,10800.0,10800.0,0
2025-03-15,M6,13859.629442273836,0.0,179.66333362253042,14039.292775896363,14039.292775896363,0.0,185.91134505383337,0.0,0.0,14039.292775896363,33529.60429994039,33715.515644994215,1784.6230399837184,7071.250100941691,20713.249231941103,16777.731877872295,10800.0,10800.0,0
2025-03-16,M6,45298.35801905798,0.0,2061.567811144354,47359.925830202315,47359.925830202315,0.0,1940.3160867944857,1.6400000000001,8.081100000000493,47368.00693020232,72274.67951556473,74214.99560235921,6548.910230650644,322.9277000000001,21019.740728290715,17025.989989915484,10800.0,10800.0,1
2025-03-17,M6,44073.72843957167,4.351591087470297e-13,398.69247891924687,44472.420918490934,44472.420918490934,0.0,302.66487533774,0.0,0.0,44472.420918490934,71851.28283637285,72153.94771171059,8481.309354118684,2213.092833333333,18954.81100486974,15353.396913944493,10800.0,10800.0,0
2025-03-18,M6,44008.53156403751,0.0,290.7976224900728,44299.32918652758,44299.32918652758,0.0,261.94121063543,0.0,0.0,44299.32918652758,71116.14837270205,71378.08958333748,5032.19481789509,1197.354978493082,21171.481159382398,17148.899739099747,10800.0,10800.0,0
2025-03-19,M6,40825.235448311534,3.555555849743541e-14,1665.9604600604293,42491.19590837197,42491.19590837197,0.0,1794.3459554801,333.95743047701865,1693.2270740275972,44184.42298239957,66400.92681611466,68195.27277159475,4146.887266184508,907.4328029002014,21102.314120984593,17092.874437997525,10800.0,10800.0,3
2025-03-20,M6,42865.84635435019,0.0,792.126627312247,43657.972981662446,43657.972981662446,0.0,621.1517508761422,0.0,0.0,43657.972981662446,69216.49526476441,69837.64701564056,3189.9459174677677,403.453094926203,21238.348350420627,17203.062163840706,10800.0,10800.0,0
2025-03-21,M6,12591.179305325366,0.0,359.15153062164217,12950.330835947008,12950.330835947008,0.0,353.2672652752624,0.0,0.0,12950.330835947008,32017.446379943663,32370.713645218922,1997.1647878701099,14404.489696820618,20713.65602032384,16778.061376462316,10800.0,10800.0,0
2025-03-22,M6,13318.918573053108,0.0,64.69029370592439,13383.608866759036,13383.608866759036,0.0,56.18133952989625,0.0,0.0,13383.608866759036,32799.49635295179,32855.67769248169,1758.3832442269143,11436.132386948253,19894.538568279924,16114.576240306738,10800.0,10800.0,0
2025-03-23,M6,42311.40515957945,0.0,633.8178776820708,42945.22303726152,42945.22303726152,0.0,619.0680511135836,0.0,0.0,42945.22303726152,69322.94522877829,69942.01327989188,5106.274277240655,2116.1150166666666,20788.96773325206,16839.063863934163,10800.0,10800.0,0
2025-03-24,M6,40704.80136144428,0.0,1107.318379723355,41812.119741167626,41812.119741167626,0.0,815.8294142115162,0.0,0.0,41812.119741167626,66671.6671161803,67487.4965303918,3451.5210739924114,2030.888932909349,21087.312842930107,17080.723402773394,10800.0,10800.0,0
2025-03-25,M6,41992.918830912444,0.0,504.6462657520503,42497.5650966645,42497.5650966645,0.0,356.3088004364847,0.0,0.0,42497.5650966645,68528.67434396301,68884.9831443995,2566.3041641813857,1322.3802425044205,21295.652742352795,17249.478721305764,10800.0,10800.0,0
2025-03-26,M6,39860.235649326256,0.0,819.1485485475816,40679.384197873835,40679.384197873835,0.0,810.8341613010011,0.0,0.0,40679.384197873835,65803.55401140041,66614.38817270141,5041.527613556849,2095.426483333334,20446.732679708217,16561.853470563663,10800.0,10800.0,0
2025-03-27,M6,40478.24962782119,0.0,767.7915430029228,41246.041170824115,41246.041170824115,0.0,625.8582944506543,0.0,0.0,41246.041170824115,66675.55962939726,67301.41792384791,3596.8090936921108,1162.8984500000001,20130.110421872687,16305.38944171688,10800.0,10800.0,0
2025-03-28,M6,12582.827981996603,0.0,115.95498114811147,12698.78296314471,12698.78296314471,0.0,106.98190485678482,0.0,0.0,12698.78296314471,31987.252493286716,32094.234398143504,2004.7936594436467,15451.42261213654,20084.933473140278,16268.796113243621,10800.0,10800.0,0
2025-03-29,M6,12470.356925822485,0.0,188.41784850570843,12658.774774328193,12658.774774328193,0.0,192.686219988079,0.0,0.0,12658.774774328193,31846.23847122288,32038.924691210963,1430.2506235983133,19105.206882406095,19980.305273016995,16184.047271143776,10800.0,10800.0,0
2025-03-30,M6,38300.702590747256,0.0,229.49730756776796,38530.199898315026,38530.199898315026,0.0,154.0389709989763,0.0,0.0,38530.199898315026,64406.73267199698,64560.771642995955,3323.2105451014395,2048.2803433474774,20229.79502393183,16386.13396938479,10800.0,10800.0,0
2025-03-31,M6,37157.07746405503,0.0,3612.8795397494155,40769.95700380444,40769.95700380444,0.0,4594.598483588835,0.0,0.0,40769.95700380444,61000.71560367863,65595.31408726747,3441.1954226069224,1287.8790666666673,20604.474287687182,16689.624173026623,10800.0,10800.0,0
2025-04-01,M6,41352.89954740748,1.0687131180020515e-13,2630.533618335822,43983.4331657433,43983.4331657433,0.0,2525.325148875988,0.0,0.0,43983.4331657433,66966.14006933731,69491.4652182133,4277.0572716774095,1322.9585666666667,19382.09401685558,15699.496153653023,10800.0,10800.0,0
2025-04-02,M6,39878.13558776358,0.0,3048.030066717645,42926.16565448123,42926.16565448123,0.0,3008.2078768191914,284.6914581407423,1478.6480425124862,44404.81369699371,66063.20486794968,69071.41274476887,4280.7037101641245,646.5523989235048,21018.48786222098,17024.975168398996,10800.0,10800.0,3
2025-04-03,M6,40787.23651253852,0.0,194.83823566394162,40982.07474820248,40982.07474820248,0.0,136.4158359627438,0.0,0.0,40982.07474820248,66978.61500569253,67115.03084165527,4868.753777196193,2554.859666666667,20146.774374346034,16318.887243220288,10800.0,10800.0,0
2025-04-04,M6,11928.97169458726,0.0,28.97054276665794,11957.942237353918,11957.942237353918,0.0,33.30011952026875,0.0,0.0,11957.942237353918,31060.74850105927,31094.04862057954,1623.638204892555,19201.338175889327,20201.420998935046,16363.151009137388,10800.0,10800.0,0
2025-04-05,M6,12283.439565824583,0.0,303.55828739225876,12586.997853216842,12586.997853216842,0.0,248.34730152504548,0.0,0.0,12586.997853216842,30914.76498793642,31163.11228946147,1316.2043866066733,13980.660962287291,20116.483985443032,16294.35202820886,10800.0,10800.0,0
2025-04-06,M6,38645.8787372396,0.0,335.8888742919228,38981.76761153152,38981.76761153152,0.0,278.75791623083654,0.0,0.0,38981.76761153152,64488.974745461,64767.73266169182,3618.914318864324,2719.5476499999995,21153.65487453076,17134.460448369915,10800.0,10800.0,0
2025-04-07,M6,36986.72100644709,0.0,1587.6015905416277,38574.3225969887,38574.3225969887,0.0,1871.5044453587705,0.0,0.0,38574.3225969887,61547.43262988075,63418.93707523952,4469.7008450025405,1887.9406833333335,20097.769808264784,16279.193544694474,10800.0,10800.0,0
2025-04-08,M6,37828.87975696945,0.0,329.21451503591453,38158.094272005364,38158.094272005364,0.0,177.20464668110964,0.0,0.0,38158.094272005364,63557.34569972666,63734.55034640778,3928.8015844780343,1496.8489789334524,20819.506138576977,16863.799972247354,10800.0,10800.0,0
2025-04-09,M6,37883.6665296359,0.0,2077.3476510007717,39961.01418063668,39961.01418063668,0.0,2482.8275298389317,0.0,0.0,39961.01418063668,62868.749206453664,65351.5767362926,1941.8872308563482,244.65248105682258,21214.347409014576,17183.62140130181,10800.0,10800.0,0
2025-04-10,M6,38036.22847635291,1.7837464838521557e-13,1440.2298345487552,39476.45831090167,39476.45831090167,0.0,1929.950954190959,0.0,0.0,39476.45831090167,63621.696131802964,65551.64708599393,4928.729848912715,2308.0854333333327,20285.231072357277,16431.037168609393,10800.0,10800.0,0
2025-04-11,M6,11536.211242492387,0.0,256.4739668408236,11792.68520933321,11792.68520933321,0.0,268.2446237574288,0.0,0.0,11792.68520933321,30033.570172876505,30301.81479663393,1303.3787767348267,19799.626441836597,20432.41795471496,16550.258543319116,10800.0,10800.0,0
2025-04-12,M6,11878.223025805315,0.0,90.95931873415539,11969.182344539471,11969.182344539471,0.0,62.347877670954404,0.0,0.0,11969.182344539471,30422.67719902559,30485.025076696547,1375.9651419588201,16392.70719250437,19427.327327543986,15736.135135310633,10800.0,10800.0,0
2025-04-13,M6,36731.27785108656,0.0,469.67944498484457,37200.957296071414,37200.957296071414,0.0,293.93770264348905,0.0,0.0,37200.957296071414,61415.77895325019,61709.71665589369,2808.1051781862634,677.671682742839,20776.743745427695,16829.162433796435,10800.0,10800.0,0
2025-04-14,M6,36572.333165228076,0.0,313.4949683245538,36885.82813355262,36885.82813355262,0.0,221.086509819693,0.0,0.0,36885.82813355262,61700.50396842358,61921.59047824326,3460.13806342447,2024.9371466673601,20570.96562184969,16662.482153698245,10800.0,10800.0,0
2025-04-15,M6,35421.547142665404,0.0,366.3853922734217,35787.932534938824,35787.932534938824,0.0,560.8464806799905,0.0,0.0,35787.932534938824,60168.872423009474,60729.71890368946,4299.79398039833,2592.223611388101,19464.59199247211,15766.319513902414,10800.0,10800.0,0
2025-04-16,M6,36819.10422686857,0.0,1810.2145491986173,38629.3187760672,38629.3187760672,0.0,1997.1623860543682,0.0,0.0,38629.3187760672,61445.39232565454,63442.554711708915,2297.7833888788896,1685.2166438873528,19368.22488917198,15688.262160229304,10800.0,10800.0,0
2025-04-17,M6,35336.45766128833,0.0,1666.8067934233773,37003.26445471171,37003.26445471171,0.0,2472.9429727190072,0.0,0.0,37003.26445471171,59706.90387770001,62179.846850419024,3498.2345637550843,1829.0010939643046,20969.83601420858,16985.56717150895,10800.0,10800.0,0
2025-04-18,M6,11015.440549495988,0.0,189.8201472427525,11205.260696738746,11205.260696738746,0.0,202.90822488936297,0.0,0.0,11205.260696738746,29450.116462108563,29653.024686997927,1799.6455376612612,17680.74428260954,20097.46149154629,16278.943808152497,10800.0,10800.0,0
2025-04-19,M6,11177.992319387326,0.0,229.83585736498188,11407.828176752304,11407.828176752304,0.0,238.70374324352355,0.0,0.0,11407.828176752304,29284.844842037593,29523.548585281118,1713.0496662947467,17220.804583833575,20026.395185014662,16221.380099861872,10800.0,10800.0,0
2025-04-20,M6,35610.89041196843,7.087805897754151e-14,824.6238194611022,36435.51423142954,36435.51423142954,0.0,926.0739494005093,0.0,0.0,36435.51423142954,59927.252373381474,60853.32632278198,3188.369462351403,1810.2161506341915,20510.50434980558,16613.508523342523,10800.0,10800.0,0
2025-04-21,M6,35622.51571662733,0.0,247.7051643247617,35870.220880952074,35870.220880952074,0.0,179.25495039492955,0.0,0.0,35870.220880952074,61379.314707581594,61558.56965797652,4504.475846945146,4780.552166666666,19771.743479112505,16015.112218081129,10800.0,10800.0,0
2025-04-22,M6,34387.6252781454,0.0,2605.6547652250288,36993.28004337043,36993.28004337043,0.0,3467.7451300307976,0.0,0.0,36993.28004337043,57109.56848476835,60577.313614799146,2599.9483822254015,1958.4639165083522,20347.221049467,16481.24905006827,10800.0,10800.0,0
2025-04-23,M6,34503.4779195657,0.0,2003.4333876530225,36506.91130721872,36506.91130721872,0.0,2536.18383978978,0.0,0.0,36506.91130721872,58099.58095918431,60635.76479897411,3436.497437486736,2032.3340166666667,19826.40330607387,16059.38667791983,10800.0,10800.0,0
2025-04-24,M6,34305.73816192996,0.0,273.7228193141999,34579.46098124417,34579.46098124417,0.0,221.01261430192665,0.0,0.0,34579.46098124417,58093.02405448377,58314.0366687857,3027.429424328213,4612.546824999678,18862.91431293589,15278.960593478074,10800.0,10800.0,0
2025-04-25,M6,10377.344165706652,0.0,0.0,10377.344165706652,10377.344165706652,0.0,0.0,0.0,0.0,10377.344165706652,28390.556144499304,28390.556144499304,881.2251861437212,21679.49495807214,20155.14921201812,16325.670861734683,10800.0,10800.0,0
2025-04-26,M6,10902.400745190083,0.0,150.67210142374475,11053.072846613828,11053.072846613828,0.0,130.1669023636237,0.0,0.0,11053.072846613828,28188.471012927752,28318.637915291372,576.374943912368,23806.06466235299,20347.393029961517,16481.388354268827,10800.0,10800.0,0
2025-04-27,M6,32276.375655084987,0.0,1911.5991404857214,34187.974795570706,34187.974795570706,0.0,1878.5198822381756,0.0,0.0,34187.974795570706,54386.0598806358,56264.579762873975,1369.9451764732971,2472.591487860082,20255.641658985587,16407.06974377832,10800.0,10800.0,0
2025-04-28,M6,35101.82246677228,8.789129424258134e-14,3413.756115233292,38515.57858200555,38515.57858200555,0.0,3360.349891032901,0.0,0.0,38515.57858200555,58850.19850366689,62210.548394699785,1766.3601890672335,0.0,20116.9520471889,16294.731158223009,10800.0,10800.0,0
2025-04-29,M6,33985.8844071427,0.0,533.7473580895518,34519.63176523223,34519.63176523223,0.0,409.55559858675565,0.0,0.0,34519.63176523223,58410.143625045035,58819.69922363179,3570.3231612429254,4269.704750000001,18665.566293274736,15119.10869755254,10800.0,10800.0,0
2025-04-30,M6,32852.17740328969,1.8305001958651701e-13,55.81401519948575,32907.99141848917,32907.99141848917,0.0,42.137999824641554,0.0,0.0,32907.99141848917,56200.21546042319,56242.35346024783,3000.192117805288,1520.1076662568312,18237.89075185466,14772.691509002276,10800.0,10800.0,0
2025-05-01,M6,33640.835332452,0.0,1388.1468725027685,35028.98220495477,35028.98220495477,0.0,804.0606410458033,1150.992082767593,7320.956645667102,42349.938850621875,54962.47352401889,55766.53416506469,811.5229844092314,1820.7801607174881,20022.564275119308,16748.71997241374,10800.0,10210.61898936989,8
2025-05-02,M6,11414.012867363632,0.0,1694.0864291535738,13108.099296517197,13108.099296517197,0.0,1119.4193360710021,901.8913307116973,4833.21696924583,17941.316265763027,28610.509782421825,29729.929118492822,26.373508290986138,12068.153118225626,21121.40945647851,16874.43571712393,10210.61898936989,10470.514481173952,7
2025-05-03,M6,11777.881047156263,0.0,68.94927748373462,11846.830324640001,11846.830324640001,0.0,55.499166562065994,1154.6226948460455,5221.178687472469,17068.00901211247,29442.296721128634,29497.795887690703,91.5632409041823,17608.274960356215,20539.044782636895,16453.636051360543,10470.514481173952,10673.836950702109,7
2025-05-04,M6,39960.197338448656,0.0,0.0,39960.197338448656,39960.197338448656,0.0,0.0,533.0697392871703,3131.873665067037,43092.071003515695,65408.34506473751,65408.34506473751,6631.665269258484,4211.69744547325,17730.23411420819,14366.84935824858,10673.836950702109,10667.881699879943,9
2025-05-05,M6,38881.538257228145,0.0,20.655527830325447,38902.19378505847,38902.19378505847,0.0,10.514126812923706,355.1563513735104,2323.7551359204317,41225.9489209789,63885.482433272664,63895.996560085594,3838.5754294355825,1389.346942486265,20251.650326925093,16304.426587387838,10667.881699879943,10778.337452570486,3
2025-05-06,M6,38076.833147629586,0.0,414.35388165691444,38491.1870292865,38491.1870292865,0.0,719.5533140528332,270.5318229997885,1653.8496161402686,40145.036645426764,61940.74550238393,62660.29881643676,3366.571403612673,2907.6431074074094,21109.41909948649,17322.885337736683,10778.337452570486,10529.164266845351,6
2025-05-07,M6,38330.252773023465,0.0,584.4928145054541,38914.74558752891,38914.74558752891,0.0,537.3817220587821,435.583917460926,2940.5875752460815,41855.33316277499,62754.59445660279,63291.97617866158,2103.035308741809,2513.6480504321175,20348.33840729411,16305.307620345528,10529.164266845351,10725.660366359461,3
2025-05-08,M6,42238.25562451032,0.0,0.0,42238.25562451032,42238.25562451032,0.0,0.0,0.0,0.0,42238.25562451032,67731.50723410811,67731.50723410811,6015.0364487967645,2167.8709833333323,19237.7985879028,15515.711185924782,10725.660366359461,10800.0,0
2025-05-09,M6,13872.07362787793,0.0,0.0,13872.07362787793,13872.07362787793,0.0,0.0,0.0,0.0,13872.07362787793,32690.944122636763,32690.944122636763,2347.613892821216,18153.457979898045,19423.612631144748,15733.126231227248,10800.0,10800.0,0
2025-05-10,M6,14094.776815579247,0.0,0.0,14094.776815579247,14094.776815579247,0.0,0.0,0.0,0.0,14094.776815579247,32411.704604651914,32411.704604651914,1904.7682843951873,14736.932155281313,19205.04674548463,15556.087863842551,10800.0,10800.0,0
2025-05-11,M6,40256.43627692811,6.197296897880733e-13,331.8328168049084,40588.269093733026,40588.269093733026,0.0,309.38975156887943,59.02405502363695,393.2885629111746,40981.5576566442,65529.684989775094,65839.07474134398,3881.6849081390637,2865.036566666666,19301.56967488714,15634.271436658586,10800.0,10800.0,3
2025-05-12,M6,39013.60904108381,0.0,1741.9865467579061,40755.59558784171,40755.59558784171,0.0,1934.1298299923399,0.0,0.0,40755.59558784171,63157.33520612626,65091.46503611862,6614.64502528585,3310.6339666666663,17026.267425435595,13791.276614602837,10800.0,10800.0,0
2025-05-13,M6,39041.82699644408,0.0,80.71968553691103,39122.54668198098,39122.54668198098,0.0,77.24042897145927,0.0,0.0,39122.54668198098,64102.14444731783,64179.38487628928,4500.813159386111,2845.010151685703,19496.572623951608,15792.223825400797,10800.0,10800.0,0
2025-05-14,M6,37768.74361483223,0.0,1400.7565882696915,39169.50020310191,39169.50020310191,0.0,1705.9602172337588,0.0,0.0,39169.50020310191,62344.47920792644,64050.43942516019,4687.245864733471,2785.870516666666,18753.548739088033,15190.374478661304,10800.0,10800.0,0
2025-05-15,M6,39239.38750954413,0.0,1070.4394236967014,40309.82693324082,40309.82693324082,0.0,1515.9659172120746,0.0,0.0,40309.82693324082,62526.9455062196,64042.91142343166,5239.980045380361,2325.3720666666654,19539.479095006885,15826.978066955573,10800.0,10800.0,0
2025-05-16,M6,13294.354050614718,0.0,53.92575742463094,13348.279808039346,13348.279808039346,0.0,48.47689702141733,0.0,0.0,13348.279808039346,31179.592280789708,31228.06917781113,2102.2529635192122,22745.354789249322,19289.236272154005,15624.281380444747,10800.0,10800.0,0
2025-05-17,M6,13818.017150696449,0.0,55.20380931376809,13873.220960010218,13873.220960010218,0.0,44.79750318086155,0.0,0.0,13873.220960010218,31397.325100815353,31442.122603996213,1486.5373530106103,15723.768728831656,19910.618099055886,16127.600660235272,10800.0,10800.0,0
2025-05-18,M6,38962.06251651682,2.2530457499669862e-13,435.06233757013194,39397.12485408694,39397.12485408694,0.0,300.02260930910904,2.275731050968261,14.961793794590832,39412.08664788153,63417.51995159959,63717.5425609087,4567.076040315059,1913.8742499999998,18751.052113919075,15188.352212274458,10800.0,10800.0,1
2025-05-19,M6,37105.94539295254,0.0,77.38206398900954,37183.327456941544,37183.327456941544,0.0,63.27982211194973,72.9695403596387,508.18280048067464,37691.51025742222,61272.30069841664,61335.5805205286,4659.616521026652,5845.288050000001,17833.836525587296,14445.407585725712,10800.0,10800.0,2
2025-05-20,M6,36478.76374043988,0.0,961.4007884677487,37440.16452890763,37440.16452890763,0.0,1213.2905589677887,0.0,0.0,37440.16452890763,59706.95249740788,60920.243056375664,1905.171609510448,828.091691563787,19260.973361235636,15601.388422600867,10800.0,10800.0,0
2025-05-21,M6,36898.09721024214,0.0,1426.4928556108325,38324.590065852964,38324.590065852964,0.0,1774.0230543873993,0.0,0.0,38324.590065852964,59415.86123576805,61189.884290155445,2655.9251346789188,3768.149938291408,17911.547020272577,14508.35308642079,10800.0,10800.0,0
2025-05-22,M6,36397.83785029394,1.488388079451397e-13,175.36152395910474,36573.19937425303,36573.19937425303,0.0,122.3106779787393,2.57000000000005,16.86434000000033,36590.06371425303,58961.25144138471,59083.56211936345,2750.1430682256396,1984.2904222612476,18605.620064262628,15070.552252052727,10800.0,10800.0,1
2025-05-23,M6,12368.794931663984,0.0,256.4305646481195,12625.225496312105,12625.225496312105,0.0,245.35628189206537,0.0,0.0,12625.225496312105,30070.418473946967,30315.774755839037,1987.8731896664385,17872.61788047327,21233.341065084198,17199.0062627182,10800.0,10800.0,0
2025-05-24,M6,13052.947180133157,0.0,91.08277628093684,13144.029956414088,13144.029956414088,0.0,69.78718488924727,0.0,0.0,13144.029956414088,30699.51187728431,30769.299062173555,2379.0002275777315,20706.66101682461,20679.665444409933,16750.529009972048,10800.0,10800.0,0
2025-05-25,M6,36722.41415112744,0.0,303.8927176061633,37026.30686873359,37026.30686873359,0.0,208.7727605814246,0.0,0.0,37026.30686873359,59662.822005101734,59871.594765683156,3487.6955780730113,4545.547955832455,17333.373939180834,14040.032890736478,10800.0,10800.0,0
2025-05-26,M6,35216.34299303218,0.0,3041.8306731574253,38258.173666189614,38258.173666189614,0.0,3719.5047579594147,0.0,0.0,38258.173666189614,57281.46461560995,61000.969373569365,2675.7534433549663,0.0,19712.542001128415,15967.15902091402,10800.0,10800.0,0
2025-05-27,M6,36112.377250952246,0.0,1658.2193753523375,37770.596626304585,37770.596626304585,0.0,2382.5287591337583,0.0,0.0,37770.596626304585,58499.15703115327,60881.685790287025,4859.854475085768,3274.5706252280193,17667.859947227586,14310.966557254345,10800.0,10800.0,0
2025-05-28,M6,36915.67127514684,3.8866687646077477e-13,556.3618697862494,37472.0331449331,37472.03314493309,7.275957614183426e-12,407.3779719763764,0.0,0.0,37472.0331449331,60279.409050213726,60686.78702219011,2769.132485887247,2014.0859958443896,19103.918107676196,15474.173667217725,10800.0,10800.0,0
2025-05-29,M6,36432.82284443733,0.0,2444.846964987019,38877.66980942433,38877.66980942433,0.0,2871.117048868622,17.817433333333497,119.80442173333444,38997.47423115767,59752.23412381884,62623.35117268746,2238.2091558483007,2518.515096146063,19864.84660013914,16090.525746112708,10800.0,10800.0,1
2025-05-30,M6,12875.826555793294,0.0,275.18237080990235,13151.008926603196,13151.008926603196,0.0,178.61103891724113,0.0,0.0,13151.008926603196,30187.783592393163,30366.394631310402,1622.7884367853762,18167.7473766693,20945.397637837203,16965.772086648136,10800.0,10800.0,0
2025-05-31,M6,12618.534164607807,0.0,134.47688573800826,12753.011050345815,12753.011050345815,0.0,104.45252500223393,0.0,0.0,12753.011050345815,30673.108523419036,30777.561048421267,2367.2759337933317,16013.898824932414,21090.551261555403,17083.34652185988,10800.0,10800.0,0
2025-06-01,M6,44658.8557613916,0.0,9637.615304112078,54296.47106550369,54296.47106550369,0.0,7290.677998542098,1118.4190065641328,7220.874985413279,61517.34605091697,66485.3577452067,73776.0357437488,356.48678181098865,0.0,20970.87805945858,17657.73639095664,10800.0,10054.083152449783,14
2025-06-02,M6,47965.935102066556,0.0,5554.2030858552625,53520.138187921824,53520.138187921824,0.0,2993.193102923882,657.5823433735156,4203.436392872284,57723.574580794106,73037.98070320435,76031.17380612822,3672.2010380437673,99.32638333333352,21997.756954431563,17721.335676306924,10054.083152449783,10161.691437763828,7
2025-06-03,M6,53630.12582631805,0.0,1448.58077530474,55078.70660162277,55078.70660162277,0.0,1224.763358349282,46.46851608275915,320.70266798434716,55399.40926960712,79817.49871121906,81042.26206956833,6927.419313251468,1661.2869499999995,20249.43363483563,15941.776145769341,10161.691437763828,10673.097102705528,2
2025-06-04,M6,57230.2074746791,4.863565550294879e-13,438.5509369387006,57668.75841161779,57668.75841161779,0.0,246.72097909913833,61.68668810365352,430.64596913416335,58099.404380751956,83917.96650792618,84164.68748702532,10382.78375755445,431.2208333333331,19225.769263207894,15458.660495633367,10673.097102705528,10800.0,3
2025-06-05,M6,56063.27267227935,0.0,557.7090769729448,56620.981749252314,56620.981749252314,0.0,422.6134444295603,81.81061544764918,565.0709506826911,57186.052699935004,81396.45309202326,81819.06653645282,6008.958967411031,712.9432999999999,21219.676017677335,17190.01914985455,10800.0,10797.687138293435,4
2025-06-06,M6,18202.608390263606,0.0,2282.783487476005,20485.391877739607,20485.391877739607,0.0,1271.1931877039835,468.76208326051915,2797.1697397107705,23282.561617450378,36656.03698445618,37927.230172160154,65.47105553012898,3770.5070500266775,20796.974214836737,17091.95546497286,10797.687138293435,10523.902303898867,3
2025-06-07,M6,20207.291004025672,0.0,237.28489485007,20444.575898875744,20444.575898875744,0.0,139.52189971780444,236.55805022978973,1513.4984053701946,21958.07430424594,41048.260303043775,41187.78220276158,1436.7441501024107,4773.617618831637,20474.608889448347,16387.143572057692,10523.902303898867,10743.113002116055,1
2025-06-08,M6,63980.42074773881,2.928771891674842e-13,4.065437053668575e-12,63980.42074773881,63980.42074773881,0.0,3.467448550509289e-12,0.0,0.0,63980.42074773881,92155.45565483905,92155.45565483905,22224.912477283702,2269.4248358024624,12763.140931529926,10286.94585644369,10743.113002116055,10800.0,0
2025-06-09,M6,61201.50712698348,0.0,0.0,61201.50712698348,61201.50712698348,0.0,0.0,0.0,0.0,61201.50712698348,87689.92882570007,87689.92882570007,12231.08758091174,1118.5354472859076,17934.700337732174,14527.107273563064,10800.0,10800.0,0
2025-06-10,M6,58029.445550128956,0.0,0.0,58029.445550128956,58029.445550128956,0.0,0.0,0.0,0.0,58029.445550128956,84187.23065419681,84187.23065419681,8381.944231111738,337.92801666666617,20257.44301623723,16408.528843152155,10800.0,10800.0,0
2025-06-11,M6,58665.75713899044,0.0,242.4588863468018,58908.216025337235,58908.216025337235,0.0,216.0683065557989,0.0,0.0,58908.216025337235,84948.53504739236,85164.60335394816,4571.774950130593,0.0,23728.326774478417,19219.944687327516,10800.0,10800.0,0
2025-06-12,M6,59419.73033382743,0.0,2.890080708084497e-12,59419.73033382743,59419.73033382743,0.0,1.8900436771218665e-12,0.0,0.0,59419.73033382743,85553.89165951034,85553.89165951035,8935.453831865898,358.2286666666665,20041.14593497073,16233.328207326285,10800.0,10800.0,0
2025-06-13,M6,19446.430450713488,0.0,0.0,19446.430450713488,19446.430450713488,0.0,0.0,0.0,0.0,19446.430450713488,38849.41000551708,38849.41000551708,1579.7271874016708,5018.203995744819,20558.76380195049,16652.598679579893,10800.0,10800.0,0
2025-06-14,M6,20262.270399704194,0.0,0.0,20262.270399704194,20262.270399704194,0.0,0.0,0.0,0.0,20262.270399704194,39096.91073409034,39096.91073409034,1039.58861296767,8097.201816235289,19825.14502572306,16058.367470835674,10800.0,10800.0,0
2025-06-15,M6,57459.88643733603,6.567105970134435e-13,0.0,57459.88643733603,57459.88643733603,0.0,1.2789769243681803e-12,0.0,0.0,57459.88643733603,83043.70528200569,83043.70528200569,8717.737209728975,22.459833333333336,19350.178450579257,15673.644544969204,10800.0,10800.0,0
2025-06-16,M6,57872.40956335094,1.424815820882941e-15,29.567855590978212,57901.97741894193,57901.97741894193,0.0,14.468531710436654,0.0,0.0,57901.97741894193,83379.50729529225,83393.97582700268,6730.35764584205,0.0,20892.449286810348,16922.883922316385,10800.0,10800.0,0
2025-06-17,M6,56074.31230341973,0.0,2580.646876552087,58654.95917997181,58654.95917997181,0.0,1968.1814102006663,4.773095508722008,34.62642136802381,58689.58560133984,81475.78656660614,83443.96797680682,4602.576778710633,0.0,22153.437247043374,17944.284170105137,10800.0,10800.0,1
2025-06-18,M6,58007.097690469076,0.0,1182.1391452917878,59189.23683576089,59189.23683576089,0.0,1064.6516485342406,0.0,0.0,59189.23683576089,83685.51201863209,84750.16366716633,10165.182524942144,87.41241666666656,18785.146450302767,15215.968624745246,10800.0,10800.0,0
2025-06-19,M6,55092.36914799366,0.0,1443.6620373618973,56536.031185355554,56536.031185355554,0.0,1044.0698379934327,65.57031056043922,451.0606568026497,56987.0918421582,81067.03060009584,82111.10043808926,8688.900897135605,1406.9671308651273,20112.097477099873,16290.798956450895,10800.0,10800.0,2
2025-06-20,M6,19544.598876927157,0.0,111.9638698244128,19656.562746751566,19656.562746751566,0.0,88.0544263278768,0.0,0.0,19656.562746751566,38051.12243505953,38139.1768613874,3149.326437142332,8816.600810450873,19856.15138839052,16083.482624596323,10800.0,10800.0,0
2025-06-21,M6,19115.32100892982,0.0,211.4714421310772,19326.792451060894,19326.792451060894,0.0,155.7779813452516,0.0,0.0,19326.792451060894,38209.2939224161,38365.07190376135,4084.4686450497848,10978.023208088787,20883.36658222518,16915.526931602395,10800.0,10800.0,0
2025-06-22,M6,51929.64170858354,3.9357650472027216e-13,2125.975516550636,54055.61722513419,54055.61722513419,0.0,1617.963017634168,0.0,0.0,54055.61722513419,76425.45236112508,78043.41537875924,6108.35110538231,527.3828666666664,20791.26477215931,16840.92446544904,10800.0,10800.0,0
2025-06-23,M6,51635.2335539194,0.0,336.69174898432703,51971.92530290373,51971.92530290373,0.0,226.2745345539547,0.0,0.0,51971.92530290373,76367.05001380926,76593.32454836322,4905.013039367132,526.998765684087,21579.088122694808,17479.0613793828,10800.0,10800.0,0
2025-06-24,M6,54793.206056580275,0.0,3663.0804536352603,58456.28651021553,58456.28651021553,0.0,2899.2500432970555,1259.6102989700837,6841.881518428252,65298.16802864378,78601.74564956626,81500.99569286332,1951.9631445327082,0.0,23893.95051210891,19354.099914808212,10800.0,10800.0,6
2025-06-25,M6,53900.96424264934,0.0,1615.4324211915352,55516.396663840846,55516.396663840846,0.0,1300.344457727287,0.357906274627112,2.4996174219957505,55518.89628126284,79395.42831414432,80695.7727718716,6238.869699351162,174.04331666666644,20241.033134009176,16395.23683854744,10800.0,10800.0,1
2025-06-26,M6,52161.39675774113,0.0,1136.8520101862273,53298.24876792732,53298.24876792732,0.0,1188.1891971989264,37.540316024025174,263.68363077585235,53561.93239870317,77820.48999265645,79008.67918985538,7128.861990742562,447.91728415637954,20642.40209287961,16720.345695232485,10800.0,10800.0,2
2025-06-27,M6,17850.49142660542,0.0,133.57894017305003,17984.07036677847,17984.07036677847,0.0,102.94955627126399,0.0,0.0,17984.07036677847,36363.66397392795,36466.61353019922,2564.964023754725,10160.915684703006,20889.936605656952,16920.848650582135,10800.0,10800.0,0
2025-06-28,M6,18107.30284417615,0.0,208.58705464687736,18315.88989882302,18315.88989882302,0.0,163.81500616793954,0.0,0.0,18315.88989882302,36591.66159026759,36755.476596435525,2262.6009336853713,8801.0393300274,20604.79061082154,16689.880394765445,10800.0,10800.0,0
2025-06-29,M6,50923.84601526834,0.0,2486.4928125442198,53410.33882781256,53410.33882781256,0.0,2057.3712030427487,0.0,0.0,53410.33882781256,75230.58494281453,77287.95614585727,4031.697120253074,23.73727019110879,20867.122221472426,16902.368999392667,10800.0,10800.0,0
2025-06-30,M6,52867.390900504375,0.0,370.63281857392684,53238.0237190783,53238.0237190783,0.0,245.30164741581348,15.145722337701272,105.19461449650419,53343.218333574805,78409.17508501284,78654.47673242867,4765.608512834093,0.0,21191.210308415495,17164.880349816558,10800.0,10800.0,1
2025-07-01,M6,56447.913263224764,0.0,15776.101515843902,72224.01477906862,72224.01477906862,0.0,11608.380401957324,160.94870732724524,1187.3470111989084,73411.36179026753,76972.45275111466,88580.83315307199,5225.136220060649,768.1770499999998,22309.70217882924,18427.77762182399,10800.0,10403.423492253001,7
2025-07-02,M6,57780.881048241245,0.0,10820.673668041416,68601.55471628266,68601.55471628266,0.0,8375.547476263695,114.46607603983682,978.6720096351146,69580.22672591778,78284.92940880981,86660.47688507351,7925.302113978356,1956.406183333334,19113.418106119476,15124.949808984467,10403.423492253001,10800.0,3
2025-07-03,M6,65016.50764068908,8.646892979413678e-13,5765.957280812862,70782.46492150193,70782.46492150192,1.4551915228366852e-11,4293.649711584154,0.0,0.0,70782.46492150193,85937.39261652452,90231.04232810868,5525.394710033977,1023.6948833333333,20639.651586358057,16718.117784950024,10800.0,10800.0,0
2025-07-04,M6,24983.390964878974,0.0,2100.2557755293274,27083.646740408305,27083.646740408305,0.0,1745.4928689667788,0.0,0.0,27083.646740408305,43037.78893928975,44783.28180825653,1609.186970112893,10140.5632593412,21856.126905977755,17703.462793841984,10800.0,10800.0,0
2025-07-05,M6,25469.012059550867,0.0,548.290035516466,26017.302095067334,26017.302095067334,0.0,359.6926316940056,0.0,0.0,26017.302095067334,44923.65204469299,45283.344676387,1283.543908754065,10971.939858665519,22304.110222635543,18066.329280334798,10800.0,10800.0,0
2025-07-06,M6,67961.55586872583,0.0,2690.4386586622163,70651.99452738804,70651.99452738804,0.0,2136.0539917992155,0.0,0.0,70651.99452738804,89152.40078934908,91288.45478114828,7063.495308619595,427.353308386997,21071.708495482617,17068.08388134092,10800.0,10800.0,0
2025-07-07,M6,70051.6350510013,2.0786494303592918e-12,90.94661066754612,70142.58166166882,70142.58166166882,0.0,44.67574938928438,0.0,0.0,70142.58166166882,92997.65133014775,93042.32707953702,14579.473696759067,1889.4501393092532,16652.21303580022,13488.292558998182,10800.0,10800.0,0
2025-07-08,M6,75874.41226559314,0.0,0.0,75874.41226559314,75874.41226559314,0.0,0.0,0.0,0.0,75874.41226559314,100119.84588297213,100119.84588297213,18505.809023877362,2603.5373333333337,18100.592153130372,14661.479644035604,10800.0,10800.0,0
2025-07-09,M6,71652.57094406658,0.0,0.0,71652.57094406658,71652.57094406658,0.0,0.0,0.0,0.0,71652.57094406658,95157.86209092915,95157.86209092915,16092.962889118793,1654.8355,17638.62465865113,14287.285973507418,10800.0,10800.0,0
2025-07-10,M6,66742.57744060815,0.0,0.0,66742.57744060815,66742.57744060815,0.0,0.0,0.0,0.0,66742.57744060815,88753.65457036837,88753.65457036837,10663.076980670208,1554.5866666666664,19380.881787885046,15698.514248186886,10800.0,10800.0,0
2025-07-11,M6,27978.71778861001,0.0,0.0,27978.71778861001,27978.71778861001,0.0,0.0,0.0,0.0,27978.71778861001,46959.37686006,46959.37686006,3248.442970858741,7207.922037738344,20969.65632348908,16985.421622026155,10800.0,10800.0,0
2025-07-12,M6,26517.5384428847,0.0,381.53241265275284,26899.070855537455,26899.070855537455,0.0,310.58264331815985,0.0,0.0,26899.070855537455,45680.41257508764,45990.9952184058,1777.2070754961696,9118.04114547525,21113.1771794792,17101.673515378152,10800.0,10800.0,0
2025-07-13,M6,61051.19285831578,0.0,531.2518404322724,61582.44469874802,61582.44469874802,0.0,302.5493351368309,16.40010396041498,134.38245185164035,61716.82715059966,84312.81193236227,84615.3612674991,8059.236636950889,3565.5130327792094,19680.48053541806,15941.189233688629,10800.0,10800.0,1
2025-07-14,M6,58668.77851857447,0.0,1962.138286580443,60630.916805154935,60630.916805154935,0.0,1086.595135444435,17.691012568482506,152.13750359031107,60783.054308745246,79836.50748710259,80923.10262254703,4428.82206068094,895.0461947409067,20048.664015931616,16239.417852904613,10800.0,10800.0,2
2025-07-15,M6,64671.179405417926,0.0,0.0,64671.179405417926,64671.179405417926,0.0,0.0,0.0,0.0,64671.179405417926,87580.51541500638,87580.51541500638,10772.58903576809,328.9828333333337,19631.015592482177,15901.122629910558,10800.0,10800.0,0
2025-07-16,M6,63548.2249476783,0.0,0.0,63548.2249476783,63548.2249476783,0.0,0.0,0.0,0.0,63548.2249476783,84447.52694605659,84447.52694605659,7331.898951021052,1218.3980999999999,19803.50795632744,16040.841444625226,10800.0,10800.0,0
2025-07-17,M6,60943.38779861683,0.0,577.1025408474793,61520.49033946431,61520.49033946431,0.0,453.1439121370644,4.394145573188098,37.005296944603565,61557.495636408916,82216.68067433115,82669.82458646821,4775.318346933102,901.0054469585227,22513.04669201638,18235.567820533273,10800.0,10800.0,1
2025-07-18,M6,26643.299132792643,0.0,1.6819825532365937e-12,26643.299132792643,26643.299132792643,0.0,8.526512829121202e-13,0.0,0.0,26643.299132792643,46176.38313629523,46176.38313629523,2959.500639555721,8076.276246433101,20349.253422665315,16482.895272358903,10800.0,10800.0,0
2025-07-19,M6,26500.482267619038,1.1418705980759114e-13,60.224373881795174,26560.706641500838,26560.706641500838,0.0,41.40924336152693,0.0,0.0,26560.706641500838,46418.884929115535,46460.29417247706,2454.024195605749,12643.180909552446,22001.421143783507,17821.15112646464,10800.0,10800.0,0
2025-07-20,M6,61862.098086381025,0.0,193.3434059269484,62055.441492308,62055.441492308,0.0,122.92017740555173,0.0,0.0,62055.441492308,84523.43891131018,84646.35908871573,7432.169285876544,1344.713816666667,19892.093523715048,16112.59575420919,10800.0,10800.0,0
2025-07-21,M6,63083.513893543,0.0,252.70423742558077,63336.21813096858,63336.21813096858,0.0,116.67785092452391,0.07549370618653484,0.6536622550161119,63336.871793223596,84915.86387796114,85032.54172888566,6136.5894928359,813.4756333333335,21541.067086434792,17448.26434001218,10800.0,10800.0,1
2025-07-22,M6,61953.81974590716,0.0,4658.297005278797,66612.11675118598,66612.11675118598,0.0,4273.007605564267,0.0,0.0,66612.11675118598,83624.12628800835,87897.13389357261,9437.453425852522,723.8507,20740.448163439105,16799.763012385676,10800.0,10800.0,0
2025-07-23,M6,63595.267784876974,0.0,336.3263647053075,63931.594149582284,63931.594149582284,0.0,185.46267771043313,14.308789097386239,120.75393101098344,64052.34808059327,86434.72397648368,86620.18665419413,6685.892000965822,1777.8780166666672,20811.46478417031,16857.286475177956,10800.0,10800.0,3
2025-07-24,M6,63013.63848631624,0.0,1018.7401314557992,64032.37861777203,64032.37861777203,0.0,594.6004054043884,0.0,0.0,64032.37861777203,85354.0627808733,85948.66318627768,7843.52342477656,708.7913700176061,19894.086270965898,16114.20987948238,10800.0,10800.0,0
2025-07-25,M6,25806.868995563113,0.0,249.62886562683363,26056.497861189946,26056.497861189946,0.0,168.66603688432158,0.0,0.0,26056.497861189946,44892.65389776892,45061.31993465324,2844.4783003367597,11735.633524089702,20925.729176632183,16949.840633072065,10800.0,10800.0,0
2025-07-26,M6,25902.064056709038,0.0,186.87223924879476,26088.936295957832,26088.936295957832,0.0,138.94659211567836,0.0,0.0,26088.936295957832,44895.28141619405,45034.22800830973,2562.416207258817,9926.087569397983,21455.961394664562,17379.328729678295,10800.0,10800.0,0
2025-07-27,M6,60667.658786061715,0.0,1312.38036227251,61980.03914833424,61980.03914833424,0.0,909.4986281234259,0.0,0.0,61980.03914833424,82667.7484536951,83577.24708181852,4897.4405976113285,541.0009197624231,23440.082970761978,18986.467206317207,10800.0,10800.0,0
2025-07-28,M6,63599.81606370049,0.0,788.5079916953936,64388.32405539587,64388.32405539587,0.0,552.5001345950226,0.0,0.0,64388.32405539587,85361.73329438391,85914.23342897894,3826.494408874617,0.0,21751.90414089999,17619.042354128993,10800.0,10800.0,0
2025-07-29,M6,63910.96737607047,0.0,1653.5364798790288,65564.5038559495,65564.5038559495,0.0,1530.5477716471153,12.376623184697564,106.06766069285813,65670.57151664236,86396.21876075317,87926.76653240027,7111.93308694821,770.56035,20986.335624404102,16998.931855767325,10800.0,10800.0,1
2025-07-30,M6,62559.37089336934,0.0,2591.4897609843965,65150.86065435373,65150.86065435373,0.0,2353.292085818771,0.0,0.0,65150.86065435373,83612.43500874384,85965.72709456261,6068.992495409922,1880.9367999999997,20592.33552185617,16679.79177270349,10800.0,10800.0,0
2025-07-31,M6,61433.913830863276,0.0,842.2014189473214,62276.1152498106,62276.1152498106,0.0,705.7923834176918,0.7862515987562801,6.516060124692672,62282.63130993529,83854.54771085831,84560.340094276,5095.780005470802,566.4607333333333,22125.73337054717,17921.8440301432,10800.0,10800.0,1
2025-08-01,M6,25072.40479574685,0.0,809.4031903388053,25881.807986085656,25881.807986085656,0.0,527.022708349203,0.0,0.0,25881.807986085656,44052.645445069946,44579.668153419145,3000.523911574235,16228.212188764046,21576.69677060108,17477.124384186875,10800.0,10800.0,0
2025-08-02,M6,24774.581616627787,5.351346032966831e-13,0.0,24774.581616627787,24774.581616627787,0.0,8.171241461241152e-13,0.0,0.0,24774.581616627787,43965.12850447039,43965.12850447039,2372.8593747110253,16735.461070024965,20683.069086321397,16753.28595992033,10800.0,10800.0,0
2025-08-03,M6,54642.8820057364,0.0,287.9305377022726,54930.812543438704,54930.812543438704,0.0,192.3261360138987,114.60763531221198,956.7175400848855,55887.53008352359,75586.1971172701,75778.52325328399,5270.197981876804,4032.686355361724,19740.876673812403,15990.110105788057,10800.0,10800.0,5
2025-08-04,M6,54927.12766794688,0.0,517.7941234505555,55444.921791397435,55444.921791397435,0.0,481.6441288274673,0.0,0.0,55444.921791397435,74629.45664471599,75111.10077354344,3968.3909016118832,2138.62885,18886.452308411826,15298.026369813586,10800.0,10800.0,0
2025-08-05,M6,54667.24919094389,0.0,242.94546790793254,54910.19465885181,54910.19465885181,0.0,455.8455628444283,0.0,0.0,54910.19465885181,74241.3213051114,74697.16686795582,4187.052435161791,1572.4952093031388,19922.681527145054,16137.372036987494,10800.0,10800.0,0
2025-08-06,M6,56357.61315915577,0.0,87.32062519811174,56444.933784353874,56444.933784353874,0.0,37.00810561479625,0.0,0.0,56444.933784353874,76100.76941127605,76137.77751689084,2868.232170136691,1380.4687468148313,19866.722806698195,16092.04547342554,10800.0,10800.0,0
2025-08-07,M6,56333.76734007067,0.0,855.7231083270719,57189.49044839776,57189.49044839776,0.0,575.8834528216425,14.008810577880467,122.03074894391675,57311.52119734167,78246.57436117937,78822.45781400101,7222.319707225537,4499.747333940369,19612.707017963177,15886.292684550173,10800.0,10800.0,1
2025-08-08,M6,23742.991474684368,0.0,2.1423716134449932e-13,23742.991474684368,23742.991474684368,0.0,1.1368683772161603e-13,0.0,0.0,23742.991474684368,42680.09651999876,42680.09651999876,1608.2399659459488,21048.251801317834,22360.17633018411,18111.742827449132,10800.0,10800.0,0
2025-08-09,M6,23682.541137218992,0.0,17.754178055218915,23700.295315274212,23700.295315274212,0.0,18.88196915225342,0.0,0.0,23700.295315274212,42038.40126254699,42057.28323169924,1083.2151575417001,17962.93871915769,21522.107131578196,17432.906776578337,10800.0,10800.0,0
2025-08-10,M6,54842.35136276154,0.0,90.20371510279756,54932.55507786432,54932.55507786432,0.0,52.118677731088155,9.840067277403136,85.04074818533546,55017.595826049655,73841.30826357713,73893.42694130822,3161.1418216054417,1632.7605166666667,20024.97694901847,16220.231328704958,10800.0,10800.0,2
2025-08-11,M6,53692.71718643573,0.0,636.4279189535957,54329.14510538933,54329.14510538933,0.0,455.6524603715494,67.2307633935394,562.4273519246399,54891.572457313974,74204.4433779835,74660.09583835505,3372.374276211084,2913.1836833333336,20423.76478353072,16543.24947465989,10800.0,10800.0,6
2025-08-12,M6,55242.54169282898,0.0,1136.4566600965973,56378.99835292558,56378.99835292558,0.0,800.3723225475502,35.75762134156014,287.8280814979998,56666.82643442358,76032.87004398982,76833.24236653738,3301.818806874242,1805.2251556394237,21060.06513350143,17058.65275813616,10800.0,10800.0,4
2025-08-13,M6,54502.66868614649,0.0,1299.5711336251513,55802.23981977162,55802.23981977162,0.0,1259.4850194278229,44.555323223252685,370.81863377650444,56173.058453548125,75014.04473175529,76273.52975118312,4897.344501801631,1514.7427275887267,19921.14944745269,16136.131052436682,10800.0,10800.0,2
2025-08-14,M6,54354.134389889325,0.0,837.6862865573212,55191.82067644666,55191.82067644666,0.0,1041.0090620487288,64.57322132740444,551.2584071675916,55743.07908361425,74380.36019614778,75421.3692581965,3096.548040654093,2071.911928258113,23111.534354096708,18720.342826818334,10800.0,10800.0,3
2025-08-15,M6,24021.057503450542,0.0,287.8205931810198,24308.87809663156,24308.87809663156,0.0,170.44223129270864,0.0,0.0,24308.87809663156,42570.38246946974,42740.824700762445,1724.7964714966688,19778.140873215074,21464.002487986185,17385.842015268812,10800.0,10800.0,0
2025-08-16,M6,23831.748684034326,0.0,463.3907362389531,24295.139420273277,24295.139420273277,0.0,273.83749268944274,0.0,0.0,24295.139420273277,42481.276170461046,42755.11366315049,1815.608182233988,19951.13305143212,21363.642435882728,17304.55037306501,10800.0,10800.0,0
2025-08-17,M6,54857.839371674876,0.0,20.597727886655765,54878.43709956153,54878.43709956153,0.0,15.167963766353864,44.566425514984644,372.50496582639687,55250.94206538793,75600.75792755502,75615.92589132137,5254.993580237797,3240.607374943592,21049.98813151739,17050.490386529087,10800.0,10800.0,3
2025-08-18,M6,54508.63174055917,0.0,466.82986556412897,54975.4616061233,54975.4616061233,0.0,374.7137327866176,108.13096225484617,915.3422325328035,55890.80383865611,74654.5729419761,75029.28667476273,4520.804160620068,2044.6419833333339,21988.715138934214,17810.859262536716,10800.0,10800.0,5
2025-08-19,M6,55082.85291082084,0.0,305.97027638498884,55388.82318720585,55388.82318720585,0.0,213.5989629948308,72.48025203124826,619.3103638509515,56008.1335510568,75175.3131311955,75388.91209419032,4476.599369702564,2908.1554526251157,19784.091967862594,16025.114493968702,10800.0,10800.0,2
2025-08-20,M6,56653.663243421004,0.0,138.06580968750458,56791.7290531085,56791.7290531085,0.0,69.47140808207314,512.365732634114,2925.3331281401242,59717.06218124863,77189.44429596522,77258.91570404731,2844.6861696906003,0.0,22504.758949074505,18228.854748750353,10800.0,10800.0,8
2025-08-21,M6,56587.17752403542,0.0,682.2629008274506,57269.44042486286,57269.44042486286,0.0,416.9271066596046,0.0,0.0,57269.44042486286,78676.30959467814,79093.23670133775,7021.515897827233,2462.889933333333,19812.6967728624,16048.284386018544,10800.0,10800.0,0
2025-08-22,M6,23742.596857852513,0.0,610.2544210794065,24352.851278931917,24352.851278931917,0.0,407.6792034737087,0.0,0.0,24352.851278931917,42562.174720993586,42969.8539244673,899.7565162581419,16800.46467241051,21258.228083150796,17219.164747352144,10800.0,10800.0,0
2025-08-23,M6,23569.901380670184,0.0,367.00995501734184,23936.911335687528,23936.911335687528,0.0,280.65934889042734,0.0,0.0,23936.911335687528,42955.13845638849,43235.797805278926,1510.4730627887013,15223.464305866943,20904.496245385686,16932.641958762408,10800.0,10800.0,0
2025-08-24,M6,55955.648943890235,0.0,592.2104060816929,56547.85934997191,56547.85934997191,0.0,406.054686114072,0.0,0.0,56547.85934997191,76480.42808294343,76886.4827690575,5213.217537771343,3871.053126337448,21413.80327165993,17345.180650044542,10800.0,10800.0,0
2025-08-25,M6,60338.988090474566,0.0,0.0,60338.988090474566,60338.988090474566,0.0,0.0,0.0,0.0,60338.988090474566,83798.89891908424,83798.89891908424,7696.4764593490545,1260.894533076626,21412.846894694227,17344.405984702327,10800.0,10800.0,0
2025-08-26,M6,56803.03787029919,0.0,0.0,56803.03787029919,56803.03787029919,0.0,0.0,0.0,0.0,56803.03787029919,78371.11337529804,78371.11337529804,6883.686765563411,2133.3512833333343,20132.93127930504,16307.674336237083,10800.0,10800.0,0
2025-08-27,M6,57134.874759348844,7.698023551938605e-13,2229.107183177536,59363.98194252638,59363.98194252638,0.0,2713.1702538051018,0.0,0.0,59363.98194252638,78568.58735597109,81281.75760977619,6785.500673006589,2543.103208751705,21257.920322901202,17218.915461549976,10800.0,10800.0,0
2025-08-28,M6,57032.70039330023,0.0,2142.5640222186153,59175.26441551885,59175.26441551885,0.0,2122.282769063732,59.0213676955176,491.0410945829241,59666.30551010177,78343.37209388637,80465.65486295009,5572.212046691518,146.0562530063405,21255.85761902335,17217.24467140892,10800.0,10800.0,3
2025-08-29,M6,25139.048042002654,0.0,0.0,25139.048042002654,25139.048042002654,0.0,0.0,0.0,0.0,25139.048042002654,44854.45130985753,44854.45130985753,2340.4593915029013,15820.151871229358,21782.208932238296,17643.589235113024,10800.0,10800.0,0
2025-08-30,M6,24979.560939536837,0.0,264.95336887671783,25244.514308413556,25244.514308413556,0.0,185.4954101546834,0.0,0.0,25244.514308413556,44193.17142299866,44378.66683315335,1656.5810345099296,20326.43442175052,20436.481808208246,16553.550264648686,10800.0,10800.0,0
2025-08-31,M6,55205.5061315859,0.0,124.15679571714708,55329.66292730305,55329.66292730305,0.0,173.52455025913588,18.384120888254415,153.78414551315961,55483.447072816205,76455.0429182539,76628.56746851304,4581.918144626928,1286.9903780902005,21744.31570184647,17612.895718495638,10800.0,10800.0,2
2025-09-01,M6,51282.058237156474,0.0,0.0,51282.058237156474,51282.058237156474,0.0,0.0,0.0,0.0,51282.058237156474,80082.78461425181,80082.78461425181,18267.225893235667,5125.141433333334,16401.488180786782,13285.205426437298,10800.0,10800.0,0
2025-09-02,M6,43750.703033009595,0.0,126.45280035617832,43877.155833365774,43877.155833365774,0.0,114.6684200647299,0.0,0.0,43877.155833365774,68152.52518896922,68267.19360903394,8948.3073186769,1390.091005349793,20373.891763196072,16502.85232818882,10800.0,10800.0,0
2025-09-03,M6,44461.04307082522,0.0,1014.3118028487294,45475.35487367396,45475.35487367396,0.0,761.4606087232281,0.0,0.0,45475.35487367396,67161.96751990836,67923.4281286316,6403.40743599144,2604.414416666666,17725.731715649974,14357.84268967648,10800.0,10800.0,0
2025-09-04,M6,42468.06210813254,0.0,982.9202280398263,43450.98233617236,43450.98233617236,0.0,712.914959980297,0.0,0.0,43450.98233617236,65141.774420680085,65854.68938066039,5785.376522242581,2327.894818751297,20083.434156139552,16267.581666473041,10800.0,10800.0,0
2025-09-05,M6,18233.124772173134,0.0,0.0,18233.124772173134,18233.124772173134,0.0,0.0,0.0,0.0,18233.124772173134,38477.391621582145,38477.391621582145,4799.273368937987,23171.064136033157,19383.118157601726,15700.325707657397,10800.0,10800.0,0
2025-09-06,M6,17846.968839583904,0.0,132.98798640399775,17979.956825987898,17979.956825987898,0.0,99.88794590947168,0.0,0.0,17979.956825987898,37885.72360159189,37985.611547501365,4631.543868407624,21974.672849487695,19254.269103189697,15595.957973583658,10800.0,10800.0,0
2025-09-07,M6,38431.320622878644,0.0,4375.491250998669,42806.811873877334,42806.811873877334,0.0,4719.200054226318,497.971104669449,2607.7939429337134,45414.60581681105,59080.878000903205,63800.07805512952,4680.706507077978,684.2410502883074,20905.884135610653,16933.766149844632,10800.0,10800.0,5
2025-09-08,M6,35037.34431738606,0.0,10073.275687578382,45110.620004964454,45110.620004964454,0.0,8926.58998093982,191.7180981344417,940.5372342709195,46051.15723923537,54802.78440125155,63729.37438219136,334.3230855338409,137.40382933698584,21964.39061909216,17910.594586970514,10800.0,10667.290904993488,7
2025-09-09,M6,37481.05681228249,0.0,4641.343318705996,42122.40013098848,42122.40013098848,0.0,4846.748169358221,58.14758201885191,381.1674487579893,42503.567579746465,58046.426595702185,62893.1747650604,2033.1880236168536,3603.128320685463,21587.522671743365,17375.350935633098,10667.290904993488,10790.115825525745,3
2025-09-10,M6,40843.29887491795,0.0,3573.0206587238968,44416.319533641865,44416.319533641865,0.0,3197.385033825284,972.1448333333317,5191.381039699991,49607.700573341855,63778.47533143654,66975.86036526182,2447.0512299007382,0.0,21979.260850882056,17794.305532187638,10790.115825525745,10800.0,8
2025-09-11,M6,42316.07056673987,0.0,910.8129051948982,43226.883471934765,43226.883471934765,0.0,624.0722661000223,0.0,0.0,43226.883471934765,67143.26298729837,67767.3352533984,5764.198373697869,4680.02805,20142.226559827308,16315.203513460117,10800.0,10800.0,0
2025-09-12,M6,16980.234768454287,0.0,0.0,16980.234768454287,16980.234768454287,0.0,0.0,0.0,0.0,16980.234768454287,36935.16373942125,36935.16373942125,2685.225683167564,18850.238386238292,20252.860368502068,16404.81689848667,10800.0,10800.0,0
2025-09-13,M6,17572.640438568335,0.0,0.0,17572.640438568335,17572.640438568335,0.0,0.0,0.0,0.0,17572.640438568335,38104.890536040424,38104.890536040424,3428.291119300397,23131.48565887882,18621.11723435724,15083.10495982936,10800.0,10800.0,0
2025-09-14,M6,44173.669448959685,0.0,504.6187757374609,44678.28822469716,44678.28822469716,0.0,321.06290258073193,0.0,0.0,44678.28822469716,68534.68704390184,68855.74994648257,3528.3468922365682,1420.3838368817478,20040.49719665398,16232.802729289731,10800.0,10800.0,0
2025-09-15,M6,40604.773377471116,0.0,1514.3379980746001,42119.11137554571,42119.11137554571,0.0,1119.3938615182408,119.76932891994159,801.3566487190612,42920.468024264774,63345.342036127084,64464.73589764532,2750.031176989585,2729.874040129785,21250.365137434517,17212.79576132196,10800.0,10800.0,3
2025-09-16,M6,46068.579407125435,0.0,957.8872338380656,47026.46664096351,47026.46664096351,0.0,752.1836954050219,8.602949585712281,57.92860665790792,47084.39524762142,70682.37839846475,71434.56209386975,4977.3698593394,3336.629727957913,19144.18669907806,15506.79122625323,10800.0,10800.0,2
2025-09-17,M6,45418.77132793084,0.0,340.49944512517067,45759.27077305601,45759.27077305601,0.0,318.0981875185496,0.0,0.0,45759.27077305601,70225.32584661976,70543.4240341383,4357.550589722697,2238.0567000000005,20987.886023240062,17000.187678824448,10800.0,10800.0,0
2025-09-18,M6,43544.32930528396,0.0,3496.389625810565,47040.718931094525,47040.718931094525,0.0,4156.982599264861,0.0,0.0,47040.718931094525,67666.38710467212,71823.36970393697,6384.6024374100625,2807.9366995831033,19340.944475142867,15666.165024865724,10800.0,10800.0,0
2025-09-19,M6,16320.18117238935,0.0,359.9648392374584,16680.14601162681,16680.14601162681,0.0,309.93027306822773,0.0,0.0,16680.14601162681,35795.73038723736,36105.660660305584,1741.9153835693683,14345.596321745521,20614.719149073862,16697.92251074983,10800.0,10800.0,0
2025-09-20,M6,15948.345360569916,0.0,217.66047319079541,16166.005833760713,16166.005833760713,0.0,176.71730156206527,0.0,0.0,16166.005833760713,35861.6050800379,36038.322381599966,1595.3659711975615,14775.50241810987,21168.527678732687,17146.507419773487,10800.0,10800.0,0
2025-09-21,M6,47265.35590690528,0.0,794.5893592073477,48059.94526611261,48059.94526611261,0.0,1003.1762454186555,0.0,0.0,48059.94526611261,72937.85557499781,73941.03182041647,8203.435425887998,3942.9169287929562,18458.905170537837,14951.71318813565,10800.0,10800.0,0
2025-09-22,M6,47783.53371672401,3.128661774098873e-13,198.1595372132283,47981.69325393725,47981.69325393725,0.0,131.11853412243357,19.555900000000065,128.01369518333377,48109.706949120584,72971.74763016883,73102.86616429128,5735.279209453247,3074.9459830051323,19464.08941315554,15765.912424655984,10800.0,10800.0,2
2025-09-23,M6,48597.48233615775,2.860133463400416e-13,0.0,48597.48233615775,48597.48233615775,0.0,4.547473508864641e-13,5.476607615458761,35.4637726139032,48632.946108771655,74182.0178889207,74182.0178889207,5817.671430647824,2552.603983333334,19476.8605222193,15776.25702299764,10800.0,10800.0,1
2025-09-24,M6,46377.253916265276,4.694111765957132e-14,1075.295505702455,47452.54942196776,47452.54942196776,0.0,1292.9080332714461,0.0,0.0,47452.54942196776,70755.02826130467,72047.93629457612,4407.929733557236,2566.8683499999997,21104.80584746782,17094.892736448935,10800.0,10800.0,0
2025-09-25,M6,47437.32828778263,0.0,1193.9234994735943,48631.25178725624,48631.25178725624,0.0,1488.657852955213,31.88636666666673,217.3592900833338,48848.61107733957,72632.76455790646,74121.42241086166,6800.864858987386,3368.4021,19203.120623899784,15554.527705358832,10800.0,10800.0,2
2025-09-26,M6,16535.434341008815,0.0,1.9558115127438214e-13,16535.434341008815,16535.434341008815,0.0,1.1368683772161603e-13,0.0,0.0,16535.434341008815,37175.306197570346,37175.306197570346,2214.0205959103664,13509.16854322957,19778.281886475786,16020.408328045383,10800.0,10800.0,0
2025-09-27,M6,16926.722759578763,0.0,352.04266992184535,17278.765429500607,17278.765429500607,0.0,312.7418233973676,0.0,0.0,17278.765429500607,36736.27984269555,37049.02166609292,1015.022105071036,14240.097933722862,21013.68093315278,17021.081555853754,10800.0,10800.0,0
2025-09-28,M6,48617.67726405856,4.129958597332006e-13,3252.479406565065,51870.156670623604,51870.156670623604,0.0,3452.1880430618935,5.868333333333339,40.07191416666671,51910.22858479027,73561.51029785258,77013.69834091447,8301.324365965755,1384.6651415244576,20241.831579425954,16395.88357933502,10800.0,10800.0,1
2025-09-29,M6,49646.10825343755,0.0,54.46047283396925,49700.568726271544,49700.568726271544,0.0,40.017394710669805,5.620383333333393,37.527299516667064,49738.09602578821,75334.02642300662,75374.04381771729,6503.511136874491,2280.5982208044907,20187.7012809034,16352.038037531753,10800.0,10800.0,1
2025-09-30,M6,49971.666108912366,1.1324914339638782e-13,556.6018947458831,50528.268003658246,50528.268003658246,0.0,511.3613200199251,0.0,0.0,50528.268003658246,75816.22482194699,76327.58614196692,5569.368406195257,1352.3313166666665,20966.903433885902,16983.191781447582,10800.0,10800.0,0
2025-10-01,M6,46276.64252705613,1.457920006942004e-13,0.0,46276.64252705613,46276.64252705613,0.0,2.2737367544323206e-13,0.0,0.0,46276.64252705613,74953.78767288095,74953.78767288095,14572.986909851967,7425.685300000001,17334.704893135087,14041.110963439423,10800.0,10800.0,0
2025-10-02,M6,44134.9379235741,0.0,314.93963520411944,44449.87755877821,44449.87755877821,0.0,221.62052977255047,0.0,0.0,44449.87755877821,71127.40869999546,71349.029229768,10420.470188031639,5693.239083333334,18444.93074598091,14940.393904244538,10800.0,10800.0,0
2025-10-03,M6,14311.482096205997,3.912958845830871e-13,253.86159213804746,14565.343688344044,14565.343688344044,0.0,236.869643887582,0.0,0.0,14565.343688344044,34510.01327951056,34746.882923398145,4230.6249847481995,19117.410577827868,18851.01926748459,15269.325606662516,10800.0,10800.0,0
2025-10-04,M6,15254.92242030937,0.0,327.3672987250894,15582.289719034461,15582.289719034461,0.0,274.15457744446684,0.0,0.0,15582.289719034461,35248.61206174122,35522.76663918569,3791.482062223119,14991.24841488176,19179.230151302494,15535.17642255502,10800.0,10800.0,0
2025-10-05,M6,42653.55551391658,0.0,892.435815159774,43545.99132907635,43545.99132907635,0.0,653.8184689574532,0.0,0.0,43545.99132907635,68530.76071750923,69184.57918646668,6847.859854567954,4096.930138628022,18441.200666337096,14937.372539733053,10800.0,10800.0,0
2025-10-06,M6,41065.82248375273,7.036078386590816e-14,2094.1972491933957,43160.019732946144,43160.019732946144,0.0,2312.611476615291,0.0,0.0,43160.019732946144,64204.8016471516,66517.41312376689,3409.6035123796773,1642.093428244889,19645.299648117507,15912.69271497518,10800.0,10800.0,0
2025-10-07,M6,41483.47838631697,2.1688038032152692e-13,2148.1050858060466,43631.58347212302,43631.58347212302,0.0,1873.6271838498665,0.0,0.0,43631.58347212302,65987.16516827844,67860.79235212831,4201.007207074933,1978.5909817496854,20577.006122651037,16667.37495934734,10800.0,10800.0,0
2025-10-08,M6,38604.5526891136,0.0,1622.055170006941,40226.60785912056,40226.60785912056,0.0,1240.6288501016613,0.0,0.0,40226.60785912056,62524.49369016156,63765.12254026322,1761.668887385433,1390.193899032201,21761.916248310103,17627.15216113119,10800.0,10800.0,0
2025-10-09,M6,40433.62545376697,1.6991918982967036e-14,648.194400407851,41081.81985417481,41081.81985417481,0.0,464.01015979844885,0.0,0.0,41081.81985417481,66036.68395003339,66500.69410983185,2832.095410891095,3964.280365346175,20759.666580322362,16815.329930061118,10800.0,10800.0,0
2025-10-10,M6,13491.674294228258,0.0,572.5745996397357,14064.248893867993,14064.248893867993,0.0,530.8436215998927,0.0,0.0,14064.248893867993,33388.39282647553,33919.236448075426,1489.8189149798618,19146.80901649741,20731.566315428874,16792.56871549739,10800.0,10800.0,0
2025-10-11,M6,14365.451728454915,0.0,143.6778258112953,14509.12955426621,14509.12955426621,0.0,137.74305419964935,0.0,0.0,14509.12955426621,34622.788156396404,34760.53121059606,1946.1308720260417,14961.47352103897,19719.017022093256,15972.403787895546,10800.0,10800.0,0
2025-10-12,M6,42029.46054746685,0.0,85.79668839327962,42115.25723586015,42115.25723586015,0.0,99.24410498194538,1.0009420526530448,5.027231459449917,42120.284467319594,67733.49256114717,67832.73666612912,3554.9797478964515,1951.4100281803255,20065.220256692992,16252.828407921324,10800.0,10800.0,1
2025-10-13,M6,43721.62938499803,0.0,28.363476085957767,43749.992861083985,43749.992861083985,0.0,24.88469956854692,0.0,0.0,43749.992861083985,70311.49014355717,70336.37484312571,6563.561742304972,3001.57087240098,19704.45751799882,15960.61058957905,10800.0,10800.0,0
2025-10-14,M6,44555.1346348448,0.0,0.0,44555.1346348448,44555.1346348448,0.0,0.0,0.0,0.0,44555.1346348448,71144.6787690896,71144.6787690896,4363.814251163444,1971.7208385524132,21238.496821265275,17203.18242522487,10800.0,10800.0,0
2025-10-15,M6,44770.20302995658,5.065714958618628e-13,0.0,44770.20302995658,44770.20302995658,0.0,7.958078640513122e-13,0.0,0.0,44770.20302995658,71834.95457990553,71834.95457990552,4572.729152647762,1370.5764166666665,20903.291371532145,16931.666010941037,10800.0,10800.0,0
2025-10-16,M6,45431.51283026475,0.0,793.4862760580829,46224.99910632283,46224.99910632283,0.0,592.4109770990592,0.0,0.0,46224.99910632283,71543.34259255043,72135.75356964949,3527.553285249963,1561.976840832434,21472.37101877418,17392.620525207094,10800.0,10800.0,0
2025-10-17,M6,14837.89603747443,0.0,46.42792413305633,14884.323961607488,14884.323961607488,0.0,50.72565220986016,0.0,0.0,14884.323961607488,35383.219018830256,35433.94467104011,2115.162207778705,13622.029499200224,19434.49288102379,15741.939233629266,10800.0,10800.0,0
2025-10-18,M6,14720.879018008123,0.0,54.252438206505396,14775.131456214627,14775.131456214627,0.0,54.413598775638434,0.0,0.0,14775.131456214627,35356.14278880431,35410.556387579956,1754.9347602422513,13926.779078454158,19222.364643246736,15570.115361029864,10800.0,10800.0,0
2025-10-19,M6,46492.10683689981,1.1178826753166504e-13,120.39273626032755,46612.49957316014,46612.49957316014,0.0,139.70765924204989,0.0,0.0,46612.49957316014,72981.10682003702,73120.81447927907,3608.3199931437716,1433.0601673287765,22072.167291964164,17878.455506490973,10800.0,10800.0,0
2025-10-20,M6,47931.58946249339,2.580804903118405e-13,0.0,47931.58946249339,47931.58946249339,0.0,3.979039320256561e-13,0.0,0.0,47931.58946249339,75168.39281559546,75168.39281559546,5469.45590359266,1153.6964089293076,21602.411244246494,17497.953107839658,10800.0,10800.0,0
2025-10-21,M6,48397.248240275774,0.0,755.9035448117264,49153.151785087495,49153.151785087495,0.0,753.4533604683461,0.0,0.0,49153.151785087495,75130.28900798736,75883.74236845571,4667.446842608413,798.6254166666668,20816.256627266463,16861.167868085835,10800.0,10800.0,0
2025-10-22,M6,48108.86331132752,0.0,323.96093669271704,48432.824248020246,48432.824248020246,0.0,208.48004076827453,3.3181244579444407,19.09195836693101,48451.91620638718,74897.16498672125,75105.64502748953,3981.0637496563413,1458.3436944850055,21656.100041084894,17541.441033278763,10800.0,10800.0,2
2025-10-23,M6,50632.37190310611,0.0,1.1133067800983555e-13,50632.37190310611,50632.37190310611,0.0,5.684341886080802e-14,0.0,0.0,50632.37190310611,79147.36196886218,79147.36196886218,9663.099532206685,2276.373067100506,20149.43334853509,16321.041012313428,10800.0,10800.0,0
2025-10-24,M6,14629.10005527064,0.0,213.33360818751544,14842.433663458156,14842.433663458156,0.0,215.6830240555043,0.0,0.0,14842.433663458156,35618.24930670406,35833.93233075957,1422.4003516176906,12185.965882148748,20029.0283175077,16223.512937181235,10800.0,10800.0,0
2025-10-25,M6,14386.236564692821,0.0,215.42067014378307,14601.657234836603,14601.657234836603,0.0,212.7364172333316,0.0,0.0,14601.657234836603,35285.39169475098,35498.12811198431,1046.947719026116,11149.16872136761,20545.152306617125,16641.573368359874,10800.0,10800.0,0
2025-10-26,M6,49536.36461543532,0.0,143.21345866351865,49679.578074098834,49679.578074098834,0.0,87.74396045222471,0.0,0.0,49679.578074098834,76648.36100324997,76736.1049637022,6725.252670153455,1630.4440499999992,20189.98014148459,16353.883914602517,10800.0,10800.0,0
2025-10-27,M6,47573.8896677222,0.0,1620.2878869814117,49194.177554703616,49194.177554703616,0.0,1783.4139981293765,0.0,0.0,49194.177554703616,74351.76290567922,76135.17690380859,6646.27566506933,1994.9516333333324,20744.041782838285,16802.673844099012,10800.0,10800.0,0
2025-10-28,M6,48955.19420830261,0.0,579.4391806565554,49534.63338895916,49534.63338895916,0.0,571.4895528444921,0.0,0.0,49534.63338895916,75116.61718324383,75688.10673608832,5185.635461221192,673.9239274672202,20295.398144210107,16439.27249681019,10800.0,10800.0,0
2025-10-29,M6,50906.96426324811,0.0,443.7094478871991,51350.67371113531,51350.67371113531,0.0,305.98395866361784,0.0,0.0,51350.67371113531,77636.23582723353,77942.21978589715,4012.6809465992706,392.5096666666668,22235.644066480043,18010.871693848836,10800.0,10800.0,0
2025-10-30,M6,50097.68873915231,0.0,155.14034797273553,50252.82908712505,50252.82908712505,0.0,122.28349843100057,0.0,0.0,50252.82908712505,76100.42134613814,76222.70484456915,5675.204205698249,1849.1888273074587,20581.548218754982,16671.054057191537,10800.0,10800.0,0
2025-10-31,M6,15520.099113677348,5.5723603509250094e-14,28.710850509679588,15548.809964187023,15548.809964187023,0.0,29.882361932600272,0.0,0.0,15548.809964187023,36949.42120901234,36979.30357094495,1819.8721761308027,7537.507279056202,19566.484468901454,15848.85241981018,10800.0,10800.0,0
2025-11-01,M6,15437.829168541839,0.0,88.62352483385341,15526.452693375682,15526.452693375682,0.0,92.4749323580414,0.0,0.0,15526.452693375682,37106.31285696135,37198.78778931939,2408.293400261298,8564.900239198398,19376.609034349276,15695.053317822916,10800.0,10800.0,0
2025-11-02,M6,51584.27027449526,0.0,1999.881939448718,53584.15221394397,53584.15221394397,0.0,1940.0837492345306,0.0,0.0,53584.15221394397,78412.93324917169,80353.01699840622,6878.645721611569,486.47326666666675,22060.6004041824,17869.086327387748,10800.0,10800.0,0
2025-11-03,M6,53646.31985130188,3.62720697921759e-13,197.79939642312874,53844.119247725,53844.119247725,0.0,160.47987078263168,0.0,0.0,53844.119247725,80460.65355010447,80621.1334208871,6483.616248110093,914.2489088907012,19570.199897647224,15851.861917094247,10800.0,10800.0,0
2025-11-04,M6,51943.66676882392,6.531504226359174e-13,822.0903122995138,52765.75708112343,52765.757081123425,7.275957614183426e-12,679.564674311107,19.65862721426072,121.3205243735018,52887.07760549693,78462.92640755406,79142.49108186516,6056.041814911376,1581.171092422831,20762.44614953623,16817.58138112435,10800.0,10800.0,2
2025-11-05,M6,54101.54320209003,0.0,117.90961193857443,54219.45281402861,54219.45281402861,0.0,83.16097585243057,0.0,0.0,54219.45281402861,80468.92319099944,80552.08416685187,6075.745859570673,944.1595171533071,20285.045912953832,16430.887189492605,10800.0,10800.0,0
2025-11-06,M6,52964.86480969732,3.9567709109178394e-13,2127.359689742126,55092.22449943944,55092.22449943944,0.0,1694.2100913988622,0.0,0.0,55092.22449943944,78518.48258230231,80212.69267370117,4642.47031751626,91.35027553848886,21627.82910866541,17518.541578018987,10800.0,10800.0,0
2025-11-07,M6,16006.124549026325,0.0,28.673219254544893,16034.79776828087,16034.79776828087,0.0,31.20424566208264,0.0,0.0,16034.79776828087,38034.644568356955,38065.84881401904,2334.5462060653663,8661.107964564966,19745.962421344073,15994.229561288703,10800.0,10800.0,0
2025-11-08,M6,16204.580790642118,0.0,0.0,16204.580790642118,16204.580790642118,0.0,0.0,0.0,0.0,16204.580790642118,38139.98272911489,38139.98272911489,2326.664869717962,8449.215803517183,18804.710294103927,15231.815338224176,10800.0,10800.0,0
2025-11-09,M6,54073.95953685373,0.0,1.0640235359460348e-13,54073.95953685373,54073.95953685373,0.0,5.684341886080802e-14,0.0,0.0,54073.95953685373,80449.60254720888,80449.60254720888,4395.356986577306,716.5363493732573,21004.694883815748,17013.802855890757,10800.0,10800.0,0
2025-11-10,M6,55033.46372715925,0.0,2002.7282124805238,57036.19193963977,57036.19193963977,0.0,1740.4740163570161,0.0,0.0,57036.19193963977,81137.54213838396,82878.01615474098,4566.416023514813,287.3526499999998,21925.28621697985,17759.48183575368,10800.0,10800.0,0
2025-11-11,M6,55523.85969697107,0.0,346.8800047370885,55870.73970170818,55870.73970170818,0.0,260.1727408515076,0.0,0.0,55870.73970170818,81863.80160948375,82123.97435033525,6026.147356453946,639.3925166666663,20523.235844989358,16623.821034441382,10800.0,10800.0,0
2025-11-12,M6,54516.356281806264,0.0,1713.0350935007134,56229.39137530698,56229.39137530698,0.0,1387.5527727251497,0.20806971408990194,1.0706227138495903,56230.46199802083,81305.89161924498,82693.44439197013,7239.07325462392,463.5332000000002,21237.148721370017,17202.09046430971,10800.0,10800.0,1
2025-11-13,M6,54842.926479738126,0.0,862.5294570741946,55705.45593681233,55705.45593681233,0.0,866.827032374254,0.0,0.0,55705.45593681233,80277.19771804637,81144.02475042062,4512.291532099705,266.887333333333,20889.339833268,16920.36526494708,10800.0,10800.0,0
2025-11-14,M6,15502.983706243402,0.0,201.51306416332824,15704.496770406733,15704.496770406733,0.0,197.65887699377305,0.0,0.0,15704.496770406733,37361.802065062206,37559.46094205599,1669.5612950716704,4554.746925695474,19666.828533099157,15930.131111810319,10800.0,10800.0,0
2025-11-15,M6,16244.185957462434,0.0,295.05723894592967,16539.24319640837,16539.24319640837,0.0,288.4143597578599,0.0,0.0,16539.24319640837,37587.22306646546,37875.63742622333,1660.987660130938,4188.029469654621,20077.544104058416,16262.810724287312,10800.0,10800.0,0
2025-11-16,M6,56487.68359804422,0.0,1331.5830579997075,57819.266656043925,57819.266656043925,0.0,959.4161850572038,0.0,0.0,57819.266656043925,82576.45658737322,83535.87277243042,4679.8199730124525,478.07368333333307,20754.91964605951,16811.484913308206,10800.0,10800.0,0
2025-11-17,M6,56339.43534792908,0.0,2105.715103955896,58445.150451884976,58445.150451884976,0.0,2025.583224950587,0.0,0.0,58445.150451884976,82565.7600275478,84591.3432524984,7505.5578351191225,409.03966220683697,20952.586430732204,16971.595008893088,10800.0,10800.0,0
2025-11-18,M6,56949.83501302653,0.0,156.20543380461032,57106.040446831146,57106.040446831146,0.0,107.6183909414849,0.0,0.0,57106.040446831146,82513.79822968748,82621.41662062897,3610.168215237056,17.78616880587083,21594.265280277476,17491.354877024758,10800.0,10800.0,0
2025-11-19,M6,57431.03713792482,0.0,4455.9716833842385,61887.00882130905,61887.00882130905,0.0,3494.877316981996,0.0,0.0,61887.00882130905,82320.72937324422,85815.60669022621,6062.861523848796,418.5666666666664,20872.98368268821,16907.11678297745,10800.0,10800.0,0
2025-11-20,M6,56994.75713748456,0.0,881.381418303926,57876.13855578849,57876.13855578849,0.0,707.7932148956124,0.0,0.0,57876.13855578849,83135.28272986313,83843.07594475875,5043.434253391771,94.43773333333331,20590.14697210687,16678.019047406568,10800.0,10800.0,0
2025-11-21,M6,16318.53288561423,0.0,1241.2989011319999,17559.83178674623,17559.83178674623,0.0,1798.1053277079277,0.0,0.0,17559.83178674623,38166.53758661618,39964.642914324104,2763.7151295148565,4633.951,19487.330095487312,15784.737377344727,10800.0,10800.0,0
2025-11-22,M6,17177.98906663399,0.0,197.08007451501928,17375.06914114901,17375.06914114901,0.0,185.9033191961152,0.0,0.0,17375.06914114901,39516.02912604912,39701.932445245235,1899.7564897075013,3906.5816293724697,19346.13075174702,15670.365908915086,10800.0,10800.0,0
2025-11-23,M6,58149.85617726235,2.523705688872724e-13,1689.4828164923983,59839.33899375476,59839.33899375476,0.0,1117.4791540501574,0.0,0.0,59839.33899375476,84259.64912086024,85377.12827491038,5451.413533024209,725.7397833333332,20883.571974839593,16915.693299620074,10800.0,10800.0,0
2025-11-24,M6,57313.903097363356,0.0,33.49679107217824,57347.39988843553,57347.39988843553,0.0,25.6182160889864,18.83966666666663,99.52995899999979,57446.92984743553,83241.59306443986,83267.21128052886,4950.346304437695,310.70213333333345,20331.88847065525,16468.82966123075,10800.0,10800.0,1
2025-11-25,M6,59886.16581556755,3.684164084916119e-15,5.4234597036391055,59891.58927527119,59891.58927527119,0.0,2.7753974454738355,0.0,0.0,59891.58927527119,86785.37627050088,86788.15166794634,6148.852074728736,300.49518333333356,21948.12601693484,17777.982073717223,10800.0,10800.0,0
2025-11-26,M6,59838.670904187034,0.0,520.6992760031569,60359.3701801902,60359.3701801902,0.0,434.3855185865873,22.597479810358664,121.73262373840211,60481.1028039286,85717.01215340765,86151.39767199421,5336.050508768807,60.651583333333065,21155.927244047965,17136.301067678854,10800.0,10800.0,1
2025-11-27,M6,59553.493558218506,0.0,1025.1017967008297,60578.59535491934,60578.59535491934,0.0,816.3837115395768,0.0,0.0,60578.59535491934,85188.59530441035,86004.97901594992,5902.390808404577,373.81698333333316,20778.3078467299,16830.429355851214,10800.0,10800.0,0
2025-11-28,M6,16320.966119786666,0.0,622.4363368586398,16943.402456645308,16943.402456645308,0.0,1159.6762907649581,0.0,0.0,16943.402456645308,38908.2772141178,40067.95350488275,2106.785612176936,3216.8699575331025,20121.365185119572,16298.305799946855,10800.0,10800.0,0
2025-11-29,M6,18005.909972418845,0.0,5.9179423893985765,18011.827914808244,18011.827914808244,0.0,7.143391139354911,0.0,0.0,18011.827914808244,42495.89574600376,42503.03913714312,2209.9390230789186,1877.9162796911928,18345.96702301587,14860.233288642856,10800.0,10800.0,0
2025-11-30,M6,62198.67259813008,0.0,1151.3429782184296,63350.0155763485,63350.0155763485,0.0,775.8051146243106,0.0,0.0,63350.0155763485,87917.37767021054,88693.18278483485,4406.117691449983,0.0,21274.931456411632,17232.694479693426,10800.0,10800.0,0
2025-12-01,M6,66603.84545506968,0.0,10131.056636037321,76734.90209110701,76734.90209110701,0.0,6387.292168141888,453.4434015856044,3006.0599044502874,79740.9619955573,89295.64205679459,95682.93422493649,5510.912546475835,0.0,22771.249193225904,18444.711846512975,10800.0,10800.0,5
2025-12-02,M6,70149.08319443396,2.916920038842363e-14,8332.970698596708,78482.05389303072,78482.05389303072,0.0,5259.040822749888,42.2638858760389,299.50332816733345,78781.55722119806,92564.95131391913,97823.992136669,4769.1197665974705,0.0,23470.13845235567,19010.81214640809,10800.0,10800.0,2
2025-12-03,M6,72532.67457324384,0.0,4895.275535978706,77427.9501092226,77427.9501092226,0.0,3406.498246301632,0.0,0.0,77427.9501092226,95497.4714416439,98903.96968794553,7547.135966704324,0.0,22074.132392497577,17880.047237923034,10800.0,10800.0,0
2025-12-04,M6,74394.02866078449,4.149427468291833e-14,1515.4436013316388,75909.47226211613,75909.47226211613,0.0,1009.1948114321495,0.0,0.0,75909.47226211613,97653.868590114,98663.06340154614,7849.457822127667,0.0,21275.772786413054,17233.375956994576,10800.0,10800.0,0
2025-12-05,M6,22198.920042844944,2.897905915233423e-13,1497.4610737043492,23696.381116549303,23696.381116549303,0.0,1558.5036662450793,0.0,0.0,23696.381116549303,49477.64277780568,51036.14644405077,4339.144408992128,1610.584127607357,19867.316969041894,16092.526744923944,10800.0,10800.0,0
2025-12-06,M6,23880.780048388744,0.0,1552.1511562573714,25432.931204646116,25432.931204646116,0.0,1401.1761501234785,0.0,0.0,25432.931204646116,51024.43182590253,52425.60797602601,3477.20271037848,1622.8758743383169,19267.887234960806,15606.988660318257,10800.0,10800.0,0
2025-12-07,M6,78354.11836104185,0.0,1.3373835372476605e-13,78354.11836104185,78354.11836104185,0.0,5.684341886080802e-14,0.0,0.0,78354.11836104185,102049.41417622371,102049.41417622371,10401.287600979977,0.0,21028.659606545967,17033.214281302236,10800.0,10800.0,0
2025-12-08,M6,81295.46609710371,5.652054824167863e-13,0.0,81295.46609710371,81295.46609710371,0.0,1.0231815394945443e-12,0.0,0.0,81295.46609710371,106349.012138073,106349.012138073,14461.579577391381,0.0,21264.323389552323,17224.101945537383,10800.0,10800.0,0
2025-12-09,M6,78452.40844702405,4.40441905169564e-13,9.100347142521058e-14,78452.40844702405,78452.40844702405,0.0,8.86402062860725e-13,5.48331926789524,40.55188764571925,78492.96033466977,104219.17837159346,104219.17837159346,12652.589519829708,0.0,22019.041601920973,17835.42369755599,10800.0,10800.0,1
2025-12-10,M6,75392.39956882573,2.548631528043188e-13,297.0993706916748,75689.49893951739,75689.49893951739,0.0,248.08431229522907,0.0,0.0,75689.49893951739,99461.34700676781,99709.43131906303,6999.201165967856,0.0,22750.587823307986,18427.97613687947,10800.0,10800.0,0
2025-12-11,M6,73876.48627872356,0.0,1.1675354016915662e-12,73876.48627872356,73876.48627872356,0.0,5.684341886080801e-13,0.0,0.0,73876.48627872356,99705.09278313871,99705.09278313871,9541.636583650901,0.0,22116.849997304285,17914.648497816466,10800.0,10800.0,0
2025-12-12,M6,23947.818534288686,2.8285995767873827e-13,969.246884740239,24917.065419028928,24917.065419028928,0.0,1251.9886984411808,0.0,0.0,24917.065419028928,51901.23313289618,53153.22183133736,4126.944306884198,1643.5620999999999,19306.852321683342,15638.550380563513,10800.0,10800.0,0
2025-12-13,M6,24309.133283893356,0.0,643.8724321445524,24953.0057160379,24953.0057160379,0.0,730.9436532115246,0.0,0.0,24953.0057160379,52366.89630569197,53097.839958903496,4436.245592292032,1132.38245,19635.150175148054,15904.47164186992,10800.0,10800.0,0
2025-12-14,M6,72669.90163268089,0.0,1582.4336162051195,74252.33524888598,74252.33524888598,0.0,1095.8709100561705,0.0,0.0,74252.33524888598,95986.41817745022,97082.28908750639,3881.0219227350203,0.0,23276.554551428293,18854.00918665692,10800.0,10800.0,0
2025-12-15,M6,74483.31071631379,0.0,689.321500493947,75172.63221680773,75172.63221680773,0.0,397.25007336446544,0.0,0.0,75172.63221680773,98430.33247425924,98827.58254762371,4926.949496740219,0.0,23321.447811667553,18890.372727450726,10800.0,10800.0,0
2025-12-16,M6,74875.2126107673,1.250333525604219e-12,0.0,74875.2126107673,74875.2126107673,0.0,2.1032064978498966e-12,0.0,0.0,74875.2126107673,99051.95700633584,99051.95700633584,5271.599446486192,0.0,22959.29592903327,18597.029702516953,10800.0,10800.0,0
2025-12-17,M6,73654.99321970047,1.8453079064784107e-13,170.4583400351254,73825.45155973556,73825.45155973556,0.0,107.78915376860368,0.0,0.0,73825.45155973556,97870.15161666533,97977.94077043392,5498.353791572468,0.0,22567.05216944635,18279.312257251542,10800.0,10800.0,0
2025-12-18,M6,71418.90011947208,0.0,1187.657022262389,72606.55714173442,72606.55714173442,0.0,757.5350238203285,0.0,0.0,72606.55714173442,95788.26494601325,96545.79996983358,4657.984720717359,0.0,23797.622539208252,19276.074256758686,10800.0,10800.0,0
2025-12-19,M6,22989.62808514707,0.0,765.0372464794079,23754.665331626464,23754.665331626464,0.0,1076.8183020571205,0.0,0.0,23754.665331626464,50275.622699382744,51352.44100143987,2827.3382548042064,1810.6569827160502,20031.865599576908,16225.811135657295,10800.0,10800.0,0
2025-12-20,M6,23414.188889293317,0.0,0.0,23414.188889293317,23414.188889293317,0.0,0.0,0.0,0.0,23414.188889293317,51545.23764353985,51545.23764353985,2954.6065964105646,1923.381143562968,20057.35607140167,16246.458417835356,10800.0,10800.0,0
2025-12-21,M6,73266.96074145228,8.68962501954229e-13,47.12408906582773,73314.08483051808,73314.08483051808,0.0,32.87668692376218,0.0,0.0,73314.08483051808,97437.89912559444,97470.7758125182,3986.5924806615244,0.0,23402.112974684358,18955.711509494333,10800.0,10800.0,0
2025-12-22,M6,73512.38864966348,4.6243542328738843e-14,390.1596780236521,73902.54832768714,73902.54832768714,0.0,230.07718760736245,15.857070508877927,75.20148692685913,73977.749814614,96974.35423174023,97204.43141934759,3779.289979238007,0.0,23703.007512026994,19199.436084741872,10800.0,10800.0,2
2025-12-23,M6,73438.49225886655,3.0323121791298034e-14,9.965906093314555,73448.45816495987,73448.45816495987,0.0,4.94115314034147,0.0,0.0,73448.45816495987,97542.42976421452,97547.37091735489,5921.000513438401,0.0,22990.93616096394,18622.658290380794,10800.0,10800.0,0
2025-12-24,M6,71635.53298464578,1.5157297639234457e-14,66.51010948835926,71702.04309413415,71702.04309413415,0.0,33.57932700085758,7.578286016062862,49.57335797407521,71751.61645210822,96048.93191776631,96082.51124476716,3738.1765248032652,0.0,23670.282575333134,19172.928886019836,10800.0,10800.0,1
2025-12-25,M6,70740.78957560798,7.67030883253028e-14,144.59539202757082,70885.38496763557,70885.38496763557,0.0,77.55386663315163,0.0,0.0,70885.38496763557,94703.217596776,94780.77146340915,2487.932736020983,0.0,23581.00102134122,19100.610827286386,10800.0,10800.0,0
2025-12-26,M6,22647.040668170896,0.0,617.2750012109368,23264.31566938183,23264.31566938183,0.0,507.5108872541723,0.0,0.0,23264.31566938183,50001.851126599846,50509.362013854014,2272.3801877000597,1303.9041,20660.2910148454,16734.835722024767,10800.0,10800.0,0
2025-12-27,M6,22666.97091251718,0.0,233.13379985292906,22900.10471237011,22900.10471237011,0.0,181.44456507660135,0.0,0.0,22900.10471237011,50819.40526851198,51000.84983358858,2352.8915523846254,1504.6289666666667,20023.790778266455,16219.270530395825,10800.0,10800.0,0
2025-12-28,M6,72214.28547332459,0.0,246.37602521532187,72460.66149853989,72460.66149853989,0.0,130.30932320639698,42.24576545813784,318.1051202206738,72778.76661876056,96994.51830884215,97124.82763204855,6107.478619276538,0.0,22370.210674895578,18119.870646665422,10800.0,10800.0,2
2025-12-29,M6,71852.18224339455,0.0,474.1835912433549,72326.36583463791,72326.36583463791,0.0,401.834256412405,0.0,0.0,72326.36583463791,96558.26685460948,96960.10111102188,5107.294618783414,0.0,22784.422239851607,18455.382014279807,10800.0,10800.0,0
2025-12-30,M6,69988.3653470387,0.0,591.1101389303591,70579.47548596903,70579.47548596903,0.0,404.0407649154231,8.162163738416211,59.70622774651459,70639.18171371554,95310.6798966508,95714.72066156624,5021.411939930107,0.0,23563.517291445012,19086.44900607046,10800.0,10800.0,1
2025-12-31,M6,70897.12991116445,0.0,344.63229608417043,71241.76220724863,71241.76220724863,0.0,239.74172225821582,15.660293374380853,75.22022054238322,71316.98242779101,95135.6977295149,95375.43945177313,2223.091406106626,0.0,24328.978873390755,19807.393467683207,10800.0,10687.866021959233,2
2025-02-01,M9,17999.370045836073,0.0,0.0,17999.370045836073,17999.370045836073,0.0,0.0,0.0,0.0,17999.370045836073,42307.47807551015,42307.47807551015,1512.9732182950593,2728.66626054171,19237.056686352647,15549.394023012592,10763.753452296607,10800.0,0
2025-02-02,M9,62250.17434347742,0.0,0.0,62250.17434347742,62250.17434347742,0.0,0.0,0.0,0.0,62250.17434347742,89091.88910163479,89091.88910163479,6275.363842659254,59.174066666666704,23163.543380573054,18762.470138264172,10800.0,10800.0,0
2025-02-03,M9,62780.035045973695,0.0,40.12145187542289,62820.156497849115,62820.156497849115,0.0,64.1430085938016,0.0,0.0,62820.156497849115,88423.71281509622,88487.85582369001,3987.733972776495,0.0,22543.18605743967,18259.980706526138,10800.0,10800.0,0
2025-02-04,M9,62462.101346061856,0.0,0.0,62462.101346061856,62462.101346061856,0.0,0.0,0.0,0.0,62462.101346061856,88298.753649662,88298.753649662,2489.044418859233,0.0,25016.32651277898,20401.481231976206,10800.0,10646.381381527524,0
2025-02-05,M9,58380.10653540571,0.0,2173.881959882795,60553.988495288526,60553.988495288526,0.0,1510.5030075336847,968.1112544802386,5441.929917304023,65995.91841259255,83744.43691847037,85254.93992600405,800.939995588874,0.0,24455.503304331643,19781.819102769554,10646.381381527524,10676.535352348725,8
2025-02-06,M9,60361.365824794266,0.0,422.70604796773495,60784.07187276203,60784.07187276203,0.0,603.4374966019609,81.05402296458425,512.0999450940453,61296.17181785608,85598.20409997499,86201.64159657696,1461.0671555669996,0.0,24718.887972381635,20168.31672507376,10676.535352348725,10514.293721854681,4
2025-02-07,M9,15914.642362899067,0.0,79.36535873757843,15994.007721636646,15994.007721636646,0.0,158.9850936249568,343.3695948572293,1435.3421406839611,17429.349862320607,38149.927723233806,38308.91281685876,305.32762752502447,2868.5019977179873,20346.999297416492,16674.226177610173,10514.293721854681,10299.6751144071,2
2025-02-08,M9,13919.499008772296,0.0,2391.772149358906,16311.271158131203,16311.271158131203,0.0,2225.23979876443,323.88955412740796,1607.4638571343257,17918.735015265527,34603.8269935123,36829.06679227673,42.94300139581094,1199.1951552726382,21746.033053789804,17412.37758072078,10299.6751144071,10524.018662017066,1
2025-02-09,M9,55001.35478183413,0.0,5419.882302642792,60421.23708447694,60421.23708447694,0.0,4319.421425251046,401.4207142735264,2027.738529611841,62448.97561408878,79671.01133524938,83990.43276050042,239.3544796445993,0.0,24927.3391084089,20330.256079946226,10524.018662017066,10369.450437422614,10
2025-02-10,M9,55543.27902973475,0.0,340.33169467618086,55883.61072441093,55883.61072441093,0.0,423.2688770697589,0.0,0.0,55883.61072441093,81400.26714487151,81823.53602194128,3229.096006559381,315.79595719908025,21130.877290533826,17178.87081568435,10369.450437422614,10299.60575925378,0
2025-02-11,M9,55185.44522866487,0.0,362.45327863504434,55547.898507299906,55547.898507299906,0.0,343.8001000708349,271.6406991882226,1405.4345987167017,56953.33310601661,80590.36328255413,80934.16338262497,1544.540999971526,0.0,23753.17288888947,19312.50694038113,10299.60575925378,10219.12031438638,5
2025-02-12,M9,55841.11989803548,0.0,530.9589002878249,56372.0787983233,56372.0787983233,0.0,460.7709958631377,10.432783395604702,56.5874171377599,56428.66621546106,81770.87333098229,82231.64432684542,2213.4057815559013,163.38428333333331,23139.38823692673,18540.837324908272,10219.12031438638,10443.639366611242,1
2025-02-13,M9,55067.56850800471,0.0,1035.6731992589175,56103.24170726363,56103.24170726363,0.0,562.135652489236,0.0,0.0,56103.24170726363,81312.56949261672,81874.70514510595,6003.939077045635,401.75736666666694,20098.974287774276,15959.444603047286,10443.639366611242,10800.0,0
2025-02-14,M9,15192.092973877814,0.0,1347.151553315146,16539.24452719296,16539.24452719296,0.0,1047.660131354322,0.0,0.0,16539.24452719296,36350.8108891129,37398.47102046723,423.56671427030943,3231.047790875189,20747.656308710822,16805.601610055768,10800.0,10800.0,0
2025-02-15,M9,15207.732141631584,0.0,1915.1432416223608,17122.875383253948,17122.875383253948,0.0,1487.021739379993,0.0,0.0,17122.875383253948,35608.96845671968,37095.99019609967,130.72910089628886,4033.9037973586,19278.716937503028,15627.450739658241,10800.0,10787.011088576905,0
2025-02-16,M9,55778.33414291962,0.0,1555.770678260177,57334.1048211798,57334.1048211798,0.0,860.0707190664504,14.050303401570659,75.07779622629282,57409.18261740609,81423.78098199976,82283.85170106622,2809.166886493041,17.206249999999955,21486.630251020826,17392.480483046085,10787.011088576905,10800.0,1
2025-02-17,M9,55041.354515468316,0.0,1287.3508192832246,56328.70533475154,56328.70533475154,0.0,661.2780879912759,16.694513422821956,89.08192362417795,56417.78725837572,81320.41217153758,81981.69025952884,6051.242645965599,882.1082833333332,20427.214089400404,16546.04341241433,10800.0,10800.0,1
2025-02-18,M9,51157.488737671236,0.0,3071.520453678374,54229.009191349614,54229.009191349614,0.0,1845.4221986726284,6.867537074033976,34.996968929277145,54264.00616027889,76546.6814380415,78392.10363671414,2338.3998806158033,241.45472736625413,19619.625170909392,15891.896388436606,10800.0,10800.0,1
2025-02-19,M9,50407.66556114026,0.0,3263.1610643070485,53670.826625447306,53670.826625447306,0.0,2070.58981059332,38.994988202262974,206.30067420626108,53877.12729965357,76052.21981532124,78122.80962591457,1091.9486671248128,0.0,22055.41349294039,17864.88492928171,10800.0,10800.0,2
2025-02-20,M9,52218.32891702044,0.0,1310.0718048902024,53528.400721910635,53528.400721910635,0.0,747.2998065742756,48.93628684981297,274.5570373708757,53802.95775928151,77819.0940511144,78566.39385768867,3298.7727281312864,391.814483333333,20692.679998634456,16761.07079889391,10800.0,10800.0,1
2025-02-21,M9,15065.470864461802,0.0,1757.0934653541915,16822.564329815996,16822.564329815996,0.0,1325.7712209938622,0.0,0.0,16822.564329815996,35498.67173283899,36824.442953832855,1005.6221840805503,6705.071200304264,18702.56597955108,15149.078443436378,10800.0,10800.0,0
2025-02-22,M9,15208.99257828185,0.0,1870.147885342544,17079.140463624397,17079.140463624397,0.0,1431.8747912799176,0.0,0.0,17079.140463624397,35555.71963589445,36987.594427174365,959.3893935890021,4507.743476270854,19345.78249463774,15670.083820656568,10800.0,10800.0,0
2025-02-23,M9,51722.41199174165,0.0,2238.605326479066,53961.01731822071,53961.01731822071,0.0,1308.4646849048206,22.13503095425881,114.43811003351804,54075.45542825422,77668.67480582555,78977.13949073036,3085.1224071613897,417.62383333333355,20866.708409771378,16902.03381191481,10800.0,10800.0,1
2025-02-24,M9,49817.519845147945,0.0,1385.2705489365571,51202.7903940845,51202.7903940845,0.0,839.1485991505737,41.82843512260297,213.72238925893987,51416.51278334344,75147.29197763608,75986.44057678666,2952.0882973546477,969.0918111161606,20547.659404062033,16643.60411729025,10800.0,10800.0,1
2025-02-25,M9,48706.73226561197,0.0,1334.9584977696118,50041.690763381586,50041.690763381586,0.0,713.0660297010761,53.59598144679228,276.7083989212772,50318.39916230286,75141.40727961581,75854.47330931689,4911.032917236815,1310.2227865431228,20344.686071844262,16479.195718193852,10800.0,10800.0,2
2025-02-26,M9,46392.17781692875,0.0,3457.5500827385085,49849.72789966727,49849.72789966727,0.0,2510.523411669562,6.478115872737931,33.611704205700754,49883.33960387297,71113.28108623001,73623.80449789957,685.001403884567,0.0,21739.121981865337,17608.68880531092,10800.0,10800.0,1
2025-02-27,M9,45187.15225942246,0.0,1919.9727578218703,47107.12501724433,47107.12501724433,0.0,1141.9948403696553,518.7935432708891,2719.2248216980934,49826.34983894243,71172.0244315061,72314.01927187575,1680.4546351030845,0.0,22083.020947597703,17887.246967554143,10800.0,10800.0,8
2025-02-28,M9,13935.840544057774,0.0,1876.3895972367193,15812.230141294493,15812.230141294493,0.0,1462.7907043535527,0.0,0.0,15812.230141294493,34288.98893323842,35751.77963759197,998.4285160964673,7825.681483882029,19131.97940849198,15496.903320878504,10800.0,10800.0,0
2025-03-01,M9,14208.534728644594,0.0,598.5449471501826,14807.079675794777,14807.079675794777,0.0,394.22047497212844,0.0,0.0,14807.079675794777,34506.51966391007,34900.740138882196,390.201297918139,7206.140878413012,19187.536995882714,15541.904966665003,10800.0,10800.0,0
2025-03-02,M9,48162.75494008772,0.0,5481.514770561431,53644.269710649154,53644.269710649154,0.0,3334.2348093756054,188.2163065312576,920.2962983253809,54564.566008974536,73731.48459951305,77065.71940888866,1364.9596461633746,0.0,20423.63268195671,16892.96367936683,10800.0,10411.309770020118,6
2025-03-03,M9,50401.86016886065,0.0,1973.7819192082047,52375.64208806885,52375.64208806885,0.0,1319.5311516582203,154.1099015544457,747.0227617390208,53122.66484980787,76847.63093050258,78167.16208216078,1834.7448473938157,184.4892666666666,23160.222484725324,18875.3312484039,10411.309770020118,10282.91973026857,5
2025-03-04,M9,48929.753925565914,0.0,2670.7212621395197,51600.475187705444,51600.475187705444,0.0,1624.2749270371319,0.6247333333334382,3.1064865000005213,51603.581674205445,74720.92360100002,76345.19852803714,2187.3126123441416,656.2319035535718,20197.09773358493,15894.276921445507,10282.91973026857,10800.0,1
2025-03-05,M9,47155.985074632044,0.0,1942.826980973965,49098.81205560602,49098.81205560602,0.0,1167.8319234462242,6.618300000000204,32.736535900001016,49131.54859150602,73841.63598451213,75009.46790795836,4319.341740862639,625.9976666666664,20738.288335591555,16798.013551829164,10800.0,10800.0,2
2025-03-06,M9,43925.92184450466,0.0,3376.6983362163683,47302.62018072103,47302.62018072103,0.0,2151.2334674115064,0.0,0.0,47302.62018072103,69292.00497674997,71443.23844416148,1418.3177034733112,803.271483333333,20156.189865360095,16875.194741338586,10800.0,10190.354499558987,0
2025-03-07,M9,13315.691031333765,0.0,829.4702979040076,14145.161329237771,14145.161329237771,0.0,586.8679876251281,0.0,0.0,14145.161329237771,33204.74304536932,33791.61103299445,372.98674600412187,8347.277616369996,18949.369404684712,14800.308267397711,10190.354499558987,10800.0,0
2025-03-08,M9,12324.145109678922,0.0,3170.8254442016937,15494.970553880614,15494.970553880614,0.0,2629.4567005243225,0.0,0.0,15494.970553880614,30693.333072432786,33322.78977295711,601.886351969068,10067.66742016546,18895.24465345216,15305.148169296248,10800.0,10800.0,0
2025-03-09,M9,42971.53069186183,0.0,3369.53440976917,46341.06510163101,46341.06510163101,0.0,2140.001830699771,0.0,0.0,46341.06510163101,69167.2503527413,71307.25218344107,2611.331120966449,1407.4223261076952,20815.6509808786,16860.677294511665,10800.0,10800.0,0
2025-03-10,M9,43440.773256387314,0.0,6130.17467866888,49570.947935056174,49570.947935056174,0.0,4548.526224489051,0.0,0.0,49570.947935056174,67267.2667081532,71815.79293264225,62.98924613718634,0.0,21376.02589691172,17665.293660406656,10800.0,10410.31924010205,0
2025-03-11,M9,42384.39252858841,0.0,3540.5034975871326,45924.89602617555,45924.89602617555,0.0,2741.429041239234,0.0,0.0,45924.89602617555,66887.9751170293,69629.40415826855,850.2319199565411,648.8275379242967,20507.703470038432,16316.277569650723,10410.31924010205,10738.055063524731,0
2025-03-12,M9,43399.000925180815,0.0,2010.347727114555,45409.348652295375,45409.348652295375,0.0,1356.0031009839277,0.0,0.0,45409.348652295375,68819.68650016883,70175.68960115274,2301.4743489048083,1533.1465166666665,20301.289471134616,16395.755418886674,10738.055063524731,10791.709566560696,0
2025-03-13,M9,43724.1598818567,0.0,4203.4254126071955,47927.5852944639,47927.5852944639,0.0,3417.2611221631723,0.0,0.0,47927.5852944639,68091.67486989389,71508.93599205706,220.29804590022235,0.0,21296.84107086927,17553.8211413791,10791.709566560696,10454.620817699591,0
2025-03-14,M9,13178.802817584665,0.0,1480.442630313851,14659.245447898516,14659.245447898516,0.0,1091.3429043870046,0.0,0.0,14659.245447898516,32351.9205780088,33443.26348239581,1121.2451534141362,12506.302857022427,18291.8327608186,14505.543272192692,10454.620817699591,10800.0,0
2025-03-15,M9,13252.076396270377,0.0,1825.6078228917786,15077.684219162154,15077.684219162154,0.0,1448.2601601177091,0.0,0.0,15077.684219162154,31783.755870928664,33232.01603104637,853.2886327643336,7950.357457089163,18670.92227691053,15166.677485717653,10800.0,10751.966176199863,0
2025-03-16,M9,43139.88104277327,0.0,2495.4776900694706,45635.35873284273,45635.35873284273,0.0,1801.6633577019447,1.6400000000001,8.081100000000493,45643.439832842734,67998.83186271222,69800.49522041416,2392.9380338456044,191.97445561245513,20120.76503264552,16254.589235022744,10751.966176199863,10800.0,1
2025-03-17,M9,41880.53545641295,0.0,1190.0724524189832,43070.60790883194,43070.60790883194,0.0,726.1099579451907,0.0,0.0,43070.60790883194,67552.07676452793,68278.18672247311,4928.563254395763,2009.6780647706928,18325.33668407017,14843.522714096847,10800.0,10800.0,0
2025-03-18,M9,41885.715408564705,0.0,1024.9785179521457,42910.693926516855,42910.693926516855,0.0,579.2850589186592,134.27891740862805,661.1998828728396,43571.893809389694,66847.34531076587,67426.63036968451,2430.123922280877,152.24811577686796,20276.73095983551,16424.152077466762,10800.0,10800.0,3
2025-03-19,M9,38862.44860002647,0.0,3456.572903750657,42319.02150377712,42319.02150377712,0.0,3014.77859763966,0.0,0.0,42319.02150377712,62122.081682633776,65136.86028027343,1921.0052530289233,0.0,19738.86619602375,15988.48161877924,10800.0,10800.0,0
2025-03-20,M9,40819.56977875339,0.0,2537.446483753451,43357.01626250682,43357.01626250682,0.0,2216.1884370263842,0.0,0.0,43357.01626250682,64876.428163334014,67092.6166003604,920.6482659403443,0.0,20857.929040807307,16894.92252305392,10800.0,10800.0,0
2025-03-21,M9,12231.434763924179,0.0,2134.3091361378706,14365.743900062047,14365.743900062047,0.0,1722.399415327269,0.0,0.0,14365.743900062047,30439.128875122242,32161.528290449514,1040.7609594536239,15577.99118371298,18477.82457728363,14968.51294666739,10800.0,10798.361067702612,0
2025-03-22,M9,12948.756732387988,0.0,1118.063631786611,14066.8203641746,14066.8203641746,0.0,834.6027025038087,0.0,0.0,14066.8203641746,31247.933520569728,32082.536223073537,993.8500387946806,11752.906618298559,18311.075820838618,14856.495988191658,10798.361067702612,10771.111541799977,0
2025-03-23,M9,40181.03683475663,0.0,2287.5319168121964,42468.56875156885,42468.56875156885,0.0,1572.924342096685,0.0,0.0,42468.56875156885,64944.65489672468,66517.57923882136,2799.128454879384,1212.1582038438858,19529.330795007416,15792.75833157599,10771.111541799977,10800.0,0
2025-03-24,M9,38747.5659040289,0.0,2386.910867403505,41134.47677143241,41134.47677143241,0.0,1879.3495864570111,0.0,0.0,41134.47677143241,62229.9005757915,64109.25016224851,1080.514850219358,1169.104120756439,20321.75846283888,16460.624354899493,10800.0,10800.0,0
2025-03-25,M9,39842.148327007526,0.0,2433.5977056498077,42275.74603265735,42275.74603265735,0.0,1572.9939732420737,0.0,0.0,42275.74603265735,64057.84384314106,65630.83781638312,649.9104835214707,223.27497818605116,20039.619147415513,16232.091509406573,10800.0,10800.0,0
2025-03-26,M9,38071.858318398954,0.0,2505.7995511948816,40577.657869593844,40577.657869593844,0.0,1728.7872833778488,0.0,0.0,40577.657869593844,61311.10938063111,63039.89666400896,2481.2087485223183,1445.5631805066782,18529.315096385828,15008.745228072523,10800.0,10800.0,0
2025-03-27,M9,38303.84879490056,0.0,2417.3641747852266,40721.21296968578,40721.21296968578,0.0,1686.510463378739,0.0,0.0,40721.21296968578,62175.74977918695,63862.260242565695,1457.3419646135085,0.0,19410.15198922206,15722.223111269876,10800.0,10800.0,0
2025-03-28,M9,12177.649250031509,0.0,1698.2342151845348,13875.883465216046,13875.883465216046,0.0,1292.7160939783075,0.0,0.0,13875.883465216046,30364.514545318303,31657.23063929661,1240.0851104682426,16129.672390411193,18239.959851318454,14774.367479567945,10800.0,10800.0,0
2025-03-29,M9,11982.376212913461,0.0,1846.9785255579002,13829.35473847136,13829.35473847136,0.0,1415.167067726433,0.0,0.0,13829.35473847136,30204.480834694365,31619.6479024208,746.7163727327084,19704.60950623707,18216.3833690405,14755.270528922809,10800.0,10800.0,0
2025-03-30,M9,36387.90734439669,0.0,1948.9685804977028,38336.87592489438,38336.87592489438,0.0,1239.1953507456356,0.0,0.0,38336.87592489438,59954.04762762407,61193.24297836971,1268.3452933329759,949.6225263964686,19103.4497823172,15473.794323676935,10800.0,10800.0,0
2025-03-31,M9,35070.750667872526,0.0,4713.274675765316,39784.02534363784,39784.02534363784,0.0,4768.916566818891,0.0,0.0,39784.02534363784,56574.95146737808,61343.86803419696,638.523736590147,47.5292359624998,19507.5030437421,15801.077465431108,10800.0,10800.0,0
2025-04-01,M9,39052.05173918877,0.0,3636.075288643393,42688.12702783218,42688.12702783218,0.0,2838.4808719126086,0.0,0.0,42688.12702783218,62466.070920055165,65304.55179196778,932.3675971917061,735.8797462414175,18039.225957199953,14611.773025331968,10800.0,10800.0,0
2025-04-02,M9,37787.25244346128,0.0,4494.336930995678,42281.58937445695,42281.58937445695,0.0,3828.5918244383192,60.330067543205494,296.49938502044745,42578.088759477396,61568.48244332305,65397.07426776137,1257.9988585916878,0.0,19810.895140594148,16046.825063881257,10800.0,10800.0,2
2025-04-03,M9,38855.34928510326,0.0,1304.6353364979686,40159.98462160123,40159.98462160123,0.0,789.9629714056892,0.0,0.0,40159.98462160123,62440.06495560758,63230.02792701326,1867.2969128383988,1866.1694103654945,19121.21756390902,15488.186226766313,10800.0,10800.0,0
2025-04-04,M9,11622.09227294336,0.0,1116.000846595954,12738.093119539315,12738.093119539315,0.0,834.7114312153092,0.0,0.0,12738.093119539315,29515.05484268346,30349.76627389877,859.7366740673856,19530.37574470396,18572.903184881216,15044.051579753788,10800.0,10800.0,0
2025-04-05,M9,11878.841654887763,0.0,1281.1306644960011,13159.972319383762,13159.972319383762,0.0,1106.8380492171561,0.0,0.0,13159.972319383762,29375.891553691825,30482.729602908985,286.4496013094496,14614.531921445663,18619.121562213375,15081.488465392838,10800.0,10800.0,0
2025-04-06,M9,36677.03734678986,0.0,1383.6840598620115,38060.72140665187,38060.72140665187,0.0,912.5330442920737,0.0,0.0,38060.72140665187,59904.78803444732,60817.3210787394,924.1360722266916,1689.8147487677384,19964.705216201615,16171.41122512331,10800.0,10800.0,0
2025-04-07,M9,35134.28708899943,0.0,2627.0884221467363,37761.375511146165,37761.375511146165,0.0,2263.333473702762,0.0,0.0,37761.375511146165,57016.46065479688,59279.79412849964,1254.8133902797667,1278.5730296737374,18440.46539585691,14936.776970644096,10800.0,10800.0,0
2025-04-08,M9,36010.42560593302,0.0,1002.8159592635966,37013.24156519662,37013.24156519662,0.0,672.6576368504094,0.0,0.0,37013.24156519662,59120.016697204526,59792.67433405494,1374.6905092084462,288.7765713646945,20362.18668880135,16586.173051986218,10800.0,10696.886851047635,0
2025-04-09,M9,35835.013071750596,0.0,5101.934610046643,40936.94768179725,40936.94768179725,0.0,4911.394441860175,0.0,0.0,40936.94768179725,58466.38254947703,63377.77699133722,487.59002082376736,0.0,19546.11798694561,15790.242033098832,10696.886851047635,10743.679669188874,0
2025-04-10,M9,36307.344529051436,0.0,2224.656976416354,38532.00150546779,38532.00150546779,0.0,2039.2054073532418,0.0,0.0,38532.00150546779,59143.64591251651,61182.851319869755,1847.1375175559438,1189.434722519892,19131.330958231127,15445.689778437207,10743.679669188874,10800.0,0
2025-04-11,M9,11301.723292487592,0.0,1733.4071200200624,13035.130412507657,13035.130412507657,0.0,1463.5146673601757,0.0,0.0,13035.130412507657,28680.321719416006,30143.83638677618,653.7554384329798,20683.633923708876,18367.351884040305,14877.555026072643,10800.0,10800.0,0
2025-04-12,M9,11542.310098102578,0.0,872.9179366485233,12415.228034751102,12415.228034751102,0.0,641.4503351291903,0.0,0.0,12415.228034751102,29073.755072526637,29715.205407655827,671.095767842602,16611.49137763411,18040.27475542212,14632.817043243002,10800.0,10777.561676276568,0
2025-04-13,M9,34754.663005750845,0.0,1985.4691703103992,36740.13217606123,36740.13217606123,0.0,1741.1318537242719,0.0,0.0,36740.13217606123,56901.35396020934,58642.48581393362,566.4136077623784,0.0,19892.206481509555,16092.49275867165,10777.561676276568,10800.0,0
2025-04-14,M9,34772.767522094255,0.0,1553.7160986447402,36326.483620738996,36326.483620738996,0.0,1081.4867802529498,0.0,0.0,36326.483620738996,57111.501221054146,58192.9880013071,1758.59026408496,298.3252910526527,18989.687611418343,15381.646965248856,10800.0,10800.0,0
2025-04-15,M9,33812.54902403001,0.0,929.0693924798693,34741.61841650989,34741.61841650989,0.0,987.1319014513014,0.0,0.0,34741.61841650989,55608.22797452846,56595.35987597976,1130.747971344057,1706.6826700365493,19044.738954030647,15426.23855276483,10800.0,10800.0,0
2025-04-16,M9,34798.80523028586,0.0,2638.018136513561,37436.8233667994,37436.8233667994,0.0,2688.742866066502,0.0,0.0,37436.8233667994,56928.491635901184,59617.23450196769,152.37600110819517,0.0,19396.139741365754,15710.87319050626,10800.0,10800.0,0
2025-04-17,M9,33630.28986437148,0.0,1936.7907072226967,35567.08057159418,35567.08057159418,0.0,2421.0352376257815,0.0,0.0,35567.08057159418,55147.2181465099,57568.25338413568,833.3514255745928,0.0,20350.31372926889,16483.75412070781,10800.0,10800.0,0
2025-04-18,M9,10922.754795615076,0.0,1290.8757361536752,12213.63053176875,12213.63053176875,0.0,1109.3244861524406,0.0,0.0,12213.63053176875,28198.518932154966,29307.843418307406,1062.9758683394502,18420.662431467037,18263.620711408337,14793.532776240752,10800.0,10800.0,0
2025-04-19,M9,10997.206752349563,0.0,769.316055198087,11766.522807547648,11766.522807547648,0.0,612.3017385900546,0.0,0.0,11766.522807547648,28032.2786812736,28644.580419863654,744.6450219791823,17608.052133148434,18546.770987521733,15039.566972785698,10800.0,10781.46391900767,0
2025-04-20,M9,33737.018292265064,0.0,1209.05642580166,34946.074718066724,34946.074718066724,0.0,1025.785417859384,0.0,0.0,34946.074718066724,55133.823889355364,56159.609307214756,472.54672270875767,0.0,19540.185411997794,15810.867710825123,10781.46391900767,10800.0,0
2025-04-21,M9,33814.70736199743,0.0,698.2458825652765,34512.9532445627,34512.9532445627,0.0,380.55120601502716,0.0,0.0,34512.9532445627,56502.346919606294,56882.898125621316,1533.4896652701625,3205.569473274848,19089.09791443675,15462.169310693771,10800.0,10800.0,0
2025-04-22,M9,32904.580096366626,0.0,2961.838342687862,35866.4184390545,35866.4184390545,0.0,3087.3933548173554,0.0,0.0,35866.4184390545,53130.597475593146,56217.99083041051,425.6308399064674,0.0,19154.898283354614,15515.46760951724,10800.0,10800.0,0
2025-04-23,M9,32709.894009324762,0.0,2776.198459087135,35486.09246841191,35486.09246841191,0.0,2991.324318344301,0.0,0.0,35486.09246841191,53207.674493437546,56198.99881178184,1177.37334150896,90.06371646567413,18587.605458634484,15055.960421493932,10800.0,10800.0,0
2025-04-24,M9,32485.5487889349,0.0,456.74853139202463,32942.29732032693,32942.29732032693,0.0,265.57918408107366,0.0,0.0,32942.29732032693,53254.65529796656,53520.23448204763,773.3188710313678,2078.7199708968096,18832.0470532603,15253.958113140845,10800.0,10800.0,0
2025-04-25,M9,10291.971112912523,0.0,321.12948935352443,10613.100602266046,10613.100602266046,0.0,245.9468805217619,0.0,0.0,10613.100602266046,27239.34319825253,27485.29007877429,153.4634362736936,21789.237179853026,18805.474734972428,15263.242922324858,10800.0,10765.768458892013,0
2025-04-26,M9,10658.226809281601,0.0,748.1752828057307,11406.402092087334,11406.402092087334,0.0,699.4550931409013,0.0,0.0,11406.402092087334,27069.072616930673,27768.527710071576,84.70691700011685,24245.750286135764,18901.21787771573,15533.341004113368,10765.768458892013,10517.596766487988,0
2025-04-27,M9,31202.43664035335,0.0,2445.3962590919446,33647.8328994453,33647.8328994453,0.0,2115.855253969089,0.0,0.0,33647.8328994453,51414.67068275365,53530.52593672273,136.06787818230782,735.0287456154166,20954.655151964504,16868.697022372824,10517.596766487988,10633.789711730678,0
2025-04-28,M9,33113.58717783742,0.0,6915.189780319786,40028.7769581572,40028.7769581572,0.0,6605.393815139998,0.0,0.0,40028.7769581572,54127.19207355748,60732.585888697475,215.1564291047447,0.0,19715.120439387792,15819.658296461721,10633.789711730678,10800.0,0
2025-04-29,M9,32167.578228491882,0.0,997.490768336557,33165.06899682844,33165.06899682844,0.0,1128.3198767041201,0.0,0.0,33165.06899682844,53258.275427315944,54386.59530402006,179.30144309615844,3168.278549570636,18977.903129929542,15372.101535242935,10800.0,10800.0,0
2025-04-30,M9,31300.388442540647,0.0,508.1372797772032,31808.52572231785,31808.52572231785,0.0,525.5819066925698,0.0,0.0,31808.52572231785,51837.61045947303,52363.192366165604,469.4420794392589,0.0,19310.045574095464,15673.149720702448,10800.0,10764.43021590542,0
2025-05-01,M9,32234.79838311651,0.0,2431.8038263376443,34666.602209454155,34666.602209454155,0.0,2394.5076910807074,1362.2000940833072,8493.946660895686,43160.54887034984,51171.8627303425,53566.37042142321,1.1368683772161603e-13,870.8147375270544,20589.524409573205,17543.147431593734,10764.43021590542,9802.616149417154,9
2025-05-02,M9,11426.062381175334,0.0,1810.5893042743364,13236.651685449668,13236.651685449668,0.0,2051.741247730474,1118.172516421408,5864.737698404699,19101.389383854366,27856.543934381614,29908.285182112093,0.0,12759.91146032455,19721.667416965334,15745.441262089722,9802.616149417154,10057.182089030708,9
2025-05-03,M9,11838.859998299748,0.0,255.85149644512282,12094.711494744864,12094.711494744864,0.0,429.22011375241374,704.3276994843962,3069.3911421563394,15164.102636901203,28692.03671856329,29121.25683231571,2.9488869284778048,17877.830373274406,18723.87636622222,15646.242744625002,10057.182089030708,9523.95665793626,8
2025-05-04,M9,38085.48042160493,0.0,0.0,38085.48042160493,38085.48042160493,0.0,0.0,0.0,0.0,38085.48042160493,60958.521197238006,60958.521197238006,2751.475894674917,3241.9934499999995,17435.619534577512,14205.235015347764,9523.95665793626,9432.419777558507,0
2025-05-05,M9,37205.97643282561,0.0,350.9346506268502,37556.911083452454,37556.911083452454,0.0,543.0253579565805,0.0,0.0,37556.911083452454,59678.27057934829,60221.295937304865,924.9047844838857,0.0,21079.578921271128,16859.194568450148,9432.419777558507,9671.602397313469,0
2025-05-06,M9,36495.16457660883,0.0,735.0096775204664,37230.1742541293,37230.1742541293,0.0,1124.300070228748,0.0,0.0,37230.1742541293,57236.996158812726,58361.29622904148,974.179066670855,929.9599893232717,20029.142886993144,16442.06808061246,9671.602397313469,9428.866461593458,0
2025-05-07,M9,36604.907745204786,0.0,1131.765518317788,37736.673263522585,37736.673263522585,0.0,1790.1749950281405,575.1071400679084,3650.593722392483,41387.26698591507,58118.36473518335,59908.53973021148,574.5041400226382,275.8009627879376,20740.76770568892,16175.271888220093,9428.866461593458,10123.033076468932,7
2025-05-08,M9,40002.302973766054,0.0,0.0,40002.302973766054,40002.302973766054,0.0,0.0,0.0,0.0,40002.302973766054,62349.239680877785,62349.239680877785,1401.1551775966311,968.6248353181891,18650.93177255267,14497.984504589702,10123.033076468932,10800.0,0
2025-05-09,M9,13928.42919863237,0.0,0.0,13928.42919863237,13928.42919863237,0.0,0.0,0.0,0.0,13928.42919863237,31366.53698679056,31366.53698679056,956.2255198685596,18500.80588864641,17947.99856987156,14537.878841595966,10800.0,10800.0,0
2025-05-10,M9,14031.91704038264,0.0,0.0,14031.91704038264,14031.91704038264,0.0,0.0,0.0,0.0,14031.91704038264,31089.805306225528,31089.805306225528,401.634534519412,15176.788624977858,17843.87822839432,14453.541364999395,10800.0,10800.0,0
2025-05-11,M9,37797.82387505422,0.0,672.6518817241868,38470.47575677842,38470.47575677842,0.0,848.0311264895724,59.51626666666675,396.62748059166734,38867.10323737009,59717.06049869348,60565.09162518305,617.3816448477611,1340.3414356912058,18704.63840828896,15521.832680311541,10800.0,10387.693811558353,3
2025-05-12,M9,36749.91890982003,0.0,2124.589524209705,38874.50843402973,38874.50843402973,0.0,2707.9562811684254,0.0,0.0,38874.50843402973,57812.03946901651,60519.99575018493,2429.8465575932228,2578.64265,17255.87133283866,13675.560023580278,10387.693811558353,10722.911318246166,0
2025-05-13,M9,36572.40518603862,0.0,68.74990392339585,36641.15508996202,36641.15508996202,0.0,105.78216578411991,0.0,0.0,36641.15508996202,58332.77790453119,58438.5600703153,994.3817320568771,749.3133441665232,18845.008815776746,15279.356588351497,10722.911318246166,10706.356376499132,0
2025-05-14,M9,35579.26627060269,0.0,1608.4221610782029,37187.68843168089,37187.68843168089,0.0,2521.362946776047,0.0,0.0,37187.68843168089,56721.91446540336,59243.277412179414,1414.71724883347,1443.3378279480075,18632.55367847687,15261.480126412265,10706.356376499132,10518.454546670253,0
2025-05-15,M9,36943.38188574279,0.0,1635.7641451008096,38579.14603084361,38579.14603084361,0.0,2369.1668314591157,0.0,0.0,38579.14603084361,57046.60103629345,59415.767867752555,1632.9763054600794,1000.4850354377854,19809.775450129426,15792.527206608063,10518.454546670253,10800.0,0
2025-05-16,M9,13190.602908458974,0.0,105.74254120859969,13296.345449667573,13296.345449667573,0.0,62.695684340448054,0.0,0.0,13296.345449667573,29859.874457306454,29922.570141646902,730.3465951062219,23025.13813461241,18166.20462418389,14714.62574558895,10800.0,10800.0,0
2025-05-17,M9,13584.42169156459,0.0,441.39058319312954,14025.812274757718,14025.812274757718,0.0,405.50581799223454,0.0,0.0,14025.812274757718,30057.031436226473,30462.537254218707,332.35646369694894,16156.907407598766,18670.663309018422,15146.189009428763,10800.0,10774.498078751292,0
2025-05-18,M9,36239.415962957544,0.0,1253.1441937330019,37492.56015669054,37492.56015669054,0.0,1184.4151925196704,5.236666666666679,34.42846500000008,37526.988621690536,57605.016654479194,58789.431846998865,1635.4309197625198,0.0,18211.14613041673,14728.07663651372,10774.498078751292,10800.0,1
2025-05-19,M9,35067.37689101579,0.0,136.1250022732637,35203.50189328905,35203.50189328905,0.0,88.21952225353493,79.23650000000009,550.829460833334,35754.33135412238,55472.970475166825,55561.189997420355,705.0561209904462,4062.9181947209463,17669.66121952091,14312.425587811942,10800.0,10800.0,2
2025-05-20,M9,34154.16477238611,0.0,4078.5189079775255,38232.68368036363,38232.68368036363,0.0,3951.5615685682733,0.0,0.0,38232.68368036363,54148.971258257145,58100.532826825416,70.49317339598724,0.0,19276.921926031326,15774.27708926856,10800.0,10622.255189796455,0
2025-05-21,M9,34839.92702480384,0.0,2371.1369073672986,37211.063932171135,37211.063932171135,0.0,3313.4277564206054,0.0,0.0,37211.063932171135,54023.92753226974,57337.35528869035,314.2955052568045,1828.8057462979466,19807.098853824908,15975.460100022634,10622.255189796455,10698.132935991498,0
2025-05-22,M9,34188.26821948761,0.0,1265.7870291966735,35454.05524868428,35454.05524868428,0.0,1733.476166427173,2.57000000000005,16.86434000000033,35470.91958868428,53491.54582161105,55225.02198803822,433.65224039187206,0.0,20450.676701958102,16473.367770978417,10698.132935991498,10800.0,1
2025-05-23,M9,12294.308514144615,0.0,588.0929192670676,12882.401433411686,12882.401433411686,0.0,573.6584005448334,0.0,0.0,12882.401433411686,28777.551177678237,29351.209578223068,526.7509817911812,18666.548186210206,19668.21856257024,15931.257035681896,10800.0,10800.0,0
2025-05-24,M9,12891.632825150136,0.0,469.0570387739491,13360.689863924084,13360.689863924084,0.0,415.2518323918043,0.0,0.0,13360.689863924084,29405.361801129755,29820.613633521556,1036.3100944945063,21410.92158021743,19046.73987092785,15427.859295451563,10800.0,10800.0,0
2025-05-25,M9,34229.82591373945,0.0,645.2342124220634,34875.06012616152,34875.06012616152,0.0,781.1531613342111,0.0,0.0,34875.06012616152,54017.51506095039,54798.6682222846,633.5388129549415,2000.0125635941322,19181.80150037402,15561.69483797183,10800.0,10772.849308145696,0
2025-05-26,M9,33082.28931787891,0.0,5833.910436277463,38916.199754156376,38916.199754156376,0.0,6529.7914184545,67.76269721051987,344.8401476969311,39261.039901853306,52145.63086858254,58675.422287037036,353.71423954394936,0.0,20383.80069674406,16574.162902040447,10772.849308145696,10702.533377392634,2
2025-05-27,M9,33814.321613234766,0.0,2349.553972856536,36163.8755860913,36163.8755860913,0.0,3342.4722985790527,0.0,0.0,36163.8755860913,53022.46696474151,56364.93926332055,1726.2549349436879,1406.709878057494,19757.300999856598,15915.693849537216,10702.533377392634,10800.0,0
2025-05-28,M9,34335.715476319696,0.0,1919.6102529356265,36255.325729255324,36255.325729255324,0.0,2291.120142293328,0.0,0.0,36255.325729255324,54370.87749430538,56661.99763659871,536.3614975596472,0.0,20272.694942310885,16420.88290327182,10800.0,10800.0,0
2025-05-29,M9,33931.220916298116,0.0,3605.2169580104824,37536.437874308605,37536.437874308605,0.0,4707.884372189739,17.817433333333497,119.80442173333444,37656.24229604194,53751.32061150737,58459.204983697105,571.7532500817969,41.0249632298503,20770.70715640636,17016.586452687563,10800.0,10586.318160001763,1
2025-05-30,M9,12801.061005547052,0.0,373.32017382359413,13174.381179370643,13174.381179370643,0.0,700.2007478018343,0.0,0.0,13174.381179370643,29064.34662521943,29764.54737302127,398.1919712617265,18776.93255386137,20004.610132805745,16011.420551574241,10586.318160001763,10800.0,0
2025-05-31,M9,12503.474233165243,0.0,211.54718707006472,12715.021420235309,12715.021420235309,0.0,293.54661535014384,0.0,0.0,12715.021420235309,29352.83247044569,29646.379085795834,988.6373087961344,16697.253276138308,19474.543206761373,15903.236255899981,10800.0,10656.826379529704,0
2025-06-01,M9,41333.33576907786,0.0,16215.691305967744,57549.02707504561,57549.02707504561,0.0,12069.411008772351,1506.1879184828651,9607.549283668808,67156.57635871442,60364.21019678186,72433.62120555421,176.5940736551073,0.0,18574.512008314225,16036.12325793225,10656.826379529704,9555.97245597667,11
2025-06-02,M9,44848.81223690852,0.0,8910.001451622447,53758.81368853098,53758.81368853098,0.0,6116.661614496755,981.8390996746422,6128.707281994164,59887.52097052515,67189.66425010163,73306.32586459839,1554.6066994072703,99.32638333333352,20918.665121100465,16925.24068956804,9555.97245597667,9576.94807655815,12
2025-06-03,M9,50363.959585535646,0.0,2419.1993808259863,52783.15896636164,52783.15896636164,0.0,2408.5778540199253,88.64383452225434,622.9806635710987,53406.13962993274,73827.99469136586,76236.57254538579,2762.7068508447433,1389.9066833333327,19879.163008995623,15898.926996598984,9576.94807655815,9802.720343988673,4
2025-06-04,M9,53920.89325351889,0.0,411.4780657391871,54332.37131925806,54332.37131925806,0.0,326.3977853018423,104.75266657745817,727.2408820690185,55059.61220132708,78183.84696676084,78510.24475206269,4810.012247408182,186.21663333333322,19050.38341144075,15076.87569020878,9802.720343988673,10195.981314053366,4
2025-06-05,M9,52466.08422337079,0.0,1608.1626638977737,54074.24688726856,54074.24688726856,0.0,1765.4124431355292,204.8628890037478,1412.4129627399716,55486.65985000853,75226.57653968396,76991.98898281949,1934.612927222413,543.4751166666667,20114.50416443715,16545.05835316966,10195.981314053366,9915.636891858287,5
2025-06-06,M9,18091.080637978645,0.0,2641.6440202679387,20732.72465824659,20732.72465824659,0.0,2280.5098897711864,748.5763108980367,4189.149701401436,24921.874359648024,35522.36142921244,37802.87131898363,13.552239497918663,3988.8969627124693,19659.422779220018,15965.419751548745,9915.636891858287,9869.762113657698,6
2025-06-07,M9,18753.197146239665,0.0,484.49948180672476,19237.69662804639,19237.69662804639,0.0,754.5043398478078,61.02440347632228,337.8575385243953,19575.554166570786,36889.46270302378,37643.96704287159,48.02872094767628,3166.2659531453687,18873.8593822959,15509.6757767077,9869.762113657698,9623.262472493234,3
2025-06-08,M9,60492.18358183629,0.0,0.0,60492.18358183629,60492.18358183629,0.0,0.0,0.0,0.0,60492.18358183629,86865.86003139525,86865.86003139525,15973.823656902925,2031.5277999999998,13771.165963524001,10095.580655698352,9623.262472493234,10800.0,0
2025-06-09,M9,57160.066250766875,0.0,25.318698529564866,57185.384949296444,57185.384949296444,0.0,32.92846732938597,8.551392497199913,60.445517866457585,57245.8304671629,80994.84438512046,81027.77285244985,5745.703925271633,863.7589666666668,18390.255893028465,14896.107273353056,10800.0,10800.0,1
2025-06-10,M9,54030.898888878095,0.0,233.3095423016387,54264.20843117974,54264.20843117974,0.0,323.9958888756729,0.0,0.0,54264.20843117974,77362.31247642217,77686.30836529785,1930.2866987853333,213.5552833333329,20652.748157083464,16728.726007237605,10800.0,10800.0,0
2025-06-11,M9,54525.31513019938,0.0,4953.418616569398,59478.73374676879,59478.73374676879,0.0,3965.620260821347,0.40170846604235066,2.78544650353766,59481.519193272325,78187.7161101876,82153.33637100893,1825.23706848469,0.0,22337.129970124362,18093.07527580073,10800.0,10800.0,1
2025-06-12,M9,55232.76482800573,0.0,889.2140243143652,56121.9788523201,56121.9788523201,0.0,1089.220427982946,0.0,0.0,56121.9788523201,78910.66978242027,79999.89021040322,3312.317192285359,245.79104999999993,20996.792288339617,17007.401753555085,10800.0,10800.0,0
2025-06-13,M9,18814.97917301742,0.0,64.94846175793153,18879.927634775355,18879.927634775355,0.0,107.70611215843826,0.0,0.0,18879.927634775355,36573.05758734968,36680.76369950812,177.92754408526142,5166.687201913852,18745.6596119612,15754.824358452192,10800.0,10165.733252484872,0
2025-06-14,M9,19471.97950667777,0.0,51.478446686099716,19523.457953363868,19523.457953363868,0.0,82.71273545078941,0.0,0.0,19523.457953363868,36791.80959938577,36874.52233483656,66.20511218856018,7326.888206429203,18684.54364534562,15396.457379126823,10165.733252484872,9874.647667599458,0
2025-06-15,M9,53955.195695448296,0.0,969.8952768713962,54925.09097231969,54925.09097231969,0.0,1129.8388729863116,0.0,0.0,54925.09097231969,77481.57245755682,78611.41133054314,3196.5905772464166,0.0,20815.943793699513,16028.097373736122,9874.647667599458,10800.0,0
2025-06-16,M9,53825.875679807534,0.0,2377.3875077249486,56203.26318753248,56203.26318753248,0.0,2283.532140833096,1.6679656828478073,11.249594547967037,56214.51278208045,76774.46902527254,79058.00116610565,2316.3607529181136,0.0,21311.87138001954,17262.61581781583,10800.0,10800.0,1
2025-06-17,M9,51947.70110661142,0.0,5511.872605755264,57459.57371236671,57459.57371236671,0.0,4825.746130447365,59.09196192586273,420.809821749215,57880.38353411593,74692.26346641424,79518.00959686161,875.5286305636207,0.0,22606.212660042904,18541.650948485716,10800.0,10543.757006832266,4
2025-06-18,M9,53935.730591646105,0.0,1974.7852969972062,55910.51588864333,55910.51588864333,0.0,2026.9417281497012,30.01002490200233,202.44709757297028,56112.9629862163,77254.08553568798,79281.02726383766,4261.534308923071,55.22366666666653,20185.63010157355,16119.741688423615,10543.757006832266,10800.0,2
2025-06-19,M9,51092.77071764231,0.0,1378.9204190992261,52471.69113674153,52471.69113674153,0.0,1230.7480721421769,122.05053359233,841.7321668154534,53313.423303556985,74174.74949806105,75405.49757020322,2391.717011564158,922.4980499999999,20809.625485428413,16855.796643197013,10800.0,10800.0,2
2025-06-20,M9,19050.240841025214,0.0,52.826358710845064,19103.067199736062,19103.067199736062,0.0,87.65807333422777,0.0,0.0,19103.067199736062,36032.98383406832,36120.64190740255,1098.8871831248437,9077.078293801193,18653.134634086917,15109.039053610404,10800.0,10800.0,0
2025-06-21,M9,18648.81032282044,0.0,410.15659995395754,19058.9669227744,19058.9669227744,0.0,488.27501741842616,0.0,0.0,19058.9669227744,36236.438314862055,36724.71333228047,2117.2530661290434,11612.428692402862,19264.690388150382,15604.399214401808,10800.0,10800.0,0
2025-06-22,M9,48042.9026016099,0.0,3081.0650580350284,51123.967659644935,51123.967659644935,0.0,2948.853386252948,39.02576084203497,273.00502043936996,51396.972680084305,69574.31635035198,72523.16973660493,859.2562286794838,194.05944999999997,21323.88799351315,17272.349274745662,10800.0,10800.0,3
2025-06-23,M9,48012.1388913936,0.0,2341.0278108067796,50353.16670220038,50353.16670220038,0.0,2277.9645284514963,32.63526678501398,226.68436909041253,50579.851071290796,69536.94118936957,71814.90571782106,744.9142334936178,0.0,21591.42183077513,17550.081079662672,10800.0,10732.189559183536,3
2025-06-24,M9,50619.871302723725,0.0,9323.479877481312,59943.35118020502,59943.35118020502,0.0,7226.244582808127,2036.790315609012,11133.342540418493,71076.69372062352,71813.89040358306,79040.13498639119,523.0876493372698,0.0,22231.663189095372,17946.617786432435,10732.189559183536,10800.0,11
2025-06-25,M9,49859.13096712615,0.0,2776.9957276352884,52636.12669476142,52636.12669476142,0.0,2640.098846547664,37.93005275846372,262.61035572578146,52898.7370504872,72588.84562850295,75228.94447505061,870.8284298022643,0.0,20834.86700705346,16876.24227571331,10800.0,10800.0,2
2025-06-26,M9,48392.57876673929,0.0,1969.1192758778611,50361.69804261715,50361.69804261715,0.0,2252.7498892727535,105.51028995709567,740.5956425179319,51102.29368513508,70887.45334367928,73140.20323295204,1771.1441767363697,0.0,20669.397435997053,16742.211923157607,10800.0,10800.0,4
2025-06-27,M9,17525.151562393057,0.0,127.06815619771734,17652.219718590775,17652.219718590775,0.0,185.3926191233836,0.0,0.0,17652.219718590775,34490.83835317523,34676.23097229862,705.2120933012151,10496.600595411586,19488.27587852186,15785.503461602711,10800.0,10800.0,0
2025-06-28,M9,17636.91567589354,0.0,196.55989064764998,17833.475566541187,17833.475566541187,0.0,300.8229347800834,0.0,0.0,17833.475566541187,34729.87534191447,35030.69827669456,472.034193962506,9138.472855830674,19611.288461250588,15968.023351015881,10800.0,10707.91144733011,0
2025-06-29,M9,47122.45809490912,0.0,5614.879073815385,52737.337168724516,52737.337168724516,0.0,5280.186469675597,19.223876843082053,131.44787806290927,52868.78504678742,68431.0982959104,73711.284765586,418.610506308009,0.0,21292.243189624347,17248.11358683661,10707.91144733011,10706.359665951346,2
2025-06-30,M9,48964.962357500845,0.0,2740.5401306272497,51705.502488128106,51705.502488128106,0.0,2900.8060789768383,55.903281297661465,388.86296531250014,52094.36545344061,71480.52139896894,74381.32747794579,365.27053952582054,0.0,21631.57860916049,17437.3023727762,10706.359665951346,10800.0,3
2025-07-01,M9,52413.54256578312,0.0,17598.348106001184,70011.8906717843,70011.8906717843,0.0,13498.292019512268,149.42983572852336,1262.9114938164205,71274.80216560073,69825.37289385956,83323.66491337183,1145.6960851702145,564.7078833333333,21008.303277761992,18112.156530498512,10800.0,9582.854582765221,5
2025-07-02,M9,54652.56783893435,0.0,12170.910834753773,66823.47867368814,66823.47867368814,0.0,10208.777984255728,272.8254005536462,2323.6579402555635,69147.1366139437,72067.37322865741,82276.15121291316,3719.412551462656,1500.0133500000006,18962.365405163677,14537.581059826194,9582.854582765221,10496.115603161194,7
2025-07-03,M9,61161.5401611599,0.0,7510.332830742685,68671.87299190261,68671.87299190261,0.0,6574.649155031894,42.087744302026636,368.9577374809895,69040.8307293836,79105.23504181331,85679.88419684522,1326.5157426014787,631.5654,21127.295106267975,17123.823241055547,10496.115603161194,10484.210930962872,2
2025-07-04,M9,24922.079346400085,0.0,2431.9759829503396,27354.055329350424,27354.055329350424,0.0,2437.3708165433864,0.0,0.0,27354.055329350424,41370.43108643334,43807.801902976724,183.17067063993096,11200.30672576981,19323.926535563936,15780.469495663618,10484.210930962872,10341.88981778862,0
2025-07-05,M9,25405.18259751565,0.0,1075.5095656390865,26480.692163154734,26480.692163154734,0.0,1402.1370841967807,0.0,0.0,26480.692163154734,43263.735461427554,44665.872545624334,135.9350910722012,11746.380687263385,20614.60990975308,16621.13310913099,10341.88981778862,10427.113059754178,0
2025-07-06,M9,64229.67283645068,0.0,5719.272077746772,69948.94491419746,69948.94491419746,0.0,4564.906779136244,24.42552717629553,205.74842816952543,70154.69334236698,82258.64388659733,86823.55066573358,2532.1017604186677,110.29295440698547,21452.640430857802,17041.04050277358,10427.113059754178,10800.0,1
2025-07-07,M9,66000.348977345,0.0,74.13058005363817,66074.47955739862,66074.47955739862,0.0,63.14221506915669,0.0,0.0,66074.47955739862,85662.44202462114,85725.58423969029,7798.9062093639695,1396.6463028993646,16423.94189873839,13303.3929379781,10800.0,10800.0,0
2025-07-08,M9,72000.51132422657,0.0,0.0,72000.51132422657,72000.51132422657,0.0,0.0,0.0,0.0,72000.51132422657,92664.20882139792,92664.20882139792,11623.429905925137,2185.683383333334,17282.676397225085,13998.96788175232,10800.0,10800.0,0
2025-07-09,M9,67798.49915449649,0.0,0.0,67798.49915449649,67798.49915449649,0.0,0.0,0.0,0.0,67798.49915449649,87727.86804716964,87727.86804716964,9342.714436163838,1105.6669951774388,16951.376837693217,13730.615238531509,10800.0,10800.0,0
2025-07-10,M9,63197.75067630348,0.0,138.636077190848,63336.386753494335,63336.386753494335,0.0,167.16232855953217,0.0,0.0,63336.386753494335,81367.15332635514,81534.31565491467,3985.199799116492,1109.544433333333,18873.41073227111,15287.4626931396,10800.0,10800.0,0
2025-07-11,M9,27883.99671598536,0.0,0.0,27883.99671598536,27883.99671598536,0.0,0.0,0.0,0.0,27883.99671598536,45004.69065479594,45004.69065479594,1159.874457376152,7633.427422984219,19434.7980233451,15742.186398909538,10800.0,10800.0,0
2025-07-12,M9,26315.11660320994,0.0,230.56240271996307,26545.6790059299,26545.6790059299,0.0,353.9532643904841,0.0,0.0,26545.6790059299,43643.28405121517,43997.23731560564,33.20299704404334,9446.917085998488,19404.87695717591,15972.003057946129,10800.0,10517.719197073742,0
2025-07-13,M9,57987.920269026654,0.0,630.912827588455,58618.83309661513,58618.83309661513,0.0,598.1581760550489,13.181621169710752,112.68381872940725,58731.51691534454,77180.17488756178,77778.33306361682,2309.302505619098,2361.1996166666663,18943.365472984977,15090.0733104842,10517.719197073742,10800.0,2
2025-07-14,M9,55457.72433680105,0.0,4203.602694215903,59661.327031016976,59661.327031016976,0.0,3474.4412754946807,72.68655015520164,615.4635258756821,60276.79055689266,72478.0513127554,75952.49258825008,437.016011886932,0.0,19998.398097266923,16217.914187415232,10800.0,10778.653634856633,4
2025-07-15,M9,61155.2176286013,0.0,0.0,61155.2176286013,61155.2176286013,0.0,0.0,0.0,0.0,61155.2176286013,80175.74978022676,80175.74978022676,3654.759783605486,176.41471666666666,18822.6998315381,15227.175134916826,10778.653634856633,10800.0,0
2025-07-16,M9,59852.30270189498,0.0,647.044703771883,60499.347405666864,60499.347405666864,0.0,773.2996434699219,27.11346046441065,226.19063111805414,60725.53803678492,77058.22946468795,77831.52910815788,1958.3002978769982,0.0,19819.888881115574,16054.109993703616,10800.0,10800.0,2
2025-07-17,M9,57518.87687970391,0.0,2794.733716461295,60313.610596165214,60313.610596165214,0.0,3070.3473955013415,12.231397522125008,101.76417870860072,60415.37477487382,74778.21381231694,77848.56120781829,915.7232295912038,0.0,22235.017416223913,18010.36410714137,10800.0,10800.0,2
2025-07-18,M9,26433.553578997202,0.0,0.0,26433.553578997202,26433.553578997202,0.0,0.0,0.0,0.0,26433.553578997202,44128.92149571445,44128.92149571445,807.8927984492414,8507.535706772576,18627.604686803323,15088.359796310688,10800.0,10800.0,0
2025-07-19,M9,26256.36344363057,0.0,29.675639046751176,26286.039082677325,26286.039082677325,0.0,51.60696899723894,0.0,0.0,26286.039082677325,44203.54819047731,44255.155159474554,434.16458105130243,13038.941015838764,19821.18591944465,16221.955406860166,10800.0,10614.672430988892,0
2025-07-20,M9,58282.43388232383,0.0,457.31318663701387,58739.74706896083,58739.74706896083,0.0,512.3719419066879,22.20042702858177,188.90343358620228,58928.65050254703,77241.56809313479,77753.94003504148,1763.267475415778,0.0,19768.94714672429,15846.05237673668,10614.672430988892,10800.0,1
2025-07-21,M9,59478.300323295276,0.0,1954.2411457242067,61432.54146901949,61432.54146901949,0.0,1886.8409449327264,27.68551464622567,239.71502856434498,61672.25649758383,77412.04427155886,79298.88521649159,1277.7534098466106,0.0,21363.515638374745,17304.44766708354,10800.0,10800.0,1
2025-07-22,M9,58210.31505100784,0.0,4987.071536925856,63197.386587933695,63197.386587933695,0.0,5404.520750225764,69.05575605957222,578.6076888185464,63775.994276752244,76082.87514951367,81487.39589973944,3527.7739336037007,249.3819333333331,20969.21669576473,16985.06552356943,10800.0,10800.0,3
2025-07-23,M9,59600.30484976292,0.0,492.73154365050914,60093.03639341343,60093.03639341343,0.0,523.2626394312554,76.66740907532153,645.5927513443311,60738.62914475776,78994.2335014841,79517.49614091538,932.9402919292243,406.62572835014475,21252.89691076133,17214.846497716677,10800.0,10800.0,3
2025-07-24,M9,59090.86377467867,0.0,1675.0375184947338,60765.901293173396,60765.901293173396,0.0,1602.8321358238804,15.643823559401994,129.86720127837566,60895.768494451775,77880.5656470081,79483.39778283196,1917.5906235408079,80.49678333333327,20444.643155353842,16560.160955836614,10800.0,10800.0,1
2025-07-25,M9,25358.958397047292,0.0,252.42576290237412,25611.38415994967,25611.38415994967,0.0,343.5975446229556,0.0,0.0,25611.38415994967,42637.96900754613,42981.56655216908,794.056083705616,12092.118848260523,19314.74627267226,15724.674219135979,10800.0,10711.411401920612,0
2025-07-26,M9,25541.946231928814,0.0,197.1560275398132,25739.102259468633,25739.102259468633,0.0,259.5132329760834,0.0,0.0,25739.102259468633,42822.04266518002,43081.555898156104,534.6719010808649,10291.633878405324,19603.175850041953,15817.0172980387,10711.411401920612,10779.806002470928,0
2025-07-27,M9,57103.98773438914,0.0,3745.9649187263335,60849.95265311548,60849.95265311548,0.0,3635.4013140654884,421.11946288316216,2342.6430069559483,63192.59566007143,75353.402013464,78988.80332752949,1369.4867428009888,0.0,22826.69289387107,18471.446646259406,10779.806002470928,10800.0,5
2025-07-28,M9,59762.65782884581,0.0,5768.464792935949,65531.12262178177,65531.12262178177,0.0,4533.8756788389765,0.0,0.0,65531.12262178177,78006.872672043,82540.74835088197,525.0033356886775,0.0,21372.988325578757,17312.12054371879,10800.0,10800.0,0
2025-07-29,M9,59987.32279811901,0.0,2045.1660224144305,62032.48882053344,62032.48882053344,0.0,2120.4694212582936,73.14633104136635,622.2804135247937,62654.769234058236,78899.2844790577,81019.75390031599,1044.7911747415612,0.0,20941.38477166208,16962.521665046283,10800.0,10800.0,4
2025-07-30,M9,58729.917424357656,0.0,3508.8237521206174,62238.741176478274,62238.741176478274,0.0,3725.398177577873,5.2939029490731855,44.5221465718396,62283.263323050116,76185.73386514794,79911.1320427258,1277.7648305707821,669.6040048114276,20346.331896277254,16480.52883598458,10800.0,10800.0,2
2025-07-31,M9,57719.08188095596,0.0,2466.4297451732905,60185.51162612924,60185.51162612924,0.0,2700.123542600004,130.71833578615747,1102.0011890330964,61287.512815162336,76475.40906866125,79175.53261126127,707.1360834321388,0.0,21927.436426228476,18023.317829279862,10800.0,10508.784084405788,7
2025-08-01,M9,24934.499914382763,0.0,1160.19110507458,26094.691019457347,26094.691019457347,0.0,1364.9804714126908,0.0,0.0,26094.691019457347,42170.866686972055,43535.84715838474,1157.2829109507998,17108.37908044533,19772.26934887982,15753.443848557868,10508.784084405788,10800.0,0
2025-08-02,M9,24574.20604034668,0.0,0.0,24574.20604034668,24574.20604034668,0.0,0.0,0.0,0.0,24574.20604034668,42047.33003575489,42047.33003575489,445.6429115345201,17179.807814097796,18709.82698351281,15214.972606723572,10800.0,10733.319166579779,0
2025-08-03,M9,52037.54064651385,0.0,166.7727298384763,52204.3133763523,52204.3133763523,0.0,153.9112242574372,245.4310761610285,2043.815774738778,54248.12915109108,68600.69542725154,68754.60665150898,1235.9881370253809,1654.080840333753,18737.043002765204,15466.554235787655,10733.319166579779,10411.597607082183,6
2025-08-04,M9,52314.84767714802,0.0,1203.4850527837914,53518.33272993182,53518.33272993182,0.0,1552.0723643914798,26.539691895714668,215.61366075741603,53733.946390689234,68239.82990251725,69791.90226690873,304.17816124983585,0.0,19731.824003132795,15633.215288911528,10411.597607082183,10800.0,2
2025-08-05,M9,52213.00111694947,0.0,749.5417485356448,52962.54286548511,52962.54286548511,0.0,1393.9823525078496,20.43469980887278,169.27046102850827,53131.81332651362,67802.78498985685,69196.7673423647,226.35856123222578,0.0,20202.809197936927,16364.27545032891,10800.0,10800.0,3
2025-08-06,M9,53584.4329390271,0.0,2461.4006107179694,56045.83354974507,56045.83354974507,0.0,2582.5559176525294,27.27988591543192,229.42675691203726,56275.2603066571,69367.56717272471,71950.12309037724,343.1625032079968,0.0,19910.54086375804,16390.699657340036,10800.0,10507.598269226652,3
2025-08-07,M9,53706.68431482922,0.0,547.9404747767627,54254.624789606,54254.624789606,0.0,544.6251118778763,60.694052434209425,517.5258560432464,54772.15064564925,71684.47010241475,72229.09521429261,2002.7581644831907,2971.733716495957,19285.003042377204,15357.69090662952,10507.598269226652,10800.0,3
2025-08-08,M9,23783.44777649805,0.0,37.16227881579302,23820.610055313842,23820.610055313842,0.0,55.11646839568857,0.0,0.0,23820.610055313842,41089.603512767106,41144.719981162794,156.0592994203787,21562.79056551961,20104.488208945862,16453.789342723052,10800.0,10612.051229470113,0
2025-08-09,M9,23834.67396174801,0.0,289.25470082348534,24123.928662571496,24123.928662571496,0.0,388.00094007174425,0.0,0.0,24123.928662571496,40642.87412755249,41030.875067624234,160.74281624096682,18468.21860325727,19316.202229953997,15836.217581828005,10612.051229470113,10400.835923286486,0
2025-08-10,M9,52369.38960567921,0.0,2567.295903236141,54936.68550891535,54936.68550891535,0.0,2282.8699575698474,68.3526534752192,577.8353447587156,55514.52085367406,67324.71453737142,69607.58449494126,318.1460097488971,0.0,19441.70747171277,15388.53538304517,10400.835923286486,10800.0,3
2025-08-11,M9,51322.99654189366,0.0,1233.0423326204545,52556.03887451409,52556.03887451409,0.0,1776.141742333985,148.42283926147252,1242.3561073301319,53798.39498184422,67410.30127674695,69186.44301908094,277.14725439777044,748.1067478706495,20666.092562648573,16917.734039907915,10800.0,10602.001039819357,5
2025-08-12,M9,52536.85708720935,0.0,3513.6692136345696,56050.526300843936,56050.526300843936,0.0,2965.0658487268906,134.15473131954263,1093.6060320045717,57144.13233284851,69217.17336596202,72182.2392146889,659.5377467652112,0.0,20649.33961828088,16753.027069037635,10602.001039819357,10571.932175119224,5
2025-08-13,M9,51898.896768541046,0.0,2710.4590281077094,54609.35579664876,54609.35579664876,0.0,3403.8783922691687,110.55469886404808,924.297673715306,55533.653470364065,68255.41926548089,71659.29765775005,1694.530612532542,0.0,19732.00658783616,15777.664293754595,10571.932175119224,10800.0,3
2025-08-14,M9,51588.69808273814,0.0,2349.494818026402,53938.19290076451,53938.19290076451,0.0,3140.794218196756,167.33021632401255,1117.0717042550027,55055.26460501951,67270.18321814471,70410.97743634146,741.5648971727455,11.226276325645586,22083.080621039517,18183.855125205755,10800.0,10470.489086484737,4
2025-08-15,M9,24167.70425819648,0.0,341.91725890334635,24509.621517099822,24509.621517099822,0.0,423.1643234671638,0.0,0.0,24509.621517099822,41100.58804425952,41523.752367726695,403.5890303989793,20322.81706001112,19198.56755286116,15560.948158877905,10470.489086484737,10459.257485306558,0
2025-08-16,M9,23920.218291150446,0.0,639.4982026278883,24559.716493778345,24559.716493778345,0.0,771.2119142261142,0.0,0.0,24559.716493778345,41010.63557974221,41781.84749396832,314.8708172669778,20720.9967868401,19123.16581248073,15306.466289286147,10459.257485306558,10662.921950665715,0
2025-08-17,M9,52344.77995595537,0.0,251.7240529078661,52596.50400886324,52596.50400886324,0.0,310.94318190089075,158.85201461282838,1324.2492920787538,53920.75330094199,68554.12084865035,68865.06403055124,779.7802615202525,1018.019792669153,20722.90594687967,16662.183572571666,10662.921950665715,10800.0,5
2025-08-18,M9,52154.825548158085,0.0,784.3957945207186,52939.22134267881,52939.22134267881,0.0,1099.5435361784635,242.17879747556617,2049.1269048632994,54988.348247542104,67981.53488747025,69081.0784236487,934.4196104580934,0.0,21024.852599997474,17030.130605997954,10800.0,10800.0,5
2025-08-19,M9,52362.28732317454,0.0,565.1174764207204,52927.40479959526,52927.40479959526,0.0,743.1526456400582,68.57523608148915,574.4426274423826,53501.84742703764,67940.63060618665,68683.78325182671,234.47067216135383,651.8830168138581,19125.20608725238,15576.8613383194,10800.0,10705.061769283362,3
2025-08-20,M9,53630.72383091587,0.0,4110.9466434293245,57741.67047434519,57741.67047434519,0.0,3395.8371099091323,1069.2900425959285,6082.470500101124,63824.140974446316,70133.1750815319,73529.01219144103,83.73045552807088,0.0,20759.067543106023,16895.186831263796,10705.061769283362,10615.792745563465,9
2025-08-21,M9,53618.72362449013,0.0,510.8037359897434,54129.527360479886,54129.527360479886,0.0,525.784403806022,25.7662892575637,213.64926202582757,54343.176622505714,71416.03617747224,71941.82058127827,1122.6232781156086,1269.0672333333332,18766.796561898278,15035.318686144727,10615.792745563465,10800.0,2
2025-08-22,M9,23669.102868048416,0.0,975.3917408755708,24644.49460892398,24644.49460892398,0.0,1290.6170169089721,0.0,0.0,24644.49460892398,40633.63260506978,41924.24962197875,139.2686627149409,17514.077479105203,19144.821263391677,16104.48718323307,10800.0,10136.464489015767,0
2025-08-23,M9,23700.666595027178,0.0,321.99749355292477,24022.664088580106,24022.664088580106,0.0,503.44547343988677,0.0,0.0,24022.664088580106,41601.4149197147,42104.86039315458,111.70884497669067,15458.270533951243,19160.759208660827,15155.884344434176,10136.464489015767,10541.276282994757,0
2025-08-24,M9,53225.24694987146,0.0,756.9768503503241,53982.2238002218,53982.2238002218,0.0,861.4384691741432,4.524539988844936,37.76181074689983,54019.9856109687,69173.42940400899,70034.86787318313,355.1538920470746,1826.882758814151,20599.39548599854,16475.629207021117,10541.276282994757,10774.47754592554,1
2025-08-25,M9,56963.38028853528,0.0,767.3868748133684,57730.767163348646,57730.767163348646,0.0,1009.0173786347074,24.156338775836048,202.52674429660942,57933.29390764525,76330.78461180185,77339.80199043656,1871.5523041041477,671.1679166666668,21185.1625426732,17137.01145089828,10774.47754592554,10800.0,1
2025-08-26,M9,54022.67164657586,0.0,160.7564087035294,54183.428055279386,54183.428055279386,0.0,207.57493537804817,28.695440373535007,241.08144939164546,54424.509504671034,70926.13861679428,71133.71355217232,1879.3123878630017,84.92185360021494,19312.40193552271,15643.045567773395,10800.0,10800.0,2
2025-08-27,M9,54149.486845942905,0.0,1926.731267173274,56076.21811311618,56076.21811311618,0.0,2898.6163206836973,19.478337740353936,164.6278414393171,56240.845954555494,71073.36056139876,73971.97688208244,1179.5769375541272,1172.2195885664946,20054.021693689247,16328.511866653724,10800.0,10705.82856137174,2
2025-08-28,M9,53712.986648471684,0.0,3866.770880493224,57579.7575289649,57579.7575289649,0.0,4354.2522520842585,95.27422369798273,808.4491598929185,58388.20668885782,71044.55920266829,75398.81145475255,725.4499688588604,0.0,20610.981218383728,16610.14049212539,10705.82856137174,10800.0,2
2025-08-29,M9,24877.374692141435,0.0,0.0,24877.374692141435,24877.374692141435,0.0,0.0,0.0,0.0,24877.374692141435,42680.51394632498,42680.51394632498,309.256646110955,16089.064221753428,19766.374330667037,16039.40160220643,10800.0,10768.179561815412,0
2025-08-30,M9,24699.036721964705,0.0,232.89364220090522,24931.93036416561,24931.93036416561,0.0,300.0576216312214,0.0,0.0,24931.93036416561,42084.571995636674,42384.6296172679,93.81408560191545,20518.16239685335,18578.3774575333,15318.444156054004,10768.179561815412,10468.22576686871,0
2025-08-31,M9,52607.00570702846,0.0,1707.9918441367076,54314.99755116517,54314.99755116517,0.0,2266.113796818618,127.010858188042,1058.0333770657485,55373.03092823092,69453.69764945356,71719.81144627217,1064.4115450838012,0.0,20195.741401183812,16059.953725140724,10468.22576686871,10800.0,5
2025-09-01,M9,48332.085309520546,0.0,0.0,48332.085309520546,48332.085309520546,0.0,0.0,0.0,0.0,48332.085309520546,72862.82284087512,72862.82284087512,12394.60194765702,4046.5233950296897,14987.173499237218,12139.610534382151,10800.0,10800.0,0
2025-09-02,M9,41604.938880819784,0.0,472.2656019176006,42077.20448273738,42077.20448273738,0.0,914.0814305387162,0.0,0.0,42077.20448273738,61807.57562691017,62721.65705744889,4539.203438037182,505.2096981451566,19049.937217192375,15430.449145925824,10800.0,10800.0,0
2025-09-03,M9,41904.685967925914,0.0,694.2322918931928,42598.91825981908,42598.91825981908,0.0,895.5277692436374,0.0,0.0,42598.91825981908,60371.4070842362,61266.93485347984,1792.4936179059432,426.87297240716975,18420.26849035114,14920.417477184412,10800.0,10800.0,0
2025-09-04,M9,40542.62579083937,0.0,841.2435288249327,41383.86931966429,41383.86931966429,0.0,1102.4964532602808,0.0,0.0,41383.86931966429,59495.46992411913,60597.96637737941,2076.8198329221614,623.5290684295692,20905.53645277726,16933.484526749584,10800.0,10800.0,0
2025-09-05,M9,18282.950107189576,0.0,0.0,18282.950107189576,18282.950107189576,0.0,0.0,0.0,0.0,18282.950107189576,36736.46144911063,36736.46144911063,3151.731920509357,23471.934308144424,17308.07133573779,14019.537781947609,10800.0,10800.0,0
2025-09-06,M9,17889.69122400336,0.0,63.829420857679146,17953.52064486104,17953.52064486104,0.0,124.6393944962308,0.0,0.0,17953.52064486104,36221.805856856176,36346.44525135241,3176.9950065687826,22127.702144544073,17477.181053892367,14156.516653652823,10800.0,10800.0,0
2025-09-07,M9,37669.76981151883,0.0,3387.5007659371936,41057.27057745604,41057.27057745604,0.0,3904.684336678007,301.65466187165293,1562.4034494659725,42619.67402692201,56244.12136930582,60148.80570598385,1739.7024737323263,0.0,19735.654091876342,15985.879814419835,10800.0,10800.0,4
2025-09-08,M9,33708.74431249379,0.0,14019.76238200015,47728.50669449396,47728.50669449396,0.0,11758.39637030037,443.6244587473208,2324.9549401713266,50053.46163466529,50609.28585982361,62367.68223012398,37.991929656548336,0.0,20760.39813600154,17382.652910120112,10800.0,10170.299533379039,8
2025-09-09,M9,36482.71672484695,0.0,4626.159794087511,41108.87651893445,41108.87651893445,0.0,4404.886293588088,10.640764962833352,55.57058587864411,41164.447104813094,54395.443539548425,58800.32983313652,82.80013421500314,1921.35646846156,20588.905672659595,16884.925943903476,10170.299533379039,9939.285812213253,3
2025-09-10,M9,38450.31290912571,0.0,7516.455731137343,45966.76864026306,45966.76864026306,0.0,8077.368954157113,953.614616420001,5098.621731886819,51065.39037214988,57419.15901270609,65496.52796686321,480.7371672589843,0.0,21547.729058493787,16894.322292469566,9939.285812213253,10560.772751002587,9
2025-09-11,M9,39681.05863074621,0.0,1369.654101935512,41050.7127326817,41050.7127326817,0.0,1416.5224660418826,0.0,0.0,41050.7127326817,59987.82567595092,61404.34814199279,1411.269349431735,2758.8034592957674,19571.851197433683,15833.661647501725,10560.772751002587,10582.48144257988,0
2025-09-12,M9,17030.264962877467,0.0,0.0,17030.264962877467,17030.264962877467,0.0,0.0,0.0,0.0,17030.264962877467,35157.48342506677,35157.48342506677,1005.4668107682744,18896.313682821856,18464.631735781717,14760.585004305081,10582.48144257988,10800.0,0
2025-09-13,M9,17417.198668409615,0.0,0.0,17417.198668409615,17417.198668409615,0.0,0.0,0.0,0.0,17417.198668409615,36019.51563924595,36019.51563924595,1585.5723361157106,23193.238929207808,17018.962582047865,13785.35969145877,10800.0,10800.0,0
2025-09-14,M9,41054.22653655501,0.0,2497.036853189849,43551.26338974485,43551.26338974485,0.0,3442.483096038821,0.0,0.0,43551.26338974485,60826.243808579224,64268.72690461804,494.19603619227485,0.0,19596.81719918981,15921.611080764036,10800.0,10746.456500644115,0
2025-09-15,M9,38732.90889515752,0.0,2065.012752046079,40797.921647203584,40797.921647203584,0.0,2167.6940262938942,1.1717666666667128,7.876615533333644,40805.79826273692,57761.80657046483,59929.50059675872,179.80780683376213,1538.7615239756797,20321.21968286064,17176.147283578022,10746.456500644115,9950.946122354224,1
2025-09-16,M9,43055.698389360965,0.0,1489.2881305762487,44544.98651993721,44544.98651993721,0.0,1519.4549351345618,13.092750000000137,88.18761655000094,44633.17413648721,63771.802401292334,65291.2573364269,346.2425363309029,1550.4167186539812,18624.42327537603,14708.50242726734,9950.946122354224,10370.146595451155,2
2025-09-17,M9,42378.50094502267,0.0,805.7724467605424,43184.273391783216,43184.273391783216,0.0,1193.424492489981,7.62916666666672,38.195422916666935,43222.46881469988,62797.50048146353,63990.924973953515,243.24298260948825,0.0,19766.736641536383,15971.543883525683,10370.146595451155,10414.049702249818,1
2025-09-18,M9,41167.739167884625,0.0,2726.797291956595,43894.53645984122,43894.53645984122,0.0,3847.2031357616593,2.4633999999999787,17.516005699999848,43912.05246554122,60907.69968197399,64754.90281773565,947.8962830757421,1446.5503409065018,18518.687239715273,15111.818762628529,10414.049702249818,10289.958481739648,1
2025-09-19,M9,16369.183834181573,0.0,492.85469911720014,16862.03853329877,16862.03853329877,0.0,697.2319784753909,0.0,0.0,16862.03853329877,34122.669151673865,34819.90113014925,133.1151437853407,14657.51482555048,18947.226611400314,15019.307767253551,10289.958481739648,10654.3426906071,0
2025-09-20,M9,15894.413233123792,0.0,251.4939693386946,16145.907202462491,16145.907202462491,0.0,461.5716237683632,0.0,0.0,16145.907202462491,33833.93293141892,34295.50455518729,209.3042909380049,14827.819992979288,19487.93082828931,15874.984290352648,10654.3426906071,10554.609002342318,0
2025-09-21,M9,44126.99297650865,0.0,987.2447161731711,45114.237692681825,45114.237692681825,0.0,1446.788949872598,0.0,0.0,45114.237692681825,65213.050840029624,66659.83978990221,2322.908958561691,2819.74659785707,17389.23147953504,14159.534729384906,10554.609002342318,10472.100967940623,0
2025-09-22,M9,44753.55180084856,0.0,204.14201127418838,44957.69381212276,44957.69381212276,0.0,305.5489600861721,19.555900000000065,128.01369518333377,45085.70750730609,65426.93591845386,65732.48487854004,611.8958203641596,1041.2662619119233,18823.624151499822,15338.765338569196,10472.100967940623,10370.29010588024,2
2025-09-23,M9,45449.44203194509,0.0,206.77039098664358,45656.21242293173,45656.21242293173,0.0,321.1717784818943,11.317700000000173,73.78176635000113,45729.99418928173,66761.81173503498,67082.98351351688,1164.0808689442,180.27580444022715,18670.385537767543,15037.056580968423,10370.29010588024,10465.796444350563,2
2025-09-24,M9,43443.741285130396,0.0,1819.714272836359,45263.455557966765,45263.455557966765,0.0,2508.239158523469,0.0,0.0,45263.455557966765,63258.29798738672,65766.53714591019,571.7130458306244,0.0,20162.1884210267,16030.589420947143,10465.796444350563,10800.0,0
2025-09-25,M9,44308.73741980694,0.0,1566.3138680601771,45875.051287867114,45875.051287867114,0.0,2054.134563609401,15.37166666666667,106.25664583333335,45981.307933700446,64811.4916557527,66865.62621936211,962.6356716752562,2312.1535,18148.497874664252,14877.738060310734,10800.0,10602.828020185905,1
2025-09-26,M9,16487.26962754924,0.0,0.0,16487.26962754924,16487.26962754924,0.0,0.0,0.0,0.0,16487.26962754924,35178.22915555679,35178.22915555679,367.0151596427345,13445.748597621876,18578.786139879096,14907.564241586908,10602.828020185905,10759.775277647193,0
2025-09-27,M9,16653.99182824638,0.0,427.55036167887874,17081.54218992526,17081.54218992526,0.0,640.9360874190157,0.0,0.0,17081.54218992526,34507.41059195064,35148.34667936966,138.5755676692812,14223.683684631253,19277.64008797123,16292.854910902102,10759.775277647193,10006.479233596749,0
2025-09-28,M9,45583.87219004118,0.0,2967.4761594457896,48551.34834948696,48551.34834948696,0.0,3896.565109947516,5.868333333333339,40.07191416666671,48591.42026365362,66605.26527767537,70501.83038762289,2044.5701862092653,413.3321837687258,20252.623655519186,15690.456471207617,10006.479233596749,10800.0,1
2025-09-29,M9,46207.752188970146,0.0,49.0093613541127,46256.761550324256,46256.761550324256,0.0,72.27052490416759,26.015016666666725,142.85538336666707,46399.61693369092,67486.63258621035,67558.90311111452,1355.19490356926,186.52396844446776,18753.263491017504,15469.955835250046,10800.0,10489.097324971257,2
2025-09-30,M9,46666.64470915818,0.0,1825.1592680305948,48491.80397718877,48491.80397718877,0.0,2392.3116545478497,0.0,0.0,48491.80397718877,68376.72182271017,70769.03347725802,1183.7404245159105,0.0,20438.451992366157,16275.33370629071,10489.097324971257,10800.0,0
2025-10-01,M9,43710.25630903157,0.0,0.0,43710.25630903157,43710.25630903157,0.0,0.0,0.0,0.0,43710.25630903157,67232.91462182323,67232.91462182323,7705.409504754782,6867.7012002466045,15780.43359730801,12782.151213819492,10800.0,10800.0,0
2025-10-02,M9,41403.27402295356,0.0,139.15537921711453,41542.429402170674,41542.429402170674,0.0,244.35988781949698,0.0,0.0,41542.429402170674,63492.10670583682,63736.466593656325,4883.325887151572,3829.4623165674443,17331.027754056013,14038.13248078537,10800.0,10800.0,0
2025-10-03,M9,14307.702425079702,0.0,270.0677098073439,14577.770134887049,14577.770134887049,0.0,413.44220235393783,0.0,0.0,14577.770134887049,32577.458172280843,32990.90037463478,2302.4960220016674,19637.08413684542,17021.929030461542,13787.762514673845,10800.0,10800.0,0
2025-10-04,M9,15157.403708613734,0.0,288.76979923924074,15446.173507852975,15446.173507852975,0.0,452.4022967368916,0.0,0.0,15446.173507852975,33289.229776568136,33741.63207330502,2014.1190770441951,15329.036967723268,17491.77882466139,14189.28522945716,10800.0,10776.728465020626,0
2025-10-05,M9,39986.520158899446,0.0,762.8166023255845,40749.33676122503,40749.33676122503,0.0,780.6901342444949,0.0,0.0,40749.33676122503,61170.09540250496,61950.78553674946,2148.4122344643674,1772.3152064017747,17227.11919860642,13933.02216938977,10776.728465020626,10800.0,0
2025-10-06,M9,39344.51332271825,0.0,2391.8147700531904,41736.32809277145,41736.32809277145,0.0,3105.3821878985054,0.0,0.0,41736.32809277145,59230.1998386472,62335.5820265457,966.6957089476992,0.0,19135.668776831564,15499.891709233561,10800.0,10800.0,0
2025-10-07,M9,39075.55322786471,0.0,3436.7798234366455,42512.33305130136,42512.33305130136,0.0,4199.8845744188075,0.0,0.0,42512.33305130136,59032.12441019115,63232.00898460994,1777.725751011349,0.0,19382.738071571614,15700.01783797301,10800.0,10800.0,0
2025-10-08,M9,36605.462526198404,0.0,2837.8525666571295,39443.315092855526,39443.315092855526,0.0,3302.8646675993627,0.0,0.0,39443.315092855526,56438.62564079017,59741.49030838952,76.38868624749546,0.0,20233.282213513092,17046.676258037725,10800.0,10069.202594342087,0
2025-10-09,M9,38344.30838052207,0.0,807.1049955455917,39151.413376067656,39151.413376067656,0.0,1197.3313245068543,0.0,0.0,39151.413376067656,59585.59085034966,60782.92217485652,284.3801434103798,581.3206071929021,21062.819249685555,16905.579508765648,10069.202594342087,10241.762687097256,0
2025-10-10,M9,13852.734309401845,0.0,911.2561278665748,14763.990437268416,14763.990437268416,0.0,1218.572894294202,0.0,0.0,14763.990437268416,32211.817019344082,33430.38991363828,48.9156017731068,19826.442194803203,19534.470030096127,15323.048829700825,10241.762687097256,10797.175903405083,0
2025-10-11,M9,14415.33241802307,0.0,68.74751923409575,14484.07993725717,14484.07993725717,0.0,155.42534383860846,0.0,0.0,14484.07993725717,32820.60107299016,32976.02641682877,248.41075057415406,15254.72471044628,17878.018021064,14511.440648588996,10797.175903405083,10763.569179486027,0
2025-10-12,M9,39501.46610786052,0.0,1027.9762008819453,40529.442308742466,40529.442308742466,0.0,1524.2125087897516,20.929933333333338,105.12059016666669,40634.562898909135,60752.51913320241,62276.73164199217,441.74647288088937,0.0,18720.548789390978,15379.589670279693,10763.569179486027,10523.63012296047,1
2025-10-13,M9,41585.97418248424,0.0,84.58245916269276,41670.55664164693,41670.55664164693,0.0,156.6777052193994,0.0,0.0,41670.55664164693,63623.76759118515,63780.44529640455,1194.86796989698,1691.9533577750722,19039.45147051014,15173.22280177764,10523.63012296047,10800.0,0
2025-10-14,M9,41946.795747119155,0.0,819.8410805045098,42766.63682762367,42766.63682762367,0.0,1436.0740903102453,0.0,0.0,42766.63682762367,64056.31745411959,65492.39154442984,923.342131062798,0.0,19974.842789651102,16179.622659617387,10800.0,10800.0,0
2025-10-15,M9,42157.59737993013,0.0,348.66498798704913,42506.262367917174,42506.262367917174,0.0,569.714032658577,0.0,0.0,42506.262367917174,64798.339536440435,65368.05356909901,322.123866127922,0.0,18831.687272971216,15705.78122000012,10800.0,10297.650523451732,0
2025-10-16,M9,42998.19217533911,0.0,1774.4304152080783,44772.6225905472,44772.6225905472,0.0,2233.985551247723,132.54536649663567,619.1033230079272,45391.72591355513,65264.44573249787,67498.4312837456,549.9870533024726,0.0,20879.633508801457,16765.116861861694,10297.650523451732,10461.413057082278,7
2025-10-17,M9,15031.476250959904,0.0,0.0,15031.476250959904,15031.476250959904,0.0,0.0,0.0,0.0,15031.476250959904,33970.76805137777,33970.76805137777,319.774751264117,14217.921159586544,17543.63533057902,14114.762506718576,10461.413057082278,10567.61540269387,0
2025-10-18,M9,14683.823197261161,0.0,103.58283177760651,14787.40602903877,14787.40602903877,0.0,160.83307106466975,0.0,0.0,14787.40602903877,33916.4944249986,34077.32749606328,84.02743706921956,14266.664327720136,18245.237130790276,14595.194666183022,10567.61540269387,10771.445857979536,0
2025-10-19,M9,43954.0457359772,0.0,1064.5170202710256,45018.562756248226,45018.562756248226,0.0,1730.7425907725137,138.52794204399328,701.4422254679909,45720.004981716214,66218.33373934712,67949.07633011963,642.1423026361714,0.0,20692.75389493342,17133.014458739304,10771.445857979536,10358.241631487052,6
2025-10-20,M9,45401.920010251764,0.0,315.0474709834264,45716.967481235195,45716.967481235195,0.0,495.06967551804496,0.0,0.0,45716.967481235195,68833.45349840478,69328.52317392283,791.2303974706907,0.0,20206.59766919686,16110.087259411383,10358.241631487052,10644.082578862684,0
2025-10-21,M9,45678.15380490712,0.0,1122.3767768789335,46800.53058178604,46800.53058178604,0.0,1627.0891989842564,0.0,0.0,46800.53058178604,68643.03285466346,70270.12205364772,266.27298823710794,0.0,19736.96807544581,16195.700360035196,10644.082578862684,10412.131224502584,0
2025-10-22,M9,45554.536701725796,0.0,714.4214095174863,46268.958111243286,46268.958111243286,0.0,1014.4621900057762,0.0,0.0,46268.958111243286,68577.49576520472,69591.95795521048,188.4515042780057,0.0,20427.06039205085,16578.450641118365,10412.131224502584,10375.984864994602,0
2025-10-23,M9,48068.15818738,0.0,78.91796360788379,48147.07615098789,48147.07615098789,0.0,128.79308626337627,0.0,0.0,48147.07615098789,72880.91566090434,73009.70874716772,4083.4226007635807,1937.7505333333331,18476.689812326098,14867.651232588623,10375.984864994602,10485.393215434073,0
2025-10-24,M9,14727.56302515212,0.0,223.8632399096038,14951.426265061718,14951.426265061718,0.0,346.1069246842268,0.0,0.0,14951.426265061718,34101.22598433638,34447.3329090206,48.451161742855675,12747.31103692406,17882.339389219058,14650.819395532038,10485.393215434073,10300.810448473403,0
2025-10-25,M9,14403.178596095988,0.0,314.37009251148663,14717.54868860747,14717.54868860747,0.0,435.805658574526,0.0,0.0,14717.54868860747,34111.33505782232,34547.14071639685,49.99626881266619,11651.151832714078,19121.424398148985,15673.864516612219,10300.810448473403,10094.687388349472,0
2025-10-26,M9,47054.79093685051,0.0,160.70565401323014,47215.496590863746,47215.496590863746,0.0,282.46006505533023,0.0,0.0,47215.496590863746,70767.72308268407,71050.1831477394,1305.9335402231454,1056.9372833333325,19284.554880343952,15141.554572827696,10094.687388349472,10626.837255294928,0
2025-10-27,M9,45267.42815156267,0.0,1658.0514254276427,46925.47957699031,46925.47957699031,0.0,2297.1254985786422,19.744933333333393,103.66090000000031,47029.14047699031,68008.00930148833,70305.13480006698,1920.132862369836,1469.9850341112942,19604.56729319043,16222.387122937915,10626.837255294928,10246.073238124194,1
2025-10-28,M9,46630.33811187127,0.0,1371.6534239210253,48001.9915357923,48001.9915357923,0.0,1852.5087293001554,0.0,0.0,48001.9915357923,69269.80127947083,71122.31000877099,1020.3682543818229,0.0,19615.781048060853,15486.260993671685,10246.073238124194,10693.319521743762,0
2025-10-29,M9,48003.005285376865,0.0,2088.6381368142193,50091.64342219109,50091.64342219109,0.0,2405.822542549557,0.0,0.0,50091.64342219109,71257.23020770532,73663.05275025488,611.7742381290674,0.0,20575.477217830725,16836.455505704904,10693.319521743762,10504.076233674856,0
2025-10-30,M9,47644.81220098159,0.0,158.70622151775498,47803.51842249935,47803.51842249935,0.0,242.44763446036507,3.641833333333352,18.13268816666676,47821.65111066602,69980.12354883293,70222.57118329329,606.6330300446105,1108.3490565146064,19410.705668228708,15687.292388161302,10504.076233674856,10543.38645934591,1
2025-10-31,M9,15633.17828193096,0.0,37.08468029971421,15670.262962230674,15670.262962230674,0.0,80.38184881897098,0.0,0.0,15670.262962230674,35317.237246830235,35397.6190956492,221.49447125520805,7802.06676894715,17735.70027966536,14265.934490885178,10543.38645934591,10654.47838783898,0
2025-11-01,M9,15386.343632298329,0.0,31.52392225144321,15417.867554549772,15417.867554549772,0.0,74.68314919044371,0.0,0.0,15417.867554549772,35401.63393963854,35476.31708882898,417.08524668018794,9063.275606484603,17662.559819734022,14210.642017403161,10654.47838783898,10761.17998404054,0
2025-11-02,M9,48903.37194627783,0.0,1499.1230669759952,50402.49501325383,50402.49501325383,0.0,1890.8959566635367,0.0,0.0,50402.49501325383,72048.38330421061,73939.27926087414,1367.2113429468507,0.0,20548.19632348195,16772.512338887973,10761.17998404054,10618.431854187658,0
2025-11-03,M9,50673.27513045626,0.0,141.57559664303483,50814.8507270993,50814.8507270993,0.0,234.66865016249767,0.0,0.0,50814.8507270993,74285.91840245988,74520.58705262239,821.2185884159172,582.8330383486948,18148.38848049123,14536.783337966786,10618.431854187658,10800.0,0
2025-11-04,M9,49033.465162661974,0.0,526.4053957239446,49559.87055838591,49559.87055838591,0.0,662.5991156779048,33.599550000000136,160.26007882500068,49720.13063721091,72116.67171611023,72779.27083178815,1236.430506019433,917.7853968225695,19168.701632896024,16090.119187283206,10800.0,10173.921261513964,2
2025-11-05,M9,51266.36122116633,0.0,188.63479980056442,51454.99602096689,51454.99602096689,0.0,296.15282955941007,0.0,0.0,51454.99602096689,74914.27146962033,75210.42429917974,776.5242760308878,447.37290364284775,20255.482478618338,15946.975425778994,10173.921261513964,10684.993908071585,0
2025-11-06,M9,49999.31663570003,0.0,3274.866573187352,53274.18320888739,53274.18320888739,0.0,3408.432748604073,0.0,0.0,53274.18320888739,72509.40296905814,75917.83571766221,387.4251390092471,0.0,21354.31866272312,17193.492634070157,10684.993908071585,10800.0,0
2025-11-07,M9,15940.53438657806,0.0,48.71510515870671,15989.249491736768,15989.249491736768,0.0,87.04566275119578,0.0,0.0,15989.249491736768,36173.768473598866,36260.81413635006,619.7575568454595,8907.45465812836,17974.42177917326,14559.281641130347,10800.0,10800.0,0
2025-11-08,M9,15997.869377757352,0.0,0.0,15997.869377757352,15997.869377757352,0.0,0.0,0.0,0.0,15997.869377757352,36209.466928590875,36209.466928590875,329.1120159177904,8846.117774210576,17139.959790018693,13896.929751556185,10800.0,10784.93075373218,0
2025-11-09,M9,51201.03829146466,0.0,852.9345028345176,52053.97279429919,52053.97279429919,0.0,1436.9901256761018,0.0,0.0,52053.97279429919,74489.93654872224,75926.92667439835,647.9103424145467,212.23583071594328,20474.060913292287,16754.09759535776,10784.93075373218,10595.92158085328,0
2025-11-10,M9,52195.31852444028,0.0,2513.504200593746,54708.82272503402,54708.82272503402,0.0,2827.6083058991717,0.0,0.0,54708.82272503402,75387.3596883099,78214.96799420906,600.8569292549477,0.0,21060.27016125843,17304.60219630431,10595.92158085328,10322.82895231441,0
2025-11-11,M9,52843.58335094769,0.0,252.44710537251413,53096.03045632019,53096.03045632019,0.0,361.89848410713523,2.0516666666667334,10.46965500000034,53106.500111320194,76316.73715231102,76678.63563641816,1028.5634613638695,227.5587583310578,19381.062218304498,15515.516801581267,10322.82895231441,10526.321835920395,1
2025-11-12,M9,51934.899720144334,0.0,1404.8291195870047,53339.728839731346,53339.728839731346,0.0,1477.6000921937537,11.773333333333426,60.579686666667136,53400.30852639801,75698.61934027256,77176.21943246633,1833.9417561067737,463.5332000000002,20448.88477348473,16514.354713791843,10526.321835920395,10581.035116732384,1
2025-11-13,M9,52120.386399767616,0.0,1475.49021989476,53595.87661966237,53595.87661966237,0.0,2102.1430961917713,2.010533333333342,10.126051133333378,53606.0026707957,74586.99194283327,76689.13503902503,347.40734992404265,160.46586666666644,20088.46268434637,16301.061645245383,10581.035116732384,10548.360815704815,1
2025-11-14,M9,15627.231472867874,0.0,322.7486201043123,15949.980092972182,15949.980092972182,0.0,455.78033420093647,0.0,0.0,15949.980092972182,35978.77086113144,36434.55119533237,202.81529028965576,5199.422575663718,17929.507944335342,14495.649914956342,10548.360815704815,10578.6402823218,0
2025-11-15,M9,16147.334518887352,0.0,407.42316211650194,16554.75768100385,16554.75768100385,0.0,538.3382020832936,0.0,0.0,16554.75768100385,36018.35590747559,36556.694109558885,277.8714829273871,4586.312816295515,18190.015722259508,14709.39282859019,10578.6402823218,10605.884622810694,0
2025-11-16,M9,53709.88850999036,0.0,1820.6010993983402,55530.4896093887,55530.4896093887,0.0,2065.5082257928743,0.0,0.0,55530.4896093887,76947.38035309614,79012.88857888902,662.9424443964107,0.0,20350.62182329693,16435.220072137643,10605.884622810694,10660.088628069432,0
2025-11-17,M9,53621.28070987921,0.0,1974.3256649662958,55595.60637484551,55595.60637484551,0.0,2125.1293053853983,0.0,0.0,55595.60637484551,76929.39062008898,79054.51992547436,2145.0681449076437,269.16134999999986,20097.97822366254,16153.442126429145,10660.088628069432,10800.0,0
2025-11-18,M9,54016.44252856859,0.0,1629.278703750978,55645.72123231956,55645.72123231956,0.0,2179.7212929650186,0.0,0.0,55645.72123231956,76728.64548863423,78908.36678159927,203.63471669676574,0.0,20922.069081652517,17107.888850083356,10800.0,10621.096784505758,0
2025-11-19,M9,54575.75693422671,0.0,4727.987018173302,59303.743952400015,59303.743952400015,0.0,3976.534179339932,0.0,0.0,59303.743952400015,76756.48535139572,80733.01953073563,1570.7015489186676,243.10676666666654,19607.78598539824,16056.886370247928,10621.096784505758,10427.119315533146,0
2025-11-20,M9,54294.328635776845,0.0,1125.6359574302978,55419.964593207136,55419.964593207136,0.0,1573.8573024721104,0.0,0.0,55419.964593207136,77769.17421085593,79343.03151332804,552.0089561348798,28.772050000000036,20611.03442018245,16641.859946322613,10427.119315533146,10486.09479778333,0
2025-11-21,M9,16419.30574625827,0.0,924.2666801489123,17343.572426407187,17343.572426407187,0.0,1042.9954709543308,0.0,0.0,17343.572426407187,36773.54120028784,37816.53667124217,518.0555975234588,4820.372067873783,17532.685564122417,13918.960624944153,10486.09479778333,10800.0,0
2025-11-22,M9,16762.77771058955,0.0,316.9484967624449,17079.726207351996,17079.726207351996,0.0,436.32629013823714,0.0,0.0,17079.726207351996,36937.55495722771,37373.88124736595,272.21729464637934,3707.8419525221043,17863.83983339606,14689.84731653193,10800.0,10555.403276132089,0
2025-11-23,M9,55481.6557047371,0.0,1908.5797635422866,57390.2354682794,57390.2354682794,0.0,1683.2717447029459,0.0,0.0,57390.2354682794,78764.74778437328,80448.01952907622,1136.5434402471074,0.0,20311.80396849825,16232.424163002464,10555.403276132089,10800.0,0
2025-11-24,M9,54681.957896464744,0.0,538.6324084464658,55220.59030491121,55220.59030491121,0.0,732.8718037642517,0.0,0.0,55220.59030491121,77393.67583731264,78126.54764107688,710.8991857752853,183.90513333333342,18776.975246080987,15707.175624112715,10800.0,10246.860361347643,0
2025-11-25,M9,57240.776269898444,0.0,12.521801910927117,57253.29807180937,57253.29807180937,0.0,21.57071819281157,0.0,0.0,57253.29807180937,81562.4305129755,81584.00123116831,1035.6205559033872,138.21707927995294,20737.613520732404,16496.1103914141,10246.860361347643,10581.700983991144,0
2025-11-26,M9,57062.157587551206,0.0,1083.7328104524843,58145.89039800369,58145.89039800369,0.0,1087.3008814723753,32.99316666666664,177.73418883333318,58323.624586837024,80285.47714554176,81372.77802701414,524.6685339627062,0.0,20694.818445242563,16571.38266885779,10581.700983991144,10794.390174867463,1
2025-11-27,M9,56759.75902473591,0.0,1581.4173578207588,58341.17638255666,58341.17638255666,0.0,1802.4270273590764,0.0,0.0,58341.17638255666,79518.19887150057,81320.62589885964,1531.3830876559587,214.0128166666666,20243.776426183227,16449.439164979536,10794.390174867463,10736.63433067733,0
2025-11-28,M9,16306.983396359592,0.0,240.63407103705745,16547.61746739665,16547.61746739665,0.0,369.20670641141515,0.0,0.0,16547.61746739665,37159.502277528256,37528.708983939665,192.47586655183989,2962.714619976499,18253.324424852086,14801.044477440755,10736.63433067733,10719.021338110038,0
2025-11-29,M9,16765.51262465845,0.0,191.6123035923967,16957.124928250843,16957.124928250843,0.0,381.38209203326227,0.0,0.0,16957.124928250843,37921.0063156998,38302.38840773306,192.5488030655423,0.0,17799.823022503606,14619.433517836083,10719.021338110038,10495.047038545415,0
2025-11-30,M9,59412.84607320313,0.0,1889.1059149021542,61301.95198810529,61301.95198810529,0.0,2015.5010731650568,0.0,0.0,61301.95198810529,82636.70288118097,84652.20395434603,302.57192970576546,0.0,20986.290935275756,16881.48702730216,10495.047038545415,10625.501072180088,0
2025-12-01,M9,63521.327474940736,0.0,12686.555516714468,76207.8829916552,76207.8829916552,0.0,8725.75878099455,234.87285452056295,1540.108201466539,77747.99119312175,83854.73977768698,92580.49855868155,2191.3028262287544,0.0,21937.325361063635,17612.18450742362,10625.501072180088,10800.0,4
2025-12-02,M9,66917.18387207965,0.0,10857.500742391323,77774.68461447099,77774.68461447099,0.0,7604.26608593347,105.95513179000034,752.2424516914057,78526.92706616239,86705.06980218945,94309.3358881229,1488.462261546258,0.0,22573.7832019298,18284.764393563135,10800.0,10800.0,3
2025-12-03,M9,69526.12302374869,0.0,6203.429478377306,75729.55250212595,75729.55250212595,0.0,4677.138726664391,19.607955587667448,139.14785682788204,75868.70035895384,89555.36917102893,94232.50789769331,3251.029610112297,0.0,20201.77724474753,16363.4395682455,10800.0,10800.0,1
2025-12-04,M9,71310.19061708363,0.0,3027.5756359641955,74337.76625304781,74337.76625304781,0.0,2215.8471052652467,99.52302405562716,711.3263872074065,75049.09264025521,91829.02594113893,94044.87304640416,3568.8620895947897,0.0,20022.76437297377,16218.439142108757,10800.0,10800.0,2
2025-12-05,M9,20782.227058810022,0.0,2219.446404399586,23001.673463209612,23001.673463209612,0.0,3068.653645021506,0.0,0.0,23001.673463209612,43456.22370762112,46524.877352642616,1773.0202117316285,0.0,18106.47082935613,14666.241371778473,10800.0,10800.0,0
2025-12-06,M9,21999.045698331152,0.0,3073.318577958783,25072.364276289944,25072.364276289944,0.0,3591.576764636042,0.0,0.0,25072.364276289944,44964.885195160736,48556.46195979678,1550.0816876469148,0.0,17588.155028858986,14246.405573375781,10800.0,10800.0,0
2025-12-07,M9,75264.37568001029,0.0,76.01309670926987,75340.38877671956,75340.38877671956,0.0,103.382792943107,24.548135287347577,177.21298863936215,75517.60176535892,95951.41992543076,96054.80271837387,4842.14995595269,0.0,18865.892882676562,15281.373234968023,10800.0,10800.0,1
2025-12-08,M9,78215.69860642038,0.0,0.0,78215.69860642038,78215.69860642038,0.0,0.0,0.0,0.0,78215.69860642038,100320.93541783595,100320.93541783595,8804.558726841384,0.0,19311.39775962055,15642.232185292647,10800.0,10800.0,0
2025-12-09,M9,75613.60130396804,0.0,0.0,75613.60130396804,75613.60130396804,0.0,0.0,79.69273598829386,586.9182513154767,76200.51955528352,98235.86908734904,98235.86908734904,7240.943646309183,0.0,19400.86268611307,15714.698775751589,10800.0,10800.0,3
2025-12-10,M9,72510.3806091507,0.0,897.4310686970379,73407.81167784773,73407.81167784773,0.0,1004.2450741469786,2.940943939618819,20.933638962206757,73428.74531680993,93584.50919377455,94588.75426792153,2237.046133734313,0.0,20879.10848136928,16912.077869909117,10800.0,10800.0,1
2025-12-11,M9,71200.3546159882,0.0,0.0,71200.3546159882,71200.3546159882,0.0,0.0,30.088760693825975,214.2018873793471,71414.55650336754,93904.32241203163,93904.32241203163,4237.127679945451,0.0,19663.30943568427,15927.280642904258,10800.0,10800.0,1
2025-12-12,M9,22430.28648427834,0.0,1537.3957880676753,23967.682272346017,23967.682272346017,0.0,1984.9769437383347,0.0,0.0,23967.682272346017,46228.97503440248,48213.951978140816,901.9035049935272,273.3966485243767,17495.99126994516,14171.752928655582,10800.0,10800.0,0
2025-12-13,M9,22894.340203239597,0.0,939.8156523153651,23834.155855554964,23834.155855554964,0.0,1409.2360282029786,0.0,0.0,23834.155855554964,46744.59288834152,48153.8289165445,949.0528566162603,0.0,17979.99813903652,14573.755462441617,10800.0,10788.93670019775,0
2025-12-14,M9,69922.55242554515,0.0,3456.981187133963,73379.53361267911,73379.53361267911,0.0,3241.1057760085046,40.90438201466441,304.79900258227184,73684.33261526137,90480.2382603747,93721.3440363832,732.2225856489924,0.0,22322.87927856244,18071.575245813554,10788.93670019775,10800.0,1
2025-12-15,M9,71802.0662328048,0.0,1716.8830756366688,73518.94930844146,73518.94930844146,0.0,1718.3510748804697,30.215768250311612,212.02404581243658,73730.97335425389,92910.68954676713,94629.0406216476,1211.86102789392,0.0,21319.202337410556,17341.36494207323,10800.0,10719.098834699253,1
2025-12-16,M9,72358.71619608135,0.0,395.5605154673328,72754.27671154868,72754.27671154868,0.0,626.5502642122227,16.538704149733462,119.12573773209517,72873.40244928078,93581.15464228432,94207.70490649654,981.6206512221248,0.0,20772.839386845335,16948.307760754513,10719.098834699253,10583.20121535504,2
2025-12-17,M9,71137.0186271322,0.0,378.2947457943011,71515.31337292651,71515.31337292651,0.0,520.0756828739554,43.8956745391032,321.14028384850724,71836.45365677502,92581.3636525637,93101.43933543767,1168.2635419024832,0.0,20753.88098480616,16968.656583398544,10583.20121535504,10407.631231237767,2
2025-12-18,M9,69174.1542456645,0.0,2198.9226527120886,71373.07689837663,71373.07689837663,0.0,1778.2232315246495,25.736527792521997,178.0611405988828,71551.13803897552,90726.39684643419,92504.62007795883,909.3561826719066,0.0,22005.796370675638,17751.062914262846,10407.631231237767,10489.444726776008,2
2025-12-19,M9,21729.052393560476,0.0,1278.3595620100916,23007.411955570566,23007.411955570566,0.0,1906.3842353452958,0.0,0.0,23007.411955570566,45176.792030641795,47083.17626598709,255.22936788811484,753.6619384432183,18189.869524345195,15023.975864689435,10489.444726776008,10167.020782365087,0
2025-12-20,M9,22385.16364750382,0.0,19.828612532445177,22404.99226003627,22404.99226003627,0.0,41.67425921068764,0.0,0.0,22404.99226003627,46819.96039299364,46861.63465220433,145.64805945306176,159.26580506749735,18502.99794827473,14802.62941059096,10167.020782365087,10372.352924044613,0
2025-12-21,M9,70931.28656590218,0.0,1531.364562645438,72462.65112854762,72462.65112854762,0.0,1743.3352195178704,17.092947782267856,123.56491951801432,72586.21604806563,92540.18766123365,94283.52288075151,622.772243491454,0.0,22395.680789557013,17755.619071181347,10372.352924044613,10800.0,1
2025-12-22,M9,70981.56409431853,0.0,1322.6931543334906,72304.25724865208,72304.25724865208,0.0,1338.9959633416374,47.07377598202936,331.1551696258873,72635.41241827796,91551.60867110934,92890.60463445097,465.21493889058615,0.0,21340.769147133058,17805.732758923965,10800.0,10222.544722504232,2
2025-12-23,M9,71160.12205038141,0.0,362.66361110596847,71522.78566148739,71522.78566148739,0.0,533.0763410649797,0.0,0.0,71522.78566148739,92747.15858784779,93280.23492891277,1678.7968288894285,0.0,21405.172460460366,17061.826893770354,10222.544722504232,10529.614499395948,0
2025-12-24,M9,69262.08405106806,0.0,850.9641862040442,70113.0482372721,70113.0482372721,0.0,1411.3457608687681,13.040803802896676,99.45119659638448,70212.49943386849,91019.83371667663,92431.17947754539,555.1892138024722,0.0,22326.43704184251,18291.965290963348,10529.614499395948,10299.001958206045,2
2025-12-25,M9,68463.5973971263,0.0,2078.778739695407,70542.3761368217,70542.3761368217,0.0,2325.216736385409,0.0,0.0,70542.3761368217,89937.43491966752,92262.65165605291,201.33353839679137,0.0,22354.483490439732,18105.613906116927,10299.001958206045,10300.688315027433,0
2025-12-26,M9,21697.469001408994,0.0,1464.96788130273,23162.436882711718,23162.436882711718,0.0,1924.8584711980204,0.0,0.0,23162.436882711718,45201.01078077478,47125.8692519728,76.64754991617855,0.0,19106.444722987762,15064.845454264472,10300.688315027433,10757.771394311449,0
2025-12-27,M9,21382.16265071403,0.0,712.4716511985953,22094.63430191264,22094.63430191264,0.0,1262.8823219061258,0.0,0.0,22094.63430191264,45493.57798368767,46756.46030559379,216.78996458908753,0.0,17888.271402761777,14687.410128423735,10757.771394311449,10537.871069659568,0
2025-12-28,M9,70013.37092784554,0.0,442.43162169170324,70455.80254953726,70455.80254953726,0.0,461.27155896952763,116.99850811685963,874.5758203309844,71330.37836986824,91935.63961318061,92396.91117215014,1700.2783476087827,0.0,20726.46130795029,16722.084725292065,10537.871069659568,10611.59210760143,3
2025-12-29,M9,69648.4562106434,0.0,1197.9147872057763,70846.37099784921,70846.37099784921,0.0,1314.172989026607,19.020919558900687,132.19539093435975,70978.56638878357,91343.92957687555,92658.10256590217,1421.4857998277046,0.0,20704.642573212666,16972.771154245966,10611.59210760143,10387.135807663975,1
2025-12-30,M9,67888.07728767616,0.0,1183.1317565989104,69071.20904427505,69071.20904427505,0.0,1086.2537493297555,54.20504858661593,396.5099304110956,69467.71897468614,90340.52132543114,91426.7750747609,998.1436794554522,0.0,21918.774691744595,17660.34084785253,10387.135807663975,10491.432088175749,1
2025-12-31,M9,68528.47484518445,0.0,2027.2036356277263,70555.67848081217,70555.67848081217,0.0,2093.823145390157,188.49097214483106,907.2361153504573,71462.91459616263,90120.46778128885,92214.29092667901,218.73142378467685,0.0,22246.999194455326,18709.37165274949,10491.432088175749,9725.540637908323,7
2025-02-01,M10,17796.20853369305,0.0,32.87871971743257,17829.087253410486,17829.087253410486,0.0,25.37165644189986,0.0,0.0,17829.087253410486,42392.13988912375,42417.51154556565,1546.7975755490365,2728.66626054171,19789.063734109503,16025.191957967934,10795.611481488042,10800.0,0
2025-02-02,M10,61919.97138931254,0.0,170.28358182218605,62090.254971134724,62090.254971134724,0.0,90.9561636739503,0.0,0.0,62090.254971134724,89276.88202723989,89367.83819091384,6465.907472563451,0.0,23924.488254475746,19378.835486125354,10800.0,10800.0,0
2025-02-03,M10,62560.756350587115,0.0,274.0423644730658,62834.798715060184,62834.798715060184,0.0,153.55094103942724,12.235511551412628,72.78905821935372,62907.587773279534,88499.91558886255,88653.46652990198,4128.265597010892,0.0,22739.57865496053,18419.05871051803,10800.0,10800.0,1
2025-02-04,M10,62283.08069768041,0.0,160.2386027906072,62443.31930047102,62443.31930047102,0.0,83.53592054561943,0.0,0.0,62443.31930047102,88353.02799839833,88436.56391894395,2489.044418859233,0.0,25301.980979812317,20549.32542972759,10800.0,10739.199071022658,0
2025-02-05,M10,58245.16079300995,0.0,2228.566322155706,60473.727115165675,60473.727115165675,0.0,1492.0505720506214,1165.2371684960376,6601.584411489638,67075.3115266553,83705.99799977736,85198.048571828,955.9999584024858,0.0,24440.67790135776,19781.819102769554,10739.199071022658,10756.010179167362,9
2025-02-06,M10,59940.14025258655,0.0,869.1023139358946,60809.24256652247,60809.24256652247,0.0,510.39646031571414,221.848161092353,1223.0929648421948,62032.33553136467,85645.24315777997,86155.63961809568,1505.8162707546498,0.0,24762.399931471893,20161.785639705166,10756.010179167362,10640.186073375215,7
2025-02-07,M10,15692.968140477164,0.0,276.4902237184396,15969.458364195603,15969.458364195603,0.0,219.41768505941286,541.2640748320334,2249.721288018698,18219.1796522143,38108.17853145175,38327.596216511156,305.32762752502447,2868.5019977179873,20559.1578603819,16669.80686094838,10640.186073375215,10621.420524442934,5
2025-02-08,M10,13585.723537967326,0.0,2405.7400846586934,15991.463622626019,15991.463622626019,0.0,2157.0142073901516,629.5595376079165,3109.6255370958165,19101.089159721836,34065.594441663634,36222.60864905379,40.47183152185664,988.8823666666668,22158.470072700475,17912.818800893954,10621.420524442934,10660.911588880084,5
2025-02-09,M10,54469.636406498925,0.0,5209.382987827331,59679.019394326286,59679.019394326286,0.0,3588.250104984151,1103.5004081965774,6092.168520516298,65771.18791484258,79856.66111984402,83444.91122482816,236.5794571145769,0.0,25218.267195656717,20461.850986413203,10660.911588880084,10621.96208006758,14
2025-02-10,M10,54714.05646396349,0.0,920.4496374576917,55634.50610142119,55634.50610142119,0.0,523.9424518518717,40.62680854051219,185.26349424535937,55819.76959566655,81398.71367004424,81922.65612189611,3428.70381667471,127.33024999999998,21989.847013805782,17909.23573337719,10621.96208006758,10513.673577629243,3
2025-02-11,M10,54351.85762047022,0.0,956.1979285037237,55308.05554897395,55308.05554897395,0.0,501.49306169571963,788.6460957092659,4099.663566992614,59407.71911596656,80637.79815980872,81139.29122150445,1935.4620203497861,0.0,24414.228177923764,19642.350014393174,10513.673577629243,10661.645588434885,12
2025-02-12,M10,54999.01724347316,0.0,621.3118746158133,55620.32911808897,55620.32911808897,0.0,346.4765961261239,67.09899706300071,316.562946338737,55936.89206442771,81629.10427414815,81975.58087027428,2012.7720898909026,58.95943333333321,24490.818482582505,19786.606271802782,10661.645588434885,10718.264142978267,4
2025-02-13,M10,54326.42808308704,0.0,921.4706163679398,55247.898699454985,55247.898699454985,0.0,490.94381438909045,0.0,0.0,55247.898699454985,81223.984689873,81714.92850426209,5966.87325989925,328.66348953389684,21138.68666759332,17048.773929431034,10718.264142978267,10800.0,0
2025-02-14,M10,14586.078495413678,0.0,895.204876735142,15481.283372148822,15481.283372148822,0.0,764.437875435641,0.0,0.0,15481.283372148822,35846.89215322277,36611.33002865841,325.3883780814731,2172.5115482745327,22692.780450714403,18381.152165078667,10800.0,10800.0,0
2025-02-15,M10,14800.761785783236,0.0,1384.486036014193,16185.24782179743,16185.24782179743,0.0,1199.1754594122856,0.0,0.0,16185.24782179743,35161.12233411067,36360.29779352294,119.02054248817717,3135.5794651124884,20878.368796628045,17052.762110705757,10800.0,10643.018460625512,0
2025-02-16,M10,55451.51678484037,0.0,995.0382734962744,56446.55505833664,56446.55505833664,0.0,527.0109263188581,14.050303401570659,75.07779622629282,56521.63285456294,81703.83241466094,82230.84334097979,2382.9347394104557,0.0,22859.45483965196,18374.875034681056,10643.018460625512,10800.0,1
2025-02-17,M10,54666.35719254528,0.0,1217.4526546063566,55883.809847151635,55883.809847151635,0.0,614.1999364360387,16.694513422821956,89.08192362417795,55972.891770775816,81485.42860355452,82099.62853999056,6028.021167226062,794.4812,21631.355365898242,17521.39784637758,10800.0,10800.0,1
2025-02-18,M10,50751.0073883881,0.0,2778.1071755283974,53529.114563916504,53529.114563916504,0.0,1655.732416785866,6.867537074033976,34.996968929277145,53564.11153284578,76773.31205727992,78429.0444740658,2249.8333813728873,95.83631069958756,21046.60281965274,17047.748283918714,10800.0,10800.0,1
2025-02-19,M10,50002.60741605344,0.0,2369.0533758482875,52371.66079190172,52371.66079190172,0.0,1415.7118848208115,653.3995528192572,3387.3944702701333,55759.05526217185,76272.10612035258,77687.81800517338,1146.8555559198635,0.0,22710.708519681262,18395.67390094182,10800.0,10800.0,8
2025-02-20,M10,51691.842721346045,0.0,1387.7723618241675,53079.61508317022,53079.61508317022,0.0,754.5674653934406,48.93628684981297,274.5570373708757,53354.172120541094,78087.93449498902,78842.50196038246,3712.7408651750984,0.0,22029.282361704434,17843.718712980597,10800.0,10800.0,1
2025-02-21,M10,14651.30035557575,0.0,1446.5478365213125,16097.848192097063,16097.848192097063,0.0,1197.0023611176248,0.0,0.0,16097.848192097063,35106.89822351109,36303.90058462871,932.9476639022081,5996.036330839093,20077.129245021468,16262.474688467391,10800.0,10800.0,0
2025-02-22,M10,14797.720113889703,0.0,1469.3396995923886,16267.05981348209,16267.05981348209,0.0,1205.477915453025,0.0,0.0,16267.05981348209,35174.95000764126,36380.42792309429,819.6313218439786,3753.8546704815235,20853.573933870783,16891.39488643533,10800.0,10800.0,0
2025-02-23,M10,51300.65901964051,0.0,1750.3114865527814,53050.97050619329,53050.97050619329,0.0,1020.7038397008778,29.431658781715328,151.88075573011116,53202.8512619234,77904.6975903117,78925.40143001257,3075.930110880193,83.60060317685588,22439.203638967894,18175.75494756399,10800.0,10800.0,2
2025-02-24,M10,49415.63828604498,0.0,844.8537325703734,50260.49201861535,50260.49201861535,0.0,474.9255339567401,41.82843512260297,213.72238925893987,50474.214407874286,75338.32933129973,75813.25486525646,2771.225726258658,760.5988499999997,21685.395302388155,17565.170194934406,10800.0,10800.0,1
2025-02-25,M10,48271.53983162383,0.0,955.8453268681236,49227.385158491954,49227.385158491954,0.0,516.8341691490836,53.59598144679228,276.7083989212772,49504.09355741323,75257.37044027567,75774.20460942475,4789.587154898639,1197.9663666666665,21152.230715646878,17133.306879673968,10800.0,10800.0,2
2025-02-26,M10,45927.21832918277,0.0,3303.91082842855,49231.12915761133,49231.12915761133,0.0,2493.266839731914,144.9210426728344,756.4637436099396,49987.592901221265,71343.15917596652,73836.42601569842,800.9023906013053,0.0,22976.824391771694,18611.227757335073,10800.0,10800.0,5
2025-02-27,M10,44689.39125797828,0.0,1322.3901907893073,46011.781448767586,46011.781448767586,0.0,813.1697785916089,1203.0427625507727,6535.540635097626,52547.32208386521,71388.8342298606,72202.0040084522,1831.991369936742,262.3258893687163,22916.55427209224,18562.408960394714,10800.0,10800.0,10
2025-02-28,M10,13472.466666647953,0.0,1547.8328145848898,15020.299481232842,15020.299481232842,0.0,1312.6296617590986,0.0,0.0,15020.299481232842,33903.89912697155,35216.52878873064,911.0865913578825,7112.192659510356,20529.76835717054,16629.112369308135,10800.0,10800.0,0
2025-03-01,M10,13869.949750485284,0.0,330.2471880329089,14200.196938518191,14200.196938518191,0.0,259.0478785997638,0.0,0.0,14200.196938518191,34124.7717091737,34383.81958777346,234.28764483440187,6607.543545692265,20438.012967965627,16554.790504052162,10800.0,10800.0,0
2025-03-02,M10,47760.134443680116,0.0,5015.942036328511,52776.07648000863,52776.07648000863,0.0,2824.743099964231,374.03648547498085,2077.8435767439187,54853.920056752555,73963.41092083277,76788.154020797,776.8635310575885,0.0,21545.806589859123,17518.786681311394,10800.0,10725.90739608277,7
2025-03-03,M10,49846.338940155794,0.0,1866.2023939586024,51712.541334114394,51712.541334114394,0.0,1032.607751900503,399.7638349110265,2226.2163212298897,53938.757655344285,76706.2511066288,77738.8588585293,1630.7427562367848,0.3536833333332652,24013.674557064864,19523.29493652798,10725.90739608277,10645.66456796561,8
2025-03-04,M10,48350.180882472996,0.0,2643.6305907119877,50993.81147318498,50993.81147318498,0.0,1608.5817924117061,0.6247333333334382,3.1064865000005213,50996.91795968498,74520.18414182012,76128.76593423184,2219.056231175272,600.6831000000002,20901.53428539794,16791.34088234138,10645.66456796561,10800.0,1
2025-03-05,M10,46773.72303813142,0.0,1945.7463569262748,48719.4693950577,48719.4693950577,0.0,1142.2374680150053,6.618300000000204,32.736535900001016,48752.2059309577,74077.65876899828,75219.8962370133,4475.592379217267,438.84349999999984,22008.456005944023,17826.84936481466,10800.0,10800.0,2
2025-03-06,M10,43478.42243984673,0.0,3746.3580442235784,47224.780484070296,47224.780484070296,0.0,2243.012013701115,137.44761773416815,736.3502574608003,47961.130741531095,69497.52732922703,71740.53934292815,1398.8970085218866,803.271483333333,21160.8239658602,17425.65963038644,10800.0,10482.897535511467,6
2025-03-07,M10,12767.57123842716,0.0,915.6491719409063,13683.220410368067,13683.220410368067,0.0,751.1072824411531,0.0,0.0,13683.220410368067,32518.889860156523,33269.99714259768,453.6538953681155,7784.44228053478,20127.4906069567,16017.875173595254,10482.897535511467,10800.0,0
2025-03-08,M10,11968.95403401578,0.0,3191.28128655014,15160.235320565916,15160.235320565916,0.0,2741.1272534876257,0.0,0.0,15160.235320565916,30301.55956310488,33042.68681659251,670.8187920698682,9504.707103285778,20021.165287211534,16217.14388264134,10800.0,10800.0,0
2025-03-09,M10,42534.10486723974,0.0,3050.8310260681496,45584.93589330789,45584.93589330789,0.0,1882.611767681151,0.0,0.0,45584.93589330789,69326.30798660073,71208.91975428187,2712.2509634904345,993.9696666666669,21943.02144276204,17773.847368637256,10800.0,10800.0,0
2025-03-10,M10,43051.14858892933,0.0,6589.229571110639,49640.37816003996,49640.37816003996,0.0,4677.449466726059,18.290836613168494,105.64850152061354,49746.02666156057,67487.96654012817,72165.41600685423,48.13168528998756,0.0,22374.584980885702,18281.081272708292,10800.0,10624.8139575657,3
2025-03-11,M10,41737.94670296965,0.0,3874.191243130761,45612.13794610041,45612.13794610041,0.0,2783.954946632516,0.0,0.0,45612.13794610041,66927.51063806086,69711.46558469337,932.5159796071148,696.7541901088615,20976.890404139693,16833.61378916229,10624.8139575657,10800.0,0
2025-03-12,M10,42734.86784618022,0.0,2774.438888112051,45509.30673429229,45509.30673429229,0.0,1816.945287189173,0.0,0.0,45509.30673429229,69051.90471628826,70868.85000347743,3206.1244335225733,1254.4558522423072,20909.131759890646,16936.396725511422,10800.0,10800.0,0
2025-03-13,M10,43205.84241111685,0.0,4468.817547511864,47674.65995862871,47674.65995862871,0.0,3546.4735741516934,115.23290238571434,542.2359605439044,48216.89591917262,68283.5640017047,71830.03757585639,238.31396880412728,0.0,22487.099613366583,18325.761120595274,10800.0,10676.432851368509,3
2025-03-14,M10,12405.506000500262,0.0,2150.16872152638,14555.674722026642,14555.674722026642,0.0,1768.4378136777002,0.0,0.0,14555.674722026642,31542.281698454837,33310.719512132535,1550.4426616179455,11937.113285791558,19381.721829586084,15587.984248196379,10676.432851368509,10800.0,0
2025-03-15,M10,12642.454557144112,0.0,2380.7455356044998,15023.200092748606,15023.200092748606,0.0,2003.008068919258,0.0,0.0,15023.200092748606,31189.817777248147,33192.825846167405,1151.9470355694384,7335.713861759821,19900.20946756921,16119.169668731061,10800.0,10800.0,0
2025-03-16,M10,42295.352447316654,0.0,3221.0203156638695,45516.372762980514,45516.372762980514,0.0,2186.739639985299,1.6400000000001,8.081100000000493,45524.45386298052,68177.39948624566,70364.13912623096,2770.490836855907,180.25728333333336,21389.389856359987,17325.405783651586,10800.0,10800.0,1
2025-03-17,M10,41198.58273602726,0.0,2029.5167362871412,43228.09947231441,43228.09947231441,0.0,1236.4415722513231,0.0,0.0,43228.09947231441,67911.0211170483,69147.46268929962,5800.969455003206,1826.6224166666661,19272.312548928552,15610.573164632136,10800.0,10800.0,0
2025-03-18,M10,41166.41764174993,0.0,1781.575219333222,42947.99286108316,42947.99286108316,0.0,1059.171910478983,746.3909602233405,3944.5609133607127,46892.55377444388,67231.07053952858,68290.24245000756,2880.757534516899,1049.8160319186873,20947.902511203403,16967.801034074757,10800.0,10800.0,7
2025-03-19,M10,38145.33926425742,0.0,3708.5339812655984,41853.873245523006,41853.873245523006,0.0,2962.767353580132,326.58069905635364,1655.2479723083036,43509.12121783131,62495.95758378819,65458.72493736832,2389.568973616015,0.0,20685.611646361358,16755.345433552695,10800.0,10800.0,3
2025-03-20,M10,40051.97525769847,0.0,3364.4787469853754,43416.45400468384,43416.45400468384,0.0,2200.1176660949313,0.0,0.0,43416.45400468384,65221.39456618436,67421.51223227929,1175.5434459916928,0.0,21247.40510326805,17210.398133647122,10800.0,10800.0,0
2025-03-21,M10,11458.670456824018,0.0,2594.270913139202,14052.941369963215,14052.941369963215,0.0,2243.5291315987897,0.0,0.0,14052.941369963215,29789.152883407776,32032.682015006565,1367.3764588764113,14854.968638864217,19878.27579262771,16101.403392028446,10800.0,10800.0,0
2025-03-22,M10,12212.683886571875,0.0,1675.3063171287806,13887.990203700654,13887.990203700654,0.0,1378.7452266852986,0.0,0.0,13887.990203700654,30587.8147913617,31966.560018047003,1321.6274010304774,11032.564047605005,19637.730716200964,15906.56188012278,10800.0,10800.0,0
2025-03-23,M10,39507.79104104368,0.0,2892.2209096577576,42400.01195070146,42400.01195070146,0.0,1946.8998201494342,0.0,0.0,42400.01195070146,65270.078806379846,67216.97862652928,3080.592384903259,1461.5238469788499,20553.38041042374,16648.238132443228,10800.0,10800.0,0
2025-03-24,M10,37888.663029014715,0.0,3428.403652586626,41317.06668160133,41317.06668160133,0.0,2130.140114269494,242.019416910463,1239.4198534584768,42556.48653505981,62620.7376519228,64750.8777661923,1497.019672566577,1499.426108001244,21041.86483790324,17043.910518701625,10800.0,10800.0,3
2025-03-25,M10,39076.93084231329,0.0,3047.881581195516,42124.8124235088,42124.8124235088,0.0,1988.3879006790255,109.47771480192007,551.9377988232338,42676.75022233204,64448.39831730685,66436.78621798588,912.6763975155949,614.13871173742,21417.495299305854,17348.171192437745,10800.0,10800.0,3
2025-03-26,M10,37253.11172431712,0.0,2889.953412382548,40143.06513669967,40143.06513669967,0.0,1936.3891916940938,0.0,0.0,40143.06513669967,61649.79848285769,63586.18767455178,2777.4766645574628,1412.9069335871832,20017.101103897236,16213.851894156762,10800.0,10800.0,0
2025-03-27,M10,37644.33808385058,0.0,2844.986679142266,40489.324762992845,40489.324762992845,0.0,1888.997519503442,0.0,0.0,40489.324762992845,62547.86142484887,64436.8589443523,1823.5347944467726,0.0,20507.024999502875,16610.690249597337,10800.0,10800.0,0
2025-03-28,M10,11570.860670515905,0.0,1578.3535964108771,13149.214266926785,13149.214266926785,0.0,1347.5410994303465,0.0,0.0,13149.214266926785,29831.407993254805,31178.949092685154,1282.300286739471,15306.773125751552,19831.552176460318,16063.557262932856,10800.0,10800.0,0
2025-03-29,M10,11406.034151085336,0.0,1788.4616873825187,13194.495838467854,13194.495838467854,0.0,1531.0018489581755,0.0,0.0,13194.495838467854,29652.057732375877,31183.05958133405,819.9153931603457,18886.3340835054,19840.00484913147,16070.403927796495,10800.0,10800.0,0
2025-03-30,M10,35628.04774224834,0.0,2123.986165992468,37752.03390824081,37752.03390824081,0.0,1390.767346393708,0.0,0.0,37752.03390824081,60299.026966274745,61689.794312668455,1593.1878341194338,811.9059061631833,20732.00459150446,16792.92371911862,10800.0,10800.0,0
2025-03-31,M10,34561.399640859876,0.0,4967.668431460252,39529.06807232013,39529.06807232013,0.0,4861.227132019656,0.0,0.0,39529.06807232013,56865.31966380949,61726.546795829134,786.3677809384674,32.8798562215768,20820.57723860932,16864.667563273557,10800.0,10800.0,0
2025-04-01,M10,38553.00716225609,0.0,3847.027893328389,42400.0350555845,42400.0350555845,0.0,3036.8835145395387,0.0,0.0,42400.0350555845,62735.017968923465,65771.901483463,1130.3000283153783,735.8797462414134,19457.211538102893,15760.341345863344,10800.0,10800.0,0
2025-04-02,M10,37242.432044514,0.0,4267.846945745314,41510.27899025929,41510.27899025929,0.0,3502.9318513602298,638.235922709522,3359.883465359052,44870.162455618345,61887.30710951645,65390.23896087668,1697.4013770730025,0.0,20503.88477112216,16608.146664608954,10800.0,10800.0,6
2025-04-03,M10,38347.209568480335,0.0,1074.6042323219062,39421.81380080224,39421.81380080224,0.0,651.520289085122,0.0,0.0,39421.81380080224,62679.805562833455,63331.32585191857,1907.6870098246618,1655.9758130646887,20548.067170329283,16643.934407966724,10800.0,10800.0,0
2025-04-04,M10,11078.555536100814,0.0,1005.8820651389124,12084.437601239726,12084.437601239726,0.0,830.1444796170728,0.0,0.0,12084.437601239726,29068.540500997966,29898.684980615042,857.876899479586,18812.54242922399,19986.649483744564,16189.1860818331,10800.0,10800.0,0
2025-04-05,M10,11352.363186347156,0.0,1349.0336316987293,12701.396818045883,12701.396818045883,0.0,1246.0906544109735,0.0,0.0,12701.396818045883,28874.018597899896,30120.10925231087,373.0392409428698,13890.546362575784,20065.308765573078,16252.900100114195,10800.0,10800.0,0
2025-04-06,M10,36290.24126921343,0.0,990.3785385253863,37280.61980773882,37280.61980773882,0.0,678.9372605739115,0.0,0.0,37280.61980773882,60138.92693589454,60817.86419646845,858.3016925131092,1467.3414739740538,21484.972438498036,17402.827675183416,10800.0,10800.0,0
2025-04-07,M10,34710.5139855081,0.0,2442.9034410424842,37153.41742655057,37153.41742655057,0.0,2265.313438957442,0.0,0.0,37153.41742655057,57238.2069237999,59503.52036275734,1304.2617316975243,1166.6751181161885,19946.65384005423,16156.789610443928,10800.0,10800.0,0
2025-04-08,M10,35545.771638050006,0.0,777.3803904348281,36323.15202848483,36323.15202848483,0.0,446.58350127396926,135.67250269458833,654.0768797683518,36977.22890825318,59268.20391765772,59714.78741893168,1374.6905092084462,182.24115005615909,21201.38129612023,17261.046650425225,10800.0,10702.302443813509,4
2025-04-09,M10,35409.3468046824,0.0,5355.473131700293,40764.819936382715,40764.819936382715,0.0,4855.691821877128,0.0,0.0,40764.819936382715,58782.89475084365,63638.58657272077,487.5900208237674,0.0,20944.452802065876,16927.767266835537,10702.302443813509,10743.679669188874,0
2025-04-10,M10,35829.28620529462,0.0,1907.0796654713104,37736.36587076593,37736.36587076593,0.0,1963.430235723266,0.0,0.0,37736.36587076593,59406.11258134707,61369.54281707034,2013.6795506893864,907.5132993172681,20721.17773333518,16733.46566627149,10743.679669188874,10800.0,0
2025-04-11,M10,10753.568856968579,0.0,1525.262532221858,12278.831389190438,12278.831389190438,0.0,1404.2595246649712,0.0,0.0,12278.831389190438,28205.90304631288,29610.162570977853,634.898291146176,19891.815279386406,19825.257019887387,16058.458186108785,10800.0,10800.0,0
2025-04-12,M10,11043.112825419194,0.0,829.342333609592,11872.455159028787,11872.455159028787,0.0,713.8124225766239,0.0,0.0,11872.455159028787,28553.152817570262,29266.965240146885,696.7389031929005,15818.201516341356,19615.075108487505,15888.210837874874,10800.0,10800.0,0
2025-04-13,M10,34222.86655755397,0.0,2291.016186475963,36513.88274402994,36513.88274402994,0.0,1779.0078246773423,0.0,0.0,36513.88274402994,57059.88124868182,58838.88907335916,566.4136077623783,0.0,21032.194643491857,17036.077661228403,10800.0,10800.0,0
2025-04-14,M10,34299.38200419088,0.0,1169.2430596351223,35468.625063826,35468.625063826,0.0,724.1716108604513,0.0,0.0,35468.625063826,57300.46321157287,58024.63482243332,1618.9592800216778,0.0,20408.651275850745,16531.0075334391,10800.0,10800.0,0
2025-04-15,M10,33291.90078426008,0.0,1120.5953151610295,34412.49609942111,34412.49609942111,0.0,951.0955510416184,0.0,0.0,34412.49609942111,55767.578298753986,56718.673849795596,1133.891531527748,1706.6826700365493,19677.2148152525,15938.54400035453,10800.0,10800.0,0
2025-04-16,M10,34250.42865602216,0.0,2963.0629454184646,37213.491601440626,37213.491601440626,0.0,2685.9808530799187,0.0,0.0,37213.491601440626,57097.99769124453,59783.978544324455,185.21521541455567,0.0,20100.90199426263,16281.730615352728,10800.0,10800.0,0
2025-04-17,M10,33177.160815570445,0.0,2049.1402520540473,35226.30106762451,35226.30106762451,0.0,2604.074186394284,0.0,0.0,35226.30106762451,55309.14687833409,57913.22106472838,946.9677115124115,0.0,21567.95264850509,17470.04164528913,10800.0,10800.0,0
2025-04-18,M10,10448.61429794712,0.0,1171.036419936295,11619.650717883416,11619.650717883416,0.0,1076.7660791896585,0.0,0.0,11619.650717883416,27819.84432481142,28896.610404001076,1043.1168787873225,17789.799153675853,19524.090464234585,15814.513276030011,10800.0,10800.0,0
2025-04-19,M10,10558.831279873717,0.0,619.3685836112901,11178.199863485006,11178.199863485006,0.0,532.9025475799162,0.0,0.0,11178.199863485006,27664.73166390664,28197.634211486555,679.8291094913111,16969.781316043773,19807.07650500774,16043.731969056269,10800.0,10800.0,0
2025-04-20,M10,33380.8647673739,0.0,1137.4993576071422,34518.364124981046,34518.364124981046,0.0,1147.7908485379146,0.0,0.0,34518.364124981046,55227.182272746504,56374.97312128442,502.414965393707,0.0,20604.28038188106,16689.467109323672,10800.0,10800.0,0
2025-04-21,M10,33467.6211505674,0.0,605.4617750118589,34073.08292557925,34073.08292557925,0.0,338.7332994082674,0.0,0.0,34073.08292557925,56617.61960119277,56956.35290060102,1485.1172409168,3205.569473274848,19730.293700400325,15981.53789732427,10800.0,10800.0,0
2025-04-22,M10,32284.913605650043,0.0,3248.030998435427,35532.944604085475,35532.944604085475,0.0,3667.316002259686,0.0,0.0,35532.944604085475,52741.77784610768,56409.09384836737,371.25026927207966,0.0,20446.917170676992,16562.002908248367,10800.0,10800.0,0
2025-04-23,M10,32331.84521724791,0.0,2556.679777751988,34888.524994999905,34888.524994999905,0.0,3042.4535551721438,0.0,0.0,34888.524994999905,53321.35557735129,56363.80913252344,1116.9919110106428,84.64996307078627,19801.318640922887,16039.068099147546,10800.0,10800.0,0
2025-04-24,M10,32169.373073181123,0.0,351.8418910184877,32521.214964199607,32521.214964199607,0.0,190.84177850919795,0.0,0.0,32521.214964199607,53489.03687573412,53679.87865424332,685.030895950572,2079.5955446727417,20132.344808526348,16307.199294906342,10800.0,10800.0,0
2025-04-25,M10,9862.365139035477,0.0,206.1024899471503,10068.467628982626,10068.467628982626,0.0,172.84144047696782,0.0,0.0,10068.467628982626,26859.772743708076,27032.61418418504,153.4634362736936,21132.925489064823,20049.253510062055,16303.38590121553,10800.0,10729.454935483041,0
2025-04-26,M10,10314.272686213391,0.0,599.286244030111,10913.5589302435,10913.5589302435,0.0,665.627674103888,0.0,0.0,10913.5589302435,26724.832179732966,27390.459853836855,84.70691700011685,23582.597926799994,20229.371874073608,16576.410497370198,10729.454935483041,10517.655736182407,0
2025-04-27,M10,30653.98328854074,0.0,2817.8582405260277,33471.84152906677,33471.84152906677,0.0,2187.756828747307,234.27945634482478,1194.602148152606,34666.44367721937,51040.24597448484,53228.00280323215,136.06787818230782,557.840810736135,21527.362737967323,17332.460350642126,10517.655736182407,10633.99292186175,3
2025-04-28,M10,32740.40774450514,0.0,6919.765537004528,39660.17328150968,39660.17328150968,0.0,6415.091505230235,180.15654291168283,911.8518792693033,40572.02516077898,54247.28670918519,60662.378214415425,216.08885007036963,0.0,20289.853790871814,16285.375200281745,10633.99292186175,10800.0,3
2025-04-29,M10,31766.042568374338,0.0,1258.8641393410214,33024.90670771536,33024.90670771536,0.0,1071.1221340726997,35.992720465559046,238.19982404106977,33263.10653175643,53387.43144345633,54458.55357752903,223.7142230253353,3168.278549570636,19312.314782799767,15642.974974067818,10800.0,10800.0,1
2025-04-30,M10,30656.590200162856,0.0,898.2094854202348,31554.799685583097,31554.799685583097,0.0,1073.2022020331806,0.0,0.0,31554.799685583097,51555.64069726741,52628.84289930059,514.2671581431016,0.0,20432.815769717254,16575.0944618931,10800.0,10772.762568419865,0
2025-05-01,M10,31611.402051675675,0.0,2863.580700231238,34474.982751906915,34474.982751906915,0.0,2318.1537466704253,1807.9763271443014,10996.028611039266,45471.011362946185,50755.50674788582,53073.66049455624,0.0,590.8684666666661,21068.010852054445,17788.621297020567,10772.762568419865,9968.83756080157,13
2025-05-02,M10,10889.086951746256,0.0,2124.414679296136,13013.501631042389,13013.501631042389,0.0,1987.9666818244175,1271.7910113887178,6755.801778462578,19769.303409504966,27265.65766878226,29253.624350606675,0.0,12091.89228845451,20579.33905175798,16436.13606155043,9968.83756080157,10227.869305661052,9
2025-05-03,M10,11174.881130350113,0.0,553.8426703511042,11728.723800701217,11728.723800701217,0.0,568.2859002407058,1234.3771646848572,5779.05681334142,17507.780614042636,27992.62056217357,28560.906462414277,2.9488869284778048,17226.902585912838,19976.66119203993,16278.400687782118,10227.869305661052,10119.752503183528,8
2025-05-04,M10,37218.71929882908,0.0,276.0765526075106,37494.79585143659,37494.79585143659,0.0,143.08562160590355,375.016998451423,1875.8951576234094,39370.69100906,60542.27788827091,60685.36350987681,2802.903930833095,3241.9934499999995,17951.458786344403,14670.642992182597,10119.752503183528,9975.350975135045,8
2025-05-05,M10,36411.87228601938,0.0,466.30367663878303,36878.17596265816,36878.17596265816,0.0,673.1865862092742,683.7635114689338,4348.813065604698,41226.98902826286,59273.66935984169,59946.855946050964,1059.492053706816,0.0,21468.08601216398,16972.965408350894,9975.350975135045,10437.777932359411,7
2025-05-06,M10,35627.08940750333,0.0,988.072294160308,36615.16170166364,36615.16170166364,0.0,1292.8209189047498,269.1063973631327,1371.3429038658473,37986.50460552949,56671.02263322691,57963.843552131664,987.4577311542065,967.2747611827454,20739.097487683393,17330.962397192212,10437.777932359411,9846.34078550534,7
2025-05-07,M10,35802.26879521973,0.0,1796.9398323930523,37599.20862761279,37599.20862761279,0.0,1811.0550994055247,843.5176058854415,5490.81587603749,43090.024503650275,57857.06397933188,59668.1190787374,579.0839823595437,402.39365917513874,20749.81176590561,16287.498672817448,9846.34078550534,10423.950627245446,7
2025-05-08,M10,39281.16862223617,0.0,33.4863604120338,39314.6549826482,39314.6549826482,0.0,17.516077108426202,0.0,0.0,39314.6549826482,62351.95161996215,62369.46769707058,1500.966087667804,909.7014257901476,19967.596569123816,15835.308785511195,10423.950627245446,10800.0,0
2025-05-09,M10,13088.475780627658,0.0,90.39543682487343,13178.871217452532,13178.871217452532,0.0,53.84045792005327,0.0,0.0,13178.871217452532,30773.897652944608,30827.738110864662,1032.441093703175,17544.93599534648,19741.974588500034,15990.99941668503,10800.0,10800.0,0
2025-05-10,M10,13272.852356708598,0.0,49.03471626464141,13321.887072973239,13321.887072973239,0.0,29.602291807565223,0.0,0.0,13321.887072973239,30501.61546109213,30531.21775289969,443.5497907230245,14236.232446422433,19633.63280221527,15903.242569794367,10800.0,10800.0,0
2025-05-11,M10,37249.34012906923,0.0,1103.9410459609912,38353.281175030206,38353.281175030206,0.0,1016.6463912930428,59.51626666666675,396.62748059166734,38749.908655621875,59927.613603836035,60944.259995129076,635.1498632008788,1340.3414356912037,19713.308413952505,16169.102534382178,10800.0,10576.30808991039,3
2025-05-12,M10,36141.74204750923,0.0,2307.8031295300802,38449.54517703931,38449.54517703931,0.0,2653.2379207337167,0.0,0.0,38449.54517703931,57819.811239248986,60473.04915998271,2426.8025898370006,2578.64265,17923.087936932352,14386.679250119974,10576.30808991039,10721.888066349533,0
2025-05-13,M10,36002.79585690127,0.0,260.9303589456621,36263.72621584693,36263.72621584693,0.0,129.42011206788288,0.0,0.0,36263.72621584693,58504.094705123665,58633.51481719154,1053.719017945752,749.3133441665232,19577.63067968178,15876.360991269172,10721.888066349533,10701.354576652944,0
2025-05-14,M10,35050.53711939277,0.0,1791.4381495577688,36841.97526895055,36841.97526895055,0.0,2479.34281595752,0.0,0.0,36841.97526895055,56889.683212286625,59369.026028244145,1409.1596934488166,1444.4425517423335,19294.131719495228,15792.856719775564,10701.354576652944,10518.454546670251,0
2025-05-15,M10,36440.95843983997,0.0,1784.736950921729,38225.69539076169,38225.69539076169,0.0,2339.432541605942,0.0,0.0,38225.69539076169,57202.73941645132,59542.17195805725,1634.6811745150178,1000.4850354377854,20466.08714091763,16324.139676146508,10518.454546670251,10800.0,0
2025-05-16,M10,12532.268661242324,0.0,312.2226940091605,12844.491355251483,12844.491355251483,0.0,225.8447832962558,0.0,0.0,12844.491355251483,29375.270608621147,29601.115391917403,842.229168895133,22327.9233927126,19555.033141980733,15839.576845004394,10800.0,10800.0,0
2025-05-17,M10,12976.135137592271,0.0,542.1639046426179,13518.299042234887,13518.299042234887,0.0,445.8259250984381,0.0,0.0,13518.299042234887,29598.146983034465,30043.972908132906,309.5664460698457,15476.651216975966,20047.137693440887,16238.181531687125,10800.0,10800.0,0
2025-05-18,M10,35759.08646931122,0.0,1405.0321438338362,37164.11861314506,37164.11861314506,0.0,1261.5840848097275,5.236666666666679,34.42846500000008,37198.54707814506,57730.65789728706,58992.241982096784,1739.3882110744887,0.0,18852.222829941948,15270.300492252976,10800.0,10800.0,1
2025-05-19,M10,34527.47077577939,0.0,227.38072368645527,34754.85149946584,34754.85149946584,0.0,134.90793094304587,79.23650000000009,550.829460833334,35305.68096029917,55620.18840584641,55755.09633678946,762.6961317182371,4062.9181947209463,18386.852422896205,14893.35046254593,10800.0,10800.0,2
2025-05-20,M10,33645.15340975955,0.0,4386.805409145381,38031.95881890494,38031.95881890494,0.0,3933.0241983079677,109.25973080922586,721.6615174844574,38753.620336389395,54294.31214543928,58227.33634374724,70.49317339598736,0.0,19944.308857198826,16205.600772705006,10800.0,10743.654890695598,2
2025-05-21,M10,34287.19026606238,0.0,2875.9223674600025,37163.11263352238,37163.11263352238,0.0,3265.496456126269,0.0,0.0,37163.11263352238,54071.2758902495,57336.77234637577,368.69187760706404,1828.8057462979466,20093.399814183846,16316.740375046415,10743.654890695598,10698.003195631707,0
2025-05-22,M10,33742.86452329192,0.0,1301.7395036529565,35044.604026944886,35044.604026944886,0.0,1707.1283547383002,2.57000000000005,16.86434000000033,35061.468366944886,53639.16367501236,55346.29202975065,422.23040981827535,0.0,21148.44041754872,17038.43961428301,10698.003195631707,10800.0,1
2025-05-23,M10,11645.568759624866,0.0,642.1673532416197,12287.736112866485,12287.736112866485,0.0,592.2123234799243,0.0,0.0,12287.736112866485,28310.130740999113,28902.34306447903,538.3034600373285,17954.54755926758,20992.332430741022,17003.789268900233,10800.0,10800.0,0
2025-05-24,M10,12246.823293298781,0.0,539.7776236670105,12786.600916965792,12786.600916965792,0.0,461.52418614623525,0.0,0.0,12786.600916965792,28943.422504815117,29404.94669096135,1063.9223102747562,20695.955195797338,20476.672639768025,16586.104838212108,10800.0,10800.0,0
2025-05-25,M10,33843.24382863543,0.0,862.0792772435916,34705.32310587905,34705.32310587905,0.0,815.8302388542477,0.0,0.0,34705.32310587905,54157.39739906414,54973.22763791839,705.1873872308234,2000.0125635941322,19717.715053345582,15994.697549585482,10800.0,10774.05738180493,0
2025-05-26,M10,32484.2311544221,0.0,5806.723683707972,38290.954838130085,38290.954838130085,0.0,6260.727426519397,670.8273094134826,3571.784837504012,41862.7396756341,51934.29308193161,58195.02050845101,355.64181743351855,0.0,21025.728617345547,17095.35556691457,10774.05738180493,10702.373618621958,5
2025-05-27,M10,33396.239648701165,0.0,2352.701793992042,35748.941442693205,35748.941442693205,0.0,3454.2052273890254,0.0,0.0,35748.941442693205,53168.82201668861,56623.02724407763,1774.0449393275717,1406.709878057494,20863.375702380705,16811.47057568813,10702.373618621958,10800.0,0
2025-05-28,M10,33849.29976853169,0.0,2140.297339102402,35989.597107634094,35989.597107634094,0.0,2527.864032681301,0.0,0.0,35989.597107634094,54515.40905905363,57043.273091734925,725.6939199199649,59.38229999999976,20970.38300955248,16986.010237737508,10800.0,10800.0,0
2025-05-29,M10,33334.8444486276,0.0,3809.5108622158505,37144.355310843464,37144.355310843464,0.0,4657.483716055887,149.80185925421284,1000.4248757790297,38144.78018662249,53914.51414634475,58571.99786240064,610.7513712406791,41.0249632298503,21413.33110718412,17453.431219999795,10800.0,10679.296640910383,3
2025-05-30,M10,12053.854390017234,0.0,574.8073478326522,12628.661737849881,12628.661737849881,0.0,746.8542684573129,0.0,0.0,12628.661737849881,28416.919084571688,29163.773353029006,404.422430649023,17970.776602593207,21493.200157576084,17300.859104455973,10679.296640910383,10800.0,0
2025-05-31,M10,11697.33654146418,0.0,663.3738061857076,12360.710347649885,12360.710347649885,0.0,563.3677503720643,0.0,0.0,12360.710347649885,28785.52246254434,29348.8902129164,1052.440716146881,16027.05702384634,20836.288583751768,16956.07766082859,10800.0,10712.57343556705,0
2025-06-01,M10,40781.17467678523,0.0,16585.079875246636,57366.25455203187,57366.25455203187,0.0,11919.98527213922,1685.3272140717595,10832.55923268522,68198.81378471709,60477.214008108334,72397.19928024756,176.5940736551073,0.0,18780.81718528165,16099.711064617426,10712.57343556705,9726.741052745609,12
2025-06-02,M10,44165.70883414274,0.0,9590.481742947974,53756.19057709072,53756.19057709072,0.0,5786.8397049123405,1203.8228839722028,7644.1905773936105,61400.38115448433,67173.05896792792,72959.89867284027,1462.7205247022798,0.0,21140.31644368927,17080.122861579082,9726.741052745609,9775.111561422524,12
2025-06-03,M10,49615.01521498886,0.0,2680.883333211097,52295.89854819998,52295.89854819998,0.0,2261.06174723597,172.42000762390558,1030.5225055688604,53326.421053768834,73943.03318513559,76204.09493237155,2953.8908984461445,1205.3162666666663,20627.847170910914,16602.906229361593,9775.111561422524,9892.500427062798,7
2025-06-04,M10,53126.61312196808,0.0,741.9205028004545,53868.53362476853,53868.53362476853,0.0,381.3972503016832,114.57301199923575,793.7049798836091,54662.23860465214,78434.43389319027,78815.83114349196,4821.113711808164,186.21663333333322,20544.911924942702,16267.098931259672,9892.500427062798,10308.366791444922,5
2025-06-05,M10,51786.28730497731,0.0,2067.6853859464095,53853.97269092373,53853.97269092373,0.0,1676.0645112517805,333.60159511027723,2223.339690885922,56077.31238180965,75474.95558810407,77151.02009935587,2133.578791600151,433.5601166666668,20991.719563432925,17223.554793900264,10308.366791444922,10063.631294200928,8
2025-06-06,M10,17201.315983691933,0.0,3390.595913141892,20591.911896833826,20591.911896833826,0.0,2379.4588854479516,993.315322090022,5744.2663911655545,26336.17828799938,34819.39960183561,37198.85848728356,16.498936770321507,3341.1302926770854,20613.749901893327,16634.200721967147,10063.631294200928,10133.560959274757,7
2025-06-07,M10,17889.41947066183,0.0,733.9973142880198,18623.41678494985,18623.41678494985,0.0,709.3865284544173,618.5985136014083,3905.2166951046956,22528.63348005455,36070.23284125515,36779.61936970957,48.02872094767628,2227.8612745755754,20502.83895172344,16507.02423060238,10133.560959274757,10244.977981823215,3
2025-06-08,M10,59636.95800097297,0.0,0.0,59636.95800097297,59636.95800097297,0.0,0.0,0.0,0.0,59636.95800097297,86364.47442998183,86364.47442998183,15996.812846913148,2031.5277999999998,13956.266842331052,10805.056325929045,10244.977981823215,10800.0,0
2025-06-09,M10,56523.83047145506,0.0,40.50632988942843,56564.33680134449,56564.33680134449,0.0,53.262761195829626,8.551392497199913,60.445517866457585,56624.78231921095,81189.47886155373,81242.74162274956,5774.529346280621,863.7589666666668,19369.957731400704,15689.665762434568,10800.0,10800.0,1
2025-06-10,M10,53444.21823511463,0.0,254.87707302262882,53699.095308137265,53699.095308137265,0.0,338.52600927541755,0.0,0.0,53699.095308137265,77708.22557901216,78046.75158828757,2062.7785373549705,134.39052915038496,22269.148886573115,18038.010598124223,10800.0,10800.0,0
2025-06-11,M10,53923.507843128325,0.0,5031.8903824790705,58955.39822560741,58955.39822560741,0.0,3811.3010967465702,247.88323420184548,1294.3862656995288,60249.784491306935,78434.12220148214,82245.42329822872,1973.7349053480048,0.0,23342.76479166261,18907.63948124671,10800.0,10800.0,3
2025-06-12,M10,54786.03713165521,0.0,1336.2919291039673,56122.329060759184,56122.329060759184,0.0,960.6682351059308,0.0,0.0,56122.329060759184,79194.98763529555,80155.65587040148,3474.1608841573097,89.91438333333338,21785.20615567105,17646.01698609355,10800.0,10800.0,0
2025-06-13,M10,17981.71089545812,0.0,228.11331411713516,18209.824209575258,18209.824209575258,0.0,132.3783260438973,0.0,0.0,18209.824209575258,35998.47371940943,36130.85204545332,226.31256046759316,4239.939027816661,20431.38500257416,17112.09824540509,10800.0,10174.8040074222,0
2025-06-14,M10,18761.928254564013,0.0,352.1864732529872,19114.114727817003,19114.114727817003,0.0,270.2316522288876,0.0,0.0,19114.114727817003,36212.034351364455,36482.266003593344,68.20204148221774,6561.26898077593,20350.547466423726,16691.09523508853,10174.8040074222,9944.635354882967,0
2025-06-15,M10,53373.47098208165,0.0,1108.4828843997948,54481.953866481446,54481.953866481446,0.0,1137.7601211680912,0.0,0.0,54481.953866481446,77578.57134961142,78716.3314707795,3206.67974663313,0.0,21646.57479056696,16763.897399753914,9944.635354882967,10800.0,0
2025-06-16,M10,53198.09484422166,0.0,2956.0053036501286,56154.10014787177,56154.10014787177,0.0,2466.212500825477,1.6679656828478073,11.249594547967037,56165.34974241974,77052.95177872281,79519.16427954829,2528.6563084440395,0.0,22621.700632212844,18323.577512092405,10800.0,10800.0,1
2025-06-17,M10,51364.71046353112,0.0,6051.296770414099,57416.00723394522,57416.00723394522,0.0,4713.305936166053,132.00801778042666,899.4229377882124,58315.43017173344,74867.96135901839,79581.26729518443,862.293476438974,0.0,23046.945073147308,18832.974453288087,10800.0,10616.723395512485,5
2025-06-18,M10,53295.990287543515,0.0,2311.0147768143866,55607.0050643579,55607.0050643579,0.0,2121.3681222276305,38.01822277434326,257.25920791020775,55864.26427226811,77391.36766500503,79512.73578723267,4419.375913687059,55.22366666666653,20962.18202955011,16814.41849989682,10616.723395512485,10800.0,3
2025-06-19,M10,50524.04024703261,0.0,1674.9454309804328,52198.985678013014,52198.985678013014,0.0,1149.597772980997,122.05053359233,841.7321668154534,53040.71784482847,74352.22979077228,75501.82756375326,2380.711536300482,922.4980499999999,21374.549005500623,17313.384694455504,10800.0,10800.0,2
2025-06-20,M10,18223.271180375283,0.0,183.23896917961767,18406.5101495549,18406.5101495549,0.0,110.58835356843429,0.0,0.0,18406.5101495549,35454.34997786054,35564.93833142897,1158.2788071056816,8143.797880562829,20327.793651370856,16465.512857610393,10800.0,10800.0,0
2025-06-21,M10,17811.03160889143,0.0,828.3678011273994,18639.399410018832,18639.399410018832,0.0,735.1376567732233,0.0,0.0,18639.399410018832,35658.31682076732,36393.454477540545,2222.1889037426654,10910.230319754706,20664.70975812198,16738.414904078803,10800.0,10800.0,0
2025-06-22,M10,47446.97082780575,0.0,3305.2881338322745,50752.25896163803,50752.25896163803,0.0,2877.8965895697697,39.02576084203497,273.00502043936996,51025.2639820774,69751.81224956212,72629.7088391319,822.5419759485134,194.05944999999997,22077.853021186504,17883.060947161077,10800.0,10800.0,3
2025-06-23,M10,47444.72788631881,0.0,2968.3468179322917,50413.07470425109,50413.07470425109,0.0,2326.7079029063693,32.63526678501398,226.68436909041253,50639.759073341505,69717.13878575574,72043.84668866212,842.2169795291336,57.40546619078327,21982.71164223513,17867.138132507913,10800.0,10732.064775225044,3
2025-06-24,M10,50078.62338378065,0.0,9300.145252811317,59378.768636591936,59378.768636591936,0.0,6866.601206879165,2321.951850729734,12755.924084736396,72134.69272132833,71989.20033957061,78855.80154644979,520.3503002930378,0.0,22776.15339257384,18387.542545687356,10732.064775225044,10800.0,12
2025-06-25,M10,49330.070916638484,0.0,2987.659870030851,52317.730786669315,52317.730786669315,0.0,2516.664698466221,66.25367592707323,460.4225399353503,52778.15332660467,72867.1179285469,75383.7826270131,878.5469496525941,0.0,21758.25256116283,17624.1845745419,10800.0,10800.0,3
2025-06-26,M10,47759.605164630106,0.0,2239.913008518202,49999.518173148295,49999.518173148295,0.0,2431.8409495807264,105.51028995709567,740.5956425179319,50740.11381566623,71106.93272009895,73538.77366967968,2031.8746430704764,0.0,21664.505284945313,17599.479801712347,10800.0,10743.077198992612,4
2025-06-27,M10,16706.627889502033,0.0,513.1734064315003,17219.801295933532,17219.801295933532,0.0,449.5986956098157,0.0,0.0,17219.801295933532,33926.70004045416,34376.298736063975,767.4246304443625,9793.59214053396,21012.660934275522,16969.02483585653,10743.077198992612,10800.0,0
2025-06-28,M10,16876.1262295594,0.0,502.7245599381299,17378.85078949753,17378.85078949753,0.0,477.4089646883764,0.0,0.0,17378.85078949753,34118.76221751583,34596.17118220421,368.13017817477765,8435.018421802228,21137.3498187397,17121.25335317916,10800.0,10800.0,0
2025-06-29,M10,46507.46757805138,0.0,5919.976386632581,52427.44396468397,52427.44396468397,0.0,5249.432500106916,19.223876843082053,131.44787806290927,52558.891842746874,68512.91639933783,73762.34889944475,468.4415642214791,0.0,21932.31949133268,17886.956812599652,10800.0,10664.691083755353,2
2025-06-30,M10,48300.40299829706,0.0,2722.4249940515147,51022.827992348575,51022.827992348575,0.0,2543.4595859964934,326.01702540396275,1744.2661004207462,52767.09409276932,71840.60348606238,74384.06307205887,365.80957596317444,0.0,22867.413229190184,18400.826691023856,10664.691083755353,10800.0,6
2025-07-01,M10,51619.37472707262,0.0,17780.933403204886,69400.30813027751,69400.30813027751,0.0,13527.943221702446,235.69658061281837,1968.1852666179743,71368.49339689549,70050.76718908758,83578.71041079002,1311.6338853949612,399.4202081499411,22312.775186550687,19075.966322026085,10800.0,9685.97953231108,6
2025-07-02,M10,53998.14740489364,0.0,12183.43714225193,66181.58454714558,66181.58454714558,0.0,10308.641406645784,272.8254005536462,2323.6579402555635,68505.24248740115,72123.88973187172,82432.53113851752,3760.1912474629044,1500.0133500000006,20012.90504328419,15472.519468342607,9685.97953231108,10505.905773108394,7
2025-07-03,M10,60449.57981843757,0.0,7726.471132400569,68176.05095083814,68176.05095083814,0.0,6571.777279200095,55.80991357593257,479.9769479915255,68656.02789882966,79309.98068135045,85881.75796055055,1354.0260598507557,631.5654,21961.825931081527,17770.26845013914,10505.905773108394,10526.80638870494,3
2025-07-04,M10,23963.672453834275,0.0,2654.0325260481736,26617.70497988245,26617.70497988245,0.0,2510.2270736776363,0.0,0.0,26617.70497988245,40804.47492224837,43314.70199592601,183.17067063993096,10466.816411120035,20766.451435908926,16982.60398840955,10526.80638870494,10347.05269390125,0
2025-07-05,M10,24487.236469296648,0.0,1197.3792740829044,25684.61574337955,25684.61574337955,0.0,1518.1258726631168,28.562288637083384,121.30685728902229,25805.92260066857,42724.13745094821,44242.263323611325,147.26103072295484,11028.792263179872,22126.714388285283,17822.022036606366,10347.05269390125,10458.848936017603,2
2025-07-06,M10,63555.32958167437,0.0,6413.924639374343,69969.25422104873,69969.25422104873,0.0,4616.307002115395,24.42552717629553,205.74842816952543,70175.00264921825,82421.3989916265,87037.7059937419,2649.4646677366977,139.81257945684752,21957.03561126571,17478.162887541064,10458.848936017603,10800.0,1
2025-07-07,M10,65263.56609586313,0.0,79.27093379711893,65342.83702966024,65342.83702966024,0.0,62.74992452727463,0.0,0.0,65342.83702966024,85954.45557357109,86017.20549809837,7925.392086988185,1284.4422176732837,17883.623298790764,14485.734872020517,10800.0,10800.0,0
2025-07-08,M10,71147.75991056401,0.0,0.0,71147.75991056401,71147.75991056401,0.0,0.0,0.0,0.0,71147.75991056401,92990.87322500764,92990.87322500764,11800.985650781764,2040.8538365506136,18829.71958425578,15252.07286324718,10800.0,10800.0,0
2025-07-09,M10,67011.65170359505,0.0,0.0,67011.65170359505,67011.65170359505,0.0,0.0,0.0,0.0,67011.65170359505,87995.61629824936,87995.61629824936,9498.00812778848,962.0324679399328,18299.2141360752,14822.363450220913,10800.0,10800.0,0
2025-07-10,M10,62422.28369923387,0.0,150.84649783952733,62573.1301970734,62573.1301970734,0.0,174.56054833018266,0.0,0.0,62573.1301970734,81688.86158545295,81863.42213378314,4084.0783564981675,1044.2651379673682,20428.71187360147,16547.25661761719,10800.0,10800.0,0
2025-07-11,M10,26924.096489424708,0.0,0.0,26924.096489424708,26924.096489424708,0.0,0.0,0.0,0.0,26924.096489424708,44378.48290369618,44378.48290369618,1159.8744573761537,6798.382010583407,20533.943609140148,16632.494323403524,10800.0,10800.0,0
2025-07-12,M10,25356.204732699047,0.0,298.8882074423667,25655.092940141407,25655.092940141407,0.0,405.38857736613045,0.0,0.0,25655.092940141407,43134.28561945746,43539.67419682359,35.70541944710391,8688.477473668245,20985.935027131745,17254.687056756833,10800.0,10515.467016910989,0
2025-07-13,M10,57157.222318001666,0.0,628.4245249305029,57785.6468429322,57785.6468429322,0.0,596.0082685341229,39.93533805213906,344.70542839226675,58130.35227132447,77477.09063585915,78073.09890439326,2397.111075597529,2328.997394567832,20332.24046052594,16213.035088245902,10515.467016910989,10800.0,3
2025-07-14,M10,54808.34913432412,0.0,4535.697410160707,59344.046544484845,59344.046544484845,0.0,3425.7335031550956,107.38184497719305,804.2648138702026,60148.31135835505,72639.45110285023,76065.18460600532,456.13152570540115,0.0,20572.398466370785,16663.64275776033,10800.0,10800.0,7
2025-07-15,M10,60441.26641232046,0.0,0.0,60441.26641232046,60441.26641232046,0.0,0.0,0.0,0.0,60441.26641232046,80317.49300276797,80317.49300276797,3676.397127592344,176.41471666666666,19555.950395661184,15840.319820485556,10800.0,10800.0,0
2025-07-16,M10,59180.85507845654,0.0,698.0882785938281,59878.94335705037,59878.94335705037,0.0,775.5998909726804,27.11346046441065,226.19063111805414,60105.133988168425,77220.8905298778,77996.49042085047,1963.8867853547654,0.0,20658.703750667348,16733.550038040554,10800.0,10800.0,2
2025-07-17,M10,56828.922651473295,0.0,3254.366169156209,60083.2888206295,60083.2888206295,0.0,3055.4740221779766,45.84683299470544,384.85656854093685,60468.14538917044,74941.5253667014,77996.99938887938,999.5963370572345,0.0,22751.75693763255,18428.923119482366,10800.0,10800.0,3
2025-07-18,M10,25520.986692699178,0.0,0.0,25520.986692699178,25520.986692699178,0.0,0.0,0.0,0.0,25520.986692699178,43538.16819594729,43538.16819594729,807.8927984492436,7678.395926660129,19882.270372831183,16104.639001993259,10800.0,10800.0,0
2025-07-19,M10,25266.89131849119,0.0,36.170151894482295,25303.061470385674,25303.061470385674,0.0,51.60696899723837,0.0,0.0,25303.061470385674,43687.35887785676,43738.96584685399,489.86311631266483,12206.377608386252,21415.796336627696,17555.890264472615,10800.0,10567.671964662015,0
2025-07-20,M10,57653.39330819839,0.0,464.90949552556447,58118.30280372394,58118.30280372394,0.0,511.78053153002907,22.20042702858177,188.90343358620228,58307.20623731014,77452.62837010856,77964.40890163858,1764.1070898682933,0.0,20649.62521225282,16517.101190120604,10567.671964662015,10800.0,1
2025-07-21,M10,58831.17915053948,0.0,2304.312868065486,61135.49201860497,61135.49201860497,0.0,1832.6621366575018,27.68551464622567,239.71502856434498,61375.207047169315,77571.53229736406,79404.19443402156,1278.8479893449196,0.0,21912.013733278258,17748.73112395539,10800.0,10800.0,1
2025-07-22,M10,57613.57873329196,0.0,5057.748935993834,62671.32766928579,62671.32766928579,0.0,5406.507809341549,90.10703044510092,752.9964458282661,63424.324115114054,76238.85853989102,81645.36634923257,3570.069959478485,249.3819333333331,21688.825632627297,17567.948762428103,10800.0,10800.0,4
2025-07-23,M10,58970.118738559984,0.0,495.38939142246466,59465.50812998244,59465.50812998244,0.0,523.0417710603507,108.5454929170611,919.6805162156079,60385.18864619805,79189.38023858538,79712.42200964573,980.9073213586561,406.62572835014475,22207.127803932635,17990.240467745316,10800.0,10797.2589482668,4
2025-07-24,M10,58501.46494492673,0.0,1660.6396958613502,60162.10464078809,60162.10464078809,0.0,1513.9810182949338,15.643823559401994,129.86720127837566,60291.97184206647,78031.82847017673,79545.80948847166,1835.430518128258,80.49678333333327,21192.56349478734,17163.509484217866,10797.2589482668,10800.0,1
2025-07-25,M10,24562.068720695217,0.0,292.58471205692655,24854.653432752144,24854.653432752144,0.0,395.6372740924031,0.0,0.0,24854.653432752144,42163.69375377544,42559.33102786785,809.6385128649702,11393.606680201123,20719.769469497995,16869.00320136291,10800.0,10704.455632144969,0
2025-07-26,M10,24740.438483879934,0.0,210.0521493153054,24950.490633195244,24950.490633195244,0.0,301.9713689095593,0.0,0.0,24950.490633195244,42365.46378297193,42667.435151881495,587.5566700547802,9597.536693068325,20990.902903511753,16977.652681420033,10704.455632144969,10732.209710394405,0
2025-07-27,M10,56554.916354019304,0.0,3423.2748043902648,59978.191158409565,59978.191158409565,0.0,3225.5317107878986,853.8997351650646,4732.614536739748,64710.80569514931,75553.51466963884,78779.04638042673,1427.536097852139,0.0,23469.520826813896,18949.30060907422,10732.209710394405,10800.0,7
2025-07-28,M10,59155.040939976345,0.0,5549.865130169457,64704.90607014579,64704.90607014579,0.0,4013.479585854766,380.8348404816922,2048.212540037314,66753.11861018311,78311.7031143263,82325.18270018107,525.0033356886776,0.0,22242.826166530293,18016.689194889528,10800.0,10800.0,7
2025-07-29,M10,59385.56621604253,0.0,1946.4039476227242,61331.97016366525,61331.97016366525,0.0,2003.4590681864074,73.14633104136635,622.2804135247937,61954.25057719005,79149.03251393876,81152.49158212516,996.1366557354511,0.0,21896.080565426768,17735.825257995686,10800.0,10800.0,4
2025-07-30,M10,58071.318549198746,0.0,3623.6222412161387,61694.94079041489,61694.94079041489,0.0,3760.2402746968655,5.2939029490731855,44.5221465718396,61739.46293698673,76408.73387775305,80168.97415244993,1131.0915099506828,825.3960132226139,21655.40253802995,17540.876055804256,10800.0,10800.0,2
2025-07-31,M10,57052.993115553254,0.0,2751.0823152716944,59804.07543082496,59804.07543082496,0.0,2679.4828603339292,258.6380413538092,2105.3619444953174,61909.437375320274,76758.1308032497,79437.61366358364,730.9964858346345,0.8507696189133185,23176.751585707236,18907.34340289001,10800.0,10650.917090592067,10
2025-08-01,M10,24053.942962500205,0.0,1278.4961586616332,25332.43912116184,25332.43912116184,0.0,1422.5391573344189,0.0,0.0,25332.43912116184,41543.393504245716,42965.932661580126,1148.2924400005577,16395.567454217802,21244.939380147196,17074.22627945209,10650.917090592067,10800.0,0
2025-08-02,M10,23709.28524080205,0.0,0.0,23709.28524080205,23709.28524080205,0.0,0.0,0.0,0.0,23709.28524080205,41544.8366878208,41544.8366878208,452.01303293542736,16384.028950461117,20219.908006153317,16438.138235062386,10800.0,10733.319166579779,0
2025-08-03,M10,51372.68047989498,0.0,167.5445253541901,51540.22500524916,51540.22500524916,0.0,153.21602199936035,280.38778658856324,2338.79797568153,53879.02298093069,68755.58625233994,68908.80227433928,1235.9881370253809,1654.080840333753,19487.78665505982,16028.145554824428,10733.319166579779,10463.27653966203,7
2025-08-04,M10,51685.58752574696,0.0,1192.4752578024993,52878.06278354948,52878.06278354948,0.0,1547.1959127650875,26.539691895714668,215.61366075741603,53093.6764443069,68348.94365712712,69896.1395698922,309.77914839518894,0.0,20495.757451343252,16298.512421283856,10463.27653966203,10800.0,2
2025-08-05,M10,51488.92108030899,0.0,913.639766049814,52402.56084635881,52402.56084635881,0.0,1663.6201724575112,20.43469980887278,169.27046102850827,52571.831307387314,67687.9662076251,69351.5863800826,257.98207288702923,0.0,20851.20670353225,16889.477429861123,10800.0,10800.0,3
2025-08-06,M10,52998.45254866453,0.0,3004.760100256299,56003.21264892083,56003.21264892083,0.0,2492.241917017801,27.27988591543192,229.42675691203726,56232.639405832866,69515.04031399594,72007.28223101376,343.1625032079968,0.0,20204.073109498568,16627.07276244405,10800.0,10509.140506944215,3
2025-08-07,M10,53120.930629084716,0.0,565.2748306806938,53686.20545976543,53686.20545976543,0.0,539.1791407208862,60.694052434209425,517.5258560432464,54203.731315808676,71833.36752110708,72372.54666182795,2004.1355433127105,2971.733716495957,20040.06663528048,15970.68043082698,10509.140506944215,10800.0,3
2025-08-08,M10,23029.389179111142,0.0,37.42574848281603,23066.814927593958,23066.814927593958,0.0,56.14423714793884,0.0,0.0,23066.814927593958,40596.986132854196,40653.13037000214,156.0592994203787,20784.61345322161,21608.461937619624,17671.175570259475,10800.0,10612.976221347142,0
2025-08-09,M10,23010.668465811366,0.0,266.094041029426,23276.762506840794,23276.762506840794,0.0,389.11170728877096,0.0,0.0,23276.762506840794,40147.2119710144,40536.323678303175,160.74281624096682,17675.07451311271,20880.61994382634,17102.04259487684,10612.976221347142,10403.264620927692,0
2025-08-10,M10,51794.62318731011,0.0,3152.1946334811255,54946.81782079126,54946.81782079126,0.0,2199.6642880269583,68.3526534752192,577.8353447587156,55524.65316554997,67614.13322669905,69813.797514726,332.4909047864029,0.0,20463.044064472313,16218.003851057489,10403.264620927692,10800.0,3
2025-08-11,M10,50681.793398714915,0.0,1240.8266405313047,51922.620039246205,51922.620039246205,0.0,1778.0532488046833,183.7737349943361,1535.0968748939754,53457.71691414018,67560.8622886976,69338.91553750227,277.14725439777044,748.1067478706495,21457.07695660271,17520.895019707856,10800.0,10643.708127933705,6
2025-08-12,M10,51900.17810262441,0.0,3875.0992208327903,55775.27732345722,55775.27732345722,0.0,2915.8296088927714,254.99382750124278,1969.5375206391316,57744.814844096356,69320.26595775652,72236.09556664928,659.5377467652113,0.0,21107.389060315883,17036.38106293056,10643.708127933705,10711.045990072937,8
2025-08-13,M10,51211.845766176215,0.0,2761.353884305311,53973.19965048154,53973.19965048154,0.0,3434.6593626325994,121.69766635645283,1015.6644356692788,54988.86408615082,68339.9000359064,71774.559398539,1708.2873625231668,0.0,20983.850754936484,16916.860502564203,10711.045990072937,10800.0,4
2025-08-14,M10,50929.56304403186,0.0,2185.6513526019,53115.21439663377,53115.21439663377,0.0,2875.306063354109,867.2026416094849,5123.316858392633,58238.5312550264,67558.30248575065,70433.60854910476,908.8166716428675,439.42192143418674,22737.040662578907,18710.759048275053,10800.0,10473.60432045985,8
2025-08-15,M10,23411.774159028177,0.0,314.35957494746117,23726.133733975632,23726.133733975632,0.0,390.92466237431955,0.0,0.0,23726.133733975632,40631.94068505006,41022.86534742438,396.62999647179686,19535.585712128224,20670.376470653482,16739.45371516246,10473.60432045985,10477.55012720081,0
2025-08-16,M10,23168.61625240823,0.0,587.8903511308753,23756.506603539106,23756.506603539106,0.0,752.0663001186755,0.0,0.0,23756.506603539106,40528.61152178777,41280.67782190644,314.8708172669778,19946.45590323038,20602.587440308307,16512.51670556589,10477.55012720081,10672.638039516189,0
2025-08-17,M10,51701.176736153175,0.0,255.24843427939336,51956.425170432565,51956.425170432565,0.0,311.82998507042134,158.85201461282838,1324.2492920787538,53280.67446251132,68721.09596394381,69032.92594901423,882.7343887638012,930.6154489345033,21570.572341192965,17357.537831930866,10672.638039516189,10800.0,5
2025-08-18,M10,51275.83030343754,0.0,1176.408799887616,52452.23910332517,52452.23910332517,0.0,1741.5329472293192,242.17879747556617,2049.1269048632994,54501.36600818847,67553.23495095823,69294.76789818757,964.0326215554751,0.0,21993.67609179462,17814.877634353645,10800.0,10800.0,5
2025-08-19,M10,51703.18882542664,0.0,574.9075459168346,52278.096371343476,52278.096371343476,0.0,760.5801493268824,149.03853251152134,1266.5074400370893,53544.60381138056,68238.56252488703,68999.14267421392,359.72714180545154,601.0081679207615,20631.7703586686,16761.984511669372,10800.0,10744.166087613545,4
2025-08-20,M10,52946.0601782192,0.0,4338.44780452814,57284.507982747346,57284.507982747346,0.0,3145.4702214166664,1282.4436101451752,7372.180728697329,64656.68871144467,70268.65297715657,73414.12319857324,84.86981833116306,0.0,21288.431284686336,17327.425360965746,10744.166087613545,10651.059398313762,11
2025-08-21,M10,52990.059325068,0.0,519.212498886968,53509.27182395498,53509.27182395498,0.0,527.5831345823462,41.195231598277246,341.3931901357654,53850.665014090744,71675.70717734803,72203.29031193038,1168.8162491826988,1269.0672333333332,20148.08966400889,16185.906086329585,10651.059398313762,10800.0,3
2025-08-22,M10,22852.995317305387,0.0,1006.8623463167232,23859.857663622104,23859.857663622104,0.0,1303.919171799394,58.35124826399801,278.83477972998213,24138.692443352087,40149.28939665912,41453.20856845852,173.70530619164958,16751.05747237279,20630.77284235104,17274.54520419296,10800.0,10173.756442345984,3
2025-08-23,M10,22884.911274610353,0.0,378.0063062172449,23262.917580827605,23262.917580827605,0.0,484.06164869639997,0.0,0.0,23262.917580827605,41074.625776890054,41558.68742558645,111.70884497669067,14642.333993913842,20725.375095882388,16450.73665918646,10173.756442345984,10547.997740655177,0
2025-08-24,M10,52619.885641010995,0.0,746.4463256542083,53366.33196666522,53366.33196666522,0.0,862.6324925429448,4.524539988844936,37.76181074689983,53404.09377741212,69457.95552892689,70320.58802146983,631.2187442527571,1571.45499933028,22097.223495142473,17708.37416060017,10547.997740655177,10759.52759672767,1
2025-08-25,M10,56357.59583439949,0.0,795.4732202589707,57153.06905465847,57153.06905465847,0.0,1010.4607511504565,50.18439455726411,418.8068738123859,57571.87592847085,76640.01867704421,77650.47942819467,1905.8675460336963,671.1679166666668,22705.87463389371,18355.333290508806,10759.52759672767,10800.0,2
2025-08-26,M10,53273.67945546963,0.0,160.77622234614293,53434.45567781577,53434.45567781577,0.0,207.88236662288978,38.482116648366286,324.20458433192493,53758.6602621477,71221.28209657414,71429.16446319703,1986.4687029095187,0.0,20801.892071592396,16849.532577989845,10800.0,10800.0,3
2025-08-27,M10,53354.17001993266,0.0,2064.2766997367207,55418.44671966938,55418.44671966938,0.0,2894.22519454501,45.19941763777069,372.6599356496238,55791.106655319,71378.16616062165,74272.39135516668,1262.3824786438777,1100.280457091533,21561.473897188247,17520.69492678588,10800.0,10737.887699929563,3
2025-08-28,M10,53170.026615786235,0.0,3893.723248535731,57063.74986432195,57063.74986432195,0.0,4329.417641088155,143.20411838158364,1096.3705232034968,58160.12038752545,71312.42444984989,75641.84209093804,773.7785360776822,0.0,22039.850630764333,17796.377940855717,10737.887699929563,10800.0,4
2025-08-29,M10,24086.28863968193,0.0,0.0,24086.28863968193,24086.28863968193,0.0,0.0,0.0,0.0,24086.28863968193,42190.4070660561,42190.4070660561,309.256646110955,15302.064256288133,21328.969515911267,17305.10370225426,10800.0,10768.17956181541,0
2025-08-30,M10,23906.83802509261,0.0,164.74130599593397,24071.57933108855,24071.57933108855,0.0,261.14577847264263,0.0,0.0,24071.57933108855,41585.974910172416,41847.12068864507,93.81408560191545,19671.164966459844,20130.4299431323,16561.00813988233,10768.17956181541,10484.446355209671,0
2025-08-31,M10,51949.84880855014,0.0,1312.2808999189172,53262.12970846906,53262.12970846906,0.0,1831.31766159556,127.010858188042,1058.0333770657485,54320.163085534805,69744.54770937504,71575.86537097058,630.8537301516373,0.0,21796.848080854572,17371.448665180913,10484.446355209671,10800.0,5
2025-09-01,M10,47854.06038986113,0.0,0.0,47854.06038986113,47854.06038986113,0.0,0.0,0.0,0.0,47854.06038986113,73168.12825767304,73168.12825767304,12562.00072135286,3940.3315342735264,16271.902466912277,13180.24099819895,10800.0,10800.0,0
2025-09-02,M10,40845.128786607085,0.0,498.1566653451651,41343.28545195225,41343.28545195225,0.0,960.4498882365241,0.0,0.0,41343.28545195225,61395.41785288293,62355.86774111946,3925.451419515454,505.2096981451566,20355.00407083606,16487.553297377206,10800.0,10800.0,0
2025-09-03,M10,41449.981945772095,0.0,727.0814306938047,42177.06337646588,42177.06337646588,0.0,885.2318169452697,0.0,0.0,42177.06337646588,60677.156236028386,61562.388052973656,1946.242955728455,302.7837442139087,19819.179489638358,16053.535386607062,10800.0,10800.0,0
2025-09-04,M10,39739.636372605775,0.0,883.2467233722329,40622.883095978,40622.883095978,0.0,1139.2590554622484,308.6708022122578,1627.2813737698543,42250.164469747855,58995.06286696779,60134.32192243004,2124.3432932412384,203.90813333333404,22048.293410882823,17859.117662815093,10800.0,10800.0,3
2025-09-05,M10,17593.026522147095,0.0,0.0,17593.026522147095,17593.026522147095,0.0,0.0,0.0,0.0,17593.026522147095,36237.94588452941,36237.94588452941,3160.582268849026,22689.89835618189,18753.703120167484,15190.499527335658,10800.0,10800.0,0
2025-09-06,M10,17194.030180286205,0.0,64.93831946404451,17258.968499750248,17258.968499750248,0.0,124.63939449623092,0.0,0.0,17258.968499750248,35691.00783358188,35815.647228078116,3089.8349129058183,21441.98969560983,18751.25747138143,15188.518551818961,10800.0,10800.0,0
2025-09-07,M10,36911.625091206304,0.0,3617.364454750137,40528.98954595646,40528.98954595646,0.0,3908.4140678705166,907.7964688537062,4842.474689961788,45371.46423591825,55746.9518484713,59655.36591634182,1731.3062514913895,0.0,20373.01324756566,16502.14073052819,10800.0,10800.0,6
2025-09-08,M10,32920.50285928991,0.0,14958.738400547683,47879.2412598376,47879.2412598376,0.0,12211.659403251615,865.5772897373813,4744.641235719817,52623.882495557424,50106.638529815704,62318.297933067326,38.469496605096424,0.0,21640.76012107885,17890.923928212567,10800.0,10397.879744290338,12
2025-09-09,M10,35586.85483112857,0.0,4882.012899219337,40468.86773034789,40468.86773034789,0.0,4665.304239356023,668.8491414066508,3974.9597711641254,44443.827501512016,53690.393280598124,58355.69751995415,192.64913711797135,1536.893933333332,21747.27944870455,17555.110124461717,10397.879744290338,10464.753332055852,10
2025-09-10,M10,37793.702901352844,0.0,7311.959396155299,45105.66229750814,45105.66229750814,0.0,7175.457764005934,1693.6176128120762,9391.431447512403,54497.093745020546,57142.611420914254,64318.06918492019,480.7371672589843,0.0,21456.74969283984,17241.79871236655,10464.753332055852,10618.273930759975,13
2025-09-11,M10,39112.52962908614,0.0,697.7283766321959,39810.25800571833,39810.25800571833,0.0,914.8398830213182,95.5744652357362,469.05772308279495,40279.31572880113,60119.88665749924,61034.726540520554,1466.1619147580732,2228.301116666668,21068.533672586997,17128.781481588776,10618.273930759975,10547.974812100743,3
2025-09-12,M10,16320.645050656383,0.0,0.19060200603011704,16320.835652662414,16320.835652662414,0.0,0.38989875428069354,0.0,0.0,16320.835652662414,34686.53509178778,34686.92499054206,1012.1793914519171,18091.746446836707,20023.79096391633,15992.448011662895,10547.974812100743,10800.0,0
2025-09-13,M10,16743.73948897923,0.0,0.0,16743.73948897923,16743.73948897923,0.0,0.0,0.0,0.0,16743.73948897923,35540.440459147125,35540.440459147125,1589.577287308472,22425.261515067472,18518.421965462345,14999.9217920245,10800.0,10800.0,0
2025-09-14,M10,40432.55780926264,0.0,2878.8060083197483,43311.36381758237,43311.36381758237,0.0,3396.242167979658,0.0,0.0,43311.36381758237,61023.7472269975,64419.98939497715,511.72565659833435,0.0,20271.34703361585,16462.40804523703,10800.0,10752.647835546448,0
2025-09-15,M10,37835.75748216977,0.0,1817.647679059975,39653.40516122974,39653.40516122974,0.0,2016.590238829585,524.0002765860884,3239.1724255612744,42892.57758679101,57281.004579047876,59297.59481787747,180.93433158645314,759.210650000001,21646.586055547657,17832.16657600389,10752.647835546448,10421.056867757248,11
2025-09-16,M10,42226.206371914894,0.0,1441.733440329861,43667.93981224476,43667.93981224476,0.0,1562.891209134787,13.092750000000137,88.18761655000094,43756.12742879476,63549.88466734318,65112.77587647797,409.73805454478327,1489.5741565731028,19849.86276665262,16115.07633462586,10421.056867757248,10380.292985938086,2
2025-09-17,M10,41691.55681438113,0.0,786.0457855657011,42477.60259994683,42477.60259994683,0.0,1200.8794965471968,7.62916666666672,38.195422916666935,42515.7980228635,62950.72248180976,64151.60197835696,263.753870056254,0.0,20606.195261678593,16670.836386711217,10380.292985938086,10402.717180658588,1
2025-09-18,M10,40180.02890442063,0.0,3053.2299792074787,43233.258883628085,43233.258883628085,0.0,4527.294999557674,2.4633999999999787,17.516005699999848,43250.77488932809,60546.18718444957,65073.48218400724,1120.4292245811614,1203.591686728069,20094.465600275107,16298.59204424376,10402.717180658588,10378.189505079796,1
2025-09-19,M10,15618.857053430884,0.0,417.4691729580687,16036.326226388954,16036.326226388954,0.0,639.0875696347489,0.0,0.0,16036.326226388954,33544.477322496576,34183.56489213131,146.3263244336847,13765.53633782002,20683.724798349154,16513.37488513821,10378.189505079796,10645.347506773805,0
2025-09-20,M10,15134.595767286164,0.0,205.46742660205518,15340.063193888222,15340.063193888222,0.0,384.886484929635,0.0,0.0,15340.063193888222,33342.47169154707,33727.35817647671,209.3042909380049,13927.410037999827,21173.481906333625,17228.27179212808,10645.347506773805,10558.95700899842,0
2025-09-21,M10,43395.42328894121,0.0,1034.6288995318055,44430.05218847302,44430.05218847302,0.0,1439.5928324068277,0.0,0.0,44430.05218847302,65526.40946808235,66966.00230048918,2427.591119679726,2745.9488180674034,18974.560490777993,15469.585611369272,10558.95700899842,10447.632993621648,0
2025-09-22,M10,44077.79055738242,0.0,190.10786222940524,44267.89841961183,44267.89841961183,0.0,308.06236877973504,19.555900000000065,128.01369518333377,44395.91211479517,65621.22820657869,65929.29057535843,623.5127203679533,1029.6493619081284,19732.827619339416,16051.163109590401,10447.632993621648,10372.552173704447,2
2025-09-23,M10,44780.04977069782,0.0,223.64536545548225,45003.6951361533,45003.6951361533,0.0,323.5610032631398,11.317700000000173,73.78176635000113,45077.4769025033,67037.33058712425,67360.89159038739,1259.3870693671452,147.32051460498838,20076.715245908665,16227.829122826737,10372.552173704447,10410.674647436988,2
2025-09-24,M10,42702.16859654068,0.0,1827.2638614218943,44529.43245796258,44529.43245796258,0.0,2554.5480666181866,0.0,0.0,44529.43245796258,63493.83595472744,66048.38402134563,574.4183040065736,0.0,21370.251579117656,16959.510961778593,10410.674647436988,10800.0,0
2025-09-25,M10,43677.73024959005,0.0,1477.0367730966886,45154.767022686734,45154.767022686734,0.0,2103.1585309629263,15.37166666666667,106.25664583333335,45261.023668520065,65075.90484201272,67179.06337297565,966.368646470846,2312.1535,19738.083920709447,16157.619927537973,10800.0,10611.364498040752,1
2025-09-26,M10,15795.296877316847,0.0,0.0,15795.296877316847,15795.296877316847,0.0,0.0,0.0,0.0,15795.296877316847,34582.05037498304,34582.05037498304,367.0151596427344,12672.150678010445,19543.236045714642,15694.595008384775,10611.364498040752,10761.838040978628,0
2025-09-27,M10,15993.889374680635,0.0,299.72964370816095,16293.619018388796,16293.619018388796,0.0,555.7862935337448,0.0,0.0,16293.619018388796,34017.75780543683,34573.54409897058,135.70740671014994,13350.340185432551,20871.124005315083,17584.929748487208,10761.838040978628,10007.038814109756,0
2025-09-28,M10,44948.74747105428,0.0,2846.5485261442905,47795.29599719856,47795.29599719856,0.0,3915.858758603467,5.868333333333339,40.07191416666671,47835.367911365225,66911.99550947359,70827.85426807705,2375.6299968972853,90.34846664017937,21928.6837047634,17048.568733557142,10007.038814109756,10800.0,1
2025-09-29,M10,45532.51932587179,0.0,53.782822588619936,45586.30214846041,45586.30214846041,0.0,72.64785516308507,26.015016666666725,142.85538336666707,45729.15753182708,67785.9264155805,67858.57427074359,1447.174354677838,121.80371107781207,20298.677404577254,16742.95778292266,10800.0,10465.523238649908,2
2025-09-30,M10,45997.575227960304,0.0,2050.3833073160504,48047.95853527635,48047.95853527635,0.0,2401.9227619436015,0.0,0.0,48047.95853527635,68683.3086287585,71085.2313907021,1196.505480019723,0.0,21923.800309477003,17457.249165461282,10465.523238649908,10800.0,0
2025-10-01,M10,42898.32115891177,0.0,0.0,42898.32115891177,42898.32115891177,0.0,0.0,0.0,0.0,42898.32115891177,67475.87590808302,67475.87590808302,8226.535270275432,6365.404263257548,16960.078111666888,13737.663270450179,10800.0,10800.0,0
2025-10-02,M10,40733.60408068866,0.0,157.70488692542634,40891.30896761408,40891.30896761408,0.0,244.35988781949777,0.0,0.0,40891.30896761408,63758.88819413068,64003.24808195018,5023.838605480274,3710.031128220231,18624.185429384266,15085.590197801257,10800.0,10800.0,0
2025-10-03,M10,13688.4663870364,0.0,212.9255961195747,13901.391983155978,13901.391983155978,0.0,345.6060762548841,0.0,0.0,13901.391983155978,32106.916282899427,32452.522359154304,2312.2040894855472,18795.63411234664,18565.9497753796,15038.419318057477,10800.0,10800.0,0
2025-10-04,M10,14505.948963113482,0.0,247.86448588821085,14753.813449001691,14753.813449001691,0.0,398.5822292240848,0.0,0.0,14753.813449001691,32813.19408285891,33211.77631208299,2030.6706687244243,14494.792933947061,18961.65110567263,15371.32082959446,10800.0,10786.240628889303,0
2025-10-05,M10,39207.25355183046,0.0,627.013029199892,39834.26658103036,39834.26658103036,0.0,728.4196951186808,0.0,0.0,39834.26658103036,61456.23152060347,62184.651215722144,2303.759368183799,1542.6023362627275,18894.447424259655,15292.118979650699,10786.240628889303,10800.0,0
2025-10-06,M10,38386.49261323022,0.0,2826.6125665243017,41213.10517975451,41213.10517975451,0.0,3791.450589398114,0.0,0.0,41213.10517975451,58709.162951176084,62500.61354057419,980.3384799778305,0.0,19932.45163471769,16145.285824121327,10800.0,10800.0,0
2025-10-07,M10,38192.25559123603,0.0,3928.422999628727,42120.67859086476,42120.67859086476,0.0,4539.999488554191,94.7326144164844,492.84989285216125,42613.52848371692,58884.40656799575,63424.40605654994,1782.0645608505354,0.0,20871.111105873126,16905.599995757235,10800.0,10800.0,3
2025-10-08,M10,35520.006077236336,0.0,3219.7477820388212,38739.75385927517,38739.75385927517,0.0,3811.2149765109084,454.8164951170161,2455.805412900948,41195.55927217612,55937.15660786189,59748.371584372806,78.47999857510547,0.0,21344.7620981007,17698.54968385264,10800.0,10345.230684009912,11
2025-10-09,M10,37378.80187873115,0.0,751.748542094222,38130.55042082538,38130.55042082538,0.0,1197.7757114185658,385.92612993317437,2172.105679274924,40302.6561001003,59472.960203577895,60670.73591499646,476.96868462725854,541.7011147908481,21624.127846477255,17346.117284299053,10345.230684009912,10533.482096618272,7
2025-10-10,M10,13024.266752977848,0.0,797.2871307465837,13821.55388372443,13821.55388372443,0.0,1192.088567558583,0.0,0.0,13821.55388372443,31361.126718409254,32553.215285967835,67.66123588404685,18928.093113250357,20992.224361983208,16778.37434181644,10533.482096618272,10783.84586482934,0
2025-10-11,M10,13666.224331821308,0.0,87.58013028394205,13753.804462105252,13753.804462105252,0.0,157.19323354376274,0.0,0.0,13753.804462105252,32313.446415953338,32470.639649497105,231.87710617497953,14454.976574832532,19514.955588627134,15837.483203470876,10783.84586482934,10750.10233518168,0
2025-10-12,M10,38783.84686030023,0.0,1035.270828232074,39819.11768853229,39819.11768853229,0.0,1586.9866267524822,113.59034656469635,700.5100753847896,40519.62776391708,60932.20701856391,62519.193645316394,524.3955323529628,0.0,19553.206004540312,15959.77352834552,10750.10233518168,10614.906041106275,2
2025-10-13,M10,40726.33832992596,0.0,91.1594180917489,40817.497748017704,40817.497748017704,0.0,157.68797455760057,0.0,0.0,40817.497748017704,63684.55163580083,63842.23961035843,1341.6467693273744,1562.431400708419,19706.21882799099,15795.452687668354,10614.906041106275,10800.0,0
2025-10-14,M10,41205.412380609356,0.0,904.6478126382947,42110.06019324765,42110.06019324765,0.0,1384.8228679345598,41.25517456361945,206.15210729440636,42316.21230054206,64355.012556166264,65739.83542410082,933.5059864064815,0.0,21440.817520655964,17367.062191731333,10800.0,10800.0,1
2025-10-15,M10,41453.19935459802,0.0,335.2163471163713,41788.41570171439,41788.41570171439,0.0,565.909254860085,0.0,0.0,41788.41570171439,65095.20983574782,65661.11909060791,322.123866127922,0.0,20362.529183299015,16943.557608819036,10800.0,10300.101144059072,0
2025-10-16,M10,42279.64714661709,0.0,2199.0269298612484,44478.67407647835,44478.67407647835,0.0,2153.7171140763753,312.67137328422837,1806.8489914899292,46285.523067968286,65420.60083392403,67574.3179480004,552.1088132010223,0.0,21279.478050395468,16911.070492311854,10300.101144059072,10661.553064624048,8
2025-10-17,M10,14295.503781190919,0.0,0.0,14295.503781190919,14295.503781190919,0.0,0.0,0.0,0.0,14295.503781190919,33241.037371633945,33241.037371633945,299.20537260685404,13449.438951213251,18695.62235908986,15207.428627942685,10661.553064624048,10590.470267868604,0
2025-10-18,M10,14045.517090854679,0.0,63.09952822401616,14108.616619078695,14108.616619078695,0.0,110.00643650654126,0.0,0.0,14108.616619078695,33280.950719233835,33390.957155740376,94.52163636461182,13447.281327690882,19006.969267556073,15234.40834253786,10590.470267868604,10769.62222807145,0
2025-10-19,M10,43206.949299789274,0.0,1760.6250932753708,44967.574393064635,44967.574393064635,0.0,1659.4135194474388,370.48267932924455,2227.356464699016,47194.930857763655,66471.00982074921,68130.42334019666,693.4221142366538,0.0,21370.08208858225,17448.32071662634,10769.62222807145,10615.673089321766,6
2025-10-20,M10,44631.99090392608,0.0,335.41716008635603,44967.40806401243,44967.40806401243,0.0,508.2356573648383,0.0,0.0,44967.40806401243,68824.50679741603,69332.74245478088,841.974927105791,0.0,21317.345242209994,17267.360081201583,10615.673089321766,10615.32816153122,0
2025-10-21,M10,45050.61484935595,0.0,1211.061532662261,46261.6763820182,46261.6763820182,0.0,1627.5577912751687,0.0,0.0,46261.6763820182,68828.03580730778,70455.59359858296,290.4501516672189,0.0,20542.301270207274,16839.739173291528,10615.32816153122,10392.57800106051,0
2025-10-22,M10,44939.39920522351,0.0,819.6411977804847,45759.04040300399,45759.04040300399,0.0,1089.4817766112399,0.0,0.0,45759.04040300399,68867.06817276657,69956.5499493778,286.3620461870869,0.0,21950.22856505216,17834.93736186144,10392.57800106051,10331.186640872518,0
2025-10-23,M10,47379.39807517239,0.0,75.91371711992498,47455.31179229231,47455.31179229231,0.0,130.23454644008405,0.0,0.0,47455.31179229231,73198.2978341255,73328.53238056556,4194.0761947539795,1831.3559657844303,19921.878938549515,15998.27575185568,10331.186640872518,10485.015739060782,0
2025-10-24,M10,14082.534686371515,0.0,109.79026711467661,14192.324953486188,14192.324953486188,0.0,231.5299356952412,0.0,0.0,14192.324953486188,33664.45039200953,33895.980327704776,71.56107775854957,11890.408922810331,19419.52560518149,15905.565994712262,10485.015739060782,10289.737678488284,0
2025-10-25,M10,13828.155960722293,0.0,133.93624370693638,13962.092204429227,13962.092204429227,0.0,271.51585725021755,0.0,0.0,13962.092204429227,33557.20378857499,33828.71964582521,59.38040070694916,10746.194666303334,20037.340824439496,16412.62897895791,10289.737678488284,10087.089999419495,0
2025-10-26,M10,46436.06968287544,0.0,173.3840403412494,46609.453723216684,46609.453723216684,0.0,283.2378344217094,0.0,0.0,46609.453723216684,71042.54104477522,71325.77887919694,1327.4230569803278,1056.9372833333325,20664.60118588596,16267.494663669348,10087.089999419495,10610.236995973146,0
2025-10-27,M10,44539.81018525949,0.0,1647.5992115380839,46187.409396797586,46187.409396797586,0.0,2308.858428650652,69.90831761666473,343.2043630690615,46530.61375986665,68217.97533882834,70526.833767479,2156.048839092089,1231.3526924873595,20681.271968530982,17024.513081681434,10610.236995973146,10307.256121338323,4
2025-10-28,M10,46006.69618884885,0.0,1418.4439333660298,47425.14012221488,47425.14012221488,0.0,1863.2032002919,0.0,0.0,47425.14012221488,69384.72020375423,71247.92340404612,1044.5324260878717,0.0,20531.560442598504,16300.591164640253,10307.256121338323,10673.892558965592,0
2025-10-29,M10,47467.167737633514,0.0,2156.083850179907,49623.251587813436,49623.251587813436,0.0,2440.589897027643,0.0,0.0,49623.251587813436,71535.99756304699,73976.58746007463,613.4121700291721,0.0,22126.561260702416,18075.642770656956,10673.892558965592,10503.750170645595,0
2025-10-30,M10,47048.59239432585,0.0,139.15205214931171,47187.74444647517,47187.74444647517,0.0,244.77054028023167,3.641833333333352,18.13268816666676,47205.877134641836,70247.62606082918,70492.39660110942,612.6702307667044,1116.1197383637002,20743.988068967454,16764.557253655108,10503.750170645595,10546.053595321737,1
2025-10-31,M10,14986.800355927582,0.0,38.2139259468578,15025.014281874439,15025.014281874439,0.0,82.51805077866896,0.0,0.0,15025.014281874439,34882.794218419825,34965.31226919849,221.49447125520805,7105.2238559920515,19117.78852699365,15383.48665170908,10546.053595321737,10659.300323272604,0
2025-11-01,M10,14776.711675032535,0.0,41.03468912132609,14817.746364153862,14817.746364153862,0.0,74.6831491904478,0.0,0.0,14817.746364153862,34972.52307711789,35047.206226308335,412.1930400540126,8382.893759219902,18988.176862096672,15280.09586839558,10659.300323272604,10770.775200942307,0
2025-11-02,M10,48318.632805084526,0.0,1408.1986133319674,49726.83141841649,49726.83141841649,0.0,1967.4685129171153,0.0,0.0,49726.83141841649,72296.64497873635,74264.11349165346,1259.1144585730872,0.0,22143.610222407402,17934.99512266035,10770.775200942307,10772.252042597473,0
2025-11-03,M10,50033.14480128094,0.0,137.00979127411088,50170.15459255505,50170.15459255505,0.0,235.65495575182467,0.0,0.0,50170.15459255505,74371.59019582476,74607.24515157659,829.9824862216916,582.8330383486907,19286.979905318905,15597.480561646036,10772.252042597473,10800.0,0
2025-11-04,M10,48464.55468901142,0.0,445.9552199463456,48910.50990895777,48910.50990895777,0.0,612.961379483638,33.599550000000136,160.26007882500068,49070.76998778277,72373.29844586918,72986.25982535281,1241.2007719063108,817.9027089560248,20621.78765267346,17241.103791516318,10800.0,10202.826896832425,2
2025-11-05,M10,50719.34803571734,0.0,208.25750333220796,50927.60553904954,50927.60553904954,0.0,296.8703179576279,0.0,0.0,50927.60553904954,75139.05660117531,75435.92691913294,837.0688504450286,386.82832922870637,21544.12389997764,17010.1142271851,10202.826896832425,10692.411487717745,0
2025-11-06,M10,49484.88012843303,0.0,2953.4169793875712,52438.297107820596,52438.297107820596,0.0,3141.4077764249805,309.2658519955223,1638.498381788188,54076.79548960878,72629.98251158072,75771.3902880057,463.98409014315394,0.0,21969.59499956578,17722.50749970771,10692.411487717745,10773.371987651719,6
2025-11-07,M10,15392.905212701424,0.0,42.41742792271785,15435.322640624141,15435.322640624141,0.0,87.52177431696657,0.0,0.0,15435.322640624141,35774.30345456333,35861.82522888029,590.6469880242507,8258.004455394786,19319.719952707794,15625.00795057987,10773.371987651719,10800.0,0
2025-11-08,M10,15439.458853264856,0.0,0.0,15439.458853264856,15439.458853264856,0.0,0.0,0.0,0.0,15439.458853264856,35789.85445093538,35789.85445093538,329.1120159177896,8174.106284953863,18468.37564055141,14972.946590487682,10800.0,10784.93075373218,0
2025-11-09,M10,50594.65431385634,0.0,1230.0705569472834,51824.72487080363,51824.72487080363,0.0,1371.7777850869747,0.0,0.0,51824.72487080363,74630.49214795059,76002.26993303756,715.0737596214459,146.4629755273544,20850.1136908497,17056.197676294265,10784.93075373218,10598.702324058837,0
2025-11-10,M10,51647.90460098953,0.0,2708.757561109861,54356.66216209938,54356.66216209938,0.0,2847.3759074154555,255.64529809104042,1403.0503037077426,55759.712465807126,75642.93199725861,78490.30790467406,677.8393536711956,0.0,22226.32278147575,18016.65203238184,10598.702324058837,10583.890569184965,5
2025-11-11,M10,52143.337631881615,0.0,234.06640081660555,52377.40403269821,52377.40403269821,0.0,361.8984841071351,2.0516666666667334,10.46965500000034,52387.87368769821,76289.12908322585,76651.027567333,1008.6004933325132,257.2102221595926,20402.698028182604,16574.449176341706,10583.890569184965,10530.26415416964,1
2025-11-12,M10,51339.68517900087,0.0,1364.407921437142,52704.09310043802,52704.09310043802,0.0,1474.3742761704439,11.773333333333426,60.579686666667136,52764.67278710468,75954.82378481487,77429.1980609853,1980.3412897242615,227.98705000000018,21968.719709040815,17692.064404446428,10530.26415416964,10644.26255403257,1
2025-11-13,M10,51521.06938031912,0.0,1879.4357361106308,53400.50511642974,53400.50511642974,0.0,2015.7544467254045,64.27064207220235,415.53274918647895,53816.03786561622,74747.90202238911,76763.65646911452,345.39130997896274,160.46586666666644,20783.45069573399,16857.25207785956,10644.26255403257,10619.088093682547,2
2025-11-14,M10,15029.605276332422,0.0,265.030826621309,15294.63610295373,15294.63610295373,0.0,410.32432049335324,0.0,0.0,15294.63610295373,35461.62132782289,35871.945648316236,216.4738339255142,4458.754938132499,19169.334078999404,15571.072502741175,10619.088093682547,10570.297095069594,0
2025-11-15,M10,15589.317478918847,0.0,368.6307703448258,15957.94824926367,15957.94824926367,0.0,514.8156681858752,0.0,0.0,15957.94824926367,35594.79904086661,36109.614709052476,249.8952311692049,3853.1059307577925,19657.818711081363,15863.092080622546,10570.297095069594,10636.676067684433,0
2025-11-16,M10,53224.81143838704,0.0,1884.015627298141,55108.82706568518,55108.82706568518,0.0,2107.80072597846,0.0,0.0,55108.82706568518,77175.02930335066,79282.83002932911,709.1208569926887,0.0,21658.251723870024,17519.08693486693,10636.676067684433,10663.450469315301,0
2025-11-17,M10,53080.6133955996,0.0,1948.215325501626,55028.828721101236,55028.828721101236,0.0,2176.1423491695327,0.0,0.0,55028.828721101236,77053.43836649413,79229.58071566366,2292.0572303127447,155.7228666666665,20858.693198603654,16772.646913252735,10663.450469315301,10800.0,0
2025-11-18,M10,53455.75903908897,0.0,1942.8848526841161,55398.64389177309,55398.64389177309,0.0,2128.4418090474255,0.0,0.0,55398.64389177309,76984.62987513098,79113.07168417842,202.51799706465476,0.0,22005.340777501297,17985.338923720872,10800.0,10621.096784505758,0
2025-11-19,M10,54072.96097419142,0.0,4699.230781962473,58772.19175615389,58772.19175615389,0.0,4000.820072005552,0.0,0.0,58772.19175615389,77015.99267073495,81016.8127427405,1585.6042317218134,185.7515034806927,21122.403945952767,17245.258538414768,10621.096784505758,10469.861959846847,0
2025-11-20,M10,53722.8256894734,0.0,1048.7607667346035,54771.586456208,54771.586456208,0.0,1500.3256864080154,35.7050641852011,168.9340630040996,54940.5205192121,77980.9630547567,79481.28874116472,498.88211230005766,28.772050000000036,21905.47888847391,17709.215278757376,10469.861959846847,10507.887094187392,2
2025-11-21,M10,15841.781280426805,0.0,811.4602219168238,16653.241502343626,16653.241502343626,0.0,991.2538907253783,0.0,0.0,16653.241502343626,36329.64705981204,37320.90095053742,531.575359409888,4056.0499694308483,18978.89441999301,15110.002864962986,10507.887094187392,10800.0,0
2025-11-22,M10,16208.824186056692,0.0,253.93715790784466,16462.761343964536,16462.761343964536,0.0,374.2191475010019,0.0,0.0,16462.761343964536,36510.256961265855,36884.47610876686,272.21729464637934,2939.628840289612,19314.488351394466,15861.687860896938,10800.0,10558.941893036197,0
2025-11-23,M10,54887.92216922978,0.0,1849.8462120745407,56737.768381304326,56737.768381304326,0.0,1763.2013687388394,0.0,0.0,56737.768381304326,79025.1006460817,80788.30201482054,1209.986351247873,0.0,21732.984652483814,17386.76527224447,10558.941893036197,10800.0,0
2025-11-24,M10,54047.97805660697,0.0,511.8557764485322,54559.8338330555,54559.8338330555,0.0,741.2004859787945,18.83966666666663,99.52995899999979,54659.3637920555,77658.37863094345,78399.57911692225,767.347848219944,183.90513333333342,19961.871865388865,16656.649763353227,10800.0,10258.296052901944,1
2025-11-25,M10,56721.68539311365,0.0,14.34367014676257,56736.029063260416,56736.029063260416,0.0,22.43652455304641,0.0,0.0,56736.029063260416,81794.470209604,81816.90673415703,1075.8465395063363,100.00658333333354,22011.894465896163,17539.501321245447,10258.296052901944,10580.666270824657,0
2025-11-26,M10,56505.47645978833,0.0,1000.6812171706933,57506.15767695902,57506.15767695902,0.0,1074.6424299687592,32.99316666666664,177.73418883333318,57683.89186579235,80505.10396223428,81579.74639220303,577.2195831985682,0.0,21476.067031999984,17198.213939662186,10580.666270824657,10800.0,1
2025-11-27,M10,56228.426465591234,0.0,1452.465952757843,57680.89241834907,57680.89241834907,0.0,1722.3057027826671,0.0,0.0,57680.89241834907,79771.48748642669,81493.79318920938,1572.1695504233962,77.08986666666658,21689.5710140825,17625.929975296523,10800.0,10736.247273455894,0
2025-11-28,M10,15695.782797703443,0.0,171.32166000729248,15867.104457710735,15867.104457710735,0.0,278.32109750885843,0.0,0.0,15867.104457710735,36740.23815137205,37018.559248880905,197.32082786802755,2174.9197708519546,19691.23513005739,15966.155029896463,10736.247273455894,10718.18663506703,0
2025-11-29,M10,16229.429522081167,0.0,632.530776987672,16861.96029906884,16861.96029906884,0.0,1050.3458273172887,0.0,0.0,16861.96029906884,37501.113768585295,38551.45959590258,192.54880306554236,0.0,19024.99387328388,15595.533180446837,10718.18663506703,10512.310920526039,0
2025-11-30,M10,58864.647799569444,0.0,1836.151872157803,60700.799671727254,60700.799671727254,0.0,1965.2580605657113,0.0,0.0,60700.799671727254,82873.59240846554,84838.85046903125,252.93032382898468,0.0,22312.86397241742,17971.77194388181,10512.310920526039,10625.253002499718,0
2025-12-01,M10,62928.8579353632,0.0,11854.280120590984,74783.1380559542,74783.1380559542,0.0,8068.122201080074,884.3019447067054,5840.389869507448,80623.52792546165,84037.59084314902,92105.71304422911,2218.5176226411595,0.0,22712.091237953,18239.52160499167,10625.253002499718,10800.0,11
2025-12-02,M10,66242.86387421866,0.0,10615.362309570604,76858.22618378927,76858.22618378927,0.0,7341.4392632075005,304.2381444724704,2147.7879236535223,79006.0141074428,86955.44057903235,94296.87984223984,1505.019989070765,0.0,23464.67393495557,19006.385887314013,10800.0,10800.0,6
2025-12-03,M10,68856.27653563165,0.0,6075.360961730215,74931.63749736182,74931.63749736182,0.0,4679.0003015719085,19.607955587667448,139.14785682788204,75070.7853541897,89811.97916463448,94490.9794662064,3270.3980502382487,0.0,21460.214762574473,17382.77395768532,10800.0,10800.0,1
2025-12-04,M10,70612.46195500424,0.0,2807.492627798487,73419.9545828027,73419.9545828027,0.0,2276.8423549883646,99.52302405562716,711.3263872074065,74131.2809700101,92078.62027078628,94355.46262577464,3601.1629583187687,0.0,21487.441797429066,17404.827855917545,10800.0,10800.0,2
2025-12-05,M10,20197.728345856398,0.0,2187.5764150287446,22385.304760885138,22385.304760885138,0.0,3167.862091785485,0.0,0.0,22385.304760885138,43705.45205050419,46873.31414228967,1846.2735175528162,0.0,19554.804954755447,15839.39201335192,10800.0,10800.0,0
2025-12-06,M10,21541.10982145287,0.0,3001.5672424814866,24542.677063934363,24542.677063934363,0.0,3647.2842443966615,0.0,0.0,24542.677063934363,45212.90190305399,48860.18614745065,1574.4004985157135,0.0,19058.709643517257,15437.554811248981,10800.0,10800.0,0
2025-12-07,M10,74567.16513408997,0.0,70.57997712004304,74637.74511121001,74637.74511121001,0.0,104.52351783925121,24.548135287347577,177.21298863936215,74814.95809984938,96203.51968851581,96308.04320635507,4858.970494011761,0.0,20110.208408582454,16289.268810951797,10800.0,10800.0,1
2025-12-08,M10,77537.83973163622,0.0,0.0,77537.83973163622,77537.83973163622,0.0,0.0,0.0,0.0,77537.83973163622,100575.06622107008,100575.06622107008,8846.824288578031,0.0,20426.477978028382,16545.44716220299,10800.0,10800.0,0
2025-12-09,M10,74887.25969084907,0.0,0.0,74887.25969084907,74887.25969084907,0.0,0.0,79.69273598829386,586.9182513154767,75474.17794216455,98488.78825559333,98488.78825559333,7240.943646309183,0.0,20732.016203188403,16792.933124582607,10800.0,10800.0,3
2025-12-10,M10,71742.73968759905,0.0,847.881326031468,72590.62101363053,72590.62101363053,0.0,1023.8990889166771,2.940943939618819,20.933638962206757,72611.55465259273,93836.21672702904,94860.1158159457,2252.537945429855,0.0,22225.791304151637,18002.890956362826,10800.0,10800.0,1
2025-12-11,M10,70465.99563262294,0.0,0.0,70465.99563262294,70465.99563262294,0.0,0.0,30.088760693825975,214.2018873793471,70680.19752000229,94154.8183102963,94154.8183102963,4245.287377166425,0.0,20938.763125387915,16960.398131564216,10800.0,10800.0,1
2025-12-12,M10,21970.04471449651,0.0,1398.5792617276595,23368.623976224168,23368.623976224168,0.0,2010.140725239883,0.0,0.0,23368.623976224168,46479.34581124538,48489.486536485274,1096.906990649953,82.41247480555842,18925.018882612756,15329.26529491633,10800.0,10800.0,0
2025-12-13,M10,22369.411059502712,0.0,853.8810830152431,23223.29214251796,23223.29214251796,0.0,1434.7911102357248,0.0,0.0,23223.29214251796,46995.38180054669,48430.17291078242,976.4150134989854,0.0,19290.428861958593,15635.204348008496,10800.0,10788.93670019775,0
2025-12-14,M10,69277.60589769827,0.0,3620.38914742785,72897.9950451261,72897.9950451261,0.0,3184.7231324953073,40.90438201466441,304.79900258227184,73202.79404770836,90733.82883669944,93918.55196919474,694.3944243661351,0.0,23559.911352743544,19073.571225900254,10788.93670019775,10800.0,1
2025-12-15,M10,71102.91834715292,0.0,1624.7183375508234,72727.63668470374,72727.63668470374,0.0,1742.1424079141252,30.215768250311612,212.02404581243658,72939.66073051617,93165.41952717706,94907.56193509119,1218.1257909478857,0.0,22758.47913271688,18508.385186989923,10800.0,10717.75878945639,1
2025-12-16,M10,71624.16024318484,0.0,406.006683315288,72030.16692650014,72030.16692650014,0.0,621.0902299453694,16.538704149733462,119.12573773209517,72149.29266423224,93837.79169721526,94458.88192716063,983.3949032534782,0.0,22064.549833507903,17990.61543878434,10717.75878945639,10586.280929853123,2
2025-12-17,M10,70463.48540374618,0.0,336.2710988143301,70799.75650256049,70799.75650256049,0.0,520.075682873956,43.8956745391032,321.14028384850724,71120.896786409,92833.5079987003,93353.58368157427,1168.335726151914,0.0,22095.164694992745,18057.86813169795,10586.280929853123,10407.631231237767,2
2025-12-18,M10,68408.72400179075,0.0,2053.579040698852,70462.30304248967,70462.30304248967,0.0,1772.464997779935,25.736527792521997,178.0611405988828,70640.36418308856,90982.38123293093,92754.84623071089,890.9103327913531,0.0,23411.472922834815,18888.067463789434,10407.631231237767,10491.215235356396,2
2025-12-19,M10,21233.5857232073,0.0,1182.539960882975,22416.12568409028,22416.12568409028,0.0,1891.7060746411512,0.0,0.0,22416.12568409028,45430.85280132126,47322.558875962415,277.4414049745148,631.0975294364922,19517.896444272184,16012.267802720775,10491.215235356396,10265.913365511611,0
2025-12-20,M10,21806.634931907163,0.0,23.440989268691308,21830.075921175856,21830.075921175856,0.0,43.24107963233962,0.0,0.0,21830.075921175856,46961.2765112058,47004.517590838135,159.40538746762667,163.54211730343013,19635.343656707395,15810.125820640313,10265.913365511611,10370.916189170137,0
2025-12-21,M10,70235.0969930768,0.0,1775.4476411485446,72010.54463422537,72010.54463422537,0.0,1630.5934289662407,17.092947782267856,123.56491951801432,72134.10955374339,92795.78246358871,94426.37589255495,613.2701029937139,0.0,23190.74442594723,18398.327555270385,10370.916189170137,10800.0,1
2025-12-22,M10,70257.00077784494,0.0,1218.3190171630658,71475.31979500802,71475.31979500802,0.0,1331.7946860588447,65.12380063163448,416.8136886210184,71892.13348362903,91806.57006671399,93138.36475277282,463.00953222994775,0.0,22651.177137464423,18848.125199623235,10800.0,10243.698090803267,5
2025-12-23,M10,70537.91290426397,0.0,333.8436700998018,70871.75657436377,70871.75657436377,0.0,517.5870854260493,0.0,0.0,70871.75657436377,92972.8656552216,93490.45274064766,1687.7436249424002,0.0,22560.98757739623,18016.370995024306,10243.698090803267,10530.39691598843,0
2025-12-24,M10,68577.44225924002,0.0,1224.5893215507897,69802.03158079082,69802.03158079082,0.0,1350.4864331687472,201.9619066673939,1490.9849973971973,71293.01657818802,91270.60854290577,92621.09497607451,555.4931540487698,0.0,23328.098795611222,18915.094383584743,10530.39691598843,10508.914294722152,5
2025-12-25,M10,67697.21692792496,0.0,2363.209777815039,70060.42670574001,70060.42670574001,0.0,2306.8470930498274,196.78483542467904,1324.8728518863857,71385.2995576264,89957.35718688037,92264.20427993021,262.6672882662409,0.0,23162.92312964109,18777.049835885773,10508.914294722152,10492.15640485938,7
2025-12-26,M10,21072.839575834325,0.0,1493.113229206988,22565.95280504131,22565.95280504131,0.0,2071.8026833853583,0.0,0.0,22565.95280504131,45237.07141472002,47308.87409810537,232.37082567366184,0.0,20282.48208841028,16213.601249311898,10492.15640485938,10731.277785193186,0
2025-12-27,M10,20916.37082999928,0.0,715.2616842755403,21631.632514274825,21631.632514274825,0.0,1293.779177991023,0.0,0.0,21631.632514274825,45767.34224780318,47061.121425794205,247.53741387589875,0.0,19304.13371682113,15829.358771569488,10731.277785193186,10516.821717477214,0
2025-12-28,M10,69326.58783995271,0.0,270.3185008647824,69596.90634081751,69596.90634081751,0.0,382.43976504621605,116.99850811685963,874.5758203309844,70471.4821611485,92204.4304491792,92586.87021422543,1541.4399212312062,0.0,22125.272589620836,17772.098538509745,10516.821717477214,10682.79089423625,3
2025-12-29,M10,68914.58308944174,0.0,967.8888089553765,69882.47189839713,69882.47189839713,0.0,1172.708312978365,19.020919558900687,132.19539093435975,70014.66728933148,91509.96409170165,92682.67240468002,1295.081122812563,0.0,21829.502918289596,17946.656983529905,10682.79089423625,10388.613538996991,1
2025-12-30,M10,67171.37440374384,0.0,1096.1294426261898,68267.50384637003,68267.50384637003,0.0,1109.3846886045367,54.20504858661593,396.5099304110956,68664.01377678112,90583.76529032804,91693.14997893258,902.6032078462055,0.0,23335.644252144935,18715.295032471942,10388.613538996991,10595.921107625278,1
2025-12-31,M10,67789.74744645966,0.0,2537.376765664189,70327.12421212388,70327.12421212388,0.0,2185.882592323958,340.381198658736,2077.2733506667664,72404.39756279065,90248.99637023621,92434.87896256015,192.28010407293607,0.0,23272.024263471234,19335.467139658605,10595.921107625278,10056.89056735093,9
2025-02-01,M7,20823.21514899175,4933.3740636103785,7588.450747774883,33345.039960377,28687.078134909552,4657.961825467446,16935.657456646837,0.0,0.0,33345.039960377,51983.53377605703,46512.759732697,1447.5415969416438,9804.314613945982,6564.43278548687,5681.705197010828,10005.82612395836,9600.809856440066,0
2025-02-02,M7,55119.56446761779,6812.769910987616,12877.950695526808,74810.28507413217,68804.48843352217,6005.796640610002,22900.253539570396,0.0,0.0,74810.28507413217,85186.66769863036,81337.0015345211,1276.7075402963987,204.53556666666668,10567.132318186934,9067.651840628894,9600.809856440066,9036.060230998433,0
2025-02-03,M7,55550.54375026571,6762.269181167438,12930.971103301084,75243.78403473421,70545.6473624716,4698.136672262612,22072.64392094591,0.0,0.0,75243.78403473421,85898.20152557979,82251.85672329535,834.8397014921834,0.0,11489.767419750286,10289.666897947105,9036.060230998433,7943.887688832458,0
2025-02-04,M7,57464.64232875389,6074.5741709006,12259.753598129344,75798.97009778388,71702.21817066267,4096.751927121208,21023.034105009232,0.0,0.0,75798.97009778388,86923.5774630419,84124.14196963544,1430.8886433596458,64.33819999999992,12664.658265364706,11230.607089088895,7943.887688832458,6863.62780645081,0
2025-02-05,M7,54456.49768681589,6242.845612379544,15776.938693764292,76476.2819929597,70105.90945930722,6370.37253365248,23828.828158785855,0.0,0.0,76476.2819929597,83519.44573842606,83824.43825149283,9.805489753489383e-13,0.0,15376.444737787559,12300.43346962805,6863.62780645081,7035.279770872895,0
2025-02-06,M7,55543.015646468804,6492.250096983814,13886.150367869559,75921.4161113222,69484.44019961816,6436.975911704052,23475.26237753895,0.0,0.0,75921.4161113222,85421.78303414558,83012.03394292868,24.78984820991161,0.0,14103.317524733178,11387.130646681055,7035.279770872895,7075.898157931587,0
2025-02-07,M7,20354.33878731882,4675.594024808535,7476.5758948891225,32506.508707016495,28158.936141051683,4347.572565964812,16030.380289410003,0.0,0.0,32506.508707016495,52876.517797272514,47896.28668935014,1266.0087642985043,11441.427738143784,10020.01949668285,6636.848976441663,7075.898157931587,8719.639064455416,0
2025-02-08,M7,17391.166756685918,3391.7429314639085,8924.934006480033,29707.84369462987,25288.804352125906,4419.039342503966,15094.535523707576,0.0,0.0,29707.84369462987,44049.34270205409,43433.60093114921,534.0220895414321,9553.753350887033,8996.241286587561,7227.578512533484,8719.639064455416,8785.61343068035,0
2025-02-09,M7,48123.68270905615,6469.857010355982,19978.9183982178,74572.45811762993,67477.10301391387,7095.3551037160505,26340.208880451602,0.0,0.0,74572.45811762993,77264.95798234137,79643.27253446632,4.121147867408581e-13,0.0,12609.661163966746,12521.80459616708,8785.61343068035,6221.192260287005,0
2025-02-10,M7,48756.24880104646,6871.52898793197,16255.231173001182,71883.00896197963,65213.46464791597,6669.5443140636635,24713.215727845316,0.0,0.0,71883.00896197963,81447.6761680652,80143.77957635306,380.75065882353107,328.1247000000001,15478.4862159364,10370.219581740195,6221.192260287005,8629.36365269622,0
2025-02-11,M7,47853.74756469876,6725.182667604593,16043.318208951694,70622.24844125504,65161.09357708163,5461.154864173412,24162.30537338192,0.0,0.0,70622.24844125504,78637.12526412029,77832.50864469756,65.15904256312847,148.03829999999994,13822.330416895897,11423.616248094788,8629.36365269622,8376.554085574984,0
2025-02-12,M7,48125.65169741541,6993.479984443544,14775.638073466847,69894.76975532583,63976.091247896766,5918.678507429067,23840.535200479506,0.0,0.0,69894.76975532583,79729.3171708409,77623.25114436919,343.1203283175761,0.0,13635.981256418127,11622.586573699846,8376.554085574984,7734.952134462584,0
2025-02-13,M7,48170.558441852954,7286.6966113028975,15224.380489529114,70681.63554268498,63358.34059627882,7323.29494640616,25201.48675261225,0.0,0.0,70681.63554268498,80184.98833350776,77141.93562561618,1108.8876247836254,807.0093825816352,13571.261973484074,9674.702371899817,7734.952134462584,9199.418608487344,0
2025-02-14,M7,18763.024016663443,3648.993785153781,6374.180094329306,28786.197896146536,26268.45437002625,2517.7435261202845,12335.74486133649,0.0,0.0,28786.197896146536,47744.9317626622,43830.18194133247,497.26052725915656,11800.733246694994,7797.132661085692,6066.746310374034,9199.418608487344,9476.008769715532,0
2025-02-15,M7,18299.3013608297,3310.574510941452,7365.067219159123,28974.94309093028,26347.434053210385,2627.509037719894,12772.16404519006,0.0,0.0,28974.94309093028,45695.10970083377,43175.849774648246,308.8240830600651,12601.26185469133,7182.354022334101,6196.681285437243,9476.008769715532,9054.925961552619,0
2025-02-16,M7,47912.9945663754,7072.052554372898,15581.935434431003,70566.98255517927,64622.88776585917,5944.094789320108,24186.101439670743,0.0,0.0,70566.98255517927,79281.41507709041,77422.14482799299,130.60836342739915,0.0,12816.110357754415,10901.952993188821,9054.925961552619,8476.144179988461,0
2025-02-17,M7,45987.240721905044,7388.314827029807,16089.8404857211,69465.39603465599,63044.72356738795,6420.672467268043,24836.064722804924,0.0,0.0,69465.39603465599,78800.40442999045,75672.46236602082,733.3003750999103,1253.2959499999997,11713.859692389819,9211.856818135579,8476.144179988461,8783.22143854422,0
2025-02-18,M7,44677.39585921143,6740.32463741263,15771.40686733462,67189.12736395867,60821.525405341046,6367.601958617626,24343.638283943503,0.0,0.0,67189.12736395867,75836.06676431053,74417.02466259319,93.45315094205051,517.2718940329206,12553.269484375804,10838.357650090904,8783.22143854422,8038.544363270326,0
2025-02-19,M7,46057.16385675506,6192.862688640866,15314.998550201371,67565.02509559726,62495.46635131044,5069.55874428682,22189.052747062822,0.0,0.0,67565.02509559726,77014.86039270519,76785.86777218664,457.4074643935906,207.68707962616918,14088.63866213106,10847.192817297506,8038.544363270326,8665.882695524375,0
2025-02-20,M7,44014.44129968001,6800.078841980554,17840.88465944608,68655.40480110665,62799.378781044696,5856.026020061952,24929.260499659165,0.0,0.0,68655.40480110665,75399.05885730688,75623.95831313342,1104.6593767204001,553.5938999999995,12871.121953980693,9898.550650901008,8665.882695524375,9251.502841994767,0
2025-02-21,M7,16859.980529376742,3612.2657329246067,8436.913979372748,28909.1602416741,24922.511716570658,3986.648525103443,14222.0567989201,0.0,0.0,28909.1602416741,44460.41932437838,42601.96892301952,248.93832677440975,14796.892254564234,8082.853283477861,6086.97697513031,9251.502841994767,9762.763046980053,0
2025-02-22,M7,16462.681395518488,3438.1298593385136,8379.336572453556,28280.14782731055,25898.36781836977,2381.780008940779,13870.12923348282,0.0,0.0,28280.14782731055,43109.091035893056,41559.484591643544,293.41585528247305,12073.519675485764,8067.60939415664,6719.8232166146645,9762.763046980053,9557.14126103807,0
2025-02-23,M7,43944.952960773655,7066.145390868567,17630.028516074148,68641.12686771636,61234.96925234887,7406.1576153674905,25836.34814407793,0.0,0.0,68641.12686771636,74757.46437502162,74078.12360997508,245.1013588177276,372.67141185384776,11634.39223337168,9705.895077401503,9557.14126103807,9243.766407293133,0
2025-02-24,M7,42957.75078634692,7060.55691010539,17519.593020316726,67537.90071676904,60522.944909616686,7014.955807152357,25993.58077531885,0.0,0.0,67537.90071676904,74070.91441274241,73268.06399029371,1102.7524037558214,2169.0088666666666,11133.18154591494,9339.912442710367,9243.766407293133,8885.949306716171,0
2025-02-25,M7,42246.47570767025,7234.283595485376,17149.191171310224,66629.95047446585,58512.17973542188,8117.770739043968,26803.885206164752,0.0,0.0,66629.95047446585,72999.89922186921,72142.05025240929,1077.3997604072388,2796.296518571914,11467.92785348593,9020.897113389128,8885.949306716171,9183.8653599767,0
2025-02-26,M7,42569.41002802959,6066.395643172933,14642.028625316601,63277.83429651911,58340.374978511914,4937.459318007197,21182.221386364447,0.0,0.0,63277.83429651911,73006.4368485971,71758.78679908461,111.49890361590867,920.9785508510438,11878.621843834297,9967.160532549971,9183.8653599767,8800.002205483155,0
2025-02-27,M7,40798.759131200706,6311.452766370267,15655.392304526802,62765.60420209776,57573.40123649817,5192.202965599594,21973.892021361848,0.0,0.0,62765.60420209776,72227.805667279,71376.47158920456,389.6176375421004,1358.1929,13202.076427349199,10529.999575686721,8800.002205483155,8981.871461556626,0
2025-02-28,M7,15629.14797273425,2795.0965469954376,9335.193077829574,27759.437597559263,24637.140977538093,3122.2966200211704,14618.1314498684,0.0,0.0,27759.437597559263,40318.91937797902,41860.4309630308,202.31953431153534,16153.787500534541,8210.133926485716,5998.403548300996,8981.871461556626,9706.09916394822,0
2025-03-01,M7,15719.068369061706,2657.036569730632,7255.2289153647835,25631.333854157125,22906.207226804217,2725.1266273529072,12133.453362275199,0.0,0.0,25631.333854157125,40869.85849278905,39917.96863346595,1040.6986500292169,14488.00683701789,7155.5262605822745,6425.029047496765,9706.09916394822,9007.151634586979,0
2025-03-02,M7,40769.048813178946,6819.4613221105365,17843.59783573722,65432.10797102669,58990.308726538045,6441.799244488648,25396.642274018257,0.0,0.0,65432.10797102669,72698.68891746449,72427.15987687133,989.6772279958673,0.0,10962.031563242206,11882.855981033412,9007.151634586979,5669.806729245619,0
2025-03-03,M7,42845.365012008784,6678.704594749507,18476.703560323353,68000.77316708158,61862.7946454134,6137.978521668185,25605.63930523002,0.0,0.0,68000.77316708158,76003.69915502137,77080.82028018127,503.7241661517095,184.4892666666666,15840.03798600508,11464.57777197552,5669.806729245619,7187.4211700107235,0
2025-03-04,M7,42158.35205536234,6628.983758476136,16776.487149924105,65563.8229637626,59273.89366638517,6289.929297377435,24552.5918544342,0.0,0.0,65563.8229637626,74653.24234449372,73496.1377712922,39.60617440044369,1037.846205022422,13543.909032904783,10324.68157436879,7187.4211700107235,7905.070883659716,0
2025-03-05,M7,40604.073440036496,6608.466224909693,14921.5499356645,62134.08960061071,57280.2160949529,4853.873505657808,22071.982100901274,0.0,0.0,62134.08960061071,73190.13016432691,71232.71587032182,1504.9522641534754,1617.2857833333328,11339.722297282882,9359.716491114548,7905.070883659716,7711.135961087039,0
2025-03-06,M7,39808.30216194601,6428.525941865011,14618.204698865195,60855.032802676236,55204.171322667746,5650.861480008491,22168.97928549669,0.0,0.0,60855.032802676236,71705.47326094322,69529.72093288855,378.1562758724842,1475.6988562085198,12005.753627025704,10270.541959551485,7711.135961087039,7104.60093701963,0
2025-03-07,M7,15974.522866838703,2850.3714177643033,7655.325057404738,26480.219342007742,24480.409032102725,1999.8103099050168,12065.962995341139,0.0,0.0,26480.219342007742,43709.34355046856,42393.442523197686,729.047913928498,17219.938466666666,8690.815092429148,5168.644483159959,7104.60093701963,9183.396205583684,0
2025-03-08,M7,15276.935345853719,1942.2153146313346,7620.3619661426,24839.51262662766,22563.16236626967,2276.350260357991,11009.453012641177,0.0,0.0,24839.51262662766,38099.850006512745,39237.094814026015,24.439436650618205,18308.68657846541,7610.379514774671,5769.550232531365,9183.396205583684,9622.126399401592,0
2025-03-09,M7,38383.54460145513,6207.21288751506,13458.360834071247,58049.118323041446,53367.54187039554,4681.57645264591,20304.348374867208,0.0,0.0,58049.118323041446,69161.90325618656,66871.30670241112,196.6572086036424,2586.2343295516703,10462.308054074943,9707.417939819123,9622.126399401592,8252.183714936687,0
2025-03-10,M7,40168.35181309072,6171.902253383075,16353.113948328713,62693.3680148025,57113.84463630291,5579.523378499594,22869.83557776963,0.0,0.0,62693.3680148025,70489.11465432463,70916.80991549895,182.77770257135597,86.24619255114419,12858.444839638492,10252.730269262029,8252.183714936687,8432.86154920908,0
2025-03-11,M7,39684.48353137148,6506.054085615286,14653.451199312896,60843.98881629967,54331.90455261025,6512.084263689423,22579.698420781664,0.0,0.0,60843.98881629967,70973.98417926938,68930.2336956141,711.6254279029729,2259.88555,11367.198714488852,9347.394796777722,8432.86154920908,8277.346173607137,0
2025-03-12,M7,38610.504583398615,6495.095710642163,14580.886023225072,59686.4863172658,54030.492572347524,5655.993744918276,21586.564899534478,0.0,0.0,59686.4863172658,70651.53479152742,68455.28540789915,639.4226017183005,2959.2168181351813,11271.301394180076,8850.190089467726,8277.346173607137,8587.972884516183,0
2025-03-13,M7,38693.594076518726,6246.233094436877,18266.170156372627,63205.997327328194,57587.94087764445,5618.056449683747,23850.981002628374,0.0,0.0,63205.997327328194,69710.98537259593,70569.40976319497,242.6870105103338,342.49593333333314,11593.647423762617,9155.03862107798,8587.972884516183,8849.990431371445,0
2025-03-14,M7,14530.243620283873,2455.7514469632174,8256.448842522812,25242.443909769907,23506.124843876467,1736.31906589344,12153.510234500334,0.0,0.0,25242.443909769907,39596.12527813247,40031.92317194459,164.10093650369546,21307.64077542316,7625.3039242816085,5094.548447597207,8849.990431371445,10052.154577005771,0
2025-03-15,M7,14830.433694395697,1659.3346659052577,8119.609338818205,24609.37769911916,22295.247934708234,2314.1297644109254,11038.15411590948,0.0,0.0,24609.37769911916,36835.0038255593,39127.038122640566,727.1455430923966,16743.857038183793,6253.298424272903,5521.388032908526,10052.154577005771,9545.247566730804,0
2025-03-16,M7,39552.35469459498,6043.38713855468,13654.01672518539,59249.75855833508,53821.081601880265,5428.676956454816,20866.06718174975,0.0,0.0,59249.75855833508,69380.82069392694,67926.070008027,1213.7866023893098,1798.2975889386837,10484.326473647727,8921.387590282038,9545.247566730804,9068.488514922596,0
2025-03-17,M7,38017.37765345825,6340.393105322299,14033.926743076756,58391.697501857285,51828.68618598615,6563.011315871132,21900.19718862493,0.0,0.0,58391.697501857285,68744.86556561089,66844.24516333801,1687.1256658226575,4643.7812010031375,9992.94058044616,7337.733717267269,9068.488514922596,9909.097573693854,0
2025-03-18,M7,36219.97470355729,6578.162905837068,15128.80100883493,57926.938618229295,52072.83179696813,5854.106821261164,22557.608826546737,0.0,0.0,57926.938618229295,67391.88143407358,65503.252268727316,338.70099218190364,2271.639861489971,11080.480999595755,9313.527951206974,9909.097573693854,9533.166083100059,0
2025-03-19,M7,36578.28688384428,5907.720349432147,14316.615967122569,56802.623200398986,51004.03102168723,5798.592178711755,20945.03290702702,0.0,0.0,56802.623200398986,66048.27492710145,65178.855801666345,195.56448076155033,3121.7711333333327,11337.247112927505,8941.197375356041,9533.166083100059,9802.024734339211,0
2025-03-20,M7,37153.57345935925,6285.951310537274,13634.185220993255,57073.70999088978,51964.361192273784,5109.348798615996,20514.218880833836,0.0,0.0,57073.70999088978,67981.69658658041,65492.870880764014,138.16113845820695,1891.001666666666,10512.778236894703,9258.03197792223,9802.024734339211,8976.82294985308,0
2025-03-21,M7,13633.787631407191,1916.9550486277194,7464.842149812964,23015.584829847874,21480.40116626804,1535.1836635798354,10184.912957572718,0.0,0.0,23015.584829847874,37692.53507768682,38132.58685769644,420.7759117936796,23407.992283651532,8336.760572943607,6066.4064273590475,8976.82294985308,9739.455879547832,0
2025-03-22,M7,14090.19668468474,2130.226656324169,7265.799320965118,23486.22266197402,20914.9169024388,2571.305759535222,10710.55322073055,0.0,0.0,23486.22266197402,37697.801841433014,37759.57508443503,224.26084865825516,19993.254489136772,7207.758149267011,5546.8981359603395,9739.455879547832,10063.218062821099,0
2025-03-23,M7,35570.35599002911,5435.724124262655,15553.357356807006,56559.4374710988,52415.963726025795,4143.473745073003,21079.542667637113,0.0,0.0,56559.4374710988,65106.25713965311,65312.42054229601,1282.39277885315,4065.324994414021,9400.898826366523,8205.916174004353,10063.218062821099,9406.342368768353,0
2025-03-24,M7,35487.8325457194,5662.064238275944,14200.25295000016,55350.149733995495,50304.36384276574,5045.785891229752,19826.970859679568,0.0,0.0,55350.149733995495,64938.58672319647,63975.796713303826,551.9806743300081,4154.8467745121525,10459.565668444413,9189.093487316071,9406.342368768353,8609.847595572694,0
2025-03-25,M7,36258.84563027963,5497.369219771258,14505.979678399437,56262.19452845035,51284.52598958579,4977.668538864564,20699.04390147932,0.0,0.0,56262.19452845035,65743.30915984971,65693.98857771125,37.96701896697521,2376.777295951203,12058.124494779026,9729.004948652615,8609.847595572694,8652.154142370906,0
2025-03-26,M7,35881.19898581865,5876.323458795314,13219.904753301242,54977.427197915196,49703.323684216375,5274.103513698821,20327.69523109827,0.0,0.0,54977.427197915196,66901.44419336742,64679.43208584881,1165.1823449103329,4895.56582802167,11717.923069015706,8691.794022765554,8652.154142370906,9540.735990301095,0
2025-03-27,M7,35989.510825613725,6377.236068195234,12635.819981614404,55002.56687542338,49155.39312413505,5847.1737512883265,20400.532879725466,0.0,0.0,55002.56687542338,66970.55711716934,63473.83593699676,240.06303419820438,2987.4772134760533,10500.493787004421,8971.187497681916,9540.735990301095,9023.194290069621,0
2025-03-28,M7,13586.626553248885,1515.048611152522,6718.803159853705,21820.478324255113,20824.66920468151,995.8091195736015,8770.614051858021,0.0,0.0,21820.478324255113,36819.53130294789,37267.88748323445,186.30398653005994,23829.571387235977,8581.674444399887,6151.543101598135,9023.194290069621,9911.653399364921,0
2025-03-29,M7,13639.942115344942,1693.0775258878443,7836.524830566208,23169.544471798992,21585.480099026903,1584.064372772089,11123.831478893573,0.0,0.0,23169.544471798992,34896.29504746807,37235.094120110705,7.6417601990831745,28498.596992251194,6209.32427766435,5187.67809333725,9911.653399364921,9735.958478888117,0
2025-03-30,M7,34308.82971056318,4449.429176150286,12274.547949392223,51032.80683610567,46739.46186592321,4293.344970182465,17006.15006381449,0.0,0.0,51032.80683610567,62786.5551233133,61860.46320652324,284.53598067441396,4710.63545,10614.865104854342,9095.19302900551,9735.958478888117,9183.567041028688,0
2025-03-31,M7,34417.357465372486,4084.667693542982,14946.004690695243,53448.02984961073,48612.78599908486,4835.243850525869,19207.189576831253,0.0,0.0,53448.02984961073,60113.45369213923,63059.568084826045,1222.37675894785,3990.4846933728318,9091.33468342049,8196.017534248449,9183.567041028688,8259.082106942187,0
2025-04-01,M7,35781.195156932954,5540.119668557416,15814.110150606422,57135.42497609678,51190.79021648679,5944.634759609988,22203.187912234363,0.0,0.0,57135.42497609678,65731.09236438868,65946.61042719914,910.7330506815003,2115.2943833333334,10880.294522964265,8168.5630464466085,8259.082106942187,8975.166014891567,0
2025-04-02,M7,35498.38906591091,4184.554557073737,14974.52182477191,54657.46544775654,51731.82771366376,2925.6377340927793,18745.94878152376,0.0,0.0,54657.46544775654,63280.427277432886,65767.50376512427,958.1902032931409,1634.1406499999998,12494.69696921504,9754.859457383898,8975.166014891567,9381.660556758556,0
2025-04-03,M7,36280.31703393102,4974.756739878812,12703.621663524733,53958.69543733454,49169.18636205053,4789.5090752840115,18426.527344385624,0.0,0.0,53958.69543733454,64545.07341778462,63610.34868319954,900.8449803402617,5139.062066666667,10215.47821764887,8508.566848122919,9381.660556758556,9121.627788061513,0
2025-04-04,M7,13210.898708013003,1204.7187452142432,6427.980266150218,20843.597719377474,20054.08013627731,789.5175831001652,8301.068064595345,0.0,0.0,20843.597719377474,35372.14395328627,36427.293510598596,258.4270207583866,27451.090541910147,8088.254120048996,5801.280422118931,9121.627788061513,9955.189360417904,0
2025-04-05,M7,13081.049812899764,1253.0067856518447,7260.367015615932,21594.42361416754,20259.90501348248,1334.51860068506,9215.74449288203,0.0,0.0,21594.42361416754,33926.432416997326,35984.2038599362,63.867755126435355,22936.682171886732,6615.391325935414,5675.852376345716,9955.189360417904,9602.538913375649,0
2025-04-06,M7,34004.38596022529,4268.809799687483,12687.526594894865,50960.72235480764,48371.29515201206,2589.4272027955813,16862.613101917457,0.0,0.0,50960.72235480764,62055.86132160663,61839.73640139564,696.2236178836908,5092.914749571246,10324.632796342175,8684.111029068137,9602.538913375649,9245.696175563458,0
2025-04-07,M7,33738.56765696672,4702.574947115813,14813.341292374282,53254.483896456826,47220.39180276412,6034.092093692707,20576.06338626238,0.0,0.0,53254.483896456826,60239.31540322062,62592.36661061125,1986.147470672102,5395.596735761517,9857.989759298242,7890.086638453937,9245.696175563458,9351.12402731639,0
2025-04-08,M7,34447.14227557715,5771.576261773972,13476.373671487063,53695.09220883816,47876.65117895367,5818.441029884496,19868.70744184629,0.0,0.0,53695.09220883816,64597.57863949217,62603.64906259005,689.6142966945957,6375.576771560909,9792.766291141945,8607.501913474058,9351.12402731639,8600.722674372963,0
2025-04-09,M7,35293.16552445722,5053.90276324637,12174.248772453391,52521.31706015696,48432.37994409291,4088.937116064051,18378.37954682767,0.0,0.0,52521.31706015696,65061.57406651832,63578.0805272854,249.643116557067,2384.9615716071016,10828.193699379455,9019.028876924887,8600.722674372963,8324.953807231264,0
2025-04-10,M7,35351.728148732844,4643.90822490761,12679.390107449706,52675.02648109016,49877.05206194134,2797.9744191488207,17969.368184942115,0.0,0.0,52675.02648109016,64597.556746640694,64048.21820424524,1011.4152576538613,5878.416033960786,11026.049155242657,8328.300142612063,8324.953807231264,8994.731221825137,0
2025-04-11,M7,12912.887819952113,1164.9822465755753,6869.323760855317,20947.193827383006,19561.362554451873,1385.8312729311328,8792.240598343666,0.0,0.0,20947.193827383006,34537.50207393951,36122.49256328348,104.85591652246673,28379.614714549854,8336.887052489035,6015.515286944546,8994.731221825137,9814.023694682448,0
2025-04-12,M7,12325.628938970598,1247.6765506544134,7777.105073674426,21350.410563299436,19680.155608547444,1670.254954751992,9997.06557999017,0.0,0.0,21350.410563299436,33024.19922044893,35659.948922080766,182.2714197345967,25095.354331552393,6734.64411494777,5377.481494153993,9814.023694682448,9900.223960186566,0
2025-04-13,M7,33335.7453693097,4349.11272382363,12090.038829945575,49774.89692307889,47090.42920096871,2684.467722110181,16516.848091642052,0.0,0.0,49774.89692307889,61591.48171420854,60758.23384163442,928.2120651580924,4775.256533333332,9181.344156796365,8402.937396986703,9900.223960186566,8826.836593540287,0
2025-04-14,M7,33741.27146245897,4788.041724016415,13334.295542250586,51863.608728725994,47274.32645985703,4589.282268868963,19065.86174800556,0.0,0.0,51863.608728725994,62035.14491416074,62236.20738286226,1296.3744753917063,5978.369864835618,10091.122485668515,7657.691243033578,8826.836593540287,9400.301005049092,0
2025-04-15,M7,32434.696166563204,4843.3734437355215,13607.195789607802,50885.26539990653,46976.88000780099,3908.3853921055415,18433.594279237615,0.0,0.0,50885.26539990653,61195.82106885023,61012.41529959439,1528.633032259032,8193.645298736305,8361.945145380701,7211.237010114987,9400.301005049092,8913.566069097289,0
2025-04-16,M7,33732.775934636935,5486.286987828684,13622.40299658207,52841.46591904766,47218.60635570242,5622.859563345242,20132.002127483145,0.0,0.0,52841.46591904766,63414.22713213293,62726.547378566036,1135.045796253453,4063.3985833333336,9549.746024084156,7801.2349751049005,8913.566069097289,8840.298629545361,0
2025-04-17,M7,33748.66440736823,3370.9114306787446,12555.024109971171,49674.599948018134,46498.04891077537,3176.551037242767,15799.781779839526,0.0,0.0,49674.599948018134,60166.34127753727,61878.86106987723,1166.5305285817058,5645.246999999999,9712.26107845713,7513.519887161597,8840.298629545361,9232.978169977228,0
2025-04-18,M7,12394.578012293257,1183.3895158636924,6421.703240126123,19999.670768283064,18477.901699355836,1521.7690689272276,8102.083348862427,0.0,0.0,19999.670768283064,34350.2758476829,35280.01606026747,239.7283823048915,26296.391977151034,8028.107773816695,5638.32925633847,9232.978169977228,10193.46488159173,0
2025-04-19,M7,12019.2100873246,1219.9367211035062,7174.4769413174,20413.62374974551,17801.815491765963,2611.808257979548,9906.847863156418,0.0,0.0,20413.62374974551,31497.624363753286,34131.29510353926,362.11511920900995,25806.117109753206,6708.16324712526,5529.779622548221,10193.46488159173,10086.612223395328,0
2025-04-20,M7,32060.26786510955,4573.886988046566,12292.464282504823,48926.61913566096,45622.55747287623,3304.061662784734,17110.747864812707,0.0,0.0,48926.61913566096,60248.40311625394,59725.512389900556,1114.7905157603777,5383.612948443026,9809.280909921836,8539.916867558011,10086.612223395328,9426.168522816093,0
2025-04-21,M7,32717.851240564392,3827.697470306497,11265.263765970325,47810.812476841216,44648.196124367496,3162.6163524737203,15249.905641951034,0.0,0.0,47810.812476841216,60673.69858480977,59721.220300770794,909.8952032688412,8687.828741011843,8689.090540547184,7082.504567390399,9426.168522816093,9376.900489985894,0
2025-04-22,M7,31827.503606610244,3320.4937786183377,13705.773826618923,48853.77121184752,45497.62646632897,3356.144745518548,16413.013212955968,0.0,0.0,48853.77121184752,57149.47883287228,60105.37026169385,1171.9666498648348,5059.292957487212,9634.86046039766,7913.679122722522,9376.900489985894,9255.298101318775,0
2025-04-23,M7,32711.048526211915,5572.6387449122885,13111.59889896271,51395.286170086896,45875.74422896649,5519.541941120406,19969.957166381355,0.0,0.0,51395.286170086896,61885.84764853137,60636.03849032044,1926.0171500890287,5083.947948678503,9916.100770959969,7689.944096073728,9255.298101318775,9635.406466211929,0
2025-04-24,M7,32194.64647833976,3902.9931107040597,11837.197857237596,47934.83744628142,45289.503066751684,2645.3343795297333,15404.06426460169,0.0,0.0,47934.83744628142,59434.13942843466,59090.81358092805,1576.5535011107058,9244.6178771905,8090.953371910734,6911.4178692838905,9635.406466211929,9237.911312838383,0
2025-04-25,M7,11720.350672653223,1176.665905416434,6414.018964683637,19311.0355427533,18328.11522334313,982.9203194101683,8092.344054036778,0.0,0.0,19311.0355427533,33688.120028317615,34571.57892288176,223.36614166487584,30524.51169648256,6959.701264864648,5136.357830130325,9237.911312838383,9794.57819551621,0
2025-04-26,M7,11747.225051132888,1201.227903469688,7235.550426288937,20184.003380891514,18087.877890499232,2096.125490392282,9777.25528699833,0.0,0.0,20184.003380891514,31201.08654112315,33885.92417832177,22.487444707613378,32912.421497032155,6606.860806229216,5726.039202980547,9794.57819551621,9378.487140033007,0
2025-04-27,M7,30808.138908460995,3267.469818103491,11791.07019460744,45866.67892117195,42664.15525735124,3202.5236638207134,14452.25007204155,0.0,0.0,45866.67892117195,57130.24185871272,58110.18767078261,967.1213927779343,8264.956933333333,9359.34863763925,9054.710476301241,9378.487140033007,7741.111495795849,0
2025-04-28,M7,33894.49004745962,2708.166835385313,10825.923716366933,47428.58059921185,45374.290310808836,2054.290288403012,13209.401701860399,0.0,0.0,47428.58059921185,60602.427057048546,61843.04372725628,59.54789723056837,2334.4915583906336,12383.084191575821,9556.047236607403,7741.111495795849,8268.057005316976,0
2025-04-29,M7,32217.418235995254,3526.9976248853595,11215.733844637667,46960.14970551827,44061.06238253946,2899.087322978812,14733.723184148901,0.0,0.0,46960.14970551827,60766.964639363374,60142.50774889409,1350.5436118949065,9220.482822183385,9775.237911084556,7636.97031293542,8268.057005316976,8580.24855536483,0
2025-04-30,M7,31114.50768378508,4728.761467425099,11491.61163543095,47334.88078664114,43779.50574146394,3555.3750451771994,16501.850992322587,0.0,0.0,47334.88078664114,61037.12306908842,59530.032056246724,1842.1927806089457,7007.12515362116,9709.012735637429,7285.153046954144,8580.24855536483,9223.745520822795,0
2025-05-01,M7,31019.85075151471,3875.8532953660692,12442.542210999734,47338.24625788052,45037.41221075022,2300.8340471303018,15054.263610249447,0.0,0.0,47338.24625788052,57534.71039659226,57487.98316105394,258.4551452042143,7733.323931626566,9626.370105646678,11141.544821423511,9223.745520822795,5507.984369878685,0
2025-05-02,M7,13908.97891608641,1028.4110146921525,6792.276351361062,21729.666282139624,20823.307240360526,906.3590417790983,8193.194750222921,0.0,0.0,21729.666282139624,36722.98817004681,38539.055588949974,0.0,21247.708758051675,11305.90742372998,8304.88067616502,5507.984369878685,6455.655855496759,0
2025-05-03,M7,13635.604768576517,1277.3744245535643,7497.375579783874,22410.354772913957,19665.616895797295,2744.7378771166623,9620.976592625142,0.0,0.0,22410.354772913957,35853.34685589785,38263.986995746265,78.43750314377579,26514.93030018687,9948.187540800525,7144.739998384905,6455.655855496759,7470.424644011784,0
2025-05-04,M7,35727.22779391163,3412.927761415833,12301.671714386588,51441.82726971405,48915.49990598915,2526.3273637249004,16272.461914998194,0.0,0.0,51441.82726971405,62990.6585048571,63433.51887318616,2750.8140030075974,6885.1811275720165,9603.52427356584,7540.667864292627,7470.424644011784,7735.076641007011,0
2025-05-05,M7,35727.0404311872,4677.974717857179,10948.688239248087,51353.703388292466,48487.625351206305,2866.078037086161,16574.169197376003,0.0,0.0,51353.703388292466,65546.87504582884,63271.49762694446,1412.0989740595344,4807.039820247977,11536.92169521267,9560.569662575717,7735.076641007011,7495.4509860587295,0
2025-05-06,M7,35758.832068883385,3309.019624387331,13301.358892240347,52369.210585511064,48312.44250906205,4056.768076449014,16452.975813145615,0.0,0.0,52369.210585511064,61123.9232253308,63520.92960645456,1210.3209070760881,7152.122292060094,11618.91310188322,9330.509061231498,7495.4509860587295,7585.240487496413,0
2025-05-07,M7,35407.703050337936,4199.111938899255,12819.32406354172,52426.13905277892,49443.439099850264,2982.699952928655,16211.829141735041,0.0,0.0,52426.13905277892,63762.564618766075,63977.0671031962,1468.8878602863329,6384.295390603413,10136.407609046399,9080.369706739939,7585.240487496413,6618.7076614826765,0
2025-05-08,M7,37843.98296018997,3201.5321307107997,13480.15121318919,54525.66630408995,49664.564745607,4861.101558482951,16226.870139159742,0.0,0.0,54525.66630408995,64862.142793286,67237.24310584107,2542.6887843316745,4060.6600930621375,12240.486226006236,7433.104397558973,6618.7076614826765,9376.140378711654,0
2025-05-09,M7,13696.075713782218,1610.4129988627471,8047.018498345629,23353.50721099059,20853.74825989341,2499.7589510971775,11356.716263377077,0.0,0.0,23353.50721099059,34848.15419467583,37509.37868313773,575.180395104358,26622.995458290294,7375.704032029613,5563.887052286533,9376.140378711654,9832.177282775498,0
2025-05-10,M7,13308.665980163112,1211.799967356073,8474.280904311861,22994.746851831045,21201.648974969004,1793.0978768620407,11063.842650024153,0.0,0.0,22994.746851831045,32776.636837391976,36751.45357796755,635.9874634575601,23236.68736884497,6401.837862637467,5644.10440030578,9832.177282775498,9322.604247698353,0
2025-05-11,M7,35664.398860211615,3106.908955598904,13691.484527177254,52462.79234298779,48229.4870328376,4233.305310150194,16377.464884100762,0.0,0.0,52462.79234298779,59685.709007467805,63298.52001908477,1754.246895882396,4748.457333333334,8993.199638661958,7681.462932126248,9322.604247698353,8881.525109020502,0
2025-05-12,M7,35598.562544482775,4274.305100026766,12420.919300553864,52293.78694506341,48945.47235100152,3348.3145940618924,16943.20426045809,0.0,0.0,52293.78694506341,62684.1861557341,63216.39372323398,3164.065175378104,6500.976674098195,8197.069865955185,6576.913225530825,8881.525109020502,8951.206626679243,0
2025-05-13,M7,35316.95873907678,2161.0447822421456,12232.415590211,49710.41911152993,45786.276730545556,3924.1423809843764,13667.7164940347,0.0,0.0,49710.41911152993,59029.0668781187,62242.86475913966,1870.7845816749418,5098.755975188925,9474.89620463263,7330.78476902351,8951.206626679243,9333.29680082248,0
2025-05-14,M7,34249.82476487583,3342.424671932324,12906.109852291209,50498.35928909936,48763.91536456035,1734.4439245390095,16226.591142991025,0.0,0.0,50498.35928909936,60467.465886858496,62301.485211714724,2739.8436305095165,5454.490818895758,8338.112999545152,7245.111020569035,9333.29680082248,8787.475144225296,0
2025-05-15,M7,35721.60042003623,3766.0833548795654,13698.836113296451,53186.51988821225,48586.73328990323,4599.786598309016,18693.84171252709,0.0,0.0,53186.51988821225,60046.84490789715,62779.471197255145,1402.0491126552777,6043.442499999999,9951.511887759843,7382.590586493304,8787.475144225296,9540.957413772157,0
2025-05-16,M7,13623.527027387065,1365.2534619762025,7724.947521392756,22713.728010756015,19906.07847237575,2807.649538380265,10010.170182579854,0.0,0.0,22713.728010756015,34219.81680066611,36599.796950997144,830.261899998437,31835.95846568151,6223.6705916722985,5005.600539688431,9540.957413772157,9580.482568845635,0
2025-05-17,M7,13232.383270428365,1393.1697368350124,8672.812931895625,23298.365939159004,21552.550262814486,1745.8156763445186,11674.80892958611,0.0,0.0,23298.365939159004,32359.5960315401,36587.7956605466,53.15071189696337,24848.226144223336,6880.700139590964,5643.080418497998,9580.482568845635,9503.023340590838,0
2025-05-18,M7,33897.32410544408,3402.374677336781,14663.716154636862,51963.414937417714,48564.203761682234,3399.2111757354796,18803.4957337338,0.0,0.0,51963.414937417714,58015.96619265719,62738.88062950301,2792.2009925670477,4020.7441166666663,9666.947111727652,7417.179691458352,9503.023340590838,9961.964972858672,0
2025-05-19,M7,33183.472505961,4292.496714823109,12634.398183306434,50110.36740409054,46193.17110874955,3917.1962953409893,17390.74436408692,0.0,0.0,50110.36740409054,58214.213735252226,59486.50230233951,1399.4469007040602,9624.463767896053,7839.690317814737,6892.315234075332,9961.964972858672,9359.558221030455,0
2025-05-20,M7,33271.23277859776,3578.99803972282,13219.338786095686,50069.56960441626,46042.11083170978,4027.458772706479,17435.328864548705,0.0,0.0,50069.56960441626,57198.77882637405,60571.98099540411,1867.278734036392,3493.4263806022354,8464.93702828663,7781.055964187812,9359.558221030455,8332.383808501962,0
2025-05-21,M7,34469.768745981695,3566.0431759175,12345.639823470641,50381.451745369865,46648.33280783689,3733.1189375329777,15479.532836078333,0.0,0.0,50381.451745369865,60662.21947221028,61943.654425295754,1583.6467814908478,7510.20315,8770.146821303148,7282.95761083158,8332.383808501962,8133.340824528596,0
2025-05-22,M7,33204.342890827946,3448.5237902164595,14252.313072719864,50905.17975376428,46152.56444826801,4752.615305496271,18635.185059615764,0.0,0.0,50905.17975376428,57082.82540850612,61268.487749524385,1158.30458109068,6350.696854379767,10262.526173132681,7319.670675745405,8133.340824528596,9236.646962853121,0
2025-05-23,M7,12635.304010231232,977.0817913420295,8330.844767757273,21943.230569330542,20469.99134468731,1473.2392246432319,11182.960121845841,0.0,0.0,21943.230569330542,31217.510909110337,36068.47234699418,111.76348261660162,27541.077858087898,7420.487182124651,5425.805059168305,9236.646962853121,9886.413138800524,0
2025-05-24,M7,12808.71997606347,1342.9239288335305,8403.997936918666,22555.64184181567,20866.315499650034,1689.3263421656375,12104.255673612532,0.0,0.0,22555.64184181567,31077.186698264813,35492.210839175794,333.00363556320355,30087.78321279377,6697.573404402572,5380.65079691708,9886.413138800524,9935.72831729942,0
2025-05-25,M7,33000.19876508269,4423.6232695965855,12683.945312337073,50107.767347016365,46469.834735860844,3637.93261115552,17544.617961853786,0.0,0.0,50107.767347016365,58815.458727894635,59289.707779473414,1538.0258295187687,8665.733877464765,7716.471195687545,7175.533306530995,9935.72831729942,8907.737608383768,0
2025-05-26,M7,32731.96003632589,2674.4403351065566,13085.371171243392,48491.77154267584,45790.838626571676,2700.9329161041605,15645.037149540516,0.0,0.0,48491.77154267584,55799.88839162361,60093.70570882902,315.38109026711976,3482.113129837033,10062.761783172275,8346.38324444741,8907.737608383768,8690.464052741685,0
2025-05-27,M7,34193.52384303069,3858.150541805284,11905.172683332688,49956.84706816869,46701.7358050488,3255.111263119892,16339.690743609997,0.0,0.0,49956.84706816869,59833.63435967496,60960.24542414955,1659.722870893447,7449.19721563586,9595.974900400175,7135.01686277993,8690.464052741685,9399.044948901916,0
2025-05-28,M7,33182.159046457906,3860.0055680234523,14188.388678921601,51230.553293402954,47420.14714628862,3810.406147114336,18092.987475435566,0.0,0.0,51230.553293402954,57608.80695655625,60961.53260613952,1053.4111238561,6010.420401693464,9367.175438861967,7743.298458272004,9399.044948901916,9225.837890242125,0
2025-05-29,M7,32408.662097044118,3691.7588372497,15396.190788142983,51496.6117224368,47094.6776754356,4401.934047001196,19197.332235462156,0.0,0.0,51496.6117224368,56074.789291353,60746.3538449321,513.0901577328148,4933.774629411083,9937.923586918621,8748.558029130416,9225.837890242125,8449.349086101754,0
2025-05-30,M7,13324.391632019593,1364.8344140157287,7567.150618131234,22256.37666416655,20567.704946588718,1688.6717175778322,10070.339125055894,0.0,0.0,22256.37666416655,33781.525292745646,36431.61689383107,196.66263684139437,27352.980892546377,8276.740105957822,5991.000008181188,8449.349086101754,9241.748505706913,0
2025-05-31,M7,12699.88035758585,1333.0031914409108,7936.929922174284,21969.813471201047,20294.508243474433,1675.3052277266142,11378.92247858315,0.0,0.0,21969.813471201047,32173.445010082396,36041.05060276194,359.23191971050716,25249.7884786454,7882.520984084834,5839.672329678799,9241.748505706913,9847.492580629048,0
2025-06-01,M7,38413.89514838805,3377.452044634084,19241.77193570815,61033.11912873027,57328.01603919234,3705.10308953793,20458.12873542229,1659.7640738421303,10563.087812659378,71596.20694138965,59383.19779159122,66513.6522601882,24.238033116742635,281.9529333333335,9118.430167636483,12476.031100056223,9847.492580629048,4191.822953661637,10
2025-06-02,M7,42432.6107438586,4393.883391345262,15931.76430216615,62758.25843736999,56692.47878125483,6065.779656115155,20768.34995178065,1446.34207699304,8773.292418811328,71531.55085618132,68836.50967351024,71386.08914964186,249.0530049020947,825.3294861955916,15493.445123991518,12376.203838454298,4191.822953661637,4384.585966971452,12
2025-06-03,M7,47009.78751653322,4489.215856417749,16590.929469720184,68089.93284267114,63133.42263359665,4956.510209074491,20585.767545898194,0.0,0.0,68089.93284267114,74720.0351109581,77730.87714450853,1653.4298073089683,2513.987543394426,14859.358164907359,9488.265204435542,4384.585966971452,7215.491421570818,0
2025-06-04,M7,45616.243353063255,5837.761614085434,16285.847100063073,67739.85206721174,62619.743998113634,5120.108069098111,23710.930614495755,0.0,0.0,67739.85206721174,74239.83503971354,74573.50296538809,1842.533679826606,774.6162900306331,11678.814734656797,9367.722555792603,7215.491421570818,7317.844065214593,0
2025-06-05,M7,45858.787443479465,5341.785564344202,18437.843755016114,69638.41676283977,63961.00288232047,5677.4138805193,23344.734068535538,0.0,0.0,69638.41676283977,72035.43727592449,75842.3579302964,1843.6831380154156,1227.7634833333334,11445.209699656014,9823.616407375022,7317.844065214593,6703.403453377207,0
2025-06-06,M7,18213.64759007966,1677.5499268378048,9764.353208652397,29655.550725569865,27018.065130581763,2637.485594988102,12579.401736130814,0.0,0.0,29655.550725569865,40373.645604729085,44127.10910922138,179.37867852810527,12833.086,8949.886878458741,8690.237847765455,6703.403453377207,5102.481813139574,0
2025-06-07,M7,20136.64406951656,2238.079596105529,9287.10272786345,31661.826393485528,28612.592429595523,3049.233963890005,13205.374160615494,0.0,0.0,31661.826393485528,46138.124072599385,47351.15728315897,811.9230831400333,11386.982775113827,10778.694763109492,6752.956504871046,5102.481813139574,7300.02209452585,0
2025-06-08,M7,50559.926093980524,6925.777767962594,15472.202293124634,72957.90615506774,67794.03957313621,5163.866581931536,25093.86485785539,0.0,0.0,72957.90615506774,81761.4261967192,80664.36381954367,7549.130561551459,3138.895748893803,10503.651739713994,5712.237497282262,7300.02209452585,10406.378107732595,0
2025-06-09,M7,46621.58047133576,6851.082945261792,17680.010695552457,71152.67411215002,64690.89759453918,6461.776517610844,25923.948719715547,0.0,0.0,71152.67411215002,74420.74320657749,75022.1219822754,2077.020867598717,1257.7740287949077,9569.132175512965,8814.517822964512,10406.378107732595,9224.688373511466,0
2025-06-10,M7,45783.88156483116,5513.646094476828,18093.00145957887,69390.52911888681,64449.14832046786,4941.380798418955,24273.48047134952,0.0,0.0,69390.52911888681,71454.55935309167,75501.67419139518,1617.5887339393717,544.4425940901285,10711.14585582571,8989.947225793363,9224.688373511466,8875.889392873094,0
2025-06-11,M7,47449.719738189604,5808.474778590926,19886.1912336139,73144.38575039445,67611.4466198174,5532.9391305770405,25238.353134190023,0.0,0.0,73144.38575039445,74299.83551947663,78709.14910323334,1077.2953927284434,217.5704333333332,11272.917602107329,9943.080641602415,8875.889392873094,7973.647855211456,0
2025-06-12,M7,47986.663084899155,6549.66048990235,18947.410831063276,73483.73440586479,65572.17561385702,7911.558792007767,26406.6232857547,0.0,0.0,73483.73440586479,75619.89604891551,78002.35067487974,2372.2185217340034,555.1648666666666,11559.354489276571,8936.778636130824,7973.647855211456,8447.312855415003,0
2025-06-13,M7,18133.49511470477,1936.0814042466088,10648.832988610018,30718.409507561388,27848.06387597587,2870.3456315855183,15054.69135466067,0.0,0.0,30718.409507561388,38939.31794821599,44082.26368902373,589.6531144334531,13716.080298559671,7329.814602792543,5898.598026761932,8447.312855415003,8490.148190415039,0
2025-06-14,M7,18880.303960084642,2214.7280151284767,9708.363772695771,30803.395747908886,28381.120785651063,2422.274962257823,13951.905608554162,0.0,0.0,30803.395747908886,40867.323372347135,43880.87683640661,771.2267765476226,15978.504666666666,7048.171829427438,6110.369186235109,8490.148190415039,8044.203741082949,0
2025-06-15,M7,46557.28007983848,5877.664326765609,19631.67332971009,72066.61773631415,65787.09774947759,6279.51998683656,24965.97991551763,0.0,0.0,72066.61773631415,73320.46157922896,77340.90030108395,2025.7336703347796,298.84709999999995,11299.998792251368,6910.653594835536,8044.203741082949,10535.69865984748,0
2025-06-16,M7,44933.16325447129,6094.936835091789,20012.518414129496,71040.61850369259,64385.48546129075,6655.133042401838,25660.701182198136,0.0,0.0,71040.61850369259,70717.45145862334,75135.61105833892,1095.4682049923179,464.4061333333334,9976.8002238194,9095.116320472795,10535.69865984748,9409.134060759614,0
2025-06-17,M7,45054.36480449863,5956.6156757287645,21077.442108886422,72088.42258911385,64649.68059038323,7438.74199873062,26734.042596460404,0.0,0.0,72088.42258911385,70061.58449369446,75891.44470574998,558.9812268046462,194.24276666666685,10673.384182790034,10172.174687178023,9409.134060759614,7712.763506183951,0
2025-06-18,M7,47157.76483242046,6865.640001709726,20224.124851398028,74247.52968552818,64940.423685024085,9307.106000504093,28020.711108697906,0.0,0.0,74247.52968552818,74600.65432842128,77998.2915648862,3325.3557065689506,123.70413971193466,11508.31142004937,7887.470601444046,7712.763506183951,9306.387560401658,0
2025-06-19,M7,44114.278719289716,6052.83241468479,19378.836887389298,69545.94802136385,62844.64234267397,6701.305678689874,25372.85271030244,0.0,0.0,69545.94802136385,69768.33619560812,74410.41618959949,1912.0549717838408,1832.3721666666663,11131.891964475592,8725.407113326606,9306.387560401658,9630.193535844566,0
2025-06-20,M7,17441.791724347688,2712.983130447337,10650.979307680233,30805.754162475263,27726.39607793673,3079.358084538533,16508.792546234403,0.0,0.0,30805.754162475263,38313.91835561494,42506.78175642899,928.2223153091443,17899.874823916725,6611.56315258569,5333.45938538257,9630.193535844566,9654.534389413277,0
2025-06-21,M7,17593.351720141687,3116.8401728775802,10580.148681565335,31290.34057458461,28695.20594200202,2595.1346325825907,17172.87739476081,0.0,0.0,31290.34057458461,39098.61584223529,42633.70304068785,1124.1351947782975,20208.330058128784,7449.039712959093,5482.5423251783195,9654.534389413277,10266.956436433878,0
2025-06-22,M7,41862.4451366115,5912.991561672814,19618.80157452931,67394.23827281363,60342.912652730585,7051.325620083044,25872.434710340807,0.0,0.0,67394.23827281363,65548.59850784615,70790.13705755428,1862.8050001541235,899.6366999999999,8714.815226780556,8144.460969380389,10266.956436433878,9060.88906344706,0
2025-06-23,M7,42507.80335484487,5858.137692705013,17591.87189407415,65957.81294162404,59593.58520935639,6364.227732267653,23378.213655178908,0.0,0.0,65957.81294162404,68288.7912475802,71483.71118507425,1735.8932373575904,1810.1046204986496,10130.305983834576,9253.878656616562,9060.88906344706,7896.077052657546,0
2025-06-24,M7,45584.475751563696,6211.127912310142,21239.079038293443,73034.68270216725,66129.09388932046,6905.588812846792,26122.651375476744,0.0,0.0,73034.68270216725,72152.01802336263,77538.12435142526,2.2737367544323206e-13,0.0,13676.207743804236,12406.875642378976,7896.077052657546,6419.246641660278,0
2025-06-25,M7,44893.1100649297,5937.277419012648,20181.32462732512,71011.71211126746,64188.69159570055,6823.020515566917,25348.60590808616,0.0,0.0,71011.71211126746,72513.94645428553,77506.13368718476,1056.3955171362627,699.3324498413918,13868.473292460789,8555.488938920345,6419.246641660278,9394.773783852386,0
2025-06-26,M7,42747.22060128802,5778.122130794226,18128.148169844313,66653.49090192656,60256.20938970581,6397.281512220754,23877.040313890575,0.0,0.0,66653.49090192656,68084.1260013279,72189.69313716228,1534.8290297363155,1392.328880234913,10420.959661712372,8705.808267854643,9394.773783852386,9100.517181777252,0
2025-06-27,M7,16295.757966398913,2714.817813383418,10391.666295652749,29402.242075435075,26414.196808757268,2988.0452666778074,16436.34484784032,0.0,0.0,29402.242075435075,37173.101707881404,41527.80280419552,199.5762105595805,19670.20135699737,7757.189733652151,5870.81036368025,9100.517181777252,9558.865315752799,0
2025-06-28,M7,16847.861250665283,2646.9032387781845,10238.501106424003,29733.26559586747,26158.422387448496,3574.8432084189735,15719.500592013477,0.0,0.0,29733.26559586747,37320.01029876643,41227.923330881036,287.23283141650404,17904.774813109496,7036.213235531746,5777.223665843375,9558.865315752799,9472.319821238727,0
2025-06-29,M7,42377.072979007586,5872.461304887096,18157.90271986025,66407.43700375497,59701.52812441307,6705.9088793419,23234.611651443196,0.0,0.0,66407.43700375497,68255.2425415857,71357.64754251993,332.6837555336997,0.0,10460.768176000665,8703.572922347772,9472.319821238727,9216.374599252908,0
2025-06-30,M7,42980.04019910881,5950.568923737119,17509.616073527945,66440.22519637385,59717.172328058274,6723.052868315579,24561.97031929494,0.0,0.0,66440.22519637385,68360.20556470432,72427.62028750006,419.8369302364493,112.92567808619299,11991.487227827984,9974.313531983884,9216.374599252908,8926.142513204884,0
2025-07-01,M7,50234.846730079524,7530.384169828331,26925.55486236222,84690.78576227008,74081.63626665584,10609.149495614241,31274.68033327825,0.0,0.0,84690.78576227008,70890.19125769072,78949.7485663147,7.673861546209082e-13,0.0,13335.136470421774,13251.931937440404,8926.142513204884,6203.396517206249,0
2025-07-02,M7,52219.01853203605,7524.009654453125,24167.637153814485,83910.66534030366,71865.51042556351,12045.154914740153,31156.41032906481,0.0,0.0,83910.66534030366,73589.78442239686,79370.05500941261,696.8537707044261,1917.07403916091,14440.46990409606,10589.109071215436,6203.396517206249,7434.142685097767,0
2025-07-03,M7,56325.87954369913,7642.486289443001,23122.000658324218,87090.36649146637,76018.2246409054,11072.141850560962,29321.739961988547,0.0,0.0,87090.36649146637,78483.46824401687,82843.759088015,11.938799621377385,965.2532991587802,13260.897630339929,11154.749574438418,7434.142685097767,6974.784358583234,0
2025-07-04,M7,25359.17704011367,2656.9243351232067,13490.159812785305,41506.261188022196,37373.26355943914,4132.997628583056,16998.207203632326,0.0,0.0,41506.261188022196,45128.30984591884,51304.02101274802,8.526512829121202e-14,19283.456207421143,9989.121955514347,6849.4246168541395,6974.784358583234,8354.522322041546,0
2025-07-05,M7,25278.648079726292,2505.479077825297,11747.047649080654,39531.17480663225,35267.94421343017,4263.230593202075,14952.47144706995,0.0,0.0,39531.17480663225,46220.080754027294,50825.41666459449,2.842170943040401e-14,20562.886521226188,8340.058141406671,6867.607964705034,8354.522322041546,8229.899132968621,0
2025-07-06,M7,59035.64891077024,6646.5506733698385,19570.801856082115,85253.0014402222,78919.89454253833,6333.106897683872,23104.96433548904,0.0,0.0,85253.0014402222,81208.58963531483,84902.80113056074,2156.377922979731,1362.1285500000001,11159.21194156683,9568.898833985826,8229.899132968621,7641.0800648389595,0
2025-07-07,M7,59305.45971883737,7732.063143654461,18436.190825147605,85473.71368763944,77212.24789493927,8261.465792700168,25159.646703744835,0.0,0.0,85473.71368763944,83602.56698961202,85277.1824423015,4554.9361967557925,2524.3256666666666,11428.875651672306,6640.437839459915,7641.0800648389595,10548.803885277468,0
2025-07-08,M7,61416.23177283236,9457.08310230695,17423.54647638062,88296.86135151994,80132.02334674337,8164.838004776568,26154.414871620258,0.0,0.0,88296.86135151994,89471.46358641869,85596.01807467896,4001.02474880149,4184.0982,8491.745294529002,6652.237185318214,10548.803885277468,10800.0,0
2025-07-09,M7,58728.22767964093,8242.179109999783,17467.46026412268,84437.8670537634,77373.39179450803,7064.4752592553705,25523.194506780328,0.0,0.0,84437.8670537634,84148.61087912369,82661.1399721088,4780.272793748028,2380.9670720164613,7585.132050934989,6143.956961257341,10800.0,10800.0,0
2025-07-10,M7,58260.67257495027,7854.285758357112,15753.92074706561,81868.87908037298,73566.22157622094,8302.657504152041,22223.739710627957,0.0,0.0,81868.87908037298,81487.90994273388,79599.98266245476,2127.190478227052,4103.21355,7480.731713284685,6964.776462390302,10800.0,9794.018028189215,0
2025-07-11,M7,26044.370768868816,3448.185977284033,11791.214153748679,41283.77089990153,38224.21213553329,3059.5587643682375,16160.797482996284,0.0,0.0,41283.77089990153,47166.11983057996,50268.81428744979,459.75172484179075,16323.322703674909,6818.9924968585565,5852.029787925461,9794.018028189215,9428.855955444737,0
2025-07-12,M7,25151.794233189015,3257.7367433786676,12537.11983001931,40946.650806586986,36688.634983359356,4258.01582322763,16649.752982003985,0.0,0.0,40946.650806586986,45874.61872257966,50521.30595523675,55.1813179866171,18595.18671726386,6782.7766265506125,5996.082039897667,9428.855955444737,8871.041541676208,0
2025-07-13,M7,54332.50913145564,6388.966258156978,16724.852635755273,77446.32802536793,72096.22682605228,5350.101199315643,21617.27907316781,0.0,0.0,77446.32802536793,77242.86896804605,78646.56750763234,1298.7981788515551,6643.544905109427,8228.61048175289,6792.106458081518,8871.041541676208,8730.006021829904,0
2025-07-14,M7,53917.071861405915,5039.417497183048,16582.010199242555,75538.49955783148,71302.0641597938,4236.435398037691,19811.918097586025,0.0,0.0,75538.49955783148,74169.63079434598,77588.88882937655,657.1557195490232,3581.9097417695466,9578.165869888147,8036.021718496832,8730.006021829904,8421.442284177192,0
2025-07-15,M7,55775.11006972168,6086.337103473252,17333.94805110021,79195.39522429509,74652.83942689841,4542.555797396679,22737.6916830408,0.0,0.0,79195.39522429509,80005.78675777848,81093.24388257535,2434.6904718918863,2517.198641626418,9313.831687766982,5921.527502043276,8421.442284177192,10224.415800897163,0
2025-07-16,M7,54144.77707419532,5875.515554732571,17600.736819907273,77621.02944883516,72791.43028469277,4829.59916414239,21617.26757242212,0.0,0.0,77621.02944883516,75630.16406176535,77694.94521406232,1953.1034571405878,3226.274050887343,7862.724775488437,7481.720452787392,10224.415800897163,8987.845373517433,0
2025-07-17,M7,55539.3047741351,5239.80689976692,17372.78749625906,78151.8991701611,73927.14614855692,4224.753021604178,20211.49269473766,0.0,0.0,78151.8991701611,76540.41528432028,79316.41621840809,761.5223625251317,3804.6075490031094,9554.393866875887,7524.523626662701,8987.845373517433,9226.218046302722,0
2025-07-18,M7,24686.487305002593,3326.148579951137,12206.371601175468,40219.007486129194,36282.53670186358,3936.4707842656135,16702.51334904487,0.0,0.0,40219.007486129194,45921.14787097821,50190.95708091247,620.3467944020052,16780.80361781561,7010.755780906995,5495.197212212143,9226.218046302722,9430.1235688833,0
2025-07-19,M7,24568.45196910575,3314.549351007849,12591.636495609568,40474.637815723174,36337.66333783204,4136.974477891134,17101.801865205194,0.0,0.0,40474.637815723174,45582.513694303154,50323.491154410025,606.9063577552965,21482.441906772285,7013.581904503182,5962.258064620742,9430.1235688833,9117.61610002423,0
2025-07-20,M7,55088.7309738673,4813.624470367206,16384.33319842116,76286.68864265566,72520.99796292919,3765.6906797264674,19901.58929829664,0.0,0.0,76286.68864265566,77292.37758530544,78929.62540721709,1732.7399129378346,2832.0436500617234,9063.554543113969,6788.6909155631,9117.61610002423,9731.825282645577,0
2025-07-21,M7,55315.051981164586,4981.581781968362,17056.07984078649,77352.71360391943,72577.91760674743,4774.795997171997,21038.12059312209,0.0,0.0,77352.71360391943,75614.37911765694,78963.00986513798,2036.1655626384875,2156.7484674244392,8404.367577298282,7624.021092223222,9731.825282645577,8824.621555299338,0
2025-07-22,M7,54565.25828818677,6206.923886967699,20692.644520676877,81464.82669583139,75099.258019174,6365.568676657393,24530.90946844733,0.0,0.0,81464.82669583139,75657.12852507146,80177.48090400045,1455.4614063287581,2959.199566666666,8975.48967615464,7007.814361816275,8824.621555299338,9116.10186182043,0
2025-07-23,M7,53321.46069831409,5765.17920285149,18820.496934100203,77907.13683526582,72896.98129874696,5010.155536518854,24483.94031083118,0.0,0.0,77907.13683526582,75012.9113716871,78428.32254060096,231.2374207740481,2507.3994968785705,9826.698543626335,8353.56003734465,9116.10186182043,8678.397176256753,0
2025-07-24,M7,54752.45694539933,5267.374770480901,19614.282061728114,79634.11377760836,75087.77048727857,4546.343290329794,22802.218412815262,0.0,0.0,79634.11377760836,76180.72369277473,80295.26182825322,1157.3176262466006,3451.4094110543956,9100.036286300454,7029.9734953482275,8678.397176256753,9057.348172429143,0
2025-07-25,M7,23500.62159487812,2904.456257549856,13022.397934330693,39427.47578675865,35281.65756168316,4145.818225075491,17305.357683698476,0.0,0.0,39427.47578675865,43742.505273099276,49542.83874481737,679.5719358715672,21110.459233539095,7162.84656653904,5915.358557798997,9057.348172429143,8931.289462537616,0
2025-07-26,M7,24497.01400720644,3238.4551582248664,12252.759059168975,39988.228224600294,36627.018194710676,3361.2100298896185,16490.177780804457,0.0,0.0,39988.228224600294,45502.90102371356,49994.058834042546,313.03305971531177,19359.00081879165,7946.595317238785,6093.661928369869,8931.289462537616,9312.48977208601,0
2025-07-27,M7,54887.94864490616,4324.207583961892,18112.926580430558,77325.08280929859,73795.56531111248,3529.5174981861055,21091.7315852257,0.0,0.0,77325.08280929859,73700.99816145794,78617.05667978167,385.4520470933826,3017.016200000001,9848.08826411638,8318.689631428084,9312.48977208601,8932.780730426213,0
2025-07-28,M7,54893.42381578819,5171.611706109374,19940.07049430324,80005.1060162008,75384.98481760129,4620.121198599518,23472.672002347634,0.0,0.0,80005.1060162008,75880.67583473548,80153.00759135942,324.6400049001113,593.1406289474178,9209.210042275756,7928.860318097193,8932.780730426213,8411.224970588622,0
2025-07-29,M7,55073.79797929124,5448.562298748066,22238.10488662912,82760.46516466842,78523.20961101758,4237.255553650844,25521.81254631421,0.0,0.0,82760.46516466842,76441.83283708332,82588.10406385103,2041.6576593661966,1300.1881500000002,9397.985389410656,6220.9730849258085,8411.224970588622,9957.21950447399,0
2025-07-30,M7,54803.20120116931,6280.396513258613,20293.958142839772,81377.55585726768,75430.15803999352,5947.397817274163,23432.66533590481,0.0,0.0,81377.55585726768,75674.05414817482,79884.87128456925,626.3431299677496,3493.836230958009,8596.368253484185,6934.93037984069,9957.21950447399,9988.472732786762,0
2025-07-31,M7,53924.9358520381,4853.062214532157,18682.23668734042,77460.2347539107,73405.1531746785,4055.0815792321955,21536.9681500252,0.0,0.0,77460.2347539107,73636.99642508083,78692.94598357711,1533.6594132020066,2182.937833333334,7900.432700820112,7619.080230445008,9988.472732786762,8633.217463030413,0
2025-08-01,M7,23619.523373248023,3274.26117213089,13485.595618716949,40379.380164095885,36706.68558414095,3672.6945799549358,17928.431315678215,0.0,0.0,40379.380164095885,44282.51384783212,49781.0035429136,612.3018470646116,25595.691883333333,8446.754729346263,6125.104583497275,8633.217463030413,9429.62496000063,0
2025-08-02,M7,23340.05503403809,3176.362650656824,11295.930814354175,37812.34849904908,34911.56479435565,2900.7837046934364,14929.778124040582,0.0,0.0,37812.34849904908,44719.431357870664,48176.42261331956,321.4590910738663,25615.38372926577,7156.212646120827,5843.657786474231,9429.62496000063,9377.2632454269,0
2025-08-03,M7,50438.71747631118,4297.124504540491,17112.433808993796,71848.27578984546,68197.95737943616,3650.3184104092943,19259.812538889757,0.0,0.0,71848.27578984546,70419.73573566122,75185.21297488024,1560.8936198358751,9404.208391391421,7672.049073748845,6291.4180934292335,9377.2632454269,9291.642863546162,0
2025-08-04,M7,50646.17616822491,5984.620840406368,16377.506533585332,73008.30354221658,67469.59714656077,5538.706395655812,21673.504571825535,0.0,0.0,73008.30354221658,72307.11567440277,74572.77161272187,1200.2985827851394,7191.281608694526,7892.662448960869,7127.126111051999,9291.642863546162,8476.010055330948,0
2025-08-05,M7,50992.6709108703,6026.095982157514,17875.4617936536,74894.22868668142,69268.50396664425,5625.7247200371785,22013.911859380638,0.0,0.0,74894.22868668142,72578.71237410577,75830.95815415395,1177.0957358465566,6719.4588456464335,9214.539279201756,6432.445439874123,8476.010055330948,9621.933806752395,0
2025-08-06,M7,51834.44981700404,5996.018706599529,15575.858904210949,73406.32742781451,67857.45111803358,5548.876309780928,20582.69188654465,0.0,0.0,73406.32742781451,73240.40951426649,74452.67971074555,1090.6292993508357,5850.405455515597,7884.217573778505,8486.971884566059,9621.933806752395,7287.760862524089,0
2025-08-07,M7,51719.88597562311,5459.047958636802,17347.871316951238,74526.80525121116,70041.06401420267,4485.741237008493,21394.636849241055,0.0,0.0,74526.80525121116,74245.0962223968,76858.47821679202,1196.8916242039927,8200.990634873753,10856.371672642781,6783.760964928511,7287.760862524089,9520.983184648696,0
2025-08-08,M7,21627.447298332852,3236.873087893813,12540.28209908762,37404.60248531428,34063.35709222068,3341.2453930936026,17062.944450123672,0.0,0.0,37404.60248531428,42555.209123207474,47009.467186277,503.85996270541483,29806.720345338028,7151.7665810818335,6228.050952848274,9520.983184648696,9037.516493346482,0
2025-08-09,M7,22772.48261077748,3103.6612538479458,11390.31476819307,37266.45863281851,35075.550352891594,2190.9082799269163,14868.09850302907,0.0,0.0,37266.45863281851,43605.870234763745,47133.497330105616,118.11936772009041,27142.911287782117,7412.805081607043,6462.267407003639,9037.516493346482,8528.743947899888,0
2025-08-10,M7,50842.025566904005,4433.189907234827,15973.501144520238,71248.71661865903,67108.80579541619,4139.910823242841,19005.074413639424,0.0,0.0,71248.71661865903,70702.87585695357,73812.039877213,683.4566102846527,6048.426400912752,8955.636823707538,7180.099007691939,8528.743947899888,8610.9293029123,0
2025-08-11,M7,50244.63106522579,3612.57075843413,15642.833732128815,69500.03555578871,67006.71370861554,2493.321847173167,17695.040916979655,0.0,0.0,69500.03555578871,69375.8785053905,74427.42234416268,658.5099721547646,7215.116175087425,9734.607764601296,7742.064901014122,8610.9293029123,8769.781956593324,0
2025-08-12,M7,50201.40007645956,4355.23528347281,18213.256259010996,72769.89161894335,68557.3830714858,4212.508547457546,21519.513523580943,0.0,0.0,72769.89161894335,69933.41768764675,75108.63874448634,879.8696799376669,5928.923787832395,8419.685522828491,7880.383896112213,8769.781956593324,7591.5168203476205,0
2025-08-13,M7,52340.507913652575,3926.534361452562,14667.983516561717,70935.02579166685,67600.71736754064,3334.3084241262113,17462.758524696736,0.0,0.0,70935.02579166685,72438.46392688468,76085.14811670026,1563.3709564883434,4935.571540534978,10338.655211752524,6873.429042075582,7591.5168203476205,9259.163130840918,0
2025-08-14,M7,50311.34064149848,4203.862822724239,16689.600115473782,71204.8035796965,68084.99630361739,3119.807276079111,19218.355403050064,0.0,0.0,71204.8035796965,69394.6301332859,73944.27246876317,814.8640474352547,6031.754533333333,9688.004180991556,8516.641276330298,9259.163130840918,8515.432142255208,0
2025-08-15,M7,22743.128170843313,2799.660921287824,12062.3225003116,37605.11159244273,34700.23974116865,2904.8718512740816,15342.823687360938,0.0,0.0,37605.11159244273,42939.998847072784,48019.25339648367,54.05484580379258,28866.89181002423,8291.994868662157,6353.41501133984,8515.432142255208,8918.877511451325,0
2025-08-16,M7,22254.09615364733,2806.003701809664,12719.640037130304,37779.739892587306,34583.7418300652,3195.998062522107,16722.75709431598,0.0,0.0,37779.739892587306,41922.775984065374,47654.42465859757,134.90097687755917,29076.696001051943,7643.700324709638,6130.153010708237,8918.877511451325,8986.926680680846,0
2025-08-17,M7,49782.09349549756,4795.896796224443,16781.443081414116,71359.43337313613,66645.87269719924,4713.560675936882,20243.082566451845,0.0,0.0,71359.43337313613,70044.4724052595,73558.0572413563,540.2166004322012,7981.433273858368,9358.200747858544,7487.186997459472,8986.926680680846,9090.210689909674,0
2025-08-18,M7,50535.82064456565,4273.179856370726,17411.5437532137,72220.54425415005,67121.20705403567,5099.337200114387,20240.71122387486,0.0,0.0,72220.54425415005,68670.59861214206,74473.24628704009,561.1452944416249,7740.633522713226,9537.800457639089,7760.448604420502,9090.210689909674,9051.510430206514,0
2025-08-19,M7,51021.92513794709,4275.705217588978,16913.794051032295,72211.4244065684,67278.81759702436,4932.606809544042,19565.73913967461,0.0,0.0,72211.4244065684,69976.41543263997,75282.69570409379,1213.1607948039073,8139.900948161067,8300.113805331324,6688.139894202497,9051.510430206514,9090.346305890826,0
2025-08-20,M7,51687.69146037486,5012.896116968458,16540.99256913262,73241.58014647597,68590.0410291415,4651.539117334469,19782.1125162955,0.0,0.0,73241.58014647597,72437.88730271149,74462.04964725056,72.80369242661044,2574.1260283220176,10325.356495451379,9160.9276356161,9090.346305890826,8204.358667779183,0
2025-08-21,M7,51466.62490539547,4551.3666140512105,16692.38805107043,72710.37957051708,67630.40866966371,5079.970900853368,20291.274615755116,0.0,0.0,72710.37957051708,72636.023391622,76209.08689602793,1741.2555974241322,6043.806214872648,9534.40147642347,6954.794876025645,8204.358667779183,9057.770134309594,0
2025-08-22,M7,22527.4624082157,3161.932688376756,12622.835413375238,38312.23050996769,35591.87935819571,2720.3511517719817,17206.97370837926,0.0,0.0,38312.23050996769,42673.46722218854,47623.76652306626,9.414691248821327e-14,25707.438393688113,7518.864154748704,6833.105425370558,9057.770134309594,8232.408512060583,0
2025-08-23,M7,23366.640891270185,2748.373567402272,11098.122254132953,37213.136712805426,33808.2143437898,3404.9223690156286,14184.9213186831,0.0,0.0,37213.136712805426,45336.69560326204,49063.45633157742,2.572233973528803,24323.918666807644,8266.32562270939,6059.366341913139,8232.408512060583,8939.472303706661,0
2025-08-24,M7,51381.54135027214,4708.190010871729,17142.060001939975,73231.79136308382,68049.04333361457,5182.7480294692505,19529.499451616273,0.0,0.0,73231.79136308382,71278.93454177567,75002.46175173734,305.02758659368146,9203.902758885502,8887.301347967577,7127.359425042752,8939.472303706661,9018.755266829983,0
2025-08-25,M7,51369.80365222399,5567.92917109135,17539.475895873464,74477.20871918881,69679.70209856045,4797.506620628366,23068.37483125519,0.0,0.0,74477.20871918881,74372.39374851054,75751.12028539364,790.7893911797389,3360.3812137921045,9069.427926004006,8242.565262248872,9018.755266829983,8022.834553290397,0
2025-08-26,M7,52416.44927660978,4482.545030591596,16631.391472371582,73530.38577957297,69347.97540950218,4182.410370070793,19288.176645113377,0.0,0.0,73530.38577957297,73417.64779851126,77116.24593288827,1138.1393905353352,7276.910401789795,9791.760628001837,6619.382870772022,8022.834553290397,9480.549262078703,0
2025-08-27,M7,51790.65532198834,4736.584459618055,17701.893045074743,74229.13282668115,69294.71972482826,4934.413101852886,20379.006513766806,0.0,0.0,74229.13282668115,71659.06293869478,76283.58576397202,1257.1585193553274,5950.5103590456765,8552.761862653759,7390.993843749415,9480.549262078703,8965.819556523287,0
2025-08-28,M7,52269.78016470863,4281.620481941093,17591.722115870136,74143.12276251985,69847.65782417663,4295.464938343226,20120.236005243452,0.0,0.0,74143.12276251985,71607.67122123187,76880.47817081733,1122.523196009617,2915.7434039038326,9811.63541989791,7737.218832327355,8965.819556523287,9199.381620734339,0
2025-08-29,M7,23252.727680744472,3353.966414530255,12082.52239676175,38689.216492036474,35439.90907462623,3249.307417410244,16526.04372130947,0.0,0.0,38689.216492036474,44897.09150922104,48752.35059295583,656.2030749416379,24177.93867210165,7427.0359543261,6064.047458413557,9199.381620734339,9145.883470279428,0
2025-08-30,M7,23769.500855330803,2553.463911973516,11511.085908150191,37834.05067545451,35644.06091661322,2189.989758841293,14341.015380405523,0.0,0.0,37834.05067545451,44369.84958165973,48905.17007156047,366.13249290654255,28969.470299999997,7274.597606866309,6217.750161545711,9145.883470279428,8784.410025852763,0
2025-08-31,M7,50176.118089186355,4880.940394426088,17587.868251502638,72644.92673511503,68114.19619388391,4530.730541231125,21122.78852831104,0.0,0.0,72644.92673511503,71542.74720014312,75525.89705417395,1029.3635466461417,5627.436168576291,9547.841099354915,7325.366843736733,8784.410025852763,9238.170522231374,0
2025-09-01,M7,42166.00524928131,5866.164329777838,16054.609234155123,64086.778813214296,59446.22575023614,4640.553062978157,25840.02639818749,0.0,0.0,64086.778813214296,72521.84334595795,72449.15288244485,7865.859815616137,8215.000739801057,7307.954019487128,4513.796225792814,9238.170522231374,10800.0,0
2025-09-02,M7,38198.49219508565,4290.873493983427,16001.71971407761,58491.08540314669,53654.04939365042,4837.036009496267,21479.87037654624,0.0,0.0,58491.08540314669,61879.47096432239,66122.22442938255,3264.901173853854,7073.165099945791,9086.327924120584,7359.9256185376735,10800.0,10800.0,0
2025-09-03,M7,38312.35792849394,4770.543067619489,16505.02833133127,59587.929327444705,54935.09058406349,4652.838743381217,22003.950779350133,0.0,0.0,59587.929327444705,61694.75585195822,65066.53415416254,1083.0972510881993,7239.792740578836,7784.5404332573335,6588.6135207618345,10800.0,10485.404700196237,0
2025-09-04,M7,37945.12236204307,5092.132318469099,15799.135157399363,58836.389837911534,53564.07329607836,5272.316541833177,21140.330199690183,0.0,0.0,58836.389837911534,62526.24988286795,64772.73807849677,1212.8385527311812,8007.006703886166,9304.55004535992,7677.222773480498,10485.404700196237,10329.25221493072,0
2025-09-05,M7,15463.948394162084,3178.145259958121,10928.468855862358,29570.562509982563,26738.31807721878,2832.2444327637822,17789.62748861146,0.0,0.0,29570.562509982563,38032.323469091105,41233.58326032526,2097.2552039243847,30771.359108292054,6636.072061545145,5095.364780102996,10329.25221493072,10640.200647984693,0
2025-09-06,M7,15277.921938795027,3347.9067809615117,11103.958629912544,29729.787349669074,26289.820437211627,3439.9669124574466,17629.723415110417,0.0,0.0,29729.787349669074,38219.59899053085,41025.645722065296,2126.8848700553344,29769.8771180092,6652.5295641419625,5244.729530141206,10640.200647984693,10800.0,0
2025-09-07,M7,35450.385895948355,3306.644719203419,17092.278317965163,55849.30893311697,51567.12029316316,4282.188639953805,20436.645226050627,0.0,0.0,55849.30893311697,55594.58542346197,62923.645427738586,1023.9027703683201,5293.471833333334,9558.143756074713,7912.856548704447,10800.0,10610.266548573414,0
2025-09-08,M7,31672.28611453679,2617.257835040953,18581.839854001282,52871.383803579,49323.67459863701,3547.7092049419953,18629.15609455432,0.0,0.0,52871.383803579,51416.38951140709,59294.181916370195,2.8421709430404007e-13,2860.0478584526977,9604.279723552543,12565.715198968379,10610.266548573414,5292.212523139174,0
2025-09-09,M7,35757.348948080464,2800.813843687203,18200.981135430455,56759.14392719811,52819.9267482663,3939.217178931809,19253.99686249777,0.0,0.0,56759.14392719811,58799.147041122706,66642.31960230129,403.19740185867175,8663.150793238534,13830.457001605691,9357.31986106827,5292.212523139174,7342.601756730668,0
2025-09-10,M7,36864.529188015775,2990.1016715320816,18669.25547630493,58523.886335852796,53760.8749897469,4763.011346105894,21282.376715092723,0.0,0.0,58523.886335852796,58435.24520151154,66939.39311505636,6.821210263296962e-13,1867.0794279730535,13564.974810772059,9808.659773688763,7342.601756730668,8652.568226771335,0
2025-09-11,M7,36577.59516603907,4155.9602282605465,17293.77509513565,58027.33048943525,54680.043203770474,3347.2872856647737,21320.971151339058,0.0,0.0,58027.33048943525,61038.99210848988,65333.776895130846,492.93474792508624,8975.785612403757,10565.368443741168,8196.397692272494,8652.568226771335,9054.291279168949,0
2025-09-12,M7,14647.538232599027,1399.376822099168,11071.215122037765,27118.130176735955,24915.12715950787,2203.003017228086,14378.962959364355,0.0,0.0,27118.130176735955,34650.71059524073,41093.95408740817,638.2877176048282,26541.234069811893,8352.62196001739,5989.845860025944,9054.291279168949,9916.266754266882,0
2025-09-13,M7,15533.683321421206,1896.5040520518164,9617.931944089887,27048.11931756291,24464.82606165903,2583.293255903878,12720.284371130538,0.0,0.0,27048.11931756291,38010.49867426693,40981.280967735984,1180.2983512065007,30168.920296520402,7654.659067561852,6029.698230886104,9916.266754266882,10105.795214087995,0
2025-09-14,M7,37899.51906598946,2973.725068706817,16246.303653660152,57119.547788356416,53585.283083390736,3534.2647049656807,18323.269673083712,0.0,0.0,57119.547788356416,59954.56080644861,65272.7013599903,557.2765920245142,4130.626066666668,8728.278098149365,8242.80414685023,10105.795214087995,8802.574228144385,0
2025-09-15,M7,37516.97360791442,2759.9798234607174,15658.163992499636,55935.117423874755,51471.91743032136,4463.199993553397,16410.132143120492,0.0,0.0,55935.117423874755,59741.47513829796,64958.68995277272,123.23734123157203,8402.323640384595,10347.04011570724,8980.94177788401,8802.574228144385,8136.086134632004,0
2025-09-16,M7,39862.109080659815,3072.188469542037,17200.462448493985,60134.75999869582,55128.223167965596,5006.536830730227,18715.103484169344,0.0,0.0,60134.75999869582,63174.18200252055,69140.46185067543,1688.406853159345,5644.7750573923295,10298.808120967355,7983.2981641769165,8136.086134632004,8534.68214997271,0
2025-09-17,M7,39897.49310079478,3834.85084606842,15138.039352158112,58870.3832990213,53955.647949762075,4914.735349259223,17911.008446193187,0.0,0.0,58870.3832990213,64606.35551252578,67655.75539283594,525.4512186032537,5025.574333094621,10096.826182733557,7952.214741595491,8534.68214997271,8786.03155710459,0
2025-09-18,M7,38406.39225337439,3798.7901885808383,16549.77379766642,58754.956239621664,53693.11971947703,5061.836520144636,19501.300306751484,0.0,0.0,58754.956239621664,62468.452238548634,67294.19618851601,879.3733178270794,5711.3068,9962.320523932389,8214.855569910113,8786.03155710459,8624.50272874362,0
2025-09-19,M7,14728.840533391458,1345.3321106579003,10831.93353850272,26906.106182552074,24492.31917193076,2413.787010621312,13447.086034927741,0.0,0.0,26906.106182552074,34718.44879778534,40497.58026659154,13.846196074681771,22513.706861807383,8369.979965534683,6501.305073491878,8624.50272874362,8933.812393844972,0
2025-09-20,M7,14622.9468901123,1545.6060970877797,10069.744433734893,26238.297420934978,23632.306045680278,2605.9913752547,12443.924987767528,0.0,0.0,26238.297420934978,35812.29035419126,40198.820269877026,2.842170943040401e-14,22874.088758078447,8624.523483481642,6945.225705016393,8933.812393844972,8978.966078960239,0
2025-09-21,M7,40528.28789483348,3482.9688294094194,15620.825809035878,59632.08253327878,55266.740508064766,4365.342025214013,18416.864368362185,0.0,0.0,59632.08253327878,64562.76442108519,68998.48871046858,3447.235499019824,5608.420673464268,9173.645255987893,7518.300201336739,8978.966078960239,8881.579918975181,0
2025-09-22,M7,40841.34444950429,2947.408971307894,15815.996600451197,59604.75002126338,55407.73124318754,4197.018778075842,17731.04413106671,0.0,0.0,59604.75002126338,64019.99681234744,68452.00979284874,1103.598899749537,5213.787849999999,9756.860299400878,8236.257139635007,8881.579918975181,8511.357366619297,0
2025-09-23,M7,40804.78176564527,4443.007065842,17225.0180914109,62472.8069228982,56992.177089934245,5480.629832963954,20662.06019416223,0.0,0.0,62472.8069228982,66566.45156526312,69875.23828454403,818.6241252234736,5015.592303063672,9904.11142215048,7979.705149226921,8511.357366619297,8558.718591858158,0
2025-09-24,M7,40528.98422994652,4822.93279782447,15126.391996439643,60478.3090242106,55348.97159537466,5129.337428835934,19089.308465341404,0.0,0.0,60478.3090242106,67211.37182872766,68786.86164504047,801.9468263224571,4110.8217355841425,11680.23570714802,8869.367724014148,8558.718591858158,9216.077701608998,0
2025-09-25,M7,41698.002506348945,3459.599995264881,14802.349909996477,59959.952411610306,55123.45675784526,4836.495653765043,17327.206648214316,0.0,0.0,59959.952411610306,65598.35552558381,69147.17163354,1589.6346985517378,5756.57570809224,9541.665150452376,8076.1528235563455,9216.077701608998,8830.073199731301,0
2025-09-26,M7,14977.761258310473,1640.978421866104,9848.626325521147,26467.366005697728,23288.903405215064,3178.462600482664,13349.186518885803,0.0,0.0,26467.366005697728,36429.60621223296,40991.29576779496,574.287326515884,20966.656777478052,7766.509249838696,6010.401086037672,8830.073199731301,9141.708095655385,0
2025-09-27,M7,15120.859218247924,1363.29205308067,11095.99773576541,27580.14900709401,25185.588885756773,2394.5601213372356,13720.14945548895,0.0,0.0,27580.14900709401,34522.265746403034,40832.9110227132,5.684341886080802e-14,22240.472242448355,7931.012828042588,7139.876297777744,9141.708095655385,8346.423754474006,0
2025-09-28,M7,41403.53687775584,4794.457084809055,17430.253164368616,63628.247126933515,57284.678830630604,6343.56829630291,20530.72990323437,0.0,0.0,63628.247126933515,68697.6429272815,70971.1626025172,981.6986748689906,3712.184948784115,10330.885774852059,7541.2359626546395,8346.423754474006,9265.069882224592,0
2025-09-29,M7,41867.50607456781,3546.999330035854,15313.804951299491,60728.31035590315,57195.469564363186,3532.8407915399657,18550.968246183184,0.0,0.0,60728.31035590315,65764.42645183823,68836.75859074388,390.7890658448444,4016.0655338490374,9867.173165274718,8197.160774224723,9265.069882224592,9037.569315166595,0
2025-09-30,M7,41446.54092422711,4948.471561679083,18234.254020674583,64629.26650658076,58147.773215586516,6481.493290994244,22843.273399244084,0.0,0.0,64629.26650658076,67321.24232059495,71256.97255096308,57.725804811304,3438.3912665138264,11067.86703477278,8729.186321801506,9037.569315166595,9299.553733349307,0
2025-10-01,M7,39824.81103512199,4967.603329340162,13499.135473162001,58291.54983762415,53386.38923315482,4905.160604469333,20348.967234700896,0.0,0.0,58291.54983762415,67411.38880295909,68081.43512544615,3533.569645503679,11715.399406094788,9581.804739624911,6410.860199110553,9299.553733349307,10800.0,0
2025-10-02,M7,37476.69283592296,3515.5625733966317,14560.41987208031,55552.67528139989,50924.55731506701,4628.11796633288,18023.93711935787,0.0,0.0,55552.67528139989,61367.974076556784,64804.55065032317,2757.3476093669997,8583.725266666666,9119.445566435998,7386.750908813153,10800.0,10800.0,0
2025-10-03,M7,13474.439979488781,1456.9786020548881,8815.249399828668,23746.66798137234,20708.547958227613,3038.1200231447256,11576.103363436276,0.0,0.0,23746.66798137234,33782.95089327625,37292.86633374631,588.5181919709639,27607.45452366978,6735.473253187147,5455.733335081584,10800.0,10800.0,0
2025-10-04,M7,13045.35817716125,1523.0727131566243,10995.58957015994,25564.020460477812,23819.80502038343,1744.2154400943837,13505.713647894718,0.0,0.0,25564.020460477812,32592.15017844087,37830.75191554123,404.90127197546235,23215.104271440825,7095.420628333137,5980.656689541524,10800.0,10540.704466009234,0
2025-10-05,M7,37011.72990554046,3788.001067735892,14827.96129023832,55627.69226351467,51153.687130741455,4474.005132773214,18404.9606197937,0.0,0.0,55627.69226351467,61194.09243210736,64005.31038911397,477.8114524716205,7024.013300046363,8882.13300279522,7114.608432865893,10540.704466009234,10629.503687562838,0
2025-10-06,M7,35956.94159479658,3840.6070153640494,15938.167362682114,55735.71597284274,50509.359592582914,5226.356380259829,18963.245273225788,0.0,0.0,55735.71597284274,58989.109443825386,63178.30869745156,41.93565222827635,4301.835264329571,9620.437051985027,8519.008521091311,10629.503687562838,9822.332010914577,0
2025-10-07,M7,36677.999633094056,4820.710856846378,16270.352145325478,57769.06263526588,53428.38139473175,4340.681240534133,20097.900433901472,0.0,0.0,57769.06263526588,63571.55849240571,65522.441407127735,185.9974451968756,5013.189159274997,10974.365383523287,8422.673580867418,9822.332010914577,10340.734655121738,0
2025-10-08,M7,33806.71333864091,3299.1533656356564,15477.06667054512,52582.93337482169,48000.51755392303,4582.4158208986555,16873.69723261923,0.0,0.0,52582.93337482169,57783.084792363574,61391.32136450378,252.4026472703808,4521.247970684011,10037.062026433876,9897.886946551145,10340.734655121738,8376.438316077621,0
2025-10-09,M7,35908.65540323408,3204.3900612392877,13967.44614674242,53080.49161121576,49820.52810991069,3259.963501305072,16366.558155375302,0.0,0.0,53080.49161121576,61437.06426471828,63526.41521938794,5.115907697472721e-13,5869.847477298708,11783.79406625177,9887.208007495863,8376.438316077621,7996.066300708817,0
2025-10-10,M7,14448.804382078757,1416.5617243668885,7953.553002649832,23818.919109095463,21631.452747978994,2187.4663611164688,10520.96500469155,0.0,0.0,23818.919109095463,36872.83355133728,39197.6143996797,0.0,26772.891544996033,9671.15282032595,6590.040882308947,7996.066300708817,9377.836191992232,0
2025-10-11,M7,13888.15323206518,1277.8619954380183,9521.50058082017,24687.515808323373,22448.73810996843,2238.777698354941,11566.52342063196,0.0,0.0,24687.515808323373,34309.31464645217,38652.84056556942,69.78782308823567,22598.64491065294,8228.330060534214,6350.2358120393,9377.836191992232,9727.51567754047,0
2025-10-12,M7,36139.69478726631,3498.231394505578,14974.219255325626,54612.14543709751,51764.981435160444,2847.164001937068,16926.49438872844,0.0,0.0,54612.14543709751,62525.42679435822,65134.53247212965,1082.9604194612264,4602.580773474876,9588.36096149334,8654.325665633129,9727.51567754047,8741.12313662544,0
2025-10-13,M7,37761.925919880436,4716.214192794116,14339.535530488642,56817.675643163195,52937.47231917118,3880.203323992013,18482.70455144813,0.0,0.0,56817.675643163195,67138.66336696467,66508.96753063511,694.5289322665151,6115.433283333333,11163.579615843808,8491.969600808541,8741.12313662544,9352.823012208704,0
2025-10-14,M7,38718.152389707895,5171.929697953508,13553.515353208391,57443.59744086978,51842.44919568512,5601.1482451846605,18717.073876871378,0.0,0.0,57443.59744086978,67590.10398086061,66310.4470222026,336.32119944747126,3530.0266333333334,10826.009245740563,9155.739339652098,9352.823012208704,8923.187622650661,0
2025-10-15,M7,37639.23092254767,4769.123796861976,14628.213092725911,57036.567812135545,52941.40715640667,4095.160655728876,19201.68480022385,0.0,0.0,57036.567812135545,66433.6285419726,66249.23587423496,217.90156678509032,3081.0801650552894,10090.734427841504,9060.503935446919,8923.187622650661,7937.622012766992,0
2025-10-16,M7,39933.85493372955,4012.1729769152344,13757.151669235944,57703.17957988075,54902.85122352647,2800.328356354279,16520.157425727397,0.0,0.0,57703.17957988075,68845.92299746917,68967.60753769727,431.19471865190883,3667.4941363036364,11692.926809785247,9790.481077043503,7937.622012766992,7582.943833747601,0
2025-10-17,M7,15596.815179790628,1207.1222356127814,8322.485170369757,25126.422585773176,23499.58834819671,1626.834237576466,10243.308157169124,0.0,0.0,25126.422585773176,38534.785248747576,41491.82970237515,376.28055158875145,21570.12868874752,9393.523304622988,5852.302159250776,7582.943833747601,9534.556853185204,0
2025-10-18,M7,14390.92677226153,1746.7686196113464,8433.074061251358,24570.76945312422,21361.46962543309,3209.299827691131,11671.928621415522,0.0,0.0,24570.76945312422,36142.12609783207,38820.75385523962,0.8708280074288979,21111.023406915258,8167.168854810288,6534.9025011600215,9534.556853185204,9624.006043447765,0
2025-10-19,M7,39216.842483690685,4674.2702308298,15456.625130340992,59347.73784486145,54961.482327171085,4386.2555176903625,19138.945521902624,0.0,0.0,59347.73784486145,66904.22657282713,67721.74825646318,479.76869806106373,3213.2054637181486,10042.510384139674,9899.458822789036,9624.006043447765,7662.866697185659,0
2025-10-20,M7,40854.29237702513,4370.641572061499,14819.213757694548,60044.14770678118,57438.320375493735,2605.8273312874444,17886.7076716411,0.0,0.0,60044.14770678118,70929.49438456509,71214.73331069533,953.4474751926468,2585.1165251457023,12391.408200278507,9156.021256588181,7662.866697185659,8641.777125671671,0
2025-10-21,M7,40730.496169791935,4784.100814175697,14628.261151930981,60142.858135898576,57547.656296833324,2595.201839065252,18810.513263471694,0.0,0.0,60142.858135898576,70481.45917311122,70464.00314393823,284.6693097904401,1443.2511818818016,11568.462411895747,9294.961109629745,8641.777125671671,8725.658730122574,0
2025-10-22,M7,40065.06738913639,5379.642252402319,15009.709045065225,60454.41868660394,55636.407766258766,4818.010920345172,19995.75656644431,0.0,0.0,60454.41868660394,70264.03328188878,69779.12196034982,713.400795559271,2229.5751229740968,11780.009550928426,10498.760209111962,8725.658730122574,7662.378204722641,0
2025-10-23,M7,40245.11618708236,6150.072828328442,14689.527976281264,61084.716991692105,56253.54204212049,4831.174949571614,21115.5457908232,0.0,0.0,61084.716991692105,73123.83938521668,70379.35893541781,865.2231587797571,2748.274614072332,12661.512787465563,9275.148658233162,7662.378204722641,8752.018982071473,0
2025-10-24,M7,15397.378078066044,1852.1742612476892,8264.293879639486,25513.84621895322,22854.6316378209,2659.214581132317,11483.924570716827,0.0,0.0,25513.84621895322,38736.16468661593,40519.4295372992,99.53142544567461,19890.283094817576,8786.239642808148,6676.675342438868,8752.018982071473,9241.1065023334,0
2025-10-25,M7,15062.504916029362,1634.374261317847,8491.060182036676,25187.939359383883,23625.952696595214,1561.9866627886695,11373.466908871977,0.0,0.0,25187.939359383883,36923.53609910167,39758.33458791622,2.025210642175068,18853.647497253998,7985.210730625697,6480.981583938987,9241.1065023334,9226.705511075432,0
2025-10-26,M7,41043.93919822438,5045.1900501826785,14109.174198053981,60198.30344646104,55280.34055598134,4917.962890479699,18770.799441271232,0.0,0.0,60198.30344646104,70245.10499130213,69189.08660038013,662.7191784732172,2399.550739584726,10176.782174175414,8594.27750851987,9226.705511075432,8836.612236144558,0
2025-10-27,M7,41240.48028822539,4868.305230938639,14667.28919393713,60776.07471310115,57214.837333177245,3561.2373799239067,18854.566987671988,0.0,0.0,60776.07471310115,70447.77287063107,70431.38194053255,1071.6008563649916,4492.36722138893,10734.004295806486,9419.172099694526,8836.612236144558,8031.469324932035,0
2025-10-28,M7,42276.254695789816,6115.974702809012,13190.176046048542,61582.40544464738,56895.50700915558,4686.898435491799,19739.24084514739,0.0,0.0,61582.40544464738,73683.70689519262,71124.8432431334,812.677965027596,1451.0966713991766,12698.226698743485,9809.579792036868,8031.469324932035,8560.340251537988,0
2025-10-29,M7,42022.93041625294,5698.737308470383,16506.75065935524,64228.41838407855,59395.628422299174,4832.789961779374,21469.40772398869,0.0,0.0,64228.41838407855,72640.659501621,73010.00714617857,383.7660414254533,758.7644497166813,12541.701834121017,9986.481979084587,8560.340251537988,8751.780814375143,0
2025-10-30,M7,41343.066401513424,6308.272728971672,15497.470311684985,63148.809442170066,58176.832234172165,4971.977207997901,21353.25013386381,0.0,0.0,63148.809442170066,72350.39780620945,70487.1731356905,910.8611414128658,2709.498724860803,11248.450978923976,9169.45535950714,8751.780814375143,8687.102962621013,0
2025-10-31,M7,16433.578255222088,1965.63202967616,9118.035447927736,27517.245732825984,24857.833532058306,2659.412200767678,12118.835910691092,0.0,0.0,27517.245732825984,40768.85458687354,42473.66975055481,8.526512829121202e-14,16209.423437232028,7770.776712491771,5410.8224658356485,8687.102962621013,9668.77704182399,0
2025-11-01,M7,16192.097508730869,1916.9451062711216,8372.10527393706,26481.147888939056,25497.107028296246,984.04086064281,10989.126918869655,0.0,0.0,26481.147888939056,40400.83801576178,41736.99023382605,272.2165684904529,17297.769759697978,6795.314209598221,5172.348737293933,9668.77704182399,10037.50567791358,0
2025-11-02,M7,42657.489422657716,5962.497582431024,17060.01471581473,65680.00172090347,59209.45010334088,6470.551617562589,23341.143327806676,0.0,0.0,65680.00172090347,70709.08890997159,71779.05293300994,700.6294363242804,1214.5422333333331,10648.659173000306,9581.161842981313,10037.50567791358,8975.563552523507,0
2025-11-03,M7,42916.410048452235,5195.287046430996,17699.764260073498,65811.46135495671,61984.73371826414,3826.7276366925726,21632.717186303664,0.0,0.0,65811.46135495671,72706.07536080308,73667.5618483595,713.1248158217093,1297.1087375556913,10781.221548908292,8628.823537259515,8975.563552523507,9091.081238474844,0
2025-11-04,M7,42361.211830846034,6529.025804363421,17016.455891305082,65906.69352651456,59667.68444294064,6239.009083573917,23149.76622517527,0.0,0.0,65906.69352651456,72886.50259233659,71993.88897112959,610.8233541776351,2416.0670646046983,10692.08931113203,9305.162792118103,9091.081238474844,8374.891849473548,0
2025-11-05,M7,43889.0357653744,6198.553852862527,16564.317986052843,66651.90760428977,61369.311686002104,5282.595918287661,23025.30005825105,0.0,0.0,66651.90760428977,73995.66127727422,73979.23662805119,235.6196737350216,1106.9973999999997,12811.97082486102,9853.37133721152,8374.891849473548,8957.475217169003,0
2025-11-06,M7,43218.503567782536,5869.857087719083,18304.94250740529,67393.30316290693,61919.30771359932,5473.9954493076075,23846.267275256272,0.0,0.0,67393.30316290693,71801.75794546647,74184.2578756855,887.8525871599921,184.9767166666668,12615.649967244914,10873.805945386071,8957.475217169003,8229.553581704904,0
2025-11-07,M7,17169.941390546894,2567.2043569228044,8781.650784766009,28518.79653223571,25868.746985477213,2650.049546758495,12207.835844830997,0.0,0.0,28518.79653223571,43712.10233625154,44047.827815578115,527.9009973549165,17093.16184968198,8764.156191386402,5655.853006178515,8229.553581704904,9833.013035976543,0
2025-11-08,M7,16542.985341547697,2597.922681499908,8489.231551848145,27630.139574895748,25504.610873510323,2125.528701385425,12667.092284812175,0.0,0.0,27630.139574895748,41444.74100993483,41617.604760216906,412.79237331540037,15988.411892274144,6948.237923805665,5523.044529178301,9833.013035976543,9949.711023870197,0
2025-11-09,M7,43386.7304757489,5888.532788174513,17392.912962838298,66668.17622676172,61345.87833762942,5322.297889132293,22347.76902733485,0.0,0.0,66668.17622676172,72894.09333723516,73065.90104979317,439.25005737704896,941.823364591799,10293.331377880668,9955.320933389678,9949.711023870197,8152.241560196489,0
2025-11-10,M7,44931.28846279461,6389.024879788861,19280.6981891524,70601.01153173589,64860.20390329391,5740.80762844198,24933.255285685045,0.0,0.0,70601.01153173589,75985.16919556612,77338.84878538111,381.532132345521,364.88588450851375,13137.462029037399,10403.474360510318,8152.241560196489,8416.541430207573,0
2025-11-11,M7,45098.037040270945,6355.717513630881,17704.276400169605,69158.03095407147,63321.408357638364,5836.622596433102,23933.6474259909,0.0,0.0,69158.03095407147,74962.5151999731,75471.72062285266,611.7599053126498,1077.2528999999995,12288.537912678858,10064.849761805497,8416.541430207573,8293.059149612442,0
2025-11-12,M7,45727.098668110746,6585.968645908977,17410.117738545297,69723.18505256502,62701.58433713635,7021.600715428671,24801.196671754897,0.0,0.0,69723.18505256502,75801.82244352438,75686.00831561766,450.5045210376917,1346.9846833333334,12457.727012290059,9525.195651043432,8293.059149612442,8921.4627372919,0
2025-11-13,M7,44550.772181897686,6363.577056958183,17236.521167240353,68150.87040609623,62459.35733473967,5691.513071356567,23652.69890008494,0.0,0.0,68150.87040609623,73814.01170844102,74103.54815342744,124.10311622679194,363.861633333333,11651.597417882442,10431.885330681795,8921.4627372919,7816.916712628559,0
2025-11-14,M7,16899.961665924373,2620.8998796671503,8808.946091038462,28329.80763662999,25638.94823177346,2690.859404856532,12973.428060460488,0.0,0.0,28329.80763662999,43075.10022324611,43720.469410055484,47.215456447714644,12743.357915778624,9453.739061921955,6122.29832409281,7816.916712628559,9522.728174921866,0
2025-11-15,M7,17818.508595887804,2191.031342394924,8093.259839885967,28102.799778168694,25781.215291939236,2321.584486229458,11653.813928570025,0.0,0.0,28102.799778168694,41487.45031243105,42575.02724480557,169.0402979210354,12560.685532885542,7541.953109065587,5908.538611733265,9522.728174921866,9745.44307115504,0
2025-11-16,M7,45691.99254101106,6288.901722136386,18690.175140356605,70671.06940350404,65334.15326020951,5336.916143294526,23926.77921466026,0.0,0.0,70671.06940350404,75405.90377503012,76781.9797585452,730.180658857179,404.47926507050397,11366.12810677617,10153.352655491966,9745.44307115504,8693.45541670696,0
2025-11-17,M7,46225.20770849933,6806.3462093772505,20093.41893533507,73124.97285321166,65870.7199333246,7254.252919887062,26666.12387518842,0.0,0.0,73124.97285321166,76633.02649694946,77577.64283607044,1252.5818287370923,943.9378833333333,11858.610854166702,9173.242063500013,8693.45541670696,9173.71400379031,0
2025-11-18,M7,45782.34103224391,6235.0308441133075,18655.891957670614,70673.26383402786,64563.58194405772,6109.681889970147,24651.543469193235,0.0,0.0,70673.26383402786,74866.3802318589,76738.62837995644,192.52655684716652,0.0,11659.44465879754,10003.894669021602,9173.71400379031,8551.775675572979,0
2025-11-19,M7,46889.29688953572,6402.253123997524,21295.3577615643,74586.90777509756,68390.24750450609,6196.66027059147,26760.452223410022,0.0,0.0,74586.90777509756,76201.11592881041,78944.5149598823,402.250369095818,606.597083333333,12562.11758087119,9994.761673418034,8551.775675572979,8752.390750114799,0
2025-11-20,M7,46465.131982722756,6425.673637776176,18263.526304960218,71154.33192545918,65315.1382540361,5839.193671423076,24402.01782347003,0.0,0.0,71154.33192545918,76409.70115582594,77033.83542886106,268.2580327871919,288.71074999999985,11707.323197285765,10023.532584545233,8752.390750114799,8151.723200399507,0
2025-11-21,M7,18501.20763288505,3554.647954758854,7922.548408887279,29978.40399653117,27096.418959664283,2881.9850368668885,13885.735265728406,0.0,0.0,29978.40399653117,47344.99176097292,45254.24075335641,973.651530883566,12193.604699056636,9059.460211183687,5836.859754434144,8151.723200399507,9819.83766331578,0
2025-11-22,M7,18522.933694464125,2791.459652058397,8573.933417377722,29888.326763900244,26817.92268275229,3070.4040811479535,14266.07990081358,0.0,0.0,29888.326763900244,42341.15333535831,43167.314379824005,475.4167448521789,11370.123727320915,7158.791586488767,6056.847162171191,9819.83766331578,9532.919910965455,0
2025-11-23,M7,46793.486587182626,6632.546656151955,20531.144526212032,73957.1777695466,67567.30665016333,6389.871119383271,25942.75542892213,0.0,0.0,73957.1777695466,76516.28230370508,78389.82455035829,877.0498129075265,469.0082336862299,11914.662484261928,10102.99226383074,9532.919910965455,9030.569186989258,0
2025-11-24,M7,47088.68713647383,6456.253635289045,16217.309322774548,69762.2500945374,64393.063402254666,5369.186692282739,22923.895975292853,0.0,0.0,69762.2500945374,76710.79093959612,76052.69082018241,130.4489584805554,588.8579418666752,11421.190081784718,10249.749861949525,9030.569186989258,7921.029302873805,0
2025-11-25,M7,49004.92834934157,6330.396987949743,17709.891443303033,73045.21678059432,67442.28611708447,5602.930663509847,23929.06860036093,0.0,0.0,73045.21678059432,79726.78847646061,80376.46667958972,555.6460306523957,125.73929900639496,13358.099433127009,9831.678549862747,7921.029302873805,9019.23151506283,0
2025-11-26,M7,48032.79091846219,6541.67192803543,20391.605694728016,74966.06854122564,68656.33505615417,6309.733485071469,26043.47818072653,0.0,0.0,74966.06854122564,78084.98022235715,79805.47346804295,401.75468308237225,87.84059068770341,12271.880850125162,9713.669539185616,9019.23151506283,9270.9581255248,0
2025-11-27,M7,47990.821863919,6506.543361967372,19506.279654762147,74003.64488064856,67814.57650138592,6189.068379262637,25188.58270707476,0.0,0.0,74003.64488064856,77290.76971996677,78237.14203390035,744.2779547008504,637.7608999999997,10706.66255250888,9632.45210664271,9270.9581255248,8204.229859846455,0
2025-11-28,M7,18769.854140856027,3819.543128934568,7872.249677840096,30461.646947630692,26587.9086683648,3873.7382792658937,14363.252228577225,0.0,0.0,30461.646947630692,48408.56230119444,45565.61077660408,775.8991972394285,10691.42083687065,9130.314516997252,5953.262324503258,8204.229859846455,9806.777009029254,0
2025-11-29,M7,18160.661660077443,3428.308765409781,9294.703569512681,30883.673994999914,27085.003985706982,3798.6700092929314,15652.704602696625,0.0,0.0,30883.673994999914,44551.49520882306,44556.83413965241,1327.837509933265,7113.987780362142,7366.463003111701,6180.9042537546975,9806.777009029254,9568.922318769017,0
2025-11-30,M7,50332.57062469899,6469.565634994617,20917.63868094305,77719.77494063662,71234.79065152624,6484.984289110376,26209.167473778594,0.0,0.0,77719.77494063662,79470.42114838745,81914.55607254784,220.288574082835,0.0,11792.058803243935,10342.619421445583,9568.922318769017,8689.975884526792,0
2025-12-01,M7,55712.15940389728,7804.180001540792,30486.63847342227,94002.97787886029,83176.54940786494,10826.42847099535,32841.85227553269,0.0,0.0,94002.97787886029,81015.72037111534,87822.71107677587,6.252776074688882e-13,0.0,14321.388885032859,12797.605541590314,8689.975884526792,7359.664168178237,0
2025-12-02,M7,60274.57926973858,7378.199987876003,28795.10450200285,96447.8837596174,85977.00124153035,10470.882518087048,31078.56580388777,0.0,0.0,96447.8837596174,84870.1754382436,91558.53750245992,1.1368683772161603e-12,0.0,15270.84188854737,12350.114336087434,7359.664168178237,7381.0726055515015,0
2025-12-03,M7,62134.19214423436,6945.967136793836,25171.311009236397,94251.4702902646,87123.40464173304,7128.065648531556,28769.751181955875,0.0,0.0,94251.4702902646,88162.27667697423,93173.46011032446,608.7812651850015,0.0,15177.073453003202,9775.1431745304,7381.0726055515015,10179.16851933172,0
2025-12-04,M7,61290.71689735487,7331.0940538661425,23727.678214552536,92349.48916577359,85363.38683571358,6986.102330060006,27796.562096395082,0.0,0.0,92349.48916577359,87378.99524329067,90475.57844352745,1373.9923205780544,0.0,12381.068402510988,10050.691029561576,10179.16851933172,10154.69560430097,0
2025-12-05,M7,22515.302924540083,5887.168080926756,9022.531744103897,37425.00274957074,32019.967944952277,5405.034804618463,18411.431934981363,0.0,0.0,37425.00274957074,53435.655483128205,48736.89900145489,1221.7648004355055,4481.819116666667,9108.271090957853,7386.583689938456,10154.69560430097,10144.824375120315,0
2025-12-06,M7,23101.486329213472,5909.942198827469,10115.446106475687,39126.87463451664,33007.67338351682,6119.201250999817,19674.84561961916,0.0,0.0,39126.87463451664,53028.04915483351,49881.40603734326,646.6790832318665,3778.6398333333336,9196.706386494669,7405.250082383268,10144.824375120315,10193.804475872998,0
2025-12-07,M7,63903.421637480395,8074.881763540573,21492.216250062622,93470.51965108358,84982.8118149959,8487.707836087677,26907.11368287352,0.0,0.0,93470.51965108358,90704.91521085723,91225.31172200241,1211.0657695791197,0.0,12261.1415216374,9899.576819214106,10193.804475872998,10229.302046219875,0
2025-12-08,M7,67379.48704521402,8191.832426814178,17580.28780076264,93151.60727279082,85162.72904144035,7988.8782313504635,26527.04217645742,0.0,0.0,93151.60727279082,95491.77890275212,92792.98309845821,3452.9972861484507,0.0,10987.04270114715,9494.268005504051,10229.302046219875,9568.45380447003,0
2025-12-09,M7,65375.65466013054,8141.887242099542,16727.215624758774,90244.75752698889,83576.52627176013,6668.231255228762,25031.56567821332,0.0,0.0,90244.75752698889,94522.97286546612,91374.30546983352,2372.347798792952,0.0,11719.972062057503,10106.46865768361,9568.45380447003,8887.019040673325,0
2025-12-10,M7,65586.83995768355,6884.623557975907,16759.629877132807,89231.0933927923,82869.55271317317,6361.540679619138,23493.79833268043,0.0,0.0,89231.0933927923,91319.48523924343,91169.74088991605,1199.707471631738,0.0,12127.079946625077,10544.664995007432,8887.019040673325,8085.096553738742,0
2025-12-11,M7,64032.91599783226,7171.941307451839,15428.164351268262,86633.02165655232,80654.20667006525,5978.814986487065,23036.792498901566,0.0,0.0,86633.02165655232,92445.81492771127,90299.38329369483,1323.84909392729,0.0,12494.985217147296,9480.705717379748,8085.096553738742,8796.465785416032,0
2025-12-12,M7,23867.0176417663,5761.859717211097,10070.882869037025,39699.76022801443,34575.098686365054,5124.661541649373,18708.526244931247,0.0,0.0,39699.76022801443,55897.918976607834,52418.49272926054,2486.755832946281,3649.996975082603,8719.37807305363,6152.051635155301,8796.465785416032,9808.293123213969,0
2025-12-13,M7,23870.488084660396,5878.431373578087,10049.684880373607,39798.604338612095,33943.33795041478,5855.266388197313,18806.389978017607,0.0,0.0,39798.604338612095,54277.73623430454,50743.879658458754,1488.5251558938182,3997.5177166666667,7719.3112034234655,6260.00780085853,9808.293123213969,9800.108983118946,0
2025-12-14,M7,63100.583108642146,6426.6959720597515,19823.78894110818,89351.06802181003,83839.02989142614,5512.038130383895,23285.038552798535,0.0,0.0,89351.06802181003,87439.72775808602,89718.16937618864,432.58238741230747,0.0,10856.481951338328,10349.616762561984,9800.108983118946,8071.368558699027,0
2025-12-15,M7,65129.460717592345,6595.638009244188,17490.619109633026,89215.71783646951,83454.73984276541,5760.977993704102,23303.75796405478,0.0,0.0,89215.71783646951,91457.58025127646,92184.83666409994,957.5514297874245,0.0,12801.704467721627,11043.977200075758,8071.368558699027,7321.816801786542,0
2025-12-16,M7,66031.51149430452,6737.503341574638,16304.508184307944,89073.52302018704,83126.15688226216,5947.366137924881,22647.13400162222,0.0,0.0,89073.52302018704,92576.46261657923,92578.31330660633,683.1638921520903,0.0,13942.783455100705,11465.7253739798,7321.816801786542,7130.6270513996205,0
2025-12-17,M7,64957.57466012759,6836.352368599129,16203.127432263822,87997.05446099053,81335.04278309831,6662.011677892224,23254.78503972983,0.0,0.0,87997.05446099053,91681.11433112409,90780.97495843403,86.48463531260262,0.0,13777.386765173815,11274.743508719064,7130.6270513996205,7002.782352590434,0
2025-12-18,M7,64166.19120839309,6649.389846009216,17599.36129671255,88414.94235111488,82072.1019068054,6342.840444309477,23812.162697197673,0.0,0.0,88414.94235111488,90237.79179968871,90815.05738278397,330.16758586632966,6.424600000000055,14423.181044470064,11310.982814219082,7002.782352590434,7415.886610147842,0
2025-12-19,M7,25340.671246158763,5232.866209568816,9621.842931976855,40195.38038770443,35099.72402083736,5095.656366867064,17750.90675104499,0.0,0.0,40195.38038770443,56660.0439731113,53664.3525610895,1901.030594254894,5257.783497147477,9536.2098809177,5939.0627112305665,7415.886610147842,9399.516934939802,0
2025-12-20,M7,23992.441789283617,5442.484889749899,9927.92084316175,39362.847522195276,34208.64854138167,5154.198980813606,17786.93823875864,0.0,0.0,39362.847522195276,54482.425053748535,51158.22965331482,1373.8252125965553,5619.596822371921,7383.55866533702,6075.10329699067,9399.516934939802,9294.604959309043,0
2025-12-21,M7,64127.68230216605,6126.49865456362,16371.329076451007,86625.51003318066,81892.35371592807,4733.156317252593,21384.8640382567,0.0,0.0,86625.51003318066,89187.84930754079,90224.56942423375,347.8432997563677,0.0,11883.111810010045,11044.167552199313,9294.604959309043,7718.108308096619,0
2025-12-22,M7,64903.882003558436,6744.7825396465805,17285.266048342422,88933.93059154743,83167.23051401586,5766.700077531568,23270.860513750624,0.0,0.0,88933.93059154743,90394.57804031795,91016.30263432431,102.95922386388833,0.0,13658.486000550869,11682.569673423768,7718.108308096619,7030.112738121547,0
2025-12-23,M7,65070.77212170045,6609.698482456664,14041.139522931075,85721.61012708822,80294.26880607603,5427.341321012194,21237.34344341717,0.0,0.0,85721.61012708822,91593.18217648589,90182.24909799888,477.60624193182053,0.0,14092.621550753081,11646.071228019338,7030.112738121547,6773.392991555612,0
2025-12-24,M7,63451.09888629689,6929.504519738418,17535.40027605361,87916.00368208889,81601.76129172629,6314.242390362604,24105.694330928534,0.0,0.0,87916.00368208889,90615.0095494791,90605.0324494719,407.2515293228329,0.0,13713.76659735874,11370.544993876338,6773.392991555612,6481.8440470936475,0
2025-12-25,M7,63663.76991632006,6073.755142724339,16611.995203135633,86349.52026218001,81678.75267583529,4670.767586344722,22080.91586597995,0.0,0.0,86349.52026218001,89881.91158004975,91323.01537383064,45.04425481896254,0.0,15091.746931746133,11626.224346067782,6481.8440470936475,7146.389234478745,0
2025-12-26,M7,24628.788531950668,5450.025368456684,10251.334382036388,40330.14828244374,34892.61763380122,5437.530648642518,18290.006146738873,0.0,0.0,40330.14828244374,56527.35359492272,53419.31815785465,1330.0182488130977,4623.014986850865,10140.330607863894,5681.668119006531,7146.389234478745,9959.722204882324,0
2025-12-27,M7,22548.362366147747,5604.620646010297,10465.740203049654,38618.72321520769,32976.23437404098,5642.4888411667125,18117.109616425212,0.0,0.0,38618.72321520769,53571.17968756149,50123.83180222903,1215.254981448748,4325.06552753054,6966.923459050319,5722.22123246724,9959.722204882324,9871.92972639734,0
2025-12-28,M7,62795.23494752763,6755.7881457830445,16690.1366637959,86241.15975710655,80091.48430844085,6149.675448665701,23389.006875200066,0.0,0.0,86241.15975710655,88110.3401448857,87651.606827009,137.1970970356395,0.0,11137.90532494105,10432.750344967695,9871.92972639734,8304.099691102398,0
2025-12-29,M7,63691.14305959351,6740.1930216354185,16327.310229644952,86758.64631087387,79978.92965081798,6779.716660055885,23716.632383881104,0.0,0.0,86758.64631087387,89621.15547314851,89399.99258103347,535.4472232534558,0.0,12460.132236309037,11119.353145195688,8304.099691102398,7163.381875785319,0
2025-12-30,M7,63580.577933638204,6093.556910423928,15139.571444387326,84813.70628844947,78975.31239149283,5838.393896956637,21261.547382263332,0.0,0.0,84813.70628844947,89832.75183822332,89840.7586474267,450.4008357827346,0.0,14077.229592651678,10911.274381007706,7163.381875785319,7709.2503080521465,0
2025-12-31,M7,62842.04934632218,6175.132446881252,17465.553714735106,86482.73550793852,81637.09425982815,4845.641248110362,22173.528084544683,0.0,0.0,86482.73550793852,88909.32944974005,90442.78489336258,109.2342634042214,0.0,13872.807687153167,12185.67999052814,7709.2503080521465,6655.132792569826,0
