date,base_cost_yuan,breach_cost_yuan,overbuy_cost_yuan,grid_cost_yuan,adjusted_kwh,emergency_kwh,emergency_cost_yuan,total_cost_yuan,planned_purchase_kwh,final_commitment_kwh,unused_plan_kwh,curtailed_pv_kwh,charge_kwh,discharge_kwh,start_soc_kwh,end_soc_kwh,emergency_slots,reversal_slots,down_slots,path_down_kwh,path_up_kwh,below_min_kwh,chain_misprice_yuan
2025-02-01,16797.677660296904,601.0786149243812,202.29133478127642,17601.04761000256,2806.6899459748083,0.0,0.0,17601.04761000256,42307.47800576233,40142.89845537763,848.2717660061297,1451.4358133744859,19472.732868063427,16007.717925399736,10763.753401679325,10502.85973249226,0,16,39,2485.634748179754,321.05519779505426,2484.2105442086404,0.0
2025-02-02,58558.93481835732,1908.5434005780128,502.82301689954346,60970.30123583487,4701.173033047247,0.0,0.0,60970.30123583487,89374.79199978875,85552.77085800757,2274.497087632436,0.0,24704.816251968678,19782.82043159352,10502.85973249226,10756.282768604604,0,31,74,4261.5970874142085,439.5759456330389,4261.597087414196,0.0
2025-02-03,59452.73247301544,1674.257543237253,1494.4545858441654,62621.44460209686,4884.149204910853,0.0,0.0,62621.44460209686,88472.28737019825,85961.59272017528,1152.779826554497,0.0,24050.450600569267,19458.55420694848,10756.282768604604,10781.072523618634,0,38,75,3697.4219274669103,1186.7272774439411,3697.4219274669094,0.0
2025-02-04,59304.958712843814,1583.005576561271,4034.4403152377686,64922.404604642856,6325.683984929558,127.38027783557088,594.762238864402,65517.16684350726,88319.78403698382,87392.95493803684,1844.9636173467684,0.0,24538.34823097734,20057.84058245169,10781.072523618634,10579.096395440816,2,38,73,3626.2565419382677,2699.4274429912894,3626.2565419382613,0.0
2025-02-05,57634.26252088622,392.34133503956264,2806.272565748494,60832.87642167428,3171.438130081732,968.1113138465378,5441.930306182966,66274.80672785724,83819.19786005154,84792.93698587509,297.725664655943,0.0,24353.68733186154,19638.79168012919,10579.096395440816,10676.535349528212,8,1,16,1098.8495021291,2072.588627952632,1096.14612332131,0.0
2025-02-06,58357.238138806635,1002.0638253767444,2457.642834907769,61816.94479909115,4015.4005633284305,110.4441601073674,669.7486115198135,62486.69341061096,85598.20394705333,84968.65788673345,308.9461315301596,0.0,24447.979874960354,19948.881176316372,10676.535349528212,10514.293707752118,5,18,64,2322.4733118241675,1692.9272515042649,2322.4733118241675,0.0
2025-02-07,15617.642265873894,148.50003266716294,443.1445797157006,16209.286878256758,1208.2858323407077,388.7948746404288,1623.4474074736468,17832.734285730407,38149.92760570819,38197.28956034093,198.29321870072602,2868.5019326065785,20370.26721220022,16656.657595192828,10514.293707752118,10340.136870740278,3,14,35,580.4619388539812,627.8238934867265,580.4619388539812,0.0
2025-02-08,13791.15767281898,65.69354418066901,2634.574822142916,16491.426039142563,2826.466922398886,323.8895976966757,1617.7160802275798,18109.142119370143,34567.41135859946,36792.6511553648,42.94300139581094,1199.1951601615278,21746.033032298106,17448.79315746064,10340.136870740278,10524.018647074538,2,2,2,300.6135628167729,2525.8533595821136,275.598999582354,0.0
2025-02-09,54839.906394838756,82.53200561283413,5658.9218686477325,60581.36026909932,5079.665650540636,403.16847142191114,2035.9188639736192,62617.27913307294,79671.01120983412,83970.09811646675,237.69050435132453,0.0,24902.003915751993,20321.84379888132,10524.018647074538,10355.995728049871,9,1,3,390.289371954005,4689.376278586631,381.37720877074344,0.0
2025-02-10,53084.12825300578,1283.3044152797454,1453.347116375543,55820.77978466107,4963.096679942913,7.430904346103148,38.41777546935327,55859.19756013042,81365.39457975964,78824.33606680646,423.3431892230458,130.09416890590091,21117.22829693749,17165.536267247215,10355.995728049871,10288.68312057449,1,12,33,3752.0775964480517,1211.0190834948617,3746.633272566507,0.0
2025-02-11,53770.92298888531,710.6541978620306,1435.6356210410327,55917.21280778837,3149.453579778606,271.64065043822245,1405.4343456310755,57322.64715341944,80602.49942438539,79687.18819619746,337.49326953467903,0.0,23557.88998204755,19157.151538279875,10288.68312057449,10205.06017299521,5,8,31,2032.382403983266,1117.07117579534,2028.5774179222199,0.0
2025-02-12,53192.65404005584,1327.5596916125976,2980.307724637297,57500.52145630573,5988.024039926447,18.079967401927433,98.0657431880544,57598.587199493784,81786.49558336874,80566.40146917995,628.5811882385817,0.0,23574.63713506201,18885.473020052028,10205.06017299521,10438.374683382106,1,41,67,3604.059077057612,2383.9649628688344,3604.0590770576114,0.0
2025-02-13,52267.96959342594,1402.7851361077244,1035.6731720670575,54706.42790160073,4762.676836737766,0.0,0.0,54706.42790160073,81318.41900318743,77680.0134437075,2151.981317840856,179.6137798189909,20475.104404021098,16456.165074640092,10438.374683382106,10581.340786289891,0,1,44,4200.541198108844,562.1356386289224,4197.939456108948,0.0
2025-02-14,15066.13483570656,101.63314881993148,1480.3371521378212,16648.105136664315,1947.9856382480787,0.0,0.0,16648.105136664315,36593.765499325,37310.95308949641,147.7378663409363,3231.04783279171,20949.795084302958,16819.429510605856,10581.340786289891,10747.90135037826,0,1,1,615.3990240383378,1332.5866142097411,615.3990240383375,0.0
2025-02-15,14931.643024059367,147.8072600332174,2059.777590681529,17139.227874774115,2655.961990552837,0.0,0.0,17139.227874774115,35666.855771682654,36658.006949982955,116.14870775674422,4033.903830319601,18989.32368829659,15761.460376389972,10747.90135037826,10325.558918300776,0,1,11,832.4054061262661,1823.556584426571,832.4054061262659,0.0
2025-02-16,53429.18316597443,1289.7590493621829,2438.9193209731607,57157.86153630977,5890.727128242652,14.050303401570659,75.07779622629282,57232.939332536065,81936.50545823411,80075.05178999389,251.09987723287236,0.0,21983.198733414967,17522.57561725238,10325.558918300776,10640.909314760494,1,14,53,3876.090398241435,2014.6367300012162,3876.090398241435,0.0
2025-02-17,50546.42782153041,2290.523856182515,1692.956232172096,54529.90790988502,8356.014701682454,19.048865583199245,101.64474675195116,54631.55265663697,81497.17941042819,75685.46699847473,637.5462546453205,0.0,20697.705733496314,16814.599290750375,10640.909314760494,10585.95637407343,1,12,72,7083.863556817962,1272.1511448644937,7083.863556817947,0.0
2025-02-18,49190.015958910335,1032.5077403222201,4112.884348994773,54335.40804822733,6277.687279322419,6.867537074033976,34.996968929277145,54370.405017156605,76784.50748516372,76546.19846444315,469.5624026462589,0.0,19997.245011598305,16005.129196060716,10585.95637407343,10800.0,1,14,31,3257.9981500214926,3019.6891293009267,3255.662846458963,0.0
2025-02-19,49174.7673236298,616.449091770778,4755.235309267147,54546.45172466773,5869.7066392925135,38.99495424988097,206.30049924963663,54752.75222391736,76052.2195951163,77342.44607565245,600.8101891326122,0.0,21732.348530836178,17831.045073399793,10800.0,10546.841373975009,2,9,20,2289.740079378177,3579.9665599143336,2289.7400793781776,0.0
2025-02-20,50492.08251037093,915.3661575136848,1805.5912770278746,53213.03994491249,4340.563598265542,48.93628684981297,274.5570373708757,53487.596982283365,78046.9365814022,76420.50682136016,1250.4060958275013,0.0,21042.42376645605,16816.52048740691,10546.841373975009,10800.0,1,20,39,2983.496679153793,1357.0669191117488,2980.973111124927,0.0
2025-02-21,14733.067899568872,166.20145308018454,1770.4515636681315,16669.720916317186,2216.274993931751,0.0,0.0,16669.720916317186,35498.67159810696,35981.45980828903,154.60643676346888,6705.071269087332,18744.842468973122,15183.32239986823,10800.0,10800.0,0,1,20,866.7433918748427,1349.5316020569085,866.7433918748427,0.0
2025-02-22,14833.163417153979,189.01994257143127,2032.7277973884143,17054.911157113824,2618.534657312106,0.0,0.0,17054.911157113824,35555.71950048784,36350.283697694395,348.32744403361147,4507.743536098407,19406.688738845125,15757.238904616082,10800.0,10757.976637609403,0,2,25,911.985230052778,1706.549427259328,908.5708922750882,0.0
2025-02-23,49718.98621308742,1012.150985894382,2412.829158602546,53143.966357584344,4827.552693585516,22.13503095425881,114.43811003351804,53258.40446761786,77715.36717605681,76029.83278428335,630.9824520649697,0.0,20963.911397935546,17074.779718096244,10757.976637609403,10653.51943120001,1,13,50,3256.5435426794893,1571.0091509060276,3256.543542679487,0.0
2025-02-24,47748.915941449304,1073.4203744031129,2090.061975550555,50912.39829140297,5344.312937058052,41.82843512260297,213.72238925893987,51126.12068066191,75310.0479340945,73524.7172600303,903.2014807810635,292.46757687658703,21242.16057320315,17074.31755237456,10653.51943120001,10800.0,1,26,47,3564.821805561126,1779.4911314969263,3564.821805561126,0.0
2025-02-25,46239.41496110182,1233.6586496970826,1395.9834880875742,48869.05709888648,5249.6294537260055,56.061243581239296,289.2775379137553,49158.33463680023,75141.4070390401,71510.61360116377,1659.0553367820348,262.32499339851347,20525.15349207591,16701.182210844785,10800.0,10715.769019707452,3,13,52,4440.211445801173,809.4180079248337,4440.211445801172,0.0
2025-02-26,45761.58772992469,334.53713592682533,4423.638787879839,50519.76365373136,5318.524144494568,6.478115872737931,33.611704205700754,50553.37535793706,71206.87075718795,73748.41550131454,685.480090292226,0.0,21993.46111209698,17738.89561853526,10715.769019707452,10800.0,1,26,33,1388.4897001839918,3930.0344443105764,1388.4897001839915,0.0
2025-02-27,43696.81183269144,745.1701512028669,3646.1985074308895,48088.1804913252,6366.330166424792,523.3371080302285,2743.139874808876,50831.320366134074,71172.02412998832,71329.49977416599,804.9085656602084,0.0,22053.56473875708,17962.220622221066,10800.0,10690.18535130241,8,19,46,3104.4272611235574,3261.9029053012337,3104.4272611235565,0.0
2025-02-28,13656.410238598739,158.21369008437142,1831.669728290767,15646.293656973876,2434.320152076521,0.0,0.0,15646.293656973876,34387.82191987643,34855.211225431165,142.82228113855587,7825.681534754066,19150.61360854988,15556.499749011333,10690.18535130241,10640.737877873602,0,13,30,983.4654232608899,1450.8547288156312,979.4684102318535,0.0
2025-03-01,13659.003945551438,301.9131542326577,851.4741690803186,14812.391268864414,2240.6031407962705,0.0,0.0,14812.391268864414,34649.85533703763,34176.593860171895,21.405313723232666,7276.55390384619,18857.21137302593,15637.342663756792,10640.737877873602,10237.402931644949,0,13,31,1356.9323088310064,883.6708319652639,1356.9323088310066,0.0
2025-03-02,46974.47899803838,730.2551005226577,7330.042969512543,55034.77706807358,7209.524304340225,223.05552377213098,1094.1408139180003,56128.917881991576,74356.59197393291,77051.38833363919,817.8477802836848,0.0,20731.31721511954,16633.028204658578,10237.402931644949,10414.445975631892,6,20,39,2257.363972316979,4952.160332023246,2257.3639723169795,0.0
2025-03-03,47616.149778239276,1392.2863222802077,4963.873170139423,53972.3092706589,8389.060443815906,186.60890689099688,898.598682650671,54870.90795330957,76844.14576865525,76370.86295729423,419.0874368663839,0.0,22238.255610573833,18117.017816588323,10414.445975631892,10298.856228939087,6,25,42,4431.171627588461,3957.8888162274443,4431.171627588461,0.0
2025-03-04,46515.21420741608,1203.7822283663013,2995.535916860666,50714.53235264305,6033.875608164924,0.6247333333334382,3.1064865000005213,50717.63883914305,74703.21577987378,72998.3866771679,91.9246139749165,0.0,20058.644190729254,16351.015327536252,10298.856228939087,10183.841192221804,1,12,52,3869.352355435394,2164.5232527295298,3869.3523554353947,0.0
2025-03-05,43995.36349881327,1701.9097448777059,2582.502002633907,48279.775246324876,7951.577294339338,6.618300000000204,32.736535900001016,48312.51178222488,74396.17821048418,70636.02528125088,704.8243357119985,0.0,20220.16066825743,16412.813439385216,10183.841192221804,10145.526416558805,2,13,57,5855.865111786321,2095.712182553014,5855.865111786321,0.0
2025-03-06,42348.86312117751,942.4593367564532,4725.5920691537185,48016.914527087676,6958.175353587353,0.0,0.0,48016.914527087676,70019.19703018629,70024.54616325368,100.11531065264995,0.0,20760.354951520825,16776.57823225313,10145.526416558805,10189.203392646297,0,14,39,3476.4131102599863,3481.7622433273677,3475.362267113193,0.0
2025-03-07,12754.834547038785,280.6138119335062,1112.8733460046944,14148.321704976986,2561.0306533535654,0.0,0.0,14148.321704976986,33205.77832591377,33070.44682546595,43.36495494095993,8347.277673968827,18853.205144230145,15095.686481007313,10189.203392646297,10384.103043556415,0,13,30,1348.1810769006938,1212.8495764528716,1348.1810769006938,0.0
2025-03-08,12083.165761890577,184.6294687337616,3218.776833293898,15486.572063918236,3623.3625574080124,0.0,0.0,15486.572063918236,31067.639425029993,32901.80808582729,96.76567350269323,10067.667477484687,18732.26744024199,15058.03202206875,10384.103043556415,10511.997048586707,0,3,4,894.5969483053588,2728.7656091026547,882.5460785661678,0.0
2025-03-09,40344.55121648637,1391.892236951405,4209.99921789685,45946.44267133462,8484.191657954821,0.0,0.0,45946.44267133462,69487.25252969007,67523.3644216181,143.49490570980942,243.0057845091335,20839.98489214866,17036.646210749495,10511.997048586707,10338.376550687724,0,12,22,5224.039883013393,3260.151774941431,5217.98644250418,0.0
2025-03-10,43145.15347682348,239.3926525661086,6858.402048855574,50242.94817824516,6612.959767343343,0.0,0.0,50242.94817824516,67682.72667038454,72252.9632278079,64.63189446562745,0.0,21463.173904647792,17316.914021305525,10338.376550687724,10414.217485642379,0,3,5,1021.3616049599939,5591.598162383349,1021.3616049599938,0.0
2025-03-11,41526.82190900707,466.4332374837848,4334.778475890118,46328.03362238097,5899.211137261957,0.0,0.0,46328.03362238097,66883.64245571922,68894.78865640247,710.8544332159972,129.94068792429675,20700.40185329397,16585.327118031797,10414.217485642379,10616.437911349407,0,23,23,1944.032468289358,3955.1786689725986,1807.5534673724262,0.0
2025-03-12,41067.07278023885,1194.4965992487105,2322.0815315841314,44583.650911071694,6320.265955355903,0.0,0.0,44583.650911071694,68954.81542341989,66440.63905862637,191.14829734284467,112.29792417476006,20332.828846515273,16631.170692739837,10616.437911349407,10436.905325724447,0,2,26,4417.221160074711,1903.044795281191,4417.221160074711,0.0
2025-03-13,43609.2791658673,147.63925627423242,4650.216048647978,48407.13447078951,4870.153996819164,0.0,0.0,48407.13447078951,68485.90037377959,71896.41879916162,223.90348108650014,0.0,21651.97015619112,17525.07285478266,10436.905325724447,10451.375294315718,0,2,3,729.8177857185556,4140.336211100607,729.8177857185556,0.0
2025-03-14,12851.736357509064,166.7170013998748,1547.362882827102,14565.81624173604,2136.0140991425105,0.0,0.0,14565.81624173604,32354.84062365852,32701.596669369574,360.9641639853008,12506.303341071018,18374.426030863502,14569.522849883582,10451.375294315718,10800.0,0,14,24,894.6290267157294,1241.3850724267809,886.4758461942946,0.0
2025-03-15,12990.092162331874,132.5256646238123,1825.6081956752435,14948.22602263093,2236.089398680405,0.0,0.0,14948.22602263093,31783.754996051775,32444.18677331059,326.78269768427714,7950.35783480492,18425.31561925087,15182.394528429475,10800.0,10513.456803515255,0,3,5,787.8288107107951,1448.2605879696098,784.0399231176555,0.0
2025-03-16,42643.43015889838,317.29572993311086,2588.8994021804265,45549.625291011915,3197.4322035564574,1.6400000000001,8.081100000000493,45557.70639101192,68263.84103317064,68976.0044739847,1489.5066639944175,0.0,20416.85263063517,16279.761753978219,10513.456803515255,10800.0,1,3,5,1242.6343813711983,1954.7978221852586,1164.5498630511624,0.0
2025-03-17,39337.21611252113,1271.6592041789163,1438.5484921717357,42047.42380887178,6318.865709691829,0.0,0.0,42047.42380887178,67552.0754977307,63438.177651295846,1621.247420665742,441.4467555566132,18512.37916705352,14995.027125313354,10800.0,10800.0,0,14,53,5216.381778063333,1102.4839316285002,5216.381778063333,0.0
2025-03-18,40322.12129008123,781.7965508505682,1769.4262672207303,42873.34410815253,4312.01520491042,204.4653753738376,985.3350502211717,43858.6791583737,66847.34391867134,65519.42306346611,698.6923442517434,0.0,20522.303831166006,16623.06610324446,10800.0,10800.0,4,14,42,2819.9680300578275,1492.047174852593,2819.9680300578275,0.0
2025-03-19,38305.88887990917,278.5756949454116,3786.8875759499133,42371.352150804494,4332.0491639818765,0.0,0.0,42371.352150804494,62122.08016354246,64718.88529344157,1452.6784853887875,0.0,20003.87556869888,16203.139210646093,10800.0,10800.0,0,14,26,867.6220170413756,3464.4271469405003,866.2031026948639,0.0
2025-03-20,38960.590049811726,929.4892679247303,5698.856798853317,45588.93611658977,8804.169476240622,0.0,0.0,45588.93611658977,64876.426617889,66759.54068668035,651.1821344803932,0.0,20523.140713333203,16623.743977799895,10800.0,10800.0,0,14,23,3460.5277037246296,5343.641772515994,3460.5277037246296,0.0
2025-03-21,11991.008086451611,134.2169001920003,2088.20455552611,14213.429542169722,2335.3609950725117,0.0,0.0,14213.429542169722,30457.643585880673,31533.682692309972,472.85296304205286,15577.991455095904,18551.025439025354,15101.651681520001,10800.0,10716.30991565615,0,1,3,629.6609443216048,1705.7000507509067,622.7189995666712,0.0
2025-03-22,12773.668324069533,106.33703412501261,1136.2535654120582,14016.258923606603,1525.3598058760072,0.0,0.0,14016.258923606603,31331.036001078035,31630.38157430778,460.1111652171986,11752.906783348646,18351.802257258714,14815.638364850116,10716.30991565615,10771.111541799977,0,13,31,613.0071163231316,912.3526895528755,613.0071163231315,0.0
2025-03-23,39083.05787824112,551.0151671177865,2287.5345513291286,41921.60759668803,3510.240170263869,0.0,0.0,41921.60759668803,64944.65301049697,64580.265105876875,1356.8408095619927,710.8904744238982,19562.179436022583,15819.365730798268,10771.111541799977,10800.0,0,1,13,1937.314037441985,1572.9261328218836,1934.0886782208172,0.0
2025-03-24,37693.79896550583,526.8826308666429,2813.669523135407,41034.35111950788,4848.6509849218055,0.0,0.0,41034.35111950788,62229.89856720369,62509.98648947652,635.718746557853,14.636734830630076,20321.757498708987,16460.623573954283,10800.0,10800.0,0,2,11,2284.2815313244864,2564.3694535973195,2284.281531324487,0.0
2025-03-25,37921.72237886285,960.2121344293671,5187.834182728453,44069.76869602067,8429.058821581762,0.0,0.0,44069.76869602067,64057.84174701383,64830.32476505366,147.10226505632198,0.0,19786.901174581355,16053.803391250678,10800.0,10770.651733511357,0,15,21,3828.2879017709647,4600.770919810798,3828.2879017709647,0.0
2025-03-26,36648.59948276191,719.6627859629968,2515.6879816508667,39883.95025037577,4888.264032556709,0.0,0.0,39883.95025037577,61343.71642999985,59945.43492767462,800.4836609227316,0.0,18557.805053923483,15005.40865383825,10770.651733511357,10800.0,0,2,16,3143.272767440968,1744.991265115742,3140.6150383988725,0.0
2025-03-27,37610.88623461493,346.4804311089041,3298.628166016376,41255.99483174021,4490.776462581949,0.0,0.0,41255.99483174021,62175.74764140947,63706.15158209106,1314.2076858479418,0.0,19341.865769700635,15666.911273457528,10800.0,10800.0,0,2,4,1480.1862609501882,3010.5902016317614,1480.1862609501882,0.0
2025-03-28,11796.716972041673,190.965070581423,1765.5158312483884,13753.197873871486,2322.4852581038276,0.0,0.0,13753.197873871486,30364.5125259875,30896.601503232767,462.66735310656856,16129.672980792622,18328.317908773228,14845.937506106315,10800.0,10800.0,0,3,14,895.1981404292796,1427.2871176745475,894.1930596635007,0.0
2025-03-29,11742.687217845558,119.84380072451322,1949.0015608197698,13811.532579389841,2385.613186764904,0.0,0.0,13811.532579389841,30204.47870920282,31091.5754833143,218.64341189600103,19704.609990285662,18216.38367262797,14755.270774828663,10800.0,10800.0,0,2,2,749.258206326711,1636.3549804381933,749.2582063265295,0.0
2025-03-30,35007.20166239167,690.3518995119556,2826.1430369367495,38523.696598840375,6069.192319267708,0.0,0.0,38523.696598840375,59954.04483749258,59452.990284881525,464.5073547919043,0.0,19172.964368892775,15530.101138803147,10800.0,10800.0,0,4,21,3285.1234359393825,2784.0688833283257,3285.1234359393825,0.0
2025-03-31,34386.71685466724,391.1643122496249,6119.590164018774,40897.47133093564,7757.200536083081,0.0,0.0,40897.47133093564,56574.948256325006,61198.28636279101,567.1192826189691,0.0,19367.250509677502,15687.472912838784,10800.0,10800.0,0,6,16,1566.9312148085355,6190.269321274544,1363.830852257966,0.0
2025-04-01,37838.64392071137,654.763540226898,4247.263163249337,42740.67062418761,6073.439877657724,0.0,0.0,42740.67062418761,62466.067424608846,64136.385382312015,409.426419801052,0.0,18516.35497812787,14998.247532283576,10800.0,10800.0,0,6,6,2201.5609599772797,3871.8789176804435,2041.9386369662623,0.0
2025-04-02,37043.44469090697,377.02749779312194,4829.089405829823,42249.56159452991,5177.698769139604,60.330019982230716,296.4991496887443,42546.06074421865,61568.47837523384,64937.83210685225,748.8653981679635,0.0,20320.028198619297,16506.066869952774,10800.0,10747.951078809838,2,3,3,904.1725187605966,4273.526250379009,895.8087174976106,0.0
2025-04-03,37568.30177126654,680.5088658209052,1404.6736862192554,39653.4843233067,3997.8642889177927,0.0,0.0,39653.4843233067,62475.1949526515,60652.62355722198,636.4966713706397,403.42925852397127,19485.912271524005,15736.744910863299,10747.951078809838,10800.0,0,3,25,2910.2178421736553,1087.6464467441378,2908.7645744311103,0.0
2025-04-04,11458.943062306813,99.98639767014322,1047.2573245100232,12606.18678448698,1365.9464649486035,0.0,0.0,12606.18678448698,29542.82384847573,29809.57423450779,307.20733946376663,19530.375802862003,18637.836011484327,15096.647169302312,10800.0,10800.0,0,1,29,549.5980394582741,816.3484254903294,549.5980394582741,0.0
2025-04-05,11681.97781646403,110.51526831289894,1442.1767803457703,13234.669865122698,1975.8241691493167,0.0,0.0,13234.669865122698,29394.401473562386,30359.228258267427,143.18304312086968,14614.5319793241,18724.179008589264,15166.780756100137,10800.0,10799.782489841304,0,14,14,505.49869222213624,1470.3254769271803,503.0456234943331,0.0
2025-04-06,35356.261922763944,685.299043739421,1620.0524432084185,37661.61340971178,4239.668865332381,0.0,0.0,37661.61340971178,59877.923941457295,58563.22993066569,336.3771689275852,0.0,20087.267031203242,16270.490536131801,10799.782489841304,10800.0,0,17,34,2777.181438061996,1462.4874272703855,2777.1814380619953,0.0
2025-04-07,34432.30568407277,433.25843545829986,2491.940878569179,37357.50499810025,3947.4352022964385,0.0,0.0,37357.50499810025,56988.08045452866,57474.738461346635,441.3322773797487,242.07642329408702,18693.974230009502,15145.36375267003,10800.0,10796.394859597407,0,4,6,1730.3885977392301,2217.046604557207,1481.281159974204,0.0
2025-04-08,35086.93777155976,481.4308678752168,1594.0992536514466,37162.467893086425,3979.615462008614,0.0,0.0,37162.467893086425,59112.66422079804,58598.42386260275,456.32455016241965,0.0,20427.890966993557,16638.985271219884,10796.394859597407,10693.735317425064,0,15,33,2246.9279101019547,1732.6875519066593,2246.9279101019547,0.0
2025-04-09,35640.41917535724,110.30709287027642,5333.969907277759,41084.696175505276,5882.347863723478,0.0,0.0,41084.696175505276,58452.85102705985,63405.490715090935,487.5900208237674,0.0,19677.07817915944,15893.488501558937,10693.735317425064,10743.674010269748,0,20,20,464.8540878461922,5417.493775877286,464.8540878461922,0.0
2025-04-10,35458.955533703585,515.8042749271614,2493.4320591903884,38468.19186782114,4892.242909973688,0.0,0.0,38468.19186782114,59117.81681159777,59401.871893872325,837.855039172478,378.9738264039963,19335.324934413828,15610.919806117974,10743.674010269748,10800.0,0,5,19,2304.0939138495646,2588.148996124123,1959.5968048989707,0.0
2025-04-11,11188.095717321865,90.6274224731437,1593.3403377303207,12872.06347752533,1854.3186079189563,0.0,0.0,12872.06347752533,28724.52395054057,29569.518399175373,76.16723055094366,20697.181939633625,18313.258222758624,14833.739160434481,10800.0,10800.0,0,2,4,504.6620796420752,1349.6565282768809,487.2077242099781,0.0
2025-04-12,11360.813979075385,116.73582434718672,904.1243595235585,12381.67416294613,1450.780921288664,0.0,0.0,12381.67416294613,29120.035085878615,29398.45089966421,341.9066648986643,16619.11222998966,18066.428173511682,14654.156718735796,10800.0,10777.389002009626,0,13,29,586.1825537515338,864.5983675371303,586.1825537515338,0.0
2025-04-13,34149.07979526626,322.13818900137454,2930.8661024560843,37402.08408672372,4303.29242778614,0.0,0.0,37402.08408672372,56878.83765821738,58636.354680198296,527.6072441641271,0.0,20063.36344478683,16230.974492085992,10777.389002009626,10800.0,0,26,41,1272.8877029026103,3030.4047248835295,1272.8877029026103,0.0
2025-04-14,33664.67323000778,563.724037031233,1773.4318292355376,36001.82909627455,3751.1297012729374,0.0,0.0,36001.82909627455,57099.939778264205,56277.831829317714,182.8799809814309,0.0,18963.38932764125,15396.469279304969,10800.0,10759.862306760491,0,4,20,2286.6188251097183,1464.5108761632184,2286.6188251097187,0.0
2025-04-15,33394.80680327772,236.51724278380703,1267.6191348018008,34898.94318086333,2578.453279434514,0.0,0.0,34898.94318086333,55644.350503278336,56152.56842495264,982.5000951300973,1359.6883867032159,19130.669399318114,15459.71828953212,10759.862306760491,10800.0,0,14,30,1035.1176788801063,1543.3356005544078,1009.5083125244691,0.0
2025-04-16,34675.14324845772,78.19692974848697,2823.5012114170304,37576.841389623245,3413.143003054836,0.0,0.0,37576.841389623245,56917.42974196879,59617.227994965855,152.36888458849887,0.0,19396.142949354457,15710.875788977104,10800.0,10800.0,0,2,2,356.6723750288876,3056.470628025948,356.6723750288876,0.0
2025-04-17,33274.49763265199,196.345397222405,2446.4060190155924,35917.249048889986,4136.381355745229,0.0,0.0,35917.249048889986,55146.205937657316,57495.79022447993,744.4291106165225,0.0,20436.94086243907,16553.922098575655,10800.0,10800.0,0,14,39,893.3985344613016,3242.982821283927,797.1513366371925,0.0
2025-04-18,10742.047921080726,113.73945333040417,1194.2492889759153,12050.036663387047,1477.0768944150236,0.0,0.0,12050.036663387047,28227.554132003334,28817.344256868495,538.0641819302491,18420.663678302808,18444.732701590034,14940.233488287928,10800.0,10800.0,0,3,4,443.6433847749319,1033.4335096400919,433.50676618321586,0.0
2025-04-19,10907.34058320269,59.38622745318801,715.6884625596228,11682.4152732155,931.2662600621907,0.0,0.0,11682.4152732155,28054.45921794126,28312.957849930644,433.80030861797843,17608.7215166546,18571.044106038178,15085.287331380117,10800.0,10752.509327234224,0,3,12,336.38381403640466,594.8824460257861,335.933417122733,0.0
2025-04-20,33638.86499589483,62.603308380898106,1364.3503789804236,35065.818683256155,1616.4237163306134,0.0,0.0,35065.818683256155,55161.28049466778,56174.15339508229,454.91919095664866,0.0,19572.356396332194,15810.86707553988,10752.509327234224,10800.0,0,1,1,301.77540795805305,1314.6483083725605,301.77540795805305,0.0
2025-04-21,32630.63077447668,598.3702286074782,740.320537520753,33969.32154060491,3220.8073763291136,0.0,0.0,33969.32154060491,56499.731191434985,54218.89142864984,466.6553982873323,1587.6536442166584,19198.273699013276,15550.601696200756,10800.0,10800.0,0,2,20,2750.8235695571293,469.9838067719843,2747.1800248179343,0.0
2025-04-22,32669.94321359073,128.52710926458172,3149.1698901782725,35947.640213033585,3808.04586279712,0.0,0.0,35947.640213033585,53132.71305057863,56082.9205084826,264.90670744547424,0.0,19289.918338791947,15624.833854421475,10800.0,10800.0,0,3,3,428.91920244657695,3379.1266603505437,405.56168010394106,0.0
2025-04-23,32542.421017356184,103.64092699604174,2711.0474824334688,35357.1094267857,3320.751464906963,0.0,0.0,35357.1094267857,53198.75504178098,55802.42121891373,759.6539562193148,90.06371646567209,18698.878050326734,15146.091220764658,10800.0,10800.0,0,2,3,358.5426438871068,2962.208821019857,344.46179036947,0.0
2025-04-24,32340.695840491793,92.87114570167856,473.05361958224904,32906.62060577572,853.0389132189338,0.0,0.0,32906.62060577572,53226.27354501652,53205.494097018876,721.2624194337801,1819.8722410029536,18811.856508327088,15237.603771744945,10800.0,10800.0,0,13,21,436.90918060828983,416.12973261064394,436.90918060828983,0.0
2025-04-25,10214.350430628423,65.68504891992939,279.33094177319197,10559.366421321545,652.0668047963461,0.0,0.0,10559.366421321545,27282.14145605638,27274.613515648205,125.65068876897291,21789.15161367652,18648.783336415574,15289.329773212863,10800.0,10595.760810315285,0,13,26,329.7973726022594,322.2694321940868,329.7973726022594,0.0
2025-04-26,10648.903795766806,49.496281992433424,808.2825320281274,11506.682609787367,1143.6667424022528,0.0,0.0,11506.682609787367,27261.41887276229,27934.35011498308,86.82246534199385,24245.751542142614,18924.11285587127,15392.530381706125,10595.760810315285,10524.650845370401,0,1,8,235.36775009072917,908.2989923115236,235.36775009072917,0.0
2025-04-27,31114.89033923977,68.86184968343304,2561.2900859302226,33745.042274853426,2632.494994750737,0.0,0.0,33745.042274853426,51444.20286395504,53520.52783439458,133.41081288047212,735.0288143984858,20955.797425961027,16877.18040217874,10524.650845370401,10632.445859647838,0,20,24,278.0850121556035,2354.4099825951334,278.0850121556035,0.0
2025-04-28,33066.40317328168,45.47895931675189,6928.470681190604,40040.35281378904,7015.911570774942,0.0,0.0,40040.35281378904,54110.655363104685,60732.33617860639,203.98921267608145,0.0,19766.215383930037,15859.835734666385,10632.445859647838,10800.0,0,20,20,197.11537763661704,6818.796193138325,197.11537763661704,0.0
2025-04-29,32253.37729961703,7.832648425894963,875.4086700474793,33136.618618090404,1246.6832065598678,0.0,0.0,33136.618618090404,53226.35895395244,54397.5649412794,190.2794448111067,3168.266344068849,18977.92334596208,15372.117910229295,10800.0,10800.0,0,1,1,37.73860961645369,1208.9445969434141,37.73860961645369,0.0
2025-04-30,31160.49475015456,145.8465799479602,477.12134655520117,31783.462676657724,1132.504415862275,0.0,0.0,31783.462676657724,51924.70567532674,52291.85992342734,533.7002843268785,0.0,19144.63230978878,15643.32710402165,10800.0,10648.694518785856,0,13,40,382.67508388083354,749.8293319814413,382.67508388083354,0.0
2025-05-01,32215.566578304162,92.17396601133258,2532.4753125012758,34840.215856816765,2751.121728834604,1362.212220463826,8494.024827408854,43334.24068422562,51346.155837860046,53649.02474271011,2.842170943040401e-14,870.8159935339017,20476.383202469144,17347.341032829096,10648.694518785856,9802.616031197977,9,3,3,224.12641199226377,2526.99531684234,216.023170506961,0.0
2025-05-02,11603.821032346215,0.0,1474.1453942159947,13077.96642656221,1913.7545751084767,1118.1855896692673,5864.813511533657,18942.779938095868,27994.52184583248,29908.276420940965,0.0,12759.91746522651,19721.660747301183,15745.436285250798,9802.616031197977,10057.181497934818,9,0,0,0.0,1913.7545751084767,0.0,0.0
2025-05-03,11847.844281546697,29.681285142656712,279.40948907006134,12156.935055759415,589.7321441932766,712.1515700875163,3113.5630785397107,15270.498134299127,28747.509699945804,29175.81266180799,2.9488869284778048,17942.940857319223,18668.403631490943,15593.500793843137,10057.181497934818,9532.632773117626,8,10,21,80.71459116554341,509.01755302773313,80.71459116554341,0.0
2025-05-04,36220.55147637024,953.5454320255963,135.91351579483478,37310.01042419067,3762.625393190184,0.0,0.0,37310.01042419067,60922.07018126539,57582.45676057942,764.4292974998318,1913.7529626547134,17508.76876248473,14339.161595393174,9532.632773117626,9358.122886694802,0,10,43,3551.119406938077,211.50598625210705,3551.1194069380726,0.0
2025-05-05,36467.91227432614,410.0147880712206,1109.3255888391839,37987.252651236544,2549.382585896681,418.8098751368733,2557.9873838350572,40545.2400350716,59735.80700438929,60576.602731875595,1156.1501294723807,0.0,21594.856160755753,16831.600483215658,9358.122886694802,10091.715116690913,7,10,33,854.2934292051879,1695.0891566914931,854.2934292051879,0.0
2025-05-06,35924.29826732812,229.63753291708414,831.9178302813584,36985.853630526566,2070.9136479637664,0.0,0.0,36985.853630526566,56793.248340167636,57517.87777389235,685.4087201894504,765.1439905650582,20115.17375033568,16917.9310538645,10091.715116690913,9397.670321032476,0,11,35,673.1421071195211,1397.771540844245,612.7631686529523,0.0
2025-05-07,36535.18389017126,63.73490897470401,1189.709644432372,37788.62844357833,1970.6747115374762,586.7860253158879,3725.6663987941047,41514.29484237244,58131.60078900459,59825.60403591938,536.2506407000558,242.68027547111046,20695.324834824904,16129.711639760806,9397.670321032476,10101.560850418435,7,18,21,138.3357323113446,1832.3389792261314,138.3357323113446,0.0
2025-05-08,38693.247961390116,680.3426301421542,405.75916546296924,39779.349756995245,2695.2545327901626,0.0,0.0,39779.349756995245,62339.930737091214,60906.00049652555,822.8717714880314,4.320099833421409e-12,19094.847844284806,14838.231519247285,10101.560850418435,10800.0,0,11,44,2064.592386677911,630.6621461122511,2064.592386677911,0.0
2025-05-09,13700.731941294973,141.27927229596986,16.842145267321616,13858.853358858263,365.61345360724005,0.0,0.0,13858.853358858263,31410.16247849818,31107.078506860937,603.7320144541063,18571.234314929585,18066.98067093289,14634.254343455648,10800.0,10800.0,0,10,23,334.3487126222409,31.26474098499915,334.3487126222409,0.0
2025-05-10,13753.009932689012,164.4849452381999,61.35365923931053,13978.848537166523,477.8471448548342,0.0,0.0,13978.848537166523,31130.485407437096,30861.677241045712,262.8628619210183,15242.475799422416,17809.069045221808,14573.775748852866,10800.0,10635.077975307553,0,10,20,373.32765562310817,104.51948923172603,373.3276556231021,0.0
2025-05-11,37153.35836791748,407.79722529122864,702.9927995581884,38264.148392766896,2812.109065548464,59.51626666666675,396.62748059166734,38660.775873358565,59857.06975315718,58927.86538331596,196.5384873606812,0.0,18666.859706119423,15360.095626830807,10635.077975307553,10368.478792114149,3,6,7,1870.6567176948427,941.4523478536211,1696.2540562319866,0.0
2025-05-12,35958.23360481699,521.8133635237274,2105.7386617413026,38585.78563008201,4632.747721062329,0.0,0.0,38585.78563008201,57818.552542872116,58624.84290346095,666.1831515878912,2429.9438264591745,17255.670830249932,13658.150138169374,10368.478792114149,10722.860163595331,0,15,15,1913.228680236745,2719.5190408255858,1529.8029360894434,0.0
2025-05-13,35568.4385152366,529.201919937962,1047.8300858498906,37145.47052102446,3797.018828763382,0.0,0.0,37145.47052102446,58315.714210566905,57836.02404237665,960.7657263597039,161.74063210540157,18909.8545000012,15325.549582756306,10722.860163595331,10713.340788311636,0,14,36,2138.3544984768114,1658.6643302865718,2138.3544984768105,0.0
2025-05-14,35246.84749603198,213.2328540438064,1611.1056866613333,37071.18603673712,3388.1907056544624,0.0,0.0,37071.18603673712,56692.190294854896,58447.5702688183,1117.1902699950724,955.7941250127305,18609.9380277665,15249.500937289336,10713.340788311636,10518.395082980005,0,11,38,816.4053658455342,2571.7853398089283,755.3115136379276,0.0
2025-05-15,36821.49483289123,109.17916439665575,1746.6906903963297,38677.36468768422,2958.127336693388,0.0,0.0,38677.36468768422,57016.902860615555,59450.50243680829,1624.7442568264032,1000.4850354377854,20035.633873119878,15975.419011909105,10518.395082980005,10800.0,0,11,34,262.2638802503241,2695.863456443064,258.94647176405215,0.0
2025-05-16,13209.389034448017,65.90563314874063,34.31578175906819,13309.610449355827,228.13316401798738,0.0,0.0,13309.610449355827,29977.135778686155,29885.760024722673,538.4594150732532,23214.385776185627,17986.35947437088,14568.95117424042,10800.0,10800.0,0,10,23,159.7544589907352,68.37870502725218,159.75445899073517,0.0
2025-05-17,13744.94284784512,10.786206947527504,163.95661098919916,13919.685665781844,331.1924173983422,0.0,0.0,13919.685665781844,30194.915975445936,30443.758262292027,320.4162698813303,16193.741255135363,18440.807279293876,14960.005625351878,10800.0,10774.498078751292,0,10,20,41.17506527612886,290.0173521222133,32.0364635343135,0.0
2025-05-18,36142.545417046174,96.50929060321116,1076.3912178783237,37315.4459255277,1485.3117207119187,5.236666666666679,34.42846500000008,37349.8743905277,57578.41816248892,58363.704586340944,1201.158094553075,0.0,18256.122785951073,14764.507727496537,10774.498078751292,10800.0,1,1,7,350.0126484299508,1135.2990722819682,322.78243541971324,0.0
2025-05-19,35120.2304010728,15.599427192476593,51.39755842312097,35187.2273866884,126.91196956218641,79.23650000000009,550.829460833334,35738.05684752173,55449.918440236564,55498.645241447564,651.7513254568894,4062.84518880581,17621.414090446713,14273.345413261846,10800.0,10800.0,2,11,19,39.09258417559306,87.81938538659335,39.09258417559306,0.0
2025-05-20,34180.837289155555,19.367847145362408,4035.01100449104,38235.216140791956,4109.016676279407,0.0,0.0,38235.216140791956,54129.46501332491,58111.43993016321,70.49317339598718,0.0,19334.640671861285,15821.08873176073,10800.0,10622.189124941004,0,20,20,63.52087972055574,4045.495796558851,63.52087972055574,0.0
2025-05-21,34917.81441201361,2.9455171649847194,2328.323650258419,37249.083579437014,3365.898564517288,0.0,0.0,37249.083579437014,53997.70851840735,57336.89504527896,314.037913285281,1828.8057462979466,19806.91750839608,15975.48140603368,10622.189124941004,10697.879986904503,0,10,10,13.356018822840497,3352.5425456944477,13.356018822840497,0.0
2025-05-22,34292.018410841556,4.643336915919444,1161.3929272493276,35458.0546750068,1701.752392424528,2.57000000000005,16.86434000000033,35474.9190150068,53518.7584859766,55197.003093577056,434.02341875271384,0.0,20300.05708616705,16351.138228009368,10697.879986904503,10800.0,1,10,15,11.75389241203095,1689.998500012497,11.75389241203095,0.0
2025-05-23,12391.777300412577,16.185272520256316,351.982675620057,12759.945248552891,517.2300029417686,0.0,0.0,12759.945248552891,28863.827124301264,29321.239063784633,496.7659392232872,18666.548325032956,19668.294295763433,15931.318379568382,10800.0,10800.0,0,1,1,29.909031729199512,487.3209712125691,27.221204518705065,0.0
2025-05-24,12933.982586712109,31.248654164623705,235.63605256128375,13200.867293438016,314.45387375430835,0.0,0.0,13200.867293438016,29480.063463686016,29643.44157498217,850.6583827517809,21414.001556407813,19075.1592236276,15450.878971138358,10800.0,10800.0,0,1,11,75.53788122907665,238.91599252523173,73.57166280267992,0.0
2025-05-25,34172.74099830478,53.603304074639844,696.6144230421213,34922.95872542154,1051.7397351161371,0.0,0.0,34922.95872542154,53997.998097624535,54808.9475033279,633.5388129549458,1999.9356147853537,19211.387710900148,15580.924818645874,10800.0,10778.11025242582,0,13,29,120.3951647063846,931.3445704097526,120.3951647063846,0.0
2025-05-26,33104.49116831018,28.42548544540342,5696.534678923684,38829.45133267927,6657.892771827372,67.76241456766218,344.8386646698567,39174.28999734913,52192.44715868654,58673.67840954199,356.93803598313593,0.0,20392.18667633215,16587.51683820563,10778.11025242582,10700.503996451838,2,24,25,88.33076048596331,6569.562011341405,88.33076048596308,0.0
2025-05-27,33819.97210027885,57.533311095050344,2123.7954185892936,36001.3008299632,3431.5315589906636,0.0,0.0,36001.3008299632,53039.56926063387,56142.74919912704,1534.9352226947512,1406.709878057494,19753.642488824484,15942.905690449681,10700.503996451838,10764.442580338677,0,1,2,164.1758102487438,3267.35574874192,136.00782089880465,0.0
2025-05-28,34425.5957353952,6.774692675767237,1783.1759386508988,36215.54636672187,2352.613681577014,0.0,0.0,36215.54636672187,54376.25643339924,56656.45223495737,499.60436042513834,0.0,20268.53735177391,16385.513577241683,10764.442580338677,10800.0,0,0,1,36.20894000944537,2316.404741567568,36.20894000944514,0.0
2025-05-29,33881.21704354224,61.868417219253445,3618.629575222282,37561.71503598377,5036.962563531372,17.817433333333497,119.80442173333444,37681.519457717106,53737.8096527589,58433.46807813682,570.6047289605328,41.0249632298503,20885.55099463517,17156.018675355393,10800.0,10534.752922554551,1,2,2,170.65206907672524,4866.310494454647,137.22711006028555,0.0
2025-05-30,12778.991735437588,28.025820874450186,414.03734135666133,13221.0548976687,836.8442311533398,0.0,0.0,13221.0548976687,29126.059157393312,29836.660771474206,399.0588252154779,18801.7801539224,20004.558715625095,15964.970189955426,10534.752922554551,10800.0,0,10,15,63.1213085362232,773.7229226171166,63.1213085362232,0.0
2025-05-31,12487.863072404967,15.999966681928745,182.0766066954412,12685.939645782339,314.71674686892703,0.0,0.0,12685.939645782339,29364.073430140248,29560.858640502927,906.5925562473194,16697.25362508011,19456.248250519846,15888.417341344344,10800.0,10656.826379529704,0,0,4,58.965768253122576,255.75097861580446,58.965768253122576,0.0
2025-06-01,41340.55857482242,0.0,16138.733928706655,57479.292503529075,11984.105134785372,1506.272211568643,9608.127087672277,67087.41959120135,60361.78738488922,72345.89251967458,114.12079772471861,0.0,18549.413033191016,16036.195399672497,10656.826379529704,9533.303220876616,11,0,0,0.0,11984.105134785374,0.0,0.0
2025-06-02,44008.86967031532,452.8091013317533,10088.297793412763,54549.976565059835,8428.152528308761,983.4895397689303,6144.165281448533,60694.14184650837,67207.45108817625,72189.97954673004,655.1624182381797,0.0,20286.91025341848,16409.411035157682,9533.303220876616,9558.843521000263,11,1,12,1722.812034877486,6705.340493431275,1700.6614305774324,0.0
2025-06-03,48088.33071259634,1218.002274600876,2830.0228529553356,52136.35584015255,7010.013160402542,274.36793223084067,1559.7737370231698,53696.12957717572,73835.42887880781,72837.27233387428,500.3643623037772,434.3808169398844,20060.79985812086,16076.271604592732,9558.843521000263,9751.039388205993,9,11,36,4004.084852668042,3005.9283077345012,3851.8271844838346,0.0
2025-06-04,50412.765181165,1787.3321012623232,1035.5272194077852,53235.624501835104,6776.216634202168,104.76819646562546,727.348300272472,53962.97280210758,78218.7720669808,74055.89096425174,620.4387131010435,1.1346666666665897,19539.434901375083,15645.609937092097,9751.039388205993,9952.519758230123,4,10,49,5469.548868465625,1306.6677657365422,5457.941401821831,0.0
2025-06-05,50677.136545277346,984.7316877212701,2347.307470785745,54009.17570378436,5268.537137165302,204.89506149478723,1412.631797887821,55421.807501672185,75455.40246795541,74674.13812649858,246.4976323725191,2.0463630789890885e-12,19828.97359375009,16345.756054795893,9952.519758230123,9636.64482060977,5,24,42,3024.900739311058,2243.6363978542413,2962.3255314284543,0.0
2025-06-06,17580.173430956347,312.01721211774776,3646.3058532435894,21538.496496317686,3578.601861184503,752.8537798374039,4210.343219995873,25748.83971631356,35801.478026271914,38010.968457986535,13.552239497918663,3993.0907416246337,19596.12552726728,15693.941670565888,9636.64482060977,9835.444827854888,6,15,29,684.5557147349429,2894.046146449561,682.4162666032122,0.0
2025-06-07,18363.74960760831,233.1495924447459,726.9553928330567,19323.854592886113,1597.7782296135028,374.78794059581895,2343.6831742329155,21667.53776711903,36965.92805859736,37544.13508550288,42.037743410172936,3239.630088284112,18898.944034847005,15388.20200710926,9835.444827854888,9746.492229095797,3,14,30,509.7856013539926,1087.9926282595106,509.7856013539926,0.0
2025-06-08,53318.78478775215,3578.200858727825,357.85211945689434,57254.83776593687,9777.819245504876,3.4764630984356018,24.4221532665101,57279.25991920338,86704.33131575055,77529.10400897669,7015.815576888445,1145.5783166666665,17042.664831787286,12856.401519933923,9746.492229095797,10800.0,1,18,76,9476.523276139358,301.2959693655113,9476.52327613936,0.0
2025-06-09,53484.855275461436,1857.6048477779318,146.79574553175127,55489.25586877112,4894.294538646402,24.513397285898122,173.2729487153709,55662.52881748649,80973.02708794174,76401.8013964049,1478.653272522656,249.94673333333333,20571.75418512673,16806.75213062525,10800.0,10640.409732585997,1,18,69,4732.760115091615,161.53442355478512,4732.760115091615,0.0
2025-06-10,52544.083576318706,795.7622646947639,1233.7393044888906,54573.58514550236,3344.1384360159936,0.0,0.0,54573.58514550236,77486.79333617746,77013.61473485843,1091.6051704019478,112.11789652633934,21304.2957574959,17112.84832289908,10640.409732585997,10800.0,0,36,63,1908.6585186675106,1435.479917348483,1908.6585186675106,0.0
2025-06-11,54359.73790773795,98.37312968623975,5036.032862794634,59494.14390021883,4239.890501351134,0.42105781041777846,2.919614857436876,59497.06351507626,78171.24436016801,81867.2298181575,1546.975520765769,0.0,22295.94230808157,18059.71326954607,10800.0,10800.0,1,16,17,271.952521680818,3967.937979670315,271.952521680818,0.0
2025-06-12,53532.5395756902,872.219055433923,1785.4321694321645,56190.19080055629,3885.178996296415,1.8390052770274679,13.235320978766687,56203.426121535056,78883.72956442236,78016.78621868235,1595.2148270907282,0.0,20900.099808080602,16929.080844545286,10800.0,10800.0,1,27,52,2376.0611710182166,1509.1178252781997,2376.061171018198,0.0
2025-06-13,18623.948613587334,123.71243657893443,239.06864046156426,18986.72969062783,762.3776264591315,0.0,0.0,18986.72969062783,36612.89175307601,36668.98291681513,101.69100340572749,5231.5287391819775,18848.21839535754,15857.76892113012,10800.0,10143.653310121654,0,10,28,353.1432313600102,409.23439509912134,353.1432313600102,0.0
2025-06-14,19154.330416836863,188.70681544774428,377.25333927999,19720.290571564597,978.005359119064,0.0,0.0,19720.290571564597,36848.46430791238,36959.50030524876,40.192711100555925,7386.104000447152,18961.02219226106,15621.16134856001,10143.653310121654,9851.727340312158,0,10,30,433.4846808913395,544.5206782277245,433.4846808913395,0.0
2025-06-15,53286.580799847936,353.7242949864003,1657.9658953579851,55298.27099019232,2453.7912923750846,0.0,0.0,55298.27099019232,77498.2254221535,78547.2095978548,3077.6965335374734,0.0,20995.22809086818,16152.689359884174,9851.727340312158,10800.0,0,15,31,702.403558336888,1751.3877340381969,702.403558336888,0.0
2025-06-16,53798.95348865877,30.07495964038154,1676.3858390414325,55505.41428734059,1426.405159745462,1.6680775637045144,11.250349128405098,55516.664636468995,76758.72679144146,77970.5228916343,1569.0902006400092,0.0,20940.97072791667,17231.922776025334,10800.0,10500.292792874632,1,10,11,107.30452977631012,1319.1006299691517,107.30452977631012,0.0
2025-06-17,52100.1308477916,10.871952139982435,4601.956532913277,56712.95933284486,3740.7881670542206,59.092191100846094,420.8114576002462,57133.77079044511,74959.26676960976,78638.89064895663,789.2014248747284,0.0,21610.26747434163,18338.497275825546,10500.292792874632,9573.425435531492,4,1,1,30.582143853677735,3710.2060232005415,16.426853865361863,0.0
2025-06-18,53033.65559127424,756.4403172002491,1939.4722115673076,55729.5681200418,4203.598227373253,30.010260351737884,202.44867932429372,55932.01679936609,78208.37054787936,78098.01592968596,2146.2777961688935,0.0,20786.52834656403,15733.170852695206,9573.425435531492,10800.0,2,13,18,2156.9764227833202,2046.6218045899336,1950.0798334779145,0.0
2025-06-19,50337.256245569784,397.85846522010496,1879.8703669631216,52614.98507775301,2980.937144621902,122.09895495985131,842.0671579413078,53457.05223569432,74168.32550714618,74513.64145236251,1968.7858582109332,456.1919051148193,20796.097073666388,16844.838629669768,10800.0,10800.0,2,2,18,1317.8105997027876,1663.1265449191142,1317.8105997027876,0.0
2025-06-20,18735.428736495305,180.24848834487156,156.6458070485371,19072.323031888714,638.6914092833583,0.0,0.0,19072.323031888714,36069.90456621407,35956.30751234348,839.450466126068,9134.184900388227,18853.112083311502,15271.020787482314,10800.0,10800.0,0,10,31,376.1442315769761,262.5471777063823,376.1442315769761,0.0
2025-06-21,18675.82991095147,9.117350215512442,288.16243974770543,18973.109700914687,372.22005631820133,0.0,0.0,18973.109700914687,36268.134829046016,36576.369339485194,1975.5885761206873,11614.0751850628,19220.869359482665,15568.904181180958,10800.0,10800.0,0,0,3,31.992772939512292,340.2272833786891,31.992772939512292,0.0
2025-06-22,47855.54223666901,129.4348597000133,3124.1651969043796,51109.142293273406,3533.5076921958744,39.077085486737815,273.3662215563919,51382.508514829795,69571.93975094764,72144.89189805991,681.4083766406341,0.0,21290.628983715953,17245.409476809924,10800.0,10800.0,3,1,1,480.2777725417933,3053.22991965408,391.6549636752485,0.0
2025-06-23,48029.66354516931,12.990171961562906,2337.414010318387,50380.06772744926,2382.0306867447725,32.68770324936861,227.04697983383807,50607.1147072831,69528.61580330084,71808.3761865955,744.9142334936178,0.0,21557.83344505546,17522.969788704213,10800.0,10732.083668656345,3,10,11,51.13515172505822,2330.8955350197148,51.13515172505822,0.0
2025-06-24,50499.401725408854,79.54959962168661,8633.193400779548,59212.14472581009,6654.28343613034,2036.8167550080032,11133.527762970843,70345.67248878093,71808.18496508093,77960.19218656947,286.03768144289904,0.0,21425.711527897878,17983.532517763306,10732.083668656345,10033.521246249655,11,4,4,251.138107320906,6403.145328809436,251.138107320906,0.0
2025-06-25,49789.765622172585,215.7441228803574,2736.134852570593,52741.64459762353,2950.0913695672098,68.03098635964795,472.830886773849,53214.475484397386,73261.32088472552,75582.87100219114,494.06798221707834,0.0,21208.325059430237,16488.912419763186,10033.521246249655,10800.0,3,0,2,314.2706260507887,2635.8207435164204,314.2706260507887,0.0
2025-06-26,48178.007618755655,115.54407596640264,1963.1285567595723,50256.68025148163,2422.9754009789217,105.59247310103501,741.1718833288533,50997.852134810484,70883.59569222688,72965.99304802042,1620.479809095705,0.0,20799.029044724,16895.307166031584,10800.0,10746.562622438732,4,0,2,170.2890225926872,2252.6863783862345,170.2890225926872,0.0
2025-06-27,17413.816746514694,83.75203546238795,43.461178355180756,17541.029960332264,293.0784287630924,0.0,0.0,17541.029960332264,34564.95809702061,34388.00430796545,355.7147075168408,10496.600734234338,19557.628209170885,15793.585209623276,10746.562622438732,10800.0,0,9,28,235.0161089091259,58.062319853966514,214.95671508820098,0.0
2025-06-28,17642.107887891812,16.958565047990106,212.62258593143474,17871.689038871238,382.95860067371234,0.0,0.0,17871.689038871238,34762.593763246885,35050.21776859061,471.36375125749,9166.995883617685,19567.43007606148,15932.498059012705,10800.0,10707.91144733011,0,0,12,47.66729766499008,335.29130300872225,47.66729766499008,0.0
2025-06-29,47151.64117843952,3.8909083882071425,5587.878176378652,52743.41026320638,5288.658733672968,19.25301622855693,131.64589573409188,52875.056158940475,68423.22728567781,73686.40945436007,401.04124904764603,0.0,21262.584222646954,17225.731534439317,10707.91144733011,10704.535542779793,2,0,1,12.738282495358135,5275.920451177611,12.738282495358135,0.0
2025-06-30,48714.79819703112,136.31866158892495,3100.4524978343966,51951.56935645445,3619.6957495830375,55.962502377908436,389.2736790257567,52340.843035480204,71473.22821062687,74310.3812885452,297.80382764308615,0.0,21604.936676044803,17414.0806960981,10704.535542779793,10800.0,3,4,10,391.2713358323522,3228.4244137506853,391.2713358323522,0.0
2025-07-01,50797.07667056878,958.2020767498508,17524.926818285712,69280.20556560435,16433.50536915734,693.5851061485449,5164.032128958028,74444.23769456238,69806.51020246142,80364.17767116132,83.73394868643277,5.229594535194337e-12,20191.79749475936,18084.312699469257,10800.0,8878.936968095368,12,5,6,2937.918950228716,13495.586418928624,2512.2113081332873,0.0
2025-07-02,53206.42783021123,1105.3567277785528,11949.282541633782,66261.06709962357,13539.416777223196,272.94885491872526,2324.7047957492573,68585.77189537283,72834.74851445577,79393.03845554554,1578.398379455129,569.0820587374026,19743.101944899237,15129.36143929416,8878.936968095368,9837.327119288944,7,6,7,3490.5634180667184,10048.853359156483,2918.4761094618575,0.0
2025-07-03,59764.71114677798,1034.9726217702155,9157.487979953148,69957.17174850135,10515.366652248838,42.087902498747894,368.9591561891858,70326.13090469054,79752.86762544475,84587.4518991857,223.41934673139167,55.65752675380213,21272.680066047054,16682.636071181118,9837.327119288944,10446.476877418929,2,5,5,2840.391189253938,7674.9754629949,2423.4736535156744,0.0
2025-07-04,24944.024961536874,47.902236038378526,2113.405086089416,27105.33228366467,2246.639758972682,0.0,0.0,27105.33228366467,41454.471857397744,43412.756130829104,19.942289283587,11200.316993883305,19127.610740693322,15815.981359697778,10446.476877418929,10088.013922156502,0,1,2,144.17774277065922,2102.4620162020237,110.38450145082214,0.0
2025-07-05,25464.343818787172,39.37117611033269,1092.6609615669577,26596.375956464464,1505.5165563453834,0.0,0.0,26596.375956464464,43518.32666036838,44874.666774763566,117.9514244033412,11746.394358508964,20674.67710630651,16454.436081121912,10088.013922156502,10412.516561030234,0,6,24,74.5882209750998,1430.9283353702835,74.58822097509844,0.0
2025-07-06,63957.92997260714,170.88871369478642,5640.239928685096,69769.05861498702,5135.774403341717,24.45878804845802,206.02860112618612,69975.08721611321,82262.93833435068,86208.10323013872,1937.2143724572488,76.60989999999993,21452.742635037546,17027.98643930762,10412.516561030234,10800.0,1,11,11,595.3047537768343,4540.469649564881,543.9976718914531,0.0
2025-07-07,63291.48877658156,1360.2431960145948,34.994674539757554,64686.72664713591,3859.178761943906,0.0,0.0,64686.72664713591,85663.36320308235,81832.14998240274,4042.3949351192055,1158.3875918025324,16957.287835864958,13735.403147050618,10800.0,10800.0,0,0,57,3845.1959913117535,13.98277063215248,3845.195991311754,0.0
2025-07-08,64191.64748191456,3913.5686074690702,2473.960534384252,70579.17662376788,11327.288926887974,0.0,0.0,70579.17662376788,92664.78531000299,85819.67445636704,6059.48841884967,93.10328799636227,21556.293330812296,17460.59759795796,10800.0,10800.0,0,34,68,9086.19989026197,2241.0890366260032,9086.199890261969,0.0
2025-07-09,62473.36147862237,2672.2313440423395,771.5476318114165,65917.14045447613,6892.766879063292,0.0,0.0,65917.14045447613,87729.7291842768,82273.88077507634,4521.036184494107,0.0,19442.734599555573,15748.61502564001,10800.0,10800.0,0,24,61,6174.307644131875,718.4592349314169,6174.307644131865,0.0
2025-07-10,60108.25369786621,1556.2373228453412,1817.5189423785603,63482.00996309012,5114.881134299936,7.2244397193775285,60.33852053624112,63542.34848362636,81362.59320709347,78850.98030533135,2191.5204153346203,0.0,20068.741823067277,16255.680876684497,10800.0,10800.0,1,31,58,3813.2470180310256,1301.6341162689118,3813.2470180310247,0.0
2025-07-11,27383.687209769287,266.39567010559523,1.6633180166536478e-11,27650.0828798749,587.0086506256481,0.0,0.0,27650.0828798749,45030.13965498825,44443.13100436263,516.9799317253384,7665.012524175018,19696.638939275195,15954.277540812916,10800.0,10800.0,0,0,33,587.008650625632,1.6143530956469476e-11,587.0086506256321,0.0
2025-07-12,26363.653351683915,0.4241305398944866,203.25504327889377,26567.3325255027,319.8743590633628,0.0,0.0,26567.3325255027,43671.57770008599,43989.77251030699,28.280233151379946,9462.0072255468,19346.25333891147,15931.011620635985,10800.0,10510.503982091452,0,0,2,0.8397744211785039,319.0345846421843,0.8397744211785039,0.0
2025-07-13,55445.87339532492,1280.3894285276858,1534.0299392691388,58260.29276312174,5413.799647060416,13.217960706268059,112.99053608669732,58373.28329920844,77184.26766422439,74919.47485519017,860.8215173397409,686.969820560038,20298.07716778403,16180.896089787373,10510.503982091452,10800.0,2,18,57,3839.2962280473207,1574.5034190130957,3839.2962280473207,0.0
2025-07-14,55306.841305786955,82.8432838134896,4260.18675246646,59649.87134206691,3839.0293369674346,72.7233726351559,615.7750376333144,60265.64637970022,72478.39179922361,75610.18391453121,352.7201808280182,0.0,19713.94817850029,16191.44028882861,10800.0,10552.064150840693,4,4,6,353.6186108299173,3485.410726137519,353.6186108299173,0.0
2025-07-15,57349.77593722859,1960.9474972532323,5287.162825169298,64597.88625965112,9203.756496313243,0.0,0.0,64597.88625965112,80382.11595574282,79275.39936618149,2741.0587744650493,5.9117155615240335e-12,18748.14602178811,14962.85601340499,10552.064150840693,10800.0,0,35,56,5155.236542937277,4048.5199533759637,5155.236542937278,0.0
2025-07-16,57379.083700335104,1239.8972231508396,4254.139309566522,62873.12023305246,7181.239324434934,35.48828435656162,296.0802560690359,63169.2004891215,77061.33731779072,77999.81066747184,2015.5799809617579,2.5011104298755527e-12,20448.187302807004,16563.031715273675,10800.0,10800.0,2,37,54,3121.3829873769023,4059.8563370580323,3121.3829873769023,0.0
2025-07-17,57459.04144952581,39.94403385118235,2636.408038666794,60135.393522043785,3041.8871666298046,12.268689372096787,102.06640045507544,60237.45992249886,74777.67268542285,77511.38749911505,758.6673445530697,0.0,22053.445091839138,18008.872314571716,10800.0,10638.242455353313,2,13,15,154.08617646879907,2887.800990161006,128.2596236810041,0.0
2025-07-18,26218.317947097206,151.21884431424675,27.90389450486096,26397.440685916314,379.8203806905256,0.0,0.0,26397.440685916314,44321.37972412813,44022.58917324922,465.5060586332887,8523.175684047976,19021.460738873342,15261.801408305386,10638.242455353313,10800.0,0,10,33,339.3054657847137,40.51491490581191,331.67227915782223,0.0
2025-07-19,26111.66346611969,83.3423733356948,2.4758554673098842e-11,26195.00583945541,253.41154728409984,0.0,0.0,26195.00583945541,44214.575668918944,43961.16412163488,193.43980066907412,13057.167509671694,19781.88343887672,16254.14567758261,10800.0,10543.53323100837,0,0,25,253.411547284082,1.7848833522293717e-11,253.41154728408176,0.0
2025-07-20,57163.04148893954,585.1027659567883,1734.2025894700819,59482.34684436642,3394.2064346001853,22.20061538969287,188.90503635089664,59671.25188071731,77315.9367960302,77614.78965144629,1522.5236900555367,6.821210263296962e-12,19966.67509484908,15942.1867347353,10543.53323100837,10800.0,1,18,38,1547.6767895920511,1846.5296450081348,1547.6767895920511,0.0
2025-07-21,57522.862317080115,988.2942985451502,5082.825372270216,63593.98198789548,7298.92716231533,29.0165183308618,251.2395239677669,63845.221511863245,77406.57253919187,79272.1436830678,1170.6274535274686,3.637978807091713e-12,21793.596830900966,17652.81343302978,10800.0,10800.0,1,40,55,2716.6780092197096,4582.249153095622,2716.6780092197105,0.0
2025-07-22,57370.15541549052,594.8039973228508,4803.727073540811,62768.68648635418,7545.638956695775,69.13069284450069,579.2261568250713,63347.91264317925,76074.87690430098,78945.26846262644,1243.1886133835333,0.0,20926.662765372264,16950.596839951522,10800.0,10800.0,3,4,4,2337.623699185156,5208.0152575106185,1708.1890038736178,0.0
2025-07-23,56904.75356373143,1367.3320672551479,3823.0245562648097,62095.11018725139,8229.725973167391,76.74216110049952,646.2249479092677,62741.335135160654,78973.56739485066,78574.44904617066,371.5735657718229,0.0,21587.367496491825,17524.296971659147,10800.0,10757.189667221359,3,31,59,4314.422160923692,3915.303812243701,4314.422160923692,0.0
2025-07-24,58514.0992604123,326.7482027434703,1780.7762673872933,60621.62373054306,2949.245657054489,15.681149784892227,130.17706493928284,60751.80079548235,77913.92245025263,78540.08980367368,914.8677391107612,80.49678333333327,20554.76385007207,16610.829419057605,10757.189667221359,10800.0,1,0,13,1161.5391518167305,1787.7065052377586,1161.5391518167305,0.0
2025-07-25,25310.31384198641,66.79378312617769,30.844585459512864,25407.9522105721,199.56085098952735,0.0,0.0,25407.9522105721,42687.16661186281,42567.078081660205,683.7693930246402,12094.094545529611,18982.50854300317,15698.61396656388,10800.0,10441.353281409647,0,0,21,159.82469059606734,39.736160393460025,159.82469059606734,0.0
2025-07-26,25730.686998584293,5.376011694333609,31.754023880775975,25767.8170341594,63.06509473138692,0.0,0.0,25767.8170341594,43122.537481194,43150.65631177869,504.6209999976589,10300.618629595645,19406.402619857996,15530.077504339273,10441.353281409647,10651.473967793769,0,10,11,17.473132073346505,45.591962658040416,17.473132073345823,0.0
2025-07-27,57113.91300850604,74.0997634680974,3711.1942955478717,60899.20706752201,3991.9042894140575,421.1455129648697,2342.8896712977507,63242.09673881976,75461.19549714398,78826.08298614819,1071.0567964895572,0.0,22933.202492831057,18442.22059020755,10651.473967793769,10800.0,5,4,8,313.5084002049259,3678.3958892091323,313.5084002049259,0.0
2025-07-28,59764.03927912266,20.56956094688093,5548.980779557441,65333.58961962698,4366.235573699322,0.0,0.0,65333.58961962698,77986.21231530557,82247.44322660161,383.9869073207137,0.0,21173.387412674834,17264.808326727278,10800.0,10672.928308377044,0,12,12,52.502331201649554,4313.733242497672,52.502331201649554,0.0
2025-07-29,60023.530617721306,15.729353636230947,1721.9037398393923,61761.16371119693,1841.3129112426466,73.25698945444447,623.2048202895462,62384.36853148648,79006.27797677208,80743.43388270693,657.7494843770942,0.0,20922.794291176975,16833.098853392687,10672.928308377044,10800.0,4,10,11,52.07850265389743,1789.2344085887491,52.07850265389743,0.0
2025-07-30,58746.892827039155,0.0,3236.3027209293705,61983.19554796853,3394.9586200354825,5.330991811507033,44.83301327764636,62028.028561246174,76176.76879892286,79571.72741895833,918.8163156464421,693.4265576741695,20324.007828680187,16462.446341230952,10800.0,10800.0,2,0,0,0.0,3394.9586200354825,0.0,0.0
2025-07-31,57723.709810494416,9.036261167810853,2204.786669492883,59937.53274115511,2450.1128431201714,130.9040548093277,1103.555474923448,61041.08821607856,76464.84912712857,78848.58424652439,680.9790709658575,0.0,21613.927178314487,18010.414214613287,10800.0,10240.963110912726,7,10,11,33.18886186217446,2416.923981257997,33.18886186217446,0.0
2025-08-01,24973.65069344561,35.462870291280474,956.4412876293248,25965.554851366214,1201.082638054227,0.0,0.0,25965.554851366214,42417.73186713407,43389.011275590536,880.5359345573424,17108.582430775914,19652.881900857115,15504.3486572665,10240.963110912726,10701.502758054685,0,1,3,114.9016147988788,1086.181023255348,110.92230189690983,0.0
2025-08-02,24284.051212864913,171.0207294023363,150.0761003830044,24605.148042650253,522.4030102262655,0.0,0.0,24605.148042650253,42144.39699407705,42024.999406957475,305.64970987004125,17193.841467656064,18905.043109772672,15306.559813674645,10701.502758054685,10708.752874989379,0,10,30,320.9002986729244,201.5027115533411,320.9002986729244,0.0
2025-08-03,51744.05277799648,161.25795405648898,193.00830898948897,52098.319041042465,868.2073734484004,245.58326532250317,2045.0869442072171,54143.40598524968,68617.26178593039,68123.12324735902,857.8113951636082,1382.5852731082296,18714.634543936776,15425.804682860427,10708.752874989379,10412.140983576455,6,10,21,681.1729560098837,187.0344174385167,681.1729560098837,0.0
2025-08-04,51967.65850452723,181.79819623793392,1627.7514301129936,53777.208130878156,2543.396014677617,26.578237399590535,215.92934762174337,53993.1374784999,68234.6477359818,69858.83388405414,303.0173690690418,0.0,20092.981864579815,15926.242195528457,10412.140983576455,10800.0,2,10,25,459.6049333026424,2083.7910813749745,459.6049333026424,0.0
2025-08-05,52119.00264311044,62.37972853630686,760.6444020625247,52942.02677370927,1525.5483399225857,27.15744398523441,224.99467520657802,53167.02144891585,67824.07432006765,69124.57542412612,193.29548721807822,0.0,20177.05698330025,16370.929335740302,10800.0,10769.42980081434,3,0,22,112.52361793205478,1413.024721990531,112.52361793205478,0.0
2025-08-06,53345.88340286289,142.7728174692832,2866.7195307880133,56355.375751120184,3181.3179917075017,29.599890568323076,248.93972048397896,56604.31547160416,69393.51237620704,71984.34600921304,337.74307982468804,0.0,20048.75251038675,16486.948957096738,10769.42980081434,10494.474885610485,3,19,44,295.24217935075876,2886.075812356742,294.053332495389,0.0
2025-08-07,52507.905969290994,607.7988538581048,183.5831749996008,53299.2879981487,3106.0801872055013,60.772360028501,518.1632946033703,53817.45129275207,71693.17159220632,68817.26164107095,660.1510664667607,1180.8318322537614,18989.669773637535,15340.6039212586,10494.474885610485,10540.06221381916,3,0,8,2990.9950691704335,115.08511803506838,2990.9950691704335,0.0
2025-08-08,23538.231965247163,171.82633803480286,284.27783826976173,23994.33614155173,759.0100918740569,0.0,0.0,23994.33614155173,41334.544542165364,41416.93396442485,131.1065035014534,21589.376181178523,20321.692076497944,16400.41204675307,10540.06221381916,10606.90503071946,0,10,29,338.3103348072858,420.6997570667711,338.3103348072858,0.0
2025-08-09,23794.53200337051,32.96047194241665,333.8397092548826,24161.33218456781,517.3312041627524,0.0,0.0,24161.33218456781,40661.09912635926,41039.38082428873,151.10995578951753,18490.61340333656,19319.618184294435,15843.889719131781,10606.90503071946,10390.239486438028,0,0,29,69.52475311664192,447.8064510461105,69.52475311664169,0.0
2025-08-10,51959.228512018635,216.6700783701593,3233.8895202251924,55409.78811061399,3155.287453996695,61.58341819626037,523.4108693276701,55933.19897994166,67323.66003004869,69615.90541108693,302.9387435311342,0.0,19479.718808138343,15409.787772386278,10390.239486438028,10800.0,2,28,47,431.5210364792256,2723.7664175174705,431.5210364792256,0.0
2025-08-11,51329.92429649209,0.3088217475406351,1211.9697212965634,52542.20283953619,1750.7541681669634,148.50194113834937,1243.0151645948715,53785.218004131064,67407.98279709875,69155.33958630488,264.4118224499233,748.1067478706495,20639.934032569327,16909.864408780013,10800.0,10587.202397334595,5,0,1,1.6986894804215353,1749.0554786865418,1.6986894804215353,0.0
2025-08-12,52482.95019870073,36.058573565518685,3501.418958062915,56020.42773032917,3149.135383328161,134.31227099318482,1094.8939793850334,57115.321709714204,69230.50139727583,72043.35874630403,505.89340947074277,0.0,20665.003830829526,16753.769873003042,10587.202397334595,10570.405986188904,5,3,3,168.13901714997291,2980.996366178187,168.13901714997291,0.0
2025-08-13,51522.97150510316,190.92817985071994,2511.6430503443385,54225.54273529822,3409.8116470857703,110.59414665670681,924.6221202966924,55150.164855594914,68253.68150189526,71175.48023748078,1199.6072105055869,0.0,19964.75955887419,15999.271835242283,10570.405986188904,10761.720883350925,3,0,2,244.00645575012118,3165.805191335651,244.00645575012118,0.0
2025-08-14,51615.365649673564,0.0,2347.880396179698,53963.24604585326,3141.792535121942,167.29640372595082,1116.89363624169,55080.13968209495,67301.76503231953,70443.55756744147,741.3523077442853,11.226276325645586,22076.269294272228,18144.28489050807,10761.720883350925,10470.04670318697,4,0,0,0.0,3141.792535121942,0.0,0.0
2025-08-15,24096.7429177218,40.156417968920515,152.8857436448592,24289.78507933558,248.64557631264066,0.0,0.0,24289.78507933558,41106.1539600501,41153.86990478255,291.74799652277227,20322.817118728373,19016.39035525374,15636.812449055666,10470.04670318697,10210.561968409045,0,0,28,100.46481579008992,148.18076052255074,100.46481579008315,0.0
2025-08-16,23966.345060033684,28.88824304907518,447.6078887612188,24442.841191843978,603.2550631397037,0.0,0.0,24442.841191843978,41239.238106875,41663.90041541224,201.85786109977204,20721.046817677663,18923.123478197565,15111.408108229429,10210.561968409045,10450.9196451986,0,0,6,89.2963773012323,513.9586858384714,89.2963773012323,0.0
2025-08-17,51996.66878667636,231.4974779787977,341.07096722621304,52569.23723188137,1212.7705277051346,166.8984513149345,1391.2173831683772,53960.45461504975,68787.8017870564,68379.42727869586,526.9158369274387,542.7197901270924,21037.495615622785,16726.199129333192,10450.9196451986,10800.0,5,19,36,810.5725180328369,402.19800967229753,810.5725180328369,0.0
2025-08-18,52020.823764206194,71.39279858395753,841.4522967528945,52933.668859543046,1329.3732764714428,242.29481132806495,2050.0954159298085,54983.76427547285,67985.528771621,69004.00281886876,830.0286833767958,0.0,21169.228053438812,17147.07472328544,10800.0,10800.0,5,0,15,155.44961461184118,1173.9236618596015,155.44961461184118,0.0
2025-08-19,52360.38387827949,5.534881194099371,497.36269241796265,52863.281451891555,676.0488817214963,68.65225644380791,575.0820134315849,53438.36346532314,67937.76905385572,68572.41757474121,213.88007468533988,651.8830168138581,19024.30675846159,15566.660068775775,10800.0,10625.587117309009,3,5,8,20.700180418007903,655.3487013034884,13.089412112165064,0.0
2025-08-20,53064.538085091284,303.734584361831,5187.860464416758,58556.13313386987,5639.832135987461,1069.2026967524012,6082.312657139239,64638.445791009115,70202.08267006632,73564.71841156622,68.0058547591222,0.0,20692.027774192808,16776.803587299954,10625.587117309009,10607.519239304818,9,16,23,1138.5981972437723,4501.233938743688,1138.5981972437723,0.0
2025-08-21,52734.58719290974,447.4272831999775,199.42549102925508,53381.43996713898,1773.9326802252062,25.842682217333845,214.28263605528187,53595.722603194255,71419.90034672784,69890.38715610278,426.3386336388686,180.7544703728006,18611.407752844807,15146.689501869694,10607.519239304818,10528.131214787703,2,0,10,1651.7229354251253,122.20974480008101,1651.7229354251253,0.0
2025-08-22,23775.580200852433,2.3608486861485396,945.6589616089435,24723.600011147526,1262.7096346392182,0.0,0.0,24723.600011147526,40882.7059886341,42131.8436273771,107.67117849296505,17514.17748206308,19156.545081775505,15877.119514954451,10528.131214787703,10127.777882880711,0,1,1,6.785997948113078,1255.9236366911048,4.1390581588664475,0.0
2025-08-23,23694.51739454926,8.668799689572271,320.63137624825157,24023.817570487085,515.918244336832,0.0,0.0,24023.817570487085,41613.23248636856,42105.65964015713,108.18017275418083,15458.354935908977,19164.160460716746,15155.042079222774,10127.777882880711,10536.586653944918,0,0,1,11.745545274130848,504.1726990627012,11.745545274130848,0.0
2025-08-24,52457.582340616755,388.0080798469677,1384.392293058306,54229.982713522026,2910.2729920640722,4.524539988844936,37.76181074689983,54267.74452426893,69174.19749923721,69461.8654004196,259.9133043305188,1310.6875964325313,20779.452953855314,16617.253397543238,10536.586653944918,10774.47942625555,1,24,48,1311.3025454408398,1598.970446623232,1311.3025454408396,0.0
2025-08-25,54380.644985334075,1294.967909913153,3997.207374174781,59672.82026942201,8719.15743410849,25.751689064587254,215.90216111749953,59888.72243053951,76326.96477995493,75661.94973332783,892.9323007474396,1.0231815394945443e-11,21045.86099267526,17024.17888769695,10774.47942625555,10800.0,1,31,56,4692.086240367794,4027.0711937406973,4692.086240367794,0.0
2025-08-26,53435.397424481795,297.36596736757815,578.3605545756122,54311.12394642499,1149.796219020238,29.797237776926522,250.27092175396317,54561.39486817895,70922.56271057235,70981.43386087957,1705.6784879035097,76.55655243489264,19474.619342025086,15774.441667040326,10800.0,10800.0,2,18,45,545.4625343565149,604.3336846637231,545.4625343564969,0.0
2025-08-27,53981.93028711821,118.30442993273564,1941.9713011281328,56042.20601817908,3523.075095083813,19.55327896350991,165.26236877577875,56207.46838695486,71070.02689008228,73387.99897790869,980.2056806867142,796.9437218998462,20032.448310754633,16316.194323135658,10800.0,10700.098676195108,2,11,11,602.5515036287063,2920.5235914551067,441.1189141567413,0.0
2025-08-28,53149.06481652579,286.61557558040107,3884.0445171911438,57319.72490929733,4744.195032697222,95.31174560639738,808.7647386258041,58128.48964792313,71046.62475136398,75057.18574131286,416.90591038497064,0.0,20905.216936878358,16937.420343677404,10700.098676195108,10695.437981966295,2,10,11,366.8170213741759,4377.378011323048,366.8170213741759,0.0
2025-08-29,24230.747300831365,347.6222439128491,270.8365186664815,24849.206063410697,1034.886657356046,0.0,0.0,24849.206063410697,42779.20796547532,42517.68476197377,88.18227405210257,16096.909897588015,20103.93098700742,16326.558746673772,10695.437981966295,10648.355040635457,0,10,31,648.2049304287991,386.6817269272469,648.2049304287991,0.0
2025-08-30,24685.61078175684,35.70120401315583,188.66133618175203,24909.973321951747,313.516994305211,0.0,0.0,24909.973321951747,42197.602306307504,42368.430154293645,54.17872829293299,20520.00622643165,18536.73755371068,15255.212187474954,10648.355040635457,10381.183075114008,0,5,20,71.34457315953699,242.17242114567404,71.34457315953699,0.0
2025-08-31,52329.75244366375,162.29302442622725,1971.9147145974555,54463.96018268743,2784.8987704131255,127.17831523920745,1059.4255156478469,55523.385698335274,69528.46760259233,71822.96042139124,1070.9033618904805,0.0,20293.03715268023,16060.424861273592,10381.183075114008,10800.0,5,18,29,245.20297580710428,2539.695794606021,245.20297580710428,0.0
2025-09-01,42929.32223259742,2703.7894623999186,1843.0649042626765,47476.17659926001,9477.146511330453,0.0,0.0,47476.17659926001,72859.49685866173,66791.7678466156,8819.061679126738,1358.6152409465112,15999.77049057386,12959.814097364828,10800.0,10800.0,0,36,58,7772.437761688296,1704.7087496421618,7772.437761688296,0.0
2025-09-02,39975.958803123234,817.7489829343883,1522.2900334171384,42315.99781947476,3550.3401038849033,0.0,0.0,42315.99781947476,61812.93826250847,62459.080824078745,4144.1212876397485,505.2096981451566,19747.336780493883,15995.34279220005,10800.0,10800.0,0,22,40,1452.0987711573134,2098.2413327275904,1452.0987711573134,0.0
2025-09-03,41320.96426264714,293.383950747613,1297.035461340529,42911.38367473528,2269.360630027558,0.0,0.0,42911.38367473528,60368.565870565595,61240.19258196784,1804.4656145357512,364.94958782662957,18542.421734765594,15019.361605160128,10800.0,10800.0,0,21,37,698.866959312656,1570.4936707149018,698.866959312656,0.0
2025-09-04,39823.421292066814,362.0843559373146,1525.8426764170106,41711.34832442114,2481.183285105669,0.0,0.0,41711.34832442114,59498.700805209686,60586.27685075456,2032.8977423354959,629.1561844163086,21045.565126330377,17046.90775232761,10800.0,10800.0,0,19,36,696.803619780392,1784.379665325277,696.803619780392,0.0
2025-09-05,17215.518570164222,537.9005972610352,281.149576989782,18034.56874441504,1812.3403776584628,0.0,0.0,18034.56874441504,36742.29163712921,36079.37660260455,2352.3306672659364,23481.76513579698,18005.36385723665,14584.34472436169,10800.0,10800.0,0,10,28,1237.6277060915613,574.7126715669013,1237.6277060915613,0.0
2025-09-06,17271.840327800397,314.24788470959163,262.1200085711659,17848.208221081153,1241.6843614215877,0.0,0.0,17848.208221081153,36230.23522898249,35988.09134275808,2751.864240219421,22127.559194563233,17829.390568291765,14441.806360316332,10800.0,10800.0,0,12,28,741.9141238229996,499.7702375985883,741.9141238229992,0.0
2025-09-07,37686.7095905619,1.1923475540243089e-13,3371.053500031757,41057.76309059365,3885.3064032746806,301.53318205831806,1561.7544435632312,42619.51753415688,56255.14996078596,60140.456364060636,1734.6517333664297,0.0,19717.65366360981,15971.299467523946,10800.0,10800.0,4,0,0,2.2737367544323206e-13,3885.3064032746806,2.2737367544323206e-13,0.0
2025-09-08,33715.08523282214,0.0,13990.573200508801,47705.65843333094,11758.837817860089,443.8117427621188,2326.182852929235,50031.84128626017,50612.914394097985,62371.75221195807,37.99192965654839,0.0,20785.85832526795,17403.855833537633,10800.0,10169.65489992156,8,0,0,0.0,11758.837817860094,0.0,0.0
2025-09-09,36491.35625427655,0.0,4609.613225944419,41100.96948022097,4397.967790043282,10.685671810714481,55.78371377868795,41156.753193999655,54401.225359032906,58799.19314907619,82.80013421500314,1921.5673852800187,20579.895033082637,16877.21799835742,10169.65489992156,9939.095987076576,3,0,0,0.0,4397.967790043282,0.0,0.0
2025-09-10,38353.218268968536,50.11095847829887,7650.38412221256,46053.713349659396,8549.850495977764,953.4801715840325,5097.869647474411,51151.58299713381,57418.01713741923,65502.189107290375,480.7371672589843,0.0,21576.978065449497,16918.04460383407,9939.095987076576,10560.548908387702,9,2,2,232.83926305330488,8317.011232924458,232.83926305330488,0.0
2025-09-11,38922.51896114307,390.28525703817644,1329.650338456777,40642.45455663802,3488.501211798599,0.0,0.0,40642.45455663802,59976.68767192136,59285.68814474059,423.61222706679047,1627.0482116035491,19575.878883923764,15836.93696118684,10560.548908387702,10582.243280378152,0,1,7,2089.7503694896864,1398.7508423089123,2089.5258844855675,0.0
2025-09-12,16651.474352702764,198.31754399970407,172.6064726390693,17022.398369341536,817.9659115751572,0.0,0.0,17022.398369341536,35170.163446228195,35102.24473263765,876.1984747456479,18916.83740764262,18745.113697840632,14987.561047591247,10582.243280378152,10800.0,0,10,27,442.94231258285,375.02359899230726,442.94231258285,0.0
2025-09-13,16636.060373228924,395.74553673569045,448.6465639833194,17480.45247394793,1830.2466616593088,0.0,0.0,17480.45247394793,36026.856331696865,36025.46614411401,1439.8756092105614,23205.501390301328,17752.566638256772,14379.578976987981,10800.0,10800.0,0,10,27,915.8184246210819,914.4282370382272,915.8184246210819,0.0
2025-09-14,40250.66244133659,403.17332817532764,3595.5330440460702,44249.36881355799,5989.843990970164,0.0,0.0,44249.36881355799,60825.07975770792,64307.751963845265,494.19603619227485,0.0,19803.328306102336,16089.097128449343,10800.0,10746.220888326166,0,25,42,1253.5858924164097,4736.258098553753,1253.58589241641,0.0
2025-09-15,38779.60651114203,0.37887946650294685,1998.1115102929346,40778.096900901466,2146.994129536414,1.1717666666667128,7.876615533333644,40785.9735164348,57784.79084024127,59929.81343619371,179.80780683376213,1538.7617409937636,20322.861157678068,17177.476135978548,10746.220888326166,9950.711334704707,1,0,1,0.9857667919941377,2146.00836274442,0.9857667919941377,0.0
2025-09-16,41984.13609711983,569.4805544601567,1593.8170938745604,44147.433745454546,3774.4912620385985,13.092750000000137,88.18761655000094,44235.621362004546,63749.89875382975,63548.19908723662,30.424242692522284,128.49131655252143,18875.140465489087,14964.534170830837,9950.711334704707,10311.077563832841,2,4,12,1988.0954643158657,1786.3957977227328,1933.7123198294776,0.0
2025-09-17,42290.763408507024,83.38207120767544,973.7612590274456,43347.906738742146,1871.602521432124,7.62916666666672,38.195422916666935,43386.10216165881,62840.1477284649,63978.55156472588,191.18139291032713,0.0,19728.683008604872,15893.802070122641,10311.077563832841,10407.112193663184,1,12,28,366.59934258556734,1505.0031788465567,359.874713904907,0.0
2025-09-18,41126.185499580846,55.74955546391244,2565.270006013694,43747.20506105845,3774.6993536832565,2.4633999999999787,17.516005699999848,43764.72106675845,60945.70897748349,64494.79983773499,836.4747827879546,1446.5504591226777,18404.83916703824,15146.652287880548,10407.112193663184,10141.853790796993,1,0,21,112.80424671587855,3661.8951069673776,112.80424671587855,0.0
2025-09-19,16473.911612099157,1.3898879854694597,432.7932421811087,16908.094742265734,662.7984298579808,0.0,0.0,16908.094742265734,34296.05691669098,34950.75735289739,133.1151437853407,14657.514949227727,18935.489509493884,14876.71456627623,10141.853790796993,10654.111497923452,0,0,2,4.048996825786503,658.7494330321942,4.048996825786503,0.0
2025-09-20,15942.632608566948,11.534138568690855,214.71633189820128,16168.883079033842,470.1392272611349,0.0,0.0,16168.883079033842,33878.594392458035,34280.07650454404,199.69425087692008,14827.820094812243,19457.27070798757,15850.14228246602,10654.111497923452,10554.385932372243,0,0,6,34.32855758756227,435.81066967357265,34.32855758756227,0.0
2025-09-21,43606.38202924628,321.11998637107655,1039.0643152113607,44966.56633082872,2809.299398284686,0.0,0.0,44966.56633082872,65201.303150026266,65449.25884537824,1531.0948598588036,2405.512881190411,17400.756332143348,14175.592711147652,10554.385932372243,10464.408063359424,0,12,34,1280.6718514663526,1528.6275468183337,1054.154007434242,0.0
2025-09-22,43742.974652767996,525.8014804330787,443.3835334759252,44712.159666677006,2393.4096125645237,19.555900000000065,128.01369518333377,44840.17336186034,65426.55625683514,64359.30552895535,215.45007400444354,0.0,19124.92425173165,15575.53278011407,10464.408063359424,10370.692356457837,2,0,35,1730.330170222151,663.0794423423729,1730.3301702221506,0.0
2025-09-23,44451.326485262536,523.7772375601762,932.1720459541976,45907.27576877691,2706.883068630516,11.317700000000173,73.78176635000113,45981.057535126914,66749.68855690493,66833.70482743497,1026.0640538464006,0.0,19369.742327949127,15667.399437693883,10370.692356457837,10395.238854174406,2,10,50,1311.4333990502316,1395.4496695802845,1311.4333990502316,0.0
2025-09-24,43415.534893735836,78.66543624477674,1739.4688631341508,45233.66919311476,2569.777735715109,0.0,0.0,45233.66919311476,63367.348266903224,65697.76360295265,463.2210545924181,0.0,20197.711493060106,16026.394044699871,10395.238854174406,10766.074703817536,0,0,9,119.68119983283782,2450.096535882271,119.68119983283759,0.0
2025-09-25,43561.69609045156,470.73935743737934,1670.1805223261322,45702.61597021507,4074.7603553083295,15.37166666666667,106.25664583333335,45808.8726160484,64821.362588069765,65307.8472096593,294.66894770552193,1372.0784764093648,18337.94909391418,15016.92654170308,10766.074703817536,10584.75495311465,1,13,26,1794.1378668593934,2280.6224884489357,1511.7955068816063,0.0
2025-09-26,16153.745620710333,200.11288776709154,59.765687609412915,16413.624196086836,550.7881698794549,0.0,0.0,16413.624196086836,35255.07637148844,34921.28776666766,214.07464775177272,13516.093858743832,18632.549375228264,15135.673615056212,10584.75495311465,10536.634262979853,0,10,27,442.28838735011624,108.49978252933869,442.28838735011624,0.0
2025-09-27,16783.072798955218,0.0,378.8380514406806,17161.9108503959,585.9772070114283,0.0,0.0,17161.9108503959,34750.52113991228,35336.498346923705,136.37252055548095,14227.388309499433,19200.00352964231,16028.568262773515,10536.634262979853,10007.117147687364,0,0,0,0.0,585.9772070114283,0.0,0.0
2025-09-28,44919.41893611366,388.19098506195405,3127.2569975217175,48434.866918697335,5240.79250349489,5.868333333333339,40.07191416666671,48474.938832864,66581.5693370943,69714.34234345154,1603.7108277578604,0.0,20606.7163962052,15977.84571384485,10007.117147687364,10800.0,1,11,29,1054.0097485688254,4186.782754926068,903.207869429772,0.0
2025-09-29,44814.31194893209,728.7002879121791,1138.140859948643,46681.153096792914,4112.94145653688,26.015016666666725,142.85538336666707,46824.00848015958,67458.14625044998,66654.07868735651,555.3992995560536,0.0,19308.695912459163,15943.89310799204,10800.0,10462.389534555417,2,14,35,2458.504509815176,1654.436946721705,2453.1500904607656,0.0
2025-09-30,46321.85225987097,208.969251697954,1906.1092788853412,48436.930790454266,3193.3299227335115,0.0,0.0,48436.930790454266,68378.57995438827,70420.64237826761,776.8849528191506,0.0,20619.648630956108,16398.065972174314,10462.389534555417,10800.0,0,4,25,575.6337494270902,2617.696173306421,575.6337494270902,0.0
2025-10-01,41911.703749478,938.5499726769986,1.42661519930698e-11,42850.253722155016,3655.625121729959,0.0,0.0,42850.253722155016,67205.7665693677,63550.141447637754,4676.526665913242,6104.531175383376,16355.589857935915,13248.027784928094,10800.0,10800.0,0,0,49,3655.625121729944,1.3301360013429075e-11,3655.6251217299337,0.0
2025-10-02,40333.651227954804,567.1226044017624,139.15537921717356,41039.92921157374,2348.0106902387615,0.0,0.0,41039.92921157374,63465.627784984965,61606.33687038526,3865.560649878326,2668.53865603862,17586.60235685081,14245.147909049156,10800.0,10800.0,0,0,23,2103.650802419232,244.35988781952926,2103.650802419232,0.0
2025-10-03,14191.876074956794,85.39327000621964,220.58417875770866,14497.853523720722,513.4482744602481,0.0,0.0,14497.853523720722,32618.660074802516,32824.0240651656,2121.7846840346247,19637.208052836984,17094.092780494684,13846.215152200695,10800.0,10800.0,0,0,2,154.04214204858084,359.40613241166716,154.04214204858084,0.0
2025-10-04,15020.944593936629,97.53758897756329,225.99203830982466,15344.474221224018,557.9715379154945,0.0,0.0,15344.474221224018,33329.3433414741,33536.53268843921,1792.4066730798354,15329.19171511737,17578.401307316373,14259.449440407698,10800.0,10776.728465020626,0,0,2,175.39109547518882,382.58044244030566,175.3910954751886,0.0
2025-10-05,39449.855070363395,298.4547565848513,660.4838762564438,40408.79370320469,2085.8758184670805,0.0,0.0,40408.79370320469,61146.456214642254,60546.26377262731,1813.6022172367716,680.1568586630551,17345.259203049394,14028.715572988574,10776.728465020626,10800.0,0,0,6,1343.0341302410143,742.8416882260667,1343.034130241014,0.0
2025-10-06,39403.75375674857,6.082459738640435,2314.940888161908,41724.77710464912,3094.9061742053036,0.0,0.0,41724.77710464912,59276.3183548558,62337.35311188923,972.3850809232881,0.0,19115.0462156102,15483.187434644258,10800.0,10800.0,0,0,1,16.935708585940233,3077.9704656193644,16.935708585940233,0.0
2025-10-07,38727.987507140235,219.11807279229632,3318.29282214188,42265.39840207441,4493.403921146707,0.0,0.0,42265.39840207441,59074.42091015341,62888.4942692406,1363.7123006849715,0.0,19753.78404502965,16000.565076474017,10800.0,10800.0,0,0,1,339.66528102975735,4153.738640116948,339.66528102975735,0.0
2025-10-08,36686.54721284192,0.02824830829184086,2727.7335785821647,39414.309039732376,3265.152974862885,0.0,0.0,39414.309039732376,56475.21767159978,59740.19445242996,76.38868624749546,0.0,20227.484062159525,17042.17396264372,10800.0,10068.986808561665,0,0,1,0.08809701634754674,3265.0648778465365,0.08809701634754674,0.0
2025-10-09,37917.36171873666,214.16456900321867,1140.0887234672562,39271.615011207134,2872.7021507313284,0.0,0.0,39271.615011207134,59584.859486399146,60359.96012665314,117.21004064679221,289.8965032725964,21249.00378232664,17056.13188292622,10068.986808561665,10241.83256495984,0,2,10,1048.8007552386712,1823.9013954926572,1048.8007552386712,0.0
2025-10-10,13729.439472013473,73.76269378968593,975.3957272763711,14778.59789307953,1536.4073762098233,0.0,0.0,14778.59789307953,32221.41025648317,33464.51062840727,63.72675574615505,19826.44229663616,19700.58709777577,15469.856438417482,10241.83256495984,10783.631576938611,0,1,2,146.65350214286235,1389.7538740669606,128.42114163384616,0.0
2025-10-11,14372.65672453232,36.62826508822215,102.95482702052267,14512.239816641066,298.43145318836616,0.0,0.0,14512.239816641066,32851.437570725706,33021.78528068282,233.02450266355152,15300.218947649606,17896.233709177155,14514.005462140827,10783.631576938611,10763.569179486027,0,0,3,64.04187161562356,234.3895815727426,64.04187161562356,0.0
2025-10-12,39456.50219322122,42.64515660616328,1104.45773468732,40603.605084514704,1745.271052049197,20.929933333333338,105.12059016666669,40708.72567468137,60743.61743241179,62287.4188626504,449.99720541659207,0.0,18719.05337524033,15375.657768006522,10763.569179486027,10526.653030528416,1,10,19,100.7348109052931,1644.5362411439032,100.7348109052931,0.0
2025-10-13,40278.15380906186,684.9604316843779,307.98173607425286,41271.09597682049,3059.413543785605,0.0,0.0,41271.09597682049,63608.75803884299,61686.20495975645,703.0545239492801,36.12632280150251,19334.823897269736,15415.195084264062,10526.653030528416,10800.0,0,10,43,2490.9833114360704,568.4302323495342,2490.9833114360704,0.0
2025-10-14,40595.78414581274,711.816960889949,2733.6765049934143,44041.277611696096,6868.082212128234,0.0,0.0,44041.277611696096,64027.849738717145,65591.60184416431,943.9098741347362,4.774847184307873e-12,20388.75098261184,16514.888295915585,10800.0,10800.0,0,20,44,2652.165053340531,4215.917158787703,2652.165053340532,0.0
2025-10-15,40813.43008526313,703.106549278652,1958.758960631312,43475.29559517309,5547.193390386183,48.43591615374701,210.107655455455,43685.403250628544,64773.35509051983,65521.059432648515,393.32530782390427,0.0,19371.96331828947,16115.816927311109,10800.0,10328.303733892622,3,15,49,2399.7445241287487,3147.448866257435,2399.7445241287487,0.0
2025-10-16,42916.45308412074,58.74021794298188,1859.225009617584,44834.41831168131,2609.622834662707,135.63913895531505,638.1161992370803,45472.53451091839,65208.885427798166,67438.67784551898,537.9022264815413,0.0,20828.373983399022,16758.43217540627,10328.303733892622,10453.360124055893,8,14,28,189.91520847094898,2419.7076261917578,189.91520847094898,0.0
2025-10-17,14915.80507397135,80.40911006703557,6.775578924589352e-11,14996.214184038454,174.17764436030276,0.0,0.0,14996.214184038454,34017.072075497956,33842.894431137785,303.85528520989806,14264.310379609664,17469.60437173524,14199.074922083675,10453.360124055893,10399.254145191302,0,0,14,174.17764436023558,6.718892109347507e-11,174.17764436023558,0.0
2025-10-18,14599.770402422775,87.18543655552104,193.77068203390036,14880.726521012197,546.0342296452618,0.0,0.0,14880.726521012197,34092.32390323109,34210.31043594766,47.22422808661764,14266.839443077179,18407.008658708226,14587.35516059103,10399.254145191302,10757.389537372006,0,10,25,214.02384846434683,332.010381180915,206.4738828776612,0.0
2025-10-19,43875.637816841234,55.492558026890066,1128.2662998689054,45059.39667473703,1995.852820619851,160.29246974309672,842.365284753032,45901.76195949006,66222.90044776801,67883.88599051355,567.9136066467211,0.0,20703.408341928505,17112.866021651917,10757.389537372006,10376.161465494424,6,10,27,167.43363893716122,1828.4191816826901,167.43363893715986,0.0
2025-10-20,44308.10379771556,556.4169012014504,874.6624187356401,45739.183117652654,2331.3167103405017,0.0,0.0,45739.183117652654,68801.79475744863,69026.12588900622,787.9028977029512,0.0,20594.085608463352,16796.644983826754,10376.161465494424,10247.899642192822,0,10,42,1053.4927893914623,1277.8239209490393,1053.4927893914623,0.0
2025-10-21,45907.34527229933,3.897138208889711,1109.3710786284414,47020.61348913667,1661.0028106238003,0.0,0.0,47020.61348913667,69076.8520942679,70700.113667247,264.9799098753879,0.0,20142.671819302857,16170.119411931231,10247.899642192822,10409.504932975138,0,10,10,18.870618822349115,1642.132191801451,18.870618822349115,0.0
2025-10-22,44675.29568712375,455.05673959427907,1402.64559518531,46532.99802190334,2813.787808011093,0.0,0.0,46532.99802190334,68567.27324780056,69303.75570351747,210.04113505006364,0.0,20509.80644611255,16970.98857764514,10409.504932975138,10011.676759315165,0,19,42,1038.6526761470968,1775.1351318639963,1038.6526761470968,0.0
2025-10-23,44340.82566126001,1956.105449491487,547.8678917905733,46844.799002542066,7047.199182246773,0.0,0.0,46844.799002542066,73271.86541044492,67973.6988580938,303.20408998880885,1.5006662579253316e-11,20395.83315056757,16104.835415795895,10011.676759315165,10473.665021719433,0,12,55,6172.682867298944,874.5163149478295,6172.682867298944,0.0
2025-10-24,14607.907212675189,78.72416599710692,266.1373130654838,14952.76869173778,642.2533896474047,0.0,0.0,14952.76869173778,34134.6504917399,34489.069985313996,48.451161742855675,12747.520904979614,18046.31617995297,14773.268978028116,10473.665021719433,10300.606274756978,0,0,4,143.9169480366554,498.3364416107492,143.9169480366554,0.0
2025-10-25,14389.717721198258,21.965684760343382,304.8815430422923,14716.564949000895,504.3316541653969,0.0,0.0,14716.564949000895,34135.39486640858,34553.556111141406,49.99626881266619,11657.117112973256,19124.917047326988,15676.907051304834,10300.606274756978,10094.246004790346,0,0,2,43.08520471628046,461.2464494491164,43.08520471628046,0.0
2025-10-26,44861.4597060043,1114.8843784930407,953.0846877840984,46929.42877228144,4697.36665646444,0.0,0.0,46929.42877228144,70752.44932133616,68968.46339457571,90.95013743236177,0.0,20365.52366664903,16032.322426172352,10094.246004790346,10609.52572013853,0,3,39,3240.676291612449,1456.690364851991,3240.6762916124494,0.0
2025-10-27,44721.46651174044,345.58728343928846,1641.1140994097746,46708.1678945895,4063.9322428977043,19.744933333333393,103.66090000000031,46811.8287945895,68010.8647767956,68565.28067388659,932.1443318418164,714.7059955495595,19559.535785218046,16173.942172056173,10609.52572013853,10242.061068994588,1,13,14,1754.7581729033602,2309.174069994344,1520.5253260873146,0.0
2025-10-28,46651.42270061869,9.266124682530513,1372.7430145723824,48033.43183987361,1916.7633543029206,0.0,0.0,48033.43183987361,69265.60372364524,71094.3929465855,1009.1429746219031,0.0,19579.90258456797,15467.07431260437,10242.061068994588,10678.335269989802,0,10,10,43.98706568133434,1872.776288621586,43.98706568133434,0.0
2025-10-29,47945.7669589241,50.0336465374059,2180.138915032251,50175.939520493754,2661.257121465017,0.0,0.0,50175.939520493754,71256.26903891025,73657.41714271522,600.3641422906094,0.0,20583.598765090836,16838.80256466622,10678.335269989802,10493.79353116464,0,13,23,130.05450883002197,2531.202612634995,130.05450883002197,0.0
2025-10-30,46457.33669086846,601.5941260437818,422.80976405499996,47481.74058096724,2185.0741892863166,3.641833333333352,18.13268816666676,47499.87326913391,69985.4694149787,69129.75353104892,472.7374485694461,5.6843418860808015e-12,20261.67232087824,16388.832055065417,10493.79353116464,10519.485225437917,1,10,37,1520.3950366080437,664.679152678273,1520.3950366080303,0.0
2025-10-31,15584.74897628518,38.321307921397796,81.26056709416788,15704.330851300747,282.436430725228,0.0,0.0,15704.330851300747,35351.04960609389,35421.550388153766,202.50365151464712,7822.252778171041,17777.507857934932,14285.005966133514,10519.485225437917,10647.013446319903,0,10,18,105.96782433267637,176.46860639255158,100.51264181235294,0.0
2025-11-01,15306.651899241373,51.45522254700634,51.76252221228845,15409.869644000668,234.74362811576566,0.0,0.0,15409.869644000668,35423.86210952223,35434.8176417911,330.52070079128373,9088.64058627768,17730.884407580197,14259.266486191393,10647.013446319903,10761.17998404054,0,10,17,111.89404792345334,122.84958019231232,111.89404792345334,0.0
2025-11-02,48617.16804491016,156.72875069135526,1477.9485684937113,50251.84536409523,2173.74664138899,0.0,0.0,50251.84536409523,72036.4096043136,73686.18130795848,1332.926379676751,0.0,20541.829451918977,16984.95845697057,10761.17998404054,10376.65042746699,0,10,19,261.9874688720466,1911.7591725169436,261.9874688720466,0.0
2025-11-03,50189.1289854955,318.6332555639361,189.89154435364077,50697.65378541308,1045.4013797043167,0.0,0.0,50697.65378541308,74540.62593772997,74124.48430798264,640.7159558960789,0.0,18935.912913018445,14957.074844265222,10376.65042746699,10800.0,0,10,48,730.7715047258326,314.62987497848405,730.7715047258326,0.0
2025-11-04,48554.521517501424,254.32116112243426,634.364893773553,49443.20757239741,1749.8540469360473,33.599550000000136,160.26007882500068,49603.46765122241,72105.14289156422,72078.34567070854,975.4672211609873,454.0359667515827,19335.875580885084,16233.50558142244,10800.0,10165.059598993863,2,11,30,888.325633895856,861.5284130401915,874.980337181096,0.0
2025-11-05,50031.27384969736,629.0099595910108,1011.2874503768383,51671.571259665216,3440.203937189588,0.0,0.0,51671.571259665216,74914.9985997359,74243.69816470826,212.11013670644599,0.0,20419.404956159844,16065.836994824696,10165.059598993863,10691.59406528806,0,4,19,2055.7521861086175,1384.4517510809708,2055.7521861086175,0.0
2025-11-06,49366.070278852756,321.5214734523948,3270.5261023092307,52958.117854614386,3934.5615849352534,0.0,0.0,52958.117854614386,72498.56138062524,75381.09341341213,332.1641763548423,0.0,21377.88612778574,17698.54144072843,10691.59406528806,10266.645535041414,0,0,2,526.0147760741738,3408.5468088610796,526.0147760741738,0.0
2025-11-07,16131.632469195967,18.530073696384367,73.49361175900461,16223.656154651355,177.90900017134373,0.0,0.0,16223.656154651355,36785.10787618471,36872.38703908671,567.3699390160378,8986.764415531492,18525.115172332255,14525.324271126401,10266.645535041414,10800.0,0,10,14,45.31491863466874,132.594081536675,45.31491863466874,0.0
2025-11-08,15812.67614737444,107.72213943855431,80.36892924226534,16000.76721605526,410.137996035863,0.0,0.0,16000.76721605526,36231.39868380811,36149.64692839034,233.3138467137689,8881.84306994252,17246.268875069403,14002.985963335344,10800.0,10762.768694967634,0,10,26,245.94487572681604,164.19312030904695,245.94487572681604,0.0
2025-11-09,50378.73074789374,428.03939546490784,1763.1793200658387,52569.94946342448,3197.195829364944,0.0,0.0,52569.94946342448,74503.03730486237,75686.05771209963,592.8645491903907,0.0,20544.464165033263,16798.08818545736,10762.768694967634,10588.244015211616,0,23,53,1007.087711063842,2190.108118301102,1007.087711063842,0.0
2025-11-10,52179.647080503215,18.71859550551878,2538.3662982082355,54736.73197421697,2962.0330011766123,0.0,0.0,54736.73197421697,75386.77619055835,78217.58636405166,628.5679092868669,0.0,21016.646548829784,17286.071194064985,10588.244015211616,10296.4801379751,0,10,11,65.61141384164978,2896.421587334963,65.61141384164966,0.0
2025-11-11,52171.26408644559,352.11802275114417,398.1065735819758,52921.48868277871,1320.1141238090258,2.0516666666667334,10.46965500000034,52931.95833777871,76336.01487623592,76161.21839873114,592.7304043749378,0.0,20000.63176966423,15989.111775308007,10296.4801379751,10531.368980330682,1,10,29,747.4553006568991,572.6588231521268,747.4553006568991,0.0
2025-11-12,51318.87006631068,337.2163947422989,1458.5050851440856,53114.59154619706,2603.8356329651388,11.773333333333426,60.579686666667136,53175.17123286372,75681.04780887919,76331.76588157247,1289.3527033803748,220.5111148779256,20563.808121881877,16686.120475234355,10531.368980330682,10498.66242865287,1,15,33,976.5587801359187,1627.2768528292204,914.0358916070574,0.0
2025-11-13,51914.207997418656,159.34757825016285,1766.2399023023538,53839.79547797117,2849.583716438692,2.010533333333342,10.126051133333378,53849.921529104504,74664.5886957946,76466.05280951117,235.5074300676805,0.0,19964.80468522779,16128.120089117645,10498.66242865287,10546.85321300495,1,1,2,524.0598013610654,2325.523915077628,453.92455860868085,0.0
2025-11-14,15520.05383470897,66.69363564614329,379.0414884504693,15965.788958805582,705.6927338663202,0.0,0.0,15965.788958805582,36004.05390629517,36464.55569539552,202.81529028965576,5199.453997447679,18081.184174249778,14617.353066591593,10546.85321300495,10578.41556250576,0,0,6,122.59547238298677,583.0972614833333,122.59547238298677,0.0
2025-11-15,16024.448263386686,69.37095820707563,386.320409722186,16480.13963131595,654.7532849350823,0.0,0.0,16480.13963131595,36030.874518556455,36427.81510631197,259.2423444772503,4586.313126654436,18190.6374704868,14820.264751973185,10578.41556250576,10483.028450418113,0,1,4,128.90634858978586,525.8469363452966,128.88430450989313,0.0
2025-11-16,53684.61728306789,52.87076333130974,1933.9086653913,55671.3967117905,2423.6959716190554,0.0,0.0,55671.3967117905,77073.89331250708,79105.62031926877,622.5333384081317,0.0,20470.310306642008,16421.7677091147,10483.028450418113,10659.899160712917,0,11,17,195.9844824286779,2227.711489190377,187.6105939444028,0.0
2025-11-17,53298.25989132918,200.15309849798425,1955.2427272983232,55453.65571712549,2745.0200919545478,0.0,0.0,55453.65571712549,76923.47381227495,78452.29774989316,1672.1686805575027,149.14109669191066,20205.247360002006,16270.013720691595,10659.899160712917,10766.828761724058,0,6,21,608.0980771681742,2136.9220147863725,493.40835433068037,0.0
2025-11-18,53810.56709097809,124.2141698219357,1924.009800375986,55858.79106117601,2750.435728843938,0.0,0.0,55858.79106117601,76751.57874191996,78982.1080601237,210.55561210201074,0.0,21117.492311626225,17236.491696937857,10766.828761724058,10620.9144011456,0,20,37,259.9532053200976,2490.4825235238404,259.9532053200976,0.0
2025-11-19,54102.75247593361,271.18039828077127,4735.838178000035,59109.77105221441,4890.403170326365,0.0,0.0,59109.77105221441,76750.62860617919,79887.01503949145,1002.3193840540764,36.92176366423587,19631.878055284644,16152.415763511499,10620.9144011456,10342.476024777892,0,1,4,877.0083685070535,4013.3948018193123,765.7507170592867,0.0
2025-11-20,54308.16660744901,35.099571950808965,1104.71505728231,55447.98123668213,1684.330038731519,0.0,0.0,55447.98123668213,77852.8816397313,79276.1865712345,403.52104648717636,28.772050000000036,20650.017399719283,16599.19995830529,10342.476024777892,10483.936175297149,0,11,11,130.51255361416338,1553.8174851173555,80.6169833837846,0.0
2025-11-21,16249.275599583088,93.60671424249837,896.954292909788,17239.836606735375,1200.7916873333504,0.0,0.0,17239.836606735375,36788.187257284386,37647.628906355356,321.32252448973355,4820.372471573541,17719.375757398167,14077.825913772744,10483.936175297149,10789.345563874673,0,0,1,170.67501913118593,1030.1166682021642,170.67501913118593,0.0
2025-11-22,16749.74669230582,14.862613939720877,312.16466133066905,17076.77396757621,474.559718962274,0.0,0.0,17076.77396757621,36956.45010624966,37377.096289564084,260.3790322849044,3707.8424495626946,17893.477804144066,14704.432479760915,10789.345563874673,10555.21727675887,0,0,1,26.95676782392485,447.60295113834917,26.956767823924622,0.0
2025-11-23,54827.98894473883,331.72434176069584,1897.9759483994746,57057.68923489899,2341.4949806966642,0.0,0.0,57057.68923489899,78760.86458829438,79789.71244421555,638.7445088448554,0.0,20540.09616524452,16621.22451320714,10555.21727675887,10573.27658858211,0,0,23,656.323562387743,1685.1714183089207,656.3235623877429,0.0
2025-11-24,54340.48279506316,236.97586192818812,569.3849573863747,55146.84361437772,1566.2851310713781,0.0,0.0,55146.84361437772,77639.53594948299,77666.2736192327,188.9706413025167,0.0,19010.145161739973,15694.7858838098,10573.27658858211,10243.756252137196,0,10,27,769.773730660833,796.511400410545,769.773730660833,0.0
2025-11-25,56609.34157981949,323.78368231389544,28.514912913499455,56961.64017504689,902.3602770389218,0.0,0.0,56961.64017504689,81557.20448882184,80753.08680580008,320.33087421604966,0.0,20874.607981154317,16610.51251623695,10243.756252137196,10574.778417135018,0,0,59,853.2389800303401,49.121297008581564,853.2389800303401,0.0
2025-11-26,57016.68391180793,34.27325128974478,1126.7128131550883,58177.66997625276,1304.0133952646393,32.99316666666664,177.73418883333318,58355.40416508609,80288.03276602026,81358.0666186042,510.4179028466747,0.0,20673.845472690486,16550.870473599614,10574.778417135018,10791.383260779108,1,10,16,116.98977134034351,1187.0236239242959,116.98977134034351,0.0
2025-11-27,56208.67476373261,304.8744347495954,1547.2463875018748,58060.79558598408,2855.1268771161613,0.0,0.0,58060.79558598408,79509.5902818011,80214.0921139465,645.6563684600696,1.2045634342587164,20213.65324706905,16427.31479835021,10791.383260779108,10731.099184974359,0,12,12,1075.312522485382,1779.8143546307797,1012.2702015065056,0.0
2025-11-28,16199.349572796602,71.61229172651711,209.68579104642012,16480.647655569537,467.07292518450515,0.0,0.0,16480.647655569537,37186.43449674853,37400.15927184727,192.47586655184,2962.8693673706002,18217.284158687595,14893.708670762759,10731.099184974359,10578.089738056797,0,0,2,126.67407504288201,340.39885014162314,126.67407504288178,0.0
2025-11-29,16710.032777659355,67.27710160788936,271.26783924581133,17048.577718513054,710.6030139029165,0.0,0.0,17048.577718513054,38095.6185740223,38466.995378807835,187.73813376065465,0.0,18022.627676584834,14672.820531537653,10578.089738056797,10495.320723052431,0,10,30,169.61310455869165,540.9899093442248,169.61310455869165,0.0
2025-11-30,59392.8119545742,19.410861275145063,1882.9159483203932,61295.13876416974,2103.1593142079923,0.0,0.0,61295.13876416974,82627.30325899128,84615.14098244037,274.25201495459805,0.0,20977.331869571648,16881.271018752537,10495.320723052431,10617.951607052988,0,10,18,57.66079537945541,2045.498518828537,57.66079537945541,0.0
2025-12-01,62668.69153141248,461.19298181363143,12669.513364152208,75799.39787737832,9452.334915863441,234.79745600344722,1539.5934557901892,77338.99133316851,83856.44204930935,91868.78638890668,1307.4198022793985,0.0,22807.330292868908,18310.093983571503,10617.951607052988,10800.0,4,1,1,719.9952881330598,8732.339627730384,682.4714108709868,0.0
2025-12-02,65946.15031196325,525.8016972462865,10813.18684315683,77285.13885236638,8307.256419992904,105.95513179000034,752.2424516914057,78037.38130405778,86693.12457662784,93617.96559699859,649.6892223265615,0.0,23349.58713927386,18913.165582811824,10800.0,10800.0,3,1,1,691.2076998110772,7616.048720181825,661.3163133825848,0.0
2025-12-03,68701.24972218744,461.4979893497319,6187.396598748874,75350.14431028605,5625.23173186783,19.607955587667448,139.14785682788204,75489.29216711393,89551.28815169426,93286.57444330511,2207.5934260447534,0.0,20714.949506217697,16779.109100036338,10800.0,10800.0,1,1,2,944.9727201284923,4680.259011739337,822.108330230503,0.0
2025-12-04,70439.36250623908,443.1032298283514,3073.794846705822,73956.26058277325,3070.377069025085,99.52302405562716,711.3263872074065,74667.58696998065,91822.97993994204,93420.0137245211,2854.1889153318257,0.0,20495.468859183755,16601.329775938844,10800.0,10800.0,2,0,10,736.671642223013,2333.705426802072,736.671642223013,0.0
2025-12-05,20083.71676936782,358.41765946992393,2203.4719705543,22645.606399392043,3678.928073096119,0.0,0.0,22645.606399392043,43448.212719382835,45922.29103279653,1031.200116775793,0.0,18839.280172039013,15259.816939351611,10800.0,10800.0,0,0,2,602.4248798412137,3076.5031932549045,602.4248798412137,0.0
2025-12-06,21436.92555464809,290.71273987341857,3063.6467415690013,24791.28503609051,4166.59154563304,0.0,0.0,24791.28503609051,44954.909214748826,48029.31312888542,905.9642238773064,0.0,18203.779412323423,14745.06132398197,10800.0,10800.0,0,1,3,546.0938157482217,3620.497729884819,546.0938157482217,0.0
2025-12-07,72500.31571145495,1390.2713367814313,345.87617686690845,74236.46322510329,3124.9491619916535,41.543992303359346,299.9060804379511,74536.36930554124,95945.25961150549,93858.63933609374,2432.235672244462,0.0,20080.349506066494,16265.083099913863,10800.0,10800.0,1,0,64,2605.7847187017114,519.1644432899425,2605.784718701711,0.0
2025-12-08,74578.90516470387,1823.2280700981244,187.9762289107904,76590.10946371278,4112.237937079664,36.62071329693117,263.9804118009284,76854.08987551372,100316.8586207275,96764.48343304342,5127.283608900268,0.0,20140.04958301803,16313.440162244602,10800.0,10800.0,1,10,60,3832.3065623818684,279.9313746977963,3832.306562381863,0.0
2025-12-09,70911.2032536453,2359.3693945566683,504.1451649757759,73774.71781317775,5052.47120651557,155.92251163655612,1148.4398588805839,74923.15767205833,98229.82728294641,94769.65278647505,3420.5148180947563,0.0,21666.348491316763,17549.74227796658,10800.0,10800.0,3,10,74,4256.322851493472,796.148355022101,4256.322851493471,0.0
2025-12-10,71893.8364092038,320.54307247901875,934.3789246371578,73148.75840631998,1657.3341394574286,2.940943939618819,20.933638962206757,73169.69204528218,93576.50237712782,94107.63277396114,1708.8423390806502,0.0,21126.910063965544,17112.797151812087,10800.0,10800.0,1,10,33,563.1018713120502,1094.2322681453784,563.1018713120502,0.0
2025-12-11,68003.83579678886,1612.793323244372,554.941681471449,70171.57080150468,3786.991946430864,54.042453037895484,384.728223176778,70556.29902468146,93894.35057823508,91880.61414460078,1937.5972142966536,0.0,21241.077280747595,17205.272597405554,10800.0,10800.0,1,10,72,2900.364190032578,886.6277563982864,2900.364190032578,0.0
2025-12-12,21986.473482161062,248.5275038656983,1522.4860598674559,23757.487045894217,2622.91314380312,0.0,0.0,23757.487045894217,46217.03817859407,47576.07674026908,469.9785928475218,0.0,17850.971916253908,14459.28725216567,10800.0,10800.0,0,5,15,631.9372910640492,1990.9758527390713,571.8129698528388,0.0
2025-12-13,22607.580754110524,157.18357500810944,933.5937611406797,23698.358090259313,1689.9241113546718,0.0,0.0,23698.358090259313,46730.69100570238,47873.05874027078,620.8398410133034,0.0,18229.697293400975,14776.011777476824,10800.0,10788.936700197746,0,0,2,273.778188393131,1416.1459229615407,273.778188393131,0.0
2025-12-14,69816.19246968623,66.62705523111836,3461.7871092845976,73344.60663420195,3355.7708288817107,40.90438201466441,304.79900258227184,73649.40563678421,90468.74581749534,93629.79914444934,631.5063602161694,0.0,22371.149454872753,18110.67408862491,10788.936700197746,10800.0,1,10,12,97.35875096385342,3258.4120779178575,97.35875096385342,0.0
2025-12-15,71599.04318241596,112.40703046178504,1754.5771080116137,73466.02732088935,2081.995612875698,30.215768250311612,212.02404581243658,73678.05136670178,92902.6867790425,94442.54735204394,1049.515481239107,0.0,21303.810485294292,17350.120812905803,10800.0,10695.517422425086,1,10,25,271.0675199371253,1810.9280929385727,271.0675199371253,0.0
2025-12-16,71585.06589375388,406.6524749076952,969.787285909398,72961.50565457097,2065.9707865577593,26.89285071883876,193.76878034877524,73155.27443491975,93597.38840271988,94166.66788689923,883.6100955901595,0.0,21155.857287900675,17263.997979206077,10695.517422425086,10553.569004640045,2,14,57,748.3456511891991,1317.6251353685604,748.3456511891991,0.0
2025-12-17,70123.5346765026,529.5949534183762,554.6652678765437,71207.79489779752,1948.147102907692,60.78871567626754,445.2027779598422,71652.99767575736,92602.35547669345,92248.17747113407,228.18992381036884,0.0,21160.1505804476,17271.221384114295,10553.569004640045,10407.458544693676,2,0,25,1151.1625542335369,796.984548674155,1151.1625542335369,0.0
2025-12-18,68931.7998590235,141.718877742262,2266.4374856516115,71339.95622241736,2208.831495629733,25.736527792521997,178.0611405988828,71518.01736301625,90712.69081563459,92407.30274139943,790.9898858109862,0.0,22110.159027419046,17834.376610704734,10407.458544693676,10490.627657476667,2,0,7,257.1097849324441,1951.7217106972892,257.1097849324441,0.0
2025-12-19,20950.76417064114,442.5577741187054,1663.0271854094217,23056.349130169267,3982.977289483638,0.0,0.0,23056.349130169267,45163.989174960574,46373.910346761295,254.8555175138656,0.0,18447.325227909125,15236.661698661694,10490.627657476667,10163.596252970778,0,12,28,1386.5280588414596,2596.449230642178,1204.269199466986,0.0
2025-12-20,22232.29757713735,86.5604586179099,110.89514767655989,22429.75318343182,435.6942339409532,0.0,0.0,22429.75318343182,46814.68634938887,46844.930350510724,123.34559300821087,151.27933558451855,18619.06795570787,14905.114783789875,10163.596252970778,10359.518764452441,0,10,31,202.72511640955344,232.96911753139977,202.72511640955344,0.0
2025-12-21,70215.32574179236,369.7419045270323,2175.458408467384,72760.52605478678,2931.4594200613947,17.092947782267856,123.56491951801432,72884.0909743048,92547.7781697729,93991.88202897777,543.8585367545985,0.0,22299.732391965197,17872.397818626414,10359.518764452441,10571.058118747329,1,14,30,743.6777804282563,2187.781639633139,743.6777804282563,0.0
2025-12-22,71097.40431313985,3.5477167869605353,1303.3751886033037,72404.3272185301,1345.2226217071807,47.07377598202936,331.1551696258873,72735.48238815599,91801.72827340984,93131.85679296977,465.21493889058604,0.0,21526.862401849336,17750.57385512144,10571.058118747329,10222.374441387905,2,0,2,7.547051073618718,1337.675570633562,7.547051073618491,0.0
2025-12-23,69801.20376724993,681.4348762830407,684.8104489716663,71167.44909250463,2423.3249696351877,0.0,0.0,71167.44909250463,92745.4969219435,92387.43164471479,670.206141187998,0.0,22020.68432048164,17561.551350288173,10222.374441387905,10528.155496167852,0,10,57,1390.6951234319536,1032.6298462032341,1390.6951234319533,0.0
2025-12-24,69164.76549163849,51.5706838517658,898.0056303998974,70114.34180589016,1625.3438175292285,13.040803802896676,99.45119659638448,70213.79300248655,91019.2379045093,92370.01590682965,492.9180138582376,0.0,22330.088869166375,18294.50948905872,10528.155496167852,10298.002712796797,2,10,29,137.2829076044335,1488.060909924795,137.2829076044335,0.0
2025-12-25,68428.56742474012,20.86092949156676,2152.5450637028366,70601.97341793453,2444.990646704547,0.0,0.0,70601.97341793453,89935.96220142016,92261.30768807617,199.895958757946,0.0,22344.91412227104,18095.950926286143,10298.002712796797,10301.813282522797,0,15,16,59.82258002427534,2385.1680666802713,59.82258002427534,0.0
2025-12-26,21712.33043204828,1.1668817023746672e-13,1457.0136972511498,23169.34412929943,1928.119053757482,0.0,0.0,23169.34412929943,45193.09494550904,47121.21399926652,76.6475499161782,0.0,19088.06979398706,15051.12577797005,10301.813282522797,10757.603010477753,0,0,0,6.821210263296962e-13,1928.1190537574817,0.0,0.0
2025-12-27,21339.941227084793,24.321427426336225,739.2935434660324,22103.556197977163,1444.1376061792134,0.0,0.0,22103.556197977163,45490.02521749989,46721.97108815193,182.9899807486536,0.0,17884.64151683717,14684.46947610056,10757.603010477753,10537.703179963926,0,10,17,106.09586776358566,1338.0417384156278,106.09586776358566,0.0
2025-12-28,69347.80633411907,335.481309373403,596.6615759567827,70279.94921944925,1331.0076001932484,116.99850811685963,874.5758203309844,71154.52503978023,91934.34858653304,91994.07914777394,1246.6247891083308,0.0,21008.499977486747,16953.30186070427,10537.703179963926,10608.351092252811,3,10,41,635.6385194761795,695.3690807170689,629.8211771114418,0.0
2025-12-29,69221.1005085482,234.91726693771434,1207.723711144911,70663.74148663082,1976.049846052092,19.020919558900687,132.19539093435975,70795.93687756518,91345.97996396609,92038.52632505672,810.5106680417908,0.0,20714.663067794907,16991.392757887734,10608.351092252811,10372.222566726303,1,11,26,641.751742480736,1334.298103571356,589.4159631068085,0.0
2025-12-30,67151.17405002007,409.2568287858504,1298.3647536739736,68858.79563247989,2151.4863254235493,54.20504858661593,396.5099304110956,69255.30556289098,90355.46767758715,90768.35214903491,397.72060577498723,0.0,22127.400644594494,17926.96665274794,10372.222566726303,10368.031310474751,1,5,13,869.3009269878905,1282.1853984356587,764.9249384483651,0.0
2025-12-31,66525.93890596232,1032.0438786582615,2179.2062709353195,69737.18905555591,7141.556798260415,237.36533680171755,1136.8707936157427,70874.05984917165,90255.88266235961,87548.2340327095,158.9905203168117,0.0,17704.538543100203,18724.352627239132,10368.031310474751,5497.279746777003,8,6,15,4924.602713955266,2216.9540843051495,4918.7600724701615,0.0
