date,model,base_cost_yuan,breach_cost_yuan,overbuy_cost_yuan,grid_cost_yuan,two_way_grid_cost_yuan,reversal_gap_yuan,adjusted_kwh,emergency_kwh,emergency_cost_yuan,total_cost_yuan,planned_purchase_kwh,final_commitment_kwh,unused_plan_kwh,curtailed_pv_kwh,charge_kwh,discharge_kwh,start_soc_kwh,end_soc_kwh,emergency_slots
2025-02-01,M1,17800.539469733565,0.0,0.0,17800.539469733565,17800.539469733565,0.0,0.0,0.0,0.0,17800.539469733565,42406.38181808361,42406.38181808361,1515.4744230520664,2728.66626054171,19834.628870405046,16050.563669248544,10782.793649133842,10800.0,0
2025-02-02,M1,61919.971285634594,0.0,0.0,61919.971285634594,61919.971285634594,0.0,0.0,0.0,0.0,61919.971285634594,89276.88190848989,89276.88190848989,6353.615774907853,0.0,24036.77991358968,19469.791730007637,10800.0,10800.0,0
2025-02-03,M1,62560.75624111686,0.0,145.08815794328805,62705.84439906015,62705.84439906015,0.0,81.2955443174136,84.49097392999192,502.636803909522,63208.48120296968,88499.91546007467,88581.21100439207,4128.265531411483,0.0,22739.57866795051,18419.058721039917,10800.0,10800.0,1
2025-02-04,M1,62283.08059338163,0.0,15.972838265216552,62299.05343164685,62299.05343164685,0.0,8.510155647797205,29.274624578576617,167.49366789591897,62466.54709954277,88353.02787339833,88361.53802904613,2489.0443551892167,0.0,25301.98099242024,20595.076643984743,10800.0,10688.364399861839,2
2025-02-05,M1,58273.61681050137,0.0,2228.5664036000016,60502.18321410139,60502.18321410139,0.0,1492.0506296895162,1165.2372304007981,6601.584816996769,67103.76803109815,83762.48084630526,85254.53147599477,955.9999584024858,0.0,24497.160859393596,19781.819094733837,10688.364399861839,10756.010179167362,9
2025-02-06,M1,59940.140149277046,0.0,869.1023232796445,60809.242472556725,60809.242472556725,0.0,510.3964603157141,221.84822127753807,1223.093316534324,62032.33578909105,85645.24303972442,86155.63950004012,1505.8162083594366,0.0,24762.399955286855,20161.785658995286,10756.010179167362,10640.186073375215,7
2025-02-07,M1,15692.968072257416,0.0,160.9797198741719,15853.947792131588,15853.947792131588,0.0,126.67588910463638,630.817381875307,2750.6350056043057,18604.582797735893,38108.178416586874,38234.85430569151,305.32762752502447,2868.5019326065785,20542.376077934754,16656.2136171662,10640.186073375215,10621.420524442934,6
2025-02-08,M1,13585.723472187281,0.0,2347.7215268500995,15933.444999037383,15933.444999037383,0.0,2118.0942462094517,655.1459639455383,3218.9435436233052,19152.388542660687,34065.59432982153,36183.68857603098,42.94300139581094,988.8823666666668,22166.2187864919,17936.37233124452,10621.420524442934,10641.714842013964,6
2025-02-09,M1,54476.798229695996,0.0,5111.10241846531,59587.90064816131,59587.90064816131,0.0,3554.0506324574735,1161.8084726562272,6478.459447561478,66066.36009572279,79873.93808304917,83427.98871550665,239.3544796445993,0.0,25238.704978081852,20443.67823623024,10641.714842013964,10641.351282031814,14
2025-02-10,M1,54705.23428526146,0.0,587.527931650067,55292.76221691155,55292.76221691155,0.0,388.3783191299069,244.77357133285358,1348.38106748857,56641.14328440012,81377.1700060562,81765.54832518613,3450.720432099258,127.33024999999998,22011.231805535765,17905.598174449377,10641.351282031814,10556.35082429247,8
2025-02-11,M1,54330.6943517566,0.0,371.18081284949096,54701.87516460609,54701.87516460609,0.0,246.92307269735448,1101.7414578628648,6151.324111340505,60853.199275946594,80590.37889120453,80837.30196390187,1967.4286525210446,0.0,24393.367641834717,19642.35000592434,10556.35082429247,10685.54836202778,14
2025-02-12,M1,54987.70583077072,0.0,287.4996781423737,55275.20550891309,55275.20550891309,0.0,158.13465606729528,255.44098707553337,1433.3213466221682,56708.52685553526,81602.54553166399,81760.68018773128,2012.7720279420491,58.95943333333321,24464.259880750895,19786.606300552783,10685.54836202778,10718.264142978267,9
2025-02-13,M1,54326.42798338135,0.0,226.92419801542243,54553.352181396745,54553.352181396745,0.0,151.24933296378947,58.99765095499511,326.937073697702,54880.289255094445,81223.98457824509,81375.23391120888,5614.638495192305,328.66342587469626,21515.201858477187,17353.75123404697,10718.264142978267,10800.0,2
2025-02-14,M1,14586.078421968545,0.0,507.67880700891874,15093.757228977465,15093.757228977465,0.0,411.7446882191734,160.00256885807812,758.4497732704069,15852.207002247873,35846.89203276823,36258.6367209874,165.72255394359127,2140.63365,22893.539118941502,18583.057849706285,10800.0,10756.343151818148,3
2025-02-15,M1,14817.123322402253,0.0,533.6405776857359,15350.763900087999,15350.763900087999,0.0,504.84923362390134,302.27813730292894,1280.017557346157,16630.781457434157,35209.62981431272,35714.47904793662,126.41309838068719,2689.1358666666683,21367.6306996318,17446.513579439605,10756.343151818148,10602.195693220543,4
2025-02-16,M1,55471.89629841024,0.0,264.7120440315444,55736.60834244178,55736.60834244178,0.0,140.13713652110664,55.649229083110775,327.6273862729557,56064.23572871474,81749.1909067051,81889.32804322621,2056.4006755011455,0.0,23231.34749904747,18720.150002239297,10602.195693220543,10710.241773208498,3
2025-02-17,M1,54714.946181472995,0.0,0.0,54714.946181472995,54714.946181472995,0.0,0.0,157.02235002037025,1004.5105656682842,55719.45674714128,81585.15981807464,81585.15981807464,5475.6003713321625,794.4812,22246.622680965367,17958.385250869185,10710.241773208498,10778.440796222678,2
2025-02-18,M1,50760.536414382485,0.0,871.0284479838881,51631.564862366366,51631.564862366366,0.0,564.5516159067221,6.867537074033976,34.996968929277145,51666.56183129564,76797.26656737973,77361.81818328646,957.5510965678059,38.890194032921045,22428.70191066754,18147.845264241114,10778.440796222678,10800.0,1
2025-02-19,M1,50002.60725804588,0.0,835.7564748611904,50838.363732907084,50838.363732907084,0.0,570.4928915908545,1242.692226608262,6694.244602779236,57532.608335686324,76272.10594586277,76842.59883745362,1056.67840141638,0.0,22893.26902324304,18743.983743930854,10800.0,10577.293516551117,16
2025-02-20,M1,51782.150381952626,0.0,174.17313021999752,51956.323512172625,51956.323512172625,0.0,88.84117838306429,48.93628684981297,274.5570373708757,52230.8805495435,78288.37014209302,78377.21132047608,2897.3955240359483,0.0,22816.750078171666,18281.131728215063,10577.293516551117,10800.0,1
2025-02-21,M1,14651.300241119996,0.0,22.462959472829297,14673.763200592824,14673.763200592824,0.0,15.828140123653213,0.0,0.0,14673.763200592824,35106.89802677906,35122.72616690271,212.2429050532951,5259.280826842938,21531.26527196394,17440.324870290795,10800.0,10800.0,0
2025-02-22,M1,14797.71998690061,0.0,348.7199597624834,15146.439946663093,15146.439946663093,0.0,254.94785153857916,43.7175949388877,212.53229347192172,15358.972240135015,35174.9498060387,35429.897657577276,341.9409443532688,3123.2051499999975,21914.24355173452,17750.537276904954,10800.0,10800.0,2
2025-02-23,M1,51300.658845286576,0.0,7.451980578335013,51308.11082586491,51308.11082586491,0.0,5.340773008195379,268.5249305889961,1357.3400608416791,52665.45088670659,77904.69739251294,77910.03816552114,2299.1453510290553,0.0,23279.087231686222,18931.523169938468,10800.0,10716.152764141523,6
2025-02-24,M1,49460.42185979311,0.0,344.01081560931,49804.43267540242,49804.43267540242,0.0,186.91160858968215,41.82843512260297,213.72238925893987,50018.15506466136,75431.49272873723,75618.40433732691,2421.988600025172,760.5988499999997,22100.78522886869,17826.173523111014,10716.152764141523,10800.0,1
2025-02-25,M1,48271.539651943116,0.0,81.11579775107901,48352.65544969419,48352.65544969419,0.0,58.13421880442527,53.59598144679228,276.7083989212772,48629.36384861547,75257.3702375484,75315.50445635282,4278.997412601251,1197.9663666666665,21630.47351492038,17559.660089722012,10800.0,10756.692730403884,2
2025-02-26,M1,45947.00474782611,0.0,2747.1890355209084,48694.19378334702,48694.19378334702,0.0,2146.2354013057925,419.10921297052846,2216.5214164129543,50910.71519975998,71391.27814238283,73537.5135436886,699.397103039095,0.0,23175.79514552748,18733.41752524076,10756.692730403884,10800.0,7
2025-02-27,M1,44689.391032266,0.0,361.79667148204476,45051.18770374806,45051.18770374806,0.0,188.41791511372764,1711.4536327467451,9677.505707379489,54728.69341112755,71388.83397576703,71577.25189088075,1712.678467581164,262.3258893687163,22932.194561461176,18575.07759478355,10800.0,10800.0,15
2025-02-28,M1,13472.466491355653,0.0,140.73006244265292,13613.196553798307,13613.196553798307,0.0,139.36429237735484,193.9493630640477,848.3873181964276,14461.583871994735,33903.89883702902,34043.26312940637,336.14930798098396,6503.190350000003,21685.190407068316,17579.911122578887,10800.0,10783.436785718275,7
2025-03-01,M1,13875.049191137523,0.0,0.0,13875.049191137523,13875.049191137523,0.0,0.0,191.61444521967422,885.9349468013226,14760.984137938845,34139.678257112,34139.678257112,132.82687035714247,6625.946942466316,20521.070028766764,16607.317072591883,10783.436785718275,10799.825286506277,4
2025-03-02,M1,47760.218641795174,0.0,5207.324077990772,52967.54271978594,52967.54271978594,0.0,2763.6327114461637,435.99683447518123,2468.1627952706804,55435.705515056616,73963.6046433258,76727.23735477196,776.8633252591203,0.0,21550.473151065853,17522.409353744493,10799.825286506277,10725.90739608277,7
2025-03-03,M1,49846.33854535771,0.0,1308.4747805911559,51154.81332594887,51154.81332594887,0.0,678.1571821852501,640.5758735082069,3559.2239761515457,54714.03730210041,76706.25063668344,77384.4078188687,1490.8014311331813,0.0,24153.969332714918,19636.93370480452,10725.90739608277,10645.66456796561,10
2025-03-04,M1,48350.18040324926,0.0,111.16683809679073,48461.34724134605,48461.34724134605,0.0,81.60216559056546,286.2445557291114,1608.7570801042234,50070.10432145027,74520.18358886315,74601.78575445371,1145.440569036022,410.72335495325297,22096.00467039232,17963.59621753212,10645.66456796561,10572.517418505231,9
2025-03-05,M1,46862.970090809904,0.0,113.83968568239762,46976.80977649231,46976.80977649231,0.0,66.31756142066604,463.5164133048166,2906.065180649803,49882.874957142114,74282.39244816368,74348.71000958435,4062.137057439807,259.10244999999986,22574.958797278796,18214.443898496098,10572.517418505231,10651.709337727147,8
2025-03-06,M1,43547.87125491472,0.0,2461.911130825553,46009.78238574028,46009.78238574028,0.0,1378.0819666005798,272.8005846959601,1645.5161365431568,47655.29852228343,69662.29398097117,71040.37594757175,767.3086565241084,534.3360939985455,22175.246227418247,18104.36857900652,10651.709337727147,10493.465854618546,6
2025-03-07,M1,12763.905938076336,0.0,0.0,12763.905938076336,12763.905938076336,0.0,0.0,272.2364012900707,1114.9183408471035,13878.82427892344,32509.377504242206,32509.377504242206,107.65803111661927,7613.798635121213,20626.590394918232,16488.718688957124,10493.465854618546,10736.598666759268,2
2025-03-08,M1,11989.483583774529,0.0,1367.1332090714634,13356.61679284599,13356.61679284599,0.0,1321.2560468608476,314.8360248433055,1207.7246709671047,14564.341463813096,30358.619792819518,31679.875839680368,147.77093802421507,8746.107483333333,21419.334509096312,17381.64058259686,10736.598666759268,10701.065744282776,7
2025-03-09,M1,42585.241967203845,0.0,715.0264779359992,43300.26844513982,43300.26844513982,0.0,513.2571281114049,474.1635519336683,2640.37411610069,45940.642561240515,69436.23388242253,69949.49101053394,2187.665535832284,528.6592454083307,23119.07490099233,18745.270169765347,10701.065744282776,10680.155188769935,10
2025-03-10,M1,43098.29292703614,0.0,5127.8025697676485,48226.09549680377,48226.09549680377,0.0,3971.543911157124,908.0908398759703,4978.305238095998,53204.40073489977,67595.82575650974,71567.36966766686,82.89110045462951,0.0,22841.714702241978,18491.216745153764,10680.155188769935,10691.902037283528,9
2025-03-11,M1,41703.41024569901,0.0,3119.423309656172,44822.83355535517,44822.83355535517,0.0,2768.9782649037684,111.04949648582802,617.4954851440754,45440.32904049925,66852.96719948549,69621.94546438927,919.8065933873501,616.3332613440556,22173.263262631637,17915.326956487945,10691.902037283528,10741.920133109847,4
2025-03-12,M1,42762.11924297578,0.0,607.5529056793476,43369.67214865511,43369.67214865511,0.0,343.8290177272505,163.8612000078782,1038.608263474419,44408.28041212953,69116.4367900551,69460.26580778236,2214.055333681435,932.7540833333331,21914.7776071048,17872.994699662664,10741.920133109847,10606.336979878983,3
2025-03-13,M1,43304.308310481305,0.0,2903.0305467636244,46207.33885724492,46207.33885724492,0.0,2538.4915203297915,1095.1754669677928,6089.875156065638,52297.21401331056,68498.74402179223,71037.23554212201,247.1666213213391,0.0,22421.549631204518,18081.923260102718,10606.336979878983,10694.705803404466,10
2025-03-14,M1,12398.997764886366,0.0,31.46888097875376,12430.466645865119,12430.466645865119,0.0,27.351887996831387,0.0,0.0,12430.466645865119,31525.83491662248,31553.18680461931,421.09435764785036,10934.168272099681,21440.702182118213,17272.203990579772,10694.705803404466,10800.0,0
2025-03-15,M1,12642.453853529754,0.0,225.8498488492896,12868.303702379048,12868.303702379048,0.0,240.51410097904542,459.96140635879925,1618.3181909175416,14486.62189329659,31189.81662336687,31430.330724345913,389.84092436752724,6616.843649999997,21395.77859715434,17436.296190817153,10800.0,10682.538303197627,5
2025-03-16,M1,42335.432178199095,0.0,1629.9646450526,43965.39682325168,43965.39682325168,0.0,1604.1995667857032,210.83169747258987,1089.3354185999672,45054.73224185165,68312.65642558759,69916.85599237328,2394.671581558101,0.0,22506.59814648585,18124.628971531398,10682.538303197627,10800.0,4
2025-03-17,M1,41197.10180893871,0.0,216.19753257669245,41413.29934151541,41413.29934151541,0.0,152.82989322363971,0.0,0.0,41413.29934151541,67911.46884082042,68064.29873404406,4761.2318738519925,1520.3285999999998,20655.825404519717,16731.21857766097,10800.0,10800.0,0
2025-03-18,M1,41166.41648250555,0.0,86.35554815116635,41252.7720306567,41252.7720306567,0.0,78.91857099005983,952.2201353816116,5118.7134430510705,46371.48547370777,67231.06922110752,67309.98779209759,1937.5958059535965,1049.8160319186893,21835.98801547502,17687.150292534774,10800.0,10800.0,7
2025-03-19,M1,38145.3380832067,0.0,1618.1470999427186,39763.48518314943,39763.48518314943,0.0,1774.7774086059524,1074.8271996331894,5773.922437468076,45537.40762061751,62495.95618703495,64270.7335956409,1451.6200404752744,331.91181097645074,21560.834178012454,17464.275684190085,10800.0,10800.0,6
2025-03-20,M1,40048.57958848295,0.0,2329.4829427057916,42378.06253118873,42378.06253118873,0.0,1381.691602668576,624.5155676618408,3271.811247222563,45649.87377841129,65222.35688370128,66604.04848636987,972.4887339487891,0.0,21300.597386401307,17253.483882985063,10800.0,10800.0,7
2025-03-21,M1,11434.310451134545,0.0,841.0333194118874,12275.343770546433,12275.343770546433,0.0,862.831494288373,301.3307869615542,958.0464596388605,13233.390230185294,29766.82483005316,30629.656324341537,567.1573849760073,14268.818766666665,21376.560226282905,17315.013783289156,10800.0,10800.0,4
2025-03-22,M1,12200.256544631216,0.0,41.36338867261581,12241.619933303831,12241.619933303831,0.0,40.88595908210672,0.7033574263558435,1.9943699824319943,12243.614303286264,30574.237244929922,30615.123204012023,487.39650201555247,10197.264699999996,21315.608558365784,17265.642932276285,10800.0,10800.0,1
2025-03-23,M1,39476.86585512509,0.0,513.075487026154,39989.94134215125,39989.94134215125,0.0,426.74814780889284,474.2151587713663,2512.9584801815186,42502.89982233277,65290.911926366316,65717.66007417522,2289.774307686444,1045.6310065904934,21509.2094842262,17422.459682223223,10800.0,10800.0,7
2025-03-24,M1,37860.839879107014,0.0,2227.1784843832666,40088.01836349027,40088.01836349027,0.0,1303.7092013786578,988.4682554248599,5266.666134977033,45354.68449846731,62636.20738222887,63939.91658360753,1341.1458152215373,1540.1411342666934,21308.425295846508,17259.824489635677,10800.0,10800.0,7
2025-03-25,M1,39055.710855443656,0.0,1603.8680570593685,40659.57891250304,40659.57891250304,0.0,1038.1125576841769,871.657056811122,4463.120172403692,45122.69908490674,64458.50468389178,65496.61724157596,644.6588255431795,640.7398238664343,21780.714683319668,17647.963751008865,10800.0,10793.794602755623,10
2025-03-26,M1,37186.91331023428,0.0,686.8974468266598,37873.810757060935,37873.810757060935,0.0,706.7457098394053,521.3357246897402,2842.2271752083816,40716.03793226932,61676.38691699895,62383.13262683836,2013.047394136388,1228.1601080488867,21395.37434292749,17324.66836025133,10793.794602755623,10800.0,5
2025-03-27,M1,37612.52531950257,0.0,1609.8672927088373,39222.3926122114,39222.3926122114,0.0,999.232409790405,503.6701673082964,2702.3569728098714,41924.74958502127,62565.11882199292,63564.35123178332,1340.0741141453486,0.0,21110.30465761201,17099.34677266574,10800.0,10800.0,5
2025-03-28,M1,11478.227327632969,0.0,123.26740866789629,11601.494736300863,11601.494736300863,0.0,132.67818327195806,293.78141207517297,905.8268289056593,12507.321565206523,29738.434400960057,29871.112584232018,574.9209719435034,14728.673483333336,21260.098812440458,17220.68003807677,10800.0,10800.0,4
2025-03-29,M1,11355.66719970243,0.0,448.2936904676161,11803.960890170045,11803.960890170045,0.0,376.65246809263647,47.35456942855309,151.80525048718425,11955.76614065723,29594.47046034664,29971.122928439276,225.66686501395344,18021.05137786599,21392.368798181873,17327.818726527315,10800.0,10800.0,2
2025-03-30,M1,35594.10376577948,0.0,481.21922310970507,36075.32298888918,36075.32298888918,0.0,283.439164124281,284.9448136942633,1483.4629705716861,37558.78595946087,60318.071582041404,60601.51074616569,1039.9517803514314,354.54582662472353,21822.832909914745,17676.49465703094,10800.0,10800.0,4
2025-03-31,M1,34542.84378185931,0.0,4738.128367003294,39280.972148862595,39280.972148862595,0.0,4992.477597758074,0.0,0.0,39280.972148862595,56872.158646185504,61864.636243943576,759.6499559489848,0.0,21861.03581400671,17707.439009345442,10800.0,10800.0,0
2025-04-01,M1,38487.053194121814,0.0,2890.39201026148,41377.4452043833,41377.4452043833,0.0,2759.100256421086,0.0,0.0,41377.4452043833,62756.27628642238,65515.376542843456,545.2561616386052,743.812513611806,21144.50711013886,17127.050759212474,10800.0,10800.0,0
2025-04-02,M1,37123.16928448097,0.0,3041.6678826243638,40164.83716710532,40164.83716710532,0.0,2978.1964079414074,1372.5495818539894,7337.129680632845,47501.966847738164,61980.433068406295,64958.62947634772,1829.0733846979108,0.0,21404.054071072584,17337.28379756879,10800.0,10800.0,9
2025-04-03,M1,38007.555886189315,0.0,252.07311518003362,38259.62900136935,38259.62900136935,0.0,164.41406759392123,382.0539875330926,2034.4616419084473,40294.0906432778,62849.431233238,63013.845300831934,1690.9128687451205,1736.7177317310748,21603.88642748506,17499.148006262905,10800.0,10800.0,4
2025-04-04,M1,10850.64622545241,0.0,30.320905898035576,10880.967131350446,10880.967131350446,0.0,36.94077845353075,158.63331215757427,511.90421425716517,11392.871345607611,28842.664017059367,28879.604795512896,376.69172328516663,18150.539407041688,21474.76172286114,17394.556995517523,10800.0,10800.0,3
2025-04-05,M1,11216.66011576648,0.0,650.0013233051548,11866.661439071635,11866.661439071635,0.0,610.9161288444265,0.0,0.0,11866.661439071635,28703.582717734873,29314.4988465793,145.51583117115683,13063.408164694463,21387.6307904098,17326.170923029444,10800.0,10797.566685780548,0
2025-04-06,M1,35998.77000918464,0.0,388.58349671114695,36387.35350589579,36387.35350589579,0.0,247.28613657575636,314.6407691998445,1593.1412578052068,37980.494763701,60320.87775418013,60568.163890755895,729.5611340657052,1450.3251961594915,22582.37936982303,18289.537306759157,10797.566685780548,10800.0,4
2025-04-07,M1,34465.23427987057,0.0,1649.3634576980269,36114.597737568605,36114.597737568605,0.0,1987.0817668196826,0.0,0.0,36114.597737568605,57313.08040429599,59300.162171115684,974.8980772579835,1054.6285308648635,21199.559366628975,17171.64308696947,10800.0,10800.0,0
2025-04-08,M1,35373.78974247248,0.0,835.3391628825186,36209.128905354984,36209.128905354984,0.0,441.4528539476911,143.039352161675,688.4305825930305,36897.55948794801,59326.086206547654,59767.53906049536,1374.6897128078558,182.24115005616113,21420.912145128197,17420.458212001846,10800.0,10722.756250613325,6
2025-04-09,M1,35264.11989490516,0.0,4842.296200443864,40106.416095349035,40106.416095349035,0.0,4407.577313926955,458.6927826691672,2366.680003300403,42473.09609864944,58803.108389101224,63210.68570302818,487.5900208237641,0.0,21185.41640078267,17137.938952575743,10722.756250613325,10747.4766195669,5
2025-04-10,M1,35552.89589535678,0.0,1780.0976536562866,37332.99354901307,37332.99354901307,0.0,2071.770065620623,173.70348473549586,873.6393617692403,38206.632910782304,59562.973741946604,61634.74380756723,2380.4995659022925,782.4350340831875,21776.861841723527,17591.987049406278,10747.4766195669,10800.0,3
2025-04-11,M1,10550.197036485864,0.0,569.285333956424,11119.48237044229,11119.48237044229,0.0,609.4036474514442,53.41407428210388,176.82729291090493,11296.309663353195,27998.501811730544,28607.905459181988,167.96994328957152,19115.682171227345,21373.775012002654,17312.757759722146,10800.0,10800.0,1
2025-04-12,M1,10934.609790945293,0.0,155.63991198472553,11090.24970293002,11090.24970293002,0.0,135.12168423381996,0.0,0.0,11090.24970293002,28401.19310328453,28536.314787518353,338.0910531216049,15229.18955216922,20757.22964330278,16813.356011075255,10800.0,10800.0,0
2025-04-13,M1,34110.91515900252,0.0,2327.7588516780224,36438.67401068053,36438.67401068053,0.0,1777.7723793864302,0.0,0.0,36438.67401068053,57095.59125021722,58873.36362960365,566.4013802935756,0.0,21213.704031456575,17183.100265479825,10800.0,10800.0,0
2025-04-14,M1,34088.76538365754,0.0,312.4605509358148,34401.22593459335,34401.22593459335,0.0,220.31183598675887,76.81843921688551,495.88905169810863,34897.11498629146,57369.67087135598,57589.982707342744,1080.6469070127746,0.0,21358.539155509778,17300.416715962914,10800.0,10800.0,2
2025-04-15,M1,33105.94563816094,0.0,1252.509371793731,34358.45500995467,34358.45500995467,0.0,881.5741241837196,0.0,0.0,34358.45500995467,55819.79556543601,56701.369689619736,1091.320990291756,1697.0671215871157,19860.803917934387,16087.25117352686,10800.0,10800.0,0
2025-04-16,M1,34118.3807768566,0.0,3065.5013668239912,37183.882143680596,37183.882143680596,0.0,2683.5178536529,0.0,0.0,37183.882143680596,57137.32175277752,59820.83960643042,203.48422414491847,0.0,20198.754906765782,16360.991474480279,10800.0,10800.0,0
2025-04-17,M1,32952.62072748775,0.0,2102.5659135909996,35055.18664107874,35055.18664107874,0.0,2594.8943913398025,0.0,0.0,35055.18664107874,55384.01681584014,57978.91120717995,949.1834820101892,0.0,21902.028290367158,17740.6429151974,10800.0,10800.0,0
2025-04-18,M1,10074.316813723784,0.0,555.8425142063297,10630.159327930112,10630.159327930112,0.0,593.7278866389238,0.0,0.0,10630.159327930112,27479.991524545447,28073.71941118437,775.6689244387087,16926.171526679133,21146.114614385217,17128.352837652026,10800.0,10800.0,0
2025-04-19,M1,10243.575086845742,0.0,239.72075983136764,10483.295846677109,10483.295846677109,0.0,258.4252714002911,163.89004394100616,531.1057194084167,11014.401566085526,27314.07676669932,27572.502038099614,617.4241891896726,16305.162466666663,21205.927243075148,17176.801066890865,10800.0,10800.0,3
2025-04-20,M1,33061.45274739411,0.0,1249.1797416300449,34310.63248902417,34310.63248902417,0.0,1257.014476541597,0.0,0.0,34310.63248902417,55333.20410637866,56590.218582920264,615.8488032437531,0.0,21140.13103338517,17123.50613704199,10800.0,10800.0,0
2025-04-21,M1,33165.8639544406,0.0,256.07864759977383,33421.94260204037,33421.94260204037,0.0,180.2885131742255,0.0,0.0,33421.94260204037,56722.22184687681,56902.510360051034,1275.9658616635143,3205.56015488107,20547.757685121738,16643.68372494861,10800.0,10800.0,0
2025-04-22,M1,31855.77923136458,0.0,2982.9939625560482,34838.773193920635,34838.773193920635,0.0,3811.0481943700647,227.81057396081556,1156.2509102037534,35995.024104124386,52689.95532995014,56501.0035243202,313.7663457394525,126.1450044242697,21768.281218161213,17632.307786710582,10800.0,10800.0,4
2025-04-23,M1,31947.654574516862,0.0,2167.339548123003,34114.99412263988,34114.99412263988,0.0,2919.9920148155225,0.0,0.0,34114.99412263988,53427.84680858262,56347.838823398146,908.434182870316,88.59674522466139,20794.164098086843,16843.272919450344,10800.0,10800.0,0
2025-04-24,M1,31848.5149228222,0.0,440.30168245089214,32288.816605273096,32288.816605273096,0.0,287.3686292078525,0.0,0.0,32288.816605273096,53640.37363208686,53927.74226129471,787.8250135564126,2073.811887620827,20926.30873746045,16950.310077342972,10800.0,10800.0,0
2025-04-25,M1,9471.63073299156,0.0,36.94146893731987,9508.572201928882,9508.572201928882,0.0,29.465582170611412,57.415433974823316,235.0091794861936,9743.581381415075,26506.122084976414,26535.587667147025,153.62325109592214,20537.056927802823,21180.55157059183,17278.586298368733,10800.0,10664.067193122948,2
2025-04-26,M1,10064.975219292759,0.0,520.5304556261491,10585.505674918906,10585.505674918906,0.0,447.79411702877894,127.89146609539901,526.7799952488442,11112.28567016775,26434.56206085849,26882.356177887268,86.82246534199385,22800.219193940582,21303.73702365025,17250.724672283497,10664.067193122948,10669.958656315399,2
2025-04-27,M1,30071.86923900433,0.0,3405.016355391605,33476.88559439593,33476.88559439593,0.0,2694.192933442427,915.72096986072,5010.921608576756,38487.80720297268,50558.683070430685,53252.87600387311,474.85470332537125,999.68036622356,21585.271428339613,17464.680707488038,10669.958656315399,10691.50215572324,7
2025-04-28,M1,32347.192950849956,0.0,7335.832054951534,39683.025005801486,39683.025005801486,0.0,6352.105569491718,180.16544344732972,911.8977704310987,40594.92277623258,54304.32151972143,60656.427089213146,225.28717213610264,0.0,20482.57886320333,16493.24081934561,10691.50215572324,10800.0,3
2025-04-29,M1,31427.197259751054,0.0,1681.0927833889593,33108.290043140005,33108.290043140005,0.0,993.7161997725132,83.94394391512117,555.5410208302719,33663.831063970276,53499.326620104584,54493.042819877104,305.8910429433431,3168.2663440687234,19313.76663217625,15644.15097206277,10800.0,10800.0,1
2025-04-30,M1,30319.84719744088,0.0,735.3761230726265,31055.22332051352,31055.22332051352,0.0,1051.8307646743094,109.3424623959889,539.0157470836873,31594.239067597206,51666.205188929795,52718.03595360411,607.7246659138411,0.0,21023.313311138772,17060.513994385852,10800.0,10764.855319596176,4
2025-05-01,M1,31100.69727815722,0.0,3059.6852997743313,34160.382577931545,34160.382577931545,0.0,1971.43653786483,2519.15936986109,14914.97949148283,49075.362069414376,50434.423861053874,52405.86039891871,2.2737367544323206e-13,619.2162636534317,20855.584009722807,17561.15930459644,10764.855319596176,10022.481701017323,15
2025-05-02,M1,10480.534394253844,0.0,2325.852382150534,12806.386776404373,12806.386776404373,0.0,1694.7858292846802,1799.3760362446556,8505.739801251615,21312.12657765599,26850.70460643345,28545.49043571813,0.0,11855.249349999998,20872.696257016636,16673.399218387185,10022.481701017323,10281.909200790979,16
2025-05-03,M1,10818.03789540508,0.0,447.181581140578,11265.219476545655,11265.219476545655,0.0,335.5103601757818,1618.5376780296635,7739.5164356159075,19004.735912161563,27571.416093867556,27906.92645404334,2.9488869284778048,16420.56793333333,21190.916094399963,16956.140432588774,10281.909200790979,10513.577649541203,9
2025-05-04,M1,36716.70655914813,0.0,0.0,36716.70655914813,36716.70655914813,0.0,0.0,1013.7539833810679,6047.272017097856,42763.97857624599,60304.78892337995,60304.78892337995,2802.8864256386623,3241.9934499999995,18550.865650351217,15011.869952562192,10513.577649541203,10529.501232010416,9
2025-05-05,M1,35783.777491875655,0.0,985.5758296945066,36769.35332157016,36769.35332157016,0.0,634.6986031192517,777.6178630768209,4980.593601915914,41749.94692348607,58773.35909381058,59408.05769692983,1063.1475175493556,0.0,21021.98792238041,16975.466679923105,10529.501232010416,10587.660717793784,7
2025-05-06,M1,35212.820662882536,0.0,850.2127662665105,36063.03342914904,36063.03342914904,0.0,1200.4073495718867,817.7146286773611,5033.636253071755,41096.669682220796,56650.50694812801,57850.91429769989,987.4577311542139,935.6178919852389,21341.34241180982,17465.871475238684,10587.660717793784,10388.345027046313,8
2025-05-07,M1,35218.19920246758,0.0,2204.0672190972814,37422.26642156486,37422.26642156486,0.0,1639.1544573231365,912.1248283054831,5961.186937922841,43383.4533594877,57368.435834093616,59007.59029141675,579.0581499992232,285.7696106290232,20274.544225319743,16287.502816225746,10388.345027046313,10538.209478472147,7
2025-05-08,M1,38863.419252620064,0.0,0.0,38863.419252620064,38863.419252620064,0.0,0.0,0.0,0.0,38863.419252620064,62365.025609268676,62365.025609268676,1481.8120149463953,909.7014257901799,20586.254206089652,16439.25443755755,10538.209478472147,10800.0,0
2025-05-09,M1,12579.679596583152,0.0,0.0,12579.679596583152,12579.679596583152,0.0,0.0,0.0,0.0,12579.679596583152,30399.611425289728,30399.611425289728,977.807268606248,16950.48026046973,20904.937085335518,16932.999039121773,10800.0,10800.0,0
2025-05-10,M1,12819.8526835115,0.0,0.0,12819.8526835115,12819.8526835115,0.0,0.0,0.0,0.0,12819.8526835115,30129.846769383388,30129.846769383388,406.9595092622029,13636.679632285824,20869.27549737909,16904.113152877064,10800.0,10800.0,0
2025-05-11,M1,36855.677699500804,0.0,724.8854911439828,37580.5631906448,37580.5631906448,0.0,840.9158696901683,394.2779852386309,2701.796674678212,40282.359865323015,60040.66565385531,60881.58152354547,639.6148886638833,1340.3414356911856,20305.61746805936,16493.793366963655,10800.0,10748.618646849367,4
2025-05-12,M1,35708.64080477352,0.0,2563.8789718099683,38272.51977658348,38272.51977658348,0.0,2639.7055839974964,117.7202718098531,727.7184078852245,39000.238184468704,57776.99864695138,60416.704230948875,2518.1318569252967,2578.64265,18211.63970876071,14705.184946260606,10748.618646849367,10800.0,3
2025-05-13,M1,35593.911584840745,0.0,177.03894145339075,35770.950526294146,35770.950526294146,0.0,98.17098723007135,122.85622827909924,709.2228319136341,36480.17335820778,58544.722790006694,58642.893777236764,1071.683132559347,749.3133441665291,20135.800743008927,16320.259980885601,10800.0,10788.598467724038,4
2025-05-14,M1,34659.18449820892,0.0,1865.4180094061442,36524.60250761507,36524.60250761507,0.0,2468.8998721461653,129.33903516668872,795.0574771631949,37319.65998477826,56920.75527445073,59389.6551465969,1431.6448771375774,1428.271935740744,19784.22438315729,16139.295797605357,10788.598467724038,10661.84952633743,4
2025-05-15,M1,36044.27840010278,0.0,2021.394853834711,38065.673253937486,38065.673253937486,0.0,2294.009044481013,0.0,0.0,38065.673253937486,57173.0654091982,59467.07445367922,1659.7612210072562,1000.4850354377734,20618.076250550213,16576.30633664936,10661.84952633743,10800.0,0
2025-05-16,M1,12090.659565756858,0.0,50.944940740884505,12141.604506497744,12141.604506497744,0.0,44.68754833428625,0.0,0.0,12141.604506497744,29024.222507888026,29068.91005622231,744.301501197601,21681.47209077373,20671.73647851392,16744.106547596275,10800.0,10800.0,0
2025-05-17,M1,12586.410012725155,0.0,394.87294124044934,12981.282953965605,12981.282953965605,0.0,282.5066997513319,0.0,0.0,12981.282953965605,29248.977838884326,29531.484538635657,337.0659102552664,14725.85850611208,21156.637047026234,17136.876008091254,10800.0,10800.0,0
2025-05-18,M1,35413.940380884305,0.0,1147.9560058704576,36561.89638675477,36561.89638675477,0.0,1168.8107181974585,5.236666666666679,34.42846500000008,36596.32485175477,57839.351017982626,59008.16173618008,1618.0428286491212,0.0,19574.670916829655,15855.483442632023,10800.0,10800.0,1
2025-05-19,M1,34116.572265949835,0.0,128.62843618868445,34245.20070213852,34245.20070213852,0.0,93.20938505209875,79.23650000000009,550.829460833334,34796.03016297185,55727.80334181564,55821.01272686773,707.7479757182932,4062.845188805826,19023.365854440104,15408.926342096485,10800.0,10800.0,2
2025-05-20,M1,33260.001270746085,0.0,4906.898969137337,38166.90023988342,38166.90023988342,0.0,3848.802844746101,170.45652721015313,1130.8232631041508,39297.723502987574,54401.35023186551,58250.153076611605,83.36569149112432,0.0,20051.8373455998,16241.988249935832,10800.0,10800.0,2
2025-05-21,M1,33885.835067765234,0.0,3420.8087231597856,37306.643790925016,37306.643790925016,0.0,3239.2072681863706,0.0,0.0,37306.643790925016,54129.70053964725,57368.90780783362,431.2975546119544,1828.8057462979466,20179.077215106652,16432.88799151627,10800.0,10702.405058577917,0
2025-05-22,M1,33352.38190933241,0.0,1609.6617890468285,34962.04369837924,34962.04369837924,0.0,1673.397937406796,82.79485891835566,544.4631246765659,35506.5068230558,53747.43837822118,55420.83631562798,542.0460696644548,0.0,21353.257057554445,17208.302769339225,10702.405058577917,10800.0,2
2025-05-23,M1,11148.065788010808,0.0,540.3872807947902,11688.4530688056,11688.4530688056,0.0,531.1673647892021,139.44248944219362,413.7053161065594,12102.15838491216,27937.466900812535,28468.634265601737,588.1572038618469,17387.36753333333,22166.332286923272,17954.72915240785,10800.0,10800.0,5
2025-05-24,M1,11801.159545764242,0.0,265.48733013774455,12066.646875901988,12066.646875901988,0.0,267.0052638902903,22.335330360459952,63.23132025046213,12129.878196152451,28573.28115327018,28840.286417160467,956.4946769277992,19994.903070285567,21877.487457759107,17720.764840784876,10800.0,10800.0,1
2025-05-25,M1,33502.40270115824,0.0,1305.490013500901,34807.89271465916,34807.89271465916,0.0,717.6052219963785,0.0,0.0,34807.89271465916,54269.883316165135,54987.488538161524,705.2151431511329,1999.93561478537,19793.20777218209,16055.880175290406,10800.0,10774.020133530086,0
2025-05-26,M1,32146.65930614078,0.0,5615.63329964368,37762.292605784474,37762.292605784474,0.0,5550.7935705011305,1266.2674021265907,7113.490049331931,44875.7826551164,52072.43463888236,57623.228209383495,355.60043046146893,0.0,21063.255969614813,17109.193738566195,10774.020133530086,10720.73524110987,8
2025-05-27,M1,33002.8881781812,0.0,2156.73849046671,35159.626668647914,35159.626668647914,0.0,3377.511798549374,0.0,0.0,35159.626668647914,53265.8057028143,56643.31750136368,1703.8699393561105,1406.709878057492,21535.175195282296,17392.804811332222,10720.73524110987,10777.05423760591,0
2025-05-28,M1,33486.26647273357,0.0,2554.3060849578014,36040.57255769139,36040.57255769139,0.0,2559.8001151463295,0.0,0.0,36040.57255769139,54648.79052647627,57208.59064162259,805.6779113367676,79.21613831935201,21206.42792532529,17156.555433358808,10777.05423760591,10800.0,0
2025-05-29,M1,32968.815452389084,0.0,4318.176554691438,37286.99200708053,37286.99200708053,0.0,4597.593512135383,209.7122653977045,1403.7415807142029,38690.73358779473,54029.04491893703,58626.63843107242,627.2344975886592,41.02496322983825,21511.46210339861,17453.49436774698,10800.0,10767.544373339882,3
2025-05-30,M1,11540.668366846492,0.0,920.2158923038503,12460.884259150338,12460.884259150338,0.0,565.6116826652709,123.3303759268196,368.49773753708723,12829.381996687425,27952.249925158543,28517.861607823816,445.39715089370304,17365.810433333332,22129.163520330694,17895.41238747376,10767.544373339882,10800.0,3
2025-05-31,M1,11309.632161125432,0.0,362.10983193764235,11671.741993063075,11671.741993063075,0.0,353.59034808430374,274.7996166057747,845.0179694391437,12516.75996250222,28405.282130684347,28758.872478768648,860.2341440866298,15599.157533333331,22026.83614712875,17841.737279174293,10800.0,10800.0,6
2025-06-01,M1,40351.895704487244,0.0,16888.573544695922,57240.469249183174,57240.469249183174,0.0,11837.969740982508,1927.1331010276797,12119.172697284703,69359.64194646788,60494.84151622624,72332.81125720876,181.57455859629772,0.0,19375.448919230697,16521.905419590552,10800.0,9880.231338873682,15
2025-06-02,M1,43647.87565271668,0.0,9597.694706357794,53245.570359074474,53245.570359074474,0.0,5571.689346990945,1712.0149219996747,10475.938579147114,63721.50893822159,67120.86016655754,72692.5495135485,1592.2384566478515,0.0,21591.120678258543,17419.602149358223,9880.231338873682,9957.126450019445,16
2025-06-03,M1,49149.04294576595,0.0,2820.5987040040063,51969.64164976997,51969.64164976997,0.0,2301.3674435710427,579.7124900316088,3692.862187671704,55662.50383744167,73874.33443672668,76175.70188029774,2983.7047284923933,1205.3162666666663,20976.948010070377,16602.92146823342,9957.126450019445,10388.689138823427,11
2025-06-04,M1,52516.866759308,0.0,485.9017879558205,53002.76854726381,53002.76854726381,0.0,310.58055288927665,331.7410416581739,2152.6281193318778,55155.39666659569,78089.81469108058,78400.39524396985,4882.045595887278,153.45131156289608,21047.373039379898,16995.994477868706,10388.689138823427,10446.886565522327,10
2025-06-05,M1,51354.39246946538,0.0,2497.918296362081,53852.31076582744,53852.31076582744,0.0,1593.5867703179804,406.71711253717825,2729.2220314883507,56581.53279731579,75482.77483213248,77076.36160245046,2045.7526938280998,433.5601166666668,21395.55038021481,17541.102492388593,10446.886565522327,10212.768027283879,8
2025-06-06,M1,16610.06187745958,0.0,3692.470430278641,20302.53230773822,20302.53230773822,0.0,2165.503433256805,1076.5225400822753,6271.508674150968,26574.040981889186,34302.15333252099,36467.65676577779,17.56083117021808,2527.878198682349,21544.20027249778,17400.45539649027,10212.768027283879,10268.708943098247,7
2025-06-07,M1,17368.702798763636,0.0,1078.7674509040419,18447.47024966768,18447.47024966768,0.0,625.1817269663942,710.1102369841316,4483.119299084751,22930.589548752432,35555.526886515116,36180.70861348151,48.02872094767605,1601.4800751606424,21224.468347332157,17109.671459641497,10268.708943098247,10359.984389428855,4
2025-06-08,M1,59184.978369678014,0.0,0.0,59184.978369678014,59184.978369678014,0.0,0.0,0.0,0.0,59184.978369678014,86359.48961313172,86359.48961313172,16012.749471711912,2031.5277999999998,14390.921185469046,11260.6321107159,10359.984389428855,10800.0,0
2025-06-09,M1,56142.24720144329,0.0,280.3322342285794,56422.579435671876,56422.579435671876,0.0,139.29205944129558,8.551481980079075,60.44615037618894,56483.02558604807,81311.59711132172,81450.88917076302,5908.078176342558,863.7589666666668,19762.583033687097,16007.692257286548,10800.0,10800.0,1
2025-06-10,M1,53048.27043897275,0.0,729.1817154863196,53777.452154459075,53777.452154459075,0.0,347.61448128138125,0.0,0.0,53777.452154459075,77846.95892267191,78194.5734039533,2160.2183882344225,130.08093333333295,22556.999205537948,18271.169356485734,10800.0,10800.0,0
2025-06-11,M1,53506.80261079612,0.0,5271.946748385255,58778.74935918138,58778.74935918138,0.0,3544.625344171383,571.2638325772982,3019.481329663247,61798.23068884463,78554.6434035956,82099.268747767,2140.7403068302283,0.0,23396.55766761789,18951.21171077049,10800.0,10800.0,6
2025-06-12,M1,54400.80649891465,0.0,1836.7971240599504,56237.6036229746,56237.6036229746,0.0,882.0378595055809,0.0,0.0,56237.6036229746,79317.62168914196,80199.65954864754,3498.648654842601,89.91438333333338,21887.921458622513,17729.21638148424,10800.0,10800.0,0
2025-06-13,M1,17483.94131244225,0.0,220.60339380752134,17704.544706249777,17704.544706249777,0.0,130.352884313557,448.3090189716197,2723.025317799477,20427.570024049255,35602.340699867535,35732.69358418109,221.27420507579947,3607.827877461633,21684.3446498571,17677.75782924182,10800.0,10673.957041269372,3
2025-06-14,M1,18152.319289129835,0.0,146.64788714774969,18298.967176277587,18298.967176277587,0.0,82.67675103467212,535.2192872579863,3172.660801327301,21471.627977604887,35370.5523118257,35453.22906286038,68.20204148221762,5777.9720565129755,21679.772219828905,17730.840717705734,10673.957041269372,10484.81790833124,4
2025-06-15,M1,52724.33559509178,0.0,1265.7353857854634,53990.070980877244,53990.070980877244,0.0,1153.8050017327855,0.0,0.0,53990.070980877244,77190.19599839958,78344.00100013237,3269.605771088778,0.0,21914.5105958336,17467.08970012334,10484.81790833124,10800.0,0
2025-06-16,M1,52831.39323828608,0.0,3458.837924014423,56290.2311623005,56290.2311623005,0.0,2403.9453900151766,1.6680775637045144,11.250349128405098,56301.48151142891,77171.64220754575,79575.58759756092,2541.6022121455994,0.0,22850.529717433546,18508.929071121172,10800.0,10800.0,1
2025-06-17,M1,51003.88005730402,0.0,6539.080506288348,57542.96056359237,57542.96056359237,0.0,4672.859255487072,217.2838333678613,1524.2749611273769,59067.23552471975,74988.41504824162,79661.27430372869,878.3273247276019,0.0,23208.360900601954,18845.14130489967,10800.0,10748.478916208789,5
2025-06-18,M1,52853.92153622215,0.0,2361.934852829447,55215.8563890516,55215.8563890516,0.0,2029.9463316382205,38.01857594894659,257.2615954293887,55473.11798448099,77397.7119291756,79427.65826081383,4360.239515248251,55.22366666666653,21449.756733872397,17327.93397902455,10748.478916208789,10800.0,3
2025-06-19,M1,50168.030874168355,0.0,1585.9172376816437,51753.94811185,51753.94811185,0.0,1162.2964121694993,122.09895495985131,842.0671579413078,52596.01526979131,74474.97283171106,75637.26924388055,2391.420536611338,922.4980499999999,22031.29164331094,17845.34623108186,10800.0,10800.0,2
2025-06-20,M1,17687.748681409586,0.0,98.51359052801794,17786.2622719376,17786.2622719376,0.0,75.83547768976945,0.0,0.0,17786.2622719376,35079.1783433151,35155.013821004875,1108.4848714042157,7536.239379583427,21630.04589482754,17520.337174810305,10800.0,10800.0,0
2025-06-21,M1,17336.305727285868,0.0,522.7938166726136,17859.099543958484,17859.099543958484,0.0,526.8263149108711,110.30716125769607,328.1660782055734,18187.265622164057,35287.32102130179,35814.14733621266,2144.336875972137,10292.619383333333,21856.62020086784,17703.862362702952,10800.0,10800.0,4
2025-06-22,M1,47084.1534299688,0.0,3781.9101501212795,50866.06358009006,50866.06358009006,0.0,2846.049071775114,39.077085486737815,273.3662215563919,51139.42980164645,69870.82451599231,72716.87358776743,886.918610315483,194.05944999999997,22198.060594414208,17980.429081475515,10800.0,10800.0,3
2025-06-23,M1,47063.86294630115,0.0,3445.698003201389,50509.56094950253,50509.56094950253,0.0,2224.95467860757,32.68770324936861,227.04697983383807,50736.607929336365,69838.30080347764,72063.25548208521,842.5079799712726,57.405466190781226,22080.019089731977,17945.275350559445,10800.0,10732.82234680384,3
2025-06-24,M1,49726.82666195442,0.0,9748.417214709283,59475.24387666369,59475.24387666369,0.0,6776.641146928332,2317.2685865817202,12729.322869381756,72204.56674604544,72114.01153614858,78890.65268307691,528.5440095805611,0.0,22895.39538000806,18484.81036992998,10732.82234680384,10800.0,12
2025-06-25,M1,48933.57157310141,0.0,2915.020270021216,51848.59184312263,51848.59184312263,0.0,2520.673727170929,66.2807382127877,460.607153716177,52309.19899683881,72994.52782032307,75515.20154749401,867.2502902521409,0.0,22509.52962519999,18232.718996411997,10800.0,10800.0,3
2025-06-26,M1,47372.924625106985,0.0,2275.2865511584796,49648.211176265475,49648.211176265475,0.0,2437.005717042025,131.21961742935048,919.4983671374364,50567.70954340291,71238.40327026171,73675.40898730373,2030.7013885602933,0.0,22333.079091876767,18104.53570903731,10800.0,10783.620394869859,5
2025-06-27,M1,16131.114610926166,0.0,324.5745499023946,16455.68916082856,16455.68916082856,0.0,318.49690467758114,152.06992298907994,448.45007870766864,16904.139239536227,33489.51567858238,33808.01258325996,701.1937500059635,9233.009366666667,22313.11514890854,18058.881625998794,10783.620394869859,10800.0,3
2025-06-28,M1,16362.488810118291,0.0,491.159398872475,16853.648208990766,16853.648208990766,0.0,371.1984664722626,55.51292071806465,150.93050057889178,17004.578709569658,33723.43197492973,34094.63044140199,371.85184793846184,7760.334566666665,22321.21489920141,18080.184068353148,10800.0,10800.0,3
2025-06-29,M1,46058.88885775559,0.0,6014.248118938426,52073.13697669401,52073.13697669401,0.0,5266.8521237665655,133.69204307082333,873.0293073787566,52946.166284072766,68643.03931110597,73909.89143487252,489.2804580986698,0.0,22560.707823743924,18274.173337232583,10800.0,10800.0,5
2025-06-30,M1,47807.847095940684,0.0,2757.68565120387,50565.53274714456,50565.53274714456,0.0,2227.6048280650907,597.163238197883,3136.5208665343425,53702.05361367891,71852.4650980428,74080.06992610788,391.8958788413447,0.0,23198.17527437414,18790.521972243052,10800.0,10800.0,8
2025-07-01,M1,51099.414193825105,0.0,17659.176870271785,68758.5910640969,68758.5910640969,0.0,13576.408332153664,745.8775568314857,5595.992824793616,74354.58388889051,70186.064112164,83762.47244431765,1352.5523435449122,358.5017499999999,23265.541445639257,19334.789571368365,10800.0,10255.887777332704,13
2025-07-02,M1,53051.44809480781,0.0,12180.500208977257,65231.948303785066,65231.948303785066,0.0,10359.198394719591,314.1704410499638,2554.48912773024,67786.43743151531,71691.8141883514,82051.01258307099,3760.1912474629107,1500.0133500000006,20680.804673727165,16480.592613735782,10255.887777332704,10556.84241286962,9
2025-07-03,M1,59713.59045840299,0.0,8623.701995488074,68337.29245389107,68337.29245389107,0.0,6585.44665092905,117.11698466163391,1025.5665702829167,69362.85902417399,79484.15068716055,86069.5973380896,1372.6632272139318,631.5654,22336.7446343592,17914.67787215522,10556.84241286962,10754.71494806487,4
2025-07-04,M1,22960.529521316657,0.0,2786.3073756818103,25746.83689699847,25746.83689699847,0.0,2503.5836971585777,551.9641889218749,2707.6642066563127,28454.50110365478,39974.27857048682,42477.862267645396,183.17067063993107,9849.344373082957,22188.426887978807,18071.982941801092,10754.71494806487,10644.318100800137,15
2025-07-05,M1,23339.039188650422,0.0,2220.062483988191,25559.10167263861,25559.10167263861,0.0,1597.1297067154787,325.5466195209122,1636.4545416995816,27195.556214338194,41799.098832457195,43396.22853917267,147.2610307229549,10416.703537198471,23002.161478629056,18634.43085452356,10644.318100800137,10641.340259873445,6
2025-07-06,M1,62589.543829934366,0.0,7765.944423790861,70355.48825372523,70355.48825372523,0.0,4817.194233756504,24.45878804845802,206.02860112618612,70561.51685485142,82469.3422018646,87286.53643562109,2951.7132754859713,221.7756333333332,22109.110519665042,17765.585754814776,10641.340259873445,10800.0,1
2025-07-07,M1,64498.89096781945,0.0,99.89961613266514,64598.790583952104,64598.790583952104,0.0,57.16149229598807,0.0,0.0,64598.790583952104,86168.02604591928,86225.18753821525,7940.816968022691,1290.5529443029918,18864.920311699592,15280.585452476671,10800.0,10800.0,0
2025-07-08,M1,70260.11985802065,0.0,0.0,70260.11985802065,70260.11985802065,0.0,0.0,0.0,0.0,70260.11985802065,93296.96866389821,93296.96866389821,12101.257026735733,1768.6296333333335,20293.131511381485,16437.436524219,10800.0,10800.0,0
2025-07-09,M1,66187.44080169061,0.0,0.0,66187.44080169061,66187.44080169061,0.0,0.0,0.0,0.0,66187.44080169061,88207.02724916262,88207.02724916262,9528.877025455695,962.0324679399328,19249.435468949134,15592.042729848803,10800.0,10800.0,0
2025-07-10,M1,61582.759143464806,0.0,574.2553020781986,62157.014445543005,62157.014445543005,0.0,229.4359751001632,0.0,0.0,62157.014445543005,81951.17376065385,82180.60973575401,4211.056060393377,1044.265137967362,21429.8166003155,17358.151446255553,10800.0,10800.0,0
2025-07-11,M1,25833.733778415935,0.0,0.0,25833.733778415935,25833.733778415935,0.0,0.0,452.12080951150085,1536.752395374779,27370.486173790716,43710.101808095074,43710.101808095074,1167.1229758074608,6281.638466666669,22077.284342802413,17882.60031766996,10800.0,10800.0,5
2025-07-12,M1,24360.026661867265,0.0,756.7338494273679,25116.760511294626,25116.760511294626,0.0,667.4126571663699,175.17099052192555,894.7667031375225,26011.52721443215,42465.303855279046,43132.71651244541,48.37924662589154,8016.247499999999,22532.518373573883,18373.50095056576,10800.0,10664.26548003232,6
2025-07-13,M1,56262.283988816285,0.0,1041.9172872299555,57304.20127604626,57304.20127604626,0.0,516.5228500858381,83.34530073947997,700.4329149897591,58004.63419103602,77554.84580477691,78071.36865486274,2440.06817292709,2328.997394567832,21030.352211244175,16912.424223136877,10664.26548003232,10800.0,4
2025-07-14,M1,53870.56337960522,0.0,5651.2656161088835,59521.82899571412,59521.82899571412,0.0,3242.3680869182645,198.62198178377372,1593.4316640527436,61115.260659766864,72850.03477870661,76092.40286562487,568.5108683278922,0.0,20604.39348638998,16689.558723975882,10800.0,10800.0,8
2025-07-15,M1,59528.61601561638,0.0,0.0,59528.61601561638,59528.61601561638,0.0,0.0,0.0,0.0,59528.61601561638,80532.4015507818,80532.4015507818,3686.1469527451363,176.41471666666666,20635.73314756144,16714.943849524767,10800.0,10800.0,0
2025-07-16,M1,58387.27955257694,0.0,1627.0127580837552,60014.2923106607,60014.2923106607,0.0,656.4660252186193,27.113647014864114,226.192191892423,60240.48450255312,77434.42321457338,78090.889239792,2002.884573148191,0.0,20950.289106975495,16969.73417665015,10800.0,10800.0,2
2025-07-17,M1,55979.28879791868,0.0,4080.4681386290217,60059.756936547696,60059.756936547696,0.0,2944.509552963854,45.88431218252265,385.16036795307684,60444.91730450077,75150.27760977228,78094.78716273615,1010.8486743161338,0.0,23207.403862820338,18797.997128884475,10800.0,10800.0,3
2025-07-18,M1,24482.977780905363,0.0,0.0,24482.977780905363,24482.977780905363,0.0,0.0,0.0,0.0,24482.977780905363,42847.963263836864,42847.963263836864,836.8468407745554,6573.008368472754,21915.052392576625,17751.19243798706,10800.0,10800.0,0
2025-07-19,M1,24292.291903465455,0.0,98.39251813157874,24390.684421597034,24390.684421597034,0.0,82.82756027790414,134.6564420096497,590.1541155533757,24980.83853715041,43001.84594639547,43084.673506673375,496.0622669267209,11205.142143396439,23366.061510021165,19030.7550216613,10800.0,10684.172001617604,6
2025-07-20,M1,56742.16617652856,0.0,881.6419572515977,57623.80813378017,57623.80813378017,0.0,448.01603430074283,22.20061538969287,188.90503635089664,57812.713170131065,77530.83350240307,77978.84953670381,1763.7939614364327,0.0,21279.119870769777,17131.841896779366,10684.172001617604,10800.0,1
2025-07-21,M1,57967.81022931624,0.0,3118.7902606589396,61086.600489975186,61086.600489975186,0.0,1742.6404682629386,30.693069800862986,264.625175030141,61351.225665005324,77777.25357380844,79519.89404207139,1318.2984293670372,0.0,22329.154381606353,18086.615049101147,10800.0,10800.0,2
2025-07-22,M1,56787.46180424816,0.0,5278.184428475493,62065.64623272363,62065.64623272363,0.0,5472.1049321872415,90.21934141869826,753.924521613724,62819.57075433735,76444.54146964503,81916.64640183227,3648.3492745849335,249.3819333333331,22705.2100982423,18391.22017957626,10800.0,10800.0,4
2025-07-23,M1,58127.14405747714,0.0,970.3761304768518,59097.52018795398,59097.52018795398,0.0,453.9004610762232,108.65762095482796,920.6340717367837,60018.15425969077,79397.67108413746,79851.57154521368,984.7833090817755,406.6257283501325,22906.700063525946,18554.42705145601,10800.0,10800.0,4
2025-07-24,M1,57642.870733124415,0.0,2827.347117082716,60470.21785020714,60470.21785020714,0.0,1348.92292696745,15.681149784892227,130.17706493928284,60600.394915146426,78235.14663584072,79584.06956280817,1852.5619636113881,80.49678333333327,21316.947187622856,17266.72722197452,10800.0,10800.0,1
2025-07-25,M1,23598.486775733283,0.0,587.127682167247,24185.614457900523,24185.614457900523,0.0,562.9729878619373,130.56883546113338,755.9155166177175,24941.529974518242,41490.843466249775,42053.81645411171,920.8836317250177,10558.0576834605,22401.211335593092,18201.086927872435,10800.0,10737.660282175517,3
2025-07-26,M1,23718.74587353023,0.0,497.4584397579609,24216.20431328819,24216.20431328819,0.0,474.77892012687914,338.1748861464672,1405.3182493516038,25621.522562639795,41662.85493462297,42137.633854749845,757.6783134905429,9038.619449999997,22342.822561999863,18132.403151260747,10737.660282175517,10699.085975463446,8
2025-07-27,M1,55737.71712737998,0.0,4424.038895987828,60161.756023367816,60161.756023367816,0.0,3086.8450266047107,854.0931263868221,4733.78739607734,64895.54341944516,75795.9424204659,78882.78744707062,1444.2161911222838,0.0,23771.85242238037,19164.377840045207,10699.085975463446,10800.0,7
2025-07-28,M1,58273.2799700394,0.0,6476.179098866485,64749.459068905875,64749.459068905875,0.0,3878.0344627877275,383.1999999999997,2060.6710177999985,66810.13008670587,78517.97159937408,82396.00606216182,524.5636961676885,0.0,22630.342803477884,18330.577670817092,10800.0,10800.0,7
2025-07-29,M1,58468.97889900642,0.0,2124.907951727357,60593.88685073379,60593.88685073379,0.0,2118.0975949141985,114.47601623315515,932.2149949168511,61526.10184565064,79358.61365677141,81476.71125168561,1141.8117651214006,0.0,23053.313435775664,18673.18388297829,10800.0,10800.0,7
2025-07-30,M1,57232.866139769816,0.0,4248.69828193405,61481.564421703915,61481.564421703915,0.0,3952.7666343960873,5.330991811507033,44.83301327764636,61526.39743498156,76616.38570145852,80569.15233585461,1362.1576154247205,825.3960132226139,22545.661310625186,18261.9856616064,10800.0,10800.0,2
2025-07-31,M1,56171.53912761861,0.0,3755.6177205302465,59927.156848148865,59927.156848148865,0.0,2606.1536279693846,319.94497639790325,2637.617523818228,62564.77437196709,76970.27795935693,79576.43158732631,730.996485834634,69.61071797021464,23546.65426653152,19145.881173278816,10800.0,10718.787536235233,10
2025-08-01,M1,22923.01201670164,0.0,1450.534322345777,24373.546339047418,24373.546339047418,0.0,1257.4222731685018,390.0696614811132,979.1473456980291,25352.693684745445,40771.8211838351,42029.2434570036,1185.9856499037362,15564.012790184619,22867.70418074421,18449.749169014518,10718.787536235233,10800.0,7
2025-08-02,M1,22756.785143604273,0.0,0.0,22756.785143604273,22756.785143604273,0.0,0.0,139.46680314994936,842.6520536148864,23599.43719721916,40841.45026481017,40841.45026481017,563.9011240883551,15249.988630499993,22315.802000202322,18075.79962016388,10800.0,10800.0,2
2025-08-03,M1,50443.13377791792,0.0,360.7933545660914,50803.92713248398,50803.92713248398,0.0,230.44726531772267,398.69641507647975,3059.2873297514802,53863.21446223546,68908.43336866642,69138.88063398412,1426.439553361289,1579.8110220068677,20473.32216301895,16781.475672659835,10800.0,10579.905865983912,12
2025-08-04,M1,50813.76407302159,0.0,2084.4423749614402,52898.20644798304,52898.20644798304,0.0,1442.6261968674642,26.578237399590535,215.92934762174337,53114.13579560478,68454.82134886488,69897.44754573233,347.0461398210798,0.0,20859.15704927915,16697.832489301632,10579.905865983912,10800.0,2
2025-08-05,M1,50620.71201019731,0.0,937.9669013417054,51558.67891153902,51558.67891153902,0.0,1694.1669457093158,20.51216452080689,169.91184261753827,51728.59075415656,67900.46352540836,69594.63047111766,295.810884744513,0.0,21931.694829266475,17764.67281170585,10800.0,10800.0,3
2025-08-06,M1,52136.217487103364,0.0,4215.93921704229,56352.15670414566,56352.15670414566,0.0,2311.5350611585236,46.38873336283116,321.16089871454983,56673.31760286021,69729.21005356705,72040.74511472558,342.9830363055447,0.0,20303.324936728553,16673.57339161235,10800.0,10546.799785708656,4
2025-08-07,M1,52269.086581011616,0.0,847.6288857355803,53116.71546674719,53116.71546674719,0.0,576.2982685013864,60.772360028501,518.1632946033703,53634.87876135056,72018.20313403421,72594.50140253559,2236.6690778245884,2971.5393655870994,20832.10564980127,16773.02558064887,10546.799785708656,10658.999780919947,3
2025-08-08,M1,22042.0411180118,0.0,104.00847046630909,22146.04958847811,22146.04958847811,0.0,55.193011470884926,321.61825915555977,1210.1170560242977,23356.166644502406,40014.771009251184,40069.964020722065,204.4437371253199,19898.793416666667,23518.587657626656,19005.413781541018,10658.999780919947,10708.602248849478,7
2025-08-09,M1,21934.32402435778,0.0,736.2421085924258,22670.566132950204,22670.566132950204,0.0,408.37254025076936,522.3001473734081,1835.6959610932167,24506.26209404342,39358.411396511394,39766.783936762164,160.74281624096818,17120.824716666666,22138.01888694406,18052.43133571613,10708.602248849478,10574.562207414549,8
2025-08-10,M1,50761.72817618897,0.0,4304.375354781897,55066.10353097089,55066.10353097089,0.0,1860.4899023488172,260.2076443849058,1524.8284033675513,56590.93193433844,67899.13165040294,69759.62155275175,437.39606707283724,0.0,21446.947719667965,17169.133639604137,10574.562207414549,10800.0,5
2025-08-11,M1,49657.94776072027,0.0,1591.9704190314699,51249.91817975173,51249.91817975173,0.0,1746.4588995339152,332.564745955989,2789.5645294822793,54039.48270923401,67780.58772144819,69527.04662098209,342.21032703447963,748.1067478706457,22249.237622824094,18041.19666412446,10800.0,10778.539789292281,8
2025-08-12,M1,50937.7221941393,0.0,4790.590432618593,55728.31262675793,55728.31262675793,0.0,2751.8443535618203,333.21560204837533,2628.6597994029225,58356.97242616085,69390.02824701686,72141.87260057867,666.7904524334853,0.0,21202.315318719055,17154.56121852549,10778.539789292281,10800.0,8
2025-08-13,M1,50279.77875094259,0.0,3067.590329686039,53347.3690806286,53347.3690806286,0.0,3452.5999031548317,129.30481226744655,1078.3263039900828,54425.69538461869,68480.6984393718,71933.29834252664,1795.1351907061548,0.0,21948.95875460813,17802.470240520197,10800.0,10773.540389680435,5
2025-08-14,M1,50070.436583500305,0.0,2891.9763845459265,52962.41296804623,52962.41296804623,0.0,2745.9361184029763,1763.4590820278354,10355.063432440726,63317.47640048695,67953.17457326807,70699.11069167106,1080.7777600965674,1148.2149469409972,22929.51673361036,18622.230650282367,10773.540389680435,10718.738060727124,16
2025-08-15,M1,22120.439359226668,0.0,774.534050013856,22894.973409240523,22894.973409240523,0.0,659.9280517805073,407.69448429111236,1523.9064215525882,24418.87983079311,39659.3141606097,40319.24221239021,447.66452184654383,19056.5823,22166.167867023396,18103.20487552195,10718.738060727124,10553.617057134907,7
2025-08-16,M1,21991.157804694012,0.0,1128.5362965427448,23119.694101236757,23119.694101236757,0.0,998.407194084338,127.72707590755593,756.8941303233215,23876.58823156008,39708.58682699806,40706.99402108239,353.5820854343081,19137.14643333333,22330.327636303537,17915.61542474789,10553.617057134907,10744.672568977097,2
2025-08-17,M1,50673.4352587589,0.0,650.9638899017182,51324.399148660625,51324.399148660625,0.0,263.2550358514683,677.8395317028401,4053.0617859341655,55377.46093459479,69031.94112916825,69295.19616501972,1125.9077744887377,1340.8738166666647,22584.556847262505,18243.696358362016,10744.672568977097,10800.0,9
2025-08-18,M1,50278.88648341657,0.0,1838.523114551632,52117.409597968224,52117.409597968224,0.0,1686.3059462959293,817.132973039239,5124.549777963485,57241.95937593171,67936.0409992598,69622.34694555574,1457.941780539952,305.11870904031775,22538.441117621238,18256.1373052732,10800.0,10800.0,9
2025-08-19,M1,50770.27993849827,0.0,658.7002078225751,51428.98014632084,51428.98014632084,0.0,774.1526664577881,186.4207685930972,1497.6040565293083,52926.58420285015,68637.10965337139,69411.26231982917,420.82391888214283,567.1909701405125,22662.259042937047,18370.250893537443,10800.0,10784.643256935069,7
2025-08-20,M1,51995.722775297596,0.0,5119.872273729793,57115.59504902739,57115.59504902739,0.0,3076.014091157752,1358.1436986131475,7827.781565934156,64943.37661496155,70452.10928379,73528.12337494775,114.17809002147345,0.0,21876.32457439459,17754.926657521824,10784.643256935069,10745.639087754853,14
2025-08-21,M1,52053.01845646265,0.0,709.3622483107549,52762.380704773415,52762.380704773415,0.0,458.09609858002045,123.63069826145724,994.2876196693,53756.66832444272,71904.03974382117,72362.13584240119,1227.7104588349216,1269.0672333333332,21588.44121689148,17443.870851730426,10745.639087754853,10793.157458812262,6
2025-08-22,M1,21710.768692278318,0.0,1923.3289420617932,23634.097634340113,23634.097634340113,0.0,1498.921991287012,446.10619835543235,2681.882951995445,26315.980586335558,39423.39654661891,40922.31853790593,165.54771312242997,15917.92112970743,22037.146345299003,17982.759851867504,10793.157458812262,10645.744889728587,5
2025-08-23,M1,21596.693979135765,0.0,887.8951815072606,22484.589160643027,22484.589160643027,0.0,693.8477329601416,166.70965697590702,728.9729294349684,23213.562090077994,39927.392235442974,40621.23996840311,113.65863870582945,13853.60228437794,22306.68368645436,18016.00113415911,10645.744889728587,10703.981169582952,4
2025-08-24,M1,51555.32909051974,0.0,1607.877654109254,53163.206744628995,53163.206744628995,0.0,924.7733455404901,747.7449753547587,3985.7061108232415,57148.91285545224,69773.45095106622,70698.22429660671,1000.1646084258105,2319.230739676159,22747.483973507842,18354.49953298167,10703.981169582952,10782.828375760382,7
2025-08-25,M1,55404.4215446138,0.0,2058.3194077819294,57462.74095239573,57462.74095239573,0.0,835.5226381499692,50.259860988525816,419.43677324751957,57882.177725643254,76870.06600653028,77705.58864468025,1933.6736139211166,664.0385841057107,22997.86752189282,18612.818230917524,10782.828375760382,10800.0,2
2025-08-26,M1,52317.552178378675,0.0,418.3356663291212,52735.887844707795,52735.887844707795,0.0,172.10147745721326,44.75159540917548,376.97159393799205,53112.859438645784,71443.13752513233,71615.23900258954,2006.554609053731,0.0,21708.513713745564,17583.89610813391,10800.0,10800.0,4
2025-08-27,M1,52360.4795388539,0.0,2529.8406114853624,54890.320150339256,54890.320150339256,0.0,3000.379876608332,54.526178776977304,451.84703998331344,55342.16719032257,71733.24623222165,74733.62610882998,1414.5418520545486,1061.5794936213988,23270.0035270881,18872.12145182376,10800.0,10773.97933901956,4
2025-08-28,M1,52270.41194262226,0.0,4329.652748228323,56600.0646908506,56600.0646908506,0.0,4393.559393823899,227.13393912001544,1713.1389265791324,58313.20361742973,71499.63778058885,75893.19717441275,1030.0726993908609,0.0,22810.712220532012,18488.24878972343,10773.97933901956,10761.121682250114,6
2025-08-29,M1,22998.348359208438,0.0,0.0,22998.348359208438,22998.348359208438,0.0,0.0,255.83224495405653,931.5411098880305,23929.88946909647,41338.224354886515,41338.224354886515,341.91057519593755,14374.516799999998,22565.359940367074,18242.95106572243,10761.121682250114,10800.0,5
2025-08-30,M1,22800.51741237409,0.0,590.3770921091667,23390.894504483258,23390.894504483258,0.0,509.63398206965076,123.23085730333764,854.174687398085,24245.069191881343,40838.10426522515,41347.73824729481,183.53758521478096,18820.82820044272,21934.702930656647,17980.81944504934,10800.0,10562.544365313945,1
2025-08-31,M1,50938.15681628419,0.0,1749.4940010899754,52687.65081737416,52687.65081737416,0.0,1099.5004182386633,683.5976417282213,4027.084048374154,56714.734865748316,70114.14993497527,71213.65035321393,722.8783936974983,0.0,22705.454982599324,18177.708464687996,10562.544365313945,10800.0,10
2025-09-01,M1,47189.18637905483,0.0,0.0,47189.18637905483,47189.18637905483,0.0,0.0,0.0,0.0,47189.18637905483,73462.13281368228,73462.13281368228,12607.636047750104,3919.0071500000004,17691.342539993973,14329.98745739512,10800.0,10800.0,0
2025-09-02,M1,40089.5701055627,0.0,166.3102274015996,40255.880332964305,40255.880332964305,0.0,289.88881297532555,601.4320135886677,3219.2099994516366,43475.090332415944,61834.71173512544,62124.600548100774,4018.5361689299875,530.9394049550231,21677.90072528646,17559.099587482033,10800.0,10800.0,5
2025-09-03,M1,40756.259898875054,0.0,1292.2539668478696,42048.5138657229,42048.5138657229,0.0,838.3935118118827,0.0,0.0,42048.5138657229,60975.64876132808,61814.04227313996,2120.646451726348,208.0417907884355,20724.40410855359,16786.767327928406,10800.0,10800.0,0
2025-09-04,M1,38896.91166059129,0.0,1664.1224878437301,40561.03414843501,40561.03414843501,0.0,1026.3917229383503,482.3924884702166,2582.744092316554,43143.77824075156,59022.771384679865,60049.16310761822,2155.5878928299353,203.90813333333404,22349.968525921977,18103.474505996805,10800.0,10800.0,4
2025-09-05,M1,16643.919406215333,0.0,0.0,16643.919406215333,16643.919406215333,0.0,0.0,0.0,0.0,16643.919406215333,35526.422936620496,35526.422936620496,3191.6792766746366,21551.88091578884,20834.7425131071,16876.14143561675,10800.0,10800.0,0
2025-09-06,M1,16199.350564959364,0.0,132.48095278382272,16331.831517743189,16331.831517743189,0.0,106.63163935012847,0.0,0.0,16331.831517743189,34857.60268413307,34964.23432348319,3086.4877904821415,20296.56792921846,20316.28896727683,16456.194063494237,10800.0,10800.0,0
2025-09-07,M1,35888.96900618122,0.0,4673.78236817312,40562.75137435435,40562.75137435435,0.0,3923.967108089669,1579.7529289412741,8960.959550249481,49523.71092460383,55042.42023826248,58966.387346352145,1638.3236769138134,0.0,20772.805166910257,16825.972185197315,10800.0,10800.0,8
2025-09-08,M1,31794.360064590215,0.0,15941.990540286584,47736.350604876796,47736.350604876796,0.0,12377.484194409584,1630.574016667482,8367.352994945542,56103.70359982234,49236.026993632724,61613.511188042314,39.157425907551556,0.0,21423.17807956863,17613.819834099715,10800.0,10509.94934483431,19
2025-09-09,M1,34441.05304178027,0.0,6572.056060413324,41013.10910219359,41013.10910219359,0.0,5623.2704558586465,1431.4016313138845,8193.34859482266,49206.45769701625,52871.94278095717,58495.21323681582,458.9424754395586,2107.1666149171274,22116.264746960438,17858.59323585409,10509.94934483431,10571.706243927492,13
2025-09-10,M1,37119.579285021035,0.0,7462.414181276652,44581.993466297696,44581.993466297696,0.0,6148.136029323421,2482.2654642722637,14060.012243070012,58642.00570936771,57375.2716014489,63523.407630772315,480.73716725898134,0.0,21373.738662253716,17164.80138446811,10571.706243927492,10736.069501657925,19
2025-09-11,M1,38239.708630199624,0.0,1060.4396679245679,39300.14829812421,39300.14829812421,0.0,682.1928785072433,520.9613897159961,2664.022608372321,41964.170906496525,60212.842445096365,60895.03532360361,1524.7677674261681,2228.301116666668,21627.91893360824,17461.07688771481,10736.069501657925,10800.0,11
2025-09-12,M1,15259.367942083665,0.0,21.19294802442234,15280.560890108087,15280.560890108087,0.0,12.234700395117386,101.84344751116515,293.0955870288954,15573.656477136983,33737.29538422923,33749.530084624355,1030.9106600228047,17072.328299999994,22086.728274277473,17890.249902164756,10800.0,10800.0,2
2025-09-13,M1,15733.170108863118,0.0,0.991173206220218,15734.161282069339,15734.161282069339,0.0,0.5584231703542173,0.0,0.0,15734.161282069339,34795.61061233566,34796.16903550601,1598.6189733225842,21232.979963246013,20828.782187389916,16871.31357178583,10800.0,10800.0,0
2025-09-14,M1,39650.11276785479,0.0,3051.4085461573195,42701.521314012105,42701.521314012105,0.0,2584.989374647829,620.0857770530488,3345.765533236808,46047.28684724891,61473.76859768148,64058.75797232931,596.1190338471076,0.0,21190.678937098237,17207.278971562977,10800.0,10752.412186096217,4
2025-09-15,M1,36568.4465949897,0.0,2874.555872096787,39443.00246708649,39443.00246708649,0.0,2137.4598147921106,1458.1501217353516,8661.440421849513,48104.442888936,56519.695699932745,58657.15551472485,181.32270194487614,759.210650000001,21997.809322783665,17890.067671601668,10752.412186096217,10672.587608155221,15
2025-09-16,M1,41337.6085308933,0.0,1735.3041285857053,43072.91265947903,43072.91265947903,0.0,1447.3267958171618,228.11444553863268,1252.0190789783014,44324.93173845733,63731.05181946508,65178.37861528224,497.3507264957024,1408.5086387516567,21399.787617896305,17390.923905656127,10672.587608155221,10609.14768019953,9
2025-09-17,M1,40703.81710257634,0.0,798.0267340685015,41501.84383664483,41501.84383664483,0.0,850.6838311076909,409.6212918363439,2236.063031208868,43737.9068678537,63205.1308394119,64055.81467051958,366.5936808561221,0.0,22196.539931203108,18057.816049703302,10609.14768019953,10521.793563056439,8
2025-09-18,M1,39128.32275060417,0.0,3311.970238483069,42440.292989087226,42440.292989087226,0.0,4417.747199404034,463.7537321605424,2677.3513719425778,45117.6443610298,60875.062503756286,65292.809703160325,1517.1983987260587,994.8410418885597,21727.550648094297,17439.077770054715,10521.793563056439,10699.836068502738,8
2025-09-19,M1,14487.245651345189,0.0,960.7065322882956,15447.952183633488,15447.952183633488,0.0,848.9537136634701,115.72783148139463,510.74194386580166,15958.69412749929,32499.889586330817,33348.84329999429,163.73722682244693,12924.754816666666,22343.349296000615,18068.622524680715,10699.836068502738,10732.603185258058,7
2025-09-20,M1,14101.750244772513,0.0,759.1078864591193,14860.858131231638,14860.858131231638,0.0,618.8998842989182,746.332304437922,3219.4609620290043,18080.31909326064,32476.989647586757,33095.889531885674,347.94142203079525,13550.560700000002,22303.309724693238,18005.023743733775,10732.603185258058,10800.0,8
2025-09-21,M1,42339.75107725191,0.0,1356.5012791690583,43696.25235642098,43696.25235642098,0.0,1543.77377081122,302.8056119387575,1841.1990002334637,45537.45135665444,65591.76541968748,67135.5391904987,2760.0068812955687,2589.8828833333328,20214.31938721876,16413.35183274353,10800.0,10755.829856559629,5
2025-09-22,M1,42811.274906118175,0.0,718.9303463473643,43530.205252465545,43530.205252465545,0.0,451.6872313593933,250.03296028439337,1340.8178071364027,44871.02305960195,65769.24772896894,66220.93496032832,712.1040618395401,1195.5462715824801,21431.643650887778,17482.34594703041,10755.829856559629,10619.480312324835,8
2025-09-23,M1,43689.43483498717,0.0,595.5509877476491,44284.98582273482,44284.98582273482,0.0,291.57229333316155,322.85754675562794,1861.1619171777068,46146.14773991253,67247.49894167873,67539.0712350119,1315.206590321864,145.67691203336312,21956.28371533258,17671.854019253624,10619.480312324835,10744.742301397915,9
2025-09-24,M1,41477.27238617894,0.0,1771.4781191324125,43248.75050531137,43248.75050531137,0.0,2062.4622250504226,570.1575996623233,3215.9727203294133,46464.72322564079,63612.637879478745,65675.10010452916,884.6904600396326,0.0,22355.843238999965,18058.501094848107,10744.742301397915,10800.0,6
2025-09-25,M1,42590.97523463461,0.0,1891.356684251618,44482.33191888622,44482.33191888622,0.0,2065.1567344807145,34.08108838837575,228.03661125944814,44710.36853014567,65441.08552310786,67506.24225758857,1033.7388800410774,2312.1535,20959.642441733595,17100.66037579772,10800.0,10662.944446673877,3
2025-09-26,M1,14623.318104117738,0.0,0.0,14623.318104117738,14623.318104117738,0.0,0.0,0.0,0.0,14623.318104117738,33739.58533950447,33739.58533950447,391.95772338742677,11390.354172897041,22052.416058678307,17789.3861154583,10662.944446673877,10744.134326752912,0
2025-09-27,M1,14938.002341984773,0.0,940.8412226730281,15878.843564657804,15878.843564657804,0.0,778.3309911803058,760.4054543597435,3551.662971204102,19430.506535861907,33251.29832916896,34029.62932034927,174.45366997266342,12761.714435534592,22229.02178406167,18176.457364859914,10744.134326752912,10554.190193675184,8
2025-09-28,M1,43588.31261274345,0.0,3744.318698069583,47332.63131081303,47332.63131081303,0.0,4093.541934990882,297.6884612019615,1504.6551165261399,48837.28642733917,66669.79072769191,70763.3326626828,2649.7768126687006,389.641490840643,22698.656989560135,18164.683335851383,10554.190193675184,10800.0,5
2025-09-29,M1,44494.26684234477,0.0,106.12314000652293,44600.389982351284,44600.389982351284,0.0,61.46681684012049,260.5477228572958,1665.4613853505389,46265.85136770182,68121.230087823,68182.69690466313,1473.0876829773829,121.23748523074278,21933.641871115404,17844.614011803103,10800.0,10712.928782000417,4
2025-09-30,M1,44837.8243438771,0.0,1761.0356222518938,46598.859966129,46598.859966129,0.0,1817.597144824007,438.43827131007134,2410.6633796129872,49009.52334574199,68757.62072135687,70575.21786618089,1192.8460445871513,31.302911943024583,22573.517463655135,18206.18504936102,10712.928782000417,10800.0,5
2025-10-01,M1,41632.006873422804,0.0,0.0,41632.006873422804,41632.006873422804,0.0,0.0,0.0,0.0,41632.006873422804,67857.518149143,67857.518149143,8796.7728083377,5846.755893637422,18697.199546497646,15144.731632663099,10800.0,10800.0,0
2025-10-02,M1,39653.725513807774,0.0,443.50498496733525,40097.23049877512,40097.23049877512,0.0,329.24352337602426,0.0,0.0,40097.23049877512,64111.71323596141,64440.95675933743,5309.20755665547,3571.8318188200774,20153.3382483959,16324.203981200675,10800.0,10800.0,0
2025-10-03,M1,12622.04276185536,0.0,579.061914368746,13201.104676224104,13201.104676224104,0.0,581.5334958408702,113.34044807856591,403.85492960716135,13604.959605831265,31315.43205791623,31896.9655537571,2263.3726939434573,18043.90675565065,20451.96238021875,16566.08952797719,10800.0,10800.0,4
2025-10-04,M1,13540.415154791026,0.0,703.6079352527613,14244.023090043785,14244.023090043785,0.0,646.1627523356158,512.4821324271372,1748.8828400777961,15992.905930121582,32035.360061049105,32681.52281338472,2006.9555690354973,14238.466616666665,20276.843825138738,16424.243498362375,10800.0,10800.0,4
2025-10-05,M1,38138.27093711942,0.0,1239.7160914863716,39377.9870286058,39377.9870286058,0.0,933.6125864738439,84.47911873347884,424.9251302192811,39802.91215882508,61908.761123866934,62842.37371034078,2457.73864653496,1805.423067330098,20672.26341338177,16744.533364839237,10800.0,10800.0,2
2025-10-06,M1,36915.92697669678,0.0,4415.997170929852,41331.92414762663,41331.92414762663,0.0,4304.1436179158845,373.93388909362545,1886.132483890629,43218.05663151726,57954.32103919909,62258.464657114964,1000.0080243081273,0.0,20522.53301000246,16623.251738102,10800.0,10800.0,5
2025-10-07,M1,37115.625560275344,0.0,3582.3563684567844,40697.98192873213,40697.98192873213,0.0,3471.6207966532447,823.4624021812724,4468.443383275174,45166.425312007304,59331.37895405299,62802.99975070623,1652.3929464744344,151.85471654060564,21319.21836774987,17268.566877877398,10800.0,10800.0,6
2025-10-08,M1,34275.3340653449,0.0,3735.799836256372,38011.13390160127,38011.13390160127,0.0,3162.553506965997,1486.1558523106387,8331.478381383622,46342.61228298489,55967.54481048576,59130.098317451746,78.47999857510575,0.0,21844.097377868562,17784.81887334794,10800.0,10698.777780806222,15
2025-10-09,M1,36142.37160400803,0.0,2019.7083477716383,38162.07995177966,38162.07995177966,0.0,1309.722343678208,1330.692492328757,7764.68097376121,45926.760925540875,59548.64716329146,60858.36950696967,619.9387603350652,1700.0342644237996,21436.71035309388,17327.603061887647,10698.777780806222,10738.924807604446,10
2025-10-10,M1,11973.678811126807,0.0,1571.1075914272792,13544.786402554084,13544.786402554084,0.0,1420.601468790963,275.12265184826333,1005.4645654553744,14550.250968009459,30328.263035273223,31748.864504064186,84.01934892735858,18351.637311552473,22051.325818999754,17806.606240233803,10738.924807604446,10800.0,4
2025-10-11,M1,12812.76055957091,0.0,325.5400747465803,13138.300634317493,13138.300634317493,0.0,322.425234480429,258.8352402927473,978.6096065132348,14116.910240830728,31496.037368917307,31818.46260339774,308.0739074226904,13585.95858333333,21457.640892637533,17380.6891230364,10800.0,10800.0,5
2025-10-12,M1,37664.44216472574,0.0,2076.980823496309,39741.42298822204,39741.42298822204,0.0,1355.6940469530061,270.9316088870485,1667.7187922052444,41409.141780427286,61370.5381631086,62726.23221006161,567.5473669957601,0.0,20866.12278215441,16951.46231353484,10800.0,10744.552377789152,4
2025-10-13,M1,39544.77966524992,0.0,370.5665658093563,39915.34623105927,39915.34623105927,0.0,228.838566497665,54.10431542398874,284.117648702731,40199.46387976201,64035.11255481608,64263.951121313745,1660.7689198232338,1431.7073833333332,21833.05775574423,17634.87392216306,10744.552377789152,10800.0,2
2025-10-14,M1,40117.30682643533,0.0,483.111864658894,40600.41869109423,40600.41869109423,0.0,254.16238671027668,1095.504947598365,5959.0012220011895,46559.41991309542,64735.261422380296,64989.42380909057,998.792734230194,169.37741512697346,21804.891178939142,17661.961854940702,10800.0,10800.0,7
2025-10-15,M1,40330.70365040057,0.0,761.6249475125239,41092.32859791308,41092.32859791308,0.0,401.52514445186455,511.5770252660599,2833.873744097743,43926.20234201082,65568.91672335539,65970.44186780725,376.4326916646416,0.0,22237.198643837957,18051.636092429282,10800.0,10756.105343421623,10
2025-10-16,M1,40965.036791255516,0.0,2793.5265965911226,43758.56338784664,43758.56338784664,0.0,1736.345829127934,664.1627037604114,3776.464570878666,47535.0279587253,65385.30188587461,67121.64771500253,580.825100093856,13.458247095397837,22029.20489817457,17804.150776600865,10756.105343421623,10800.0,12
2025-10-17,M1,13251.928447514192,0.0,0.0,13251.928447514192,13251.928447514192,0.0,0.0,144.10550203946323,583.9298374109612,13835.858284925154,32308.95470223574,32308.95470223574,379.7704022058309,12091.326718656534,21256.58139668802,17278.817629941845,10800.0,10732.237001528276,2
2025-10-18,M1,13200.731307486702,0.0,265.1065714685772,13465.837878955283,13465.837878955283,0.0,274.6929306916023,0.0,0.0,13465.837878955283,32331.0779823082,32605.770912999804,102.10627827267103,12329.313149228774,21338.413013473128,17240.654794641436,10732.237001528276,10780.525608496946,0
2025-10-19,M1,42078.68101578559,0.0,2259.9574907634506,44338.63850654904,44338.63850654904,0.0,1207.251761262719,883.470373513545,5050.359247862067,49388.9977544111,66831.94689545242,68039.19865671513,849.2280302684909,0.0,22091.244295719327,17903.525829092476,10780.525608496946,10769.838997874918,11
2025-10-20,M1,43439.987388454465,0.0,0.0,43439.987388454465,43439.987388454465,0.0,0.0,969.754708266496,5437.254967826353,48877.24235628082,69048.86457534553,69048.86457534553,1444.3494629076085,0.0,22078.72619179057,17945.23873775282,10769.838997874918,10701.538417427735,12
2025-10-21,M1,43864.90754199516,0.0,1488.3886984901942,45353.296240485346,45353.296240485346,0.0,1386.1888075583865,459.4863419951748,2592.267342357814,47945.56358284316,69231.26421973186,70617.45302729023,389.61551568511635,0.0,22352.59580186092,18127.853298260616,10701.538417427735,10676.815418812985,11
2025-10-22,M1,43678.8682636733,0.0,955.2776614291828,44634.145925102486,44634.145925102486,0.0,659.4855694865299,1043.069803677657,6001.242615423415,50635.3885405259,69056.99794125167,69716.4835107382,960.5569134245181,0.0,22583.337413551984,18339.237712560644,10676.815418812985,10624.888299275715,11
2025-10-23,M1,46049.57425004458,0.0,224.26996222033358,46273.844212264914,46273.844212264914,0.0,122.69752184114782,155.48445577539053,1000.542472914638,47274.386685179554,73295.50159510947,73418.19911695062,4617.990040836193,1452.4788360140485,21455.774059412248,17332.05639686982,10624.888299275715,10677.244511780276,1
2025-10-24,M1,13118.171533012703,0.0,443.29420576567,13561.465738778372,13561.465738778372,0.0,445.85110978189886,446.63615499818553,1999.014856970258,15560.48059574863,32674.713709929623,33120.56481971152,71.56107775854957,10930.700566666665,21463.114267874134,17318.22565425631,10677.244511780276,10751.574403693328,7
2025-10-25,M1,12827.42139280197,0.0,548.909882771964,13376.331275573932,13376.331275573932,0.0,549.506110870363,542.4642710768874,2201.634528517031,15577.965804090964,32248.831064906717,32798.33717577708,78.61054090413006,9791.300334133146,21714.155332249014,17641.69749376566,10751.574403693328,10692.428098533383,6
2025-10-26,M1,45057.74865593634,0.0,483.4733944397601,45541.22205037611,45541.22205037611,0.0,261.2970998309858,143.8222538842403,802.6732793921559,46343.89532976827,70706.35684876083,70967.65394859182,1403.0859891444015,1052.1555758038348,21270.63523781947,17158.71261695831,10692.428098533383,10770.763571506115,7
2025-10-27,M1,43252.47657453851,0.0,2439.4489273446184,45691.925501883125,45691.925501883125,0.0,2244.876648434611,377.85969824109713,2219.6673789460456,47911.59288082917,68447.45827790382,70692.33492633842,2275.637410295496,1194.5564833333328,21851.005577950917,17803.58651366689,10770.763571506115,10654.905798698732,8
2025-10-28,M1,44659.165766115824,0.0,1849.5906136961005,46508.75637981193,46508.75637981193,0.0,1796.076876198526,207.54345354175967,1177.6027566984494,47686.35913651038,69492.47351076159,71288.55038696011,1157.6433933493329,0.0,22291.81034727056,17925.781600118018,10654.905798698732,10800.0,6
2025-10-29,M1,46409.858129890665,0.0,2122.674470813158,48532.53260070383,48532.53260070383,0.0,1742.6078044670212,712.6923594862783,4013.3919566467443,52545.924557350576,71731.21741694829,73473.82522141532,637.2981326348367,0.0,22513.94486503178,18276.982216765016,10800.0,10754.792359900806,11
2025-10-30,M1,45744.480421556524,0.0,581.3439692008122,46325.824390757334,46325.824390757334,0.0,376.9286601686035,127.93587885526956,669.182576152744,46995.00696691008,70304.86881512548,70681.79747529408,924.5991405457933,982.5457158931222,21914.186619503154,17799.415771792723,10754.792359900806,10700.4316821284,6
2025-10-31,M1,13963.091448376656,0.0,198.83715883479496,14161.92860721145,14161.92860721145,0.0,179.95879479923593,74.04321312290381,344.11099289376216,14506.039600105212,33936.779810730084,34116.73860552932,221.49447125520805,5928.435665833664,21475.21521285217,17338.655597955483,10700.4316821284,10762.95248707816,3
2025-11-01,M1,13864.239184435557,0.0,160.75653958662633,14024.995724022183,14024.995724022183,0.0,172.57499376992473,0.0,0.0,14024.995724022183,34069.29544596301,34241.870439732935,493.30986612715816,7119.2909708787865,21325.72846191586,17240.4972925222,10762.95248707816,10800.0,0
2025-11-02,M1,47141.328015237705,0.0,1738.1342262121507,48879.462241449866,48879.462241449866,0.0,1840.5119596609643,700.2727332458586,4047.7498283090677,52927.212069758934,72758.80774740278,74599.31970706375,2069.895683513294,0.0,23445.93184722045,19012.61902375747,10800.0,10776.206413879001,7
2025-11-03,M1,49064.65258969819,0.0,501.17865288255064,49565.83124258074,49565.83124258074,0.0,294.2885066981322,0.0,0.0,49565.83124258074,74861.4730232317,75155.76152992983,1016.3134184856817,530.70245,21486.321845273244,17382.50646716242,10776.206413879001,10800.0,0
2025-11-04,M1,47425.53786117725,0.0,1120.2173405682743,48545.75520174553,48545.75520174553,0.0,804.7005807230823,561.4100602076528,3483.561912892549,52029.31711463808,72843.74590642391,73648.44648714698,1602.934020132904,787.2475499999998,22433.37689428679,18193.773950398383,10800.0,10774.734815526564,6
2025-11-05,M1,49526.26508302415,0.0,496.2928990546656,50022.5579820788,50022.5579820788,0.0,288.34011233324037,409.38825963293624,2258.1763626932507,52280.73434477205,74996.9313634932,75285.27147582645,1449.7357993248165,306.18319300331405,22710.33566346426,18449.614986999663,10774.734815526564,10714.464704866996,7
2025-11-06,M1,48552.40547959194,0.0,2506.2789228892398,51058.68440248118,51058.68440248118,0.0,2060.8784374582665,1461.9214574562898,8058.651586524986,59117.33598900617,73077.85905905112,75138.73749650938,1078.3685096067056,0.0,22158.70557679427,18005.999682435304,10714.464704866996,10650.63341016483,16
2025-11-07,M1,14459.923171505208,0.0,125.08736986447012,14585.010541369678,14585.010541369678,0.0,86.00508321630166,204.64878907954656,994.6979335447247,15579.708474914403,35077.896665448934,35163.90174866524,590.8452942419729,7227.335758641975,21565.672477241358,17333.764775713855,10650.63341016483,10800.0,3
2025-11-08,M1,14594.707945676884,0.0,0.0,14594.707945676884,14594.707945676884,0.0,0.0,0.0,0.0,14594.707945676884,34983.57007186248,34983.57007186248,317.22830389625796,6883.407451101866,21009.090615075584,17017.363398211222,10800.0,10800.0,0
2025-11-09,M1,49664.10192490943,0.0,1917.591134019858,51581.69305892929,51581.69305892929,0.0,1134.5904038181625,129.97493781230457,675.5996582881749,52257.29271721747,75065.40978109186,76200.00018491002,764.9827713932232,0.0,22414.229539932792,18196.054371937003,10800.0,10754.968394898397,5
2025-11-10,M1,50612.79348346051,0.0,3287.3327163014155,53900.12619976192,53900.12619976192,0.0,2446.613542202746,628.3193045664163,3521.383050782581,57421.509250544506,75952.17129159496,78398.7848337977,715.5361253766724,0.0,23426.42342565174,18973.29851266429,10754.968394898397,10757.306686135753,8
2025-11-11,M1,51129.22778339577,0.0,657.8521008964727,51787.079884292216,51787.079884292216,0.0,411.78032988084453,85.76778255799832,420.1736998991982,52207.253584191414,76590.25018507511,77002.03051495596,1211.0557979486618,168.91444392177186,22459.17770060918,18310.36931163232,10757.306686135753,10625.71182598144,4
2025-11-12,M1,50287.359035453825,0.0,1880.5550091119935,52167.91404456582,52167.91404456582,0.0,1527.5070429681018,220.96413638267384,1383.2432388713241,53551.15728343715,76221.7295892524,77749.2366322205,2483.552636015298,0.0,23396.917776656108,18866.257394068227,10625.71182598144,10720.429609340577,3
2025-11-13,M1,50551.977061125464,0.0,2442.1322423431407,52994.10930346859,52994.10930346859,0.0,1762.980892727112,226.27657028644813,1470.4343507535405,54464.54365422213,75024.64556543445,76787.62645816155,263.10161416919414,84.13110951729709,22106.17123248153,17835.37224438669,10720.429609340577,10798.903447033195,2
2025-11-14,M1,14035.115310123374,0.0,661.0999605205702,14696.215270643937,14696.215270643937,0.0,606.5294381574759,167.3182386551901,779.1428332845065,15475.358103928444,34493.11828165731,35099.64771981479,242.18624042295096,3434.376152627772,21233.726199505832,17241.777934086575,10798.903447033195,10751.725988714476,5
2025-11-15,M1,14712.44929611163,0.0,660.1293173683778,15372.578613480006,15372.578613480006,0.0,667.0933133074291,325.66050711881746,1381.7300497389006,16754.308663218908,34623.477150626226,35290.57046393366,335.8321054722575,2972.6799366255163,21567.414545453204,17471.582533165165,10751.725988714476,10749.529598327728,6
2025-11-16,M1,52180.11485557669,0.0,3344.967961341621,55525.08281691834,55525.08281691834,0.0,2237.2274793898982,22.50397663978672,132.3346346302658,55657.4174515486,77450.0697134618,79687.29719285169,1116.5300782457452,0.0,22182.154226518585,18023.427518606175,10749.529598327728,10687.437825965375,1
2025-11-17,M1,52122.69117459587,0.0,2258.545964660492,54381.23713925637,54381.23713925637,0.0,2061.6115297184606,0.0,0.0,54381.23713925637,77500.50219301862,79562.1137227371,2451.674300779077,52.79933619923236,22502.12592709748,18140.240174672035,10687.437825965375,10783.528744050851,0
2025-11-18,M1,52542.464505483746,0.0,2793.5829804696955,55336.04748595344,55336.04748595344,0.0,1883.537964704379,69.18556154296914,333.359456592701,55669.406942546135,77366.1397252352,79249.67768993958,161.1209790765182,0.0,22865.0409797077,18597.850540635,10783.528744050851,10697.787247304454,4
2025-11-19,M1,53134.968082636326,0.0,4984.0134583787785,58118.98154101513,58118.98154101513,0.0,3877.62348727453,289.01019261364695,1615.7485815386917,59734.73012255382,77323.97218420941,81201.59567148396,1748.1029308618945,105.0795333333333,22434.336820824552,18165.22502092217,10697.787247304454,10705.107029466357,7
2025-11-20,M1,52774.15233324383,0.0,2049.2915836865986,54823.44391693043,54823.44391693043,0.0,1436.7104309679214,215.81291041851648,1182.2593778368143,56005.70329476725,78119.98067337429,79556.6911043422,688.6731007725841,0.0,22549.848230052863,18259.09334939806,10705.107029466357,10712.088937182767,6
2025-11-21,M1,14848.822310845682,0.0,1246.3286189932207,16095.150929838903,16095.150929838903,0.0,1180.3627635455086,0.0,0.0,16095.150929838903,35319.877135721,36500.23989926651,519.9774404865467,3038.5684478163566,21043.105198744346,16965.795254447406,10712.088937182767,10800.0,0
2025-11-22,M1,15359.102944043558,0.0,599.4943395309589,15958.597283574514,15958.597283574514,0.0,581.419599845807,127.41384702590148,566.637450567261,16525.234734141774,35688.46934616692,36269.88894601274,245.71110106321032,1930.709175147897,21454.00933529554,17452.956301801343,10800.0,10716.434733097825,5
2025-11-23,M1,53941.4628118439,0.0,2381.5592776946983,56323.0220895386,56323.0220895386,0.0,1676.9752385388535,195.88141627151504,1093.3987744541398,57416.42086399274,79271.89704397232,80948.87228251116,1537.1982828219373,0.0,22632.89680218663,18257.43766955921,10716.434733097825,10800.0,5
2025-11-24,M1,53122.622237024974,0.0,511.7060943209012,53634.32833134588,53634.32833134588,0.0,315.5592179811649,304.3341964256732,1854.0643393097757,55488.39267065566,78155.35247998341,78470.91169796456,478.38925489572443,94.8864000000001,22306.37899317425,18266.352453679734,10800.0,10579.793923101566,7
2025-11-25,M1,55655.67754616625,0.0,57.86026087100972,55713.53780703726,55713.53780703726,0.0,31.439813552318697,118.31432018550818,657.3897012204424,56370.9275082577,81752.3662962503,81783.80610980262,1079.6833415763267,100.00658333333354,23281.537694216644,18727.76765580484,10579.793923101566,10724.547119224497,5
2025-11-26,M1,55574.71376262401,0.0,1474.4257512791655,57049.139513903174,57049.139513903174,0.0,1080.7193208303297,32.99316666666664,177.73418883333318,57226.873702736506,80723.5066973134,81804.22601814373,656.786267567021,0.0,22920.30758532675,18497.541551416714,10724.547119224497,10800.0,1
2025-11-27,M1,55331.04290834978,0.0,2551.0200831864136,57882.0629915362,57882.0629915362,0.0,1792.505279026483,55.10831684486482,355.22821038199857,58237.2912019182,80150.6427187261,81943.14799775259,1867.8582955529673,77.08986666666658,22486.39694233939,18213.981523294908,10800.0,10800.0,1
2025-11-28,M1,14821.896387362856,0.0,547.4263404161337,15369.322727778985,15369.322727778985,0.0,525.3848790571957,183.29324107614727,818.6397098886871,16187.962437667671,35876.59515127982,36401.980030337014,324.75293988739,1239.4502782691047,21578.06054345614,17478.22904019947,10800.0,10800.0,3
2025-11-29,M1,15839.14575033154,0.0,966.0902473457764,16805.23599767732,16805.23599767732,0.0,1143.073695101256,47.53750920398825,205.8341053494966,17011.070103026814,37691.5300531956,38834.60374829685,212.03804087479824,0.0,20692.49940277812,16951.84628615207,10800.0,10587.864700109116,3
2025-11-30,M1,57930.45890321325,0.0,2843.073606522167,60773.53250973542,60773.53250973542,0.0,1789.5018426208699,65.72388900785393,434.1391488413791,61207.6716585768,83157.1596221664,84946.66146478728,312.3406687918665,0.0,22883.472879199537,18428.256310862933,10587.864700109116,10707.149945985437,1
2025-12-01,M1,62047.2352451866,0.0,11780.83630283594,73828.07154802255,73828.07154802255,0.0,7613.622150136741,1646.656991430237,10417.594297803453,84245.665845826,84228.95819959513,91842.58034973187,2676.6215541763213,0.0,23316.43686862817,18802.748814975712,10707.149945985437,10800.0,11
2025-12-02,M1,65341.18631937546,0.0,10291.056251214062,75632.24257058953,75632.24257058953,0.0,6537.221534806235,1102.2740918073614,7665.708741436715,83297.95131202624,87331.98940411644,93869.21093892268,1778.625998715316,0.0,23973.94253691968,19418.89345490494,10800.0,10800.0,8
2025-12-03,M1,67569.98817085849,0.0,6399.003441599075,73968.9916124575,73968.9916124575,0.0,4328.438068578758,19.607955587667448,139.14785682788204,74108.13946928538,90317.1772040884,94645.61527266716,3025.6078951597956,0.0,23562.45666541248,19085.589898984115,10800.0,10800.0,1
2025-12-04,M1,69372.70016580651,0.0,3283.0441533691906,72655.74431917572,72655.74431917572,0.0,2157.102863122839,259.76744491209774,1792.8961057781546,74448.64042495388,92464.04470535123,94621.14756847407,3745.729541212688,0.0,22968.298537755185,18604.321815581705,10800.0,10800.0,3
2025-12-05,M1,19385.923164317614,0.0,2150.653736991909,21536.576901309516,21536.576901309516,0.0,2594.8478258304076,469.3622597361167,2288.048658016382,23824.625559325897,44109.97832017293,46704.82614600334,1851.4335404825688,26.531497198877673,20971.55623539307,16986.960550668395,10800.0,10800.0,5
2025-12-06,M1,20800.13254390099,0.0,3045.0198954824673,23845.15243938346,23845.15243938346,0.0,3640.7562294582704,2.2950968709128574,11.756633721251111,23856.90907310471,45565.43309007668,49206.189319534955,1439.6696745375534,116.41377032171295,20988.263973052293,17000.493818172363,10800.0,10800.0,1
2025-12-07,M1,73298.69631943616,0.0,12.99986809704862,73311.6961875332,73311.6961875332,0.0,6.297470375937905,24.548135287347577,177.21298863936215,73488.90917617257,96716.5319851774,96722.82945555332,4823.525831361512,0.0,22479.844786732498,18208.67427725333,10800.0,10800.0,1
2025-12-08,M1,76359.69688799587,0.0,0.0,76359.69688799587,76359.69688799587,0.0,0.0,0.0,0.0,76359.69688799587,101085.32336544353,101085.32336544353,8917.307103161465,0.0,22741.07971376529,18420.27456814988,10800.0,10800.0,0
2025-12-09,M1,73629.70797348341,0.0,0.0,73629.70797348341,73629.70797348341,0.0,0.0,79.69273598829318,586.9182513154717,74216.62622479888,98997.55871502229,98997.55871502229,7283.064465969372,0.0,23188.06693881338,18782.33422043884,10800.0,10800.0,3
2025-12-10,M1,70635.45587156384,0.0,1249.4044156664002,71884.86028723023,71884.86028723023,0.0,967.7782035745001,65.67779356867814,381.7959980285557,72266.65628525878,94330.43903049268,95298.21723406718,2349.4086550892544,0.0,24351.936346736533,19725.068440856587,10800.0,10800.0,2
2025-12-11,M1,69302.71477191446,0.0,0.0,69302.71477191446,69302.71477191446,0.0,0.0,30.088760693825748,214.2018873793455,69516.9166592938,94579.6970698374,94579.6970698374,4250.564014206253,0.0,23147.195349078887,18749.228232753903,10800.0,10800.0,1
2025-12-12,M1,21013.714591023167,0.0,1608.8864273571814,22622.60101838035,22622.60101838035,0.0,2002.4278576554188,0.0,0.0,22622.60101838035,46957.58452238181,48960.012380037224,836.9810694566094,410.2685253361577,21043.943694269117,17045.594392357983,10800.0,10800.0,0
2025-12-13,M1,21417.76304909487,0.0,1158.8420259023221,22576.60507499719,22576.60507499719,0.0,1381.535076891733,0.0,0.0,22576.60507499719,47495.48918721745,48877.024264109175,980.7727806960586,0.0,21566.937368841012,17469.219268761226,10800.0,10800.0,0
2025-12-14,M1,68125.74640026348,0.0,4049.4984150506075,72175.24481531403,72175.24481531403,0.0,2697.2471129630558,488.2850949797484,3357.7828061670475,75533.02762148107,91108.2749393914,93805.52205235446,927.1645972361445,0.0,24146.951316305684,19559.030566207613,10800.0,10800.0,4
2025-12-15,M1,70005.68280282489,0.0,2355.1928367187484,72360.87563954364,72360.87563954364,0.0,1485.7493183039396,227.70852123497542,1570.0754584554957,73930.95109799913,93601.94604497669,95087.69536328064,1243.1743247567997,0.0,24224.587332063973,19621.915738971824,10800.0,10800.0,3
2025-12-16,M1,70446.85332907205,0.0,923.713910839513,71370.56723991157,71370.56723991157,0.0,604.286066027688,150.55029329956744,936.9473171341655,72307.51455704574,94247.56145665434,94851.84752268202,1137.6413818593323,0.0,24142.035387460135,19695.370286671212,10800.0,10644.087085746109,9
2025-12-17,M1,69307.55959051673,0.0,599.9827188034972,69907.54230932021,69907.54230932021,0.0,321.89537865595435,355.33215220978497,2487.064586246578,72394.60689556679,93267.31132517534,93589.20670383127,1067.7306340026523,0.0,24176.391576875627,19491.430421503876,10644.087085746109,10745.694592152096,7
2025-12-18,M1,67135.54493798301,0.0,2780.072987290091,69915.61792527315,69915.61792527315,0.0,1765.8506281109094,243.61091043326888,1539.4630443360143,71455.08096960916,91101.67116664033,92867.52179475123,1084.2297866027543,0.0,24918.76968318237,20258.133731267284,10745.694592152096,10663.549827830362,8
2025-12-19,M1,20231.688177660068,0.0,1713.0178482251838,21944.706025885247,21944.706025885247,0.0,1972.9213105894924,343.65158798378894,1833.2233500353127,23777.92937592056,45733.927356388616,47706.848666978105,310.6262373393824,881.6171502256026,21165.61437438048,17215.748806983567,10663.549827830362,10583.992979235498,5
2025-12-20,M1,20814.290768688836,0.0,157.8921043358298,20972.182873024663,20972.182873024663,0.0,119.09925130402593,179.88198294450433,940.7185174416027,21912.901390466264,47106.92854677727,47226.0277980813,207.55635501648982,218.46221644129923,21688.18097604642,17564.642016478407,10583.992979235498,10587.086950479046,5
2025-12-21,M1,69092.31150527601,0.0,2328.1770434822447,71420.48854875828,71420.48854875828,0.0,1651.4237106024507,272.000264164595,1941.3053337512456,73361.79388250952,92995.68194889853,94647.10565950099,999.1063539931006,0.0,24924.997451130163,20042.77974812434,10587.086950479046,10749.829380802483,4
2025-12-22,M1,69198.06865309976,0.0,1946.3309769737075,71144.39963007349,71144.39963007349,0.0,1208.9871023978915,481.33552027306246,3213.7677464475337,74358.16737652101,92356.99469830966,93565.98180070755,472.96951913821,0.0,24546.13899337101,19909.218274861923,10749.829380802483,10720.000836100913,10
2025-12-23,M1,69205.99806098254,0.0,513.0245315688874,69719.02259255141,69719.02259255141,0.0,248.80403562746426,113.14264100317068,820.8472502511515,70539.86984280257,92943.75561086278,93192.55964649025,1471.0477704536725,0.0,24347.227981926306,19770.665998219883,10720.000836100913,10665.099355145829,2
2025-12-24,M1,67436.63494637818,0.0,2320.442748173293,69757.07769455144,69757.07769455144,0.0,1263.9646099438928,357.34485917028144,2537.2311613669685,72294.30885591841,91558.148708998,92822.11331894188,677.2682252759739,0.0,24357.009647400202,19709.379011230667,10665.099355145829,10687.098025327503,7
2025-12-25,M1,66545.71409076426,0.0,3079.4942405725483,69625.20833133678,69625.20833133678,0.0,2106.526551186256,529.5718507066233,3838.6770331769358,73463.88536451371,90201.18289380966,92307.70944499591,286.1393346477415,0.0,24864.425227722328,20125.731800000867,10687.098025327503,10703.15650805442,9
2025-12-26,M1,20171.596545301913,0.0,2176.702434737543,22348.298980039457,22348.298980039457,0.0,1978.696097770043,0.0,0.0,22348.298980039457,45451.950315283655,47430.64641305369,286.66793396888335,0.0,21518.66302355002,17382.306977798537,10703.15650805442,10756.278809473273,0
2025-12-27,M1,20121.578453004757,0.0,1238.941317960137,21360.5197709649,21360.5197709649,0.0,1160.7711949240318,155.56347823611782,874.8890015999267,22235.408772564828,46225.47005070179,47386.24124562582,252.90066525715122,0.0,21107.642092126276,17157.547100188156,10756.278809473273,10689.21546995564,1
2025-12-28,M1,68016.48495126396,0.0,1106.9735713172283,69123.45852258122,69123.45852258122,0.0,627.4192381711548,267.8076216903098,1668.7259061605334,70792.18442874175,92452.68889111382,93080.10812928498,1955.0210495619326,0.0,23740.43097986412,19156.79102845076,10689.21546995564,10770.279986888061,10
2025-12-29,M1,67673.08701032928,0.0,1344.077815083817,69017.16482541311,69017.16482541311,0.0,1006.7257258615584,251.14629011961767,1616.7208293749973,70633.88565478812,91918.20272326263,92924.92844912421,1213.2778164043286,0.0,23956.056931607705,19517.026275434877,10770.279986888061,10645.1464748518,9
2025-12-30,M1,65914.94163662726,0.0,1710.232896189096,67625.17453281632,67625.17453281632,0.0,1146.44839668669,858.8300338302754,5811.418641538847,73436.59317435516,90804.12093209958,91950.56932878627,1911.558987458764,0.0,24376.047342984653,19702.60956782686,10645.1464748518,10691.80067484148,10
2025-12-31,M1,66718.68421950773,0.0,3256.818200873341,69975.50242038109,69975.50242038109,0.0,2001.23184363683,953.629952986993,6495.659243989492,76471.16166437058,90647.5662727735,92648.79811641034,396.39803126509014,0.0,24565.715126867675,20006.10802206877,10691.80067484148,10571.935375612642,12
2025-02-01,M2,19849.147806321227,0.0,0.0,19849.147806321227,19849.147806321227,0.0,0.0,0.0,0.0,19849.147806321227,46709.5607313299,46709.5607313299,4924.391794313079,3828.0905568312464,18836.328667643385,15257.426220791143,10800.0,10800.0,0
2025-02-02,M2,65345.80357355656,0.0,0.0,65345.80357355656,65345.80357355656,0.0,0.0,0.0,0.0,65345.80357355656,93427.17450492359,93427.17450492359,10672.534678838161,59.174066666666704,22837.830575888234,18498.64276646947,10800.0,10800.0,0
2025-02-03,M2,65946.84920778115,0.0,0.0,65946.84920778115,65946.84920778115,0.0,0.0,0.0,0.0,65946.84920778115,92470.40431041022,92470.40431041022,8203.91096235919,0.0,21313.562358163334,17263.985510112307,10800.0,10800.0,0
2025-02-04,M2,65529.8892187546,0.0,0.0,65529.8892187546,65529.8892187546,0.0,0.0,0.0,0.0,65529.8892187546,92329.48479498364,92329.48479498364,6532.558382120896,0.0,24221.381383488268,19619.318920625505,10800.0,10800.0,0
2025-02-05,M2,61337.09871687888,0.0,1448.3005961549834,62785.39931303388,62785.39931303388,0.0,1083.9788362678448,40.53501057177823,251.68969256026804,63037.08900559415,87416.41509548764,88500.39393175546,3185.8313792020167,0.0,24245.63463048364,19638.964050691742,10800.0,10800.0,2
2025-02-06,M2,62949.34883842624,0.0,272.51113659730686,63221.85997502355,63221.85997502355,0.0,203.20785584110172,40.8123929651216,290.7527315803087,63512.61270660386,89360.08619186474,89563.29404770586,4755.37392931284,0.0,24093.027866797245,19515.352572105774,10800.0,10800.0,2
2025-02-07,M2,17317.48990178298,0.0,38.36531785802959,17355.85521964101,17355.85521964101,0.0,42.60712200811054,32.0580272667699,135.79780350203728,17491.653023143048,41521.41299374728,41564.0201157554,1884.2500769402996,4133.254069054926,19961.56372673911,16188.669396378835,10800.0,10777.99691364427,1
2025-02-08,M2,14928.425868084292,0.0,1049.3879450149325,15977.813813099228,15977.813813099228,0.0,1026.7406545546423,35.24736136835213,174.93265447113163,16152.74646757036,36684.23850915326,37710.9791637079,447.99912931582446,1431.8941520708674,22470.35657527759,18181.18604825469,10777.99691364427,10800.0,1
2025-02-09,M2,57353.10694913305,0.0,3571.3733481143995,60924.48029724745,60924.48029724745,0.0,2705.182705059748,2.823969579737195,13.845922849451469,60938.326220096904,83285.21245873527,85990.39516379504,1577.1008787713688,0.0,25582.64362071967,20721.941332782935,10800.0,10800.0,1
2025-02-10,M2,57642.19847568373,0.0,623.8020756160773,58266.00055129979,58266.00055129979,0.0,434.8043325289092,0.0,0.0,58266.00055129979,84978.41071231157,85413.21504484047,6749.994044682931,328.1247000000001,21097.151141180042,17088.69242435584,10800.0,10800.0,0
2025-02-11,M2,57323.37582318229,0.0,480.5748467950916,57803.95066997738,57803.95066997738,0.0,332.62197713243097,16.44183956837901,85.00859925200149,57888.95926922938,84074.34479286661,84406.96676999904,4608.984167749807,148.03829999999994,23398.889518338372,18953.100509854088,10800.0,10800.0,2
2025-02-12,M2,58028.690607900375,0.0,25.39161949464587,58054.08222739505,58054.08222739505,0.0,21.69437519943881,0.0,0.0,58054.08222739505,85313.22837524611,85334.92275044553,5512.429450485673,163.38428333333331,23117.75201733257,18725.37913403938,10800.0,10800.0,0
2025-02-13,M2,57416.721182738256,0.0,249.9989075819432,57666.72009032021,57666.72009032021,0.0,169.4728649980799,0.0,0.0,57666.72009032021,84922.85700248598,85092.32986748405,9549.777986702724,558.6377833333336,19233.86884621759,15579.433765436253,10800.0,10800.0,0
2025-02-14,M2,16142.982801731296,0.0,349.8842167130333,16492.867018444325,16492.867018444325,0.0,349.8882916576929,0.0,0.0,16492.867018444325,38781.330505992555,39131.21879765025,2053.5263691864548,3223.8530269128278,21326.51360465421,17274.476019769907,10800.0,10800.0,0
2025-02-15,M2,16342.466180770873,0.0,147.86386258559457,16490.330043356462,16490.330043356462,0.0,142.8626940184771,0.0,0.0,16490.330043356462,38075.73085713405,38218.593551152524,1596.335839084722,3508.022421179101,20179.706267835296,16345.562076946595,10800.0,10800.0,0
2025-02-16,M2,58563.06785700643,0.0,0.0,58563.06785700643,58563.06785700643,0.0,0.0,0.0,0.0,58563.06785700643,85327.37979675163,85327.37979675163,5838.930300121394,84.837067107047,21190.70173433262,17164.468404809428,10800.0,10800.0,0
2025-02-17,M2,57821.22127932597,0.0,4.319421467012728,57825.540700792975,57825.540700792975,0.0,3.5445769465064245,0.0,0.0,57825.540700792975,85269.19851983106,85272.74309677756,9310.929028919547,882.1082833333332,20504.43483083168,16608.592212973665,10800.0,10800.0,0
2025-02-18,M2,53858.17486095618,0.0,813.5007947226499,54671.67565567885,54671.67565567885,0.0,615.3729876383038,0.0,0.0,54671.67565567885,80552.37504147319,81167.74802911149,4875.738224124832,241.45472736625413,20837.72260151093,16878.555307223854,10800.0,10800.0,0
2025-02-19,M2,53107.38475349067,0.0,1444.3424233493502,54551.72717684004,54551.72717684004,0.0,1187.113942975845,150.24329243713515,745.2590643390834,55296.986241179125,80046.08735982399,81233.20130279983,4203.768850862145,0.0,22633.41242653418,18333.064065492694,10800.0,10800.0,5
2025-02-20,M2,54823.7102376229,0.0,67.44353315327484,54891.153770776174,54891.153770776174,0.0,47.43585502515907,17.859091274797947,100.1984315972539,54991.352202373426,81864.81317611854,81912.2490311437,6535.752917668558,391.814483333333,21102.14204254355,17092.735054460278,10800.0,10800.0,1
2025-02-21,M2,16138.59134799369,0.0,97.85472206478828,16236.44607005848,16236.44607005848,0.0,96.15744290695939,0.0,0.0,16236.44607005848,37897.97309117725,37994.13053408421,2170.0248549821417,6573.337198356533,19423.718144274768,15733.211696862561,10800.0,10800.0,0
2025-02-22,M2,16295.060432684626,0.0,118.13298108279554,16413.193413767418,16413.193413767418,0.0,113.46078301192449,0.0,0.0,16413.193413767418,37924.23618787676,38037.69697088869,2089.1611804674744,4234.841524859817,20362.796748568755,16493.865366340688,10800.0,10800.0,0
2025-02-23,M2,54330.77900657088,0.0,392.59660110492547,54723.37560767582,54723.37560767582,0.0,321.1568972660259,0.0,0.0,54723.37560767582,81636.12971597505,81957.2866132411,5854.222944473588,417.62383333333355,21860.97974789913,17707.393595798298,10800.0,10800.0,0
2025-02-24,M2,52393.50611063335,0.0,0.0,52393.50611063335,52393.50611063335,0.0,0.0,10.398798714206578,53.13266203023851,52446.63877266359,79030.70497618789,79030.70497618789,5858.239075601206,1068.8422666245056,20584.151663209046,16673.16284719933,10800.0,10800.0,1
2025-02-25,M2,51259.52066582213,0.0,426.2591502480041,51685.77981607011,51685.77981607011,0.0,313.33252038362497,18.78590483431833,96.40926360972166,51782.18907967983,79012.58513164945,79325.91765203307,7875.5165680472055,1787.5233880938167,20317.580881015972,16457.240513622943,10800.0,10800.0,1
2025-02-26,M2,48756.66505576971,0.0,1674.0937055620188,50430.75876133172,50430.75876133172,0.0,1585.7005837845861,0.0,0.0,50430.75876133172,74956.29223839662,76541.9928221812,3048.2799527467278,442.24347414613067,22298.007168184315,18061.385806229293,10800.0,10800.0,0
2025-02-27,M2,47464.39621851665,0.0,293.4381724659495,47757.834390982614,47757.834390982614,0.0,244.7203449890473,825.8592729446374,4366.7869389141215,52124.621329896734,75032.04868018925,75276.7690251783,4319.847750558367,506.56359999999825,22734.90919770834,18415.276450143763,10800.0,10800.0,6
2025-02-28,M2,14781.385044916531,0.0,51.91344451596905,14833.2984894325,14833.2984894325,0.0,48.76281826082874,0.0,0.0,14833.2984894325,36449.88246870523,36498.645286966064,2360.120358412074,6982.952430794481,20331.46814610271,16468.489198343203,10800.0,10800.0,0
2025-03-01,M2,15185.887202149608,0.0,0.0,15185.887202149608,15185.887202149608,0.0,0.0,0.0,0.0,15185.887202149608,36714.167324380585,36714.167324380585,1715.3319526310904,7705.260199185196,19130.574943320935,15495.765704089963,10800.0,10800.0,0
2025-03-02,M2,50698.89472886673,0.0,2969.3808401644797,53668.275569031204,53668.275569031204,0.0,1798.1348642742387,0.0,0.0,53668.275569031204,77619.33913988188,79417.4740041561,2927.7732775333234,0.0,21744.177157663842,17612.78349770771,10800.0,10800.0,0
2025-03-03,M2,52902.91474468423,0.0,398.40129046960624,53301.316035153846,53301.316035153846,0.0,216.69585457189004,0.0,0.0,53301.316035153846,80333.66846061885,80550.36431519075,3907.4496932882694,184.4892666666666,23375.151167907763,18933.872446005284,10800.0,10800.0,0
2025-03-04,M2,51282.669242145406,0.0,343.0902037961568,51625.75944594157,51625.75944594157,0.0,242.06301581993472,0.0,0.0,51625.75944594157,78079.31557317074,78321.37858899067,4557.09908932593,600.6831000000002,20863.886664902144,16899.748198570735,10800.0,10800.0,0
2025-03-05,M2,49775.10704949845,0.0,0.0,49775.10704949845,49775.10704949845,0.0,0.0,0.0,0.0,49775.10704949845,77838.55732118685,77838.55732118685,7007.075372913007,625.9976666666664,21447.432973371084,17372.420708430574,10800.0,10800.0,0
2025-03-06,M2,46458.7895939769,0.0,954.0295185902705,47412.81911256719,47412.81911256719,0.0,572.5148988008334,0.0,0.0,47412.81911256719,73356.33394296885,73928.84884176968,3086.8121280559167,803.271483333333,21569.00577393211,17470.89467688501,10800.0,10800.0,0
2025-03-07,M2,13970.459047692433,0.0,0.0,13970.459047692433,13970.459047692433,0.0,0.0,0.0,0.0,13970.459047692433,34724.23192397351,34724.23192397351,1367.6713219385983,8777.217599991438,19247.6708879481,15590.613419237965,10800.0,10800.0,0
2025-03-08,M2,13253.82666013491,0.0,630.1755472756263,13884.002207410535,13884.002207410535,0.0,649.7771007004817,0.0,0.0,13884.002207410535,32769.28653639494,33419.063637095416,1438.5067531458699,8987.517809504956,20683.6818830417,16753.78232526377,10800.0,10800.0,0
2025-03-09,M2,45505.82126824507,0.0,623.1852693647181,46129.00653760978,46129.00653760978,0.0,438.6949302382868,0.0,0.0,46129.00653760978,73183.35970344584,73622.05463368412,4770.260053543474,1404.1482319222557,21653.269990623117,17539.148692404728,10800.0,10800.0,0
2025-03-10,M2,46029.613454420425,0.0,3157.2310833939596,49186.8445378144,49186.8445378144,0.0,2775.462403637971,0.0,0.0,49186.8445378144,71367.56024037284,74143.02264401081,1702.2966190815641,0.0,23150.81355225915,18752.15897732991,10800.0,10800.0,0
2025-03-11,M2,44529.722093420896,0.0,2792.3381012948016,47322.0601947157,47322.0601947157,0.0,2768.972846305611,0.0,0.0,47322.0601947157,70598.36715285818,73367.33999916379,4614.970274679324,936.4137430060181,20405.458849886567,16528.421668408122,10800.0,10800.0,0
2025-03-12,M2,45681.65740620895,0.0,217.82723265921172,45899.484638868154,45899.484638868154,0.0,151.55980275435695,0.0,0.0,45899.484638868154,72988.01732031009,73139.57712306445,5253.509465570184,1533.1465166666665,20617.823460496104,16700.437003001847,10800.0,10800.0,0
2025-03-13,M2,46158.214202436924,0.0,2547.994078219773,48706.2082806567,48706.2082806567,0.0,2366.1158963013277,0.0,0.0,48706.2082806567,72314.98336782822,74681.09926412955,2887.256341198554,0.0,22359.078454022805,18110.853547758466,10800.0,10800.0,0
2025-03-14,M2,13629.0162278482,0.0,42.19420708206137,13671.210434930263,13671.210434930263,0.0,43.76427968833468,0.0,0.0,13671.210434930263,33866.32574705716,33910.0900267455,2267.764971367921,11849.967817108172,19804.901341768767,16041.970086832702,10800.0,10800.0,0
2025-03-15,M2,13879.417184929784,0.0,168.07763378594785,14047.494818715735,14047.494818715735,0.0,173.62845077785948,0.0,0.0,14047.494818715735,33564.68423385267,33738.31268463053,1796.739325006019,7084.9327930246045,20697.449561052148,16764.934144452243,10800.0,10800.0,0
2025-03-16,M2,45331.72997191263,0.0,2070.144507129126,47401.874479041755,47401.874479041755,0.0,1949.9921058897298,1.6400000000001,8.081100000000493,47409.95557904176,72313.92724701564,74263.91935290537,6600.42418150815,322.9277000000001,21006.10809507313,17014.94755700924,10800.0,10800.0,1
2025-03-17,M2,44107.916562649276,0.0,410.1490794387295,44518.06564208801,44518.06564208801,0.0,314.80054440682096,0.0,0.0,44518.06564208801,71893.20014228269,72208.0006866895,8537.60868208946,2213.092833333333,18942.988094386215,15343.820356452838,10800.0,10800.0,0
2025-03-18,M2,44044.35414811847,0.0,281.0337968443734,44325.38794496284,44325.38794496284,0.0,255.12586450542625,0.0,0.0,44325.38794496284,71158.37877287836,71413.5046373838,5063.529407791183,1204.5485305832208,21155.096486014354,17135.628153671634,10800.0,10800.0,0
2025-03-19,M2,40860.309418341945,0.0,1657.8661265507017,42518.17554489265,42518.17554489265,0.0,1796.002352220528,332.60571129213383,1686.2677478042178,44204.443292696866,66442.90210705611,68238.90445927663,4186.857410114107,911.608412859444,21092.494197869608,17084.92030027439,10800.0,10800.0,3
2025-03-20,M2,42901.28857389893,0.0,789.3665419871855,43690.65511588612,43690.65511588612,0.0,620.8893513338595,0.0,0.0,43690.65511588612,69257.43952185723,69878.32887319109,3233.083697344171,404.89777367793374,21217.818871064803,17186.43328556248,10800.0,10800.0,0
2025-03-21,M2,12611.619246844119,0.0,356.90921551389584,12968.528462358012,12968.528462358012,0.0,350.1813707995759,0.0,0.0,12968.528462358012,32052.053042533444,32402.23441333302,2020.8704530945133,14415.471706644186,20696.988089092905,16764.560352165252,10800.0,10800.0,0
2025-03-22,M2,13339.133573665025,0.0,77.95981358572917,13417.093387250754,13417.093387250754,0.0,72.23406725496716,0.0,0.0,13417.093387250754,32831.559151810216,32903.79321906518,1798.650358926572,11449.43987221111,19865.80660312719,16091.303348533023,10800.0,10800.0,0
2025-03-23,M2,42342.53141040145,0.0,635.3204834701788,42977.851893871615,42977.851893871615,0.0,619.2977650508498,0.0,0.0,42977.851893871615,69360.3613403503,69979.65910540115,5146.800767302579,2116.1150166666666,20773.806340869716,16826.783136104474,10800.0,10800.0,0
2025-03-24,M2,40735.034912273455,0.0,1097.4589371318614,41832.4938494053,41832.4938494053,0.0,816.402482765109,0.0,0.0,41832.4938494053,66707.94708511168,67524.34956787678,3480.394288804742,2039.244787871119,21085.333725618886,17079.120317751298,10800.0,10800.0,0
2025-03-25,M2,42023.77243657452,0.0,516.6550123413181,42540.42744891581,42540.42744891581,0.0,367.45864713121256,0.0,0.0,42540.42744891581,68565.36503898888,68932.8236861201,2613.0323022263615,1327.2893137724968,21275.67028133986,17233.292927885286,10800.0,10800.0,0
2025-03-26,M2,39892.223910774446,0.0,820.9623966918347,40713.186307466305,40713.186307466305,0.0,812.4920392181236,0.0,0.0,40713.186307466305,65841.65221399265,66654.14425321078,5083.845618765851,2095.426483333334,20433.248865499616,16550.93158105469,10800.0,10800.0,0
2025-03-27,M2,40510.134947895,0.0,770.0259856141041,41280.160933509105,41280.160933509105,0.0,630.1023896182278,0.0,0.0,41280.160933509105,66713.4059981833,67343.50838780153,3642.2089604633575,1162.8984500000001,20112.692512306203,16291.280934968026,10800.0,10800.0,0
2025-03-28,M2,12603.016839327965,0.0,124.06627935115702,12727.08311867912,12727.08311867912,0.0,116.24201346981963,0.0,0.0,12727.08311867912,32020.1590821507,32136.401095620524,2038.9071547184135,15464.623409834121,20057.840865270096,16246.851100868771,10800.0,10800.0,0
2025-03-29,M2,12488.750993436839,0.0,194.24337770869724,12682.994371145533,12682.994371145533,0.0,199.58286724499678,0.0,0.0,12682.994371145533,31879.23197826942,32078.814845514415,1458.1846716550908,19120.07733837755,19964.96659025499,16171.622938106546,10800.0,10800.0,0
2025-03-30,M2,38331.209206666754,0.0,241.48125755324003,38572.690464219995,38572.690464219995,0.0,167.53992126062843,0.0,0.0,38572.690464219995,64443.364057637016,64610.903978897644,3367.6242345381743,2057.103015942541,20213.45804429968,16372.901015882746,10800.0,10800.0,0
2025-03-31,M2,37185.35589024558,0.0,3583.0179411921126,40768.373831437675,40768.373831437675,0.0,4573.917595929982,0.0,0.0,40768.373831437675,61035.369683510486,65609.28727944047,3456.484563266563,1287.8790666666673,20597.548243020618,16684.01407684671,10800.0,10800.0,0
2025-04-01,M2,41380.32167395773,0.0,2598.3420998087495,43978.66377376647,43978.66377376647,0.0,2501.3610592336145,0.0,0.0,43978.66377376647,66998.78547890174,69500.14653813536,4287.014675992209,1322.9585666666667,19375.37778320963,15694.056004399803,10800.0,10800.0,0
2025-04-02,M2,39901.86456573512,0.0,3020.422397659152,42922.28696339429,42922.28696339429,0.0,2986.741747660453,283.1768549052715,1470.5214388525678,44392.80840224686,66093.15227501036,69079.89402267081,4288.089257206805,646.5523991853422,21016.28326938913,17023.189448205194,10800.0,10800.0,3
2025-04-03,M2,40810.57111894204,0.0,183.56789337422217,40994.13901231628,40994.13901231628,0.0,128.66689981376402,0.0,0.0,40994.13901231628,67007.62845839481,67136.29535820858,4891.331821558161,2554.859666666667,20139.861070089923,16313.28746677284,10800.0,10800.0,0
2025-04-04,M2,11941.653388608878,0.0,36.09509465801675,11977.748483266896,11977.748483266896,0.0,40.392808757631656,0.0,0.0,11977.748483266896,31084.777387194063,31125.170195951694,1647.2657135454588,19212.0612323722,20184.426315968616,16349.385315934582,10800.0,10800.0,0
2025-04-05,M2,12295.904476032707,0.0,290.38359445560934,12586.288070488312,12586.288070488312,0.0,235.6469341809084,0.0,0.0,12586.288070488312,30938.512543026576,31174.159477207482,1318.6898983194367,13990.643646415065,20109.00499547185,16288.294046332201,10800.0,10800.0,0
2025-04-06,M2,38667.04718321967,0.0,342.0032274612339,39009.0504106809,39009.0504106809,0.0,282.4574461924559,0.0,0.0,39009.0504106809,64516.11132801876,64798.568774211206,3652.190722773748,2719.5476499999995,21140.811235635756,17124.057100864957,10800.0,10800.0,0
2025-04-07,M2,37005.51763667711,0.0,1567.9337719539933,38573.4514086311,38573.4514086311,0.0,1855.2925341288808,0.0,0.0,38573.4514086311,61571.71843272088,63427.01096684976,4479.157173445272,1887.9406833333335,20090.49382493591,16273.299998198087,10800.0,10800.0,0
2025-04-08,M2,37840.88816016688,0.0,325.05375514575184,38165.94191531263,38165.94191531263,0.0,175.94768168710044,0.0,0.0,38165.94191531263,63573.56468114983,63749.512362836926,3941.8906710085816,1498.6926409054945,20819.6601802957,16863.92474603952,10800.0,10800.0,0
2025-04-09,M2,37891.55099630075,0.0,2065.9293646624074,39957.48036096318,39957.48036096318,0.0,2476.050554553224,0.0,0.0,39957.48036096318,62879.004901565844,65355.05545611908,1949.4795783573627,240.34864534512712,21215.34850394696,17184.43228819704,10800.0,10800.0,0
2025-04-10,M2,38041.39572502673,0.0,1442.7040157805914,39484.09974080734,39484.09974080734,0.0,1931.0379471640301,0.0,0.0,39484.09974080734,63628.358976674615,65559.39692383865,4937.393113843666,2308.0854333333327,20280.42356137706,16427.143084715422,10800.0,10800.0,0
2025-04-11,M2,11538.185636321721,0.0,256.46044581077365,11794.646082132493,11794.646082132493,0.0,269.6573972975823,0.0,0.0,11794.646082132493,30037.260413186603,30306.917810484185,1307.1305966660464,19801.29491543772,20430.748061651328,16548.905929937573,10800.0,10800.0,0
2025-04-12,M2,11879.478134219158,0.0,90.10380233935041,11969.581936558508,11969.581936558508,0.0,61.76146572030325,0.0,0.0,11969.581936558508,30425.072975399817,30486.834441120118,1376.9367715177914,16393.684448408538,19426.5930062831,15735.54033508931,10800.0,10800.0,0
2025-04-13,M2,36732.66691082711,0.0,468.76598578950853,37201.43289661661,37201.43289661661,0.0,293.37817553437185,0.0,0.0,37201.43289661661,61417.60010581794,61710.978281352305,2809.162009058421,677.9592751071746,20776.307967649416,16828.80945379603,10800.0,10800.0,0
2025-04-14,M2,36573.224931205456,0.0,315.5066587187925,36888.73158992423,36888.73158992423,0.0,224.81504055380424,0.0,0.0,36888.73158992423,61701.686461782134,61926.50150233594,3464.951214000056,2025.1170721293342,20570.53376950819,16662.132353301637,10800.0,10800.0,0
2025-04-15,M2,35422.123093007234,0.0,366.34111112679574,35788.46420413403,35788.46420413403,0.0,560.7307298437124,0.0,0.0,35788.46420413403,60169.66325968419,60730.39398952789,4300.49361953293,2592.2724391534584,19464.205776358835,15766.00667885066,10800.0,10800.0,0
2025-04-16,M2,36819.494090731496,0.0,1809.8054368117364,38629.299527543226,38629.299527543226,0.0,1996.8434726130022,0.0,0.0,38629.299527543226,61445.9010670458,63442.7445396588,2297.9840228540897,1685.2166438873548,19368.16801535454,15688.216092437176,10800.0,10800.0,0
2025-04-17,M2,35336.69418705707,0.0,1666.8464972676068,37003.540684324675,37003.540684324675,0.0,2472.8977259580015,0.0,0.0,37003.540684324675,59707.23288440453,62180.13061036254,3498.683736004654,1828.869798407722,20969.656452369258,16985.421726419096,10800.0,10800.0,0
2025-04-18,M2,11015.519240754937,0.0,189.75266429319512,11205.271905048134,11205.271905048134,0.0,202.83558746444913,0.0,0.0,11205.271905048134,29450.270591302156,29653.106178766604,1799.662665667093,17680.822178629365,20097.390269141124,16278.886118004313,10800.0,10800.0,0
2025-04-19,M2,11178.042713667608,0.0,236.526006288736,11414.568719956345,11414.568719956345,0.0,250.9600488415547,0.0,0.0,11414.568719956345,29284.941218778884,29535.901267620444,1725.373916497335,17220.851353123006,20026.298673684716,16221.301925684618,10800.0,10800.0,0
2025-04-20,M2,35610.94940063958,0.0,824.6604388168237,36435.6098394564,36435.6098394564,0.0,926.0991557503563,0.0,0.0,36435.6098394564,59927.33465231402,60853.43380806438,3188.4804081117722,1810.2192006814164,20510.47008388347,16613.480767945606,10800.0,10800.0,0
2025-04-21,M2,35622.54990427658,0.0,247.74027466963742,35870.290178946205,35870.290178946205,0.0,179.28587628406683,0.0,0.0,35870.290178946205,61379.363992616105,61558.64986890017,4504.559843290719,4780.552166666666,19771.723555839228,16015.096080229781,10800.0,10800.0,0
2025-04-22,M2,34387.6425454704,0.0,2607.876120088734,36995.51866555915,36995.51866555915,0.0,3471.448224818895,0.0,0.0,36995.51866555915,57109.59495570829,60581.04318052718,2603.6691932579893,1958.4720619186583,20347.22425623092,16481.25164754704,10800.0,10800.0,0
2025-04-23,M2,34503.48481983273,0.0,2003.413853599574,36506.898673432304,36506.898673432304,0.0,2536.167417263334,0.0,0.0,36506.898673432304,58099.592353751155,60635.759771014484,3436.491536443602,2032.3340166666667,19826.407901250284,16059.390400012728,10800.0,10800.0,0
2025-04-24,M2,34305.73779667014,0.0,273.7154065069915,34579.45320317712,34579.45320317712,0.0,221.00979786445373,0.0,0.0,34579.45320317712,58093.02580827427,58314.03560613872,3027.4240164593566,4612.54971250137,18862.921985147346,15278.966807969347,10800.0,10800.0,0
2025-04-25,M2,10377.339153823455,0.0,0.0,10377.339153823455,10377.339153823455,0.0,0.0,0.0,0.0,10377.339153823455,28390.54862525731,28390.54862525731,881.2208418136022,21679.48951441513,20155.16115278199,16325.680533753413,10800.0,10800.0,0
2025-04-26,M2,10902.394193950355,0.0,155.3712037683442,11057.765397718698,11057.765397718698,0.0,137.55507536464214,0.0,0.0,11057.765397718698,28188.460386201208,28326.015461565847,583.7564156206803,23806.057698334298,20347.409022513402,16481.401308235858,10800.0,10800.0,0
2025-04-27,M2,32276.36506019051,0.0,1911.5953257244996,34187.960385915016,34187.960385915016,0.0,1878.5175006514805,0.0,0.0,34187.960385915016,54386.04808310463,56264.565583756106,1369.9293088689587,2472.591487860082,20255.650545756507,16407.07694206277,10800.0,10800.0,0
2025-04-28,M2,35101.811128394475,0.0,3413.7529220571705,38515.56405045164,38515.56405045164,0.0,3360.34804053796,0.0,0.0,38515.56405045164,58850.18535539275,62210.53339593071,1766.3430234030511,0.0,20116.963451899996,16294.740396038993,10800.0,10800.0,0
2025-04-29,M2,33985.87246818629,0.0,533.7465333530546,34519.619001539344,34519.619001539344,0.0,409.5554419382667,0.0,0.0,34519.619001539344,58410.12953497468,58819.68497691295,3570.30731311693,4269.704750000001,18665.57472173348,15119.115524604122,10800.0,10800.0,0
2025-04-30,M2,32852.1635202306,0.0,55.814739257873235,32907.97825948846,32907.97825948846,0.0,42.13863835142831,0.0,0.0,32907.97825948846,56200.20000559314,56242.33864394457,3000.17548079931,1520.1078667581112,18237.899279230667,14772.698416176845,10800.0,10800.0,0
2025-05-01,M2,33640.819994666104,0.0,1388.1469995938473,35028.96699425995,35028.96699425995,0.0,804.0601665945343,1151.0012654249126,7321.019099959805,42349.986094219756,54962.456191191435,55766.51635778597,811.5231140635871,1820.7704285467469,20022.569421935048,16748.724141334493,10800.0,10210.61898936989,8
2025-05-02,M2,11414.000327411615,0.0,1694.0827812233092,13108.083108634919,13108.083108634919,0.0,1119.4191393907324,901.9014863603887,4833.278832110872,17941.36194074579,28610.4903144262,29729.90945381693,26.373508290986138,12068.1413487966,21121.421293668784,16874.445293912388,10210.61898936989,10470.514493769144,7
2025-05-03,M2,11777.867003726786,0.0,68.9491313498263,11846.816135076615,11846.816135076615,0.0,55.4990384583341,1154.634377261009,5221.231487729658,17068.047622806273,29442.27487973951,29497.77391819784,91.56324165858217,17608.26348040551,20539.051081480415,16453.64115808566,10470.514493769144,10673.836958117454,7
2025-05-04,M2,39960.17443803769,0.0,0.0,39960.17443803769,39960.17443803769,0.0,0.0,533.0829261087448,3131.960178534695,43092.13461657239,65408.31956439699,65408.31956439699,6631.653385673967,4211.69744547325,17730.23185259711,14366.847526571924,10673.836958117454,10667.881707041604,9
2025-05-05,M2,38881.51126350263,0.0,20.655465501513753,38902.166729004144,38902.166729004144,0.0,10.514095086159045,355.17169822615426,2323.85841053617,41226.02513954032,63885.45244362319,63895.96653870934,3838.5607376698467,1389.34695893974,20251.65030699349,16304.426566667578,10667.881707041604,10778.337464816213,3
2025-05-06,M2,38076.80185271128,0.0,414.3538520121141,38491.15570472339,38491.15570472339,0.0,719.5532639323441,270.54944797567197,1653.9672652912645,40145.12297001465,61940.710642427235,62660.263906359585,3366.5521654734794,2907.6431074074094,21109.429425536036,17322.893710748336,10778.337464816213,10529.164269189392,6
2025-05-07,M2,38330.21660278331,0.0,584.4937399148062,38914.71034269813,38914.71034269813,0.0,537.3816771786529,435.6046273068393,2940.729524602247,41855.439867300374,62754.55365535242,63291.93533253108,2103.015196122531,2513.6480281032063,20348.338392071113,16305.30760645893,10529.164269189392,10725.66037043236,3
2025-05-08,M2,42238.217092060484,0.0,0.0,42238.217092060484,42238.217092060484,0.0,0.0,0.0,0.0,42238.217092060484,67731.46232370955,67731.46232370955,6014.986454954576,2167.8709833333323,19237.825362161966,15515.732876740321,10725.66037043236,10800.0,0
2025-05-09,M2,13872.036653848185,0.0,0.0,13872.036653848185,13872.036653848185,0.0,0.0,0.0,0.0,13872.036653848185,32690.892172121654,32690.892172121654,2347.583626787142,18153.425119762032,19423.671450381466,15733.173874808985,10800.0,10800.0,0
2025-05-10,M2,14094.735589153821,0.0,0.0,14094.735589153821,14094.735589153821,0.0,0.0,0.0,0.0,14094.735589153821,32411.64546121705,32411.64546121705,1904.7337723881562,14736.897286435233,19205.100626633248,15556.131507572929,10800.0,10800.0,0
2025-05-11,M2,40256.375796603556,0.0,337.9091627388885,40594.28495934243,40594.28495934243,0.0,318.21954264598725,59.0240550011664,393.28856275874557,40987.57352210118,65529.616427486486,65847.83597013248,3890.4371404514804,2865.036566666666,19301.617024642987,15634.309789960816,10800.0,10800.0,3
2025-05-12,M2,39013.54053303132,0.0,1741.9865438267054,40755.52707685802,40755.52707685802,0.0,1934.1298289151368,0.0,0.0,40755.52707685802,63157.25611955749,65091.38594847262,6614.555281919342,3310.6339666666663,17026.323508175185,13791.322041621901,10800.0,10800.0,0
2025-05-13,M2,39041.7521192488,0.0,80.71968335861669,39122.47180260741,39122.47180260741,0.0,77.24042775611414,0.0,0.0,39122.47180260741,64102.05910806504,64179.299535821156,4500.718062173681,2845.010152361136,19496.623971682486,15792.265417062816,10800.0,10800.0,0
2025-05-14,M2,37768.667137538614,0.0,1400.7565851075487,39169.42372264616,39169.42372264616,0.0,1705.960214475154,0.0,0.0,39169.42372264616,62344.38778809352,64050.348002568666,4687.138540697817,2785.870516666666,18753.632430899237,15190.442269028386,10800.0,10800.0,0
2025-05-15,M2,39239.30628397933,0.0,1070.4394226995971,40309.745706678936,40309.745706678936,0.0,1515.9659161824484,0.0,0.0,40309.745706678936,62526.85147456371,64042.81739074616,5239.876817713976,2325.3720666666654,19539.52748964306,15827.017266610874,10800.0,10800.0,0
2025-05-16,M2,13294.290908764635,0.0,55.14064800163466,13349.43155676627,13349.43155676627,0.0,50.86116803560117,0.0,0.0,13349.43155676627,31179.498906676698,31230.3600747123,2104.5925870578603,22745.30606262637,19289.236272077564,15624.281380382829,10800.0,10800.0,0
2025-05-17,M2,13817.948610076428,0.0,60.414278387924654,13878.362888464355,13878.362888464355,0.0,52.724809654797525,0.0,0.0,13878.362888464355,31397.23153031914,31449.956339973938,1494.408804293871,15723.714984333248,19910.702463228896,16127.668995215408,10800.0,10800.0,0
2025-05-18,M2,38961.98111332777,0.0,444.0494015787077,39406.030514906466,39406.030514906466,0.0,313.4352109594679,2.275772937655802,14.96206917861807,39420.992584085085,63417.42750755051,63730.862718509976,4580.383980434248,1913.8742499999998,18751.116636912593,15188.404475899202,10800.0,10800.0,1
2025-05-19,M2,37105.8680259214,0.0,77.38206388123014,37183.25008980264,37183.25008980264,0.0,63.279822067734074,72.96958043693724,508.18307320669123,37691.43316300933,61272.21094701631,61335.49076908404,4659.514420038266,5845.288050000001,17833.901734119543,14445.460404636826,10800.0,10800.0,2
2025-05-20,M2,36478.68532527467,0.0,961.4007883327442,37440.086113607416,37440.086113607416,0.0,1213.2905589337793,0.0,0.0,37440.086113607416,59706.86499169435,60920.15555062812,1905.0756939646017,828.091691563787,19261.017623331973,15601.4242748989,10800.0,10800.0,0
2025-05-21,M2,36898.02149157299,0.0,1426.4928554455428,38324.51434701853,38324.51434701853,0.0,1774.0230542771312,0.0,0.0,38324.51434701853,59415.77464160827,61189.797695885405,2655.830485928337,3768.1499382983948,17911.589412238627,14508.387423913286,10800.0,10800.0,0
2025-05-22,M2,36397.762983736015,0.0,176.87652324991254,36574.63950698591,36574.63950698591,0.0,124.81501596009923,2.57000000000005,16.86434000000033,36591.503846985914,58961.16623610746,59085.98125206756,2752.5489924633507,1984.2904222750558,18605.68958243416,15070.608561771664,10800.0,10800.0,1
2025-05-23,M2,12368.736472410226,0.0,256.4305646470476,12625.167037057274,12625.167037057274,0.0,245.35628190681695,0.0,0.0,12625.167037057274,30070.331632535046,30315.687914441864,1987.8230827412458,17872.56467701034,21233.427743983964,17199.076472627014,10800.0,10800.0,0
2025-05-24,M2,13052.885512477422,0.0,96.51292219873616,13149.398434676157,13149.398434676157,0.0,79.59927966368679,0.0,0.0,13149.398434676157,30699.423778099746,30779.023057763432,2388.763086292916,20706.605173418706,20679.754814307802,16750.60139958932,10800.0,10800.0,0
2025-05-25,M2,36722.339969402194,0.0,303.91589081262646,37026.25586021483,37026.25586021483,0.0,208.80392181037513,0.0,0.0,37026.25586021483,59662.73200452616,59871.53592633653,3487.627137345099,4545.547955836392,17333.42447274585,14040.07382292414,10800.0,10800.0,0
2025-05-26,M2,35216.26378900325,0.0,3041.830283790583,38258.094072793836,38258.094072793836,0.0,3719.5043331929337,0.0,0.0,38258.094072793836,57281.37107623423,61000.87540942716,2675.647568828651,0.0,19712.60468736067,15967.209796762152,10800.0,10800.0,0
2025-05-27,M2,36112.294902985406,0.0,1658.2509474163635,37770.54585040177,37770.54585040177,0.0,2382.587402250225,0.0,0.0,37770.54585040177,58499.06087956642,60881.64828181665,4859.802741507099,3274.5706252284804,17667.934816216162,14311.027201135088,10800.0,10800.0,0
2025-05-28,M2,36915.58779062517,0.0,556.3610031076768,37471.94879373286,37471.94879373286,0.0,407.3779719757784,0.0,0.0,37471.94879373286,60279.310456238956,60686.68842821474,2769.022608141048,2014.0859958446583,19103.977495942272,15474.22177171324,10800.0,10800.0,0
2025-05-29,M2,36432.73568795919,0.0,2464.3604213903495,38897.09610934955,38897.09610934955,0.0,2901.8347086284066,17.817433333333497,119.80442173333444,39016.90053108289,59752.13325230284,62653.96796093125,2268.8045879251013,2518.515096146316,19864.95900101671,16090.616790823542,10800.0,10800.0,1
2025-05-30,M2,12875.7556690249,0.0,275.1823708081404,13150.938039833036,13150.938039833036,0.0,178.6110389165178,0.0,0.0,13150.938039833036,30187.676844055146,30366.287882971665,1622.7266300319259,18167.679113261252,20945.52038427278,16965.871511260957,10800.0,10800.0,0
2025-05-31,M2,12618.453346655027,0.0,145.05319486460135,12763.506541519624,12763.506541519624,0.0,122.93235742375327,0.0,0.0,12763.506541519624,30672.993601599243,30795.925959023,2385.688698321649,16013.830872422837,21090.657043571122,17083.432205292615,10800.0,10800.0,0
2025-06-01,M2,44658.74177916886,0.0,9712.548015862812,54371.28979503165,54371.28979503165,0.0,7389.884931680612,1118.478948255538,7221.286013921037,61592.575808952686,66485.23525324515,73875.12018492576,359.310701325168,0.0,21067.15524444607,17657.693112589935,10800.0,10140.780706012647,14
2025-06-02,M2,47928.91425196735,0.0,5621.367725415437,53550.281977382794,53550.281977382794,0.0,3084.135131773254,657.6461647771057,4203.870271693782,57754.15224907658,72959.82584187403,76043.96097364729,3672.187264297485,99.32638333333352,22088.68895668452,17799.402915890943,10140.780706012647,10243.486416038779,7
2025-06-03,M2,53593.33562204632,0.0,1453.7590713327263,55047.09469337906,55047.09469337906,0.0,1231.8261556556502,46.47925303528359,320.77576088095793,55367.87045426002,79743.75404545978,80975.58020111543,6932.417109158349,1661.2869499999995,20251.433371313247,16015.44480965421,10243.486416038779,10674.837772827143,2
2025-06-04,M2,57229.296900914545,0.0,491.0875896553074,57720.38449056985,57720.38449056985,0.0,315.3268205654821,61.69876189930733,430.73159036872346,58151.11608093858,83916.26957342926,84231.59639399474,10451.25392261568,431.2208333333331,19225.860941172636,15460.301357894263,10674.837772827143,10800.0,3
2025-06-05,M2,56063.37854258917,0.0,561.771393118077,56625.149935707246,56625.149935707246,0.0,428.0495571822179,81.82137720656635,565.1462669695829,57190.29620267683,81396.88119542884,81824.93075261106,6012.254255958936,712.9432999999999,21222.297669431726,17190.061112239702,10800.0,10800.0,4
2025-06-06,M2,18201.92618681114,0.0,2291.4216370100453,20493.347823821183,20493.347823821183,0.0,1285.664609012463,468.82604265949703,2797.5652295759523,23290.913053397137,36654.41766613665,37940.08227514911,70.57790483970166,3771.0302890695075,20806.35445826965,17094.049734370252,10800.0,10532.330418697962,3
2025-06-07,M2,20204.433505844423,0.0,237.2848948500208,20441.718400694444,20441.718400694444,0.0,139.5218997177755,236.6239658038578,1513.9201332130824,21955.638533907528,41041.14693725006,41180.668836967845,1436.7441501024407,4774.149216029074,20474.64238674047,16394.756116766952,10532.330418697962,10743.112881467772,1
2025-06-08,M2,63980.551568524425,0.0,0.0,63980.551568524425,63980.551568524425,0.0,0.0,0.0,0.0,63980.551568524425,92155.9205595892,92155.9205595892,22225.363481282286,2269.4248358024624,12763.213521888352,10287.004546050557,10743.112881467772,10800.0,0
2025-06-09,M2,61201.69770780011,0.0,0.0,61201.69770780011,61201.69770780011,0.0,0.0,0.0,0.0,61201.69770780011,87690.4987976191,87690.4987976191,12231.646371661149,1118.5354472858974,17934.759185993396,14527.154940654651,10800.0,10800.0,0
2025-06-10,M2,58029.64930386076,0.0,0.0,58029.64930386076,58029.64930386076,0.0,0.0,0.0,0.0,58029.64930386076,84187.78092779359,84187.78092779359,8382.641662080481,337.92801666666617,20256.668503753226,16407.901488040116,10800.0,10800.0,0
2025-06-11,M2,58665.9655089792,0.0,242.45888634681586,58908.42439532602,58908.42439532602,0.0,216.06830655581626,0.0,0.0,58908.42439532602,84949.07664879318,85165.144955349,4572.302441355229,0.0,23728.401038563687,19220.004841236594,10800.0,10800.0,0
2025-06-12,M2,59419.97240508153,0.0,0.0,59419.97240508153,59419.97240508153,0.0,0.0,0.0,0.0,59419.97240508153,85554.71895682957,85554.71895682957,8936.263163146363,358.2286666666665,20041.24049306948,16233.404799386271,10800.0,10800.0,0
2025-06-13,M2,19446.06157190833,0.0,0.0,19446.06157190833,19446.06157190833,0.0,0.0,0.0,0.0,19446.06157190833,38848.529946933624,38848.529946933624,1579.6256146888954,5017.4061611396,20558.865637395415,16652.681166290284,10800.0,10800.0,0
2025-06-14,M2,20262.353132017033,0.0,0.0,20262.353132017033,20262.353132017033,0.0,0.0,0.0,0.0,20262.353132017033,39097.3744292695,39097.3744292695,1039.4901223843449,8097.745235427553,19825.24379714524,16058.44747568764,10800.0,10800.0,0
2025-06-15,M2,57460.27783314489,0.0,0.0,57460.27783314489,57460.27783314489,0.0,0.0,0.0,0.0,57460.27783314489,83044.80982708266,83044.80982708266,8718.822961055237,22.459833333333336,19350.27736505671,15673.72466569594,10800.0,10800.0,0
2025-06-16,M2,57872.9677477913,0.0,29.567855590971575,57902.53560338228,57902.53560338228,0.0,14.46853171043324,0.0,0.0,57902.53560338228,83380.82223142422,83395.29076313465,6731.688073644884,0.0,20892.367751700487,16922.81787887739,10800.0,10800.0,0
2025-06-17,M2,56076.36449309071,0.0,2608.586996439657,58684.951489530395,58684.951489530395,0.0,2005.388897912648,4.773168754256631,34.62695272775473,58719.57844225815,81480.41328626109,83485.80218417372,4645.356939646392,0.0,22148.458929552282,17940.251732937348,10800.0,10800.0,1
2025-06-18,M2,58009.6066882795,0.0,1190.7549304186691,59200.361618698196,59200.361618698196,0.0,1076.4297424228662,0.0,0.0,59200.361618698196,83691.01556288775,84767.44530531063,10182.617099116378,87.41241666666656,18784.34152382944,15215.31663430185,10800.0,10800.0,0
2025-06-19,M2,55094.56277681321,0.0,1452.8730501714108,56547.43582698462,56547.43582698462,0.0,1056.330450041545,65.60320809028303,451.28863329226976,56998.72446027689,81071.88369458163,82128.21414462317,8707.020020035396,1406.9671308651336,20106.9789569102,16286.652955097266,10800.0,10800.0,2
2025-06-20,M2,19546.12329186451,0.0,113.0619402456496,19659.185232110154,19659.185232110154,0.0,90.02866297159557,0.0,0.0,19659.185232110154,38055.97037292963,38145.99903590122,3151.188231764011,8821.644281902456,19855.71406439347,16083.128392158713,10800.0,10800.0,0
2025-06-21,M2,19116.512326325686,0.0,226.3525646161658,19342.86489094186,19342.86489094186,0.0,179.89917995970285,0.0,0.0,19342.86489094186,38213.18993297384,38393.089112933536,4108.478391705778,10982.599693585664,20880.371724432098,16913.101096789993,10800.0,10800.0,0
2025-06-22,M2,51931.36612191696,0.0,2150.199343609668,54081.56546552667,54081.56546552667,0.0,1649.75604596793,0.0,0.0,54081.56546552667,76429.59712329773,78079.35316926567,6144.266661437432,527.3828666666664,20791.381795587193,16841.019254425628,10800.0,10800.0,0
2025-06-23,M2,51636.58975861005,0.0,337.9699932565973,51974.559751866655,51974.559751866655,0.0,227.9988624539547,0.0,0.0,51974.559751866655,76370.14250585255,76598.1413683065,4910.25393717285,526.9987656840851,21576.856133945133,17477.25346849556,10800.0,10800.0,0
2025-06-24,M2,54794.779593960186,0.0,3675.863804337793,58470.64339829796,58470.64339829796,0.0,2915.111628150318,1259.6102989700707,6841.881518428179,65312.524916726135,78605.5171067509,81520.62873490123,1971.5913969905685,0.0,23893.975720424936,19354.1203335442,10800.0,10800.0,6
2025-06-25,M2,53902.345088195645,0.0,1623.4432075808854,55525.78829577654,55525.78829577654,0.0,1311.6018866049556,0.3559635037134967,2.4860491099350615,55528.27434488647,79398.7605429545,80710.36242955945,6253.712026021942,174.04331666666644,20239.693072146805,16394.151388438913,10800.0,10800.0,1
2025-06-26,M2,52162.57860872754,0.0,1139.9122891915492,53302.49089791903,53302.49089791903,0.0,1191.9976459641834,37.57821558413252,263.9502127843839,53566.44111070341,77823.59468978283,79015.592335747,7135.956773531552,447.91728415637954,20641.645580578304,16719.732920268434,10800.0,10800.0,2
2025-06-27,M2,17851.301565678572,0.0,138.66999253960753,17989.97155821818,17989.97155821818,0.0,111.82345987893274,0.0,0.0,17989.97155821818,36365.94011028261,36477.76357016154,2573.7049022377346,10163.70148848615,20887.95427774209,16919.242964971094,10800.0,10800.0,0
2025-06-28,M2,18107.88707562027,0.0,219.6884020888698,18327.575477709135,18327.575477709135,0.0,181.28114414320282,0.0,0.0,18327.575477709135,36593.52452773359,36774.8056718768,2279.937104586906,8803.372453048232,20602.999987236828,16688.429989661832,10800.0,10800.0,0
2025-06-29,M2,50924.200562318445,0.0,2505.624010251143,53429.82457256957,53429.82457256957,0.0,2085.517946193805,0.0,0.0,53429.82457256957,75231.49912401843,77317.01707021224,4060.740823149824,23.73727019110879,20867.21286072622,16902.442417188246,10800.0,10800.0,0
2025-06-30,M2,52867.101205932995,0.0,374.99003004828734,53242.09123598129,53242.09123598129,0.0,251.1852956789595,15.162093476074347,105.30832023807437,53347.39955621936,78408.78746024072,78659.97275591968,4770.970242494175,0.0,21192.003281938192,17165.522658369933,10800.0,10800.0,1
2025-07-01,M2,56446.472861066766,0.0,15929.619121531417,72376.09198259815,72376.09198259815,0.0,11798.293931200473,161.05584309032344,1188.2579270077995,73564.34990960595,76970.00140036436,88768.29533156483,5232.470428098458,768.1770499999998,22489.93720320094,18427.777539977564,10800.0,10565.635105128007,7
2025-07-02,M2,57695.58149349465,0.0,10952.578554053234,68648.16004754786,68648.16004754786,0.0,8528.104347953658,114.52823569773079,979.2043023360271,69627.3643498839,78136.85439262193,86664.95874057559,8075.366666036148,1956.406183333334,19115.891341328308,15272.943581091135,10565.635105128007,10800.0,3
2025-07-03,M2,65018.42537877468,0.0,5852.323440994053,70870.7488197687,70870.7488197687,0.0,4399.327614349844,0.0,0.0,70870.7488197687,85941.27324151297,90340.60085586281,5635.152316679771,1023.6948833333333,20638.60380271775,16717.269080201375,10800.0,10800.0,0
2025-07-04,M2,24984.877303192687,0.0,2203.2671396569563,27188.14444284964,27188.14444284964,0.0,1896.3826646506093,0.0,0.0,27188.14444284964,43041.41838456577,44937.80104921638,1762.8388894203813,10140.563259341194,21860.691756779663,17707.160322991527,10800.0,10800.0,0
2025-07-05,M2,25470.2664726013,0.0,595.6501490772413,26065.91662167854,26065.91662167854,0.0,429.81332164438373,0.0,0.0,26065.91662167854,44927.065895031454,45356.879216675836,1353.5285927710156,10975.284941161623,22305.187979350198,18067.20226327367,10800.0,10800.0,0
2025-07-06,M2,67963.23576041554,0.0,2690.4386586622245,70653.67441907777,70653.67441907777,0.0,2136.053991799208,0.0,0.0,70653.67441907777,89156.22412030652,91292.27811210573,7067.264512044452,427.35330838699906,21071.993377233077,17068.314635558785,10800.0,10800.0,0
2025-07-07,M2,70052.73857055757,0.0,105.50965185328508,70158.24822241087,70158.24822241087,0.0,62.17197409848984,0.0,0.0,70158.24822241087,92999.91653815244,93062.08851225092,14599.192765023798,1889.4501393092553,16652.43600658531,13488.473165334104,10800.0,10800.0,0
2025-07-08,M2,75876.30776764716,0.0,0.0,75876.30776764716,75876.30776764716,0.0,0.0,0.0,0.0,75876.30776764716,100123.23623458343,100123.23623458343,18509.17367691869,2603.5373333333337,18100.72740876179,14661.58920109705,10800.0,10800.0,0
2025-07-09,M2,71653.60795310618,0.0,0.0,71653.60795310618,71653.60795310618,0.0,0.0,0.0,0.0,71653.60795310618,95160.56098647884,95160.56098647884,16095.635539340998,1654.8355,17638.762791953603,14287.397861482415,10800.0,10800.0,0
2025-07-10,M2,66743.04641472753,0.0,0.0,66743.04641472753,66743.04641472753,0.0,0.0,0.0,0.0,66743.04641472753,88755.15433711864,88755.15433711864,10664.501766700205,1554.5866666666664,19381.27642325496,15698.833902836523,10800.0,10800.0,0
2025-07-11,M2,27979.17652819333,0.0,0.0,27979.17652819333,27979.17652819333,0.0,0.0,0.0,0.0,27979.17652819333,46960.641220324425,46960.641220324425,3248.3031320528053,7209.119991232337,20970.741826522564,16986.30087948328,10800.0,10800.0,0
2025-07-12,M2,26517.659498843135,0.0,399.1912395662173,26916.85073840936,26916.85073840936,0.0,334.09735075084194,0.0,0.0,26916.85073840936,45681.40509264944,46015.502443400284,1800.5827864386047,9118.983679626277,21114.1718105372,17102.47916653513,10800.0,10800.0,0
2025-07-13,M2,61051.324173982815,0.0,538.0345641225697,61589.35873810536,61589.35873810536,0.0,310.3428818337154,16.42026705302078,134.54766823245228,61723.90640633781,84313.38278404358,84623.72566587731,8068.134802017044,3565.513032779205,19677.777358600397,15938.999660466321,10800.0,10800.0,1
2025-07-14,M2,58669.32353737921,0.0,1972.8574435088124,60642.18098088802,60642.18098088802,0.0,1101.7954097951258,17.707239252541513,152.27828849570326,60794.459269383726,79837.93622482366,80939.73163461879,4445.317747113415,895.0461947408985,20049.451133422917,16240.055418072567,10800.0,10800.0,2
2025-07-15,M2,64671.58121751382,0.0,0.0,64671.58121751382,64671.58121751382,0.0,0.0,0.0,0.0,64671.58121751382,87581.78118434385,87581.78118434385,10773.827829607722,328.9828333333337,19631.15756878662,15901.23763071716,10800.0,10800.0,0
2025-07-16,M2,63548.99770421058,0.0,0.0,63548.99770421058,63548.99770421058,0.0,0.0,0.0,0.0,63548.99770421058,84449.35098631596,84449.35098631596,7333.695440617697,1218.3980999999999,19803.65295981538,16040.958897450459,10800.0,10800.0,0
2025-07-17,M2,60942.7645548223,0.0,580.8123529360258,61523.57690775833,61523.57690775833,0.0,457.604365250957,4.3891209571271474,36.96298214044627,61560.53988989878,82215.69047775924,82673.2948430102,4778.775668229863,901.0054469585086,22513.088326906756,18235.601544794474,10800.0,10800.0,1
2025-07-18,M2,26642.68909039651,0.0,0.0,26642.68909039651,26642.68909039651,0.0,0.0,0.0,0.0,26642.68909039651,46175.00675609041,46175.00675609041,2959.3523712562874,8074.99146583117,20349.5516789629,16483.136859959945,10800.0,10800.0,0
2025-07-19,M2,26499.21012842611,0.0,68.5297880529529,26567.73991647906,26567.73991647906,0.0,51.4131372416079,0.0,0.0,26567.73991647906,46415.80096051003,46467.21409775164,2463.8640436631886,12640.090935745879,22002.316149171435,17821.876080828864,10800.0,10800.0,0
2025-07-20,M2,61860.66454847373,0.0,193.3434059269556,62054.007954400695,62054.007954400695,0.0,122.9201774055573,0.0,0.0,62054.007954400695,84520.63262200475,84643.55279941032,7429.315810001835,1344.713816666667,19892.34187407972,16112.796918004573,10800.0,10800.0,0
2025-07-21,M2,63082.067888841746,0.0,252.70423742558876,63334.77212626733,63334.77212626733,0.0,116.6778509245292,0.07560764890070004,0.6546488280067113,63335.42677509534,84913.19447117962,85029.87232210417,6133.894686575284,813.4756333333335,21541.201367602385,17448.373107757936,10800.0,10800.0,1
2025-07-22,M2,61952.295319192264,0.0,4676.385602147303,66628.68092133958,66628.68092133958,0.0,4293.741749320907,0.0,0.0,66628.68092133958,83621.38258948167,87915.12433880258,9455.370616773027,723.8507,20740.83371243623,16800.07530707335,10800.0,10800.0,0
2025-07-23,M2,63593.79110959313,0.0,357.4244465604411,63951.215556153584,63951.215556153584,0.0,211.52617231006343,14.36505485546627,121.23216455402945,64072.44772070761,86431.90641298729,86643.43258529736,6709.183207912908,1777.8780166666672,20811.52262582416,16857.333326917567,10800.0,10800.0,3
2025-07-24,M2,63012.166801987536,0.0,1039.3355570530498,64051.50235904056,64051.50235904056,0.0,618.5195653373992,0.0,0.0,64051.50235904056,85351.45578821155,85969.97535354896,7864.629843333147,708.7913700176082,19895.16915893794,16115.087018739738,10800.0,10800.0,0
2025-07-25,M2,25805.793469784578,0.0,282.4414999303462,26088.23496971492,26088.23496971492,0.0,216.27235621917634,0.0,0.0,26088.23496971492,44890.21052613089,45106.482882350065,2891.9731695748196,11733.119346816971,20926.68841732428,16950.617618032666,10800.0,10800.0,0
2025-07-26,M2,25901.05329267819,0.0,207.3737489761462,26108.427041654333,26108.427041654333,0.0,167.67152957332428,0.0,0.0,26108.427041654333,44892.961890485865,45060.633420059195,2591.034721679944,9923.529573663585,21457.776621310535,17380.799063261533,10800.0,10800.0,0
2025-07-27,M2,60666.51890982935,0.0,1363.028977900046,62029.54788772939,62029.54788772939,0.0,970.0478896199644,0.0,0.0,62029.54788772939,82665.68810918811,83635.73599880806,4955.572068191248,541.0009197624231,23441.96426765473,18987.99105680033,10800.0,10800.0,0
2025-07-28,M2,63598.71635782843,0.0,789.9115300348943,64388.62788786332,64388.62788786332,0.0,554.407764006498,0.0,0.0,64388.62788786332,85359.69975421944,85914.10751822594,3826.1638506428544,0.0,21752.981232893522,17619.91479864376,10800.0,10800.0,0
2025-07-29,M2,63909.8693082241,0.0,1657.2152254044427,65567.08453362854,65567.08453362854,0.0,1535.094484692986,12.37669906739643,106.0683110075874,65673.15284463613,86394.1834538265,87929.27793851949,7114.426385401055,770.56035,20986.431327293874,16999.00937510805,10800.0,10800.0,1
2025-07-30,M2,62558.32587963059,0.0,2597.437951774055,65155.763831404634,65155.763831404634,0.0,2360.3785442834014,0.0,0.0,65155.763831404634,83610.41369303568,85970.79223731908,6074.039466028939,1880.9367999999997,20592.431164684942,16679.869243394805,10800.0,10800.0,0
2025-07-31,M2,61432.84320647012,0.0,843.2933506224417,62276.13655709253,62276.13655709253,0.0,707.097195122441,0.7994771035077974,6.625666495320871,62282.76222358785,83852.59931861004,84559.69651373249,5095.095461194833,566.4607333333333,22126.018577058727,17922.075047417566,10800.0,10800.0,1
2025-08-01,M2,25071.592221004437,0.0,916.242821025515,25987.835042029943,25987.835042029943,0.0,681.0680228463273,0.0,0.0,25987.835042029943,44050.911426811675,44731.97944965801,3152.85694280607,16227.827271238388,21578.608257615182,17478.672688668303,10800.0,10800.0,0
2025-08-02,M2,24773.909272965473,0.0,0.0,24773.909272965473,24773.909272965473,0.0,0.0,0.0,0.0,24773.909272965473,43963.57104897163,43963.57104897163,2372.7626099110203,16733.981412406316,20683.16891221557,16753.36681889461,10800.0,10800.0,0
2025-08-03,M2,54642.091894989986,0.0,293.3008143474635,54935.392709337466,54935.392709337466,0.0,199.17920864287214,114.68078428415299,957.3293911528275,55892.7221004903,75584.80140951372,75783.9806181566,5275.701543881638,4032.686355361724,19741.018525600273,15990.225005736227,10800.0,10800.0,5
2025-08-04,M2,54926.414169664065,0.0,517.7941234505521,55444.20829311463,55444.20829311463,0.0,481.64412882746154,0.0,0.0,55444.20829311463,74628.15831307619,75109.80244190364,3967.042013419941,2138.62885,18886.718395528267,15298.241900377898,10800.0,10800.0,0
2025-08-05,M2,54666.585628754336,0.0,242.94546790793427,54909.53109666227,54909.53109666227,0.0,455.8455628444319,0.0,0.0,54909.53109666227,74240.15551700273,74696.00107984716,4185.7906100873115,1572.4952093031388,19923.186984859876,16137.781457736502,10800.0,10800.0,0
2025-08-06,M2,56356.95518144176,0.0,87.32062519813803,56444.27580663989,56444.27580663989,0.0,37.00810561480739,0.0,0.0,56444.27580663989,76099.59007076769,76136.59817638251,2867.036217557932,1380.4687468148395,19866.81023864773,16092.11629330466,10800.0,10800.0,0
2025-08-07,M2,56333.04832181621,0.0,869.8510565296823,57202.89937834591,57202.89937834591,0.0,591.9493956045899,14.000421504351266,121.95767172440387,57324.85705007031,78245.2671456552,78837.2165412598,7236.979081912502,4499.747333940369,19613.185773217265,15886.680476305988,10800.0,10800.0,1
2025-08-08,M2,23742.444966682724,0.0,0.0,23742.444966682724,23742.444966682724,0.0,0.0,0.0,0.0,23742.444966682724,42678.73153060629,42678.73153060629,1608.1559698018668,21046.91789450433,22360.45482263207,18111.968406331984,10800.0,10800.0,0
2025-08-09,M2,23681.98269705784,0.0,20.311840110771836,23702.294537168615,23702.294537168615,0.0,22.154729300115264,0.0,0.0,23702.294537168615,42036.98198041234,42059.13670971246,1086.4048778291678,17961.562136107517,21522.319451451433,17433.07875567566,10800.0,10800.0,0
2025-08-10,M2,54841.58290913235,0.0,93.93727333594654,54935.52018246827,54935.52018246827,0.0,56.699168754461084,9.840219436887082,85.04204173089394,55020.562224199166,73839.9372691639,73896.63643791835,3164.329912458852,1632.7605166666667,20025.09041173543,16220.323233505698,10800.0,10800.0,2
2025-08-11,M2,53692.037689149496,0.0,665.5241907465092,54357.561879895984,54357.561879895984,0.0,491.7917911505522,67.25370057166526,562.6185596668755,54920.18043956286,74203.11061611873,74694.9024072693,3407.1937820865883,2913.1836833333336,20423.81741625112,16543.292107163412,10800.0,10800.0,6
2025-08-12,M2,55241.77326702267,0.0,1146.6428367867693,56388.41610380943,56388.41610380943,0.0,812.5298786902591,35.816210525629685,288.30675026550637,56676.722854074935,76031.557544788,76844.08742347825,3312.5483465548446,1805.2251556394258,21060.98148320859,17059.395001398967,10800.0,10800.0,4
2025-08-13,M2,54501.958039354344,0.0,1313.7878179260895,55815.7458572804,55815.7458572804,0.0,1276.285650924665,44.57004344651898,370.93969325103166,56186.68555053143,75012.79243411358,76289.07808503826,4912.693304712098,1514.7427275887126,19922.277085178765,16137.044438994802,10800.0,10800.0,2
2025-08-14,M2,54353.43077818411,0.0,840.6664553703253,55194.09723355443,55194.09723355443,0.0,1044.8769359374926,64.59425987183829,551.4318010911609,55745.52903464559,74379.14341447657,75424.02035041405,3100.36018350001,2070.7613122650787,23111.59016414459,18720.388032957122,10800.0,10800.0,3
2025-08-15,M2,24020.540930111492,0.0,334.78644352954444,24355.327373641034,24355.327373641034,0.0,238.800113059392,0.0,0.0,24355.327373641034,42569.182853964165,42807.98296702356,1793.0655194780165,19776.93411153486,21464.507645670245,17386.251192992902,10800.0,10800.0,0
2025-08-16,M2,23831.172571885094,0.0,534.3836555547063,24365.556227439793,24365.556227439793,0.0,380.9887719755601,0.0,0.0,24365.556227439793,42480.000059441794,42860.98883141735,1922.6722833253577,19949.723500591346,21364.80358333677,17305.490902502785,10800.0,10800.0,0
2025-08-17,M2,54857.107284295904,0.0,20.597727886652745,54877.70501218257,54877.70501218257,0.0,15.16796376635159,44.607274201368796,372.8443585375328,55250.5493707201,75599.3770420303,75614.54500579665,5253.647262607879,3240.6073749436,21050.021188315182,17050.5171625353,10800.0,10800.0,3
2025-08-18,M2,54507.89593588974,0.0,504.6700610270819,55012.56599691683,55012.56599691683,0.0,422.4378991879987,108.16706741735061,915.6436583519828,55928.20965526881,74653.13420555278,75075.57210474077,4567.0392277721,2044.6419833333339,21989.17023361071,17811.227889224672,10800.0,10800.0,5
2025-08-19,M2,55082.04263709039,0.0,324.7554591735979,55406.798096264,55406.798096264,0.0,237.1411442891556,72.47885287807992,619.3000551971899,56026.09815146119,75173.81560585902,75410.95675014818,4498.571209692702,2908.1554526251057,19784.467845833988,16025.418955125533,10800.0,10800.0,2
2025-08-20,M2,56652.90167342041,0.0,138.0658096875,56790.96748310792,56790.96748310792,0.0,69.47140808207052,512.3921648543032,2925.548260516664,59716.51574362458,77187.94693815387,77257.41834623594,2843.212547520442,0.0,22504.773141595484,18228.866244692344,10800.0,10800.0,8
2025-08-21,M2,56586.41120635557,0.0,729.2831672916266,57315.69437364719,57315.69437364719,0.0,476.12301293659004,0.0,0.0,57315.69437364719,78674.85217885592,79150.9751917925,7079.040713667642,2462.889933333333,19813.82137609581,16049.195314637607,10800.0,10800.0,0
2025-08-22,M2,23742.13994960755,0.0,667.4479745151941,24409.587924122745,24409.587924122745,0.0,496.39647951405595,0.0,0.0,24409.587924122745,42561.0919086685,43057.48838818255,988.4341908984065,16799.35228216269,21258.59218484979,17219.45966972833,10800.0,10800.0,0
2025-08-23,M2,23569.561900676676,0.0,390.30429539003785,23959.866196066723,23959.866196066723,0.0,314.5873176099178,0.0,0.0,23959.866196066723,42954.32451329012,43268.91183090003,1544.360665159393,15222.579742049791,20905.080387846596,16933.115114155742,10800.0,10800.0,0
2025-08-24,M2,55955.27523456263,0.0,616.0320274593103,56571.30726202195,56571.30726202195,0.0,435.4081491960711,0.0,0.0,56571.30726202195,76479.69341554175,76915.10156473782,5241.829553795129,3871.053126337448,21413.83895406269,17345.20955279078,10800.0,10800.0,0
2025-08-25,M2,60338.688071862,0.0,0.0,60338.688071862,60338.688071862,0.0,0.0,0.0,0.0,60338.688071862,83798.3119189048,83798.3119189048,7695.850844108232,1260.8945330766219,21413.050131859356,17344.57060680608,10800.0,10800.0,0
2025-08-26,M2,56802.677245101266,0.0,0.0,56802.677245101266,56802.677245101266,0.0,0.0,0.0,0.0,56802.677245101266,78370.43928898986,78370.43928898986,6882.988670692599,2133.3512833333343,20133.057640161078,16307.776688530479,10800.0,10800.0,0
2025-08-27,M2,57134.50551384625,0.0,2229.1071831775216,59363.61269702377,59363.61269702377,0.0,2713.1702538050795,0.0,0.0,59363.61269702377,78567.83680590053,81281.00705970559,6784.717017801817,2543.1032087517005,21258.094560449572,17219.056593964156,10800.0,10800.0,0
2025-08-28,M2,57032.366510739426,0.0,2143.0898353208086,59175.45634606021,59175.45634606021,0.0,2122.8872561617263,59.015077890370094,490.9891283096175,59666.44547436982,78342.69045028658,80465.57770644831,5572.082541656382,146.05625300633642,21256.10003338229,17217.44102703966,10800.0,10800.0,3
2025-08-29,M2,25138.78428729596,0.0,0.0,25138.78428729596,25138.78428729596,0.0,0.0,0.0,0.0,25138.78428729596,44853.85700027844,44853.85700027844,2340.4027541490814,15819.610714082919,21782.227273928667,17643.604091882225,10800.0,10800.0,0
2025-08-30,M2,24979.338810952602,0.0,289.7608679805022,25269.09967893311,25269.09967893311,0.0,221.36047691409686,0.0,0.0,25269.09967893311,44192.632128452344,44413.99260536644,1692.4312693044444,20325.856477755435,20436.763289332775,16553.77826435955,10800.0,10800.0,0
2025-08-31,M2,55205.22128242422,0.0,124.15679571713565,55329.37807814136,55329.37807814136,0.0,173.52455025912596,18.375266024710527,153.71030032365877,55483.088378465014,76454.49305993316,76628.01761019228,4581.328403310919,1286.9903780901946,21744.47900780292,17613.027996320365,10800.0,10800.0,2
2025-09-01,M2,51281.81051547772,0.0,0.0,51281.81051547772,51281.81051547772,0.0,0.0,0.0,0.0,51281.81051547772,80082.24586533952,80082.24586533952,18266.683414261992,5125.141433333334,16401.50781268874,13285.221328277883,10800.0,10800.0,0
2025-09-02,M2,43750.456543800385,0.0,126.45280035618447,43876.90934415657,43876.90934415657,0.0,114.66842006473553,0.0,0.0,43876.90934415657,68151.99338929204,68266.66180935677,8947.771545361284,1390.091005349793,20373.91267708261,16502.869268436916,10800.0,10800.0,0
2025-09-03,M2,44460.64537639036,0.0,1014.3118028487289,45474.95717923911,45474.95717923911,0.0,761.4606087232273,0.0,0.0,45474.95717923911,67161.11977931095,67922.58038803417,6402.481835183607,2604.414416666666,17726.1415062311,14358.174620047193,10800.0,10800.0,0
2025-09-04,M2,42467.70609789675,0.0,988.2209454316273,43455.92704332838,43455.92704332838,0.0,720.7175910126075,0.0,0.0,43455.92704332838,65140.98675488926,65861.70434590188,5792.389093325102,2327.894818751285,20083.446756976282,16267.591873150795,10800.0,10800.0,0
2025-09-05,M2,18232.86314343649,0.0,0.0,18232.86314343649,18232.86314343649,0.0,0.0,0.0,0.0,18232.86314343649,38476.64572307987,38476.64572307987,4799.266307237338,23170.234088670994,19383.59821318356,15700.714552678683,10800.0,10800.0,0
2025-09-06,M2,17846.700444760445,0.0,141.89348416975082,17988.593928930193,17988.593928930193,0.0,115.14462825746625,0.0,0.0,17988.593928930193,37884.977734500535,38000.122362758004,4646.796770843422,21973.91455182534,19254.35442152233,15596.02708143309,10800.0,10800.0,0
2025-09-07,M2,38431.01781792297,0.0,4419.53687847261,42850.554696395564,42850.554696395564,0.0,4782.450614596135,498.1008599692047,2608.4800889588214,45459.034785354386,59080.17708638219,63862.62770097833,4743.272814434427,684.2410502883074,20906.479366095446,16934.248286537313,10800.0,10800.0,5
2025-09-08,M2,35036.9406154083,0.0,10083.155319055042,45120.09593446334,45120.09593446334,0.0,8941.454532676238,191.71913706629442,940.5440809872044,46060.64001545054,54801.83510493434,63743.289637610564,336.81404603915894,137.40382933698174,21976.77209225909,17911.550726291694,10800.0,10677.371853820187,7
2025-09-09,M2,37476.20934496061,0.0,4642.724976985992,42118.9343219466,42118.9343219466,0.0,4847.875866468721,58.14683476171328,381.1623773485661,42500.096699295165,58036.18830839001,62884.06417485874,2033.1880236168606,3603.1283206854673,21587.320126928687,17384.25972827723,10677.371853820187,10790.115825525745,3
2025-09-10,M2,40842.78354681943,0.0,3584.031208603619,44426.81475542305,44426.81475542305,0.0,3212.81278735687,972.1448333333317,5191.381039699991,49618.19579512304,63777.30790395451,66990.12069131139,2461.297687702164,0.0,21979.333841661723,17794.364654719167,10790.115825525745,10800.0,8
2025-09-11,M2,42315.597009093806,0.0,910.8129788572801,43226.409987951076,43226.409987951076,0.0,624.0722661000148,0.0,0.0,43226.409987951076,67142.09859121093,67766.17085731094,5762.990619331163,4680.02805,20142.454761297085,16315.388356650641,10800.0,10800.0,0
2025-09-12,M2,16979.832977576287,0.0,0.0,16979.832977576287,16979.832977576287,0.0,0.0,0.0,0.0,16979.832977576287,36934.01445561593,36934.01445561593,2685.220510798278,18849.060453878203,20253.038373365518,16404.961082426067,10800.0,10800.0,0
2025-09-13,M2,17572.23340769546,0.0,0.0,17572.23340769546,17572.23340769546,0.0,0.0,0.0,0.0,17572.23340769546,38103.75171552127,38103.75171552127,3428.286905919889,23130.196334459924,18621.931535832267,15083.764544024138,10800.0,10800.0,0
2025-09-14,M2,44173.17017698276,0.0,504.6187455124487,44677.788922495216,44677.788922495216,0.0,321.0629025807334,0.0,0.0,44677.788922495216,68533.55537087971,68854.61827346045,3527.1414411898795,1420.3838368817317,20040.885502046534,16233.117256657692,10800.0,10800.0,0
2025-09-15,M2,40604.2612931072,0.0,1522.4305093523649,42126.69180245957,42126.69180245957,0.0,1131.5131581241535,119.76921862655513,801.3558992304473,42928.04770169002,63344.180274163875,64475.69343228802,2760.988317736504,2729.874040129781,21250.366630078744,17212.79697036378,10800.0,10800.0,3
2025-09-16,M2,46068.06058027968,0.0,963.322244523455,47031.38282480315,47031.38282480315,0.0,759.6651085923338,8.600226203776629,57.91025242535259,47089.2930772285,70681.19837937756,71440.8634879699,4983.629722432503,3336.629727957909,19144.39094973643,15506.956669286506,10800.0,10800.0,2
2025-09-17,M2,45418.311891002835,0.0,340.49944512516913,45758.81133612801,45758.81133612801,0.0,318.0981875185481,0.0,0.0,45758.81133612801,70224.20975225829,70542.30793977685,4356.432110410946,2238.0567000000005,20987.89857560999,17000.197846244093,10800.0,10800.0,0
2025-09-18,M2,43543.73434889461,0.0,3500.2909932807197,47044.025342175344,47044.025342175344,0.0,4163.113649126818,0.0,0.0,47044.025342175344,67665.10803231123,71828.22168143805,6389.452495681212,2807.9366995831033,19340.95457635302,15666.173206845946,10800.0,10800.0,0
2025-09-19,M2,16319.737667774676,0.0,367.5088441275942,16687.246511902275,16687.246511902275,0.0,323.9506537551411,0.0,0.0,16687.246511902275,35794.3432517074,36118.293905462546,1755.944448539263,14343.953009599683,20616.021740299657,16698.977609642723,10800.0,10800.0,0
2025-09-20,M2,15947.712746366873,0.0,218.81550517015515,16166.528251537025,16166.528251537025,0.0,176.71730156206553,0.0,0.0,16166.528251537025,35860.02635515198,36036.74365671405,1595.373982812176,14773.549715433492,21170.453816500296,17148.067591365245,10800.0,10800.0,0
2025-09-21,M2,47264.61283978825,0.0,797.2390868877326,48061.851926675976,48061.851926675976,0.0,1007.1796875296743,0.0,0.0,48061.851926675976,72936.15295248678,73943.33264001645,8205.737195956319,3942.9169287929562,18458.90016807289,14951.709136139041,10800.0,10800.0,0
2025-09-22,M2,47782.842041471704,0.0,199.46925713371826,47982.31129860543,47982.31129860543,0.0,133.3853925912128,19.555900000000065,128.01369518333377,48110.32499378877,72970.09056140912,73103.47595400033,5735.889743545207,3074.9459830051283,19464.085495350846,15765.90925123418,10800.0,10800.0,2
2025-09-23,M2,48596.80652930414,0.0,0.0,48596.80652930414,48596.80652930414,0.0,0.0,5.4765980538848,35.46371069793102,48632.27024000207,74180.39144198157,74180.39144198157,5816.04835557099,2552.603983333334,19476.842725251576,15776.24260745378,10800.0,10800.0,1
2025-09-24,M2,46376.56916009723,0.0,1075.2953358437794,47451.86449594104,47451.86449594104,0.0,1292.9080332714439,0.0,0.0,47451.86449594104,70753.47559929117,72046.38363256262,4406.377388948048,2566.8683499999997,21104.80417691874,17094.891383304173,10800.0,10800.0,0
2025-09-25,M2,47436.698872156565,0.0,1194.5816561255494,48631.28052828215,48631.28052828215,0.0,1489.626870405098,31.88636666666673,217.3592900833338,48848.63981836548,72631.344285623,74120.9711560281,6800.415544750574,3368.4021,19203.110410232628,15554.519432288438,10800.0,10800.0,2
2025-09-26,M2,16535.051411826356,0.0,0.0,16535.051411826356,16535.051411826356,0.0,0.0,0.0,0.0,16535.051411826356,37174.2883162048,37174.2883162048,2214.0391540704677,13508.113052813776,19778.382154318722,16020.489544998163,10800.0,10800.0,0
2025-09-27,M2,16926.489418740202,0.0,360.10624168017966,17286.59566042038,17286.59566042038,0.0,323.8157845821771,0.0,0.0,17286.59566042038,36735.62787705872,37059.44366164089,1026.115217089525,14239.27387066812,21014.48591517505,17021.73359129179,10800.0,10800.0,0
2025-09-28,M2,48617.5006971059,0.0,3252.4794065650713,51869.98010367096,51869.98010367096,0.0,3452.1880430618935,5.868333333333339,40.07191416666671,51910.052017837625,73561.09649908997,77013.28454215186,8300.913014365507,1384.6651415244576,20241.81869962406,16395.873146695485,10800.0,10800.0,1
2025-09-29,M2,49646.00661844271,0.0,54.868900721713175,49700.87551916444,49700.87551916444,0.0,40.57387388193166,5.620383333333393,37.527299516667064,49738.402818681105,75333.76766817446,75374.34154205638,6503.812647131953,2280.5982208044925,20187.68135501726,16352.021897563978,10800.0,10800.0,1
2025-09-30,M2,49971.60487342055,0.0,556.6018947458879,50528.206768166434,50528.206768166434,0.0,511.361320019928,0.0,0.0,50528.206768166434,75816.06647157655,76327.42779159646,5569.205573336698,1352.3313166666665,20966.92702592864,16983.2108910022,10800.0,10800.0,0
2025-10-01,M2,46276.61586385024,0.0,0.0,46276.61586385024,46276.61586385024,0.0,0.0,0.0,0.0,46276.61586385024,74953.69523459097,74953.69523459097,14572.895498829954,7425.685300000001,17334.69948646146,14041.106584033783,10800.0,10800.0,0
2025-10-02,M2,44134.930654379394,0.0,314.9396354895438,44449.87028986892,44449.87028986892,0.0,221.62052977255058,0.0,0.0,44449.87028986892,71127.35914075412,71348.97967052668,10420.422822401322,5693.239083333334,18444.91920065983,14940.38455253447,10800.0,10800.0,0
2025-10-03,M2,14311.487782004704,0.0,253.86159213804953,14565.349374142754,14565.349374142754,0.0,236.869643887585,0.0,0.0,14565.349374142754,34509.99248409472,34746.86212798231,4230.648210680974,19117.36260479699,18851.040065812376,15269.342453308025,10800.0,10800.0,0
2025-10-04,M2,15254.936518139397,0.0,340.5492317394325,15595.48574987883,15595.48574987883,0.0,295.41571613895957,0.0,0.0,15595.48574987883,35248.61080080285,35544.02651694181,3812.762931815401,14991.22360759528,19179.250232620034,15535.192688422227,10800.0,10800.0,0
2025-10-05,M2,42653.57768194519,0.0,892.4352359573692,43546.012917902546,43546.012917902546,0.0,653.818468957459,0.0,0.0,43546.012917902546,68530.7734588762,69184.59192783365,6847.8727410389565,4096.930138628022,18441.19990263169,14937.371921131675,10800.0,10800.0,0
2025-10-06,M2,41065.8498522466,0.0,2094.197251390282,43160.0471036369,43160.0471036369,0.0,2312.611476615291,0.0,0.0,43160.0471036369,64204.82361161414,66517.43508822942,3409.629526136278,1642.093428244897,19645.278336043426,15912.67545219517,10800.0,10800.0,0
2025-10-07,M2,41483.50953787554,0.0,2148.105068628612,43631.614606504154,43631.614606504154,0.0,1873.6271838498587,0.0,0.0,43631.614606504154,65987.19354373074,67860.82072758059,4201.038797856663,1978.5909817496813,20576.98919986448,16667.36125189023,10800.0,10800.0,0
2025-10-08,M2,38604.58653191334,0.0,1622.05443729888,40226.64096921221,40226.64096921221,0.0,1240.6288501016425,0.0,0.0,40226.64096921221,62524.52638706767,63765.15523716932,1761.7072188432926,1390.1938990321892,21761.886592774572,17627.128140147404,10800.0,10800.0,0
2025-10-09,M2,40433.657264048124,0.0,648.1944004078468,41081.85166445597,41081.85166445597,0.0,464.01015979844567,0.0,0.0,41081.85166445597,66036.7177862731,66500.72794607154,2832.133759155906,3964.2803653461647,20759.642832821773,16815.310694585638,10800.0,10800.0,0
2025-10-10,M2,13491.69833501244,0.0,572.5815224229444,14064.279857435384,14064.279857435384,0.0,530.8436215998918,0.0,0.0,14064.279857435384,33388.429391781116,33919.27301338101,1489.846811904918,19146.824913307344,20731.528271063595,16792.53789956151,10800.0,10800.0,0
2025-10-11,M2,14365.481050596838,0.0,150.75280937002734,14516.233859966866,14516.233859966866,0.0,149.0123588112637,0.0,0.0,14516.233859966866,34622.827050693486,34771.839409504755,1957.4285935090945,14961.49100276755,19718.980157340913,15972.373927446144,10800.0,10800.0,0
2025-10-12,M2,42029.49562760193,0.0,85.79668839327512,42115.29231599522,42115.29231599522,0.0,99.2441049819376,1.0009420526530448,5.027231459449917,42120.31954745467,67733.5311082286,67832.77521321054,3555.0235105167258,1951.4100281803317,20065.192806488434,16252.806173255634,10800.0,10800.0,1
2025-10-13,M2,43721.665852856524,0.0,28.363476085954602,43750.02932894248,43750.02932894248,0.0,24.884699568544306,0.0,0.0,43750.02932894248,70311.52962241517,70336.41432198373,6563.606338937418,3001.570872400972,19704.4305823439,15960.58877169856,10800.0,10800.0,0
2025-10-14,M2,44555.17144394532,0.0,0.0,44555.17144394532,44555.17144394532,0.0,0.0,0.0,0.0,44555.17144394532,71144.71805493638,71144.71805493638,4363.857250341807,1971.7208385524132,21238.47727741499,17203.16659470614,10800.0,10800.0,0
2025-10-15,M2,44770.238900903416,0.0,0.0,44770.238900903416,44770.238900903416,0.0,0.0,0.0,0.0,44770.238900903416,71834.99285104567,71834.99285104567,4572.77189273741,1370.5764166666665,20903.267850745237,16931.646959103644,10800.0,10800.0,0
2025-10-16,M2,45431.548260807765,0.0,793.4862760580713,46225.03453686584,46225.03453686584,0.0,592.410977099055,0.0,0.0,46225.03453686584,71543.38148698493,72135.79246408399,3527.597932303786,1561.9768408324398,21472.34074183041,17392.596000882637,10800.0,10800.0,0
2025-10-17,M2,14837.923084383076,0.0,46.42792413305679,14884.35100851613,14884.35100851613,0.0,50.72565220986071,0.0,0.0,14884.35100851613,35383.26021003896,35433.985862248825,2115.1913310576183,13622.04824753502,19434.45772099749,15741.91075400796,10800.0,10800.0,0
2025-10-18,M2,14720.902911891313,0.0,59.80035782350198,14780.703269714815,14780.703269714815,0.0,62.34202981100049,0.0,0.0,14780.703269714815,35356.18235073346,35418.52438054446,1762.88443730186,13926.799399064175,19222.354092167174,15570.106814655412,10800.0,10800.0,0
2025-10-19,M2,46492.14118794566,0.0,120.39273626030925,46612.53392420596,46612.53392420596,0.0,139.70765924203704,0.0,0.0,46612.53392420596,72981.14612954264,73120.85378878468,3608.36485769691,1433.0601673287747,22072.138054871968,17878.4318244463,10800.0,10800.0,0
2025-10-20,M2,47931.62694493884,0.0,0.0,47931.62694493884,47931.62694493884,0.0,0.0,0.0,0.0,47931.62694493884,75168.43461543194,75168.43461543194,5469.5028776634135,1153.6964089293056,21602.38401143455,17497.93104926199,10800.0,10800.0,0
2025-10-21,M2,48397.2830276766,0.0,755.9035448117431,49153.186572488354,49153.186572488354,0.0,753.4533604683627,0.0,0.0,49153.186572488354,75130.32974666558,75883.78310713395,4667.492321337086,798.6254166666668,20816.23167963262,16861.14766050242,10800.0,10800.0,0
2025-10-22,M2,48108.897146191775,0.0,323.96093669271914,48432.8580828845,48432.8580828845,0.0,208.4800407682757,3.2979627548518238,18.96960827258136,48451.82769115708,74897.20529978177,75105.68534055004,3981.0849638870104,1458.3436944850155,21656.094447015177,17541.436502082295,10800.0,10800.0,2
2025-10-23,M2,50632.405309031376,0.0,0.0,50632.405309031376,50632.405309031376,0.0,0.0,0.0,0.0,50632.405309031376,79147.40222494141,79147.40222494141,9663.14412391944,2276.3730671005105,20149.410529411292,16321.022528823152,10800.0,10800.0,0
2025-10-24,M2,14629.12193890685,0.0,213.33360818751282,14842.455547094365,14842.455547094365,0.0,215.6830240555028,0.0,0.0,14842.455547094365,35618.287804285,35833.9708283405,1422.4219239372292,12185.988550132539,20028.99809265298,16223.488455048911,10800.0,10800.0,0
2025-10-25,M2,14386.26106205508,0.0,222.5811423111069,14608.842204366189,14608.842204366189,0.0,223.61776692913594,0.0,0.0,14608.842204366189,35285.433819882775,35509.05158681191,1057.8517371051937,11149.192489524421,20545.12961499452,16641.55498814556,10800.0,10800.0,0
2025-10-26,M2,49536.39854184902,0.0,143.21345866352243,49679.612000512534,49679.612000512534,0.0,87.74396045222682,0.0,0.0,49679.612000512534,76648.40043736994,76736.14439782218,6725.296011943079,1630.4440499999992,20189.959574802266,16353.867255589834,10800.0,10800.0,0
2025-10-27,M2,47573.923853401335,0.0,1620.2878869814078,49194.21174038275,49194.21174038275,0.0,1783.4139981293706,0.0,0.0,49194.21174038275,74351.80311647929,76135.21711460865,6646.318028474603,1994.9516333333324,20744.030453337127,16802.66466720307,10800.0,10800.0,0
2025-10-28,M2,48955.233537329696,0.0,579.4391806565449,49534.672717986236,49534.672717986236,0.0,571.4895528444829,0.0,0.0,49534.672717986236,75116.65949707976,75688.14904992425,5185.683564526161,673.9239274672141,20295.36767332042,16439.247815389543,10800.0,10800.0,0
2025-10-29,M2,50907.0039240679,0.0,443.70944788720107,51350.713371955106,51350.713371955106,0.0,305.9839586636192,0.0,0.0,51350.713371955106,77636.27994440623,77942.26390306983,4012.7305940581045,392.5096666666668,22235.61495971089,18010.848117365822,10800.0,10800.0,0
2025-10-30,M2,50097.72766320074,0.0,155.14034797273723,50252.86801117348,50252.86801117348,0.0,122.28349843100182,0.0,0.0,50252.86801117348,76100.4645585974,76222.74805702841,5675.253786303578,1849.1888273074605,20581.514702196757,16671.026908779375,10800.0,10800.0,0
2025-10-31,M2,15520.127839378581,0.0,28.710850509678256,15548.838689888258,15548.838689888258,0.0,29.882361932598712,0.0,0.0,15548.838689888258,36949.46376519886,36979.34612713146,1819.8993096674121,7537.531868694071,19566.43622159641,15848.813339493101,10800.0,10800.0,0
2025-11-01,M2,15437.855639857613,0.0,89.27037192762764,15527.126011785236,15527.126011785236,0.0,93.45835629384584,0.0,0.0,15527.126011785236,37106.356019265804,37199.814375559654,2409.299335952949,8564.92115211788,19376.607653449973,15695.05219929448,10800.0,10800.0,0
2025-11-02,M2,51584.309499584364,0.0,1999.8819394487148,53584.19143903306,53584.19143903306,0.0,1940.0837492345297,0.0,0.0,53584.19143903306,78412.97755063113,80353.06129986566,6878.69409608612,486.47326666666675,22060.578967260702,17869.06896348117,10800.0,10800.0,0
2025-11-03,M2,53646.35926392714,0.0,197.79939642313133,53844.15866035026,53844.15866035026,0.0,160.4798707826326,0.0,0.0,53844.15866035026,80460.69710546623,80621.17697624885,6483.666074008932,914.2489088906991,19570.16689482048,15851.835184804586,10800.0,10800.0,0
2025-11-04,M2,51943.706261476014,0.0,822.0903122995214,52765.796573775544,52765.796573775544,0.0,679.5646743111091,19.63485296827048,121.16282979984811,52886.95940357539,78462.96982929477,79142.53450360589,6056.06147206448,1581.1710924228369,20762.446098702654,16817.58133994915,10800.0,10800.0,2
2025-11-05,M2,54101.581327333784,0.0,117.90961193857044,54219.490939272364,54219.490939272364,0.0,83.16097585242898,0.0,0.0,54219.490939272364,80468.96604151384,80552.12701736626,6075.792334880898,944.1595171533032,20285.026835081026,16430.871736415633,10800.0,10800.0,0
2025-11-06,M2,52964.902014584404,0.0,2127.359689742111,55092.261704326505,55092.261704326505,0.0,1694.2100913988488,0.0,0.0,55092.261704326505,78518.52567134419,80212.73576274305,4642.517735418884,91.3502755384909,21627.80632518777,17518.523123402098,10800.0,10800.0,0
2025-11-07,M2,16006.155550225163,0.0,28.673219254548474,16034.82876947971,16034.82876947971,0.0,31.20424566208652,0.0,0.0,16034.82876947971,38034.688106598085,38065.892352260176,2334.575179472681,8661.127457894794,19745.936481891426,15994.208550332058,10800.0,10800.0,0
2025-11-08,M2,16204.608451769356,0.0,0.0,16204.608451769356,16204.608451769356,0.0,0.0,0.0,0.0,16204.608451769356,38140.02759414728,38140.02759414728,2326.695072426085,8449.236216303618,18804.68002851354,15231.790823095966,10800.0,10800.0,0
2025-11-09,M2,54074.000304093846,0.0,0.0,54074.000304093846,54074.000304093846,0.0,0.0,0.0,0.0,54074.000304093846,80449.64852175034,80449.64852175034,4395.408272675913,716.5363493732593,21004.66692825173,17013.780211883903,10800.0,10800.0,0
2025-11-10,M2,55033.505186478906,0.0,2002.728212480519,57036.23339895942,57036.23339895942,0.0,1740.4740163570166,0.0,0.0,57036.23339895942,81137.58831500198,82878.06233135899,4566.467498820188,287.3526499999998,21925.258329151635,17759.45924661283,10800.0,10800.0,0
2025-11-11,M2,55523.89786441266,0.0,346.8800047370871,55870.77786914976,55870.77786914976,0.0,260.17274085150575,0.0,0.0,55870.77786914976,81863.84542127879,82124.0181621303,6026.195354656387,639.3925166666663,20523.213811266258,16623.803187125664,10800.0,10800.0,0
2025-11-12,M2,54516.39775081879,0.0,1713.0350935007075,56229.43284431949,56229.43284431949,0.0,1387.5527727251456,0.20806971409001562,1.0706227138501754,56230.50346703334,81305.93770565387,82693.49047837901,7239.125043652331,463.5332000000002,21237.118707583,17202.066153142227,10800.0,10800.0,1
2025-11-13,M2,54842.96494955461,0.0,862.5294570741884,55705.4944066288,55705.4944066288,0.0,866.8270323742473,0.0,0.0,55705.4944066288,80277.24233081978,81144.06936319402,4512.3408527652955,266.887333333333,20889.31505488804,16920.345194459318,10800.0,10800.0,0
2025-11-14,M2,15503.00900338796,0.0,201.51839577735467,15704.527399165316,15704.527399165316,0.0,197.6588769937743,0.0,0.0,15704.527399165316,37361.84443650189,37559.50331349566,1669.5866357205807,4554.771438688126,19666.789153089267,15930.099214002306,10800.0,10800.0,0
2025-11-15,M2,16244.209058479784,0.0,301.3005876114517,16545.50964609124,16545.50964609124,0.0,298.81734012197774,0.0,0.0,16545.50964609124,37587.26300640125,37886.080346523224,1671.4138716230252,4188.054437496252,20077.500635459364,16262.775514722085,10800.0,10800.0,0
2025-11-16,M2,56487.71662612676,0.0,1331.5830579996905,57819.299684126454,57819.299684126454,0.0,959.4161850571917,0.0,0.0,57819.299684126454,82576.49592922354,83535.91211428074,4679.861980393922,478.07368333333307,20754.90561694819,16811.47354972803,10800.0,10800.0,0
2025-11-17,M2,56339.466274313156,0.0,2105.715103955918,58445.18137826908,58445.18137826908,0.0,2025.5832249506057,0.0,0.0,58445.18137826908,82565.79746389348,84591.38068884407,7505.59687584225,409.03966220684697,20952.57798664029,16971.58816917864,10800.0,10800.0,0
2025-11-18,M2,56949.86883046629,0.0,156.20543380461456,57106.0742642709,57106.0742642709,0.0,107.61839094148792,0.0,0.0,57106.0742642709,82513.83782347747,82621.45621441895,3610.214702197262,17.7861688058789,21594.22900043417,17491.32549035168,10800.0,10800.0,0
2025-11-19,M2,57431.07549365688,0.0,4455.971683384226,61887.04717704111,61887.04717704111,0.0,3494.877316981983,0.0,0.0,61887.04717704111,82320.77320869153,85815.65052567351,6062.910275779273,418.5666666666664,20872.95780646091,16907.095823233336,10800.0,10800.0,0
2025-11-20,M2,56994.79787393809,0.0,881.3814183039358,57876.179292242035,57876.179292242035,0.0,707.7932148956213,0.0,0.0,57876.179292242035,83135.32819803276,83843.12141292839,5043.484359919761,94.43773333333331,20590.122559694544,16677.999273352587,10800.0,10800.0,0
2025-11-21,M2,16318.562216752816,0.0,1241.2870691145993,17559.84928586741,17559.84928586741,0.0,1798.090561034099,0.0,0.0,17559.84928586741,38166.58319312702,39964.67375416112,2763.7515717297906,4633.951,19487.300609287748,15784.713493523082,10800.0,10800.0,0
2025-11-22,M2,17178.01730213146,0.0,197.0800745150174,17375.09737664648,17375.09737664648,0.0,185.90331919611356,0.0,0.0,17375.09737664648,39516.0727881278,39701.97610732391,1899.7866527469012,3906.6039705274306,19346.084214296054,15670.328213579805,10800.0,10800.0,0
2025-11-23,M2,58149.895135081686,0.0,1689.4828164924068,59839.37795157408,59839.37795157408,0.0,1117.4791540501633,0.0,0.0,59839.37795157408,84259.69153334157,85377.17068739174,5451.457794865607,725.7397833333332,20883.562241365624,16915.68541550616,10800.0,10800.0,0
2025-11-24,M2,57313.94150751959,0.0,33.496791072175554,57347.438298591755,57347.438298591755,0.0,25.618216088984582,18.83966666666663,99.52995899999979,57446.968257591754,83241.63440396087,83267.25262004984,4950.392921443106,310.70213333333345,20331.860694421513,16468.807162481426,10800.0,10800.0,1
2025-11-25,M2,59886.20196832738,0.0,5.423459703637132,59891.62542803101,59891.62542803101,0.0,2.7753974454724357,0.0,0.0,59891.62542803101,86785.41658810474,86788.19198555022,6148.899886998841,300.49518333333356,21948.08657132308,17777.9501227717,10800.0,10800.0,0
2025-11-26,M2,59838.70557859392,0.0,520.6992760031592,60359.40485459709,60359.40485459709,0.0,434.3855185865905,22.59747981035889,121.73262373840333,60481.13747833549,85717.05245589608,86151.43797448266,5336.09217770545,60.651583333333065,21155.92005221537,17136.29524229445,10800.0,10800.0,1
2025-11-27,M2,59553.52979645516,0.0,1025.101796700818,60578.63159315597,60578.63159315597,0.0,816.383711539564,0.0,0.0,60578.63159315597,85188.63776477685,86005.02147631641,5902.436784636055,373.81698333333316,20778.2893421773,16830.414367163612,10800.0,10800.0,0
2025-11-28,M2,16320.993861036004,0.0,622.4245104761052,16943.418371512107,16943.418371512107,0.0,1159.6544507233396,0.0,0.0,16943.418371512107,38908.321376080654,40067.97582680399,2106.813091536333,3216.8699575331025,20121.33804070821,16298.283812973654,10800.0,10800.0,0
2025-11-29,M2,18005.936519053175,0.0,5.917942389398241,18011.854461442574,18011.854461442574,0.0,7.143391139354506,0.0,0.0,18011.854461442574,42495.93977066762,42503.08316180697,2209.9900369855372,1877.916279691205,18345.930237527482,14860.203492397253,10800.0,10800.0,0
2025-11-30,M2,62198.71195556495,0.0,1151.3429782184155,63350.054933783365,63350.054933783365,0.0,775.8051146243001,0.0,0.0,63350.054933783365,87917.42094583303,88693.22606045731,4406.166919583049,0.0,21274.900127408517,17232.669103200897,10800.0,10800.0,0
2025-12-01,M2,66603.88298940132,0.0,10131.024450788143,76734.90744018946,76734.90744018946,0.0,6387.273056328592,453.4434015856075,3006.0599044503087,79740.96734463976,89295.68449170097,95682.95754802958,5510.935869568924,0.0,22771.2491932259,18444.711846512975,10800.0,10800.0,5
2025-12-02,M2,70149.1214076085,0.0,8332.929338209366,78482.0507458179,78482.0507458179,0.0,5259.0215067487925,42.2638858760389,299.50332816733345,78781.55407398524,92564.99397964176,97824.01548639055,4769.148582584936,0.0,23470.109682535032,19010.788842853377,10800.0,10800.0,2
2025-12-03,M2,72532.71544059388,0.0,4895.248327894533,77427.96376848844,77427.96376848844,0.0,3406.481409484687,0.0,0.0,77427.96376848844,95497.51040909073,98903.99181857542,7547.162024920251,0.0,22074.111720992132,17880.030494003622,10800.0,10800.0,0
2025-12-04,M2,74394.06210156657,0.0,1515.4204289806767,75909.48253054726,75909.48253054726,0.0,1009.1718719165408,0.0,0.0,75909.48253054726,97653.9062453895,98663.07811730604,7849.482140872775,0.0,21275.722244385666,17233.33501795239,10800.0,10800.0,0
2025-12-05,M2,22198.950350134943,0.0,1497.440326292401,23696.390676427356,23696.390676427356,0.0,1558.4881462432088,0.0,0.0,23696.390676427356,49477.682450262255,51036.17059650547,4339.171894817202,1610.584127607361,19867.299424987257,16092.512534239688,10800.0,10800.0,0
2025-12-06,M2,23880.810400445556,0.0,1552.1256551271858,25432.936055572747,25432.936055572747,0.0,1401.1556595897907,0.0,0.0,25432.936055572747,51024.47294631379,52425.62860590358,3477.2258906088764,1622.8758743383169,19267.873812051163,15606.977787761443,10800.0,10800.0,0
2025-12-07,M2,78354.15947604083,0.0,0.0,78354.15947604083,78354.15947604083,0.0,0.0,0.0,0.0,78354.15947604083,102049.45620790715,102049.45620790715,10401.336243780483,0.0,21028.624811193076,17033.186097066395,10800.0,10800.0,0
2025-12-08,M2,81295.50869041597,0.0,0.0,81295.50869041597,81295.50869041597,0.0,0.0,0.0,0.0,81295.50869041597,106349.05632220804,106349.05632220804,14461.628817028377,0.0,21264.296781647354,17224.080393134354,10800.0,10800.0,0
2025-12-09,M2,78452.4521194865,0.0,0.0,78452.4521194865,78452.4521194865,0.0,0.0,5.483319267895013,40.55188764571757,78493.00400713221,104219.22088004857,104219.22088004857,12652.637342023707,0.0,22019.013634874194,17835.4010442481,10800.0,10800.0,1
2025-12-10,M2,75392.44432622613,0.0,297.099370691665,75689.5436969178,75689.5436969178,0.0,248.0843122952204,0.0,0.0,75689.5436969178,99461.39165510736,99709.47596740258,6999.253008480998,0.0,22750.549959236436,18427.945466981517,10800.0,10800.0,0
2025-12-11,M2,73876.53312104636,0.0,0.0,73876.53312104636,73876.53312104636,0.0,0.0,0.0,0.0,73876.53312104636,99705.13965807109,99705.13965807109,9541.689862360501,0.0,22116.816293213647,17914.621197503053,10800.0,10800.0,0
2025-12-12,M2,23947.857596712594,0.0,969.2468847402392,24917.10448145284,24917.10448145284,0.0,1251.988698441182,0.0,0.0,24917.10448145284,51901.28047658068,53153.269175021866,4126.998908262073,1643.5620999999999,19306.814123297183,15638.51943987072,10800.0,10800.0,0
2025-12-13,M2,24309.172853113847,0.0,643.8724321445521,24953.0452852584,24953.0452852584,0.0,730.9436532115255,0.0,0.0,24953.0452852584,52366.94359211227,53097.8872453238,4436.299411975593,1132.38245,19635.115789551965,15904.443789537085,10800.0,10800.0,0
2025-12-14,M2,72669.95017570928,0.0,1582.433616205124,74252.38379191438,74252.38379191438,0.0,1095.8709100561703,0.0,0.0,74252.38379191438,95986.46575791013,97082.33666796632,3881.077494623065,0.0,23276.512491280297,18853.975117937043,10800.0,10800.0,0
2025-12-15,M2,74483.35456364017,0.0,689.3215004939414,75172.67606413411,75172.67606413411,0.0,397.25007336446197,0.0,0.0,75172.67606413411,98430.37877303833,98827.6288464028,4927.002224700978,0.0,23321.413973869243,18890.34531883409,10800.0,10800.0,0
2025-12-16,M2,74875.25679009635,0.0,0.0,74875.25679009635,74875.25679009635,0.0,0.0,0.0,0.0,74875.25679009635,99052.00175769864,99052.00175769864,5271.651246124273,0.0,22959.2588328476,18596.99965460656,10800.0,10800.0,0
2025-12-17,M2,73655.03600634358,0.0,170.4573025230232,73825.49330886659,73825.49330886659,0.0,107.78915376860061,0.0,0.0,73825.49330886659,97870.19482908063,97977.98398284924,5498.404140642069,0.0,22567.014608107944,18279.281832567438,10800.0,10800.0,0
2025-12-18,M2,71418.94233222748,0.0,1187.6570222623798,72606.59935448981,72606.59935448981,0.0,757.5350238203231,0.0,0.0,72606.59935448981,95788.30749402047,96545.84251784079,4658.035232132201,0.0,23797.580626536495,19276.040307494564,10800.0,10800.0,0
2025-12-19,M2,22989.65703003547,0.0,765.0372464794018,23754.694276514852,23754.694276514852,0.0,1076.8183020571169,0.0,0.0,23754.694276514852,50275.66624533247,51352.484547389584,2827.3875155950755,1810.6569827160502,20031.835521465597,16225.786772387131,10800.0,10800.0,0
2025-12-20,M2,23414.216061250016,0.0,0.0,23414.216061250016,23414.216061250016,0.0,0.0,0.0,0.0,23414.216061250016,51545.28093801685,51545.28093801685,2954.655330514859,1923.381143562956,20057.327441784375,16246.435227845344,10800.0,10800.0,0
2025-12-21,M2,73267.00196436865,0.0,47.12408906582746,73314.12605343449,73314.12605343449,0.0,32.876686923760076,0.0,0.0,73314.12605343449,97437.94322544282,97470.81991236657,3986.6420399334284,0.0,23402.084240876255,18955.68823510977,10800.0,10800.0,0
2025-12-22,M2,73512.4304540104,0.0,390.1596780236395,73902.59013203405,73902.59013203405,0.0,230.0771876073548,15.834206505647535,75.09121383927894,73977.68134587332,96974.39827699849,97204.47546460583,3779.3111647316637,0.0,23703.007489718395,19199.4360666719,10800.0,10800.0,2
2025-12-23,M2,73438.53400479892,0.0,9.965906093312281,73448.49991089223,73448.49991089223,0.0,4.941153140340248,0.0,0.0,73448.49991089223,97542.47361839932,97547.41477153965,5921.050467239171,0.0,22990.90405772189,18622.632286754735,10800.0,10800.0,0
2025-12-24,M2,71635.57307859256,0.0,66.51010948836941,71702.08318808091,71702.08318808091,0.0,33.57932700086269,7.555392118781469,49.42359754500898,71751.50678562593,96048.97585162544,96082.5551786263,3738.1991971938082,0.0,23670.273983603194,19172.921926718587,10800.0,10800.0,1
2025-12-25,M2,70740.83018824126,0.0,144.59539202757333,70885.42558026887,70885.42558026887,0.0,77.55386663315232,0.0,0.0,70885.42558026887,94703.2613511633,94780.81521779645,2487.983143838413,0.0,23580.96600328802,19100.5824626633,10800.0,10800.0,0
2025-12-26,M2,22647.066731375613,0.0,617.2750012109378,23264.34173258656,23264.34173258656,0.0,507.51088725417367,0.0,0.0,23264.34173258656,50001.8919834603,50509.402870714475,2272.425502282978,1303.9041,20660.267553148245,16734.81671805008,10800.0,10800.0,0
2025-12-27,M2,22666.995955460814,0.0,233.13379985293534,22900.129755313756,22900.129755313756,0.0,181.4445650766046,0.0,0.0,22900.129755313756,50819.44370785968,51000.888272936296,2352.934750590272,1504.6289666666667,20023.765731645744,16219.250242633052,10800.0,10800.0,0
2025-12-28,M2,72214.31962920776,0.0,246.3760252153193,72460.69565442305,72460.69565442305,0.0,130.30932320639556,42.24576545813784,318.1051202206738,72778.80077464372,96994.55531235697,97124.86463556337,6107.519789405542,0.0,22370.188745347186,18119.852883731226,10800.0,10800.0,2
2025-12-29,M2,71852.217022947,0.0,474.1835912433388,72326.40061419034,72326.40061419034,0.0,401.8342564123954,0.0,0.0,72326.40061419034,96558.30246602569,96960.1367224381,5107.336009852859,0.0,22784.391820624092,18455.35737470552,10800.0,10800.0,0
2025-12-30,M2,69988.39989033634,0.0,591.1013098104605,70579.50120014677,70579.50120014677,0.0,404.03431088040986,8.162163738416439,59.70622774651625,70639.20742789329,95310.71576571073,95714.75007659115,5021.447846023492,0.0,23563.483127926716,19086.421333620638,10800.0,10800.0,1
2025-12-31,M2,70897.1624999314,0.0,344.6322960841836,71241.79479601559,71241.79479601559,0.0,239.74172225822429,15.641676563534656,75.13055267294251,71316.92534868853,95135.73233866939,95375.47406092763,2223.1081331820296,0.0,24328.97500638153,19807.39033540573,10800.0,10687.866021959231,2
2025-02-01,M3,21416.469466432165,0.0,12930.425732571532,34346.89519900371,34346.89519900371,0.0,12993.910843478156,0.0,0.0,34346.89519900371,50603.78729594977,63597.69813942792,17895.643482132935,8819.148117901233,13182.792663475928,10678.062057415504,10800.0,10800.0,0
2025-02-02,M3,66059.49250897199,0.0,24600.28757136267,90659.78008033465,90659.78008033465,0.0,16886.915928434697,0.0,0.0,90659.78008033465,94146.99840815738,111033.91433659208,28796.299666207364,437.1925500000002,18127.074580972167,14682.930410587454,10800.0,10800.0,0
2025-02-03,M3,87859.32129643545,0.0,20845.890050563386,108705.21134699885,108705.21134699885,0.0,13280.84820468181,0.0,0.0,108705.21134699885,115849.78352563512,129130.63173031693,46643.11762011974,80.66648333333342,11525.953299283592,9336.022172419714,10800.0,10800.0,0
2025-02-04,M3,87697.73917214684,0.0,21574.99672755205,109272.73589969885,109272.73589969885,0.0,13712.20137319643,0.0,0.0,109272.73589969885,115696.58927898729,129408.79065218371,45332.64759221222,319.04835000000026,13485.425052481616,10923.19429251011,10800.0,10800.0,0
2025-02-05,M3,83564.31916648531,0.0,26009.030524963327,109573.34969144862,109573.34969144862,0.0,16788.932828690427,0.0,0.0,109573.34969144862,111112.6858587155,127901.61868740593,44611.1987266636,41.18235000000027,13162.161196889505,10661.350569480503,10800.0,10800.0,0
2025-02-06,M3,85505.78854331146,0.0,23354.63945337224,108860.42799668375,108860.42799668375,0.0,14999.609396205335,0.0,0.0,108860.42799668375,113388.4474760007,128388.05687220604,45562.57677014005,1.400816666666742,13436.958256487673,10883.936187755013,10800.0,10800.0,0
2025-02-07,M3,30323.16959869842,0.0,18026.45717931285,48349.626778011254,48349.626778011254,0.0,15527.373703772866,0.0,0.0,48349.626778011254,65474.57829246356,81001.95199623643,36784.61682053709,10832.261514819578,8312.59996954256,6733.205975329474,10800.0,10800.0,0
2025-02-08,M3,26818.355126870247,0.0,19675.768644266824,46494.12377113705,46494.12377113705,0.0,17528.18715854636,0.0,0.0,46494.12377113705,59472.190816937495,77000.37797548385,32706.563097712828,10863.910733333332,9751.270672479066,7898.529244708045,10800.0,10800.0,0
2025-02-09,M3,79429.16225245046,0.0,27031.429539152483,106460.59179160296,106460.59179160296,0.0,17857.70272369901,0.0,0.0,106460.59179160296,107069.70360775213,124927.40633145116,42813.40225497393,52.42941666666661,13190.308911283642,10684.150218139748,10800.0,10800.0,0
2025-02-10,M3,78460.6056465194,0.0,21418.59177605543,99879.19742257487,99879.19742257487,0.0,13918.602581442832,0.0,0.0,99879.19742257487,108656.54834511016,122575.150926553,44703.66416846385,1451.7277666666669,11016.428463627108,8923.307055537958,10800.0,10800.0,0
2025-02-11,M3,66744.0792092697,0.0,22541.351636963398,89285.43084623314,89285.43084623314,0.0,16175.34169761253,0.0,0.0,89285.43084623314,94727.4822171117,110902.82391472423,31816.380544126696,791.998266666667,16178.147213671225,13104.299243073689,10800.0,10800.0,0
2025-02-12,M3,67377.66978538755,0.0,20424.31174192948,87801.98152731708,87801.98152731708,0.0,14753.1484768113,0.0,0.0,87801.98152731708,95725.80600544722,110478.9544822585,31006.12916810868,1168.1045500000002,15989.392793771101,12951.408162954593,10800.0,10800.0,0
2025-02-13,M3,66863.90559607356,0.0,20329.824125551793,87193.72972162535,87193.72972162535,0.0,14677.925811662939,0.0,0.0,87193.72972162535,95727.65892787508,110405.58473953803,34747.55081753121,1784.2059833333337,13391.310115825316,10846.961193818506,10800.0,10800.0,0
2025-02-14,M3,22078.540956081248,0.0,14067.964230169817,36146.50518625109,36146.50518625109,0.0,13779.91574135691,0.0,0.0,36146.50518625109,51080.775168546286,64860.69090990319,22323.36771018779,10245.628057250002,13104.701714730201,10614.808388931466,10800.0,10800.0,0
2025-02-15,M3,22181.404029598038,0.0,13074.936472709018,35256.34050230705,35256.34050230705,0.0,11964.916649811703,0.0,0.0,35256.34050230705,51017.86658926874,62982.78323908044,20703.6527599106,10891.25772588542,11093.58764886541,8985.805995580988,10800.0,10800.0,0
2025-02-16,M3,68394.8303395315,0.0,20626.464641330098,89021.29498086158,89021.29498086158,0.0,14465.101911335332,0.0,0.0,89021.29498086158,96248.20708985812,110713.30900119344,32028.665032346296,571.048033333333,14401.141239546421,11664.924404032605,10800.0,10800.0,0
2025-02-17,M3,66969.5069364564,0.0,20130.19395681143,87099.70089326783,87099.70089326783,0.0,14373.170441355618,0.0,0.0,87099.70089326783,95814.90989536609,110188.08033672172,34558.97880590189,1686.880583333333,14517.672530630636,11759.314749810808,10800.0,10800.0,0
2025-02-18,M3,62909.51775243221,0.0,24057.0817510095,86966.59950344171,86966.59950344171,0.0,17821.66784512316,0.0,0.0,86966.59950344171,91166.53170348718,108988.19954861034,33105.69621647394,1075.3626166666659,14293.436484928434,11577.683552792034,10800.0,10800.0,0
2025-02-19,M3,55661.96412307637,0.0,26620.125503512427,82282.08962658877,82282.08962658877,0.0,19390.538868049072,0.0,0.0,82282.08962658877,83430.4353519253,102820.97421997436,25167.06934919581,1629.7482833333327,16551.732653220464,13406.903449108577,10800.0,10800.0,0
2025-02-20,M3,58086.12446686006,0.0,24052.075817500438,82138.20028436049,82138.20028436049,0.0,17546.39398239695,0.0,0.0,82138.20028436049,85979.32821215081,103525.72219454776,27874.09542511349,1614.8650999999993,16019.0944005313,12975.466464430354,10800.0,10800.0,0
2025-02-21,M3,18018.53160292314,0.0,12729.528290673506,30748.059893596648,30748.059893596648,0.0,14638.64417128701,0.0,0.0,30748.059893596648,43135.581823836954,57774.225995123954,16311.513370140368,13497.901535243924,12655.521349506998,10250.972293100664,10800.0,10800.0,0
2025-02-22,M3,18987.154556378555,0.0,11906.610594688007,30893.765151066564,30893.765151066564,0.0,13314.726008613812,0.0,0.0,30893.765151066564,45171.694830726046,58486.42083933986,17031.9135797336,11030.441581004594,13575.277869833313,10995.97507456498,10800.0,10800.0,0
2025-02-23,M3,57580.118747967965,0.0,26143.541991702128,83723.66073967013,83723.66073967013,0.0,18685.9074326664,0.0,0.0,83723.66073967013,85794.43535168457,104480.34278435096,29014.15436225041,1012.5197166666669,15377.97380052922,12456.158778428666,10800.0,10800.0,0
2025-02-24,M3,55368.563618044434,0.0,25104.987978481124,80473.55159652558,80473.55159652558,0.0,19071.074218159407,0.0,0.0,80473.55159652558,83206.90936244438,102277.98358060379,28261.75678002606,2769.309716666667,16020.439301286318,12976.55583404192,10800.0,10800.0,0
2025-02-25,M3,53445.44977741072,0.0,25260.309109927843,78705.75888733858,78705.75888733858,0.0,19464.648107094385,0.0,0.0,78705.75888733858,81911.49231028419,101376.14041737857,28780.952488711155,3862.1512666666663,15324.80751930219,12413.094090634771,10800.0,10800.0,0
2025-02-26,M3,51346.6146018017,0.0,26496.129034807833,77842.74363660955,77842.74363660955,0.0,20414.630026295647,0.0,0.0,77842.74363660955,78409.45434394648,98824.08437024213,24723.330453118855,2174.395566666666,16376.370090122447,13264.859772999182,10800.0,10800.0,0
2025-02-27,M3,50479.14689779509,0.0,21084.33553238829,71563.48243018339,71563.48243018339,0.0,15797.523751004243,0.0,0.0,71563.48243018339,78945.90614581294,94743.42989681718,21209.52972748836,3267.0881666666664,17422.251592958775,14112.02379029661,10800.0,10800.0,0
2025-02-28,M3,16880.26408624882,0.0,8175.097774116075,25055.3618603649,25055.3618603649,0.0,10256.046901175512,0.0,0.0,25055.3618603649,41857.86997830875,52113.91687948427,12380.160174928013,13661.978354805864,14627.288419738914,11848.103619988524,10800.0,10800.0,0
2025-03-01,M3,17986.572773575317,0.0,5297.275326374651,23283.848099949973,23283.848099949973,0.0,5331.69264040548,0.0,0.0,23283.848099949973,44461.84394425999,49793.53658466547,10681.529106018024,12649.053689663722,14758.883450791525,11954.695595141135,10800.0,10800.0,0
2025-03-02,M3,52870.17120768754,0.0,24836.180364572,77706.35157225952,77706.35157225952,0.0,18679.29010242734,0.0,0.0,77706.35157225952,80318.79702933249,98998.08713175984,23282.401776571533,204.51718333333315,16594.00581678061,13441.144711592295,10800.0,10800.0,0
2025-03-03,M3,56707.74800643246,0.0,19561.507434008814,76269.25544044128,76269.25544044128,0.0,13900.681945802358,0.0,0.0,76269.25544044128,84955.20821273926,98855.89015854162,22438.254991785467,1098.2015666666662,17380.457719769267,14078.170753013103,10800.0,10800.0,0
2025-03-04,M3,54755.599027533906,0.0,22271.95617460719,77027.5552021411,77027.5552021411,0.0,16929.656821511795,0.0,0.0,77027.5552021411,82512.31905601741,99441.97587752918,25565.931134058425,1479.8917833333333,16824.71066739001,13628.015640585902,10800.0,10800.0,0
2025-03-05,M3,51741.221381549105,0.0,22347.637491286496,74088.85887283563,74088.85887283563,0.0,17045.985122371843,0.0,0.0,74088.85887283563,80518.98998849979,97564.97511087163,26402.52985151884,1994.4603333333332,15986.91004922525,12949.397139872446,10800.0,10800.0,0
2025-03-06,M3,48367.2160755803,0.0,23451.936279298796,71819.15235487909,71819.15235487909,0.0,18175.056369420105,0.0,0.0,71819.15235487909,75894.61245826012,94069.66882768023,22839.461256110524,2265.4421333333325,15916.375288963374,12892.263984060333,10800.0,10800.0,0
2025-03-07,M3,16296.708613904735,0.0,5377.101229043745,21673.80984294848,21673.80984294848,0.0,7008.707125283886,0.0,0.0,21673.80984294848,41795.770247764434,48804.47737304832,11220.047656987817,13951.077495903963,14268.772035911623,11557.705349088414,10800.0,10800.0,0
2025-03-08,M3,15590.210111719449,0.0,6357.893391296713,21948.103503016173,21948.103503016173,0.0,8407.661142612738,0.0,0.0,21948.103503016173,39665.43526130929,48073.09640392204,10643.273538921863,15645.283221749409,14323.158560968928,11601.758434384828,10800.0,10800.0,0
2025-03-09,M3,47184.51573798203,0.0,20980.72846219628,68165.24420017832,68165.24420017832,0.0,16459.26257834899,0.0,0.0,68165.24420017832,75382.1409925033,91841.40357085229,21719.504657080128,3669.585083333333,16414.677791783324,13295.88901134449,10800.0,10800.0,0
2025-03-10,M3,47095.582803584475,0.0,27369.24748739805,74464.83029098254,74464.83029098254,0.0,21298.870980515178,0.0,0.0,74464.83029098254,73010.3270464412,94309.19802695638,22158.281812007895,793.3967999999992,17449.726131307863,14134.278166359367,10800.0,10800.0,0
2025-03-11,M3,46892.867396795555,0.0,25068.853879845825,71961.7212766414,71961.7212766414,0.0,19879.077988292374,0.0,0.0,71961.7212766414,74192.78476122128,94071.86274951365,24470.55171150964,2871.969583333333,14686.435024582559,11896.012369911876,10800.0,10800.0,0
2025-03-12,M3,48437.52137180802,0.0,18310.627787582165,66748.1491593902,66748.1491593902,0.0,14320.69361170787,0.0,0.0,66748.1491593902,76897.4054156641,91218.09902737197,22154.13007390418,3666.6315333333328,15588.43545684801,12626.63272004689,10800.0,10800.0,0
2025-03-13,M3,48162.227848522954,0.0,25149.228180948598,73311.45602947152,73311.45602947152,0.0,19850.381565329357,0.0,0.0,73311.45602947152,74874.52264335065,94724.90420868003,23297.690002450698,727.2411999999996,16601.868366119274,13447.513376556612,10800.0,10800.0,0
2025-03-14,M3,15918.914179918775,0.0,3853.7148489327756,19772.629028851552,19772.629028851552,0.0,5579.646644254071,0.0,0.0,19772.629028851552,40366.873529922275,45946.520174176345,10472.420852324987,16751.754789610666,14173.255520565057,11480.336971657696,10800.0,10800.0,0
2025-03-15,M3,16249.643673094599,0.0,7419.539824350027,23669.18349744461,23669.18349744461,0.0,10846.593153405347,0.0,0.0,23669.18349744461,39707.398790314386,50553.99194371974,13811.610304103053,13064.747315593902,14492.15354748836,11738.644373465573,10800.0,10800.0,0
2025-03-16,M3,47180.88406232819,0.0,25006.41974896836,72187.30381129652,72187.30381129652,0.0,19944.5989600995,1.6400000000001,8.081100000000493,72195.38491129651,74675.90570842946,94620.50466852897,25919.831212588135,2646.5368333333336,14235.419417232464,11530.689727958294,10800.0,10800.0,1
2025-03-17,M3,45999.50391130711,0.0,18502.03142454848,64501.53533585559,64501.53533585559,0.0,15374.04770759046,0.0,0.0,64501.53533585559,74264.07603578753,89638.12374337798,24025.116619980818,5114.210516666666,13898.237754721977,11257.572581324805,10800.0,10800.0,0
2025-03-18,M3,45499.4528065527,0.0,21571.07286325792,67070.52566981062,67070.52566981062,0.0,17500.014813414095,0.0,0.0,67070.52566981062,73129.5684672276,90629.58328064169,22829.73117885616,3620.416366666666,16070.933518169444,13017.45614971725,10800.0,10800.0,0
2025-03-19,M3,43132.91756577268,0.0,22336.823239083355,65469.740804856054,65469.740804856054,0.0,19610.77353325643,0.0,0.0,65469.740804856054,69529.97856978989,89140.75210304631,21987.1859874235,4600.373233333333,16251.170696260442,13163.44826397096,10800.0,10800.0,0
2025-03-20,M3,45775.135459408964,0.0,18957.012672596506,64732.14813200546,64732.14813200546,0.0,15499.396009096008,0.0,0.0,64732.14813200546,73259.30854178546,88758.70455088146,20650.295720126614,2909.5473833333326,15736.31384607821,12746.414215323348,10800.0,10800.0,0
2025-03-21,M3,14820.985083360576,0.0,3359.7721865384133,18180.75726989899,18180.75726989899,0.0,3626.456520032638,0.0,0.0,18180.75726989899,38361.416823941414,41987.87334397406,7285.319863273136,19749.67407356727,15365.34152877361,12445.926638306624,10800.0,10800.0,0
2025-03-22,M3,15199.479757148823,0.0,3721.7127378811306,18921.192495029954,18921.192495029954,0.0,4531.247720808581,0.0,0.0,18921.192495029954,37579.924961422475,42111.17268223105,7457.512919105215,15928.822379229901,14966.513950329529,12122.876299766924,10800.0,10800.0,0
2025-03-23,M3,44907.81879345132,0.0,20984.72321069594,65892.54200414725,65892.54200414725,0.0,17430.151117043493,0.0,0.0,65892.54200414725,73214.4483646641,90644.59948170763,23978.06210700227,4970.122566666666,15403.656270379,12476.961579006991,10800.0,10800.0,0
2025-03-24,M3,42909.67332856997,0.0,20720.763116990598,63630.43644556055,63630.43644556055,0.0,17278.056873572852,0.0,0.0,63630.43644556055,70097.99180974271,87376.04868331556,20828.955637583873,5483.957616666667,16129.67550385105,13065.037158119354,10800.0,10800.0,0
2025-03-25,M3,45451.82063072302,0.0,17399.233386933473,62851.05401765649,62851.05401765649,0.0,13912.872577324302,0.0,0.0,62851.05401765649,73273.41426849502,87186.28684581934,18889.020395805557,4410.7941833333325,15454.460789546189,12518.113239532415,10800.0,10800.0,0
2025-03-26,M3,40771.3329939844,0.0,21894.803248045457,62666.13624202986,62666.13624202986,0.0,20054.98134322238,0.0,0.0,62666.13624202986,67119.78726546759,87174.76860868998,22705.555949702182,5917.7654,15573.117854321776,12614.225462000646,10800.0,10800.0,0
2025-03-27,M3,41521.07320460125,0.0,21921.215187447404,63442.28839204863,63442.28839204863,0.0,19463.19697099311,0.0,0.0,63442.28839204863,68216.92729838411,87680.12426937721,21714.86144244812,4402.525933333334,14977.618387346114,12131.870893750352,10800.0,10800.0,0
2025-03-28,M3,14304.445178999951,0.0,2852.2759339286063,17156.72111292856,17156.72111292856,0.0,2861.2546474720157,0.0,0.0,17156.72111292856,36555.50713306571,39416.76178053773,5383.085642171146,20378.585781352558,14911.62942288084,12078.419832533476,10800.0,10800.0,0
2025-03-29,M3,14348.810548192863,0.0,3045.725214287547,17394.53576248041,17394.53576248041,0.0,2959.0237854273664,0.0,0.0,17394.53576248041,36807.88572806978,39766.90951349715,4826.517781877724,24502.302595949124,14373.05238072087,11642.172428383903,10800.0,10800.0,0
2025-03-30,M3,39134.4443951938,0.0,19045.84035521656,58180.284750410356,58180.284750410356,0.0,17602.51079870908,0.0,0.0,58180.284750410356,65539.05091723315,83141.56171594225,18631.6437955249,6180.314516666666,15705.17738816151,12721.193684410826,10800.0,10800.0,0
2025-03-31,M3,39476.804110612575,0.0,22601.398420408426,62078.20253102098,62078.20253102098,0.0,20876.004023015597,0.0,0.0,62078.20253102098,65054.140225542,85930.1442485576,21457.389515125487,4513.18236703671,15832.541489800373,12824.358606738308,10800.0,10800.0,0
2025-04-01,M3,44615.31818566436,0.0,21072.689228137784,65688.00741380213,65688.00741380213,0.0,17975.37186931715,0.0,0.0,65688.00741380213,71760.56557316089,89735.93744247804,24540.940244342797,2275.0845833333333,14268.742621764446,11557.6815236292,10800.0,10800.0,0
2025-04-02,M3,42100.336031347324,0.0,23493.611614343816,65593.9476456911,65593.9476456911,0.0,20150.779698364953,0.0,0.0,65593.9476456911,69490.17157535908,89640.95127372403,22748.70110665513,3397.571266666667,16101.807896853878,13042.46439645164,10800.0,10800.0,0
2025-04-03,M3,43749.443129638894,0.0,17955.387379161304,61704.83050880021,61704.83050880021,0.0,15297.770543135546,0.0,0.0,61704.83050880021,71728.10080927185,87025.87135240738,22289.938183360166,6034.122800979244,14938.316323164843,12100.036221763523,10800.0,10800.0,0
2025-04-04,M3,13386.743804066347,0.0,2672.350391547684,16059.094195614032,16059.094195614032,0.0,2726.8973778650843,0.0,0.0,16059.094195614032,35196.67383796902,37923.571215834105,4752.158235631732,23613.484176397287,16458.560809500446,13331.434255695358,10800.0,10800.0,0
2025-04-05,M3,13767.881106845567,0.0,2803.2624968622486,16571.14360370782,16571.14360370782,0.0,2913.3953351038017,0.0,0.0,16571.14360370782,34998.285122166126,37911.68045726992,4424.935402307209,18495.893524138726,15509.139723635046,12562.403176144391,10800.0,10800.0,0
2025-04-06,M3,41597.530202952585,0.0,16842.52867662486,58440.05887957743,58440.05887957743,0.0,14785.784078984489,0.0,0.0,58440.05887957743,69032.91757541825,83818.70165440276,20218.27055211836,6126.941316666665,16123.229047110828,13059.815528159766,10800.0,10800.0,0
2025-04-07,M3,39359.51973946897,0.0,19867.765930373756,59227.28566984272,59227.28566984272,0.0,18583.30566346411,0.0,0.0,59227.28566984272,65680.75494873509,84264.06061219919,22139.9992300905,5951.187584579486,15421.865864188854,12491.711349992975,10800.0,10800.0,0
2025-04-08,M3,39640.09195358794,0.0,17720.753347915444,57360.84530150338,57360.84530150338,0.0,16307.10207671002,0.0,0.0,57360.84530150338,66747.29278420346,83054.39486091348,18588.684165369858,7131.457410632774,15689.787727600993,12708.728059356807,10800.0,10800.0,0
2025-04-09,M3,40463.91522486576,0.0,21462.458302108564,61926.37352697432,61926.37352697432,0.0,19067.22672168159,0.0,0.0,61926.37352697432,66765.40152203306,85832.62824371464,20801.768579461255,3088.3089185153817,14780.209100375532,11971.96937130418,10800.0,10800.0,0
2025-04-10,M3,40705.44294099204,0.0,19969.15612543108,60674.59906642313,60674.59906642313,0.0,18300.86587692909,0.0,0.0,60674.59906642313,67977.45073224386,86278.31660917295,21815.747687207433,7082.157366666665,15367.229764730811,12447.456109431956,10800.0,10800.0,0
2025-04-11,M3,13254.385784172991,0.0,2752.1153730155274,16006.501157188522,16006.501157188522,0.0,2909.0387850578463,0.0,0.0,16006.501157188522,34258.80457422591,37167.843359283754,4726.3328714183535,24149.450802667492,15660.050097532834,12684.640579001589,10800.0,10800.0,0
2025-04-12,M3,13282.578008826595,0.0,2506.774096598057,15789.352105424654,15789.352105424654,0.0,2558.07682627544,0.0,0.0,15789.352105424654,33982.36539343529,36540.442219710734,4647.081690313491,19905.84111548697,15591.362441633042,12629.003577722766,10800.0,10800.0,0
2025-04-13,M3,38116.20792344613,0.0,19390.55480435681,57506.76272780297,57506.76272780297,0.0,18472.831697956502,0.0,0.0,57506.76272780297,63453.690800811455,81926.52249876797,19227.635559507904,5552.468583333333,15105.578276807326,12235.518404213934,10800.0,10800.0,0
2025-04-14,M3,39794.19349884089,0.0,15964.118284016502,55758.3117828574,55758.3117828574,0.0,14372.15060974436,0.0,0.0,55758.3117828574,67155.98696599004,81528.1375757344,19556.609802848147,6592.134049999999,15007.168015190884,12155.806092304618,10800.0,10800.0,0
2025-04-15,M3,38092.41920689763,0.0,17621.05090261385,55713.4701095115,55713.4701095115,0.0,17161.894113305927,0.0,0.0,55713.4701095115,64851.80514312152,82013.69925642744,21070.26109496376,8110.393824897116,14176.923701227572,11483.308197994334,10800.0,10800.0,0
2025-04-16,M3,39437.418798156825,0.0,20740.622716334747,60178.041514491546,60178.041514491546,0.0,18873.62556101549,0.0,0.0,60178.041514491546,65778.06978022063,84651.69534123613,21557.678108787448,4522.642416666667,14693.594030431677,11901.811164649665,10800.0,10800.0,0
2025-04-17,M3,38405.585036308956,0.0,18897.161185007026,57302.74622131599,57302.74622131599,0.0,17913.76218954596,0.0,0.0,57302.74622131599,65184.67095119233,83098.43314073829,21410.51733719514,5884.109916666666,15449.808088823622,12514.344551947139,10800.0,10800.0,0
2025-04-18,M3,12488.293627624867,0.0,2812.605861558436,15300.899489183308,15300.899489183308,0.0,3049.6987833210337,0.0,0.0,15300.899489183308,33001.925610239865,36051.6243935609,5061.995479891289,21504.26387871825,16480.251850621215,13349.003999003187,10800.0,10800.0,0
2025-04-19,M3,12381.386647323836,0.0,3155.8938952033977,15537.28054252723,15537.28054252723,0.0,3427.9590153551835,0.0,0.0,15537.28054252723,32317.02985831425,35744.988873669434,5140.630262212462,20654.8281122156,16657.11183811245,13492.260588871082,10800.0,10800.0,0
2025-04-20,M3,38341.00081840754,0.0,17772.48710370847,56113.487922115986,56113.487922115986,0.0,17163.032123651596,0.0,0.0,56113.487922115986,64559.251185258705,81722.2833089103,20808.779290101047,6069.834921038533,15189.074812828367,12303.150598390977,10800.0,10800.0,0
2025-04-21,M3,37914.832006761404,0.0,14848.689229412366,52763.52123617379,52763.52123617379,0.0,13773.529304395757,0.0,0.0,52763.52123617379,65773.3361425788,79546.86544697455,19146.45652711173,9000.041902203,15176.087549086804,12292.63091476031,10800.0,10800.0,0
2025-04-22,M3,37953.42803042242,0.0,18217.30315124501,56170.731181667434,56170.731181667434,0.0,17669.269793455765,0.0,0.0,56170.731181667434,64052.185003531136,81721.4547969869,20844.839399836095,5826.009559779913,15250.929056338076,12353.252535633846,10800.0,10800.0,0
2025-04-23,M3,37878.828953715834,0.0,18095.369435765675,55974.198389481535,55974.198389481535,0.0,17505.31898126862,0.0,0.0,55974.198389481535,64107.42267318336,81612.74165445198,21734.511923168684,5615.7971938271585,15065.87274099728,12203.356920207796,10800.0,10800.0,0
2025-04-24,M3,37118.014189965266,0.0,14304.072617673755,51422.08680763903,51422.08680763903,0.0,14101.034735064439,0.0,0.0,51422.08680763903,63303.1346338867,77404.16936895114,18339.83239724485,9142.083804681597,14906.03403697207,12073.887569947377,10800.0,10800.0,0
2025-04-25,M3,11247.14269893447,0.0,2653.2832920760584,13900.425991010532,13900.425991010532,0.0,2998.9349684243534,0.0,0.0,13900.425991010532,30404.82693693717,33403.76190536153,3727.9146773785224,24226.364463398582,18153.29007676013,14704.164962175711,10800.0,10800.0,0
2025-04-26,M3,11921.829067440824,0.0,2632.7080516042365,14554.537119045057,14554.537119045057,0.0,2831.6634068671256,0.0,0.0,14554.537119045057,30761.254897917577,33592.918304784704,3541.760481932669,26700.510600798876,17265.545203788606,13985.091615068777,10800.0,10800.0,0
2025-04-27,M3,35705.201945614215,0.0,14639.666308156222,50344.86825377045,50344.86825377045,0.0,15133.141127632176,0.0,0.0,50344.86825377045,61680.34113226372,76813.48225989589,16934.712108222207,8264.956933333333,16001.800184247422,12961.458149240414,10800.0,10800.0,0
2025-04-28,M3,38853.77848062989,0.0,19090.669895583844,57944.44837621377,57944.44837621377,0.0,18057.476089819505,0.0,0.0,57944.44837621377,64576.022994748506,82633.49908456803,19788.137228117397,3113.4850500000007,16367.944683073456,13258.035193289501,10800.0,10800.0,0
2025-04-29,M3,37580.9999792973,0.0,13571.100119251345,51152.10009854869,51152.10009854869,0.0,12887.83687805808,0.0,0.0,51152.10009854869,65463.82437661755,78351.66125467565,18789.802051545827,9405.38547078189,14332.94745095398,11609.68743527272,10800.0,10800.0,0
2025-04-30,M3,35466.96602421721,0.0,15689.266233584074,51156.23225780128,51156.23225780128,0.0,16295.0057321774,0.0,0.0,51156.23225780128,60753.81523786209,77048.82097003948,19535.069479936785,6390.457933333332,15086.521702294922,12220.082578858886,10800.0,10800.0,0
2025-05-01,M3,36912.383726343185,0.0,14252.11459323412,51164.49831957729,51164.49831957729,0.0,13522.774275512951,541.5587716337986,3442.2829430292263,54606.78126260651,61427.554790065085,74950.32906557803,13483.850968931169,8230.779816666667,16357.483281728362,13591.605030114364,10800.0,10419.951586761788,4
2025-05-02,M3,13133.160486256951,0.0,3945.1617931840706,17078.322279441025,17078.322279441025,0.0,4615.959833255714,0.0,0.0,17078.322279441025,31940.9304327064,36556.89026596211,3047.155486456802,15269.250153169074,18990.110374150085,15039.945831147179,10419.951586761788,10800.0,0
2025-05-03,M3,13623.009523155542,0.0,2623.9352093127845,16246.944732468335,16246.944732468335,0.0,3052.876009887193,0.0,0.0,16246.944732468335,33021.04054060992,36073.91655049712,3069.6218183539163,20603.97526513256,18595.51482637178,15062.367009361147,10800.0,10800.0,0
2025-05-04,M3,42207.85874620221,0.0,15825.601184381236,58033.459930583456,58033.459930583456,0.0,14969.472167689419,5.9969500000000835,39.825744950000555,58073.28567553346,68852.46847254575,83821.94064023515,22249.423422307947,6956.002265491146,15199.181942645972,12311.337373543243,10800.0,10800.0,1
2025-05-05,M3,39994.38899160359,0.0,18288.383444979394,58282.77243658299,58282.77243658299,0.0,18186.65639136591,0.0,0.0,58282.77243658299,65425.63414696026,83612.29053832617,20023.280449270314,5576.218066666667,15456.764328364221,12519.979105975019,10800.0,10800.0,0
2025-05-06,M3,39818.6607349063,0.0,17816.70064373898,57635.3613786453,57635.3613786453,0.0,17493.774261215018,0.0,0.0,57635.3613786453,65179.22660591157,82673.00086712657,19364.506319512344,7469.409283333333,15925.007101539193,12956.004203924953,10800.0,10736.946164801986,0
2025-05-07,M3,39572.37492512909,0.0,19335.113160881294,58907.488086010366,58907.488086010366,0.0,18700.751890551852,0.0,0.0,58907.488086010366,64800.59709890524,83501.3489894571,19040.184410306374,6404.217133333333,15433.437074416739,12444.335578599344,10736.946164801986,10800.0,0
2025-05-08,M3,44632.365761611836,0.0,15726.294619868797,60358.66038148065,60358.66038148065,0.0,14512.781988463637,0.0,0.0,60358.66038148065,71158.11032948349,85670.89231794715,22730.123058530415,4239.147684557458,15132.153551890891,12257.044377031623,10800.0,10800.0,0
2025-05-09,M3,14671.160671045569,0.0,3103.3120377230093,17774.47270876858,17774.47270876858,0.0,3328.0529445128077,0.0,0.0,17774.47270876858,34789.18245180182,38117.23539631463,5284.852814582968,21075.85665986773,17142.842483494336,13885.702411630411,10800.0,10800.0,0
2025-05-10,M3,14914.086549358355,0.0,3193.92892734717,18108.01547670552,18108.01547670552,0.0,4786.552249648356,0.0,0.0,18108.01547670552,34644.26943711096,39430.821686759315,6290.681506153032,17804.22819563546,16920.35106124993,13705.484359612441,10800.0,10800.0,0
2025-05-11,M3,41652.56499718146,0.0,19169.726387956292,60822.29138513774,60822.29138513774,0.0,18046.35323569785,41.18071666666674,272.24827716666715,61094.53966230441,68128.74362331134,86175.0968590092,22908.98204468899,4917.5353,15293.058671860732,12387.377524207195,10800.0,10800.0,2
2025-05-12,M3,40076.59432035133,0.0,20777.053414045768,60853.64773439713,60853.64773439713,0.0,20329.226492653146,0.0,0.0,60853.64773439713,65167.950114249084,85497.17660690223,24726.252657746816,6276.981572583325,13488.142859151309,10925.39571591256,10800.0,10800.0,0
2025-05-13,M3,41037.0968007867,0.0,15318.684341958056,56355.78114274478,56355.78114274478,0.0,14122.024624959282,0.0,0.0,56355.78114274478,67797.68812557127,81919.71275053054,20620.78648834947,5202.782015864324,15615.428840263612,12648.49736061352,10800.0,10800.0,0
2025-05-14,M3,39784.25523119899,0.0,18902.18278650179,58686.43801770078,58686.43801770078,0.0,18895.817642955964,0.0,0.0,58686.43801770078,65731.4290667781,84627.24670973406,23284.209241071934,5539.867784362138,14679.057373508698,11890.036472542044,10800.0,10800.0,0
2025-05-15,M3,40985.603071055935,0.0,19086.892959208177,60072.49603026412,60072.49603026412,0.0,19014.157311082563,0.0,0.0,60072.49603026412,65655.21073223572,84669.3680433183,22498.11164001748,6558.680722018212,14986.93367341721,12139.416275467942,10800.0,10800.0,0
2025-05-16,M3,14086.465425829554,0.0,2741.517268387727,16827.982694217277,16827.982694217277,0.0,2902.291756671549,0.0,0.0,16827.982694217277,33585.601143200984,36487.89289987253,4928.37891127699,25453.098603400143,17846.888694010868,14455.979842148801,10800.0,10800.0,0
2025-05-17,M3,14414.593757713736,0.0,4021.3578297326267,18435.95158744636,18435.95158744636,0.0,5154.184787156262,0.0,0.0,18435.95158744636,32972.834637521264,38127.01942467753,5749.328407279353,18490.47848453412,18096.912892266966,14658.499442736247,10800.0,10800.0,0
2025-05-18,M3,40948.00309399196,0.0,18067.347042956088,59015.35013694805,59015.35013694805,0.0,17410.541718562843,0.0,0.0,59015.35013694805,67093.94001484106,84504.48173340391,23732.277951161734,4290.085366666666,14768.159555660626,11962.209240085109,10800.0,10800.0,0
2025-05-19,M3,38883.52821529849,0.0,14421.44949692432,53304.97771222282,53304.97771222282,0.0,14659.729971997132,67.00333333333344,467.5827616666674,53772.56047388948,65640.8101186316,80300.54009062873,20332.374888612096,9665.71931895101,15022.277191573465,12168.044525174504,10800.0,10800.0,1
2025-05-20,M3,39465.58703098024,0.0,18860.280080015327,58325.867110995554,58325.867110995554,0.0,18355.10790411578,0.0,0.0,58325.867110995554,64529.72619258509,82884.83409670086,22009.3284813579,3569.57521187579,14623.871509476328,11845.335922675826,10800.0,10800.0,0
2025-05-21,M3,40682.06888222409,0.0,15909.937351454539,56592.00623367864,56592.00623367864,0.0,16301.390035655168,0.0,0.0,56592.00623367864,65888.80335699164,82190.19339264682,20685.951022574623,7510.20315,13849.59966704663,11218.17573030777,10800.0,10800.0,0
2025-05-22,M3,39325.32546249937,0.0,15904.143232905253,55229.46869540463,55229.46869540463,0.0,16009.210775384228,0.0,0.0,55229.46869540463,64196.77632874605,80205.98710413027,20123.901209352407,6572.637048148151,14172.72647348974,11479.908443526694,10800.0,10800.0,0
2025-05-23,M3,13352.70118147432,0.0,3195.3233489744553,16548.024530448776,16548.024530448776,0.0,3606.1600280983184,0.0,0.0,16548.024530448776,32207.29729121229,35813.45731931061,5117.5014027309035,20665.107208477384,18999.472761942103,15389.57293717311,10800.0,10800.0,0
2025-05-24,M3,13956.683615171947,0.0,2970.8626821838707,16927.546297355817,16927.546297355817,0.0,3353.616686857208,0.0,0.0,16927.546297355817,32582.050658852357,35935.66734570957,5184.146531868297,23440.250334214546,18719.837348912573,15163.068252619185,10800.0,10800.0,0
2025-05-25,M3,39390.22769980157,0.0,14191.904184154107,53582.131883955706,53582.131883955706,0.0,15055.082254573348,0.0,0.0,53582.131883955706,65309.44086083445,80364.52311540779,20640.216784116627,8401.638766726217,14619.24937490326,11841.591993671642,10800.0,10800.0,0
2025-05-26,M3,38201.57828196022,0.0,17226.044012025293,55427.62229398549,55427.62229398549,0.0,16824.32497161611,0.0,0.0,55427.62229398549,62697.262444605265,79521.58741622137,17384.481135216418,4776.529966666666,14635.491391254222,11854.748026915922,10800.0,10800.0,0
2025-05-27,M3,39148.19307907281,0.0,16401.274944451245,55549.468023524045,55549.468023524045,0.0,16873.545028790588,0.0,0.0,55549.468023524045,65003.54667243555,81877.09170122612,22092.857152959994,7654.206045854703,14419.269486375979,11679.608283964539,10800.0,10800.0,0
2025-05-28,M3,39073.77616742707,0.0,17297.194656276584,56370.97082370368,56370.97082370368,0.0,16570.196251574584,0.0,0.0,56370.97082370368,64357.02730241633,80927.22355399092,19379.560372816857,6476.720666666666,14721.675865828358,11924.557451320967,10800.0,10800.0,0
2025-05-29,M3,38312.71811860162,0.0,20519.377302842146,58832.09542144373,58832.09542144373,0.0,19583.114776260933,17.817433333333497,119.80442173333444,58951.89984317707,63439.256885035764,83022.3716612967,20423.275468927903,5640.1650666666665,15087.50031071304,12220.875251677566,10800.0,10800.0,1
2025-05-30,M3,13786.074174825373,0.0,3257.1172955228717,17043.19147034825,17043.19147034825,0.0,3436.6051419529936,0.0,0.0,17043.19147034825,32324.01059320738,35760.615735160376,4421.270597976328,21219.562937210045,18544.994385828075,15021.445452520742,10800.0,10800.0,0
2025-05-31,M3,13497.641625742699,0.0,3527.007978541401,17024.6496042841,17024.6496042841,0.0,4024.0274576860766,0.0,0.0,17024.6496042841,32812.41911928925,36836.44657697532,5580.733794333969,19345.259859749407,18533.00722574707,15011.73585285513,10800.0,10800.0,0
2025-06-01,M3,46125.873460906296,0.0,28410.424366975472,74536.29782788175,74536.29782788175,0.0,23649.462537759744,523.7170487912047,3301.5082229601576,77837.8060508419,68773.62243750278,92423.08497526252,18279.287023482255,549.8425666666666,17700.240034187897,14807.393900283088,10800.0,10277.55614156568,13
2025-06-02,M3,53715.85189712745,0.0,18366.700021653694,72082.55191878113,72082.55191878113,0.0,14616.006766997749,0.0,0.0,72082.55191878113,80096.21092971016,94712.2176967079,20313.96879867807,1988.1987333333332,17363.385484766404,13594.142770069902,10277.55614156568,10800.0,0
2025-06-03,M3,57756.82450331619,0.0,21095.613118599966,78852.4376219161,78852.4376219161,0.0,17421.42171469459,3.616920144318101,24.618566962301152,78877.05618887841,84701.72413117923,102123.1458458738,28007.891881528063,2841.290749999999,16237.964742930162,13152.751441773438,10800.0,10800.0,1
2025-06-04,M3,59280.05509030879,0.0,16216.778221679573,75496.83331198833,75496.83331198833,0.0,12749.965588184241,5.743370700594596,39.54597895894409,75536.37929094728,86388.08313090916,99138.0487190934,25516.891678546115,981.0900666666662,15792.365936392362,12791.816408477811,10800.0,10800.0,1
2025-06-05,M3,58633.96933839831,0.0,21499.541692362945,80133.51103076122,80133.51103076122,0.0,16964.151763087037,23.350743414373255,159.5352488241756,80293.0462795854,84618.22263964414,101582.37440273119,25978.576197809005,1383.6305333333335,16285.265254402984,13191.06485606642,10800.0,10800.0,2
2025-06-06,M3,22067.105113424353,0.0,6162.463072062677,28229.56818548702,28229.56818548702,0.0,7394.75910139751,0.0,0.0,28229.56818548702,46381.036418457224,53775.79551985473,9962.204173581295,9814.882760818955,16545.858870813106,13402.14568535862,10800.0,10800.0,0
2025-06-07,M3,24942.35335959338,0.0,4325.83639854327,29268.189758136654,29268.189758136654,0.0,5276.814490257649,0.0,0.0,29268.189758136654,51912.25926452375,57189.0737547814,13589.981928468793,9685.699369706952,14667.785736520975,11880.90644658199,10800.0,10800.0,0
2025-06-08,M3,67810.24115806654,0.0,10548.95144628343,78359.19260434996,78359.19260434996,0.0,8638.413507445419,0.0,0.0,78359.19260434996,97357.30156496025,105995.71507240567,35573.77206907701,2900.020433333333,12299.996333308754,9962.997029980093,10800.0,10800.0,0
2025-06-09,M3,62975.97160103618,0.0,16455.404140079336,79431.3757411155,79431.3757411155,0.0,12879.885263460137,0.0,0.0,79431.3757411155,89983.63510286435,102863.52036632449,27679.20816902994,1403.5319833333333,14989.828845410011,12141.761364782109,10800.0,10800.0,0
2025-06-10,M3,61014.87486978867,0.0,16308.658423479432,77323.53329326812,77323.53329326812,0.0,13293.336399029533,0.0,0.0,77323.53329326812,87965.3868747742,101258.72327380374,25804.381600215398,660.2974499999995,16713.684159236913,13538.0841689819,10800.0,10800.0,0
2025-06-11,M3,62477.04606111176,0.0,21288.85851974216,83765.90458085391,83765.90458085391,0.0,16488.74337927449,0.0,0.0,83765.90458085391,89130.11151998877,105618.85489926324,25601.726506206865,715.6320499999994,16931.84224415639,13714.792217766682,10800.0,10800.0,0
2025-06-12,M3,63637.90880061926,0.0,18403.99306049475,82041.90186111399,82041.90186111399,0.0,14529.326225270264,0.0,0.0,82041.90186111399,90459.24557136733,104988.5717966376,28832.54009200316,748.8785166666665,15551.377655970755,12596.615901336316,10800.0,10800.0,0
2025-06-13,M3,23743.829310285648,0.0,6166.295534312477,29910.124844598115,29910.124844598115,0.0,8614.903793947411,0.0,0.0,29910.124844598115,49016.442290182466,57631.34608412987,15463.14673730244,11290.974175136102,13325.849851007017,10793.938379315681,10800.0,10800.0,0
2025-06-14,M3,23796.07091902287,0.0,6844.941280768411,30641.012199791287,30641.012199791287,0.0,8952.967705845309,0.0,0.0,30641.012199791287,47811.221498066705,56764.189203912014,14272.428599503903,13835.720798353908,12961.563452916847,10498.866396862644,10800.0,10800.0,0
2025-06-15,M3,58652.50467348892,0.0,21845.404032232367,80497.9087057213,80497.9087057213,0.0,18352.61470249754,0.0,0.0,80497.9087057213,84406.2614354459,102758.87613794341,28312.82774505919,693.0960833333331,16452.515664303013,13326.537688085444,10800.0,10800.0,0
2025-06-16,M3,59416.83978862974,0.0,22694.204342835234,82111.044131465,82111.044131465,0.0,17935.01219071993,0.0,0.0,82111.044131465,85244.22381647554,103179.23600719549,26757.7007213057,585.2401833333333,16538.11729415676,13395.875008266969,10800.0,10800.0,0
2025-06-17,M3,59236.16893245575,0.0,22895.24230093896,82131.41123339474,82131.41123339474,0.0,17441.862810259136,4.3195198767216425,30.040100982660665,82161.4513343774,85733.20151973864,103175.0643299978,24947.689975144705,333.69060086204104,17163.11609053219,13902.12403333108,10800.0,10800.0,1
2025-06-18,M3,60355.065771429305,0.0,23046.423089780517,83401.48886120983,83401.48886120983,0.0,18408.517487776917,0.0,0.0,83401.48886120983,86390.5548045727,104799.07229234962,30859.63963119861,212.57963333333328,14728.7480411457,11930.285913328014,10800.0,10800.0,0
2025-06-19,M3,56254.56437517694,0.0,20335.465134652386,76590.02950982931,76590.02950982931,0.0,16342.976408625886,27.11960505069476,187.79807398474674,76777.82758381405,82622.76456059836,98965.74096922425,25818.025223230874,1902.3842333333332,15857.615356372326,12844.66843866159,10800.0,10800.0,2
2025-06-20,M3,22575.364714530526,0.0,5585.796422088297,28161.161136618823,28161.161136618823,0.0,7982.551779575499,0.0,0.0,28161.161136618823,45439.083289382535,53421.63506895803,12516.390128482268,16158.407323251025,12348.719827498637,10002.463060273898,10800.0,10800.0,0
2025-06-21,M3,20936.064523930334,0.0,5677.923022428369,26613.987546358705,26613.987546358705,0.0,8920.152619093507,0.0,0.0,26613.987546358705,42562.576948518945,51482.72956761245,13044.113895055547,16086.667174668593,15880.0426204648,12862.834522576492,10800.0,10800.0,0
2025-06-22,M3,52452.59976958589,0.0,23754.964696104507,76207.56446569038,76207.56446569038,0.0,20290.838941287402,0.0,0.0,76207.56446569038,77124.35984726541,97415.1987885528,25844.409924315725,899.6366999999999,16914.795074932154,13700.984010695058,10800.0,10800.0,0
2025-06-23,M3,53328.36758347851,0.0,20522.392679989633,73850.76026346815,73850.76026346815,0.0,17724.40521421546,0.0,0.0,73850.76026346815,78648.78014732971,96373.18536154518,23914.58513072454,2171.828433333334,16976.241039406923,13750.755241919604,10800.0,10800.0,0
2025-06-24,M3,60269.89381611215,0.0,21409.88401540678,81679.77783151894,81679.77783151894,0.0,16396.953134707288,0.0,0.0,81679.77783151894,85378.89407299632,101775.84720770361,21768.5550339824,169.28284999999983,18785.35301958538,15216.135945864158,10800.0,10800.0,0
2025-06-25,M3,59903.54063695377,0.0,19412.171393222266,79315.712030176,79315.712030176,0.0,15296.4097113807,0.0,0.0,79315.712030176,86849.04001847116,102145.44972985187,27954.600381757453,758.8637006238931,15760.864635809767,12766.300355005911,10800.0,10800.0,0
2025-06-26,M3,53591.8296704664,0.0,23103.82585192542,76695.65552239184,76695.65552239184,0.0,19008.853218009168,3.5093158471203196,24.756468643510296,76720.41199103535,79938.80915819739,98947.66237620656,26009.277999244892,2162.6572395104795,17009.750631394578,13777.89801142961,10800.0,10800.0,1
2025-06-27,M3,19773.84516759196,0.0,4691.769850958626,24465.61501855059,24465.61501855059,0.0,7454.448553363645,0.0,0.0,24465.61501855059,41527.577789560455,48982.0263429241,10547.226724877837,15681.334949619299,15693.783167159467,12711.964365399162,10800.0,10800.0,0
2025-06-28,M3,19623.005219810388,0.0,6257.926778311002,25880.931998121392,25880.931998121392,0.0,9088.38693014577,0.0,0.0,25880.931998121392,40823.71984005746,49912.10677020323,10985.723629300226,13979.653019511325,16683.178972236903,13513.37496751189,10800.0,10800.0,0
2025-06-29,M3,53659.712135350834,0.0,21654.79737473241,75314.50951008326,75314.50951008326,0.0,17899.73398829245,0.0,0.0,75314.50951008326,79123.8120946704,97023.54608296286,24332.593776724047,185.09448518518548,17042.575198527884,13804.485910807594,10800.0,10800.0,0
2025-06-30,M3,57230.755927362756,0.0,17286.324641810705,74517.0805691735,74517.0805691735,0.0,13869.03470458168,0.8690276476337431,6.0358315266401625,74523.11640070014,83984.03641232215,97853.07111690383,24053.970564865624,837.6080333333326,16235.145068521906,13150.467505502742,10800.0,10800.0,1
2025-07-01,M3,58718.945373012924,0.0,38835.376052438485,97554.32142545142,97554.32142545142,0.0,28761.681547081647,53.278030602450826,435.57453919033674,97989.89596464175,79866.98592620077,108628.6674732824,24903.641057670866,1255.7593666666664,19242.110769547413,15586.109723333413,10800.0,10800.0,1
2025-07-02,M3,60434.25256879251,0.0,33493.86018217342,93928.11275096594,93928.11275096594,0.0,26054.833158697893,0.0,0.0,93928.11275096594,82017.69729000903,108072.53044870692,29240.363851684364,3063.167150000001,15074.910949241585,12210.67786888569,10800.0,10800.0,0
2025-07-03,M3,68256.248144241,0.0,29140.900944386158,97397.1490886271,97397.1490886271,0.0,21250.226145594603,0.0,0.0,97397.1490886271,90371.86485314935,111622.09099874395,27389.708152936495,1283.1604666666665,16783.176030565563,13594.372584758099,10800.0,10800.0,0
2025-07-04,M3,26807.301659216988,0.0,9089.054021664579,35896.355680881556,35896.355680881556,0.0,12416.3646148724,0.0,0.0,35896.355680881556,47798.60870443003,60214.97331930243,12493.835105281503,15418.20888311729,18010.851917036696,14588.790052799726,10800.0,10800.0,0
2025-07-05,M3,26855.26166027643,0.0,7554.19061115168,34409.45227142811,34409.45227142811,0.0,9973.669039892637,0.0,0.0,34409.45227142811,47919.38055242742,57893.04959232005,9777.205341611862,15824.705605494288,18426.624623932858,14925.565945385615,10800.0,10800.0,0
2025-07-06,M3,69403.20314154297,0.0,24547.132617622316,93950.33575916533,93950.33575916533,0.0,19279.10230408185,6.2929785087588925,53.00890446853053,94003.34466363386,90911.23317987515,110190.33548395701,25472.554357950128,1677.3282500000003,17119.81212902967,13867.047824514033,10800.0,10800.0,1
2025-07-07,M3,72899.73846280963,0.0,16474.896754381283,89374.63521719091,89374.63521719091,0.0,13075.717133712496,0.0,0.0,89374.63521719091,96655.88649086999,109731.6036245825,31014.09786475367,2684.7883999999995,13806.49785874823,11183.26326558607,10800.0,10800.0,0
2025-07-08,M3,76638.55607867196,0.0,11897.81666869282,88536.37274736477,88536.37274736477,0.0,9806.73035247716,0.0,0.0,88536.37274736477,100871.83405079029,110678.56440326746,27988.314874145915,4184.0982,15446.127960288784,12511.363647833912,10800.0,10800.0,0
2025-07-09,M3,74643.34747736719,0.0,12159.135304584866,86802.48278195207,86802.48278195207,0.0,10418.752089135873,0.0,0.0,86802.48278195207,98994.70488900578,109413.45697814165,30169.518371024616,2388.6161666666667,14718.933809387905,11922.33638560421,10800.0,10800.0,0
2025-07-10,M3,68202.8122010923,0.0,15816.740313940021,84019.55251503232,84019.55251503232,0.0,12901.265983035912,0.0,0.0,84019.55251503232,90559.4986113238,103460.76459435972,24289.702156250954,3490.73225,14877.40423566012,12050.697430884693,10800.0,10800.0,0
2025-07-11,M3,29908.474934793332,0.0,6491.632561485825,36400.107496279146,36400.107496279146,0.0,8021.987871603695,0.0,0.0,36400.107496279146,52048.49560244611,60070.48347404981,12432.267926924844,11588.709803203452,18582.782073271137,15052.053479349619,10800.0,10800.0,0
2025-07-12,M3,27867.56207938353,0.0,8023.723731335293,35891.28581071884,35891.28581071884,0.0,10422.959117044324,0.0,0.0,35891.28581071884,49048.90710701835,59471.86622406268,11230.519829186123,13709.787770624756,18143.764689044525,14696.449398126066,10800.0,10800.0,0
2025-07-13,M3,63146.48993817492,0.0,17205.816975789232,80352.30691396414,80352.30691396414,0.0,14474.554834701767,0.0,0.0,80352.30691396414,86706.60899811318,101181.16383281496,23113.42322415962,6044.58458553259,14502.292753277567,11746.857130154822,10800.0,10800.0,0
2025-07-14,M3,60043.76799616173,0.0,21762.58589176989,81806.35388793165,81806.35388793165,0.0,18318.375879206127,0.0,0.0,81806.35388793165,81343.29061816308,99661.66649736921,21659.056119206958,3316.96042510288,15147.214402066897,12269.243665674185,10800.0,10800.0,0
2025-07-15,M3,70001.71009130622,0.0,10306.461598977618,80308.17169028381,80308.17169028381,0.0,8403.18941162128,0.0,0.0,80308.17169028381,94397.03902793326,102800.22843955457,25783.426682616242,1433.0318166666675,14919.575562833255,12084.85620589494,10800.0,10800.0,0
2025-07-16,M3,66934.7500457396,0.0,15311.105959071268,82245.85600481089,82245.85600481089,0.0,13051.603083877071,0.0,0.0,82245.85600481089,88721.59281485877,101773.19589873584,23527.144068661095,3073.942366666666,15987.084631972328,12949.538551897585,10800.0,10800.0,0
2025-07-17,M3,62892.125114335424,0.0,20308.353392374192,83200.4785067096,83200.4785067096,0.0,16920.73848599382,0.0,0.0,83200.4785067096,85174.55051888147,102095.28900487527,22533.30955237826,3580.4423166666666,17163.79510086154,13902.674031697843,10800.0,10800.0,0
2025-07-18,M3,29210.937589721965,0.0,5410.075432926905,34621.01302264886,34621.01302264886,0.0,6390.041042335265,0.0,0.0,34621.01302264886,52597.75243443099,58987.79347676626,12114.307292572146,12119.189132428337,18316.047114556703,14835.99816279093,10800.0,10800.0,0
2025-07-19,M3,28585.507778479317,0.0,4208.604340190569,32794.11211866989,32794.11211866989,0.0,4042.466725684402,0.0,0.0,32794.11211866989,52387.70996171428,56430.17668739869,9139.94096172411,16472.33877706259,19131.988940063085,15496.911041451098,10800.0,10800.0,0
2025-07-20,M3,65194.63721996844,0.0,16063.805741767437,81258.44296173585,81258.44296173585,0.0,13468.455451994007,0.0,0.0,81258.44296173585,88881.397202027,102349.852654021,24663.740806796668,2707.993333333334,15200.738406443874,12312.59810921954,10800.0,10800.0,0
2025-07-21,M3,63889.73179800263,0.0,19782.22238983304,83671.95418783568,83671.95418783568,0.0,16270.38453446199,0.0,0.0,83671.95418783568,86150.3720171869,102420.7565516489,23313.483573118887,1939.6655999999996,16725.568571210548,13547.710542680546,10800.0,10800.0,0
2025-07-22,M3,63298.515528138276,0.0,26409.004108531648,89707.51963666994,89707.51963666994,0.0,22119.643884432502,15.978731907530914,132.3678151219861,89839.88745179192,85599.04798429739,107718.69186872989,27854.066279198727,2880.3121530273393,16869.197640761493,13664.050089016806,10800.0,10800.0,1
2025-07-23,M3,68881.89567701725,0.0,13879.504820726766,82761.40049774405,82761.40049774405,0.0,10858.504394607484,0.0,0.0,82761.40049774405,93070.84221065958,103929.34660526708,23626.70774030919,3062.8757000000005,15911.6634120591,12888.447363767873,10800.0,10800.0,0
2025-07-24,M3,66187.84417868794,0.0,19943.360834085222,86131.20501277318,86131.20501277318,0.0,16304.662319055331,0.0,0.0,86131.20501277318,88849.46207061851,105154.12438967383,26234.439929435815,2463.3305666666665,14946.746808270278,12106.864914698921,10800.0,10800.0,0
2025-07-25,M3,27077.994824856567,0.0,6714.411865123472,33792.40668998004,33792.40668998004,0.0,10160.417690437665,0.0,0.0,33792.40668998004,48005.058744649665,58165.47643508733,12875.593987205773,15335.37524367897,18153.619144925888,14704.431507389967,10800.0,10800.0,0
2025-07-26,M3,28186.075310852695,0.0,5157.1590937810615,33343.23440463375,33343.23440463375,0.0,5864.261991954095,0.0,0.0,33343.23440463375,51009.42303920623,56873.68503116032,11211.03959854435,13589.085598372263,18970.88561882656,15366.417351249516,10800.0,10800.0,0
2025-07-27,M3,61971.33729131291,0.0,21481.80670830305,83453.14399961595,83453.14399961595,0.0,17214.993105680926,0.0,0.0,83453.14399961595,84777.52258340693,101992.51568908786,21794.566912760398,3017.016200000001,18398.646191197215,14902.903414869743,10800.0,10800.0,0
2025-07-28,M3,67742.79577331158,0.0,22242.552159717256,89985.34793302884,89985.34793302884,0.0,17221.350665645827,0.0,0.0,89985.34793302884,90948.5187881017,108169.86945374752,26569.590991072077,564.5831042464993,16214.832237345408,13134.01411224978,10800.0,10800.0,0
2025-07-29,M3,68182.13603946417,0.0,22259.493867662997,90441.62990712715,90441.62990712715,0.0,17804.36799478421,0.0,0.0,90441.62990712715,91917.2789094789,109721.64690426312,29222.87618209208,1300.1881500000002,16470.192748268615,13340.85612609758,10800.0,10800.0,0
2025-07-30,M3,66579.95352592002,0.0,22696.30805120871,89276.2615771287,89276.2615771287,0.0,18393.05967110906,0.0,0.0,89276.2615771287,88895.20323740243,107288.2629085115,26728.25480114035,3516.4766833333333,15475.144073883273,12534.866699845454,10800.0,10800.0,0
2025-07-31,M3,63522.09096257248,0.0,21520.821426704115,85042.91238927665,85042.91238927665,0.0,17538.877089797064,0.0,0.0,85042.91238927665,86809.4562001909,104348.33328998798,24241.172008004258,1959.6401000000005,18171.183764826605,14718.65884950955,10800.0,10800.0,0
2025-08-01,M3,26454.120093660735,0.0,5952.421866800205,32406.541960460938,32406.541960460938,0.0,5589.389541476565,0.0,0.0,32406.541960460938,47791.28018613099,53380.66972760756,7923.461122728835,20625.491228174404,18843.987947566588,15263.630237528932,10800.0,10800.0,0
2025-08-02,M3,26191.123538640797,0.0,3417.6723537347243,29608.79589237553,29608.79589237553,0.0,3358.711329711993,0.0,0.0,29608.79589237553,48376.601904187555,51735.31323389954,7710.711918596809,19528.741974770077,18783.338985259645,15214.504578060321,10800.0,10800.0,0
2025-08-03,M3,56113.585124533165,0.0,16244.220388961656,72357.80551349487,72357.80551349487,0.0,15867.068073598235,67.45909660432801,562.104105426563,72919.90961892143,78222.5376035319,94089.60567713014,19836.689562307685,8406.607018106995,16180.464263086604,13106.176053100146,10800.0,10800.0,2
2025-08-04,M3,55746.11359046939,0.0,19309.361649376457,75055.47523984582,75055.47523984582,0.0,18666.23545336986,0.0,0.0,75055.47523984582,76426.30564674172,95092.54110011157,20218.318453094096,6624.975344855967,14913.64325699038,12080.051038162208,10800.0,10800.0,0
2025-08-05,M3,55813.506554426014,0.0,17888.65772316669,73702.16427759272,73702.16427759272,0.0,17345.87749315145,0.0,0.0,73702.16427759272,76902.68294832727,94248.56044147871,19608.850229420954,6419.024033333333,16149.349712584699,13080.97326719361,10800.0,10800.0,0
2025-08-06,M3,57188.799135485766,0.0,18944.437357529732,76133.23649301549,76133.23649301549,0.0,17587.921443971645,0.0,0.0,76133.23649301549,77753.8171775782,95341.73862154986,19115.000024608562,5058.481517901232,16072.935854596777,13019.078042223384,10800.0,10800.0,0
2025-08-07,M3,57714.906548381005,0.0,16070.200492818534,73785.10704119952,73785.10704119952,0.0,14415.1877515399,1.385304631769145,12.067388647341023,73797.17442984685,80630.41621308122,95045.60396462111,20647.093319502237,7890.341582523573,16429.31114330046,13307.742026073378,10800.0,10800.0,1
2025-08-08,M3,24466.047920332407,0.0,3266.616702303235,27732.66462263565,27732.66462263565,0.0,3164.9077764273156,0.0,0.0,27732.66462263565,44384.33012324416,47549.23789967147,4619.4425034963915,23237.013264653404,20619.004639587798,16701.393758066115,10800.0,10800.0,0
2025-08-09,M3,24378.681984053175,0.0,3817.055323324816,28195.737307377985,28195.737307377985,0.0,3697.0865540017285,0.0,0.0,28195.737307377985,43404.811001164635,47101.89755516636,4145.26040645031,20238.33827706031,19980.894061346007,16184.524189690264,10800.0,10800.0,0
2025-08-10,M3,57629.512430124676,0.0,13432.74106676951,71062.25349689418,71062.25349689418,0.0,12421.910131126131,0.0,0.0,71062.25349689418,79360.12973454926,91782.03986567538,18637.92929763074,4758.753183333332,16214.412287954347,13133.673953243024,10800.0,10800.0,0
2025-08-11,M3,55860.9424314095,0.0,17244.346941564843,73105.28937297435,73105.28937297435,0.0,15659.460762726467,20.810598340132856,172.17648536708919,73277.46585834144,78483.35683878549,94142.81760151195,19681.38152314647,6752.128946913581,16678.233665572134,13509.369269113426,10800.0,10800.0,1
2025-08-12,M3,57778.496715793466,0.0,18174.917292359543,75953.41400815302,75953.41400815302,0.0,15835.020779038168,0.0,0.0,75953.41400815302,79940.34324760907,95775.36402664724,19596.733817434448,5381.195566666665,15983.63680287431,12946.745810328186,10800.0,10800.0,0
2025-08-13,M3,57948.639818757,0.0,16908.943155732493,74857.5829744895,74857.5829744895,0.0,15235.036897681208,0.0,0.0,74857.5829744895,80615.61936361628,95850.65626129748,21782.275582457605,4935.571540534978,15851.735201604753,12839.905513299855,10800.0,10800.0,0
2025-08-14,M3,56824.19403733918,0.0,17994.302858630435,74818.49689596955,74818.49689596955,0.0,16290.932396475588,35.056667795618864,299.5205040639469,75118.0174000335,79003.05211760833,95293.98451408392,19997.905557435843,6031.754533333333,17753.105830405453,14380.015722628414,10800.0,10800.0,2
2025-08-15,M3,24756.996275225523,0.0,4633.4496647604,29390.445939985933,29390.445939985933,0.0,4406.0708727764995,0.0,0.0,29390.445939985933,44174.02979276156,48580.10066553806,4705.9866178504335,23050.77137929504,19282.188342417132,15618.572557357875,10800.0,10800.0,0
2025-08-16,M3,24593.027689894596,0.0,4436.952457202274,29029.980147096867,29029.980147096867,0.0,4076.242031327159,0.0,0.0,29029.980147096867,44011.73407340614,48087.97610473331,4777.48502912965,22660.66420251353,19581.82371801821,15861.277211594748,10800.0,10800.0,0
2025-08-17,M3,56756.77378190282,0.0,15575.379279194616,72332.1530610974,72332.1530610974,0.0,13991.77421123706,18.155816982350984,152.73581036402766,72484.88887146143,79601.05493162977,93592.82914286685,20013.496402192093,7268.560433333331,16650.181619247913,13486.647111590812,10800.0,10800.0,1
2025-08-18,M3,55718.72346442897,0.0,18244.304761593343,73963.02822602232,73963.02822602232,0.0,17156.20449791406,67.2050792030335,567.7256606470473,74530.75388666936,77116.827863501,94273.03236141507,19700.124647779983,7040.912083333334,16868.86890967429,13663.783816836174,10800.0,10800.0,3
2025-08-19,M3,56336.96870087731,0.0,17761.90903594263,74098.87773681995,74098.87773681995,0.0,16450.476004579898,69.1338501323728,590.8872326261691,74689.76496944611,77596.22368627148,94046.69969085137,19953.71866298517,6938.143617901234,15296.374789985988,12390.063579888652,10800.0,10800.0,3
2025-08-20,M3,58668.82097440166,0.0,16786.198191929525,75455.01916633119,75455.01916633119,0.0,14351.332148305246,65.78285663703798,545.8315934495341,76000.85075978072,80465.49946810163,94816.83161640687,17351.635450278893,3487.8890207607137,17854.731238619155,14462.332303281515,10800.0,10800.0,3
2025-08-21,M3,59183.903526503454,0.0,15771.014449291186,74954.91797579461,74954.91797579461,0.0,13624.834060556908,0.0,0.0,74954.91797579461,82512.82877241072,96137.66283296762,21741.987221828826,5494.811947279869,16086.55358171368,13030.108401188083,10800.0,10800.0,0
2025-08-22,M3,24955.15835965536,0.0,3867.7847949931497,28822.943154648518,28822.943154648518,0.0,3698.992898474974,0.0,0.0,28822.943154648518,44751.17203196426,48450.164930439234,3786.821821773469,19770.807573199894,19273.50597613623,15611.539840670353,10800.0,10800.0,0
2025-08-23,M3,24719.247682910554,0.0,3632.258969199772,28351.506652110325,28351.506652110325,0.0,3652.400517664406,0.0,0.0,28351.506652110325,44973.6122100281,48626.012727692505,4625.300041591952,17799.909963196376,19319.98196265358,15649.185389749398,10800.0,10800.0,0
2025-08-24,M3,58234.29496662909,0.0,15152.567603616457,73386.86257024555,73386.86257024555,0.0,13316.041375110519,0.0,0.0,73386.86257024555,80790.19595663022,94106.23733174075,19176.29757589707,7975.200558883507,16953.41954540439,13732.269831777558,10800.0,10800.0,0
2025-08-25,M3,62960.7953855265,0.0,12704.835872624,75665.63125815052,75665.63125815052,0.0,10120.105396027158,0.0,0.0,75665.63125815052,87644.50338311758,97764.60877914474,20360.689724601103,3465.856733333333,16657.76476075599,13492.789456212358,10800.0,10800.0,0
2025-08-26,M3,58575.99391559085,0.0,17043.23647222378,75619.23038781465,75619.23038781465,0.0,15317.324709882243,0.0,0.0,75619.23038781465,81533.25358048917,96850.5782903714,22083.518489737522,6242.777450000001,15765.599827897648,12770.135860597098,10800.0,10800.0,0
2025-08-27,M3,58961.937562428124,0.0,20424.6231011413,79386.56066356944,79386.56066356944,0.0,18927.548553662982,0.0,0.0,79386.56066356944,81158.27832138004,100085.82687504301,23524.687016895474,5420.498583333334,16981.538990250247,13755.046582102703,10800.0,10800.0,0
2025-08-28,M3,59987.09606677833,0.0,19479.032281144366,79466.12834792271,79466.12834792271,0.0,16412.258115802615,10.726109188388364,86.85910770983988,79552.98745563255,82801.78435649222,99214.04247229485,21613.62360808041,3786.412416666667,16089.145123172795,13032.207549769966,10800.0,10800.0,2
2025-08-29,M3,26379.676597499943,0.0,3524.575477933097,29904.25207543304,29904.25207543304,0.0,3411.922347508992,0.0,0.0,29904.25207543304,48540.91805395908,51952.84040146807,7167.026539444144,18408.213256508254,20117.790818503563,16295.410562987883,10800.0,10800.0,0
2025-08-30,M3,26418.032496001302,0.0,5196.137747733237,31614.170243734538,31614.170243734538,0.0,4962.338212795753,0.0,0.0,31614.170243734538,46488.48348112697,51450.82169392271,6408.738237354379,23059.001944248233,18265.061468351458,14794.699789364686,10800.0,10800.0,0
2025-08-31,M3,58805.89978617979,0.0,17843.297865156994,76649.19765133676,76649.19765133676,0.0,15386.289733211046,6.167460023479521,51.433532865807464,76700.63118420256,81857.10426591325,97243.39399912432,21861.230180987866,5862.80682459651,15152.112474895133,12273.211104665055,10800.0,10800.0,1
2025-09-01,M3,58948.67687560884,0.0,5202.744485053196,64151.421360662025,64151.421360662025,0.0,4564.989819890949,0.0,0.0,64151.421360662025,91273.51075025594,95838.50057014689,32760.897829485693,7128.830220766492,12498.094666112533,10123.456679551153,10800.0,10800.0,0
2025-09-02,M3,50652.48839402588,0.0,12529.406290216952,63181.89468424282,63181.89468424282,0.0,11994.696380232335,0.0,0.0,63181.89468424282,79556.51601051187,91551.2123907442,27379.94426511517,7334.600584922501,14625.851003718606,11846.93931301207,10800.0,10800.0,0
2025-09-03,M3,49730.323716341234,0.0,13223.633556976316,62953.95727331753,62953.95727331753,0.0,12628.236733660135,0.0,0.0,62953.95727331753,75039.410645156,87667.64737881612,22711.383149910893,6947.711983649126,12951.763132926902,10490.92813767079,10800.0,10800.0,0
2025-09-04,M3,45788.41156391877,0.0,13790.116100030215,59578.527663948946,59578.527663948946,0.0,13110.296915833736,0.0,0.0,59578.527663948946,70722.36279109548,83832.6597069292,20071.799436760608,6784.7247,16055.631685097953,13005.06166492934,10800.0,10800.0,0
2025-09-05,M3,19612.087927477125,0.0,1821.7571636021487,21433.845091079274,21433.845091079274,0.0,1856.428012303931,0.0,0.0,21433.845091079274,41159.11294352906,43015.540955832985,7848.780111938049,24954.528280177226,17831.425773952848,14443.454876901804,10800.0,10800.0,0
2025-09-06,M3,18974.059535945788,0.0,2463.037665022162,21437.09720096795,21437.09720096795,0.0,2422.2733072982473,0.0,0.0,21437.09720096795,39897.91956172255,42320.19286902079,8078.102094016264,23052.04187067337,18257.711601742973,14788.746397411807,10800.0,10800.0,0
2025-09-07,M3,42271.80892838869,0.0,17178.4363708405,59450.2452992292,59450.2452992292,0.0,17044.7756266382,0.0,0.0,59450.2452992292,66376.66834903385,83421.44397567205,19785.98083266378,5600.215571473974,16180.336604566512,13106.072649698875,10800.0,10800.0,0
2025-09-08,M3,39423.68400219827,0.0,19956.357243655777,59380.041245854045,59380.041245854045,0.0,17919.977968551448,0.0,0.0,59380.041245854045,62989.69451132398,80909.67247987544,13330.324783295438,4794.372983333333,17838.97463112279,14449.569451209454,10800.0,10800.0,0
2025-09-09,M3,43825.665546235985,0.0,15549.252850185545,59374.91839642153,59374.91839642153,0.0,15072.916806578505,0.0,0.0,59374.91839642153,68549.84732763974,83622.76413421826,18661.771170441847,8901.582339165832,15560.928199704813,12604.3518417609,10800.0,10800.0,0
2025-09-10,M3,45441.49524674439,0.0,17190.01387111933,62631.50911786371,62631.50911786371,0.0,15175.361538935542,0.0,0.0,62631.50911786371,70560.09408027852,85735.45561921406,17378.66458261249,3879.1233,16640.363613692476,13478.694527090907,10800.0,10800.0,0
2025-09-11,M3,45777.44344700381,0.0,12563.18490661777,58340.62835362158,58340.62835362158,0.0,10830.892582620787,0.0,0.0,58340.62835362158,72363.26039605642,83194.15297867722,17542.69007040673,9130.216166666665,15921.899780370903,12896.738822100433,10800.0,10800.0,0
2025-09-12,M3,17923.638640736164,0.0,2821.854689807249,20745.493330543413,20745.493330543413,0.0,2864.9384674417274,0.0,0.0,20745.493330543413,38694.06111686661,41558.99958430833,5833.9973738730605,20732.88838238999,18107.67172655413,14667.214098508848,10800.0,10800.0,0
2025-09-13,M3,18085.337737112684,0.0,2810.9947245025464,20896.33246161522,20896.33246161522,0.0,2636.9298478067612,0.0,0.0,20896.33246161522,39462.97902019157,42099.908867998325,6343.294452752751,24599.978143181095,16576.498888058657,13426.964099327508,10800.0,10800.0,0
2025-09-14,M3,45574.013247147515,0.0,16033.863724433975,61607.87697158152,61607.87697158152,0.0,14441.400924000107,0.0,0.0,61607.87697158152,70794.64545311993,85236.04637712004,17748.035536421237,4470.517611641987,15358.781468720066,12440.612989663252,10800.0,10800.0,0
2025-09-15,M3,42132.083603641506,0.0,17149.6104737967,59281.6940774382,59281.6940774382,0.0,15711.265363666884,1.1717666666667128,7.876615533333644,59289.57069297154,66809.0844783908,82520.34984205768,15849.937773789472,8382.75505069523,16956.832373191173,13735.034222284854,10800.0,10800.0,1
2025-09-16,M3,47548.07484017505,0.0,19807.21668473843,67355.2915249135,67355.2915249135,0.0,16912.198258964498,0.0,0.0,67355.2915249135,73000.06610529902,89912.26436426351,21391.355629003963,6169.752606117453,15049.400767414505,12190.014621605747,10800.0,10800.0,0
2025-09-17,M3,47043.017850292614,0.0,17352.54851562904,64395.56636592166,64395.56636592166,0.0,15510.385292865394,0.0,0.0,64395.56636592166,72639.82667855665,88150.21197142205,19174.830904591858,5871.19345,16547.732720158863,13403.66350332868,10800.0,10800.0,0
2025-09-18,M3,45349.62530837972,0.0,21221.517405196828,66571.14271357654,66571.14271357654,0.0,19721.062039926997,0.0,0.0,66571.14271357654,70434.57968289955,90155.64172282655,21581.69364831478,6569.08523595042,16046.377483656255,12997.565761761565,10800.0,10800.0,0
2025-09-19,M3,17399.686600232428,0.0,4224.3435484128595,21624.03014864528,21624.03014864528,0.0,4217.299040078206,0.0,0.0,21624.03014864528,38853.68250560053,43070.98154567875,5570.473629205602,18214.45106225203,16761.60282923391,13576.898291679465,10800.0,10800.0,0
2025-09-20,M3,17159.06096344348,0.0,4030.269241948573,21189.33020539206,21189.33020539206,0.0,4446.969586179015,0.0,0.0,21189.33020539206,39088.95153290754,43535.92111908655,5856.683766808588,18704.879299748496,17520.654311558596,14191.729992362456,10800.0,10800.0,0
2025-09-21,M3,49224.594455838516,0.0,18783.664909499978,68008.25936533851,68008.25936533851,0.0,16319.957621465015,0.0,0.0,68008.25936533851,75744.72217630496,92064.67979776999,25219.83316235211,5914.717737807745,13908.639022509371,11265.997608232583,10800.0,10800.0,0
2025-09-22,M3,49206.87000475145,0.0,17483.751078038782,66690.62108279023,66690.62108279023,0.0,14283.088983995107,19.555900000000065,128.01369518333377,66818.63477797355,75299.99727018933,89583.08625418443,20159.578680468003,5764.579699999999,16128.757317805786,13064.293427422686,10800.0,10800.0,2
2025-09-23,M3,50256.19483349611,0.0,17384.201221390456,67640.3960548866,67640.3960548866,0.0,14479.938975696728,0.0,0.0,67640.3960548866,76581.9806233419,91061.9195990386,20084.543364921865,5870.361866666666,15738.940969035528,12748.542184918775,10800.0,10800.0,0
2025-09-24,M3,48484.0099979716,0.0,18632.219385628443,67116.22938360008,67116.22938360008,0.0,16306.383812936663,0.0,0.0,67116.22938360008,73796.69849671594,90103.08230965261,20703.04786560346,5348.204849999999,15729.49733710079,12740.892843051639,10800.0,10800.0,0
2025-09-25,M3,47883.752108217624,0.0,22110.68494352248,69994.4370517401,69994.4370517401,0.0,18522.85183186911,31.88636666666673,217.3592900833338,70211.79634182343,73910.44637109459,92433.2982029637,23213.55148058266,6222.025434251341,14179.782919980933,11485.624165184554,10800.0,10800.0,2
2025-09-26,M3,18225.547593700427,0.0,3266.6316389445,21492.179232644914,21492.179232644914,0.0,4134.355291259611,0.0,0.0,21492.179232644914,41598.56242120231,45732.91771246192,7684.993579605087,17185.83740507676,16672.85909357934,13505.015865799269,10800.0,10800.0,0
2025-09-27,M3,18635.436595292642,0.0,3773.202309335224,22408.638904627875,22408.638904627875,0.0,4547.570012440553,0.0,0.0,22408.638904627875,40975.7712151623,45523.341227602854,5864.639381646868,18567.114469817792,17317.29013756947,14027.005011431276,10800.0,10800.0,0
2025-09-28,M3,49987.35739535343,0.0,23761.44590864829,73748.80330400173,73748.80330400173,0.0,20084.647533595464,0.0,0.0,73748.80330400173,75481.40895502333,95566.05648861878,24667.015344055377,4399.87807611884,15850.178430410013,12838.644528632107,10800.0,10800.0,0
2025-09-29,M3,49774.98539651125,0.0,18876.8158056155,68651.80120212676,68651.80120212676,0.0,15107.4353752981,5.620383333333393,37.527299516667064,68689.32850164344,75632.14857500055,90739.58395029865,19775.286259068715,5137.89515,16169.112234543587,13096.980909980306,10800.0,10800.0,1
2025-09-30,M3,49281.35198828044,0.0,24084.722213125566,73366.07420140602,73366.07420140602,0.0,19570.628454533533,0.0,0.0,73366.07420140602,74752.68883390613,94323.31728843966,21460.00694150201,4426.965783333333,15864.051562829769,12849.881765892114,10800.0,10800.0,0
2025-10-01,M3,47518.64323443577,0.0,16039.811779518475,63558.455013954255,63558.455013954255,0.0,13647.009265874585,0.0,0.0,63558.455013954255,77333.50807422184,90980.51734009641,27236.738928997354,11623.132062965316,12942.762183160035,10483.637368359623,10800.0,10800.0,0
2025-10-02,M3,45157.96242176261,0.0,16985.514195035998,62143.47661679863,62143.47661679863,0.0,14905.628749246174,0.0,0.0,62143.47661679863,73219.33380078386,88124.96255003005,23925.747981182496,9709.021483333334,14523.210362355547,11763.800393507994,10800.0,10800.0,0
2025-10-03,M3,15521.330728539751,0.0,3407.651495344494,18928.982223884246,18928.982223884246,0.0,3467.2337916028646,0.0,0.0,18928.982223884246,37850.93603829669,41318.169829899554,7558.018501614732,23107.297623055172,14924.736869629805,12089.036864400148,10800.0,10800.0,0
2025-10-04,M3,16522.405119724765,0.0,3818.149961735186,20340.555081459952,20340.555081459952,0.0,3529.3033092208534,0.0,0.0,20340.555081459952,39174.71230627182,42704.01561549267,7456.0998360699805,19283.389501564125,15097.599181711777,12229.05533718654,10800.0,10800.0,0
2025-10-05,M3,44302.407052705894,0.0,16297.538541177091,60599.94559388296,60599.94559388296,0.0,14030.389938304155,0.0,0.0,60599.94559388296,71180.30393526588,85210.69387357002,19644.090442461973,7998.138733333333,14907.913847937165,12075.410216829107,10800.0,10800.0,0
2025-10-06,M3,43107.45163052573,0.0,19857.51238295867,62964.96401348438,62964.96401348438,0.0,17643.542495748537,0.0,0.0,62964.96401348438,67864.35385847313,85507.89635422167,19044.386299506295,5828.438633333333,15273.485112537004,12371.522941154974,10800.0,10800.0,0
2025-10-07,M3,43669.42267961416,0.0,19052.30291712414,62721.7255967383,62721.7255967383,0.0,16332.014210668453,0.0,0.0,62721.7255967383,69623.41229803202,85955.42650870046,19092.390895588713,6179.1705787436795,15327.90544404252,12415.603409674444,10800.0,10800.0,0
2025-10-08,M3,42212.70899280771,0.0,16315.251963908744,58527.96095671644,58527.96095671644,0.0,14002.652581332102,0.0,0.0,58527.96095671644,68390.21062839642,82392.86320972852,16227.054883240598,6345.452462720576,17588.737879477274,14246.877682376587,10800.0,10800.0,0
2025-10-09,M3,42809.01852914601,0.0,14987.908907585594,57796.927436731596,57796.927436731596,0.0,12429.10809531052,0.0,0.0,57796.927436731596,69739.11596483312,82168.22406014364,15261.502854260114,7944.04655,16856.278802895795,13653.585830345597,10800.0,10800.0,0
2025-10-10,M3,15177.398501122356,0.0,3366.995165021487,18544.393666143842,18544.393666143842,0.0,3271.4760045005323,0.0,0.0,18544.393666143842,37782.02482159519,41053.50082609572,4925.87124333362,23603.675370844263,16738.648922374596,13558.305627123424,10800.0,10800.0,0
2025-10-11,M3,16368.846528054582,0.0,2783.488986838552,19152.335514893133,19152.335514893133,0.0,2791.328120069404,0.0,0.0,19152.335514893133,39590.48828588321,42381.81640595262,6087.634957407608,19244.327255041353,15492.319000896405,12548.77839072609,10800.0,10800.0,0
2025-10-12,M3,43087.155924533094,0.0,20180.347638621195,63267.503563154285,63267.503563154285,0.0,17568.29136130483,0.0,0.0,63267.503563154285,69658.92722271563,87227.21858402045,20047.093184617952,5453.202198977873,16905.090616269998,13693.123399178701,10800.0,10800.0,0
2025-10-13,M3,46841.702332384586,0.0,14209.788108084947,61051.49044046955,61051.49044046955,0.0,11792.748039084152,0.0,0.0,61051.49044046955,74584.1533250546,86376.90136413876,19374.899872129005,6988.665283333333,15715.478466718065,12729.537558041635,10800.0,10800.0,0
2025-10-14,M3,47824.45055049842,0.0,13503.100660497008,61327.551210995436,61327.551210995436,0.0,10783.465338609745,0.0,0.0,61327.551210995436,75687.446697898,86470.91203650774,17059.17538597436,5419.398933333334,16939.51807298274,13721.009639116015,10800.0,10800.0,0
2025-10-15,M3,51169.132144318464,0.0,12513.352531877636,63682.48467619609,63682.48467619609,0.0,9992.45394165669,0.0,0.0,63682.48467619609,80267.49763584597,90259.95157750265,21085.483926892168,4171.065916666666,16228.305704967506,13144.927621023682,10800.0,10800.0,0
2025-10-16,M3,49445.33195604307,0.0,18044.803050245067,67490.13500628815,67490.13500628815,0.0,13858.805376996846,0.0,0.0,67490.13500628815,77384.83264089763,91243.63801789447,20293.39478250426,4880.456233333332,16333.231852930976,13229.917800874093,10800.0,10800.0,0
2025-10-17,M3,16678.1450220807,0.0,4098.644712977433,20776.78973505813,20776.78973505813,0.0,4534.307263434462,0.0,0.0,20776.78973505813,40205.50519013833,44739.812453572784,7444.18933181255,18291.352690633496,15789.847970842487,12789.776856382414,10800.0,10800.0,0
2025-10-18,M3,16699.793627426778,0.0,5239.871622358665,21939.66524978546,21939.66524978546,0.0,7725.7118239911015,0.0,0.0,21939.66524978546,40397.18079043301,48122.89261442411,10749.707469176596,18479.461882964555,14826.999976927895,12009.869981311593,10800.0,10800.0,0
2025-10-19,M3,51464.72206152721,0.0,19988.4486997182,71453.1707612454,71453.1707612454,0.0,15220.889674382695,0.0,0.0,71453.1707612454,80537.40769509162,95758.29736947431,23714.353423427005,4866.0169000000005,17327.392172178872,14035.187659464886,10800.0,10800.0,0
2025-10-20,M3,53057.99583060314,0.0,18802.550219786426,71860.54605038962,71860.54605038962,0.0,14598.263313748363,0.0,0.0,71860.54605038962,82876.01879704058,97474.28211078895,25782.349699262762,4047.656233333333,16860.49374487468,13656.99993334849,10800.0,10800.0,0
2025-10-21,M3,50708.32931046464,0.0,24031.704538074464,74740.03384853908,74740.03384853908,0.0,18500.848938938703,0.0,0.0,74740.03384853908,78650.5052446669,97151.35418360561,24928.597809990002,2647.3247499999998,16383.422492713717,13270.57221909811,10800.0,10800.0,0
2025-10-22,M3,50667.565969719304,0.0,20416.985594877086,71084.55156459642,71084.55156459642,0.0,15842.867063618007,0.0,0.0,71084.55156459642,78274.6665825306,94117.53364614861,21532.97422478963,3696.117,17544.97748083677,14211.431759477782,10800.0,10800.0,0
2025-10-23,M3,53476.41020726864,0.0,14076.022192968807,67552.43240023742,67552.43240023742,0.0,10191.385075165095,0.0,0.0,67552.43240023742,82877.91697354341,93069.3020487085,22542.783081219648,4084.993356121096,16115.93988439181,13053.911306357368,10800.0,10800.0,0
2025-10-24,M3,16595.009564537217,0.0,6196.455171453584,22791.464735990798,22791.464735990798,0.0,7565.499752176084,0.0,0.0,22791.464735990798,40596.30971435891,48161.809466535,9023.287259709065,17760.514925580206,15568.192445152925,12610.235880573866,10800.0,10800.0,0
2025-10-25,M3,16725.637915950603,0.0,5198.805150120986,21924.44306607159,21924.44306607159,0.0,5707.765343439076,0.0,0.0,21924.44306607159,41591.56770759143,47299.3330510305,8118.538931865225,16688.325053008823,16284.401751700669,13190.365418877547,10800.0,10800.0,0
2025-10-26,M3,53069.855556038645,0.0,15849.950233728145,68919.80578976676,68919.80578976676,0.0,11933.22728447632,0.0,0.0,68919.80578976676,81361.49295665137,93294.7202411277,21717.09126034291,3952.5661166666655,16214.478144481303,13133.727297029853,10800.0,10800.0,0
2025-10-27,M3,50501.62717328785,0.0,21463.278322433933,71964.90549572179,71964.90549572179,0.0,16764.811160119505,0.0,0.0,71964.90549572179,78413.33631673164,95178.14747685114,23054.52701105528,5549.549604935515,15902.574706282528,12881.085512088848,10800.0,10800.0,0
2025-10-28,M3,51851.43550452035,0.0,20262.870997254307,72114.30650177466,72114.30650177466,0.0,16087.456180897054,0.0,0.0,72114.30650177466,78958.36986281394,95045.82604371099,22926.195560182292,3013.448366666666,16493.47587822121,13359.715461359177,10800.0,10800.0,0
2025-10-29,M3,53811.941343204344,0.0,21695.520271696525,75507.46161490092,75507.46161490092,0.0,16132.882760918063,0.0,0.0,75507.46161490092,81129.32577818265,97262.20853910073,22542.620792473786,2219.232483333333,16779.465596282167,13591.367132988558,10800.0,10800.0,0
2025-10-30,M3,52438.41737322585,0.0,19258.84131908799,71697.25869231383,71697.25869231383,0.0,15166.784842434883,0.0,0.0,71697.25869231383,79095.25816974656,94262.04301218144,22044.372273175606,4324.540166666667,16343.752222837795,13238.439300498612,10800.0,10800.0,0
2025-10-31,M3,19533.562282634764,0.0,7046.869496158355,26580.431778793118,26580.431778793118,0.0,7969.008537016897,0.0,0.0,26580.431778793118,46099.23505292384,54068.243589940736,14500.185309744928,13116.92275297809,13404.439266058176,10857.595805507126,10800.0,10800.0,0
2025-11-01,M3,19257.104716893373,0.0,6969.349976469246,26226.454693362608,26226.454693362608,0.0,8126.1347556332585,0.0,0.0,26226.454693362608,45972.28225898799,54098.41701462125,14527.375372107623,14451.655773341554,13554.460188624947,10979.112752786208,10800.0,10800.0,0
2025-11-02,M3,56831.15766137465,0.0,21435.366754566934,78266.52441594156,78266.52441594156,0.0,16462.63091800786,0.0,0.0,78266.52441594156,84828.75370895924,101291.3846269671,26561.145616896174,2823.27305,16371.484351250532,13260.902324512932,10800.0,10800.0,0
2025-11-03,M3,59002.41785867274,0.0,18664.533910287857,77666.95176896061,77666.95176896061,0.0,14155.225898006329,0.0,0.0,77666.95176896061,86957.17878434574,101112.40468235208,26943.51742313773,1826.3283499999993,14934.887504636887,12097.258878755873,10800.0,10800.0,0
2025-11-04,M3,55048.769416966396,0.0,21804.42512243168,76853.1945393981,76853.1945393981,0.0,16286.484813316833,0.0,0.0,76853.1945393981,82324.20079309556,98610.6856064124,24152.118393600413,3825.845016666666,16066.579804273617,13013.929641461633,10800.0,10800.0,0
2025-11-05,M3,57757.39164243396,0.0,18647.23389200871,76404.6255344427,76404.6255344427,0.0,13602.670000440925,0.0,0.0,76404.6255344427,84839.31524294475,98441.98524338566,23561.024605517487,2235.779576397099,15616.636814760155,12649.47581995573,10800.0,10800.0,0
2025-11-06,M3,57954.78502928653,0.0,21340.34709505212,79295.1321243387,79295.1321243387,0.0,15768.946649595578,0.0,0.0,79295.1321243387,84738.67154537773,100507.6181949733,24306.744774999843,1632.761180387273,16834.35626097989,13635.828571393713,10800.0,10800.0,0
2025-11-07,M3,18675.229373057864,0.0,9163.3113560282,27838.540729086068,27838.540729086068,0.0,11547.030321478573,0.0,0.0,27838.540729086068,44551.49858709387,56098.52890857245,14692.470206970782,15485.086476503348,13697.423377710453,11094.912935945464,10800.0,10800.0,0
2025-11-08,M3,18913.04648024363,0.0,7522.359565746758,26435.40604599038,26435.40604599038,0.0,8286.23473890958,0.0,0.0,26435.40604599038,44915.841050607574,53202.075789517155,12479.994777855409,14309.251754935676,13798.01135118985,11176.38919446378,10800.0,10800.0,0
2025-11-09,M3,58358.082385146685,0.0,19376.912972188646,77734.99535733531,77734.99535733531,0.0,14651.554384813877,0.0,0.0,77734.99535733531,85536.78217937595,100188.33656418981,23909.16423013244,1850.2385166666668,16221.66649503887,13139.549860981482,10800.0,10800.0,0
2025-11-10,M3,61071.45733833964,0.0,20346.779461278522,81418.23679961814,81418.23679961814,0.0,14720.33963085263,0.0,0.0,81418.23679961814,88243.50547020945,102963.84510106206,24915.88683473305,1015.2193082405926,16706.820305728583,13532.524447640153,10800.0,10800.0,0
2025-11-11,M3,61493.67042937476,0.0,17452.684392517785,78946.35482189256,78946.35482189256,0.0,12690.27210355252,0.0,0.0,78946.35482189256,89008.84138654711,101699.11349009964,25021.21915559888,2141.4157499999997,15670.83640965312,12693.377491819028,10800.0,10800.0,0
2025-11-12,M3,59281.252717962365,0.0,21689.47800876335,80970.7307267257,80970.7307267257,0.0,15668.595300739427,0.0,0.0,80970.7307267257,87196.73567547118,102865.33097621061,26412.778028684363,2442.006683333333,16076.62375891012,13022.065244717201,10800.0,10800.0,0
2025-11-13,M3,57911.394927111476,0.0,23301.913723253558,81213.30865036501,81213.30865036501,0.0,17161.00068960927,0.0,0.0,81213.30865036501,83884.3739747935,101045.37466440277,24585.52469808663,1133.0303665579245,15426.043595218744,12495.095312127185,10800.0,10800.0,0
2025-11-14,M3,18624.805012803925,0.0,8304.965864234482,26929.7708770384,26929.7708770384,0.0,8831.544853121386,0.0,0.0,26929.7708770384,45243.86169839413,54075.40655151551,12460.06566583833,11370.84948491543,13926.505793482957,11280.469692721197,10800.0,10800.0,0
2025-11-15,M3,19087.635633667564,0.0,10035.944951966925,29123.5805856345,29123.5805856345,0.0,10997.70145108147,0.0,0.0,29123.5805856345,45693.845272368715,56691.546723450185,14575.52097194628,11187.8525762143,14296.243466436548,11579.957207813606,10800.0,10800.0,0
2025-11-16,M3,59787.9924241295,0.0,23258.517787332683,83046.51021146221,83046.51021146221,0.0,16494.16146273695,0.0,0.0,83046.51021146221,86590.42097602811,103084.58243876505,23760.458021767277,1777.0958666666663,16381.495615777741,13269.011448779962,10800.0,10800.0,0
2025-11-17,M3,59953.919180550336,0.0,23787.854232410333,83741.77341296076,83741.77341296076,0.0,17197.02761395705,0.0,0.0,83741.77341296076,87308.45980693866,104505.48742089572,26922.522891921057,1826.148916666667,16110.848836708812,13049.78755773414,10800.0,10800.0,0
2025-11-18,M3,60015.53264106459,0.0,24110.38054236028,84125.91318342487,84125.91318342487,0.0,17152.407848117433,0.0,0.0,84125.91318342487,85966.79009756257,103119.19794568,24881.92988179804,430.88081554446967,15346.502184232402,12430.666769228244,10800.0,10800.0,0
2025-11-19,M3,60717.99009753618,0.0,28790.00520489742,89507.9953024336,89507.9953024336,0.0,20800.000597320755,0.0,0.0,89507.9953024336,86078.31963614812,106878.32023346887,27208.664142152677,1363.1928499999995,15463.95600692735,12525.804365611155,10800.0,10800.0,0
2025-11-20,M3,61388.35855548212,0.0,23031.04517747599,84419.40373295818,84419.40373295818,0.0,16756.027317364416,0.0,0.0,84419.40373295818,88157.52229306087,104913.54961042528,26336.51539292151,779.8489166666664,15811.10140791459,12806.992140410819,10800.0,10800.0,0
2025-11-21,M3,20160.175726519738,0.0,11991.932488971293,32152.10821549103,32152.10821549103,0.0,13762.828966294051,0.0,0.0,32152.10821549103,46873.997560376185,60636.826526670244,17726.17988008449,11621.18988519178,12763.54049856479,10338.467803837482,10800.0,10800.0,0
2025-11-22,M3,21162.357903449156,0.0,10867.178136891162,32029.536040340314,32029.536040340314,0.0,11517.061717108916,0.0,0.0,32029.536040340314,48852.634164814976,60369.695881923886,16674.455136301898,10992.099334544218,13070.062777602288,10586.750849857854,10800.0,10800.0,0
2025-11-23,M3,63124.574301677254,0.0,23028.47976995785,86153.05407163507,86153.05407163507,0.0,16144.859727843437,0.0,0.0,86153.05407163507,89706.09733613781,105850.95706398124,26006.798570607425,1715.755833333333,15243.717772142903,12347.41139543575,10800.0,10800.0,0
2025-11-24,M3,59184.68607934805,0.0,25883.48888377932,85068.17496312736,85068.17496312736,0.0,18428.390707837752,0.0,0.0,85068.17496312736,85277.65456963031,103706.04527746806,25428.36048062499,1305.2977000000003,14791.807351805644,11981.363954962577,10800.0,10800.0,0
2025-11-25,M3,62160.39433346628,0.0,24502.62727883902,86663.02161230533,86663.02161230533,0.0,17192.422485613915,0.0,0.0,86663.02161230533,89343.78599051142,106536.20847612532,26383.39263013377,833.7680500000001,16580.985943815173,13430.598614490293,10800.0,10800.0,0
2025-11-26,M3,62704.42119930697,0.0,25468.81558945231,88173.2367887593,88173.2367887593,0.0,17956.590797701632,0.0,0.0,88173.2367887593,88801.9171243577,106758.50792205933,26571.318398361473,378.0993333333321,16060.122668585245,13008.699361554049,10800.0,10800.0,0
2025-11-27,M3,62482.6872209192,0.0,25489.457822988636,87972.1450439078,87972.1450439078,0.0,18094.339995938808,0.0,0.0,87972.1450439078,88314.30128050958,106408.64127644838,26801.199557458036,896.6137499999996,15420.711766615856,12490.776530958847,10800.0,10800.0,0
2025-11-28,M3,19336.19109598833,0.0,12926.339922519395,32262.53101850772,32262.53101850772,0.0,14342.405062552043,0.0,0.0,32262.53101850772,46337.46818700027,60679.87324955231,16936.57111532238,10253.408779085488,13519.235816549739,10950.581011405295,10800.0,10800.0,0
2025-11-29,M3,21510.981178765316,0.0,12158.181949007288,33669.16312777259,33669.16312777259,0.0,12251.873057446566,0.0,0.0,33669.16312777259,49769.58111681201,62021.45417425858,17895.621651869085,6728.262758853203,12990.103492296274,10521.983828759983,10800.0,10800.0,0
2025-11-30,M3,67472.83343346945,0.0,22682.691539312407,90155.52497278183,90155.52497278183,0.0,15509.510006513026,0.0,0.0,90155.52497278183,93542.79037641073,109052.30038292374,25748.114229944997,10.70791666666662,16045.526945502239,12996.876825856818,10800.0,10800.0,0
2025-12-01,M3,72741.56952576632,0.0,31740.141320433635,104481.71084619996,104481.71084619996,0.0,20060.997015549794,0.0,0.0,104481.71084619996,95308.58409268403,115369.58110823382,25697.79961618648,34.26228333333347,17571.534080950936,14232.942605570257,10800.0,10800.0,0
2025-12-02,M3,80357.19710543231,0.0,26210.020488644303,106567.21759407668,106567.21759407668,0.0,16441.984152045494,0.0,0.0,106567.21759407668,102876.62950941885,119318.61366146436,27549.755772199976,0.0,16479.19968033889,13348.1517410745,10800.0,10800.0,0
2025-12-03,M3,79151.61978799617,0.0,28263.898031005872,107415.517819002,107415.517819002,0.0,17741.59141577455,0.0,0.0,107415.517819002,102413.16525376213,120154.75666953667,29968.311495598067,0.0,15914.19266985234,12890.496062580394,10800.0,10800.0,0
2025-12-04,M3,80697.51769383301,0.0,23651.83738946663,104349.35508329968,104349.35508329968,0.0,14697.645621057545,0.0,0.0,104349.35508329968,103831.54850353062,118529.19412458816,28833.262908952554,38.74940000000015,15189.331924397971,12303.358858762356,10800.0,10800.0,0
2025-12-05,M3,25928.243698759474,0.0,17052.308554896495,42980.55225365598,42980.55225365598,0.0,16299.906738697937,0.0,0.0,42980.55225365598,55154.64230759925,71454.54904629718,22525.460398113428,5225.538533333333,12589.065429037299,10197.142997520212,10800.0,10800.0,0
2025-12-06,M3,26247.526119274436,0.0,19703.5187006078,45951.04481988225,45951.04481988225,0.0,18422.816764582007,0.0,0.0,45951.04481988225,54394.33732468073,72817.15408926274,22217.491667120314,4599.612366666666,12291.680204258351,9956.26096544926,10800.0,10800.0,0
2025-12-07,M3,81585.40077084226,0.0,23460.854907897065,105046.25567873936,105046.25567873936,0.0,14185.14834831186,0.0,0.0,105046.25567873936,105459.26137379554,119644.40972210739,28941.531452784177,12.572583333333341,15987.497031525718,12949.872595535831,10800.0,10800.0,0
2025-12-08,M3,81984.30792979985,0.0,26445.853117164585,108430.16104696447,108430.16104696447,0.0,17269.31669667309,0.0,0.0,108430.16104696447,107108.15810886904,124377.47480554215,33243.18109493318,0.0,17300.43470495942,14013.352111017139,10800.0,10800.0,0
2025-12-09,M3,78802.1664474714,0.0,24672.09159066868,103474.25803814012,103474.25803814012,0.0,15490.448798187164,0.0,0.0,103474.25803814012,104522.7363902017,120013.18518838886,29305.163337924896,7.1056166666667195,17434.010353319107,14121.548386188479,10800.0,10800.0,0
2025-12-10,M3,77386.9868093787,0.0,28549.321311159114,105936.30812053781,105936.30812053781,0.0,18079.104326856457,0.0,0.0,105936.30812053781,101474.94815190102,119554.05247875747,27904.264359779696,0.0,17169.313959532148,13907.144307221035,10800.0,10800.0,0
2025-12-11,M3,76579.11100035049,0.0,24071.274866593987,100650.38586694445,100650.38586694445,0.0,15134.796458493449,0.0,0.0,100650.38586694445,102458.59402405107,117593.39048254452,28510.2018697523,0.0,16431.231119959077,13309.297207166852,10800.0,10800.0,0
2025-12-12,M3,26413.18050661824,0.0,19689.795102854794,46102.97560947301,46102.97560947301,0.0,18159.555000787048,0.0,0.0,46102.97560947301,55912.81021565479,74072.36521644183,24640.518502945415,3436.7504999999996,12003.593316647888,9722.910586484793,10800.0,10800.0,0
2025-12-13,M3,26864.84607828896,0.0,19222.287665639986,46087.133743928935,46087.133743928935,0.0,17480.170859091293,0.0,0.0,46087.133743928935,56443.890246690775,73924.06110578206,24217.620106413324,3589.7912625771505,12200.612386622402,9882.496033164143,10800.0,10800.0,0
2025-12-14,M3,76146.22671242562,0.0,28972.366355315095,105118.59306774066,105118.59306774066,0.0,18439.485891315817,0.0,0.0,105118.59306774066,99292.47218460313,117731.95807591894,25577.136045448875,0.0,17768.94858142142,14392.84835095135,10800.0,10800.0,0
2025-12-15,M3,78305.7261065838,0.0,27699.90525705887,106005.63136364268,106005.63136364268,0.0,17657.953504774105,0.0,0.0,106005.63136364268,102141.36939703015,119799.32290180426,26905.28455590056,0.0,18023.58094335289,14599.100564115843,10800.0,10800.0,0
2025-12-16,M3,81888.46219082772,0.0,20768.565144614124,102657.02733544183,102657.02733544183,0.0,13250.46015909269,0.0,0.0,102657.02733544183,105829.08785999999,119079.54801909268,26314.45098014109,0.0,17615.819503253988,14268.813797635734,10800.0,10800.0,0
2025-12-17,M3,80355.43153196387,0.0,20829.131877533997,101184.56340949786,101184.56340949786,0.0,13315.748827394862,0.0,0.0,101184.56340949786,104340.86786718795,117656.61669458282,26256.133783871748,0.0,16887.557073917913,13678.921229873507,10800.0,10800.0,0
2025-12-18,M3,75537.02879434326,0.0,27565.31166817954,103102.34046252276,103102.34046252276,0.0,17458.688349615953,0.0,0.0,103102.34046252276,100086.61529427751,117545.30364389347,26636.91967089222,86.18373333333352,18189.122489480316,14733.189216479066,10800.0,10800.0,0
2025-12-19,M3,25316.1459863134,0.0,19884.28100685907,45200.42699317244,45200.42699317244,0.0,18300.636627199998,0.0,0.0,45200.42699317244,54147.53802052007,72448.17464772008,22900.854240982764,4162.613219484785,13033.241511855389,10556.925624602867,10800.0,10800.0,0
2025-12-20,M3,25443.95331512815,0.0,18097.586207382454,43541.5395225106,43541.5395225106,0.0,17039.06634511295,0.0,0.0,43541.5395225106,54946.347125947505,71985.41347106046,22082.137642741625,4503.584247954381,13385.996475602404,10842.65714523795,10800.0,10800.0,0
2025-12-21,M3,75496.78514941732,0.0,28118.008029666627,103614.79317908395,103614.79317908395,0.0,17569.628208897666,0.0,0.0,103614.79317908395,99943.79779032405,117513.42599922171,25051.37600669996,0.0,18022.463820289973,14598.195694434879,10800.0,10800.0,0
2025-12-22,M3,77215.22981386917,0.0,27259.30603694568,104474.53585081488,104474.53585081488,0.0,17248.527029889847,0.0,0.0,104474.53585081488,100604.5030533302,117853.03008322004,25452.175545521095,0.0,18228.565549292725,14765.138094927108,10800.0,10800.0,0
2025-12-23,M3,77291.40303660471,0.0,23900.536030092433,101191.93906669716,101191.93906669716,0.0,14882.655998779419,0.0,0.0,101191.93906669716,101624.62618264779,116507.2821814272,25857.680704896833,0.0,17850.047069458116,14458.538126261075,10800.0,10800.0,0
2025-12-24,M3,76675.98777354391,0.0,24859.908467887853,101535.89624143174,101535.89624143174,0.0,15759.403357112931,0.0,0.0,101535.89624143174,101104.93596205706,116864.33931917,25661.632055341994,0.0,17621.83130084917,14273.683353687826,10800.0,10800.0,0
2025-12-25,M3,75908.90281857699,0.0,24837.145838321412,100746.04865689839,100746.04865689839,0.0,15657.333360065182,0.0,0.0,100746.04865689839,100065.9125708974,115723.24593096257,24483.167056163544,0.0,18040.159691924717,14612.529350459015,10800.0,10800.0,0
2025-12-26,M3,26753.84903057322,0.0,16438.798544251167,43192.64757482439,43192.64757482439,0.0,14764.761195534182,0.0,0.0,43192.64757482439,56872.936698524616,71637.6978940588,22171.65248295365,3877.368333333334,13584.498128623614,11003.443484185125,10800.0,10800.0,0
2025-12-27,M3,26424.217259384466,0.0,16572.024121097653,42996.24138048214,42996.24138048214,0.0,14835.631556798566,0.0,0.0,42996.24138048214,57066.88526314123,71902.51681993979,22227.418751667992,3837.8103952051206,13149.887402105376,10651.408795705356,10800.0,10800.0,0
2025-12-28,M3,77051.48014598488,0.0,25145.36305334479,102196.84319932964,102196.84319932964,0.0,16193.735881770106,0.0,0.0,102196.84319932964,101614.98356854997,117808.71945032009,27785.172032334187,0.0,16917.32983150474,13703.037163518835,10800.0,10800.0,0
2025-12-29,M3,76491.5895420116,0.0,25981.7682784653,102473.35782047689,102473.35782047689,0.0,17131.39312011478,0.0,0.0,102473.35782047689,101106.81495369688,118238.20807381166,27422.64189185865,0.0,17325.26271203346,14033.462796747102,10800.0,10800.0,0
2025-12-30,M3,74961.80561558073,0.0,29169.182588997985,104130.98820457881,104130.98820457881,0.0,18142.03114556613,0.0,0.0,104130.98820457881,101749.05776686821,119891.08891243432,30470.289681354094,18.987083333333203,16723.208146036373,13545.798598289462,10800.0,10800.0,0
2025-12-31,M3,76461.42385987416,0.0,28910.656822355264,105372.08068222947,105372.08068222947,0.0,17895.755074004614,0.0,0.0,105372.08068222947,101825.82225854787,119721.57733255248,27753.07438957508,0.0,17484.631629705644,14162.551620061573,10800.0,10800.0,0
2025-02-01,M4,33564.20643391206,0.0,16.168128039859177,33580.37456195192,33580.37456195192,0.0,33.341229038534266,0.0,0.0,33580.37456195192,69931.8393606578,69965.18058969633,24534.25883142322,8819.148117901233,11755.777405466006,9522.179698427462,10800.0,10800.0,0
2025-02-02,M4,87122.21318299198,0.0,120.47534642951315,87242.68852942147,87242.68852942147,0.0,196.15793849609122,0.0,0.0,87242.68852942147,116753.16679623065,116949.32473472675,34890.17355905676,437.1925500000002,17187.793029841978,13922.112354171995,10800.0,10800.0,0
2025-02-03,M4,107095.14192598412,0.0,0.0,107095.14192598412,107095.14192598412,0.0,0.0,0.0,0.0,107095.14192598412,136492.6107883493,136492.6107883493,54174.598235688834,80.66648333333342,10633.839838563945,8613.4102692368,10800.0,10800.0,0
2025-02-04,M4,107068.98117469215,0.0,0.0,107068.98117469215,107068.98117469215,0.0,0.0,0.0,0.0,107068.98117469215,136492.4504858111,136492.4504858111,52528.60790582645,319.04835000000026,12894.369894656256,10444.43961467157,10800.0,10800.0,0
2025-02-05,M4,102758.45103150028,0.0,506.0612447847268,103264.51227628504,103264.51227628504,0.0,370.9726166356164,0.0,0.0,103264.51227628504,131659.56164306786,132030.5342597035,48822.10560512415,41.18235000000027,12730.628006558,10311.808685311982,10800.0,10800.0,0
2025-02-06,M4,104590.99941148974,0.0,197.04693740208623,104788.04634889183,104788.04634889183,0.0,137.3109806237577,0.0,0.0,104788.04634889183,133797.03911550576,133934.35009612952,51197.03163998178,1.400816666666742,12972.949593760019,10508.08917094561,10800.0,10800.0,0
2025-02-07,M4,44439.563923417045,0.0,0.0,44439.563923417045,44439.563923417045,0.0,0.0,0.0,0.0,44439.563923417045,86103.03332904978,86103.03332904978,41835.05269043204,10894.786777681802,8250.074706680334,6682.560512411072,10800.0,10800.0,0
2025-02-08,M4,40792.21400338192,0.0,1033.6375000927255,41825.85150347464,41825.85150347464,0.0,972.0452000925058,0.0,0.0,41825.85150347464,80057.14262087457,81029.18782096705,36783.259312270755,10869.086388187963,9471.996862324635,7672.317458482956,10800.0,10800.0,0
2025-02-09,M4,98151.07787224343,0.0,1743.6699156869026,99894.74778793032,99894.74778793032,0.0,1251.814792923993,0.0,0.0,99894.74778793032,127313.3286634409,128565.14345636487,46556.828549531376,52.42941666666661,12634.050123685098,10233.580600184923,10800.0,10800.0,0
2025-02-10,M4,96855.53937657278,0.0,459.77967324364954,97315.31904981645,97315.31904981645,0.0,312.84169955725054,0.0,0.0,97315.31904981645,128871.2759130199,129184.11761257716,51463.89409286349,1451.7277666666669,10220.3061563877,8278.447986674033,10800.0,10800.0,0
2025-02-11,M4,80759.13890227478,0.0,5848.750561668431,86607.8894639432,86607.8894639432,0.0,4092.92170226271,0.0,0.0,86607.8894639432,110876.40321788829,114969.324920151,35924.96384669161,826.4109333333338,15775.542141014374,12778.189134221642,10800.0,10800.0,0
2025-02-12,M4,81352.2862531293,0.0,5393.814610753239,86746.10086388254,86746.10086388254,0.0,3811.1241018531423,0.0,0.0,86746.10086388254,111875.26916543247,115686.39326728562,36209.78864144747,1329.0620000000004,15162.139434235933,12281.332941731107,10800.0,10800.0,0
2025-02-13,M4,80185.81531375722,0.0,5659.053267254911,85844.86858101211,85844.86858101211,0.0,3946.0237887082617,0.0,0.0,85844.86858101211,111394.68024146871,115340.70403017697,39522.88527777519,2050.502153127775,12830.724118986092,10392.886536378739,10800.0,10800.0,0
2025-02-14,M4,29857.000730564658,0.0,4742.787228029523,34599.78795859418,34599.78795859418,0.0,4078.05873623961,0.0,0.0,34599.78795859418,63805.17766123862,67883.23639747823,24449.26842164649,11347.989070184034,12021.98467884758,9737.807589866541,10800.0,10800.0,0
2025-02-15,M4,29855.096625308317,0.0,4613.401433764932,34468.49805907326,34468.49805907326,0.0,3915.2394434678235,0.0,0.0,34468.49805907326,63676.063292011386,67591.3027354792,24877.551455884717,11384.514216946623,10784.978750778242,8735.832788130374,10800.0,10800.0,0
2025-02-16,M4,82222.89199090184,0.0,5278.773028047741,87501.66501894957,87501.66501894957,0.0,3716.1993097211534,0.0,0.0,87501.66501894957,111703.19176878376,115419.39107850491,36829.727916747725,571.048033333333,13901.242254862393,11260.006226438541,10800.0,10800.0,0
2025-02-17,M4,80815.69559660446,0.0,5316.712504102076,86132.40810070658,86132.40810070658,0.0,3725.270023481989,0.0,0.0,86132.40810070658,111889.27128539019,115614.54130887217,39880.06224120666,1891.9154166666663,13993.160443853572,11334.459959521395,10800.0,10800.0,0
2025-02-18,M4,76692.57158365402,0.0,5429.034496861436,82121.60608051547,82121.60608051547,0.0,3814.1425457248706,0.0,0.0,82121.60608051547,107341.25332935415,111155.39587507902,35244.20185610044,1118.3063833333326,14218.420275325905,11516.920423013982,10800.0,10800.0,0
2025-02-19,M4,73498.28731920835,0.0,2964.983556176728,76463.27087538506,76463.27087538506,0.0,2248.528031477288,0.0,0.0,76463.27087538506,103973.46371321796,106221.99174469525,28512.26128444307,1812.898016666666,15881.605580274629,12864.100520022446,10800.0,10800.0,0
2025-02-20,M4,75406.27105866563,0.0,2722.847469194822,78129.11852786047,78129.11852786047,0.0,2102.7425150581694,0.0,0.0,78129.11852786047,105830.91426924373,107933.6567843019,32245.427392956266,1724.5834333333326,15634.274866731426,12663.762642052458,10800.0,10800.0,0
2025-02-21,M4,26204.174510637175,0.0,2282.488453764324,28486.6629644015,28486.6629644015,0.0,2105.3072334709013,0.0,0.0,28486.6629644015,58531.9497424711,60637.256975942,18617.051375762003,14191.759446382754,11937.811160336418,9669.6270398725,10800.0,10800.0,0
2025-02-22,M4,26427.44233481142,0.0,2262.7305230357288,28690.172857847152,28690.172857847152,0.0,2100.236413414619,0.0,0.0,28690.172857847152,58929.884597656,61030.121011070616,19124.513869525064,11595.760329757491,12974.125939235417,10509.042010780688,10800.0,10800.0,0
2025-02-23,M4,75054.9150874232,0.0,2808.7062467423684,77863.62133416558,77863.62133416558,0.0,2159.591601622179,0.0,0.0,77863.62133416558,105478.65635084556,107638.24795246773,32189.67818766617,1111.6426333333336,14763.544463867893,11958.471015732994,10800.0,10800.0,0
2025-02-24,M4,72435.29506665817,0.0,2685.8346258793354,75121.12969253756,75121.12969253756,0.0,2042.205103728794,0.0,0.0,75121.12969253756,103102.451761031,105144.6568647598,31336.100989871877,2769.309716666667,14927.4344292347,12091.221887680102,10800.0,10800.0,0
2025-02-25,M4,70969.49796600154,0.0,2840.988494399596,73810.48646040115,73810.48646040115,0.0,2070.5843496310044,0.0,0.0,73810.48646040115,103054.28659618116,105124.87094581217,32563.740732391023,4054.157649999999,14134.99647414639,11449.347144058574,10800.0,10800.0,0
2025-02-26,M4,68589.93023318885,0.0,2912.2661360162306,71502.19636920512,71502.19636920512,0.0,2157.321244034244,0.0,0.0,71502.19636920512,99178.46008428001,101335.78132831425,27348.688953222798,2174.395566666666,15778.151447849785,12780.30267275832,10800.0,10800.0,0
2025-02-27,M4,67066.60695658732,0.0,51.012228072177436,67117.61918465952,67117.61918465952,0.0,89.77240282403909,0.0,0.0,67117.61918465952,99000.32195197263,99090.09435479666,25704.981622704978,3267.0881666666664,16639.159818026485,13477.719452601455,10800.0,10800.0,0
2025-02-28,M4,23167.90550031594,0.0,66.98350762905254,23234.889007944996,23234.889007944996,0.0,129.40729357352018,0.0,0.0,23234.889007944996,54299.37901787753,54428.786311451055,14436.3177281551,14045.742998395102,13969.115973162376,11314.98393826153,10800.0,10800.0,0
2025-03-01,M4,24701.970981290622,0.0,0.0,24701.970981290622,24701.970981290622,0.0,0.0,0.0,0.0,24701.970981290622,57656.13532856897,57656.13532856897,17658.920434018346,13711.980591409714,13823.517735829357,11197.049366021776,10800.0,10800.0,0
2025-03-02,M4,71155.0854599496,0.0,0.0,71155.0854599496,71155.0854599496,0.0,0.0,0.0,0.0,71155.0854599496,101691.28339865054,101691.28339865054,26044.533796228137,204.51718333333315,16231.186065381098,13147.260712958694,10800.0,10800.0,0
2025-03-03,M4,73436.53075846314,0.0,129.6812171687541,73566.21197563189,73566.21197563189,0.0,190.60886629370418,0.0,0.0,73566.21197563189,104144.92140428167,104335.53027057539,27980.949557104268,1108.878616666666,16992.39717616379,13763.841712692672,10800.0,10800.0,0
2025-03-04,M4,71452.6116939162,0.0,19.24355549153548,71471.85524940773,71471.85524940773,0.0,30.101651367727754,0.0,0.0,71471.85524940773,102366.42767212799,102396.52932349572,28593.496534635677,1479.8917833333333,16440.43722207044,13316.754149877055,10800.0,10800.0,0
2025-03-05,M4,69461.97109056964,0.0,61.14608411698197,69523.11717468662,69523.11717468662,0.0,104.95082620519702,0.0,0.0,69523.11717468662,101655.30896657081,101760.259792776,30580.969329733784,2148.806483333333,15263.22085811701,12363.208895074775,10800.0,10800.0,0
2025-03-06,M4,65716.6966453524,0.0,310.5956289731471,66027.29227432553,66027.29227432553,0.0,330.13578222170446,0.0,0.0,66027.29227432553,96937.46963359384,97267.60541581552,26262.020131505495,2240.535814885839,14865.238611004575,12040.84327491371,10800.0,10800.0,0
2025-03-07,M4,21667.514184869644,0.0,0.0,21667.514184869644,21667.514184869644,0.0,0.0,0.0,0.0,21667.514184869644,54173.61515693232,54173.61515693232,16139.368876208584,14534.268449649568,13566.801567057028,10989.109269316188,10800.0,10800.0,0
2025-03-08,M4,20345.333991115203,0.0,583.4565083455803,20928.79049946078,20928.79049946078,0.0,583.479203488842,0.0,0.0,20928.79049946078,50452.71033936179,51036.189542850625,13635.529761370946,15690.317459609487,13932.646343176431,11285.443537972911,10800.0,10800.0,0
2025-03-09,M4,64239.97723882209,0.0,738.0916830471552,64978.06892186923,64978.06892186923,0.0,593.8681029930283,0.0,0.0,64978.06892186923,97067.89480625314,97661.76290924617,27499.56173188337,3789.717583333333,15994.518652786706,12955.560108757232,10800.0,10800.0,0
2025-03-10,M4,65554.39311435369,0.0,1301.6626379877728,66856.05575234146,66856.05575234146,0.0,925.8309164469766,0.0,0.0,66856.05575234146,95336.71612200217,96262.54703844913,24214.66523928581,781.501950071524,16970.04420574639,13745.735806654575,10800.0,10800.0,0
2025-03-11,M4,63501.238494965626,0.0,1547.1826274188136,65048.421122384454,65048.421122384454,0.0,1354.7464011645473,0.0,0.0,65048.421122384454,94414.76900201812,95769.51540318267,26223.952404795196,2871.969583333333,14393.0242897587,11658.34967470455,10800.0,10800.0,0
2025-03-12,M4,64235.679219967315,0.0,414.1092042282138,64649.78842419555,64649.78842419555,0.0,399.72925432048805,0.0,0.0,64649.78842419555,96681.45924688011,97081.18850120061,28082.362410724498,3816.030298143143,14459.268994734997,11712.007885735353,10800.0,10800.0,0
2025-03-13,M4,65492.5197251448,0.0,633.4901722491531,66126.00989739393,66126.00989739393,0.0,558.4272553679933,0.0,0.0,66126.00989739393,95988.39740395782,96546.8246593258,25221.30003950463,727.2411999999996,16066.660016602644,13013.994613448138,10800.0,10800.0,0
2025-03-14,M4,19800.628709524317,0.0,164.88498456693745,19965.513694091256,19965.513694091256,0.0,220.47093711409298,0.0,0.0,19965.513694091256,49927.058204849425,50147.52914196352,13900.00332686992,17651.979695966154,13505.895451547927,10939.775315753819,10800.0,10800.0,0
2025-03-15,M4,21232.80596931645,0.0,915.3452300657136,22148.151199382155,22148.151199382155,0.0,1466.6250462043656,0.0,0.0,22148.151199382155,51012.827408376936,52479.452454581304,15654.70878930897,13274.068565238103,13823.947105443309,11197.39715540908,10800.0,10800.0,0
2025-03-16,M4,64208.07007608538,0.0,755.8530402859708,64963.92311637131,64963.92311637131,0.0,626.119685852054,0.0,0.0,64963.92311637131,95666.58386813255,96292.70355398461,27648.833897063756,2646.5368333333336,13927.82047502204,11281.534584767855,10800.0,10800.0,0
2025-03-17,M4,62053.85527153942,0.0,385.8258055219168,62439.68107706132,62439.68107706132,0.0,307.5084357274814,0.0,0.0,62439.68107706132,95622.85940190018,95930.36783762767,30019.706469364333,5460.590797615413,13641.784933234703,11049.84579592011,10800.0,10800.0,0
2025-03-18,M4,62490.54387695447,0.0,147.42374456434712,62637.967621518816,62637.967621518816,0.0,150.72163955954568,0.0,0.0,62637.967621518816,94857.17840408569,95007.90004364523,26910.047177215274,3974.1556833333325,15777.572718052432,12779.833901622475,10800.0,10800.0,0
2025-03-19,M4,58447.47986687443,0.0,786.6280794546976,59234.10794632913,59234.10794632913,0.0,691.0972948778807,0.0,0.0,59234.10794632913,90431.10313540825,91122.20043028612,24000.624750632946,4600.373233333333,16082.79998063081,13027.06798431096,10800.0,10800.0,0
2025-03-20,M4,61200.19924460523,0.0,326.3474066625941,61526.54665126784,61526.54665126784,0.0,264.3876936202139,0.0,0.0,61526.54665126784,93511.79478059948,93776.1824742197,25779.784000350366,2909.5473833333326,15146.785651943908,12268.896378074569,10800.0,10800.0,0
2025-03-21,M4,17909.192113447716,0.0,449.0382387408525,18358.230352188566,18358.230352188566,0.0,432.8091445616483,0.0,0.0,18358.230352188566,46460.235622169,46893.04476673066,11522.483916106725,20598.967490946496,14411.204436898726,11673.075593887967,10800.0,10800.0,0
2025-03-22,M4,18747.58219509438,0.0,149.95887222976862,18897.54106732415,18897.54106732415,0.0,214.32978706296626,0.0,0.0,18897.54106732415,46689.366611548925,46903.69639861189,11672.386324938943,16762.407806995885,13619.48701759858,11031.784484254853,10800.0,10800.0,0
2025-03-23,M4,60241.841290991135,0.0,425.40384623806847,60667.24513722922,60667.24513722922,0.0,365.56045202558965,0.0,0.0,60667.24513722922,93000.83977254678,93366.40022457235,26770.55910453483,4970.122566666666,15031.570719495745,12175.57228279155,10800.0,10800.0,0
2025-03-24,M4,58318.021008073796,0.0,631.3386988937783,58949.35970696755,58949.35970696755,0.0,504.92491355203754,0.0,0.0,58949.35970696755,90408.8574150016,90913.78232855363,24508.433311113688,5483.957616666667,15383.654302315541,12460.759984875593,10800.0,10800.0,0
2025-03-25,M4,59788.25805148724,0.0,784.5070947279253,60572.76514621513,60572.76514621513,0.0,618.8378113056086,0.0,0.0,60572.76514621513,91966.82797009844,92585.66578140407,24413.8491454029,4410.7941833333325,14794.198610532467,11983.300874531298,10800.0,10800.0,0
2025-03-26,M4,56433.02653320381,0.0,391.92414764490434,56824.95068084872,56824.95068084872,0.0,350.2529477790664,0.0,0.0,56824.95068084872,89558.6562657579,89908.90921353697,25476.141472053718,5917.7654,15381.302499034688,12458.855024218099,10800.0,10800.0,0
2025-03-27,M4,57672.93711638539,0.0,695.2000397947974,58368.13715618023,58368.13715618023,0.0,573.1777476312363,0.0,0.0,58368.13715618023,90462.43447021605,91035.61221784729,24835.732392947546,4712.074500000001,14583.241709998652,11812.425785098914,10800.0,10800.0,0
2025-03-28,M4,17296.77424537383,0.0,169.95844715218348,17466.732692526013,17466.732692526013,0.0,190.36570771391374,0.0,0.0,17466.732692526013,43442.391906723,43632.757614436916,8969.052128395466,21253.363812551444,13623.478456964956,11035.017550141614,10800.0,10800.0,0
2025-03-29,M4,17035.759232359298,0.0,240.39492043704607,17276.15415279634,17276.15415279634,0.0,267.7827555394704,0.0,0.0,17276.15415279634,41905.825874485156,42173.608630024624,6826.497860244586,25050.05782572016,13630.7566354029,11040.912874676353,10800.0,10800.0,0
2025-03-30,M4,54562.622879525756,0.0,342.5868627542712,54905.20974228004,54905.20974228004,0.0,303.8715025598717,0.0,0.0,54905.20974228004,88089.40086552763,88393.27236808749,23619.09299307668,6504.842333333333,15387.986008828937,12464.26866715144,10800.0,10800.0,0
2025-03-31,M4,52987.976386456336,0.0,3341.64705211432,56329.62343857063,56329.62343857063,0.0,3004.9314955467094,0.0,0.0,56329.62343857063,84440.87006733607,87445.80156288279,23058.321114751692,4454.774046936082,15691.141672956235,12709.824755094553,10800.0,10800.0,0
2025-04-01,M4,58729.94622175986,0.0,1493.4284427432808,60223.37466450312,60223.37466450312,0.0,1155.834692931134,0.0,0.0,60223.37466450312,90521.69308058353,91677.52777351467,26540.785242193393,2294.5490795585656,13859.694395242357,11226.35246014631,10800.0,10800.0,0
2025-04-02,M4,57352.008135097945,0.0,1730.1848958566113,59082.193030954586,59082.193030954586,0.0,1384.3517807868195,0.0,0.0,59082.193030954586,89828.9778157576,91213.32959654441,24328.535151834218,3397.571266666667,16062.567252860692,13010.679474817156,10800.0,10800.0,0
2025-04-03,M4,57949.70001922764,0.0,345.2667987861206,58294.966818013774,58294.966818013774,0.0,327.30073923252087,0.0,0.0,58294.966818013774,90986.9173701907,91314.21810942322,26532.39219266236,6116.542683333333,14746.06824610984,11944.315279348972,10800.0,10800.0,0
2025-04-04,M4,16230.489391210376,0.0,89.92124278566476,16320.41063399604,16320.41063399604,0.0,170.74519150630329,0.0,0.0,16320.41063399604,41042.2629997472,41213.00819125351,6754.37794835154,25287.914712139915,14420.596214537123,11680.682933775068,10800.0,10800.0,0
2025-04-05,M4,16281.630747427747,0.0,272.50871307207973,16554.139460499824,16554.139460499824,0.0,366.2952534779153,0.0,0.0,16554.139460499824,40082.68905657063,40448.98431004855,5244.146992616208,20467.520390946498,14174.747069223722,11481.54512607121,10800.0,10800.0,0
2025-04-06,M4,55390.026022801074,0.0,346.77775680791984,55736.803779609,55736.803779609,0.0,333.50997729669734,0.0,0.0,55736.803779609,88231.47572380066,88564.98570109735,25028.356257650797,6157.668716896546,15625.707683596596,12656.823223713247,10800.0,10800.0,0
2025-04-07,M4,52909.159193777385,0.0,1860.8651615143663,54770.02435529177,54770.02435529177,0.0,1591.1469232208174,0.0,0.0,54770.02435529177,85130.17197382027,86721.31889704108,24349.2081376272,6373.889599291426,14502.641456784899,11747.139579995772,10800.0,10800.0,0
2025-04-08,M4,53705.88031596412,0.0,115.56487080181998,53821.44518676593,53821.44518676593,0.0,146.21613602420302,0.0,0.0,53821.44518676593,87209.41678762466,87355.63292364887,22882.969968226724,7159.0667102171665,15581.066465991147,12620.663837452834,10800.0,10800.0,0
2025-04-09,M4,54690.97694701602,0.0,1310.1272706918537,56001.10421770787,56001.10421770787,0.0,1252.4507897858696,0.0,0.0,56001.10421770787,86399.5446258832,87651.99541566905,22600.873814743805,3109.2241333374327,14776.770794321877,11969.184343400724,10800.0,10800.0,0
2025-04-10,M4,54289.36202621211,0.0,753.1248673430879,55042.486893555244,55042.486893555244,0.0,852.4037596698093,0.0,0.0,55042.486893555244,87102.7051149713,87955.1088746411,23551.715823781433,7082.157366666665,15055.77781154216,12195.180027349154,10800.0,10800.0,0
2025-04-11,M4,15616.540130927779,0.0,388.9411752831527,16005.481306210933,16005.481306210933,0.0,456.62999209348743,0.0,0.0,16005.481306210933,38981.38410928911,39438.01410138259,5185.229221983233,26163.217093449974,14594.303259382725,11821.385640100005,10800.0,10800.0,0
2025-04-12,M4,16510.706215230006,0.0,106.82642207968847,16617.532637309698,16617.532637309698,0.0,145.56329341304928,0.0,0.0,16617.532637309698,41389.508356729944,41535.071650143,6997.040604920146,22882.09564300412,13846.183432730188,11215.408580511456,10800.0,10800.0,0
2025-04-13,M4,52875.71288997314,0.0,76.83142867235792,52952.54431864549,52952.54431864549,0.0,88.68459416649375,0.0,0.0,52952.54431864549,85044.85523984706,85133.53983401356,22208.621058494293,5879.451316666666,14574.257765890847,11805.148790371588,10800.0,10800.0,0
2025-04-14,M4,52707.624742355554,0.0,409.2972194289947,53116.92196178457,53116.92196178457,0.0,352.7020979231992,0.0,0.0,53116.92196178457,85545.76332240747,85898.46542033064,23990.627071937975,6592.134049999999,14671.960517856198,11884.28801946352,10800.0,10800.0,0
2025-04-15,M4,50844.45517064765,0.0,146.72881991152153,50991.18399055917,50991.18399055917,0.0,182.4060283856029,0.0,0.0,50991.18399055917,83962.67933161161,84145.08535999722,23270.046577843757,8132.9352835567215,13698.28771191268,11095.613046649274,10800.0,10800.0,0
2025-04-16,M4,53285.00329204896,0.0,1029.5729948312676,54314.57628688024,54314.57628688024,0.0,860.4584402410236,0.0,0.0,54314.57628688024,85356.35826159875,86216.8167018398,23140.07713560167,4522.642416666667,14602.658945112942,11828.15374554149,10800.0,10800.0,0
2025-04-17,M4,50916.755167344156,0.0,1088.6757528368428,52005.43092018099,52005.43092018099,0.0,1185.3879939819371,0.0,0.0,52005.43092018099,83340.22772725171,84525.61572123364,22865.254455307935,5884.109916666666,15304.784206626537,12396.875207367497,10800.0,10800.0,0
2025-04-18,M4,15077.89018944682,0.0,274.23813589162404,15352.128325338448,15352.128325338448,0.0,309.81916062632945,0.0,0.0,15352.128325338448,38268.60015928047,38578.419319906796,5788.643507764399,23693.353380666253,14433.185516541118,11690.880268398309,10800.0,10800.0,0
2025-04-19,M4,15378.880327865656,0.0,352.30943585392714,15731.189763719589,15731.189763719589,0.0,397.2662395674083,0.0,0.0,15731.189763719589,39536.797538271945,39934.06377783936,6478.83452388773,23906.386875080483,14548.226994058627,11784.06386518749,10800.0,10800.0,0
2025-04-20,M4,51005.37765117915,0.0,537.6036704373034,51542.98132161647,51542.98132161647,0.0,461.9654242796159,0.0,0.0,51542.98132161647,83303.38178256567,83765.3472068453,22932.78421428431,6118.829398148148,14505.203742523678,11749.215031444177,10800.0,10800.0,0
2025-04-21,M4,50874.20861601062,0.0,289.3769561078815,51163.58557211851,51163.58557211851,0.0,230.47130931742709,0.0,0.0,51163.58557211851,85083.61480186284,85314.08611118028,24652.848369699157,9398.58827083802,14451.258354261941,11705.519266952171,10800.0,10800.0,0
2025-04-22,M4,49103.78433382278,0.0,2464.2954859125844,51568.07981973536,51568.07981973536,0.0,2608.5122257601242,0.0,0.0,51568.07981973536,80561.87109675823,83170.38332251838,22390.930539676934,5757.331061509928,15101.012656130759,12231.820251465919,10800.0,10800.0,0
2025-04-23,M4,49504.34415375539,0.0,1605.172595587863,51109.51674934323,51109.51674934323,0.0,1422.1999117115192,0.0,0.0,51109.51674934323,81595.68255081888,83017.8824625304,23154.131617879568,5615.994107836831,14988.631684985961,12140.791664838627,10800.0,10800.0,0
2025-04-24,M4,48947.05318627047,0.0,213.56625899647992,49160.61944526695,49160.61944526695,0.0,228.97108912452512,0.0,0.0,49160.61944526695,81419.90308745371,81648.87417657825,22351.51806088432,9499.207445966773,14252.8524722482,11544.810502521043,10800.0,10800.0,0
2025-04-25,M4,13981.789605463264,0.0,54.51549929188982,14036.305104755158,14036.305104755158,0.0,121.03359382142071,0.0,0.0,14036.305104755158,36344.319186083056,36465.35277990448,3923.4404597008497,27550.200461514985,15743.969519413917,12752.615310725276,10800.0,10800.0,0
2025-04-26,M4,14435.6324505573,0.0,169.73240415574955,14605.364854713049,14605.364854713049,0.0,233.70692845869044,0.0,0.0,14605.364854713049,36113.960090516426,36347.66701897512,4578.736918115448,28877.241810053514,14849.971881435926,12028.477223963102,10800.0,10800.0,0
2025-04-27,M4,45677.30505848598,0.0,1165.4603084581706,46842.76536694416,46842.76536694416,0.0,1105.5875491407216,0.0,0.0,46842.76536694416,77905.28273469425,79010.87028383497,19152.521326221082,8264.956933333333,15894.320215511725,12874.399374564498,10800.0,10800.0,0
2025-04-28,M4,50880.371671581204,0.0,2213.848917048078,53094.22058862927,53094.22058862927,0.0,2100.483332881199,0.0,0.0,53094.22058862927,82267.76068024052,84368.24401312172,21531.69334868175,3113.4850500000007,16321.569988280507,13220.471690507213,10800.0,10800.0,0
2025-04-29,M4,48090.28458728361,0.0,490.8537873793249,48581.13837466292,48581.13837466292,0.0,419.0286485465764,0.0,0.0,48581.13837466292,81562.89978331185,81981.92843185843,22515.605140978943,9405.38547078189,13830.12686016273,11202.402756731813,10800.0,10800.0,0
2025-04-30,M4,46978.02642599952,0.0,233.68924561181635,47211.71567161134,47211.71567161134,0.0,244.2731856430181,0.0,0.0,47211.71567161134,79354.62698368343,79598.90016932644,21802.125913293847,6788.3466174840705,14481.964237974727,11730.39103275953,10800.0,10800.0,0
2025-05-01,M4,47594.878721099965,0.0,900.0687193956222,48494.94744049557,48494.94744049557,0.0,756.6654556431392,541.5587716337989,3442.282943029227,51937.230383524795,77972.91478920952,78729.58024485265,17312.510452937022,8230.779816666667,16097.439572616622,13380.969625733855,10800.0,10419.951586761788,4
2025-05-02,M4,16165.976907195005,0.0,222.09492128116065,16388.071828476168,16388.071828476168,0.0,212.64564072186633,0.0,0.0,16388.071828476168,37981.07164464914,38193.71728537101,2812.5419912668594,17634.473033564085,16391.255817328136,12934.873640121403,10419.951586761788,10800.0,0
2025-05-03,M4,16361.416476155391,0.0,7.922606292874898,16369.339082448267,16369.339082448267,0.0,17.667356255160257,0.0,0.0,16369.339082448267,39473.298831829175,39490.966188084334,3886.674542502411,23692.832712607098,16022.564647235931,12978.277364261106,10800.0,10800.0,0
2025-05-04,M4,55720.40671859327,0.0,80.7052836951681,55801.112002288435,55801.112002288435,0.0,121.9196659077129,5.9969500000000835,39.825744950000555,55840.93774723844,88653.15339485274,88775.07306076043,27199.451004721763,7099.261449999999,14461.527487922875,11713.83726521753,10800.0,10800.0,1
2025-05-05,M4,54317.25733349157,0.0,0.0,54317.25733349157,54317.25733349157,0.0,0.0,0.0,0.0,54317.25733349157,86840.56907202017,86840.56907202017,23420.663518158224,5576.218066666667,14566.740458922532,11799.059771727252,10800.0,10800.0,0
2025-05-06,M4,52457.48123853454,0.0,331.53317739696587,52789.01441593151,52789.01441593151,0.0,339.86009714737605,0.0,0.0,52789.01441593151,84412.28723527082,84752.14733241819,21405.41507161152,7523.292757739983,15803.276195828188,12849.91905942816,10800.0,10745.260732436303,0
2025-05-07,M4,53540.047818971536,0.0,0.0,53540.047818971536,53540.047818971536,0.0,0.0,0.0,0.0,53540.047818971536,85551.13630972634,85551.13630972634,21153.849656426413,6404.217133333333,15136.622258732954,12211.398688766367,10745.260732436303,10800.0,0
2025-05-08,M4,58043.16453628355,0.0,5.204175588441613,58048.36871187199,58048.36871187199,0.0,2.7232734633394102,0.0,0.0,58048.36871187199,90088.75637205977,90091.4796455231,27087.184215946545,4449.636011387341,14358.66851678539,11630.521498596168,10800.0,10800.0,0
2025-05-09,M4,18619.645790079812,0.0,0.0,18619.645790079812,18619.645790079812,0.0,0.0,0.0,0.0,18619.645790079812,45061.01668841984,45061.01668841984,9727.274920328671,24066.10656997538,14569.733411135712,11801.484063019925,10800.0,10800.0,0
2025-05-10,M4,18310.77407581119,0.0,0.0,18310.77407581119,18310.77407581119,0.0,0.0,0.0,0.0,18310.77407581119,43310.70539102984,43310.70539102984,7131.035216387651,21434.694591772022,13810.159471246505,11186.22917170967,10800.0,10800.0,0
2025-05-11,M4,55392.43780486715,0.0,336.40911341522855,55728.846918282376,55728.846918282376,0.0,313.4406577247536,41.18071666666674,272.24827716666715,56001.095195449045,88181.0842629257,88494.52492065047,25304.421725207212,4917.5353,14892.997519876784,12063.327991100197,10800.0,10800.0,2
2025-05-12,M4,53940.33072844101,0.0,1151.9593972437785,55092.290125684754,55092.290125684754,0.0,1197.0891821641214,0.0,0.0,55092.290125684754,86093.34160081513,87290.43078297925,26478.997164770903,6379.698005224704,13160.738840264778,10660.198460614472,10800.0,10800.0,0
2025-05-13,M4,54133.2047145357,0.0,165.00574797830456,54298.21046251402,54298.21046251402,0.0,201.73169950503552,0.0,0.0,54298.21046251402,86489.87711038746,86691.6088098925,25289.28735230692,5481.9258666666665,14690.435917117036,11899.253092864798,10800.0,10800.0,0
2025-05-14,M4,52370.87599294554,0.0,1090.3067333644842,53461.182726310006,53461.182726310006,0.0,1056.7862096422095,0.0,0.0,53461.182726310006,85161.32386921189,86218.11007885411,24896.462164935336,5539.867784362138,14566.4807695963,11798.849423373002,10800.0,10800.0,0
2025-05-15,M4,53667.8916995908,0.0,1153.4150640473165,54821.30676363812,54821.30676363812,0.0,1063.2106908390695,0.0,0.0,54821.30676363812,85001.69042132722,86064.90111216629,23958.175428160317,6559.091130978954,14645.138261545708,11862.561991852024,10800.0,10800.0,0
2025-05-16,M4,16860.35250688283,0.0,101.86386201936428,16962.21636890219,16962.21636890219,0.0,136.17720244696108,0.0,0.0,16962.21636890219,39446.024245329485,39582.201447776446,5090.503693327767,28893.265102850666,15173.295359287835,12290.369241023156,10800.0,10800.0,0
2025-05-17,M4,17679.747834902828,0.0,110.64370664956601,17790.391541552384,17790.391541552384,0.0,136.0124927193432,0.0,0.0,17790.391541552384,40652.56162119167,40788.57411391102,5770.746900024737,21743.739752786896,14869.938830347652,12044.650452581602,10800.0,10800.0,0
2025-05-18,M4,53855.1637626413,0.0,627.1014998727054,54482.265262514,54482.265262514,0.0,525.0190579654379,0.0,0.0,54482.265262514,86536.53095194374,87061.55000990917,26318.61381645241,4290.085366666666,14614.11961468474,11837.436887894644,10800.0,10800.0,0
2025-05-19,M4,50650.65999625582,0.0,147.55422740081974,50798.21422365665,50798.21422365665,0.0,172.05046079620536,67.00333333333344,467.5827616666674,51265.796985323315,84266.69521245631,84438.74567325252,24017.34874003555,10218.26660867252,14499.563725672513,11744.646617794733,10800.0,10800.0,1
2025-05-20,M4,52280.906777723656,0.0,743.4599951766232,53024.366772900285,53024.366772900285,0.0,702.8707306743919,0.0,0.0,53024.366772900285,83747.57655929861,84450.447289973,23465.834859909864,3797.6835131379394,13997.547896097505,11338.013795838977,10800.0,10800.0,0
2025-05-21,M4,51309.20497873144,0.0,1396.2163281537962,52705.42130688525,52705.42130688525,0.0,1251.837615210766,0.0,0.0,52705.42130688525,83129.27643056623,84381.11404577701,22899.27501332982,7510.20315,13731.687363757137,11122.666764643285,10800.0,10800.0,0
2025-05-22,M4,50995.78605343452,0.0,287.7535567711444,51283.53961020567,51283.53961020567,0.0,271.3434767272051,0.0,0.0,51283.53961020567,82304.12154638476,82575.46502311196,22356.468265742187,6781.767356790126,13792.62412585788,11172.025541944884,10800.0,10800.0,0
2025-05-23,M4,16028.076786406376,0.0,405.2424211000158,16433.31920750639,16433.31920750639,0.0,453.07870054738333,0.0,0.0,16433.31920750639,37917.89595210251,38370.97465264989,5188.437813746139,23711.544159256024,16052.862085865287,13002.818289550887,10800.0,10800.0,0
2025-05-24,M4,16592.161587971066,0.0,164.56270351632241,16756.72429148739,16756.72429148739,0.0,193.32325050747738,0.0,0.0,16756.72429148739,38349.651018992736,38542.97426950021,5476.765398385049,26299.157385614817,15855.526853510599,12842.976751343587,10800.0,10800.0,0
2025-05-25,M4,50125.41839784286,0.0,136.30581573952043,50261.72421358237,50261.72421358237,0.0,109.9216361726991,0.0,0.0,50261.72421358237,83020.87417612108,83130.79581229377,23149.679483612046,8767.493575720167,14045.32931383279,11376.716744204561,10800.0,10800.0,0
2025-05-26,M4,49394.3119905291,0.0,1423.2393018571559,50817.55129238625,50817.55129238625,0.0,1174.6310602300628,0.0,0.0,50817.55129238625,80065.62028157097,81240.25134180103,19132.019607027647,4776.529966666666,14483.520095298609,11731.651277191875,10800.0,10800.0,0
2025-05-27,M4,49381.2021421814,0.0,2134.9079058842367,51516.110048065624,51516.110048065624,0.0,2153.4566794896227,0.0,0.0,51516.110048065624,81298.7612869534,83452.21796644302,23688.014835027214,7654.206045854703,14313.840976637377,11594.211191076272,10800.0,10800.0,0
2025-05-28,M4,51248.27184459501,0.0,619.3433926744921,51867.6152372695,51867.6152372695,0.0,531.0684725301273,0.0,0.0,51867.6152372695,82616.94019908205,83148.00867161217,21618.346024976883,6476.720666666666,14626.936210361231,11847.818330392594,10800.0,10800.0,0
2025-05-29,M4,50838.42559471419,0.0,2778.1239230591486,53616.54951777332,53616.54951777332,0.0,2501.437809511799,17.817433333333497,119.80442173333444,53736.353939506655,82102.37635233952,84603.8141618513,22022.563840930117,5640.1650666666665,14993.574671515162,12144.795483927284,10800.0,10800.0,1
2025-05-30,M4,16836.552664976192,0.0,114.24572346594414,16950.798388442134,16950.798388442134,0.0,164.20884556904102,0.0,0.0,16950.798388442134,39392.00405647328,39556.212902042316,5550.257924809948,24474.359116222826,15449.276812330949,12513.91421798807,10800.0,10800.0,0
2025-05-31,M4,16419.61469602274,0.0,262.71153819813304,16682.326234220876,16682.326234220876,0.0,262.8515665113114,0.0,0.0,16682.326234220876,39429.49811831246,39692.34968482377,5920.500172916386,22412.954234128716,15630.072251466692,12660.35852368802,10800.0,10800.0,0
2025-06-01,M4,61368.566195360225,0.0,5916.574968124488,67285.14116348469,67285.14116348469,0.0,4275.8144078000405,523.7170487912048,3301.508222960158,70586.64938644484,89058.26950047894,93334.08390827899,19269.770023647718,549.8425666666666,17281.902838666916,14468.540771911112,10800.0,10277.556141565654,13
2025-06-02,M4,67212.31892852578,0.0,1891.1186300460804,69103.43755857188,69103.43755857188,0.0,1220.318062655591,0.0,0.0,69103.43755857188,97996.20296871586,99216.52103137146,24634.155851792362,2297.8737499999997,16702.55003677994,13058.866057200838,10277.556141565654,10800.0,0
2025-06-03,M4,72040.32917511252,0.0,1478.3178155925364,73518.64699070509,73518.64699070509,0.0,1068.1159684321788,3.616920144318101,24.618566962301152,73543.2655576674,103447.34741258936,104515.46338102155,30439.27068388467,2841.290749999999,16032.379126041315,12986.227092093468,10800.0,10800.0,1
2025-06-04,M4,74853.04007812741,0.0,603.884792565171,75456.92487069262,75456.92487069262,0.0,448.93168886628666,5.743370700594596,39.54597895894409,75496.47084965157,105719.47186005217,106168.40354891845,32473.12344594748,1195.528466666666,15053.864159674944,12193.629969336705,10800.0,10800.0,1
2025-06-05,M4,73948.54856332354,0.0,628.7678590498128,74577.31642237336,74577.31642237336,0.0,455.2009227982925,23.350743414373255,159.5352488241756,74736.85167119754,103641.40912073023,104096.61004352852,28562.460721721738,1383.6305333333335,15918.692185374533,12894.14067015337,10800.0,10800.0,2
2025-06-06,M4,27369.75675408276,0.0,139.9751181246534,27509.731872207427,27509.731872207427,0.0,124.07933057520958,0.0,0.0,27509.731872207427,57670.70125838691,57794.780588962116,13648.231590804025,10750.59910699589,13373.444690327417,10832.490199165213,10800.0,10800.0,0
2025-06-07,M4,30384.71739637343,0.0,0.0,30384.71739637343,30384.71739637343,0.0,0.0,0.0,0.0,30384.71739637343,62995.877570506185,62995.877570506185,18630.488763301946,10678.683380310045,13474.69610646064,10914.503846233116,10800.0,10800.0,0
2025-06-08,M4,81314.06315962484,0.0,0.0,81314.06315962484,81314.06315962484,0.0,0.0,0.0,0.0,81314.06315962484,114440.79137091615,114440.79137091615,43669.55077470815,3404.5986999999996,11482.729629164949,9301.01099962361,10800.0,10800.0,0
2025-06-09,M4,78695.08509855969,0.0,34.185235624973636,78729.27033418466,78729.27033418466,0.0,16.120928827414417,0.0,0.0,78729.27033418466,109110.1727966748,109126.29372550221,33915.818650589514,1560.3702674934307,14302.063547820715,11584.67147373478,10800.0,10800.0,0
2025-06-10,M4,75094.06941930002,0.0,0.0,75094.06941930002,75094.06941930002,0.0,0.0,0.0,0.0,75094.06941930002,105701.87573021182,105701.87573021182,30440.568631249276,660.2974499999995,15697.712713837964,12715.14729820875,10800.0,10800.0,0
2025-06-11,M4,77724.02898599366,0.0,295.54734341516354,78019.57632940882,78019.57632940882,0.0,197.43652292318433,0.0,0.0,78019.57632940882,107602.12705129385,107799.56357421704,27846.710181486902,715.6320499999994,16593.55276875513,13440.777742691655,10800.0,10800.0,0
2025-06-12,M4,77999.9031592612,0.0,1.0582105695231714,78000.96136983072,78000.96136983072,0.0,0.5166034805326944,0.0,0.0,78000.96136983072,108126.28764126256,108126.80424474309,31947.798528511405,866.30355,15054.267015254523,12193.956282356166,10800.0,10800.0,0
2025-06-13,M4,29103.254472969355,0.0,41.389569580538165,29144.6440425499,29144.6440425499,0.0,60.97521643906646,0.0,0.0,29144.6440425499,60639.110133171474,60700.085349610534,18231.03780787993,11705.237945664414,12728.925768769417,10310.429872703224,10800.0,10800.0,0
2025-06-14,M4,30052.183997580472,0.0,97.9079481466352,30150.09194572711,30150.09194572711,0.0,147.50326953457397,0.0,0.0,30150.09194572711,61002.20314144315,61149.70641097772,18006.06111536588,14592.919884238625,12407.277165122181,10049.894503748963,10800.0,10800.0,0
2025-06-15,M4,74769.05307707452,0.0,0.0,74769.05307707452,74769.05307707452,0.0,0.0,0.0,0.0,74769.05307707452,105231.59961877647,105231.59961877647,30952.90633359444,693.0960833333331,15571.699307975594,12613.076439460234,10800.0,10800.0,0
2025-06-16,M4,75519.12042613426,0.0,191.01039859066165,75710.13082472494,75710.13082472494,0.0,179.9797352473376,0.0,0.0,75710.13082472494,105012.38872244759,105192.36845769495,28931.819139337447,585.2401833333333,15690.822728197401,12709.566409839896,10800.0,10800.0,0
2025-06-17,M4,73499.92207654219,0.0,2678.792371502521,76178.71444804473,76178.71444804473,0.0,1920.7695208408072,4.3195198767216425,30.040100982660665,76208.75454902739,102810.31775345172,104731.08727429253,26542.42923372633,346.6733499999998,16891.01575671717,13681.722762940914,10800.0,10800.0,1
2025-06-18,M4,75618.23504739473,0.0,1348.1064827756745,76966.34153017038,76966.34153017038,0.0,1079.5313885371359,0.0,0.0,76966.34153017038,105311.99369603151,106391.52508456865,32510.35945127718,212.57963333333328,14422.07947346389,11681.884373505749,10800.0,10800.0,0
2025-06-19,M4,71913.64718378644,0.0,1372.0607754210164,73285.70795920742,73285.70795920742,0.0,969.3499414879365,27.11960505069476,187.79807398474674,73473.50603319216,102566.7923793527,103536.14232084062,30352.17151961985,2016.9779913026011,15445.306394573063,12510.698179604184,10800.0,10800.0,2
2025-06-20,M4,27447.681685757627,0.0,175.50498821033833,27623.186673967964,27623.186673967964,0.0,166.8325077055477,0.0,0.0,27623.186673967964,56629.75361257481,56796.58612028036,15627.338420505785,16503.09211748971,11924.077538341422,9658.502806056551,10800.0,10800.0,0
2025-06-21,M4,25690.692522759196,0.0,261.2937077740454,25951.986230533243,25951.986230533243,0.0,259.9969216448269,0.0,0.0,25951.986230533243,53467.9705947766,53727.96751642143,12874.745484246601,19251.978580864197,11928.963427950684,9662.460376640054,10800.0,10800.0,0
2025-06-22,M4,68231.40990334091,0.0,2577.8176515572604,70809.22755489821,70809.22755489821,0.0,1857.6377941932215,0.0,0.0,70809.22755489821,98000.11175528658,99857.7495494798,28364.548587679295,1007.0827666666665,15940.93207965189,12912.154984518034,10800.0,10800.0,0
2025-06-23,M4,67770.25686611889,0.0,519.8478751531214,68290.10474127196,68290.10474127196,0.0,408.8548782249153,0.0,0.0,68290.10474127196,97788.13272465696,98196.98760288185,25908.22227868176,2171.828433333334,16082.373109825086,13026.722218958319,10800.0,10800.0,0
2025-06-24,M4,74685.76341988628,0.0,1789.7911895227967,76475.55460940908,76475.55460940908,0.0,1147.3721143370929,0.0,0.0,76475.55460940908,103263.9573718629,104411.3294862,24410.163808813475,169.28284999999983,18753.10830203433,15190.017724647803,10800.0,10800.0,0
2025-06-25,M4,72699.99295558558,0.0,1661.5842884727242,74361.57724405834,74361.57724405834,0.0,1146.1412373951673,0.0,0.0,74361.57724405834,102965.047192243,104111.18842963816,29946.052424373447,758.8637006238931,15625.531252495648,12656.680314521482,10800.0,10800.0,0
2025-06-26,M4,68931.76451685552,0.0,1461.296191820256,70393.06070867577,70393.06070867577,0.0,1302.825593480955,3.5093158471203196,24.756468643510296,70417.81717731927,99500.70567238022,100803.53126586117,27907.405096074017,2171.60739617204,16740.232926994242,13559.588670865334,10800.0,10800.0,1
2025-06-27,M4,24207.237009416294,0.0,215.40952285065228,24422.646532266954,24422.646532266954,0.0,206.9919514762633,0.0,0.0,24422.646532266954,52496.11159160533,52703.10354308159,12275.155413143606,18238.88681522634,12723.23920023676,10305.823752191778,10800.0,10800.0,0
2025-06-28,M4,24342.702372821364,0.0,408.7408409914857,24751.44321381286,24751.44321381286,0.0,427.7887739009923,0.0,0.0,24751.44321381286,51991.44436807776,52419.23314197875,11705.758316032623,16377.491192181062,13468.723774202117,10909.666257103712,10800.0,10800.0,0
2025-06-29,M4,67752.66277777548,0.0,2213.514877752356,69966.17765552783,69966.17765552783,0.0,1652.3212666543998,0.0,0.0,69966.17765552783,97221.74035809316,98874.06162474756,26349.411596362945,185.09448518518548,16167.300051926877,13095.513042060773,10800.0,10800.0,0
2025-06-30,M4,70242.98221668293,0.0,463.9256019389293,70706.90781862185,70706.90781862185,0.0,325.25683735636096,0.8690276476337431,6.0358315266401625,70712.94365014849,100371.74655910296,100697.0033964593,27053.469916344005,837.6080333333326,15416.371005769905,12487.260514673624,10800.0,10800.0,1
2025-07-01,M4,74699.01005019246,0.0,13883.04718377611,88582.05723396859,88582.05723396859,0.0,9217.899766576851,53.278030602450826,435.57453919033674,89017.63177315892,99180.72238039602,108398.62214697289,24942.917316765695,1255.7593666666664,17824.628741103435,14437.949280293791,10800.0,10800.0,1
2025-07-02,M4,77444.36640832206,0.0,8388.408807315514,85832.77521563761,85832.77521563761,0.0,5636.785873005981,0.0,0.0,85832.77521563761,103300.87279635476,108937.65866936071,30317.443648876535,3063.167150000001,13959.376335881638,11307.094832064122,10800.0,10800.0,0
2025-07-03,M4,84832.34857344608,0.0,5556.720255774753,90389.06882922088,90389.06882922088,0.0,3685.673060649993,0.0,0.0,90389.06882922088,109429.38706919577,113115.06012984575,29065.337961952246,1283.1604666666665,15821.80404154477,12815.661273651262,10800.0,10800.0,0
2025-07-04,M4,31771.318362462625,0.0,2535.5544873281215,34306.87284979074,34306.87284979074,0.0,3725.207820554352,0.0,0.0,34306.87284979074,57469.90524448284,61195.11306503719,11907.433577741682,17811.93264032922,13657.25989631383,11062.3805160142,10800.0,10800.0,0
2025-07-05,M4,32174.196115514267,0.0,739.8361483090321,32914.0322638233,32914.0322638233,0.0,656.5294890504133,0.0,0.0,32914.0322638233,59521.39941850028,60177.9289075507,9657.557260818261,18763.152909053497,15616.519847432955,12649.381076420694,10800.0,10800.0,0
2025-07-06,M4,85204.54662458472,0.0,2419.6824577235316,87624.22908230824,87624.22908230824,0.0,1871.5192710288584,5.457533891691355,45.97153673666213,87670.2006190449,110091.39793424247,111962.91720527134,27327.54194841167,1677.3282500000003,16681.69995132295,13512.176960571593,10800.0,10800.0,1
2025-07-07,M4,86763.15854368218,0.0,491.5445801494821,87254.70312383168,87254.70312383168,0.0,382.84600612763074,0.0,0.0,87254.70312383168,113715.75159903127,114098.5976051589,35359.80235415747,2788.5592333333334,13372.385531586438,10831.63228058502,10800.0,10800.0,0
2025-07-08,M4,92622.97106460082,0.0,0.0,92622.97106460082,92622.97106460082,0.0,0.0,0.0,0.0,92622.97106460082,121028.92907809647,121028.92907809647,38082.59783004003,4607.5491833333335,14565.237095033857,11797.842046977423,10800.0,10800.0,0
2025-07-09,M4,88285.30609852207,0.0,0.0,88285.30609852207,88285.30609852207,0.0,0.0,0.0,0.0,88285.30609852207,116217.74916101544,116217.74916101544,36717.93468468716,2823.005130118927,13779.39120811934,11161.306878576668,10800.0,10800.0,0
2025-07-10,M4,83019.60913965803,0.0,43.03485375468942,83062.64399341271,83062.64399341271,0.0,17.143298085573406,0.0,0.0,83062.64399341271,109650.7191746003,109667.86247268587,30327.095363714106,3773.834983333333,14280.572327921589,11567.263585616489,10800.0,10800.0,0
2025-07-11,M4,35217.76203749569,0.0,31.830290116220205,35249.592327611914,35249.592327611914,0.0,44.47697434066845,0.0,0.0,35249.592327611914,63140.09080642068,63184.56778076135,13441.499918681337,14271.818096296302,15539.329556756418,12586.856940972706,10800.0,10800.0,0
2025-07-12,M4,32885.475475643216,0.0,679.6415660925084,33565.11704173573,33565.11704173573,0.0,643.1570079414603,0.0,0.0,33565.11704173573,59856.86951819529,60500.02652613676,10097.965690438079,16263.153951159704,16077.17658529283,13022.51303408719,10800.0,10800.0,0
2025-07-13,M4,78199.67302781131,0.0,533.3883533969612,78733.06138120827,78733.06138120827,0.0,306.54856951181466,0.0,0.0,78733.06138120827,106794.10532691563,107100.65389642742,28909.93955632351,6218.69818290486,14233.135564205582,11528.83980700652,10800.0,10800.0,0
2025-07-14,M4,75696.71106346583,0.0,2173.810178958705,77870.52124242454,77870.52124242454,0.0,1413.643204605973,0.0,0.0,77870.52124242454,102264.7949498626,103678.43815446857,25610.4908992254,3581.9097417695466,14096.622614773478,11418.264317966514,10800.0,10800.0,0
2025-07-15,M4,81996.11353416553,0.0,6.191000177916719,82002.30453434345,82002.30453434345,0.0,2.502475869729267,0.0,0.0,82002.30453434345,109522.59908259765,109525.10155846737,32525.138235863396,1625.488052309152,13818.024668218393,11192.599981256903,10800.0,10800.0,0
2025-07-16,M4,80569.71408005677,0.0,0.0,80569.71408005677,80569.71408005677,0.0,0.0,0.0,0.0,80569.71408005677,106630.95737830437,106630.95737830437,28629.484117794324,3073.942366666666,14699.829002684495,11906.861492174436,10800.0,10800.0,0
2025-07-17,M4,77560.08700321834,0.0,1243.164728508527,78803.25173172688,78803.25173172688,0.0,999.9005171985174,0.0,0.0,78803.25173172688,104244.41571764232,105244.31623484084,25763.498333384076,3580.4423166666666,16736.629042754874,13556.669524631441,10800.0,10800.0,0
2025-07-18,M4,34176.71952673354,0.0,11.236219659397694,34187.95574639294,34187.95574639294,0.0,18.128782929005638,0.0,0.0,34187.95574639294,62803.68102334928,62821.80980627829,14104.479908076923,14477.482738683128,15608.41610272756,12642.817043209325,10800.0,10800.0,0
2025-07-19,M4,33709.050384882605,0.0,170.65259056201856,33879.70297544462,33879.70297544462,0.0,178.7012642478819,0.0,0.0,33879.70297544462,63600.55875755388,63779.26002180177,13792.806985090552,19696.309525117562,16354.339271545508,13247.014809951863,10800.0,10800.0,0
2025-07-20,M4,77849.40832874001,0.0,454.33511570896013,78303.74344444895,78303.74344444895,0.0,338.77853360292283,0.0,0.0,78303.74344444895,105544.15331414864,105882.93184775158,28192.731633172327,2724.974747357285,15132.880266080467,12257.633015525178,10800.0,10800.0,0
2025-07-21,M4,79754.99592249666,0.0,171.98305423815168,79926.9789767348,79926.9789767348,0.0,166.80969348708504,0.0,0.0,79926.9789767348,106502.6656827737,106669.47537626079,27476.21703982985,2118.3853333333327,16237.492911040023,13152.369257942417,10800.0,10800.0,0
2025-07-22,M4,78545.6099689757,0.0,4863.709689723009,83409.31965869878,83409.31965869878,0.0,4145.744904117895,15.978731907530914,132.3678151219861,83541.68747382076,105179.8809803265,109325.62588444441,29580.772430875106,2880.6905981984064,16236.826161114575,13151.829190502813,10800.0,10800.0,1
2025-07-23,M4,82621.73103547581,0.0,352.69179539224274,82974.42283086809,82974.42283086809,0.0,204.63344100074858,0.0,0.0,82974.42283086809,110511.22409762205,110715.85753862279,30395.31272941674,3110.408833333334,15755.730837926636,12762.141978720576,10800.0,10800.0,0
2025-07-24,M4,81427.78096550565,0.0,1033.200890755964,82460.98185626163,82460.98185626163,0.0,619.3382634463998,0.0,0.0,82460.98185626163,108707.43053621345,109326.76879965984,30439.844723504102,2528.811948288645,14429.684883511016,11688.04475564392,10800.0,10800.0,0
2025-07-25,M4,31892.72173206011,0.0,601.6542757164817,32494.3760077766,32494.3760077766,0.0,520.267243418259,0.0,0.0,32494.3760077766,58567.3241721504,59087.59141556866,11052.805139234546,18825.464340740742,14231.591415403745,11527.589046477035,10800.0,10800.0,0
2025-07-26,M4,32993.48688310264,0.0,305.32689695279635,33298.81378005543,33298.81378005543,0.0,271.30658308824115,0.0,0.0,33298.81378005543,60717.23713827494,60988.54372136318,12610.059073760916,16852.193194857122,16090.525716202523,13033.32583012405,10800.0,10800.0,0
2025-07-27,M4,77047.65721777736,0.0,1817.7956980968756,78865.45291587427,78865.45291587427,0.0,1276.471169319763,0.0,0.0,78865.45291587427,103984.99442249048,105261.46559181024,24863.54037239772,3270.383700000001,18117.640628486937,14675.288909074417,10800.0,10800.0,0
2025-07-28,M4,84005.2444077888,0.0,289.1980168737976,84294.44242466257,84294.44242466257,0.0,175.8801896109311,0.0,0.0,84294.44242466257,110639.9344131352,110815.81460274613,29147.169548967257,672.3827999999999,16007.289581292367,12965.904560846822,10800.0,10800.0,0
2025-07-29,M4,82595.3575287808,0.0,1785.6225994597696,84380.98012824058,84380.98012824058,0.0,1281.617354778013,0.0,0.0,84380.98012824058,109851.38273286664,111133.00008764466,30703.641721720334,1300.1881500000002,16104.864557496472,13044.940291572146,10800.0,10800.0,0
2025-07-30,M4,80999.58545262618,0.0,2367.9401669086315,83367.5256195348,83367.5256195348,0.0,1684.985430809052,0.0,0.0,83367.5256195348,107127.96979953001,108812.95523033905,28330.849759320336,3516.4766833333333,15065.130198344174,12202.75546065878,10800.0,10800.0,0
2025-07-31,M4,78548.3042152061,0.0,846.5844403241636,79394.88865553023,79394.88865553023,0.0,605.1615917500806,0.0,0.0,79394.88865553023,105705.90461410565,106311.06620585575,26240.34046702541,1959.6401000000005,17979.41774822982,14563.328376066152,10800.0,10800.0,0
2025-08-01,M4,31452.840370469214,0.0,945.9866561775789,32398.827026646795,32398.827026646795,0.0,696.9200330892089,0.0,0.0,32398.827026646795,59086.640814830185,59783.56084791939,12253.56138697598,23367.72698647807,15320.59372525626,12409.680917457577,10800.0,10800.0,0
2025-08-02,M4,30794.04950008044,0.0,20.867780924710907,30814.91728100515,30814.91728100515,0.0,32.933072407498,0.0,0.0,30814.91728100515,59121.34130801075,59154.27438041825,11588.409879254485,23680.57642139587,15569.806033866134,12611.542887431571,10800.0,10800.0,0
2025-08-03,M4,68642.11026977099,0.0,649.8756415222801,69291.98591129325,69291.98591129325,0.0,553.1325576928289,67.45909660432801,562.104105426563,69854.09001671981,97056.26829545508,97609.4008531479,23307.265857792798,8681.331915226338,14993.59049157774,12144.80829817797,10800.0,10800.0,2
2025-08-04,M4,69246.17011535728,0.0,741.1403830143836,69987.31049837163,69987.31049837163,0.0,512.0457754797765,0.0,0.0,69987.31049837163,96633.64386605428,97145.68964153405,22355.248157883903,6624.975344855967,14472.689765583413,11722.878710122568,10800.0,10800.0,0
2025-08-05,M4,68699.30972235839,0.0,111.70383799148578,68811.01356034988,68811.01356034988,0.0,110.84003168324045,0.0,0.0,68811.01356034988,96096.43704377551,96207.27707545875,21579.66118604074,6419.024033333333,16085.695382901842,13029.413260150493,10800.0,10800.0,0
2025-08-06,M4,71274.38899441478,0.0,235.28457875789042,71509.67357317265,71509.67357317265,0.0,211.87682938857972,0.0,0.0,71509.67357317265,97847.35214429954,98059.22897368812,21905.240483138787,5058.481517901232,15690.04055779699,12708.932851815562,10800.0,10800.0,0
2025-08-07,M4,71213.9111101354,0.0,1176.026582759158,72389.93769289453,72389.93769289453,0.0,906.4679570055612,1.385304631769145,12.067388647341023,72402.00508154187,99969.42308889385,100875.8910458994,26328.93385818711,8386.155087179995,14601.063974547757,11826.861819383685,10800.0,10800.0,1
2025-08-08,M4,27896.964411820896,0.0,17.22747136545708,27914.191883186355,27914.191883186355,0.0,27.75779356010571,0.0,0.0,27914.191883186355,50914.2307938617,50941.9885874218,4919.112617331759,26851.8168098364,17873.094264492873,14477.20635423923,10800.0,10800.0,0
2025-08-09,M4,27863.932051085143,0.0,92.76644204425372,27956.698493129392,27956.698493129392,0.0,136.29007951565472,0.0,0.0,27956.698493129392,49938.965616410445,50075.2556959261,4310.133922077731,23392.596206398546,18161.034565525428,14710.437998075598,10800.0,10800.0,0
2025-08-10,M4,68623.11241381051,0.0,279.1866228748288,68902.29903668533,68902.29903668533,0.0,246.2093556157231,0.0,0.0,68902.29903668533,95297.49113044149,95543.7004860572,21830.89380072328,5437.536781054581,15635.00449620714,12664.353641927784,10800.0,10800.0,0
2025-08-11,M4,68120.03851045664,0.0,730.0007794645046,68850.03928992116,68850.03928992116,0.0,542.275126610311,20.810598340132856,172.17648536708919,69022.21577528825,95926.74437144224,96469.01949805257,22078.79213019281,6752.128946913581,16303.4509786999,13205.795292746925,10800.0,10800.0,1
2025-08-12,M4,70525.4769291664,0.0,1609.6788932725103,72135.15582243887,72135.15582243887,0.0,1160.2134860961,0.0,0.0,72135.15582243887,97778.72762339273,98938.94110948883,22770.6878353382,5381.195566666665,15929.021355178793,12902.507297694825,10800.0,10800.0,0
2025-08-13,M4,69227.1459841716,0.0,1574.9244115225301,70802.07039569411,70802.07039569411,0.0,1148.6495658395702,0.0,0.0,70802.07039569411,96636.83446691069,97785.48403275028,23744.2641366357,4935.571540534978,15708.783713576824,12724.114807997228,10800.0,10800.0,0
2025-08-14,M4,68711.6392239184,0.0,1445.8454901297914,70157.48471404819,70157.48471404819,0.0,1248.0242689199658,35.056667795618864,299.5205040639469,70457.00521811213,95717.02116784346,96965.04543676342,21692.160693338268,6031.754533333333,17631.03102396897,14281.135129414863,10800.0,10800.0,2
2025-08-15,M4,28608.96642373436,0.0,549.055201575372,29158.021625309742,29158.021625309742,0.0,490.61701738683536,0.0,0.0,29158.021625309742,52853.8646938126,53344.481711199434,7127.478233890778,25888.20211718822,16679.339351511066,13510.264874723964,10800.0,10800.0,0
2025-08-16,M4,28276.04720085273,0.0,733.3552636541947,29009.40246450692,29009.40246450692,0.0,608.74906704759,0.0,0.0,29009.40246450692,51261.5883867566,51870.33745380419,6115.176766751728,25419.33280354637,17929.19745704963,14522.649940210204,10800.0,10800.0,0
2025-08-17,M4,69007.52102330593,0.0,259.06060964827964,69266.58163295423,69266.58163295423,0.0,214.894098772765,18.155816982350984,152.73581036402766,69419.31744331826,96948.92546020699,97163.81955897977,22619.62132235831,8296.18947519643,16319.84716705635,13219.076205315643,10800.0,10800.0,1
2025-08-18,M4,68198.00802260905,0.0,1133.4431088439042,69331.45113145294,69331.45113145294,0.0,864.6481458948376,67.2050792030335,567.7256606470473,69899.17679209998,95478.48090722092,96343.12905311576,21799.148616843733,7040.912083333334,16716.620081447716,13540.462265972656,10800.0,10800.0,3
2025-08-19,M4,69434.32765282513,0.0,503.62319803252524,69937.95085085764,69937.95085085764,0.0,368.04362823571046,69.1338501323728,590.8872326261691,70528.8380834838,96295.07769148094,96663.12131971665,22721.272669374164,6938.143617901234,14500.941224071721,11745.762391498098,10800.0,10800.0,3
2025-08-20,M4,71952.09895497301,0.0,297.3692830050703,72249.46823797809,72249.46823797809,0.0,232.48574748719432,64.46090401782192,534.511713171187,72783.97995114927,98504.75832374902,98737.24407123621,21317.023377002282,3473.313080969575,17687.77605587119,14327.098605255665,10800.0,10800.0,2
2025-08-21,M4,71879.90549313242,0.0,880.6155795934598,72760.52107272585,72760.52107272585,0.0,669.478161447101,0.0,0.0,72760.52107272585,99925.8537278545,100595.3318893016,26257.372328046833,5552.092632645638,15481.307606714718,12539.859161438917,10800.0,10800.0,0
2025-08-22,M4,27948.01364171867,0.0,951.6421448072571,28899.65578652593,28899.65578652593,0.0,751.1134981515411,0.0,0.0,28899.65578652593,51545.07908778329,52296.19258593483,5479.59060546764,22230.0679928276,17662.971513892597,14307.006926253007,10800.0,10800.0,0
2025-08-23,M4,27895.91076794052,0.0,628.4522749545816,28524.363042895096,28524.363042895096,0.0,582.2458986024217,0.0,0.0,28524.363042895096,51214.46640054433,51796.71229914674,5095.162679292053,20849.100324505067,17486.542870261143,14164.099724911524,10800.0,10800.0,0
2025-08-24,M4,70116.73605843614,0.0,652.3411683407419,70769.07722677689,70769.07722677689,0.0,465.78775160559917,0.0,0.0,70769.07722677689,97467.95771123613,97933.74546284173,22235.446299987474,8917.43820164609,16038.270936183335,12990.999458308495,10800.0,10800.0,0
2025-08-25,M4,76183.6891089721,0.0,313.64130156610764,76497.33041053821,76497.33041053821,0.0,259.56209575254616,0.0,0.0,76497.33041053821,104800.69844679997,105060.26054255251,27565.68835812392,3743.587983333333,15673.143075940008,12695.245891511413,10800.0,10800.0,0
2025-08-26,M4,71232.48992691064,0.0,634.4160269920909,71866.90595390275,71866.90595390275,0.0,499.6016765649142,0.0,0.0,71866.90595390275,99328.82840941226,99828.43008597718,25122.369637718337,6242.777450000001,15444.550604871116,12510.085989945605,10800.0,10800.0,0
2025-08-27,M4,72135.06221406128,0.0,2193.913090559445,74328.97530462073,74328.97530462073,0.0,1888.2475506742605,0.0,0.0,74328.97530462073,99692.79609668901,101581.04364736329,25095.8379724563,5485.7529616311185,16238.441297943162,13153.137451333958,10800.0,10800.0,0
2025-08-28,M4,72729.47098845002,0.0,1997.0066408001771,74726.47762925019,74726.47762925019,0.0,1640.515488163674,10.726109188388364,86.85910770983988,74813.33673696003,99456.18107684414,101096.69656500782,23437.71510211125,3881.853466952302,15895.048009470134,12874.988887670805,10800.0,10800.0,2
2025-08-29,M4,30514.81468576798,0.0,67.50207070736805,30582.31675647535,30582.31675647535,0.0,99.93871812063526,0.0,0.0,30582.31675647535,57660.142838138396,57760.08155625902,10771.830141330822,21201.921182716047,17005.841485327157,13774.731603114997,10800.0,10800.0,0
2025-08-30,M4,31024.63119218205,0.0,408.44858882293977,31433.07978100499,31433.07978100499,0.0,357.01016879142566,0.0,0.0,31433.07978100499,56741.281504349114,57098.291673140535,9229.598134461554,26498.736596296294,15038.090047628193,12180.852938578837,10800.0,10800.0,0
2025-08-31,M4,71525.36574937648,0.0,110.07533045090813,71635.44107982737,71635.44107982737,0.0,124.87311586735723,6.167460023479521,51.433532865807464,71686.87461269318,98914.6204279167,99039.49354378406,23858.633500904514,5655.780440521801,15182.23146867314,12297.60748962524,10800.0,10800.0,1
2025-09-01,M4,69504.05900871736,0.0,0.0,69504.05900871736,69504.05900871736,0.0,0.0,0.0,0.0,69504.05900871736,106101.92816182823,106101.92816182823,42713.82925064198,7834.50655866089,10418.199048379101,8438.741229187075,10800.0,10800.0,0
2025-09-02,M4,60004.791127297154,0.0,0.0,60004.791127297154,60004.791127297154,0.0,0.0,0.0,0.0,60004.791127297154,93320.92991223538,93320.92991223538,28768.93697248603,7782.32629845866,14273.214691003668,11561.303899712973,10800.0,10800.0,0
2025-09-03,M4,60366.199302715475,0.0,811.263527429041,61177.46283014448,61177.46283014448,0.0,582.3751639245356,0.0,0.0,61177.46283014448,91211.73076655349,91794.10593047802,26214.93209322307,7791.856781893002,11787.367396641857,9547.767591279904,10800.0,10800.0,0
2025-09-04,M4,57193.63491863046,0.0,953.364100864203,58146.99901949468,58146.99901949468,0.0,729.0732788209859,0.0,0.0,58146.99901949468,87914.53317989931,88643.60645872031,23946.021200769945,7907.417517878921,15076.85363195498,12212.251441883538,10800.0,10800.0,0
2025-09-05,M4,22366.628677276276,0.0,0.0,22366.628677276276,22366.628677276276,0.0,0.0,0.0,0.0,22366.628677276276,46817.41594846999,46817.41594846999,8791.801863451983,28269.05377098765,15433.150775598388,12500.852128234697,10800.0,10800.0,0
2025-09-06,M4,21731.630241944167,0.0,236.31193515424738,21967.9421770984,21967.9421770984,0.0,263.45761747219694,0.0,0.0,21967.9421770984,45797.770818920115,46061.22843639232,8308.202272686176,27029.11695391801,15804.344788358563,12801.519278570435,10800.0,10800.0,0
2025-09-07,M4,51354.15790431528,0.0,4397.939420519576,55752.09732483486,55752.09732483486,0.0,4020.077115394968,0.0,0.0,55752.09732483486,80899.54132130247,84919.61843669743,21284.98524628611,5662.178818772789,15849.846078799395,12838.375323827513,10800.0,10800.0,0
2025-09-08,M4,48604.96243579011,0.0,6373.520778166207,54978.48321395632,54978.48321395632,0.0,4915.897563086461,0.0,0.0,54978.48321395632,76977.03744515989,81892.93500824636,14281.205377272421,4863.110712549191,17647.628342586355,14294.57895749494,10800.0,10800.0,0
2025-09-09,M4,51846.73265225984,0.0,4131.093486847678,55977.826139107536,55977.826139107536,0.0,3411.721735019827,0.0,0.0,55977.826139107536,81124.50979226164,84536.23152728146,19418.579540810955,9108.509963719709,15296.356610969184,12390.048854885037,10800.0,10800.0,0
2025-09-10,M4,55979.357664298026,0.0,3199.933110526342,59179.29077482437,59179.29077482437,0.0,2420.2339322216235,0.0,0.0,59179.29077482437,85917.19546418407,88337.4293964057,20012.449146024217,3879.1233,16472.938423060434,13343.080122678955,10800.0,10800.0,0
2025-09-11,M4,56848.62699382622,0.0,1086.5672556839274,57935.194249510125,57935.194249510125,0.0,769.9189630274617,0.0,0.0,57935.194249510125,88913.74783591472,89683.6667989422,23705.85028662801,9491.664105462056,15737.192755362066,12747.126131843277,10800.0,10800.0,0
2025-09-12,M4,20833.66304816168,0.0,10.723197429488549,20844.386245591173,20844.386245591173,0.0,18.437768598766752,0.0,0.0,20844.386245591173,44944.98944097121,44963.42720956998,6522.467813270121,23935.6220050482,15545.690480271893,12592.009289020238,10800.0,10800.0,0
2025-09-13,M4,21508.304388977358,0.0,0.0,21508.304388977358,21508.304388977358,0.0,0.0,0.0,0.0,21508.304388977358,46023.25263375147,46023.25263375147,7887.823410864424,27249.931886362894,15149.45185889903,12271.056005708217,10800.0,10800.0,0
2025-09-14,M4,58512.69014812762,0.0,567.9629023439603,59080.65305047157,59080.65305047157,0.0,483.4136767948406,0.0,0.0,59080.65305047157,89127.78721923074,89611.20089602558,22052.322088012603,4727.057288238306,14381.561946182515,11649.065176407837,10800.0,10800.0,0
2025-09-15,M4,53875.11918375413,0.0,1563.6150022355562,55438.734185989684,55438.734185989684,0.0,1208.6890362943213,1.1717666666667128,7.876615533333644,55446.61080152302,84012.3368981513,85221.02593444563,18369.425245930535,8598.049873496808,16777.326043955934,13589.63409560431,10800.0,10800.0,1
2025-09-16,M4,61464.52209828179,0.0,890.6383082536954,62355.16040653549,62355.16040653549,0.0,645.8443840595844,0.0,0.0,62355.16040653549,91699.58896247431,92345.4333465339,23792.870880090977,6280.101321429046,14635.216640423945,11854.525478743397,10800.0,10800.0,0
2025-09-17,M4,60028.10101220489,0.0,360.6762253059733,60388.77723751083,60388.77723751083,0.0,328.0361037762425,0.0,0.0,60388.77723751083,90884.56080897665,91212.5969127529,22269.594976701446,5871.19345,16377.316242376028,13265.626156324577,10800.0,10800.0,0
2025-09-18,M4,57722.16164563112,0.0,3683.5382060523384,61405.69985168346,61405.69985168346,0.0,3436.4586408000846,0.0,0.0,61405.69985168346,88205.13948174068,91641.59812254074,23102.16325783573,6569.08523595042,15864.729010989178,12850.430498901234,10800.0,10800.0,0
2025-09-19,M4,20635.322593114695,0.0,552.3185737532082,21187.6411668679,21187.6411668679,0.0,539.6738890048978,0.0,0.0,21187.6411668679,45219.38109546951,45759.0549844744,6950.421643906557,19729.900310493824,15670.424807407113,12693.044093999757,10800.0,10800.0,0
2025-09-20,M4,20036.05791836248,0.0,314.30331933367324,20350.361237696154,20350.361237696154,0.0,329.3625765901224,0.0,0.0,20350.361237696154,44356.19916274072,44685.56173933084,6256.437085487851,19664.537862833306,16416.595040401822,13297.441982725468,10800.0,10800.0,0
2025-09-21,M4,62409.66102438374,0.0,604.3446895082213,63014.00571389196,63014.00571389196,0.0,484.3910154017901,0.0,0.0,63014.00571389196,93339.26636333101,93823.65737873281,27009.38089971208,6001.49279975663,13291.032610161892,10765.73641423113,10800.0,10800.0,0
2025-09-22,M4,63238.53257018482,0.0,499.7055392132298,63738.238109398044,63738.238109398044,0.0,432.6750840473639,19.555900000000065,128.01369518333377,63866.25180458138,93749.5633199176,94182.23840396496,24396.306864575046,6179.195862608731,15854.061544462376,12841.789851014524,10800.0,10800.0,2
2025-09-23,M4,64096.75479783141,0.0,10.702976108797102,64107.45777394021,64107.45777394021,0.0,9.490621374435818,0.0,0.0,64107.45777394021,94801.24711410677,94810.7377354812,23741.367066766394,6018.547699999999,15443.196765165667,12508.98937978419,10800.0,10800.0,0
2025-09-24,M4,61337.016098507585,0.0,659.2734227713238,61996.28952127893,61996.28952127893,0.0,618.3155183547885,0.0,0.0,61996.28952127893,91239.59410665117,91857.90962500597,22491.02867015951,5348.204849999999,15555.005288665634,12599.554283819165,10800.0,10800.0,0
2025-09-25,M4,62521.98511322502,0.0,1248.3709703831728,63770.356083608196,63770.356083608196,0.0,1124.2452852403997,31.88636666666673,217.3592900833338,63987.71537369153,92863.40216838542,93987.64745362582,24743.323701561116,6282.415078890781,13991.295472845208,11332.949333004613,10800.0,10800.0,2
2025-09-26,M4,21776.517964239676,0.0,0.0,21776.517964239676,21776.517964239676,0.0,0.0,0.0,0.0,21776.517964239676,49837.27775891401,49837.27775891401,11567.846221164771,17656.976776846343,15359.006636331065,12440.795375428168,10800.0,10800.0,0
2025-09-27,M4,21167.713914675318,0.0,954.3594373229072,22122.073351998235,22122.073351998235,0.0,1658.7379788172736,0.0,0.0,22122.073351998235,45705.81154153329,47364.54952035056,7612.697598617087,18838.295420781895,16380.28553132415,13268.031280372565,10800.0,10800.0,0
2025-09-28,M4,64665.85842326965,0.0,2850.520224013553,67516.37864728321,67516.37864728321,0.0,2884.253428131923,0.0,0.0,67516.37864728321,94325.7504035685,97210.00383170042,26443.629260237918,4298.075969333423,15687.733870854841,12707.064435392418,10800.0,10800.0,0
2025-09-29,M4,65609.30551756246,0.0,244.11456846358394,65853.42008602608,65853.42008602608,0.0,278.94217730379745,5.620383333333393,37.527299516667064,65890.94738554275,95793.82569539576,96072.76787269957,25007.167152060094,5338.263483333333,15647.71589810251,12674.649877463034,10800.0,10800.0,1
2025-09-30,M4,66041.91641051734,0.0,548.7989839947643,66590.7153945121,66590.7153945121,0.0,448.1798169734484,0.0,0.0,66590.7153945121,96141.86133793744,96590.0411549109,23757.01728489833,4426.965783333333,15704.649052697683,12720.765732685119,10800.0,10800.0,0
2025-10-01,M4,60981.022833658506,0.0,42.6555089753455,61023.678342633844,61023.678342633844,0.0,60.319962995784294,0.0,0.0,61023.678342633844,95640.42425063899,95700.74421363477,31913.689178272034,11859.14435,11928.36395804945,9661.97480602005,10800.0,10800.0,0
2025-10-02,M4,58807.9882288007,0.0,431.41715930874176,59239.40538810944,59239.40538810944,0.0,370.50410710133025,0.0,0.0,59239.40538810944,91911.89081580006,92282.39492290138,27865.282506637403,10056.219033333335,13842.685611915707,11212.57534565172,10800.0,10800.0,0
2025-10-03,M4,18095.302359313257,0.0,353.4853301451492,18448.787689458408,18448.787689458408,0.0,379.38731141405594,0.0,0.0,18448.787689458408,42888.782071040536,43268.169382454595,8265.183360176376,24423.482232304523,14538.684684072092,11776.334594098393,10800.0,10800.0,0
2025-10-04,M4,19647.848057643336,0.0,456.974143544282,20104.82220118762,20104.82220118762,0.0,448.2595458626186,0.0,0.0,20104.82220118762,45193.52642621632,45641.785972078935,9810.916452683994,19982.834024074073,14484.489799934427,11732.436737946888,10800.0,10800.0,0
2025-10-05,M4,57382.51508687674,0.0,1192.7519891822426,58575.26707605896,58575.26707605896,0.0,1022.4621742954365,0.0,0.0,58575.26707605896,89437.7533999359,90460.21557423132,24199.235696723295,8818.764818488009,14243.442065017702,11537.188072664341,10800.0,10800.0,0
2025-10-06,M4,55600.731680686236,0.0,2180.3563826037666,57781.08806329001,57781.08806329001,0.0,1870.5553551331855,0.0,0.0,57781.08806329001,85124.41341697675,86994.96877210995,20540.943116994593,5828.438633333333,15223.567219905364,12331.089448123344,10800.0,10800.0,0
2025-10-07,M4,56177.643104636176,0.0,1834.6027687565777,58012.24587339275,58012.24587339275,0.0,1433.8540110111996,0.0,0.0,58012.24587339275,86842.90732346577,88276.76133447698,21422.68627628756,6203.586247604028,15152.241108344177,12273.315297758782,10800.0,10800.0,0
2025-10-08,M4,53104.965436371276,0.0,1668.3910456883038,54773.35648205958,54773.35648205958,0.0,1281.4479040395377,0.0,0.0,54773.35648205958,83461.15489324715,84742.6027972867,18471.42227738638,6489.6906799804365,17384.179859227468,14081.18568597425,10800.0,10800.0,0
2025-10-09,M4,55632.581641530174,0.0,904.3061185826256,56536.88776011282,56536.88776011282,0.0,721.4503118916816,0.0,0.0,56536.88776011282,87117.08200452027,87838.53231641193,20516.556942421284,8539.955731694474,15905.462941909773,12883.424982946917,10800.0,10800.0,0
2025-10-10,M4,17691.918967944774,0.0,796.6927256870418,18488.61169363181,18488.61169363181,0.0,839.7328077270885,0.0,0.0,18488.61169363181,42528.43435744524,43368.16716517233,6853.09569900998,24208.586953866237,15594.07155594445,12631.197960315008,10800.0,10800.0,0
2025-10-11,M4,18711.598985793225,0.0,342.81777173614137,19054.416757529376,19054.416757529376,0.0,364.91013003360206,0.0,0.0,19054.416757529376,43895.24637683349,44260.15650686709,7678.6787586619685,19667.906148441238,14775.042191739758,11967.784175309207,10800.0,10800.0,0
2025-10-12,M4,57699.1294735445,0.0,204.99120645419765,57904.120679998705,57904.120679998705,0.0,206.74936502436555,0.0,0.0,57904.120679998705,89015.62246417053,89222.37182919489,21582.37490577002,6042.0201,16226.425474166002,13143.40463407446,10800.0,10800.0,0
2025-10-13,M4,59403.85028409734,0.0,59.88745322982469,59463.737737327174,59463.737737327174,0.0,74.92797366243667,0.0,0.0,59463.737737327174,91604.2188777294,91679.14685139185,24452.513895827098,7253.241774609141,15505.241478713726,12559.245597758116,10800.0,10800.0,0
2025-10-14,M4,60694.940114103534,0.0,26.629968149305476,60721.57008225284,60721.57008225284,0.0,19.355658958560298,0.0,0.0,60721.57008225284,92529.03391306297,92548.38957202152,22983.026217766073,5707.645783333333,16230.990987309358,13147.102699720574,10800.0,10800.0,0
2025-10-15,M4,62515.77070881721,0.0,0.0,62515.77070881721,62515.77070881721,0.0,0.0,0.0,0.0,62515.77070881721,94942.02457489455,94942.02457489455,25680.083563623048,4342.932583333333,15784.13041020094,12785.145632262764,10800.0,10800.0,0
2025-10-16,M4,62626.61457940967,0.0,195.98285283689168,62822.597432246555,62822.597432246555,0.0,182.87286601494537,0.0,0.0,62822.597432246555,93471.3553922175,93654.22825823244,22733.947218736925,4880.456233333332,16175.536085064155,13102.184228901966,10800.0,10800.0,0
2025-10-17,M4,19831.31259567761,0.0,366.3734985000401,20197.686094177647,20197.686094177647,0.0,487.5370874073908,0.0,0.0,20197.686094177647,46137.93058660342,46625.46767401081,9220.484485232715,18542.586433287604,15043.144414862232,12184.946976038409,10800.0,10800.0,0
2025-10-18,M4,20455.99306956149,0.0,510.0735049211231,20966.066574482615,20966.066574482615,0.0,786.3746270152009,0.0,0.0,20966.066574482615,49107.59303153549,49893.9676585507,12358.350432431082,18756.006213380722,14226.409189853817,11523.39144378159,10800.0,10800.0,0
2025-10-19,M4,66374.99122586982,0.0,39.14290019114948,66414.13412606098,66414.13412606098,0.0,31.27092352816925,0.0,0.0,66414.13412606098,98571.02793459172,98602.2988581199,26424.52150985806,5099.677557621912,16801.985564771556,13609.608307464958,10800.0,10800.0,0
2025-10-20,M4,67988.96681359576,0.0,0.0,67988.96681359576,67988.96681359576,0.0,0.0,0.0,0.0,67988.96681359576,100909.32637407248,100909.32637407248,29044.836172217045,4309.81615,16388.9036062567,13275.011921067922,10800.0,10800.0,0
2025-10-21,M4,67638.61879304462,0.0,78.90346776371015,67717.52226080833,67717.52226080833,0.0,59.93033461562101,0.0,0.0,67717.52226080833,99021.58879042289,99081.51912503853,26975.249427048177,2647.3247499999998,15770.334726264955,12773.971128274616,10800.0,10800.0,0
2025-10-22,M4,65860.31286739364,0.0,486.2542409337534,66346.56710832744,66346.56710832744,0.0,458.8611217144888,0.0,0.0,66346.56710832744,96607.91520691608,97066.77632863057,24684.5491328734,3696.117,16480.071030300893,13348.85753454372,10800.0,10800.0,0
2025-10-23,M4,68611.21130260585,0.0,28.867148068434098,68640.0784506743,68640.0784506743,0.0,48.30310757479333,0.0,0.0,68640.0784506743,101450.23275816048,101498.53586573526,30667.640755401477,4646.569109407396,14762.257724174053,11957.428756580981,10800.0,10800.0,0
2025-10-24,M4,21572.398995268126,0.0,442.445738488232,22014.844733756352,22014.844733756352,0.0,511.4457167206019,0.0,0.0,22014.844733756352,51048.85511386089,51560.3008305815,11795.769624423694,18505.982819128527,14939.461422961094,12100.963752598485,10800.0,10800.0,0
2025-10-25,M4,21129.217681988248,0.0,457.1238550803957,21586.34153706864,21586.34153706864,0.0,539.6700672399129,0.0,0.0,21586.34153706864,50971.096671403095,51510.76673864301,11842.424319128268,17325.09171205086,15499.041969108152,12554.223994977607,10800.0,10800.0,0
2025-10-26,M4,67018.89395451166,0.0,512.8941122464466,67531.7880667581,67531.7880667581,0.0,494.13279190961055,0.0,0.0,67531.7880667581,98189.23782977095,98683.37062168056,27118.523417671895,4106.824866666666,15335.31747723864,12421.607156563297,10800.0,10800.0,0
2025-10-27,M4,65013.44949122939,0.0,1059.1210881599875,66072.5705793894,66072.5705793894,0.0,933.4078246335171,0.0,0.0,66072.5705793894,96070.04146890156,97003.44929353506,25327.949642035157,5280.593331152967,14959.603440422483,12117.27878674221,10800.0,10800.0,0
2025-10-28,M4,66562.73669054323,0.0,160.18366768437562,66722.9203582276,66722.9203582276,0.0,201.16518799018013,0.0,0.0,66722.9203582276,96983.82651411874,97184.99170210893,25286.74759602515,3013.448366666666,15328.284417984927,12415.91037856779,10800.0,10800.0,0
2025-10-29,M4,69415.6746181124,0.0,427.6292682073519,69843.30388631976,69843.30388631976,0.0,389.7932400359528,0.0,0.0,69843.30388631976,99471.91124054123,99861.70448057717,25349.78008009494,2147.8253999999997,16062.327370959178,13010.485170476939,10800.0,10800.0,0
2025-10-30,M4,67789.91796016207,0.0,248.92891348032308,68038.8468736424,68038.8468736424,0.0,290.7748656140154,0.0,0.0,68038.8468736424,97925.33581327536,98216.11067888938,25864.22714434159,4617.657666666667,15507.411673058505,12561.003455177392,10800.0,10800.0,0
2025-10-31,M4,25157.631677993453,0.0,32.995096214851486,25190.626774208293,25190.626774208293,0.0,26.825393644778444,0.0,0.0,25190.626774208293,56742.2877848206,56769.11317846538,16955.83232373613,13463.243157747282,12872.345422712147,10426.599792396843,10800.0,10800.0,0
2025-11-01,M4,24711.150614291935,0.0,62.7238569389866,24773.874471230916,24773.874471230916,0.0,53.73590138823505,0.0,0.0,24773.874471230916,56637.5415082989,56691.277409687136,16925.599422278246,14766.162591514372,12923.562960848354,10468.085998287172,10800.0,10800.0,0
2025-11-02,M4,71500.43462159246,0.0,716.09337724939,72216.52799884183,72216.52799884183,0.0,563.3037345035581,0.0,0.0,72216.52799884183,102445.94340827713,103009.24714278069,28307.74611481781,2823.27305,16220.23181383975,13138.387769210196,10800.0,10800.0,0
2025-11-03,M4,73701.81741173072,0.0,208.81700524059167,73910.63441697131,73910.63441697131,0.0,149.27885290249213,0.0,0.0,73910.63441697131,104674.37902191996,104823.65787482244,30600.900511087533,1927.9750166666659,14683.431914394303,11893.579850659386,10800.0,10800.0,0
2025-11-04,M4,70599.0918027001,0.0,187.15262768636808,70786.24443038648,70786.24443038648,0.0,212.98278808744413,0.0,0.0,70786.24443038648,100777.43967286804,100990.42246095548,26588.41195950353,3825.845016666666,15768.912902378714,12772.81945092676,10800.0,10800.0,0
2025-11-05,M4,73196.30284209354,0.0,300.5964031059955,73496.89924519954,73496.89924519954,0.0,264.2389060561975,0.0,0.0,73496.89924519954,103005.51866641198,103269.75757246818,28267.854334124844,2388.221716666666,15450.84976321056,12515.188308200555,10800.0,10800.0,0
2025-11-06,M4,72094.6242821249,0.0,1577.2973896366723,73671.92167176161,73671.92167176161,0.0,1219.8728381092203,0.0,0.0,73671.92167176161,101154.71972478347,102374.59256289268,26249.50892711585,1602.1108666666669,16596.78010057982,13443.39188146966,10800.0,10800.0,0
2025-11-07,M4,25062.172534279816,0.0,405.8809904435981,25468.053524723415,25468.053524723415,0.0,745.2385352216207,0.0,0.0,25468.053524723415,56889.87775233995,57635.11628756157,16229.758463476002,15492.71534722064,13653.582597534692,11059.401904003098,10800.0,10800.0,0
2025-11-08,M4,25815.98142614501,0.0,0.0,25815.98142614501,25815.98142614501,0.0,0.0,0.0,0.0,25815.98142614501,57922.439594969444,57922.439594969444,16282.02947718308,15406.020686049098,12858.85437756463,10415.672045827352,10800.0,10800.0,0
2025-11-09,M4,73427.35921288499,0.0,16.833988955357732,73444.19320184036,73444.19320184036,0.0,28.131092263192954,0.0,0.0,73444.19320184036,103491.15531332212,103519.28640558531,27258.265470682178,1850.2385166666668,16126.13281527971,13062.167580376565,10800.0,10800.0,0
2025-11-10,M4,74868.47475973083,0.0,1016.0129938147278,75884.48775354557,75884.48775354557,0.0,727.356180245697,0.0,0.0,75884.48775354557,103943.59615565227,104670.95233589798,26740.388968280935,975.202533333333,16299.567022545849,13202.649288262139,10800.0,10800.0,0
2025-11-11,M4,75169.49095948445,0.0,413.9559699360819,75583.44692942055,75583.44692942055,0.0,293.39560553856194,0.0,0.0,75583.44692942055,104893.46215511016,105186.85776064872,28405.76872686338,2270.426233333333,15534.963862028144,12583.320728242794,10800.0,10800.0,0
2025-11-12,M4,73961.2662407121,0.0,1137.368155306732,75098.63439601882,75098.63439601882,0.0,784.0988161433767,0.0,0.0,75098.63439601882,104085.48105861181,104869.57987475519,28418.34681891138,2442.006683333333,16069.676960581462,13016.43833807098,10800.0,10800.0,0
2025-11-13,M4,74613.630161311,0.0,133.11526072983386,74746.74542204083,74746.74542204083,0.0,93.7814311455212,0.0,0.0,74746.74542204083,103230.67195308176,103324.45338422728,26877.433555610813,1183.2677333333327,15094.109361139359,12226.22858252288,10800.0,10800.0,0
2025-11-14,M4,25359.84186010193,0.0,231.82327004779995,25591.665130149715,25591.665130149715,0.0,223.14378500944161,0.0,0.0,25591.665130149715,57321.289727199895,57544.43351220933,15735.607840262157,11577.350314667441,13858.000301472288,11224.980244192555,10800.0,10800.0,0
2025-11-15,M4,26805.626065018143,0.0,365.1926109922859,27170.818676010433,27170.818676010433,0.0,353.4548761003576,0.0,0.0,27170.818676010433,59513.9752268358,59867.43010293615,17219.049430651223,11827.511713250471,13731.484433514735,11122.50239114694,10800.0,10800.0,0
2025-11-16,M4,76077.73738234938,0.0,599.7411629053918,76677.47854525478,76677.47854525478,0.0,433.10967146487104,0.0,0.0,76677.47854525478,105043.47594252246,105476.58561398732,26159.18903657043,1777.0958666666663,16346.085933773162,13240.32960635626,10800.0,10800.0,0
2025-11-17,M4,75783.38052387147,0.0,1348.321671065862,77131.70219493733,77131.70219493733,0.0,1144.6017864464407,0.0,0.0,77131.70219493733,105024.42361855677,106169.02540500321,28650.75331339159,1826.148916666667,15770.362324271719,12773.993482660093,10800.0,10800.0,0
2025-11-18,M4,77790.30551301342,0.0,203.9107068329371,77994.2162198464,77994.2162198464,0.0,147.23338165956346,0.0,0.0,77994.2162198464,105962.24023242644,106109.473614086,27868.637992959048,462.5271833333329,15198.718970843674,12310.962366383383,10800.0,10800.0,0
2025-11-19,M4,78323.96236224378,0.0,3635.8681779033777,81959.83054014719,81959.83054014719,0.0,2638.1960264863146,0.0,0.0,81959.83054014719,105953.69792000276,108591.89394648909,28936.770638449954,1363.1928499999995,15387.467673890122,12463.848815851004,10800.0,10800.0,0
2025-11-20,M4,77617.43992093479,0.0,179.1895143631132,77796.62943529792,77796.62943529792,0.0,164.7056795627173,0.0,0.0,77796.62943529792,106655.4833657801,106820.18904534282,28253.84556391074,779.8489166666664,15754.834375958344,12761.415844526266,10800.0,10800.0,0
2025-11-21,M4,27717.757042122736,0.0,1575.3391951777637,29293.096237300506,29293.096237300506,0.0,2029.5522074682474,0.0,0.0,29293.096237300506,60389.95776659442,62419.509974062676,19538.545306717806,11633.211650162946,12544.047107975046,10160.678157459788,10800.0,10800.0,0
2025-11-22,M4,29373.24690442596,0.0,251.2497294668463,29624.496633892806,29624.496633892806,0.0,232.44512732330566,0.0,0.0,29624.496633892806,62926.77591613213,63159.22104345544,19406.95812669293,11142.163379202368,12580.36870645688,10190.098652230072,10800.0,10800.0,0
2025-11-23,M4,78886.69501872883,0.0,1391.6815263309786,80278.37654505981,80278.37654505981,0.0,903.0390899480718,0.0,0.0,80278.37654505981,107454.77007894847,108357.80916889655,28530.915483083736,1715.755833333333,15152.850363927078,12273.808794780936,10800.0,10800.0,0
2025-11-24,M4,77784.78642141778,0.0,142.1065919787116,77926.89301339652,77926.89301339652,0.0,144.38784314219902,0.0,0.0,77926.89301339652,106215.30933429128,106359.69717743347,28025.635327586024,1381.8698500000003,14685.517367618208,11895.269067770754,10800.0,10800.0,0
2025-11-25,M4,80599.3555683622,0.0,205.68375801389183,80805.03932637608,80805.03932637608,0.0,233.47461768819863,0.0,0.0,80805.03932637608,109810.73592083118,110044.21053851937,29947.24249961108,833.7680500000001,16287.050117061273,13192.510594819636,10800.0,10800.0,0
2025-11-26,M4,80571.07918888879,0.0,622.5318784735267,81193.61106736233,81193.61106736233,0.0,407.7059664482966,0.0,0.0,81193.61106736233,108796.31586301984,109204.02182946814,29025.59363651796,378.0993333333321,16014.010401492225,12971.348425208704,10800.0,10800.0,0
2025-11-27,M4,80156.94278255293,0.0,813.8824463085626,80970.82522886153,80970.82522886153,0.0,564.1841383079391,0.0,0.0,80970.82522886153,108124.35754508711,108688.54168339504,29085.087488414254,896.6137499999996,15399.724798144567,12473.777086497099,10800.0,10800.0,0
2025-11-28,M4,28179.29454347291,0.0,778.3242500122145,28957.618793485126,28957.618793485126,0.0,977.3127190410391,0.0,0.0,28957.618793485126,61601.24554138077,62578.5582604218,18796.017303999703,10325.78945486974,13344.805008170366,10809.292056618004,10800.0,10800.0,0
2025-11-29,M4,31187.443011879794,0.0,180.2470223908855,31367.690034270687,31367.690034270687,0.0,259.0205092909077,0.0,0.0,31367.690034270687,65168.11823441152,65427.13874370244,20892.096747704156,7267.596713991766,12305.237800034305,9967.242618027787,10800.0,10800.0,0
2025-11-30,M4,82929.65867767547,0.0,1092.7111816668125,84022.36985934232,84022.36985934232,0.0,831.260156344646,0.0,0.0,84022.36985934232,110242.28901069949,111073.54916704413,27775.43506765351,10.70791666666662,16013.568768722578,12970.99070266529,10800.0,10800.0,0
2025-12-01,M4,89107.70429888296,0.0,7027.198601527562,96134.90290041055,96134.90290041055,0.0,4452.698914162516,0.0,0.0,96134.90290041055,111759.92984993038,116212.6287640929,26626.871919226684,34.26228333333347,17118.77277999762,13866.205951798067,10800.0,10800.0,0
2025-12-02,M4,94501.1579114475,0.0,5941.381767151759,100442.53967859922,100442.53967859922,0.0,3614.331610185647,0.0,0.0,100442.53967859922,116792.14840448802,120406.48001467367,28655.23657466954,0.0,16386.49205265333,13273.058562649197,10800.0,10800.0,0
2025-12-03,M4,95762.85189361621,0.0,4114.439671154005,99877.2915647702,99877.2915647702,0.0,2737.436810716394,0.0,0.0,99877.2915647702,118376.21968406675,121113.65649478315,30935.587765688862,0.0,15870.106118040083,12854.785955612466,10800.0,10800.0,0
2025-12-04,M4,97132.78385511105,0.0,1353.1768580826056,98485.96071319365,98485.96071319365,0.0,842.5274810876234,0.0,0.0,98485.96071319365,120236.05633194397,121078.58381303158,31396.358694827584,38.74940000000015,15117.194569494824,12244.927601290809,10800.0,10800.0,0
2025-12-05,M4,37152.215710892866,0.0,1446.2551539867031,38598.47086487958,38598.47086487958,0.0,1263.040912228564,0.0,0.0,38598.47086487958,72240.06075878872,73503.10167101727,24652.922480046018,5225.538533333333,12173.752496340001,9860.739522035403,10800.0,10800.0,0
2025-12-06,M4,39184.00096794234,0.0,1547.6849331084047,40731.68590105076,40731.68590105076,0.0,1343.4193592639717,0.0,0.0,40731.68590105076,73514.72216412338,74858.14152338736,24511.971810828527,4460.225183611469,11691.124801477356,9469.811089196657,10800.0,10800.0,0
2025-12-07,M4,100849.54110675771,0.0,268.9133322910367,101118.45443904874,101118.45443904874,0.0,315.3096640235139,0.0,0.0,101118.45443904874,124119.81767325787,124435.12733728139,33820.35058951139,12.572583333333341,15523.804812824554,12574.28189838789,10800.0,10800.0,0
2025-12-08,M4,103636.68823906998,0.0,0.0,103636.68823906998,103636.68823906998,0.0,0.0,0.0,0.0,103636.68823906998,128804.52190507835,128804.52190507835,37893.952433917904,0.0,16122.938707862011,13059.58035336823,10800.0,10800.0,0
2025-12-09,M4,100710.45953708433,0.0,0.0,100710.45953708433,100710.45953708433,0.0,0.0,0.0,0.0,100710.45953708433,126460.08179939186,126460.08179939186,35929.66593199428,7.1056166666667195,16499.242021390804,13364.386037326549,10800.0,10800.0,0
2025-12-10,M4,97851.61770575467,0.0,0.0,97851.61770575467,97851.61770575467,0.0,0.0,0.0,0.0,97851.61770575467,121776.14728491585,121776.14728491585,30178.575379539005,0.0,16894.49178268518,13684.538343975,10800.0,10800.0,0
2025-12-11,M4,96551.73541258824,0.0,0.0,96551.73541258824,96551.73541258824,0.0,0.0,0.0,0.0,96551.73541258824,122638.9414146861,122638.9414146861,33610.192768771056,0.0,16144.704978500182,13077.211032585146,10800.0,10800.0,0
2025-12-12,M4,39624.70017543064,0.0,953.4844871471323,40578.184662577754,40578.184662577754,0.0,1000.9459098566147,0.0,0.0,40578.184662577754,74769.80335204443,75770.74926190104,26349.3919516862,3436.7504999999996,11948.385930955315,9678.192604073809,10800.0,10800.0,0
2025-12-13,M4,40051.93797299904,0.0,895.6869993116084,40947.624972310645,40947.624972310645,0.0,837.9498138274986,0.0,0.0,40947.624972310645,75246.39988451131,76084.34969833882,26213.695531775873,3769.9650666666666,12116.609034541809,9814.453317978865,10800.0,10800.0,0
2025-12-14,M4,95560.30727385842,0.0,1416.54950916252,96976.8567830209,96976.8567830209,0.0,994.3388333625726,0.0,0.0,96976.8567830209,118673.42612103708,119667.76495439967,27510.545752610884,0.0,17781.565272572527,14403.067870783747,10800.0,10800.0,0
2025-12-15,M4,97658.20159982296,0.0,421.833088536941,98080.03468835988,98080.03468835988,0.0,300.1469183510146,0.0,0.0,98080.03468835988,121458.70749568683,121758.85441403784,28883.405491726087,0.0,17925.741871816295,14519.850916171206,10800.0,10800.0,0
2025-12-16,M4,97804.75501011794,0.0,199.13597218683373,98003.89098230479,98003.89098230479,0.0,224.04101583184104,0.0,0.0,98003.89098230479,121922.83723669073,122146.87825252255,29395.991397753038,0.0,17541.029060190565,14208.233538754357,10800.0,10800.0,0
2025-12-17,M4,96665.80334728766,0.0,423.89072030094115,97089.69406758861,97089.69406758861,0.0,384.3314505658468,0.0,0.0,97089.69406758861,120828.1601555322,121212.49160609805,29853.81896637088,0.0,16667.50301610795,13500.677443047443,10800.0,10800.0,0
2025-12-18,M4,93999.78409924582,0.0,1969.161795287043,95968.94589453282,95968.94589453282,0.0,1432.678530933731,0.0,0.0,95968.94589453282,118566.5061357965,119999.18466673023,29134.56742295104,86.18373333333352,17958.771283048467,14546.604739269264,10800.0,10800.0,0
2025-12-19,M4,38735.23279333036,0.0,944.0180959325032,39679.25088926284,39679.25088926284,0.0,1044.1858671154191,0.0,0.0,39679.25088926284,73193.75965680758,74237.94552392299,24898.538841637517,4084.9582160493837,12347.669295979471,10001.612129743375,10800.0,10800.0,0
2025-12-20,M4,38969.963530504,0.0,90.6672190666457,39060.63074957065,39060.63074957065,0.0,174.04189877453837,0.0,0.0,39060.63074957065,74838.10164120469,75012.14353997922,25310.803515974105,4420.725457696742,12759.275348991509,10335.013032683126,10800.0,10800.0,0
2025-12-21,M4,96476.62225473905,0.0,138.57184354253138,96615.19409828156,96615.19409828156,0.0,150.88145073945407,0.0,0.0,96615.19409828156,120722.72487833771,120873.60632907717,28453.680167255116,0.0,17800.759448186276,14418.615153030885,10800.0,10800.0,0
2025-12-22,M4,96476.8971842743,0.0,506.6869242632956,96983.58410853757,96983.58410853757,0.0,419.1986557491672,0.0,0.0,96983.58410853757,119815.5812350048,120234.77989075398,27848.814736420267,0.0,18150.20037368625,14701.662302685869,10800.0,10800.0,0
2025-12-23,M4,96208.12665728678,0.0,142.9261412905235,96351.05279857728,96351.05279857728,0.0,200.90150166717524,0.0,0.0,96351.05279857728,120406.67932514788,120607.58082681504,30009.541414244974,0.0,17578.6677854566,14238.720906219844,10800.0,10800.0,0
2025-12-24,M4,94740.63230234911,0.0,215.83422333269095,94956.4665256818,94956.4665256818,0.0,298.74972620589836,0.0,0.0,94956.4665256818,119224.29609892848,119523.04582513438,28364.597289506346,0.0,17388.89062611243,14085.001407151063,10800.0,10800.0,0
2025-12-25,M4,94119.95899146274,0.0,99.64152282248358,94219.60051428522,94219.60051428522,0.0,129.77113950838736,0.0,0.0,94219.60051428522,118170.25541772603,118300.0265572344,27144.807776730097,0.0,17593.527616689425,14250.75736951843,10800.0,10800.0,0
2025-12-26,M4,38130.22156445034,0.0,648.2216074414232,38778.443171891755,38778.443171891755,0.0,642.1366103119077,0.0,0.0,38778.443171891755,73010.68045965342,73652.81706996533,24343.945584285866,3788.4316180766823,13225.35491720762,10712.537482938173,10800.0,10800.0,0
2025-12-27,M4,38451.06068077152,0.0,205.2125856394799,38656.27326641099,38656.27326641099,0.0,256.6393194679281,0.0,0.0,38656.27326641099,74065.96880216588,74322.6081216338,24779.125723522233,3847.055805023993,12408.513296952178,10050.895770531268,10800.0,10800.0,0
2025-12-28,M4,95183.57415855167,0.0,617.4915037716394,95801.0656623233,95801.0656623233,0.0,543.4411281401538,0.0,0.0,95801.0656623233,119911.80076577337,120455.24189391354,30453.845583549624,0.0,16800.745054546922,13608.603494183011,10800.0,10800.0,0
2025-12-29,M4,94433.1629348755,0.0,543.0854916717356,94976.2484265472,94976.2484265472,0.0,494.4240784795378,0.0,0.0,94976.2484265472,119470.70442328916,119965.12850176869,29172.653777299784,0.0,17203.728725275047,13935.020267472792,10800.0,10800.0,0
2025-12-30,M4,95575.57072631318,0.0,605.1205111905463,96180.69123750374,96180.69123750374,0.0,375.6511913291377,0.0,0.0,96180.69123750374,122160.53292051938,122536.18411184853,33159.58727593106,18.987083333333203,16490.563960969128,13357.356808384993,10800.0,10800.0,0
2025-12-31,M4,96977.41634724407,0.0,309.8464049560298,97287.26275220007,97287.26275220007,0.0,192.4397702556691,0.0,0.0,97287.26275220007,122020.98476446819,122213.42453472386,30269.81576587505,0.0,17353.609660607835,14056.423825092348,10800.0,10800.0,0
2025-02-01,M5,48113.257801347034,0.0,0.0,48113.257801347034,48113.257801347034,0.0,0.0,0.0,0.0,48113.257801347034,90011.52679364679,90011.52679364679,44165.12294476432,10056.451056044207,7430.404523710192,6018.627664205256,10800.0,10800.0,0
2025-02-02,M5,105715.04281308131,0.0,0.0,105715.04281308131,105715.04281308131,0.0,0.0,0.0,0.0,105715.04281308131,136841.45651997687,136841.45651997687,55805.67126717468,437.1925500000002,11801.656593695723,9559.341840893534,10800.0,10800.0,0
2025-02-03,M5,106741.76250959604,0.0,0.0,106741.76250959604,106741.76250959604,0.0,0.0,0.0,0.0,106741.76250959604,136009.83511992084,136009.83511992084,53691.822567260344,80.66648333333342,10633.839838563945,8613.4102692368,10800.0,10800.0,0
2025-02-04,M5,106730.9266164283,0.0,0.0,106730.9266164283,106730.9266164283,0.0,0.0,0.0,0.0,106730.9266164283,136009.6748173826,136009.6748173826,52045.832237397924,319.04835000000026,12894.369894656256,10444.43961467157,10800.0,10800.0,0
2025-02-05,M5,102404.94285092887,0.0,403.44045859416286,102808.38330952304,102808.38330952304,0.0,277.11990527573107,0.0,0.0,102808.38330952304,131176.78597463935,131453.9058799151,48245.47722533575,41.18235000000027,12730.628006558,10311.808685311982,10800.0,10800.0,0
2025-02-06,M5,104244.7553420912,0.0,197.04693740208623,104441.8022794933,104441.8022794933,0.0,137.3109806237577,0.0,0.0,104441.8022794933,133314.26344707722,133451.57442770098,50714.25597155325,1.400816666666742,12972.949593760019,10508.08917094561,10800.0,10800.0,0
2025-02-07,M5,44254.62297535244,0.0,0.0,44254.62297535244,44254.62297535244,0.0,0.0,0.0,0.0,44254.62297535244,85619.7465976537,85619.7465976537,41351.76595903597,10894.786777681802,8250.074706680334,6682.560512411072,10800.0,10800.0,0
2025-02-08,M5,40593.24393776758,0.0,1008.1583236456113,41601.40226141318,41601.40226141318,0.0,966.4106238261872,0.0,0.0,41601.40226141318,79574.36695244604,80540.77757627222,36294.84906757591,10869.086388187963,9471.996862324635,7672.317458482956,10800.0,10800.0,0
2025-02-09,M5,97800.58559084346,0.0,1928.9383249194614,99729.52391576291,99729.52391576291,0.0,1479.1763527985936,0.0,0.0,99729.52391576291,126830.5529950124,128309.729347811,46301.41444097749,52.42941666666661,12634.050123685098,10233.580600184923,10800.0,10800.0,0
2025-02-10,M5,96546.78113775844,0.0,459.7796732436496,97006.56081100211,97006.56081100211,0.0,312.8416995572504,0.0,0.0,97006.56081100211,128388.50024459144,128701.3419441487,50981.11842443504,1451.7277666666669,10220.3061563877,8278.447986674033,10800.0,10800.0,0
2025-02-11,M5,96526.0074446041,0.0,362.8549754770646,96888.86242008119,96888.86242008119,0.0,244.40481773665533,0.0,0.0,96888.86242008119,127986.3953334778,128230.80015121445,49685.815975850615,956.6577333333337,12461.733203669266,10094.003894972106,10800.0,10800.0,0
2025-02-12,M5,97059.42394900242,0.0,0.0,97059.42394900242,97059.42394900242,0.0,0.0,0.0,0.0,97059.42394900242,128874.65984169407,128874.65984169407,49992.18406722644,1364.8385000000003,11846.848111233165,9595.946970098861,10800.0,10800.0,0
2025-02-13,M5,95763.06145880588,0.0,219.53825289474125,95982.59971170065,95982.59971170065,0.0,148.18548033198545,0.0,0.0,95982.59971170065,128441.45452488311,128589.6400052151,53230.092233957796,2189.3242500000006,9688.128971529633,7847.384466939001,10800.0,10800.0,0
2025-02-14,M5,41538.03943010025,0.0,187.81943831008923,41725.858868410345,41725.858868410345,0.0,182.57553908911575,0.0,0.0,41725.858868410345,81184.70502257999,81367.2805616691,37383.66292850476,12327.533311541047,9759.381605034929,7905.099100078294,10800.0,10800.0,0
2025-02-15,M5,41787.44270536224,0.0,115.16833429528921,41902.61103965755,41902.61103965755,0.0,96.95033545278682,0.0,0.0,41902.61103965755,80890.41927746832,80987.36961292109,37415.83039256005,12731.94117530864,8207.931289749562,6648.424344697151,10800.0,10800.0,0
2025-02-16,M5,98058.24365585869,0.0,0.0,98058.24365585869,98058.24365585869,0.0,0.0,0.0,0.0,98058.24365585869,128810.39898793466,128810.39898793466,50838.08067249942,571.048033333333,10652.058853168077,8628.167671066145,10800.0,10800.0,0
2025-02-17,M5,96400.32560001532,0.0,0.0,96400.32560001532,96400.32560001532,0.0,0.0,0.0,0.0,96400.32560001532,128998.16186679926,128998.16186679926,53890.36488771239,1898.901383333333,10658.065416246702,8633.032987159828,10800.0,10800.0,0
2025-02-18,M5,92250.40693616396,0.0,141.2715879159702,92391.67852407994,92391.67852407994,0.0,95.30512970852135,0.0,0.0,92391.67852407994,124441.10262382697,124536.40775353549,49239.527425776316,1147.2394499999991,10832.911023293851,8774.657928868015,10800.0,10800.0,0
2025-02-19,M5,91545.45663628218,0.0,142.54167631402723,91687.99831259623,91687.99831259623,0.0,97.12953251733381,0.0,0.0,91687.99831259623,123758.77892637189,123855.90845888921,46586.36706982396,2188.3794999999996,11588.602661746976,9386.768156015052,10800.0,10800.0,0
2025-02-20,M5,93466.77875051585,0.0,0.0,93466.77875051585,93466.77875051585,0.0,0.0,0.0,0.0,93466.77875051585,125568.97585529042,125568.97585529042,50722.67128688483,1799.7883499999991,10807.276237222453,8753.89375215019,10800.0,10800.0,0
2025-02-21,M5,39622.21418777006,0.0,27.324091663726673,39649.538279433786,39649.538279433786,0.0,34.116674777275875,0.0,0.0,39649.538279433786,78531.2773658052,78565.39404058247,35752.44749562058,15593.675337448556,8731.627232526309,7072.618058346309,10800.0,10800.0,0
2025-02-22,M5,40062.22742891873,0.0,77.5424752216461,40139.76990414038,40139.76990414038,0.0,85.5796462162437,0.0,0.0,40139.76990414038,78839.28231323003,78924.86195944628,35786.20537073293,13452.034244650204,9693.997161735864,7852.137701006053,10800.0,10800.0,0
2025-02-23,M5,92956.85711614897,0.0,2.4571076894957242,92959.31422383849,92959.31422383849,0.0,1.4826862717208087,0.0,0.0,92959.31422383849,125180.66980772426,125182.15249399599,50398.73051138432,1320.6124833333333,10162.925347078992,8231.969531133982,10800.0,10800.0,0
2025-02-24,M5,90328.51927831037,0.0,0.0,90328.51927831037,90328.51927831037,0.0,0.0,0.0,0.0,90328.51927831037,122776.92419923659,122776.92419923659,49417.8563764775,3111.1821000000004,10762.379505749672,8717.527399657238,10800.0,10800.0,0
2025-02-25,M5,88645.82799093085,0.0,22.43850462117809,88668.26649555203,88668.26649555203,0.0,15.791154229782023,0.0,0.0,88668.26649555203,122710.19848030986,122725.98963453964,50342.41399366773,4645.965999999999,10085.717934413622,8169.431526875038,10800.0,10800.0,0
2025-02-26,M5,86454.53059915524,0.0,122.57300446893382,86577.10360362423,86577.10360362423,0.0,82.8464052362641,0.0,0.0,86577.10360362423,118939.45416895614,119022.3005741924,45691.32955605761,2412.9320999999995,11069.425709481377,8966.234824679916,10800.0,10800.0,0
2025-02-27,M5,84694.73666015448,0.0,3.587074814147932,84698.32373496861,84698.32373496861,0.0,1.8477877729671945,0.0,0.0,84698.32373496861,118527.06814277652,118528.91593054948,45379.0849897272,3989.8509102145267,11596.820161093467,9393.424330485708,10800.0,10800.0,0
2025-02-28,M5,36405.73702343515,0.0,1.346508053401026,36407.08353148855,36407.08353148855,0.0,1.1294313482645748,0.0,0.0,36407.08353148855,73956.71792250132,73957.84735384959,31937.872155015677,17034.960349999994,8907.480520178511,7215.059221344599,10800.0,10800.0,0
2025-03-01,M5,38075.85768948189,0.0,0.0,38075.85768948189,38075.85768948189,0.0,0.0,0.0,0.0,38075.85768948189,77574.94062670846,77574.94062670846,36676.40983590466,15469.877378600824,9315.197257208567,7545.309778338933,10800.0,10800.0,0
2025-03-02,M5,89007.40056286531,0.0,188.94565416360945,89196.34621702891,89196.34621702891,0.0,135.51539081049748,0.0,0.0,89196.34621702891,121327.937076596,121463.4524674065,46724.68474173595,236.89343333333318,11281.93276668719,9138.365541016628,10800.0,10800.0,0
2025-03-03,M5,91243.01711398976,0.0,0.0,91243.01711398976,91243.01711398976,0.0,0.0,0.0,0.0,91243.01711398976,123875.76628329023,123875.76628329023,48548.27974469295,1172.4323333333327,11252.145115424399,9114.237543493771,10800.0,10800.0,0
2025-03-04,M5,88881.65857581783,0.0,7.191257446482444,88888.8498332643,88888.8498332643,0.0,4.339009531168699,0.0,0.0,88888.8498332643,121724.41466329517,121728.75367282634,48759.70181476923,1687.8852833333335,10956.36127047603,8874.652629085587,10800.0,10800.0,0
2025-03-05,M5,86930.8636763448,0.0,14.484280634160859,86945.34795697898,86945.34795697898,0.0,7.474133001898053,0.0,0.0,86945.34795697898,121285.95035850981,121293.42449151169,50575.3590886336,2637.43655,10263.983348481228,8313.826512269792,10800.0,10800.0,0
2025-03-06,M5,83289.21316393424,0.0,157.34744925749376,83446.56061319174,83446.56061319174,0.0,116.09731421838978,0.0,0.0,83446.56061319174,116688.18922741798,116804.2865416364,46179.53589282495,2710.613549999999,10386.752449884709,8413.26948440661,10800.0,10800.0,0
2025-03-07,M5,35091.77845320111,0.0,0.0,35091.77845320111,35091.77845320111,0.0,0.0,0.0,0.0,35091.77845320111,74071.09269548682,74071.09269548682,34238.11175010474,17206.867764245515,8967.513935806452,7263.686288003224,10800.0,10800.0,0
2025-03-08,M5,33209.33238188223,0.0,557.3495729738551,33766.68195485607,33766.68195485607,0.0,488.06297832630224,0.0,0.0,33766.68195485607,70277.25584182508,70765.31882015138,30836.07403345455,19201.371726020323,8761.75549478865,7097.021950778804,10800.0,10800.0,0
2025-03-09,M5,81900.25524498773,0.0,533.5549176831098,82433.81016267087,82433.81016267087,0.0,367.8025152752923,0.0,0.0,82433.81016267087,116897.56133275633,117265.36384803161,47632.859183635555,4243.982483066509,10815.774375418772,8760.77724408921,10800.0,10800.0,0
2025-03-10,M5,83052.18678507587,0.0,1699.4325798366635,84751.6193649125,84751.6193649125,0.0,1255.0550286142877,0.0,0.0,84751.6193649125,114906.12275212255,116161.17778073685,45081.46684571571,795.8488833333325,11798.897903620014,9557.107301932214,10800.0,10800.0,0
2025-03-11,M5,80981.27465241804,0.0,1698.4953714295625,82679.77002384758,82679.77002384758,0.0,1568.5199247927792,0.0,0.0,82679.77002384758,114255.08094752692,115823.6008723197,46675.91464174421,3362.6540999999997,9716.385950397349,7870.272619821853,10800.0,10800.0,0
2025-03-12,M5,81791.50449584222,0.0,157.79485735670121,81949.2993531989,81949.2993531989,0.0,107.01357900516643,0.0,0.0,81949.2993531989,116568.90021097931,116675.91378998448,47940.66474259714,4414.252566666666,9923.48314414392,8038.021346756575,10800.0,10800.0,0
2025-03-13,M5,83154.46577148476,0.0,863.1995094180032,84017.66528090274,84017.66528090274,0.0,745.1742247990074,0.0,0.0,84017.66528090274,115883.63480843612,116628.80903323513,46294.24367882589,727.2411999999996,10851.08493548726,8789.378797744685,10800.0,10800.0,0
2025-03-14,M5,32603.48155756388,0.0,73.07208329295197,32676.553640856833,32676.553640856833,0.0,87.52024635612366,0.0,0.0,32676.553640856833,69925.7284312519,70013.24867760803,31480.54163072998,20674.595427427987,9624.661242719618,7795.975606602889,10800.0,10800.0,0
2025-03-15,M5,34046.29133830448,0.0,868.4118535622974,34914.70319186677,34914.70319186677,0.0,1409.8360935585106,0.0,0.0,34914.70319186677,71054.82746521257,72464.66355877108,33302.448258146746,16394.442971755456,9703.406204573053,7859.759025704172,10800.0,10800.0,0
2025-03-16,M5,81807.05502269923,0.0,829.0741931229744,82636.12921582219,82636.12921582219,0.0,850.3925813332481,0.0,0.0,82636.12921582219,115682.51666229822,116532.90924363145,48178.02218664806,3205.4461734370966,9465.231316910413,7666.837366697434,10800.0,10800.0,0
2025-03-17,M5,79105.3756797235,0.0,205.6583578916688,79311.0340376152,79311.0340376152,0.0,144.20506612146005,0.0,0.0,79311.0340376152,115368.00714334656,115512.21220946804,50333.91009242165,5761.157133333332,8205.334475682826,6646.32092530309,10800.0,10800.0,0
2025-03-18,M5,79688.36832134538,0.0,8.65196377046085,79697.02028511588,79697.02028511588,0.0,5.899922309156636,0.0,0.0,79697.02028511588,114673.40669096305,114679.30661327222,47120.00318585218,4417.8898056531825,10607.6592373694,8592.203982269213,10800.0,10800.0,0
2025-03-19,M5,75522.27487906232,0.0,399.64457237745654,75921.9194514398,75921.9194514398,0.0,407.03166488982816,0.0,0.0,75921.9194514398,110107.36562666963,110514.39729155946,43788.14033520574,5217.064588200316,10756.431148175874,8712.709230022461,10800.0,10800.0,0
2025-03-20,M5,78227.33264242653,0.0,611.8155709137751,78839.14821334023,78839.14821334023,0.0,432.1784309301868,0.0,0.0,78839.14821334023,113013.32171451914,113445.50014544933,46019.64545020502,3288.9029999999993,10147.315150408653,8219.325271831003,10800.0,10800.0,0
2025-03-21,M5,29592.64986874112,0.0,358.84593173540554,29951.495800476543,29951.495800476543,0.0,317.1055122011027,0.0,0.0,29951.495800476543,66222.07785138914,66539.18336359026,29702.02922312933,22876.54611703814,10142.86056187427,8215.717055118159,10800.0,10800.0,0
2025-03-22,M5,30888.896797952166,0.0,48.30623321747042,30937.20303116964,30937.20303116964,0.0,40.88595908210351,0.0,0.0,30937.20303116964,66368.71313316007,66409.59909224216,29068.689518039086,19699.817578545393,9262.590854338703,7502.698592014345,10800.0,10800.0,0
2025-03-23,M5,77463.64114362851,0.0,257.75384578222605,77721.39498941081,77721.39498941081,0.0,181.15051981378633,0.0,0.0,77721.39498941081,112720.93655386279,112902.08707367658,46985.92875381261,5304.195216666666,9696.015718582345,7853.772732051699,10800.0,10800.0,0
2025-03-24,M5,75573.14183350903,0.0,400.0720719793594,75973.21390548848,75973.21390548848,0.0,273.4954632129318,0.0,0.0,75973.21390548848,110154.56053617403,110428.05599938695,43990.77674444823,6425.2065,10597.766692659941,8584.191021054554,10800.0,10800.0,0
2025-03-25,M5,77066.03471885074,0.0,427.30293570607853,77493.33765455679,77493.33765455679,0.0,295.28816271362814,0.0,0.0,77493.33765455679,111892.02894848527,112187.31711119889,44591.581231990625,4772.984166666666,9855.93155723649,7983.304561361557,10800.0,10800.0,0
2025-03-26,M5,73405.00618103314,0.0,223.97905094446648,73628.98523197761,73628.98523197761,0.0,153.16729110690733,0.0,0.0,73628.98523197761,109361.21504830179,109514.38233940868,44957.09556257324,7054.250033333334,10055.167772818182,8144.685895982727,10800.0,10800.0,0
2025-03-27,M5,74873.57892913683,0.0,427.2973723518048,75300.87630148864,75300.87630148864,0.0,309.43742383872325,0.0,0.0,75300.87630148864,110470.65031776053,110780.08774159926,45011.07853577864,5199.419900000001,9750.52582010849,7897.925914287874,10800.0,10800.0,0
2025-03-28,M5,29296.17739845106,0.0,86.83846207275079,29383.015860523792,29383.015860523792,0.0,73.1697312720438,0.0,0.0,29383.015860523792,63378.5636660275,63451.73339729954,26750.71950055684,24126.684349594085,9223.414634115525,7470.965853633574,10800.0,10800.0,0
2025-03-29,M5,28778.186348742478,0.0,214.85498406007335,28993.041332802557,28993.041332802557,0.0,228.247434663616,0.0,0.0,28993.041332802557,61573.26173926491,61801.50917392853,24637.34522771716,27702.28695711355,9235.093714549872,7480.425908785393,10800.0,10800.0,0
2025-03-30,M5,71465.3760084364,0.0,212.22421760076443,71677.60022603716,71677.60022603716,0.0,147.5311789264349,0.0,0.0,71677.60022603716,108006.35914759243,108153.89032651889,43592.266110485245,7309.329361476429,10035.132392406424,8128.4572378492085,10800.0,10800.0,0
2025-03-31,M5,70133.36857008838,0.0,3247.2153351594984,73380.58390524787,73380.58390524787,0.0,3112.740666338132,0.0,0.0,73380.58390524787,104520.48417464661,107633.22484098474,43438.53024015935,5303.35725,10210.251934168722,8270.304066676668,10800.0,10800.0,0
2025-04-01,M5,76013.29102111644,0.0,1677.617852305888,77690.90887342235,77690.90887342235,0.0,1372.2319057150492,0.0,0.0,77690.90887342235,110452.84449632581,111825.07640204087,47183.61508467569,2766.830266666667,8767.260705430732,7101.481171398893,10800.0,10800.0,0
2025-04-02,M5,74268.50596554397,0.0,1686.6480537460616,75955.15401929003,75955.15401929003,0.0,1501.258493177177,0.0,0.0,75955.15401929003,109697.80883141703,111199.06732459419,44997.38328724723,3616.7244333333333,11313.811600071835,9164.187396058187,10800.0,10800.0,0
2025-04-03,M5,75047.92140192936,0.0,199.0472144621345,75246.96861639149,75246.96861639149,0.0,135.72920030576915,0.0,0.0,75246.96861639149,110757.53519514023,110893.26439544599,46003.15458648519,7118.88096148474,10040.518846365274,8132.820265555869,10800.0,10800.0,0
2025-04-04,M5,28026.32160241274,0.0,6.461805084676792,28032.783407497416,28032.783407497416,0.0,8.038661263631809,0.0,0.0,28032.783407497416,61012.75489667093,61020.793557934565,25130.5877561254,27599.13388753445,9790.8929698669,7930.6233055921875,10800.0,10800.0,0
2025-04-05,M5,27591.416345522823,0.0,158.69727659045927,27750.11362211329,27750.11362211329,0.0,152.4938871697471,0.0,0.0,27750.11362211329,59328.35685345662,59480.850740626374,23432.506854776257,22165.256589583354,9678.801647018032,7839.8293340846085,10800.0,10800.0,0
2025-04-06,M5,72246.52318301375,0.0,130.6807603035732,72377.20394331735,72377.20394331735,0.0,98.57941682790158,0.0,0.0,72377.20394331735,108176.68753152613,108275.26694835404,45038.99143419347,6860.078833333332,10348.002179792475,8381.881765631906,10800.0,10800.0,0
2025-04-07,M5,69752.79368705902,0.0,1362.4225418817775,71115.2162289408,71115.2162289408,0.0,1046.7647160001054,0.0,0.0,71115.2162289408,105158.70798045663,106205.47269645674,44182.898379501166,6992.102583333333,9409.223422573203,7621.470972284298,10800.0,10800.0,0
2025-04-08,M5,70871.43158207096,0.0,146.02756279478498,71017.45914486574,71017.45914486574,0.0,121.72575787434079,0.0,0.0,71017.45914486574,107142.02050763965,107263.746265514,43433.88506389539,7552.072583333333,10129.447376940056,8204.852375321447,10800.0,10800.0,0
2025-04-09,M5,71774.46630798277,0.0,1233.9506345320005,73008.4169425148,73008.4169425148,0.0,1333.5540675180066,0.0,0.0,73008.4169425148,106507.36637219467,107840.92043971266,43380.196237177224,3422.7626413530807,10019.213392187874,8115.562847672181,10800.0,10800.0,0
2025-04-10,M5,71418.19866835224,0.0,536.9343328761482,71955.13300122839,71955.13300122839,0.0,769.8555161108106,0.0,0.0,71955.13300122839,107108.17770699266,107878.03322310347,43747.625401366604,7792.745001369805,9879.078528247654,8002.053607880602,10800.0,10800.0,0
2025-04-11,M5,26369.45668334187,0.0,313.245101418402,26682.701784760276,26682.701784760276,0.0,324.6610473642153,0.0,0.0,26682.701784760276,57314.84714069798,57639.5081880622,22967.298541651573,27551.703177739815,9493.980536863926,7690.124234859784,10800.0,10800.0,0
2025-04-12,M5,27808.376315655274,0.0,0.0,27808.376315655274,27808.376315655274,0.0,0.0,0.0,0.0,27808.376315655274,61361.14876816555,61361.14876816555,26854.51714088711,23753.355751540854,9095.343819671532,7367.228493933945,10800.0,10800.0,0
2025-04-13,M5,69629.54561321347,0.0,30.748834355909118,69660.29444756938,69660.29444756938,0.0,22.082196367167853,0.0,0.0,69660.29444756938,104786.85728728413,104808.93948365131,42046.78264376749,6626.032015701547,9788.243899205001,7928.477558356052,10800.0,10800.0,0
2025-04-14,M5,69073.63738063959,0.0,321.2180202026722,69394.85540084225,69394.85540084225,0.0,223.8964239862005,0.0,0.0,69394.85540084225,105193.95383527334,105417.85025925953,44069.71076441051,7080.769030986316,9154.414020330067,7415.075356467352,10800.0,10800.0,0
2025-04-15,M5,67251.06423066085,0.0,0.0,67251.06423066085,67251.06423066085,0.0,0.0,0.0,0.0,67251.06423066085,103642.70489887967,103642.70489887967,43042.22086140976,8813.894066773984,8669.269144013695,7022.108006651089,10800.0,10800.0,0
2025-04-16,M5,70101.0809776885,0.0,1019.3329015018372,71120.41387919031,71120.41387919031,0.0,969.1048050744474,0.0,0.0,71120.41387919031,105118.3275993276,106087.43240440205,43516.155747023506,4974.43755,9564.45872304495,7747.211565666415,10800.0,10800.0,0
2025-04-17,M5,67559.80170138164,0.0,966.6021033625551,68526.40380474423,68526.40380474423,0.0,1290.8349670626176,0.0,0.0,68526.40380474423,103048.34981849405,104339.18478555666,43092.01795775607,6425.223828932881,10282.108678251105,8328.508029383393,10800.0,10800.0,0
2025-04-18,M5,25946.001850017437,0.0,228.92677033841892,26174.928620355855,26174.928620355855,0.0,200.13471555360752,0.0,0.0,26174.928620355855,56898.49671963908,57098.631435192685,23709.691926789073,25430.12590411523,8445.770636605565,6841.074215650508,10800.0,10800.0,0
2025-04-19,M5,26223.069011360985,0.0,343.61981856059634,26566.688829921583,26566.688829921583,0.0,373.6023612979982,0.0,0.0,26566.688829921583,59147.947350544244,59521.54971184224,26066.236321388627,25028.29047163111,8643.91404643418,7001.570377611682,10800.0,10800.0,0
2025-04-20,M5,67453.96665655484,0.0,291.93619576968786,67745.90285232455,67745.90285232455,0.0,213.68884837149267,0.0,0.0,67745.90285232455,103290.73503118393,103504.42387955541,42686.55774454259,6933.974724554608,10137.613300657296,8211.466773532407,10800.0,10800.0,0
2025-04-21,M5,67205.0897114964,0.0,257.56059167692996,67462.6503031733,67462.6503031733,0.0,181.26605586725998,0.0,0.0,67462.6503031733,104805.51866241195,104986.78471827922,44491.59494637267,10156.376427211519,9588.962954535244,7767.059993173547,10800.0,10800.0,0
2025-04-22,M5,65730.64201628498,0.0,2287.50690928429,68018.14892556929,68018.14892556929,0.0,2502.5502076197263,0.0,0.0,68018.14892556929,100504.90956216786,103007.45976978757,41911.99289212679,7006.991509710573,10187.08448043975,8251.538429156206,10800.0,10800.0,0
2025-04-23,M5,66239.35839479472,0.0,1540.6511625803057,67780.00955737503,67780.00955737503,0.0,1581.4625884644845,0.0,0.0,67780.00955737503,101376.18667597417,102957.64926443865,43439.35289066546,6290.571999999999,9620.040300560655,7792.2326434541355,10800.0,10800.0,0
2025-04-24,M5,65537.82046540618,0.0,84.44037277643689,65622.26083818263,65622.26083818263,0.0,66.14108382813242,0.0,0.0,65622.26083818263,101436.02432961387,101502.16541344201,42480.4289723238,10179.767882079426,9220.325573888344,7468.463714849565,10800.0,10800.0,0
2025-04-25,M5,23952.688051552064,0.0,1.1971465011476399,23953.88519805322,23953.88519805322,0.0,1.0299302061099525,0.0,0.0,23953.88519805322,52866.42265563356,52867.452585839674,20642.96787314803,28339.0346208927,9921.53916736283,8036.446725563892,10800.0,10800.0,0
2025-04-26,M5,24417.915862691203,0.0,83.65828879999694,24501.574151491197,24501.574151491197,0.0,87.62267873790177,0.0,0.0,24501.574151491197,52851.83177283034,52939.454451568236,19637.732450577925,31468.434624279827,9279.44075461658,7516.347011239428,10800.0,10800.0,0
2025-04-27,M5,62055.59068418432,0.0,1016.0222285060122,63071.612912690325,63071.612912690325,0.0,924.8744169702231,0.0,0.0,63071.612912690325,97766.78957571203,98691.66399268225,38559.69220190366,9574.997360065741,10439.490775681685,8455.987528302165,10800.0,10800.0,0
2025-04-28,M5,67486.3149755445,0.0,2259.53036581629,69745.84534136082,69745.84534136082,0.0,2070.156758169584,0.0,0.0,69745.84534136082,102295.1428128087,104365.29957097828,42466.996581953026,3221.4253423762893,10815.317526222616,8760.407196240312,10800.0,10800.0,0
2025-04-29,M5,64443.8193080086,0.0,235.31224086038702,64679.13154886896,64679.13154886896,0.0,178.2536242515157,0.0,0.0,64679.13154886896,101657.96170337108,101836.2153276226,42664.66228132582,9947.320069489322,9426.41715863574,7635.397898494948,10800.0,10800.0,0
2025-04-30,M5,63159.62948847615,0.0,52.010328947325206,63211.639817423486,63211.639817423486,0.0,36.59692258911332,0.0,0.0,63211.639817423486,99447.5761349643,99484.1730575534,41568.77386763663,7964.970159001329,8913.55051359009,7219.9759160079675,10800.0,10800.0,0
2025-05-01,M5,64430.670299518475,0.0,494.5963383856764,64925.26663790415,64925.26663790415,0.0,367.0688399753856,0.0,0.0,64925.26663790415,98117.6254749326,98484.69431490799,35102.525588105724,10076.066439463742,12077.492038623814,9782.76855128529,10800.0,10800.0,0
2025-05-02,M5,26333.374159281368,0.0,494.04696079710294,26827.421120078478,26827.421120078478,0.0,807.4254423407629,0.0,0.0,26827.421120078478,55540.71823806797,56348.14368040874,19988.559127478646,20009.247765637858,10842.193178731064,8782.176474772163,10800.0,10800.0,0
2025-05-03,M5,26884.262636785905,0.0,29.50624432608878,26913.768881111995,26913.768881111995,0.0,25.09704875578535,0.0,0.0,26913.768881111995,58218.99687763609,58244.093926391884,22597.522851440488,24948.43694567901,9636.644627749376,7805.682148476995,10800.0,10800.0,0
2025-05-04,M5,71639.39056036765,0.0,0.0,71639.39056036765,71639.39056036765,0.0,0.0,0.0,0.0,71639.39056036765,107927.98986652767,107927.98986652767,46590.076336934326,7796.659235765664,9508.352423654456,7701.765463160107,10800.0,10800.0,0
2025-05-05,M5,71011.59945423367,0.0,0.0,71011.59945423367,71011.59945423367,0.0,0.0,0.0,0.0,71011.59945423367,106593.6368709532,106593.6368709532,43006.31931394208,6603.751452954315,10039.785810825359,8132.226506768546,10800.0,10800.0,0
2025-05-06,M5,69354.11927504672,0.0,162.33462279300633,69516.45389783973,69516.45389783973,0.0,272.2635576160302,0.0,0.0,69516.45389783973,104403.12329811993,104675.38685573597,41446.2055826327,8260.671533333334,11044.354595280376,8945.927222177106,10800.0,10800.0,0
2025-05-07,M5,70240.54710178295,0.0,0.0,70240.54710178295,70240.54710178295,0.0,0.0,0.0,0.0,70240.54710178295,104937.82899130098,104937.82899130098,40452.471916593975,7543.678902825272,9862.274852009275,7988.442630127516,10800.0,10800.0,0
2025-05-08,M5,74915.51285373501,0.0,0.0,74915.51285373501,74915.51285373501,0.0,0.0,0.0,0.0,74915.51285373501,109828.53598947858,109828.53598947858,46955.85537170129,5270.821499999998,9343.93009356477,7568.583375787467,10800.0,10800.0,0
2025-05-09,M5,29782.998438103383,0.0,0.0,29782.998438103383,29782.998438103383,0.0,0.0,0.0,0.0,29782.998438103383,64845.48726591468,64845.48726591468,29440.793628886957,25187.151636419752,9042.927108463045,7324.770957855069,10800.0,10800.0,0
2025-05-10,M5,29761.83203530487,0.0,0.0,29761.83203530487,29761.83203530487,0.0,0.0,0.0,0.0,29761.83203530487,63163.21396419457,63163.21396419457,27388.346584537776,22096.54010768012,8196.220992859668,6638.9390042163295,10800.0,10800.0,0
2025-05-11,M5,72598.91051627217,0.0,483.7701874008261,73082.68070367297,73082.68070367297,0.0,413.2675557477511,0.0,0.0,73082.68070367297,108088.7576349306,108502.02519067835,45240.20069818502,5853.201483333333,10129.17855698242,8204.634631155757,10800.0,10800.0,0
2025-05-12,M5,70531.38736075809,0.0,1287.2582352458005,71818.6455960039,71818.6455960039,0.0,1384.7208594033561,0.0,0.0,71818.6455960039,105995.14942862933,107379.87028803269,46705.43685550696,7066.9402673928835,8822.62069368167,7146.322761882152,10800.0,10800.0,0
2025-05-13,M5,71229.10454878511,0.0,9.509353399518053,71238.61390218465,71238.61390218465,0.0,6.474787214760113,0.0,0.0,71238.61390218465,106584.21686651035,106590.69165372511,45169.40990095667,6357.562883333334,10181.61106720237,8247.104964433913,10800.0,10800.0,0
2025-05-14,M5,69072.11196761091,0.0,1041.505539763109,70113.61750737402,70113.61750737402,0.0,1115.5995230271824,0.0,0.0,70113.61750737402,105070.71633860577,106186.31586163296,44900.00823958052,6418.329833333332,9756.994765188241,7903.165759802477,10800.0,10800.0,0
2025-05-15,M5,70683.91258444311,0.0,869.3605404457007,71553.2731248888,71553.2731248888,0.0,1013.5679149952485,0.0,0.0,71553.2731248888,105161.52626783814,106175.09418283337,44296.76148127953,7221.155995066097,9958.51801660227,8066.399593447836,10800.0,10800.0,0
2025-05-16,M5,27715.33979238177,0.0,59.16111504233616,27774.500907424113,27774.500907424113,0.0,47.69916802792636,0.0,0.0,27774.500907424113,58496.644712705376,58544.3438807333,23659.609156829432,30416.8901781893,9222.831644111786,7470.493631730551,10800.0,10800.0,0
2025-05-17,M5,29075.619041578077,0.0,56.352679295582966,29131.971720873666,29131.971720873666,0.0,45.78714466966028,0.0,0.0,29131.971720873666,60461.05636424041,60506.84350891007,24578.797264604473,23669.524810699586,9524.854475119322,7715.132124846648,10800.0,10800.0,0
2025-05-18,M5,70271.36790804834,0.0,443.0643749120771,70714.43228296038,70714.43228296038,0.0,310.5979188531418,0.0,0.0,70714.43228296038,106664.37130525851,106974.96922411167,46721.65590058759,4702.561736517301,9866.228878983053,7991.645391976274,10800.0,10800.0,0
2025-05-19,M5,67124.91973181996,0.0,0.0,67124.91973181996,67124.91973181996,0.0,0.0,0.0,0.0,67124.91973181996,104247.43745230779,104247.43745230779,44366.19540325474,10533.76821726166,9643.459377849491,7811.20209605809,10800.0,10800.0,0
2025-05-20,M5,67713.03203300002,0.0,1337.60897110739,69050.64100410741,69050.64100410741,0.0,1350.781271336354,0.0,0.0,69050.64100410741,102592.65333147833,103943.43460281468,43260.36667810254,4311.225953619454,9707.616602242322,7863.169447816283,10800.0,10800.0,0
2025-05-21,M5,67234.96564773381,0.0,1158.6990979462093,68393.66474568004,68393.66474568004,0.0,1175.2122210773457,0.0,0.0,68393.66474568004,102222.49731976066,103397.70954083801,42130.69351414932,8121.766645763843,9382.284724165864,7599.650626574352,10800.0,10800.0,0
2025-05-22,M5,66778.37944851042,0.0,171.80223379680004,66950.18168230723,66950.18168230723,0.0,117.41506358061247,0.0,0.0,66950.18168230723,101376.13436966945,101493.54943325007,41284.099683556764,7564.766000000001,9621.331226456015,7793.278293429373,10800.0,10800.0,0
2025-05-23,M5,26759.651104222685,0.0,440.1122582854476,27199.763362508133,27199.763362508133,0.0,505.6408068724252,0.0,0.0,27199.763362508133,57418.50095140709,57924.14175827952,22994.287160789252,26578.51889135802,10159.930646310017,8229.543823511112,10800.0,10800.0,0
2025-05-24,M5,27092.347923480724,0.0,95.20770769064416,27187.55563117137,27187.55563117137,0.0,78.08437973663007,0.0,0.0,27187.55563117137,56537.17754471489,56615.261924451515,21691.46344541221,29269.478216460902,9999.046732868814,8099.227853623739,10800.0,10800.0,0
2025-05-25,M5,66074.56434298503,0.0,119.09704897107072,66193.66139195612,66193.66139195612,0.0,84.09900076297174,0.0,0.0,66193.66139195612,102597.57689637455,102681.67589713752,43161.11016929215,9166.854121364908,9519.481174458655,7710.779751311516,10800.0,10800.0,0
2025-05-26,M5,65569.48658340824,0.0,1482.3113484507433,67051.79793185898,67051.79793185898,0.0,1265.8730732178765,0.0,0.0,67051.79793185898,99834.54582594382,101100.41889916171,39772.31516155203,4818.113790571338,10158.721037043862,8228.564040005529,10800.0,10800.0,0
2025-05-27,M5,65560.41082916653,0.0,2120.8977496054918,67681.30857877205,67681.30857877205,0.0,2160.7223473777976,0.0,0.0,67681.30857877205,101245.2872519739,103406.0095993517,44109.881801148804,8045.490918275086,9790.892525935866,7930.622946008052,10800.0,10800.0,0
2025-05-28,M5,67879.66473460027,0.0,628.0422574122591,68507.70699201254,68507.70699201254,0.0,474.9159896846819,0.0,0.0,68507.70699201254,102831.09963615277,103306.01562583743,42383.808169534735,6721.989966666666,10138.912577031773,8212.51918739573,10800.0,10800.0,0
2025-05-29,M5,67811.12172792616,0.0,2639.7130046962093,70450.83473262239,70450.83473262239,0.0,2543.694640957727,0.0,0.0,70450.83473262239,102184.60517561427,104728.29981657199,42610.9969995563,5977.796600000001,10680.961668503709,8651.578951488002,10800.0,10800.0,0
2025-05-30,M5,27621.338475524833,0.0,38.57532470584381,27659.91380023067,27659.91380023067,0.0,45.06963728478533,0.0,0.0,27659.91380023067,59084.00866610609,59129.07830339088,24378.355647276927,26333.58121522634,9583.727232741821,7762.819058520876,10800.0,10800.0,0
2025-05-31,M5,27297.174345223993,0.0,143.29715708557424,27440.471502309563,27440.471502309563,0.0,119.41118611149034,0.0,0.0,27440.471502309563,59172.889047549266,59292.30023366075,24596.329361627013,24500.425537448555,9507.17781360623,7700.814029021043,10800.0,10800.0,0
2025-06-01,M5,79267.01759063787,0.0,6106.686956749947,85373.70454738782,85373.70454738782,0.0,4339.372183626126,0.0,0.0,85373.70454738782,108909.32724829121,113248.69943191734,39067.39127843497,549.8425666666666,12666.522562187976,10259.883275372264,10800.0,10800.0,0
2025-06-02,M5,82617.45504713869,0.0,1888.7726432898346,84506.22769042854,84506.22769042854,0.0,1222.7277282032362,0.0,0.0,84506.22769042854,114512.65111001865,115735.37883822189,41478.079556386816,3251.766866666666,12445.920869307422,10081.195904139015,10800.0,10800.0,0
2025-06-03,M5,88310.10826166111,0.0,1627.1310954216453,89937.23935708276,89937.23935708276,0.0,1248.0524521147233,0.0,0.0,89937.23935708276,120987.89102305392,122235.94347516863,48772.94502626287,3117.5461333333333,11332.028853890071,9178.943371650961,10800.0,10800.0,0
2025-06-04,M5,92604.40908892371,0.0,485.90178795582005,93090.31087687948,93090.31087687948,0.0,310.5805528892761,0.0,0.0,93090.31087687948,125246.55570785534,125557.1362607446,52685.004162861136,1371.6728333333326,9764.202357281525,7909.003909398036,10800.0,10800.0,0
2025-06-05,M5,91939.09960825,0.0,567.3704783216524,92506.47008657166,92506.47008657166,0.0,433.08522258446607,0.0,0.0,92506.47008657166,122919.99650109932,123353.0817236838,48261.46380926544,1814.5290040320872,11198.794177471607,9071.023283752003,10800.0,10800.0,0
2025-06-06,M5,41049.470231948326,0.0,56.44326577222751,41105.913497720554,41105.913497720554,0.0,42.78277682262774,0.0,0.0,41105.913497720554,77211.40610178243,77254.18887860505,31736.336324150703,12833.086,9630.374497128207,7800.603342673848,10800.0,10800.0,0
2025-06-07,M5,43816.50203361635,0.0,0.0,43816.50203361635,43816.50203361635,0.0,0.0,0.0,0.0,43816.50203361635,82401.38808237006,82401.38808237006,38051.49193259573,11387.145033333334,9664.4102619701,7828.172312195783,10800.0,10800.0,0
2025-06-08,M5,98678.04117595739,0.0,0.0,98678.04117595739,98678.04117595739,0.0,0.0,0.0,0.0,98678.04117595739,133599.0378604859,133599.0378604859,63422.78491819503,3613.5423666666657,7251.512152407988,5873.724843450472,10800.0,10800.0,0
2025-06-09,M5,96933.07178781285,0.0,0.0,96933.07178781285,96933.07178781285,0.0,0.0,0.0,0.0,96933.07178781285,128839.82135905916,128839.82135905916,54253.33013814529,1813.7302166666668,9684.46458375732,7844.416312843434,10800.0,10800.0,0
2025-06-10,M5,93230.03445212093,0.0,0.0,93230.03445212093,93230.03445212093,0.0,0.0,0.0,0.0,93230.03445212093,125398.33612172914,125398.33612172914,50761.4037666895,970.6879999999995,10777.895377401635,8730.09525569533,10800.0,10800.0,0
2025-06-11,M5,94895.60013617155,0.0,1110.1982409900952,96005.79837716163,96005.79837716163,0.0,706.5438602952373,0.0,0.0,96005.79837716163,126106.037722461,126812.58158275623,47572.06836481746,954.6255999999995,11586.533164590077,9385.091863317964,10800.0,10800.0,0
2025-06-12,M5,95163.08966961516,0.0,0.0,95163.08966961516,95163.08966961516,0.0,0.0,0.0,0.0,95163.08966961516,126564.12914821754,126564.12914821754,51072.842640976276,1098.1592334688535,10214.3991602057,8273.663319766612,10800.0,10800.0,0
2025-06-13,M5,42269.041942655684,0.0,14.341555489668643,42283.383498145355,42283.383498145355,0.0,7.968503396837605,0.0,0.0,42283.383498145355,79727.45154121562,79735.42004461246,36021.545490124736,13716.080298559671,8697.266083831833,7044.785527903786,10800.0,10800.0,0
2025-06-14,M5,43096.18380152396,0.0,0.0,43096.18380152396,43096.18380152396,0.0,0.0,0.0,0.0,43096.18380152396,80335.5279002859,80335.5279002859,36468.62935733238,15978.504666666666,8921.321717299224,7226.270591012368,10800.0,10800.0,0
2025-06-15,M5,92457.7184962969,0.0,0.0,92457.7184962969,92457.7184962969,0.0,0.0,0.0,0.0,92457.7184962969,124507.58846862483,124507.58846862483,51146.05094242051,714.9758166666668,10629.407243180705,8609.819866976375,10800.0,10800.0,0
2025-06-16,M5,93422.12826914634,0.0,264.20768099687115,93686.3359501432,93686.3359501432,0.0,241.12772770055665,0.0,0.0,93686.3359501432,124496.20790530175,124737.33563300231,48998.63753234326,990.2291000000002,10812.716757854667,8758.30057386228,10800.0,10800.0,0
2025-06-17,M5,91745.24223334696,0.0,2922.6979064149723,94667.94013976186,94667.94013976186,0.0,2202.6364619553974,0.0,0.0,94667.94013976186,122742.97667826619,124945.61314022157,47730.95579069942,401.9364333333333,11451.10368169561,9275.393982173448,10800.0,10800.0,0
2025-06-18,M5,93494.28192239896,0.0,1647.746856077068,95142.02877847603,95142.02877847603,0.0,1433.2371198865521,0.0,0.0,95142.02877847603,124843.16330931094,126276.40042919749,53120.83199885652,377.71085452674834,9734.035135864326,7884.5684600501045,10800.0,10800.0,0
2025-06-19,M5,89799.69262903839,0.0,1440.376425852257,91240.06905489064,91240.06905489064,0.0,1035.0250225849852,0.0,0.0,91240.06905489064,122157.14496243544,123192.16998502042,50104.40732188828,2750.2148333333334,10937.071735783175,8859.028105984376,10800.0,10800.0,0
2025-06-20,M5,40107.371860223764,0.0,98.222726799587,40205.59458702333,40205.59458702333,0.0,75.83547768976905,0.0,0.0,40205.59458702333,76761.38434441086,76837.21982210063,35156.92812744403,17545.483222324947,9127.513801745577,7393.286179413919,10800.0,10800.0,0
2025-06-21,M5,37787.57830427445,0.0,247.20912859487737,38034.787432869314,38034.787432869314,0.0,224.96717383945236,0.0,0.0,38034.787432869314,73728.77263435375,73953.7398081932,33064.764495046446,19843.97200360711,9001.383734419207,7291.1208248795565,10800.0,10800.0,0
2025-06-22,M5,86334.73540808751,0.0,2305.733033690067,88640.46844177762,88640.46844177762,0.0,1556.357203372807,0.0,0.0,88640.46844177762,118060.89065972694,119617.24786309974,48139.62134322282,1870.7774833333326,11313.199666018994,9163.691729475388,10800.0,10800.0,0
2025-06-23,M5,85684.8168537103,0.0,702.1758028898879,86386.99265660023,86386.99265660023,0.0,611.4718868447528,0.0,0.0,86386.99265660023,117575.13416313479,118186.60604997953,46099.49347553456,2911.567416666667,11127.67977778054,9013.420620002238,10800.0,10800.0,0
2025-06-24,M5,90807.72642792566,0.0,1798.1057445163003,92605.83217244194,92605.83217244194,0.0,1160.7759500068241,0.0,0.0,92605.83217244194,120336.6738126982,121497.44976270502,42344.55510025255,169.28284999999983,14288.524012907807,11573.704450455323,10800.0,10800.0,0
2025-06-25,M5,89215.20082374346,0.0,2194.1626615206033,91409.36348526407,91409.36348526407,0.0,1679.7674304311283,0.0,0.0,91409.36348526407,120694.79342589149,122374.56085632263,49031.71226456663,800.7482833333332,11077.257588189517,8972.578646433507,10800.0,10800.0,0
2025-06-26,M5,86707.00023802079,0.0,1798.503290956494,88505.50352897722,88505.50352897722,0.0,1689.12254177304,0.0,0.0,88505.50352897722,119196.45082984166,120885.5733716147,48828.48775230716,2360.387766666666,11312.179048987015,9162.865029679477,10800.0,10800.0,0
2025-06-27,M5,36442.38643080529,0.0,129.25156398677188,36571.63799479205,36571.63799479205,0.0,101.94974858344733,0.0,0.0,36571.63799479205,72648.416423775,72750.36617235844,31930.848332003807,19251.483671935744,9454.675272380138,7658.286970627915,10800.0,10800.0,0
2025-06-28,M5,36823.204110723746,0.0,451.34951678809045,37274.55362751184,37274.55362751184,0.0,493.62944029771745,0.0,0.0,37274.55362751184,72103.92782592459,72597.55726622231,31144.057143121958,17774.392043096504,10011.484017564078,8109.302054226901,10800.0,10800.0,0
2025-06-29,M5,85595.85401793421,0.0,2743.3648795885706,88339.21889752273,88339.21889752273,0.0,2105.4787300967537,0.0,0.0,88339.21889752273,116876.94268469933,118982.42141479609,46828.36040666835,717.1196185185186,11416.699243557396,9247.52638728149,10800.0,10800.0,0
2025-06-30,M5,87780.82501264244,0.0,542.2507424591474,88323.07575510158,88323.07575510158,0.0,360.7102875696597,0.0,0.0,88323.07575510158,119789.40641953574,120150.1167071054,47034.66565481691,1232.4866499999998,10554.107468184986,8548.827049229834,10800.0,10800.0,0
2025-07-01,M5,94218.58747025783,0.0,12215.243119010316,106433.8305892681,106433.8305892681,0.0,7957.048680612777,0.0,0.0,106433.8305892681,118391.36707399912,126348.4157546119,43913.87155245661,1427.8355666666666,11264.02422186991,9123.859619714634,10800.0,10800.0,0
2025-07-02,M5,93805.67453518481,0.0,8831.146311540408,102636.82084672523,102636.82084672523,0.0,5988.608871889171,0.0,0.0,102636.82084672523,119284.26606544391,125272.87493733308,46683.40430702813,3829.134270043716,9766.157861024049,7910.58786742948,10800.0,10800.0,0
2025-07-03,M5,103127.7766634078,0.0,5995.389597732017,109123.16626113975,109123.16626113975,0.0,4106.938552497462,0.0,0.0,109123.16626113975,126923.2273511765,131030.16590367394,47732.06048937744,1419.4657499999998,11148.530162964033,9030.30943200086,10800.0,10800.0,0
2025-07-04,M5,45210.32725368349,0.0,2919.639381884898,48129.966635568366,48129.966635568366,0.0,3885.474115582716,0.0,0.0,48129.966635568366,77149.6072159064,81035.08133148913,30800.538366763056,19490.62974416756,9805.50396785184,7942.458213959988,10800.0,10800.0,0
2025-07-05,M5,46038.569539276694,0.0,731.929065027669,46770.49860430435,46770.49860430435,0.0,632.4688111605436,0.0,0.0,46770.49860430435,79054.71923925477,79687.18805041532,28731.68960779428,20047.861586683735,11145.036259319146,9027.479370048506,10800.0,10800.0,0
2025-07-06,M5,105358.35009414345,0.0,2926.2643362783565,108284.61443042182,108284.61443042182,0.0,2203.125651783367,0.0,0.0,108284.61443042182,130096.41158315685,132299.53723494022,48154.6141183194,2184.784543029735,11400.82643995303,9234.669416361961,10800.0,10800.0,0
2025-07-07,M5,106625.29592323385,0.0,99.89961613266594,106725.19553936653,106725.19553936653,0.0,57.16149229598909,0.0,0.0,106725.19553936653,133874.5583647453,133931.7198570413,55621.468167968036,3302.6956499999997,8410.91196003465,6812.83868762807,10800.0,10800.0,0
2025-07-08,M5,112745.8499465857,0.0,0.0,112745.8499465857,112745.8499465857,0.0,0.0,0.0,0.0,112745.8499465857,141264.9376839979,141264.9376839979,58936.89618425268,5004.33177160494,9222.751113018992,7470.4284015453795,10800.0,10800.0,0
2025-07-09,M5,107946.14162254623,0.0,0.0,107946.14162254623,107946.14162254623,0.0,0.0,0.0,0.0,107946.14162254623,136118.31263196818,136118.31263196818,56731.094663298056,3662.687195933743,8767.398716156444,7101.592960086724,10800.0,10800.0,0
2025-07-10,M5,103044.57090132732,0.0,0.0,103044.57090132732,103044.57090132732,0.0,0.0,0.0,0.0,103044.57090132732,129762.34291599871,129762.34291599871,49838.64455190628,5294.931683333333,9342.859460135634,7567.716162709864,10800.0,10800.0,0
2025-07-11,M5,49882.395921061514,0.0,0.0,49882.395921061514,49882.395921061514,0.0,0.0,0.0,0.0,49882.395921061514,83290.6497292194,83290.6497292194,32865.826671170944,15826.805293723337,10943.371654342744,8864.131040017628,10800.0,10800.0,0
2025-07-12,M5,47277.94060148599,0.0,1576.4645705290707,48854.40517201506,48854.40517201506,0.0,2389.8957223468155,0.0,0.0,48854.40517201506,80051.94720875642,82441.84293110324,31670.221648669147,17505.851675295635,11481.71723055327,9300.190956748145,10800.0,10800.0,0
2025-07-13,M5,96175.72737205676,0.0,531.7304609215704,96707.45783297841,96707.45783297841,0.0,305.7236242585948,0.0,0.0,96707.45783297841,125338.91451419645,125644.63813845508,47168.64777474967,7339.058333333333,9837.955949326668,7968.744318954603,10800.0,10800.0,0
2025-07-14,M5,93741.34842295408,0.0,1671.4556720594749,95412.80409501356,95412.80409501356,0.0,1032.4418381627916,0.0,0.0,95412.80409501356,120972.45070875136,122004.89254691417,43987.40478383307,4315.321308436214,9970.985463043166,8076.498225064961,10800.0,10800.0,0
2025-07-15,M5,100437.49849190161,0.0,0.0,100437.49849190161,100437.49849190161,0.0,0.0,0.0,0.0,100437.49849190161,128711.2368066172,128711.2368066172,51321.05257509817,2821.120383333334,9579.017183433476,7759.003918581111,10800.0,10800.0,0
2025-07-16,M5,99138.31268238273,0.0,0.0,99138.31268238273,99138.31268238273,0.0,0.0,0.0,0.0,99138.31268238273,125754.67767798013,125754.67767798013,47070.52754174178,4613.976883333333,10187.420366166843,8251.810496595144,10800.0,10800.0,0
2025-07-17,M5,95934.37303330492,0.0,803.1278304161472,96737.50086372111,96737.50086372111,0.0,584.3748947627187,0.0,0.0,96737.50086372111,123378.08339945076,123962.45829421346,44562.274855048934,4458.941432276545,11688.557580112149,9467.731639890837,10800.0,10800.0,0
2025-07-18,M5,48223.900068264615,0.0,0.0,48223.900068264615,48223.900068264615,0.0,0.0,0.0,0.0,48223.900068264615,82425.22081119621,82425.22081119621,33511.679883712364,15776.603886982615,9803.626002638104,7940.937062136869,10800.0,10800.0,0
2025-07-19,M5,47942.448662146344,0.0,62.56272346430013,48005.01138561065,48005.01138561065,0.0,43.802051596424235,0.0,0.0,48005.01138561065,83701.19360300302,83744.99565459944,33404.366917276275,20871.67143083523,12032.306613094315,9746.168356606391,10800.0,10800.0,0
2025-07-20,M5,97405.23923474691,0.0,147.15646573538254,97552.39570048236,97552.39570048236,0.0,84.58802424102305,0.0,0.0,97552.39570048236,125670.78262640131,125755.37065064233,48090.58135726597,3566.798597119342,10568.486734686081,8560.474255095723,10800.0,10800.0,0
2025-07-21,M5,99072.8941523954,0.0,80.28907189106877,99153.18322428648,99153.18322428648,0.0,60.18755661156058,0.0,0.0,99153.18322428648,126152.28250450152,126212.47006111307,46705.13421374,3393.174032166876,11181.118237927421,9056.705772721209,10800.0,10800.0,0
2025-07-22,M5,97678.60904128234,0.0,5082.454434999027,102761.06347628142,102761.06347628142,0.0,4325.610264638037,0.0,0.0,102761.06347628142,124752.01726696557,129077.62753160362,49851.70859086947,3336.3036,11023.530126670943,8929.05940260347,10800.0,10800.0,0
2025-07-23,M5,99450.76173634565,0.0,332.464034906065,99783.22577125177,99783.22577125177,0.0,192.22514088146295,0.0,0.0,99783.22577125177,127622.29713371821,127814.52227459967,47195.315394195335,4168.529750000001,11758.579019672006,9524.44900593432,10800.0,10800.0,0
2025-07-24,M5,98855.2132831462,0.0,976.4445428152994,99831.65782596146,99831.65782596146,0.0,577.5552684442918,0.0,0.0,99831.65782596146,126430.60573723377,127008.16100567805,47784.213886312464,3618.611,10467.705891397809,8478.841772032229,10800.0,10800.0,0
2025-07-25,M5,45226.34527979413,0.0,897.3546509861327,46123.69993078024,46123.69993078024,0.0,1557.7574862928666,0.0,0.0,46123.69993078024,78505.44372880855,80063.2012151014,32428.9933851043,19363.422992509044,9291.922478007356,7526.45720718596,10800.0,10800.0,0
2025-07-26,M5,47028.68605792055,0.0,213.57610392521593,47242.26216184577,47242.26216184577,0.0,164.78041301926316,0.0,0.0,47242.26216184577,80586.35078110066,80751.13119411992,32434.40929398787,17867.282975614504,10422.880830794204,8442.533472943309,10800.0,10800.0,0
2025-07-27,M5,96479.51367049759,0.0,1405.2613461969797,97884.77501669458,97884.77501669458,0.0,914.6794511831016,0.0,0.0,97884.77501669458,123849.27912729698,124763.95857848009,44522.00687612554,4108.042866666668,12887.994924673,10439.275888985125,10800.0,10800.0,0
2025-07-28,M5,100224.4026636435,0.0,286.44948299631085,100510.8521466398,100510.8521466398,0.0,173.83859816459164,0.0,0.0,100510.8521466398,126638.8325253192,126812.6711234838,45674.264504423605,940.5432166666667,11805.190363474594,9562.204194414418,10800.0,10800.0,0
2025-07-29,M5,100174.92322653598,0.0,2087.875813379587,102262.79903991548,102262.79903991548,0.0,1657.183122601658,0.0,0.0,102262.79903991548,127547.79674771437,129204.97987031603,49653.90219263214,1300.1881500000002,11482.334619388908,9300.691041705013,10800.0,10800.0,0
2025-07-30,M5,98776.73596782643,0.0,3088.8065185866294,101865.54248641303,101865.54248641303,0.0,2219.987859865295,0.0,0.0,101865.54248641303,124823.32659670588,127043.31445657118,47018.453823270494,3966.686749382716,10289.051757462923,8334.131923544966,10800.0,10800.0,0
2025-07-31,M5,97779.1245731053,0.0,932.5525584852517,98711.67713159061,98711.67713159061,0.0,691.7327591391269,0.0,0.0,98711.67713159061,125198.76861418133,125890.50137332045,46068.58218961356,2735.647815862644,12585.658427250457,10194.383326072872,10800.0,10800.0,0
2025-08-01,M5,44844.27330089572,0.0,940.5459852555076,45784.81928615123,45784.81928615123,0.0,651.0521457000555,0.0,0.0,45784.81928615123,78384.86725125767,79035.91939695773,31059.116436187003,24899.159575139252,9612.019573498981,7785.735854534181,10800.0,10800.0,0
2025-08-02,M5,44257.03532572118,0.0,0.0,44257.03532572118,44257.03532572118,0.0,0.0,0.0,0.0,44257.03532572118,78997.4326424925,78997.4326424925,32168.411357021032,24035.081169547324,9825.869382056877,7958.95419946607,10800.0,10800.0,0
2025-08-03,M5,87426.4698089234,0.0,239.08117107346797,87665.55097999687,87665.55097999687,0.0,150.32634382731686,0.0,0.0,87665.55097999687,117120.69662755399,117271.0229713813,43007.76409598619,9544.077433333332,9893.165572254959,8013.464113526514,10800.0,10800.0,0
2025-08-04,M5,87908.21263570107,0.0,759.319994324281,88667.53263002532,88667.53263002532,0.0,651.6985807622382,0.0,0.0,88667.53263002532,116242.62997268139,116894.32855344361,42611.27437840818,7171.120746221569,8927.780765687054,7231.502420206509,10800.0,10800.0,0
2025-08-05,M5,87615.49221449187,0.0,644.564033159405,88260.05624765127,88260.05624765127,0.0,695.9441583963853,0.0,0.0,88260.05624765127,116209.20313534615,116905.14729374256,43151.47976503713,6558.245801294733,10753.221021459687,8710.10902738234,10800.0,10800.0,0
2025-08-06,M5,90672.57891736375,0.0,83.18082411220185,90755.75974147595,90755.75974147595,0.0,64.37492258505205,0.0,0.0,90755.75974147595,117975.97665190864,118040.35157449369,42171.041614405505,5794.707741934898,10316.857639403226,8356.65468791661,10800.0,10800.0,0
2025-08-07,M5,90347.47088491631,0.0,693.1888273654234,91040.6597122817,91040.6597122817,0.0,437.7860006621685,0.0,0.0,91040.6597122817,120177.16586424595,120614.9518649081,45605.367872109455,9751.757833333331,9841.267944554376,7971.427035089042,10800.0,10800.0,0
2025-08-08,M5,40245.08303461845,0.0,0.0,40245.08303461845,40245.08303461845,0.0,0.0,0.0,0.0,40245.08303461845,68227.60467380311,68227.60467380311,21876.547992445958,28375.164568930042,11582.741381195287,9382.02051876818,10800.0,10800.0,0
2025-08-09,M5,40902.07738559152,0.0,0.0,40902.07738559152,40902.07738559152,0.0,0.0,0.0,0.0,40902.07738559152,68633.7478882215,68633.7478882215,22346.855449681112,25199.30671255144,11398.193294678651,9232.536568689706,10800.0,10800.0,0
2025-08-10,M5,87543.8610861085,0.0,89.99741442942076,87633.85850053791,87633.85850053791,0.0,51.8142885427751,0.0,0.0,87633.85850053791,115428.09408702792,115479.9083755707,41837.85703597644,6321.95966214231,10607.750670799753,8592.278043347802,10800.0,10800.0,0
2025-08-11,M5,86839.06932952694,0.0,502.8723127001196,87341.94164222706,87341.94164222706,0.0,345.0425954232177,0.0,0.0,87341.94164222706,115928.17281595324,116273.21541137644,41965.07130572096,7646.629562371407,11054.00636816194,8953.745158211168,10800.0,10800.0,0
2025-08-12,M5,89359.93096812017,0.0,1080.8431470276216,90440.77411514777,90440.77411514777,0.0,753.0448883536124,0.0,0.0,90440.77411514777,117772.52426582613,118525.56915417973,42502.945806983815,6179.305308688684,10961.970465827539,8879.196077320306,10800.0,10800.0,0
2025-08-13,M5,88118.0124860474,0.0,1845.3138427667968,89963.32632881423,89963.32632881423,0.0,1505.6783705593289,0.0,0.0,89963.32632881423,116769.94028840309,118275.61865896243,44456.20932825474,5649.678100938625,10782.90410404768,8734.15232427862,10800.0,10800.0,0
2025-08-14,M5,87721.87988073284,0.0,1501.8649763122476,89223.74485704514,89223.74485704514,0.0,1403.7973279616588,0.0,0.0,89223.74485704514,115872.27491510217,117276.07224306381,42264.65891107205,6833.3784,11851.28394030753,9599.5399916491,10800.0,10800.0,0
2025-08-15,M5,41934.61443935907,0.0,340.6932105115862,42275.30764987065,42275.30764987065,0.0,229.5897665516526,0.0,0.0,42275.30764987065,73076.14978535759,73305.73955190924,26571.83391076522,27405.317320576127,11415.06019597135,9246.198758736793,10800.0,10800.0,0
2025-08-16,M5,41540.060303768965,0.0,544.1996103445484,42084.2599141135,42084.2599141135,0.0,371.60395674844153,0.0,0.0,42084.2599141135,71203.14789529992,71574.75185204836,24598.821918580914,27801.283511522633,11817.716080411261,9572.350025133122,10800.0,10800.0,0
2025-08-17,M5,87786.34524928645,0.0,0.0,87786.34524928645,87786.34524928645,0.0,0.0,0.0,0.0,87786.34524928645,116983.54591097994,116983.54591097994,42654.00942269362,9178.850287243953,10448.908338819481,8463.615754443785,10800.0,10800.0,0
2025-08-18,M5,87352.57717351761,0.0,822.9304384085817,88175.50761192625,88175.50761192625,0.0,751.1780357215579,0.0,0.0,88175.50761192625,115750.79435298874,116501.9723887103,42390.94854510001,7603.98098916972,11120.669672494232,9007.742434720329,10800.0,10800.0,0
2025-08-19,M5,88250.35513120233,0.0,567.8060832830632,88818.16121448537,88818.16121448537,0.0,410.40272865136467,0.0,0.0,88818.16121448537,116520.61949016,116931.02221881137,42623.080660526684,8099.230365134007,9952.900753424614,8061.849610273937,10800.0,10800.0,0
2025-08-20,M5,91278.01351932021,0.0,148.2610517998797,91426.27457112008,91426.27457112008,0.0,91.80852799375316,0.0,0.0,91426.27457112008,118731.49053318851,118823.29906118228,42082.02047561595,3745.670803886297,12341.666921122962,9996.750206109607,10800.0,10800.0,0
2025-08-21,M5,90754.79880829093,0.0,658.572522090078,91413.371330381,91413.371330381,0.0,414.4633867568008,0.0,0.0,91413.371330381,119955.46163666948,120369.92502342629,46128.28778252612,6531.2049333333325,9821.12539070265,7955.111566469144,10800.0,10800.0,0
2025-08-22,M5,41513.210688432424,0.0,690.96634477307,42204.1770332055,42204.1770332055,0.0,489.03479228808544,0.0,0.0,42204.1770332055,71724.3786279787,72213.41342026678,25002.72693368561,23870.722724485593,11102.075589976717,8992.681227881138,10800.0,10800.0,0
2025-08-23,M5,41092.7685349223,0.0,419.18148861290774,41511.95002353521,41511.95002353521,0.0,339.41857774250343,0.0,0.0,41511.95002353521,70978.11765711688,71317.53623485938,24678.082855171306,22036.387939481043,10910.838369510657,8837.779079303637,10800.0,10800.0,0
2025-08-24,M5,89297.19614026176,0.0,367.72921928099277,89664.92535954277,89664.92535954277,0.0,222.6037007670045,0.0,0.0,89664.92535954277,117505.6746474988,117728.27834826581,42048.6778251715,10009.655313599922,10191.345927163387,8254.990201002343,10800.0,10800.0,0
2025-08-25,M5,95597.78645880279,0.0,0.0,95597.78645880279,95597.78645880279,0.0,0.0,0.0,0.0,95597.78645880279,124944.14953760791,124944.14953760791,47170.08541401621,4914.73165,10980.239246973864,8893.993790048833,10800.0,10800.0,0
2025-08-26,M5,90421.88911433854,0.0,169.36192740217902,90591.25104174072,90591.25104174072,0.0,127.88077788229106,0.0,0.0,90591.25104174072,119527.26639325093,119655.14717113323,44621.02412856405,7560.846845952212,10233.988490966469,8289.530677682837,10800.0,10800.0,0
2025-08-27,M5,91470.10027089807,0.0,2407.909205565234,93878.00947646331,93878.00947646331,0.0,2450.9989873406216,0.0,0.0,93878.00947646331,119760.85941829397,122211.85840563459,45250.01109866203,6899.392581271028,11306.87294228874,9158.56708325388,10800.0,10800.0,0
2025-08-28,M5,92021.76843092643,0.0,1868.564669353525,93890.33310027997,93890.33310027997,0.0,1657.7799739351537,0.0,0.0,93890.33310027997,119615.64857309376,121273.42854702889,44338.5017361651,4113.100883333334,10810.689179984933,8756.65823578779,10800.0,10800.0,0
2025-08-29,M5,44169.70759146901,0.0,0.0,44169.70759146901,44169.70759146901,0.0,0.0,0.0,0.0,44169.70759146901,77577.4582833417,77577.4582833417,30369.025011722988,22543.34433839935,11104.571490628236,8994.702907408871,10800.0,10800.0,0
2025-08-30,M5,43406.654194256866,0.0,288.5397435802367,43695.1939378371,43695.1939378371,0.0,213.80758230631523,0.0,0.0,43695.1939378371,75269.33471581012,75483.14229811644,27858.97713826009,27269.303706182458,9695.482212318711,7853.340591978155,10800.0,10800.0,0
2025-08-31,M5,89123.59521085025,0.0,4.947976086515279,89128.54318693676,89128.54318693676,0.0,2.9397119012062376,0.0,0.0,89128.54318693676,117671.05396393267,117673.99367583389,42649.82292617455,6419.655089301634,10304.697773812482,8346.805196788113,10800.0,10800.0,0
2025-09-01,M5,82992.37989157652,0.0,0.0,82992.37989157652,82992.37989157652,0.0,0.0,0.0,0.0,82992.37989157652,121476.30948476594,121476.30948476594,58137.6470422607,8385.284016666668,7259.178381606492,5879.934489101257,10800.0,10800.0,0
2025-09-02,M5,74158.88162006302,0.0,332.49897511528826,74491.38059517831,74491.38059517831,0.0,282.3833270028087,0.0,0.0,74491.38059517831,109689.16083707739,109971.5441640802,45353.17917241686,8673.74483972416,9930.864747048352,8044.000445109164,10800.0,10800.0,0
2025-09-03,M5,75545.53809528117,0.0,861.7772763095209,76407.31537159071,76407.31537159071,0.0,620.2359953645296,0.0,0.0,76407.31537159071,108974.69253881821,109594.92853418273,44020.17749755972,8467.040557131671,8210.490681533414,6650.497452042064,10800.0,10800.0,0
2025-09-04,M5,73276.43326518156,0.0,781.2212322239703,74057.6544974055,74057.6544974055,0.0,535.3480697398041,0.0,0.0,74057.6544974055,107148.09787746814,107683.44594720795,42447.054181209496,9297.8091388285,10594.826721947135,8581.809644777175,10800.0,10800.0,0
2025-09-05,M5,32467.142072315084,0.0,0.0,32467.142072315084,32467.142072315084,0.0,0.0,0.0,0.0,32467.142072315084,62886.1902694086,62886.1902694086,25812.630035310904,28269.05377098765,10422.341033912522,8442.096237469144,10800.0,10800.0,0
2025-09-06,M5,32051.150572064234,0.0,131.65530588640416,32182.80587795064,32182.80587795064,0.0,106.63163935012824,0.0,0.0,32182.80587795064,61771.88687450243,61878.51851385256,24657.286661631824,27503.79453209876,10507.124316431458,8510.770696309479,10800.0,10800.0,0
2025-09-07,M5,67882.53709080316,0.0,4519.5732451151025,72402.11033591825,72402.11033591825,0.0,4102.038126905572,0.0,0.0,72402.11033591825,100396.28401475158,104498.32214165716,40859.90755766204,6674.945641467777,10539.396451898347,8536.91112603766,10800.0,10800.0,0
2025-09-08,M5,65615.854729528,0.0,6546.814905426474,72162.66963495448,72162.66963495448,0.0,4904.735515481021,0.0,0.0,72162.66963495448,96551.23950201884,101455.97501749986,34580.9544673616,5366.733666666667,11119.56500072769,9006.847650589423,10800.0,10800.0,0
2025-09-09,M5,67418.36367085404,0.0,4148.17780687703,71566.5414777311,71566.5414777311,0.0,3487.322808254872,0.0,0.0,71566.5414777311,99088.0570981256,102575.37990638048,36836.70958283599,10847.886968052664,9410.258362237626,7622.309273412476,10800.0,10800.0,0
2025-09-10,M5,72653.6995048791,0.0,3148.3147864086886,75802.0142912878,75802.0142912878,0.0,2278.604961510479,0.0,0.0,75802.0142912878,105076.29439106055,107354.89935257102,39623.52918250333,4213.76195,11587.418789829995,9385.809219762294,10800.0,10800.0,0
2025-09-11,M5,73499.65121819919,0.0,887.6483354219147,74387.29955362112,74387.29955362112,0.0,592.7279343287692,0.0,0.0,74387.29955362112,108330.11995834514,108922.84789267389,43038.108417538504,10463.867413449716,10130.454096591313,8205.667818238962,10800.0,10800.0,0
2025-09-12,M5,31645.271180118107,0.0,17.53944601351027,31662.810626131613,31662.810626131613,0.0,25.21011552739543,0.0,0.0,31662.810626131613,61536.735836399755,61561.94595192715,23433.042709708527,24598.360962712628,10415.189892136834,8436.303812630838,10800.0,10800.0,0
2025-09-13,M5,32405.8598575694,0.0,0.0,32405.8598575694,32405.8598575694,0.0,0.0,0.0,0.0,32405.8598575694,63199.35688329388,63199.35688329388,24991.787087846315,28206.43829753086,10494.894813596757,8500.864799013374,10800.0,10800.0,0
2025-09-14,M5,75892.88847230143,0.0,796.2925173769337,76689.18098967841,76689.18098967841,0.0,582.5504210665453,0.0,0.0,76689.18098967841,109159.20988770147,109741.760308768,42043.184576896754,5720.813750000001,9886.51174669075,8008.074514819507,10800.0,10800.0,0
2025-09-15,M5,71341.93207707781,0.0,1401.7083282970966,72743.64040537493,72743.64040537493,0.0,1025.1231818994052,0.0,0.0,72743.64040537493,103980.92208624404,105006.04526814344,37926.42906104727,10002.970708492836,10576.920343526348,8567.305478256343,10800.0,10800.0,0
2025-09-16,M5,78649.79299717759,0.0,764.2291849152201,79414.02218209277,79414.02218209277,0.0,506.83388459038736,0.0,0.0,79414.02218209277,111117.0779372234,111623.91182181379,43298.2542454903,7038.695434608075,9448.379780958352,7653.187622576264,10800.0,10800.0,0
2025-09-17,M5,77553.77450319835,0.0,87.90469017508696,77641.67919337345,77641.67919337345,0.0,56.06959983147419,0.0,0.0,77641.67919337345,110824.73630471394,110880.80590454541,42450.86508206057,6367.569883333333,11064.48704816589,8962.234509014374,10800.0,10800.0,0
2025-09-18,M5,75151.06205000365,0.0,3366.8180110859503,78517.88006108959,78517.88006108959,0.0,3289.9457489219826,0.0,0.0,78517.88006108959,108214.12834988645,111504.07409880841,43252.48387198865,7299.610133333333,10504.889351683069,8508.960374863284,10800.0,10800.0,0
2025-09-19,M5,32771.874387699565,0.0,415.3923471688549,33187.266734868404,33187.266734868404,0.0,390.60488545028335,0.0,0.0,33187.266734868404,64842.86449828376,65233.46938373404,25311.590747855487,21780.1532384363,10738.805688292548,8698.432607516965,10800.0,10800.0,0
2025-09-20,M5,32044.104777866567,0.0,629.0074442953668,32673.112222161944,32673.112222161944,0.0,1568.4409195064056,0.0,0.0,32673.112222161944,63994.99236699572,65563.43328650211,25843.045689884264,21859.669061184995,11659.393695260658,9444.10889316113,10800.0,10800.0,0
2025-09-21,M5,79984.64513308501,0.0,321.00481959974104,80305.64995268473,80305.64995268473,0.0,355.73974158994235,0.0,0.0,80305.64995268473,113350.4672850892,113706.20702667913,46873.011945608916,6899.7474,8662.948409141507,7016.988211404617,10800.0,10800.0,0
2025-09-22,M5,80751.66765194768,0.0,200.37968333840013,80952.04733528612,80952.04733528612,0.0,130.2662419973717,0.0,0.0,80952.04733528612,113408.14858065662,113538.41482265398,44228.79457825457,6774.031555440679,10113.520029607409,8191.951223982001,10800.0,10800.0,0
2025-09-23,M5,81829.71812507806,0.0,0.0,81829.71812507806,81829.71812507806,0.0,0.0,0.0,0.0,81829.71812507806,114499.7913967846,114499.7913967846,44022.937657209724,6471.226012814428,9942.169175932208,8053.15703250509,10800.0,10800.0,0
2025-09-24,M5,78868.17434166807,0.0,1039.9653934640726,79908.13973513214,79908.13973513214,0.0,1096.3342430740095,0.0,0.0,79908.13973513214,111368.8625733623,112465.1968164363,43360.073395605155,5997.853948145908,10758.128277290807,8714.083904605557,10800.0,10800.0,0
2025-09-25,M5,80165.18917425402,0.0,841.4350295674816,81006.6242038215,81006.6242038215,0.0,798.0395715746395,0.0,0.0,81006.6242038215,112932.9152312931,113730.95480286774,44460.953846274344,7230.242042182816,8970.05270742411,7265.742693013532,10800.0,10800.0,0
2025-09-26,M5,34021.726239767195,0.0,0.0,34021.726239767195,34021.726239767195,0.0,0.0,0.0,0.0,34021.726239767195,69244.6812413945,69244.6812413945,28658.128660552913,20790.49238486556,11062.19313671596,8960.37644073993,10800.0,10800.0,0
2025-09-27,M5,33718.107451277174,0.0,1137.23277648498,34855.34022776213,34855.34022776213,0.0,2203.9482455356015,0.0,0.0,34855.34022776213,65707.65731067833,67911.60555621394,26439.12027099643,21334.605863376943,12297.774588634496,9961.197416793939,10800.0,10800.0,0
2025-09-28,M5,82250.6381172996,0.0,2700.234355405336,84950.87247270493,84950.87247270493,0.0,2818.8258427433693,0.0,0.0,84950.87247270493,114187.33638936019,117006.16223210357,46609.46559120832,4863.795766666665,10764.587934536394,8719.316226974483,10800.0,10800.0,0
2025-09-29,M5,83294.44428947844,0.0,48.31099686027518,83342.75528633874,83342.75528633874,0.0,31.742207731446,0.0,0.0,83342.75528633874,115568.27812375627,115600.02033148773,45006.769447384795,5929.757736714713,10018.95551256954,8115.353965181328,10800.0,10800.0,0
2025-09-30,M5,84065.49924123561,0.0,346.2326903080623,84411.73193154365,84411.73193154365,0.0,245.9613340160094,0.0,0.0,84411.73193154365,116234.45505228337,116480.41638629939,43893.03492009337,5079.2013333333325,10978.975611610636,8892.970245404616,10800.0,10800.0,0
2025-10-01,M5,77946.61384020337,0.0,0.0,77946.61384020337,77946.61384020337,0.0,0.0,0.0,0.0,77946.61384020337,115293.02531059855,115293.02531059855,51444.501546761334,12858.872516666668,6990.156388616995,5662.026674779768,10800.0,10800.0,0
2025-10-02,M5,75704.03156571281,0.0,310.99271431691807,76015.02428002976,76015.02428002976,0.0,211.30661391191347,0.0,0.0,76015.02428002976,111578.41695776551,111789.72357167743,47360.59450998489,11019.3171,8836.993921188814,7157.965076162942,10800.0,10800.0,0
2025-10-03,M5,29035.778947422536,0.0,261.30901469063554,29297.08796211317,29297.08796211317,0.0,245.15711699945547,0.0,0.0,29297.08796211317,60324.162278482545,60569.319395482,24485.53161028992,26342.373092286885,10127.689436343131,8203.42844343794,10800.0,10800.0,0
2025-10-04,M5,31843.39530042309,0.0,332.1470124353407,32175.542312858437,32175.542312858437,0.0,292.92593830344646,0.0,0.0,32175.542312858437,65095.84038985056,65388.766328154,27558.742394517845,22632.28387417114,11061.88224279835,8960.124616666666,10800.0,10800.0,0
2025-10-05,M5,74544.2410204506,0.0,799.2611517197519,75343.50217217038,75343.50217217038,0.0,566.1957352248587,0.0,0.0,75343.50217217038,109433.94773513768,110000.14347036254,44323.70046915708,9266.327583333332,8811.338690555125,7137.184339349651,10800.0,10800.0,0
2025-10-06,M5,72971.33143378909,0.0,1822.2424201820288,74793.57385397107,74793.57385397107,0.0,1688.5506932588557,0.0,0.0,74793.57385397107,105039.11697227244,106727.6676655313,40449.557726842584,6736.002349999999,9521.043887835356,7712.045549146643,10800.0,10800.0,0
2025-10-07,M5,73506.77250689198,0.0,1364.1415395815054,74870.91404647348,74870.91404647348,0.0,1012.99809024661,0.0,0.0,74870.91404647348,106762.8204318266,107775.81852207321,41200.520979921814,6874.153893592644,10155.687623993483,8226.106975434723,10800.0,10800.0,0
2025-10-08,M5,70408.55595008502,0.0,1110.9447435440827,71519.50069362904,71519.50069362904,0.0,781.9373586876944,0.0,0.0,71519.50069362904,103537.85118525605,104319.78854394374,37984.99514218726,7641.169766666666,11658.5682548587,9443.440286435549,10800.0,10800.0,0
2025-10-09,M5,72693.29999538488,0.0,659.0780210358791,73352.37801642077,73352.37801642077,0.0,455.943996688834,0.0,0.0,73352.37801642077,106918.81025440642,107374.75425109525,40087.53406030344,9475.685283333332,10797.648548027097,8746.09532390195,10800.0,10800.0,0
2025-10-10,M5,29711.484478858365,0.0,631.8062827776062,30343.290761635955,30343.290761635955,0.0,574.6624131919168,0.0,0.0,30343.290761635955,62015.30120346382,62589.96361665575,23882.74443605552,27323.66416599587,10736.547883882564,8696.603785944879,10800.0,10800.0,0
2025-10-11,M5,31164.25063561889,0.0,204.37461674724327,31368.625252366128,31368.625252366128,0.0,217.50451914859502,0.0,0.0,31368.625252366128,63503.23053393642,63720.73505308501,24917.89952619296,22641.06912856103,10818.17271051415,8762.719895516464,10800.0,10800.0,0
2025-10-12,M5,74915.342972991,0.0,184.8813579347487,75100.22433092573,75100.22433092573,0.0,141.39798510654984,0.0,0.0,75100.22433092573,108868.82572865965,109010.2237137662,41608.61158363035,6840.307772365389,10770.25460230065,8723.906227863525,10800.0,10800.0,0
2025-10-13,M5,76639.68625025722,0.0,6.124343568147078,76645.81059382536,76645.81059382536,0.0,3.398448237138382,0.0,0.0,76645.81059382536,111569.36117199756,111572.7596202347,44166.94644266649,8354.545232553102,10651.96128955327,8628.088644538151,10800.0,10800.0,0
2025-10-14,M5,77985.59644378307,0.0,3.9494998846024267,77989.54594366766,77989.54594366766,0.0,2.0886878653564054,0.0,0.0,77989.54594366766,112211.14989711095,112213.23858497631,43216.893255154224,6200.653083333333,10641.384016607515,8619.521053452088,10800.0,10800.0,0
2025-10-15,M5,78544.95621222543,0.0,0.0,78544.95621222543,78544.95621222543,0.0,0.0,0.0,0.0,78544.95621222543,112885.76412950424,112885.76412950424,43902.1616948936,5038.38875,10658.894919003389,8633.70488439274,10800.0,10800.0,0
2025-10-16,M5,79821.37324758215,0.0,31.83455179947727,79853.20779938162,79853.20779938162,0.0,18.53821445659935,0.0,0.0,79853.20779938162,112784.56402878002,112803.10224323662,42086.472018885484,5667.530279556118,10961.194709447369,8878.567714652369,10800.0,10800.0,0
2025-10-17,M5,32257.459371430636,0.0,137.23823702990757,32394.69760846054,32394.69760846054,0.0,189.92541057826696,0.0,0.0,32394.69760846054,66164.77210050105,66354.69751107931,27146.491306582466,21041.881512092932,11379.607240722382,9217.48186498513,10800.0,10800.0,0
2025-10-18,M5,32904.50755796978,0.0,119.3348400983532,33023.842398068125,33023.842398068125,0.0,214.69640228732163,0.0,0.0,33023.842398068125,69192.31163077353,69407.00803306086,29729.995475428725,21614.231672125687,10453.619046525186,8467.431427685398,10800.0,10800.0,0
2025-10-19,M5,81323.80615539927,0.0,0.0,81323.80615539927,81323.80615539927,0.0,0.0,0.0,0.0,81323.80615539927,114578.88969041721,114578.88969041721,42585.47015457731,5854.580566666667,11858.507557052148,9605.391121212237,10800.0,10800.0,0
2025-10-20,M5,82847.31345875206,0.0,0.0,82847.31345875206,82847.31345875206,0.0,0.0,0.0,0.0,82847.31345875206,116779.48249044508,116779.48249044508,45451.7848875394,4683.062366666666,11599.225629328033,9395.372759755708,10800.0,10800.0,0
2025-10-21,M5,83801.04921352764,0.0,337.2760556545918,84138.32526918223,84138.32526918223,0.0,236.3890526329401,0.0,0.0,84138.32526918223,116583.92919222297,116820.31824485592,45303.979934186806,2984.4141592366914,10891.277902275891,8821.935100843471,10800.0,10800.0,0
2025-10-22,M5,83415.26606825495,0.0,31.64887857948927,83446.91494683444,83446.91494683444,0.0,21.50529310757554,0.0,0.0,83446.91494683444,116384.28130047882,116405.78659358638,44324.6644268557,4347.2571333333335,11468.254386301902,9289.286052904547,10800.0,10800.0,0
2025-10-23,M5,85517.07934686115,0.0,0.0,85517.07934686115,85517.07934686115,0.0,0.0,0.0,0.0,85517.07934686115,120420.19487427705,120420.19487427705,49573.70993524447,5580.9899000000005,9926.305293153924,8040.307287454678,10800.0,10800.0,0
2025-10-24,M5,34428.903684807854,0.0,337.37799667688654,34766.28168148476,34766.28168148476,0.0,376.9310634090912,0.0,0.0,34766.28168148476,70658.67685498351,71035.6079183926,29500.277091357384,21001.13827126856,11127.062311052621,9012.920471952624,10800.0,10800.0,0
2025-10-25,M5,33913.15912844206,0.0,231.40827893535226,34144.56740737741,34144.56740737741,0.0,213.18884787126643,0.0,0.0,34144.56740737741,70900.16862497004,71113.35747284131,29526.16475888439,20137.24858621548,10797.428391621565,8745.916997213466,10800.0,10800.0,0
2025-10-26,M5,84592.040229287,0.0,192.85656149077025,84784.8967907778,84784.8967907778,0.0,137.57064047929038,0.0,0.0,84784.8967907778,118086.11467702728,118223.68531750656,47285.53778141855,4543.223833333333,9740.061505726426,7889.449819638403,10800.0,10800.0,0
2025-10-27,M5,82595.9409472097,0.0,1138.583373994902,83734.52432120462,83734.52432120462,0.0,1115.690048065143,0.0,0.0,83734.52432120462,115832.85364546845,116948.5436935336,44899.09796070916,6556.165666666666,10214.202102584833,8273.503703093716,10800.0,10800.0,0
2025-10-28,M5,84201.09310778696,0.0,0.0,84201.09310778696,84201.09310778696,0.0,0.0,0.0,0.0,84201.09310778696,116750.58273866173,116750.58273866173,44883.08711139594,3908.8441537010126,10453.840913498956,8467.611139934159,10800.0,10800.0,0
2025-10-29,M5,87149.2418010017,0.0,449.03810375529673,87598.279904757,87598.279904757,0.0,296.5951814239313,0.0,0.0,87598.279904757,119084.18025143642,119380.77543286035,45511.75524924369,2465.0818,11008.850440087677,8917.168856471017,10800.0,10800.0,0
2025-10-30,M5,85450.81916336625,0.0,60.167273581841236,85510.9864369481,85510.9864369481,0.0,46.85542146686794,0.0,0.0,85510.9864369481,117765.77532259248,117812.63074405935,45974.36152697432,5131.162313354394,10101.522388056033,8182.233134325392,10800.0,10800.0,0
2025-10-31,M5,36905.642341589184,0.0,30.43197308345138,36936.07431467264,36936.07431467264,0.0,25.716793192946966,0.0,0.0,36936.07431467264,73958.99376617235,73984.7105593653,31869.948828825654,16415.181265020576,9448.886309749465,7653.597910897067,10800.0,10800.0,0
2025-11-01,M5,36123.31832765689,0.0,58.41647976525328,36181.73480742215,36181.73480742215,0.0,54.77511345517195,0.0,0.0,36181.73480742215,73934.53161752933,73989.3067309845,31984.422175072104,17631.689577366255,9627.139711646378,7797.983166433566,10800.0,10800.0,0
2025-11-02,M5,87644.37544507293,0.0,744.9868381704772,88389.36228324339,88389.36228324339,0.0,845.2372409023068,0.0,0.0,88389.36228324339,120082.53209777414,120927.76933867644,46813.57809647404,3159.8597666666665,11357.618643170585,9199.671100968168,10800.0,10800.0,0
2025-11-03,M5,89922.30881726407,0.0,37.077196621401356,89959.38601388547,89959.38601388547,0.0,28.571756977038262,0.0,0.0,89959.38601388547,122174.98993753718,122203.56169451424,48625.22368782973,2183.6590833333325,9946.045473778111,8056.296833760272,10800.0,10800.0,0
2025-11-04,M5,87992.38397060009,0.0,171.83508856634455,88164.21905916643,88164.21905916643,0.0,188.45417470702273,0.0,0.0,88164.21905916643,119993.45619268768,120181.91036739471,46561.95578869278,4042.244583333333,10513.884010711943,8516.246048676672,10800.0,10800.0,0
2025-11-05,M5,90764.01657654501,0.0,114.48660872712418,90878.50318527207,90878.50318527207,0.0,77.16639220362038,0.0,0.0,90878.50318527207,122281.82328711152,122358.98967931513,47801.41061252479,2844.725566666666,10709.649649773766,8674.81621631675,10800.0,10800.0,0
2025-11-06,M5,89660.08699778805,0.0,1650.2016261851602,91310.2886239732,91310.2886239732,0.0,1203.2577041613758,0.0,0.0,91310.2886239732,120484.94926777383,121688.2069719352,46180.275451144225,1890.2772833333336,11831.945723461296,9583.876036003649,10800.0,10800.0,0
2025-11-07,M5,38127.739070857184,0.0,457.0509986860853,38584.79006954327,38584.79006954327,0.0,852.1582736134458,0.0,0.0,38584.79006954327,76342.55823621324,77194.71650982669,34785.835101827994,17294.55645823045,9451.91140228901,7656.048235854096,10800.0,10800.0,0
2025-11-08,M5,38854.85263475619,0.0,0.0,38854.85263475619,38854.85263475619,0.0,0.0,0.0,0.0,38854.85263475619,77059.41418049799,77059.41418049799,35125.34598120655,16544.61977860082,8411.796424687465,6813.555103996848,10800.0,10800.0,0
2025-11-09,M5,91015.1086815213,0.0,0.0,91015.1086815213,91015.1086815213,0.0,0.0,0.0,0.0,91015.1086815213,122573.34284907882,122573.34284907882,46711.707579199516,2405.1450999999997,11103.542034452557,8993.869047906574,10800.0,10800.0,0
2025-11-10,M5,92483.86238169215,0.0,1592.0489961095163,94075.91137780166,94075.91137780166,0.0,1245.554009478636,0.0,0.0,94075.91137780166,122860.85035741387,124106.4043668925,46984.26671144261,1133.2048333333332,11213.103800613546,9082.614078496972,10800.0,10800.0,0
2025-11-11,M5,92646.59175192314,0.0,166.42033696160505,92813.01208888475,92813.01208888475,0.0,113.6773571498926,0.0,0.0,92813.01208888475,123810.77734726056,123924.45470441047,47815.63954739779,2539.3554666666664,10581.263282522777,8570.823258843448,10800.0,10800.0,0
2025-11-12,M5,91633.38469129769,0.0,1219.7377789801205,92853.1224702778,92853.1224702778,0.0,911.3898699554745,0.0,0.0,92853.1224702778,123272.30636076807,124183.69623072354,48235.920611967886,2931.354916666666,10844.383958363145,8783.95100627415,10800.0,10800.0,0
2025-11-13,M5,92327.06362165796,0.0,576.0342898505334,92903.0979115085,92903.0979115085,0.0,476.72225746182505,0.0,0.0,92903.0979115085,122281.14346888135,122757.86572634315,46957.15137289972,1471.0862666666658,10177.667211105872,8243.910440995762,10800.0,10800.0,0
2025-11-14,M5,38939.65800990328,0.0,221.2829091290128,39160.940919032284,39160.940919032284,0.0,190.92747882962237,0.0,0.0,39160.940919032284,77043.20245491964,77234.12993374927,34443.642418322226,13522.607208641977,8786.447404131948,7117.02239734688,10800.0,10800.0,0
2025-11-15,M5,40409.02891855691,0.0,311.5680681126083,40720.59698666952,40720.59698666952,0.0,277.86057376918166,0.0,0.0,40720.59698666952,79323.55758319449,79601.41815696367,36710.672665549355,13069.319936625514,8471.255990116495,6861.717351994365,10800.0,10800.0,0
2025-11-16,M5,94293.07881849643,0.0,1040.5918419719687,95333.67066046842,95333.67066046842,0.0,754.0657538296206,0.0,0.0,95333.67066046842,124719.87480883003,125473.94056265966,47164.24100542965,1789.1757666666663,10978.838985421122,8892.85957819111,10800.0,10800.0,0
2025-11-17,M5,93753.46242660948,0.0,1788.3486882085308,95541.81111481802,95541.81111481802,0.0,1658.2540933121943,0.0,0.0,95541.81111481802,124509.69371905203,126167.9478123642,49485.919781795514,1986.0927333333334,10527.268231063345,8527.087267161307,10800.0,10800.0,0
2025-11-18,M5,94756.7008819578,0.0,122.4216180138656,94879.12249997168,94879.12249997168,0.0,81.86460624264544,0.0,0.0,94879.12249997168,124401.99918162782,124483.86378787048,46982.374044110984,587.7734666666661,10648.233914523636,8625.06947076415,10800.0,10800.0,0
2025-11-19,M5,95430.87006752953,0.0,3933.7120604149873,99364.5821279445,99364.5821279445,0.0,3001.5556574415195,0.0,0.0,99364.5821279445,124479.54341224825,127481.09906968976,48617.20545471591,1404.5819666666662,11005.263412143104,8914.263363835913,10800.0,10800.0,0
2025-11-20,M5,94824.85445610725,0.0,379.8774902212642,95204.73194632851,95204.73194632851,0.0,369.8019035031297,0.0,0.0,95204.73194632851,125316.78083254583,125686.58273604895,47797.12687106885,1007.9097666666662,10991.947710421598,8903.477645441497,10800.0,10800.0,0
2025-11-21,M5,40735.80405908481,0.0,2049.714727128266,42785.51878621306,42785.51878621306,0.0,2483.2767652095285,0.0,0.0,42785.51878621306,79317.3050510505,81800.58181626,38546.96997479786,12874.391780797736,7972.821021040852,6457.985027043094,10800.0,10800.0,0
2025-11-22,M5,42655.11970414968,0.0,213.85981659788612,42868.97952074756,42868.97952074756,0.0,177.92912381638814,0.0,0.0,42868.97952074756,81856.83405652037,82034.76318033677,38380.31851996422,11918.812083644676,7977.911017865992,6462.107924471452,10800.0,10800.0,0
2025-11-23,M5,96336.66953055895,0.0,1342.9095119925425,97679.57904255147,97679.57904255147,0.0,854.4170205141916,0.0,0.0,97679.57904255147,126302.39890769887,127156.81592821307,48223.42289618202,1715.755833333333,10450.215344023065,8464.674428658682,10800.0,10800.0,0
2025-11-24,M5,95165.55202290755,0.0,39.395821706649905,95204.9478446142,95204.9478446142,0.0,31.61390146406427,0.0,0.0,95204.9478446142,125164.09712052609,125195.71102199015,47456.34524875486,1721.3181000000002,9768.9682801858,7912.864306950499,10800.0,10800.0,0
2025-11-25,M5,97959.01343375079,0.0,0.0,97959.01343375079,97959.01343375079,0.0,0.0,0.0,0.0,97959.01343375079,128878.5374673987,128878.5374673987,49720.97814987031,833.7680500000001,11342.793688745794,9187.66288788409,10800.0,10800.0,0
2025-11-26,M5,98518.37892189936,0.0,900.8553661398081,99419.23428803917,99419.23428803917,0.0,553.6175796534933,0.0,0.0,99419.23428803917,127969.10586316182,128522.7234428153,49327.71345626004,378.0993333333321,10838.125104676838,8778.881334788239,10800.0,10800.0,0
2025-11-27,M5,98036.04569751855,0.0,1091.0984926467681,99127.14419016535,99127.14419016535,0.0,825.4622639508409,0.0,0.0,99127.14419016535,127288.83518681754,128114.29745076838,49469.65283675124,901.845383333333,10325.823670265674,8363.9171729152,10800.0,10800.0,0
2025-11-28,M5,41767.45970495047,0.0,922.3143222334817,42689.77402718399,42689.77402718399,0.0,1205.5474256133143,0.0,0.0,42689.77402718399,81294.05597251793,82499.60339813126,38997.64555281635,10949.577116666665,8584.95883499078,6953.816656342533,10800.0,10800.0,0
2025-11-29,M5,45099.34288933475,0.0,455.855467707689,45555.19835704244,45555.19835704244,0.0,408.40349762264367,0.0,0.0,45555.19835704244,85089.3421637218,85497.74566134445,41611.29550044511,7427.9616000000005,8047.570846838646,6518.532385939301,10800.0,10800.0,0
2025-11-30,M5,101360.90838807468,0.0,962.5436010928845,102323.45198916754,102323.45198916754,0.0,671.6826892966553,0.0,0.0,102323.45198916754,130090.14877947513,130761.83146877178,48406.09631236519,10.70791666666662,11053.679595122478,8953.480472049208,10800.0,10800.0,0
2025-12-01,M5,108804.0222429248,0.0,7254.413774386194,116058.43601731102,116058.43601731102,0.0,4548.577016964482,0.0,0.0,116058.43601731102,131592.41237179667,136140.98938876117,47673.45938481254,41.427283333333435,11195.65782779974,9068.482840517785,10800.0,10800.0,0
2025-12-02,M5,112750.95776040234,0.0,6372.572151472077,119123.52991187436,119123.52991187436,0.0,3864.732660540093,0.0,0.0,119123.52991187436,134572.338800393,138437.07146093313,47696.520079371185,0.0,11067.060166115429,8964.318734553497,10800.0,10800.0,0
2025-12-03,M5,114992.39389505118,0.0,4425.947989352352,119418.3418844035,119418.3418844035,0.0,3056.065196808106,0.0,0.0,119418.3418844035,137483.72098057249,140539.7861773806,51402.74810446592,0.0,10390.99740130533,8416.70789505732,10800.0,10800.0,0
2025-12-04,M5,116562.57450194158,0.0,1108.4318544985697,117671.00635644014,117671.00635644014,0.0,669.2503699096292,0.0,0.0,117671.00635644014,139487.3322709023,140156.58264081192,51466.03975930867,38.74940000000015,9897.814376332804,8017.229644829571,10800.0,10800.0,0
2025-12-05,M5,51915.80466006645,0.0,1555.266823685723,53471.07148375215,53471.07148375215,0.0,1327.3980729588918,0.0,0.0,53471.07148375215,91694.09991817252,93021.49799113141,44004.66847864633,6140.6278817421635,8234.599723208374,6670.025775798784,10800.0,10800.0,0
2025-12-06,M5,54167.596076274094,0.0,1653.8762871259958,55821.4723634001,55821.4723634001,0.0,1190.9649976642208,0.0,0.0,55821.4723634001,93245.79983879803,94436.76483646227,44149.26794065365,5059.865516666667,8226.318749869886,6663.318187394607,10800.0,10800.0,0
2025-12-07,M5,120529.97407565931,0.0,0.0,120529.97407565931,120529.97407565931,0.0,0.0,0.0,0.0,120529.97407565931,144013.2980486223,144013.2980486223,54335.70613151911,12.572583333333341,10591.253072472799,8578.914988702962,10800.0,10800.0,0
2025-12-08,M5,123100.09689155107,0.0,0.0,123100.09689155107,123100.09689155107,0.0,0.0,0.0,0.0,123100.09689155107,148449.27248813186,148449.27248813186,58458.61154668117,0.0,11281.31486728422,9137.865042500214,10800.0,10800.0,0
2025-12-09,M5,120463.0877923978,0.0,0.0,120463.0877923978,120463.0877923978,0.0,0.0,0.0,0.0,120463.0877923978,146361.54948481635,146361.54948481635,56766.16688181639,7.1056166666667195,11578.014314034877,9378.19159436825,10800.0,10800.0,0
2025-12-10,M5,117804.44192999836,0.0,348.3946340427505,118152.83656404112,118152.83656404112,0.0,259.7347412815203,0.0,0.0,118152.83656404112,141692.96030886925,141952.69505015074,51320.43125771968,0.0,11813.922767181055,9569.277441416656,10800.0,10800.0,0
2025-12-11,M5,115618.30853287532,0.0,2.2709711241720267,115620.57950399947,115620.57950399947,0.0,1.1124031957737088,0.0,0.0,115620.57950399947,142031.58260596916,142032.69500916492,53863.83421512615,0.0,11618.979442309324,9411.373348270552,10800.0,10800.0,0
2025-12-12,M5,54444.13616720285,0.0,1301.3591184777533,55745.4952856806,55745.4952856806,0.0,1300.9010113183353,0.0,0.0,55745.4952856806,94532.08543263088,95832.98644394922,46073.70452746459,4548.899283333333,7873.521841147177,6377.552691329216,10800.0,10800.0,0
2025-12-13,M5,55144.422575006465,0.0,849.3778045192046,55993.80037952566,55993.80037952566,0.0,788.2040209131253,0.0,0.0,55993.80037952566,95012.67396699655,95800.87798790967,45731.306866582585,4761.35896872428,7945.677732997276,6435.998963727796,10800.0,10800.0,0
2025-12-14,M5,115597.91953257543,0.0,1582.1751030529358,117180.09463562827,117180.09463562827,0.0,1043.9585375588922,0.0,0.0,117180.09463562827,138613.9045466932,139657.8630842521,48415.44481141907,0.0,12966.823541226566,10503.127068393518,10800.0,10800.0,0
2025-12-15,M5,117220.56250047946,0.0,909.0701122124934,118129.63261269196,118129.63261269196,0.0,530.5978293119646,0.0,0.0,118129.63261269196,141053.60765457578,141584.20548388775,49730.52737581993,0.0,12548.000744216613,10163.880602815458,10800.0,10800.0,0
2025-12-16,M5,117484.82681841168,0.0,55.217644626208894,117540.04446303789,117540.04446303789,0.0,25.75509905837771,0.0,0.0,117540.04446303789,141817.67696606088,141843.43206511927,50049.97146425425,0.0,12501.943513324652,10126.57424579297,10800.0,10800.0,0
2025-12-17,M5,116128.35135171593,0.0,143.32610976312804,116271.67746147899,116271.67746147899,0.0,91.8935718126753,0.0,0.0,116271.67746147899,140489.00862785627,140580.90219966898,50129.53478061197,0.0,11892.21238100172,9632.692028611396,10800.0,10800.0,0
2025-12-18,M5,113761.14096718674,0.0,1320.5027808576929,115081.64374804443,115081.64374804443,0.0,774.8797005601369,0.0,0.0,115081.64374804443,138539.16805679357,139314.0477573537,49417.75365628305,86.18373333333352,12862.333689845582,10418.490288774921,10800.0,10800.0,0
2025-12-19,M5,53738.209901233786,0.0,1108.840512419066,54847.05041365287,54847.05041365287,0.0,1224.2632595482069,0.0,0.0,54847.05041365287,93174.16629962274,94398.42955917094,44235.84213373094,5628.836976235485,8554.521837918544,6929.162688714024,10800.0,10800.0,0
2025-12-20,M5,53764.02392641876,0.0,0.0,53764.02392641876,53764.02392641876,0.0,0.0,0.0,0.0,53764.02392641876,94539.96228827674,94539.96228827674,44370.46545395915,5686.4993124210105,8561.29090471883,6934.645632822248,10800.0,10800.0,0
2025-12-21,M5,116037.19393420551,0.0,71.28169450714823,116108.47562871262,116108.47562871262,0.0,40.840246298812644,0.0,0.0,116108.47562871262,140345.6734333294,140386.5136796282,48921.228800520745,0.0,12776.331644425249,10348.828631984452,10800.0,10800.0,0
2025-12-22,M5,116487.54057477423,0.0,481.4317934940678,116968.97236826838,116968.97236826838,0.0,261.4910364914831,0.0,0.0,116968.97236826838,139892.82384716766,140154.31488365916,48722.752485959,0.0,13127.027970351644,10632.892655984833,10800.0,10800.0,0
2025-12-23,M5,115929.8869895157,0.0,0.0,115929.8869895157,115929.8869895157,0.0,0.0,0.0,0.0,115929.8869895157,140389.39458332083,140389.39458332083,50754.09792211966,0.0,12511.600672988568,10134.39654512074,10800.0,10800.0,0
2025-12-24,M5,114090.50765568877,0.0,122.58476784695591,114213.09242353572,114213.09242353572,0.0,63.146485658686856,0.0,0.0,114213.09242353572,138804.57012214547,138867.71660780415,48600.7617603425,0.0,12696.818583131451,10284.423052336475,10800.0,10800.0,0
2025-12-25,M5,113441.35279814606,0.0,51.50127651390398,113492.85407465995,113492.85407465995,0.0,29.403266547514704,0.0,0.0,113492.85407465995,137574.02382083572,137603.42708738323,47407.73898566407,0.0,12543.36614939903,10160.126581013217,10800.0,10800.0,0
2025-12-26,M5,52865.26758163648,0.0,611.8301727757491,53477.09775441222,53477.09775441222,0.0,480.49720048299105,0.0,0.0,53477.09775441222,93067.73420854399,93548.231409027,43817.80706408604,5005.607736323731,9037.864080441537,7320.669905157645,10800.0,10800.0,0
2025-12-27,M5,53190.62138334005,0.0,423.69640004776613,53614.3177833878,53614.3177833878,0.0,293.3809424270902,0.0,0.0,53614.3177833878,93882.29904819206,94175.67999061916,44488.72560206067,4755.263412613758,8383.588996200342,6790.707086922281,10800.0,10800.0,0
2025-12-28,M5,114905.61868403114,0.0,168.32799035661793,115073.94667438779,115073.94667438779,0.0,96.66172107835894,0.0,0.0,115073.94667438779,139923.3274111068,140019.98913218512,50915.866809889834,0.0,12078.250380501637,9783.382808206326,10800.0,10800.0,0
2025-12-29,M5,114036.44399035636,0.0,577.4008903183739,114613.84488067475,114613.84488067475,0.0,452.4430739843002,0.0,0.0,114613.84488067475,139491.27699270638,139943.72006669067,50025.928533934864,0.0,12600.132979416632,10206.107713327478,10800.0,10800.0,0
2025-12-30,M5,112225.39791142267,0.0,660.2350060359718,112885.63291745872,112885.63291745872,0.0,454.8539921911255,0.0,0.0,112885.63291745872,138179.77493508562,138634.62892727673,50011.574589066644,18.987083333333203,12524.550815140781,10144.886160264032,10800.0,10800.0,0
2025-12-31,M5,113684.7018611003,0.0,567.2899469393773,114251.99180803967,114251.99180803967,0.0,379.28650983650357,0.0,0.0,114251.99180803967,137867.29903259285,138246.58554242935,47146.96770493232,0.0,12911.552127177416,10458.357223013707,10800.0,10800.0,0
2025-02-01,M6,19849.14780632123,0.0,0.0,19849.14780632123,19849.14780632123,0.0,0.0,0.0,0.0,19849.14780632123,46709.560731329904,46709.560731329904,4924.391794313078,3828.0905568312505,18836.32866764338,15257.426220791143,10800.0,10800.0,0
2025-02-02,M6,65345.80357355656,8.991662525659194e-13,1.0658567362042959e-12,65345.80357355656,65345.80357355656,0.0,2.3163693185779266e-12,0.0,0.0,65345.80357355656,93427.17450492359,93427.17450492359,10672.534678838161,59.174066666666704,22837.830575888234,18498.64276646947,10800.0,10800.0,0
2025-02-03,M6,65946.84920778115,3.5640645990042687e-13,1.358239387627691e-12,65946.84920778115,65946.84920778115,0.0,1.5134560271690134e-12,0.0,0.0,65946.84920778115,92470.40431041022,92470.40431041022,8203.910962359192,0.0,21313.562358163334,17263.985510112307,10800.0,10800.0,0
2025-02-04,M6,65529.8892187546,8.359506864508148e-13,0.0,65529.8892187546,65529.8892187546,0.0,1.3073986337985843e-12,0.0,0.0,65529.8892187546,92329.48479498365,92329.48479498365,6532.558382120894,0.0,24221.38138348827,19619.318920625505,10800.0,10800.0,0
2025-02-05,M6,61337.098716878885,0.0,1448.3005961549782,62785.39931303388,62785.39931303388,0.0,1083.9788362678405,40.535010571777434,251.6896925602611,63037.08900559414,87416.41509548764,88500.39393175546,3185.831379202018,0.0,24245.634630483633,19638.96405069174,10800.0,10800.0,2
2025-02-06,M6,62949.34883842624,0.0,272.51113659730856,63221.85997502355,63221.85997502355,0.0,203.20785584110402,40.8123929651216,290.7527315803087,63512.61270660386,89360.08619186474,89563.29404770586,4755.373929312841,0.0,24093.027866797245,19515.352572105774,10800.0,10800.0,2
2025-02-07,M6,17317.48990178299,1.158795726041717e-13,38.36531785802618,17355.855219641013,17355.855219641013,0.0,42.60712200810788,32.05802726677041,135.79780350203944,17491.65302314305,41521.41299374729,41564.0201157554,1884.2500769402966,4133.254069054932,19961.56372673911,16188.669396378835,10800.0,10777.99691364427,1
2025-02-08,M6,14928.425868084292,0.0,1049.3879450149363,15977.813813099232,15977.813813099232,0.0,1026.740654554646,35.24736136835213,174.93265447113163,16152.746467570363,36684.23850915326,37710.9791637079,447.99912931582423,1431.8941520708674,22470.356575277587,18181.186048254687,10777.99691364427,10800.0,1
2025-02-09,M6,57353.10694913304,0.0,3571.3733481144022,60924.48029724745,60924.48029724745,0.0,2705.1827050597494,2.823969579737195,13.845922849451469,60938.326220096904,83285.21245873527,85990.39516379502,1577.1008787713704,0.0,25582.64362071967,20721.941332782935,10800.0,10800.0,1
2025-02-10,M6,57642.19847568373,0.0,623.8020756160778,58266.00055129979,58266.00055129979,0.0,434.8043325289085,0.0,0.0,58266.00055129979,84978.41071231157,85413.21504484047,6749.994044682935,328.1247000000001,21097.15114118004,17088.69242435583,10800.0,10800.0,0
2025-02-11,M6,57323.3758231823,0.0,480.5748467950886,57803.95066997738,57803.95066997738,0.0,332.6219771324297,16.441839568378327,85.00859925199784,57888.95926922937,84074.34479286661,84406.96676999904,4608.984167749808,148.03829999999994,23398.889518338372,18953.100509854085,10800.0,10800.0,2
2025-02-12,M6,58028.690607900375,0.0,25.391619494645756,58054.08222739505,58054.08222739505,0.0,21.69437519943719,0.0,0.0,58054.08222739505,85313.2283752461,85334.92275044553,5512.429450485672,163.38428333333331,23117.752017332572,18725.379134039376,10800.0,10800.0,0
2025-02-13,M6,57416.72118273825,1.5976979739207307e-13,249.99890758194132,57666.72009032019,57666.72009032019,0.0,169.4728649980786,0.0,0.0,57666.72009032019,84922.85700248598,85092.32986748405,9549.777986702722,558.6377833333336,19233.868846217592,15579.433765436255,10800.0,10800.0,0
2025-02-14,M6,16142.982801731294,0.0,349.8842167130386,16492.86701844433,16492.86701844433,0.0,349.88829165769806,0.0,0.0,16492.86701844433,38781.33050599255,39131.21879765025,2053.5263691864593,3223.8530269128314,21326.5136046542,17274.476019769907,10800.0,10800.0,0
2025-02-15,M6,16342.46618077087,0.0,147.86386258559352,16490.330043356465,16490.330043356465,0.0,142.8626940184765,0.0,0.0,16490.330043356465,38075.73085713404,38218.593551152524,1596.3358390847213,3508.022421179101,20179.706267835296,16345.562076946593,10800.0,10800.0,0
2025-02-16,M6,58563.06785700643,4.2210857031932396e-14,0.0,58563.06785700643,58563.06785700643,0.0,8.348877145181177e-14,0.0,0.0,58563.06785700643,85327.37979675163,85327.37979675163,5838.930300121388,84.83706710704905,21190.701734332622,17164.468404809424,10800.0,10800.0,0
2025-02-17,M6,57821.22127932595,0.0,4.319421467013676,57825.540700792975,57825.540700792975,0.0,3.544576946506595,0.0,0.0,57825.540700792975,85269.19851983106,85272.74309677756,9310.929028919541,882.1082833333332,20504.434830831684,16608.592212973665,10800.0,10800.0,0
2025-02-18,M6,53858.174860956184,0.0,813.5007947226502,54671.67565567887,54671.67565567887,0.0,615.3729876383065,0.0,0.0,54671.67565567887,80552.37504147319,81167.74802911149,4875.738224124833,241.45472736625413,20837.722601510926,16878.555307223854,10800.0,10800.0,0
2025-02-19,M6,53107.38475349065,2.617611016830779e-13,1444.3424233493556,54551.72717684004,54551.72717684004,0.0,1187.1139429758489,150.2432924371368,745.2590643390914,55296.98624117913,80046.08735982399,81233.20130279983,4203.768850862143,0.0,22633.41242653418,18333.064065492694,10800.0,10800.0,5
2025-02-20,M6,54823.7102376229,1.857358711276902e-13,67.44353315328068,54891.15377077619,54891.15377077619,0.0,47.43585502516481,17.85909127479806,100.19843159725453,54991.35220237344,81864.81317611854,81912.2490311437,6535.752917668563,391.814483333333,21102.14204254355,17092.735054460278,10800.0,10800.0,1
2025-02-21,M6,16138.591347993686,0.0,97.85472206479031,16236.446070058482,16236.446070058482,0.0,96.15744290696098,0.0,0.0,16236.446070058482,37897.97309117725,37994.13053408421,2170.0248549821413,6573.337198356533,19423.718144274768,15733.21169686256,10800.0,10800.0,0
2025-02-22,M6,16295.060432684626,0.0,118.13298108279497,16413.193413767418,16413.193413767418,0.0,113.46078301192404,0.0,0.0,16413.193413767418,37924.236187876755,38037.696970888675,2089.161180467473,4234.841524859812,20362.79674856876,16493.86536634069,10800.0,10800.0,0
2025-02-23,M6,54330.77900657088,0.0,392.5966011049206,54723.375607675815,54723.375607675815,0.0,321.15689726602267,0.0,0.0,54723.375607675815,81636.12971597505,81957.28661324109,5854.222944473582,417.62383333333355,21860.979747899135,17707.393595798298,10800.0,10800.0,0
2025-02-24,M6,52393.506110633345,7.120348755051964e-15,2.8556796927148295e-13,52393.506110633345,52393.506110633345,0.0,1.942890293094024e-13,10.398798714206464,53.13266203023793,52446.63877266358,79030.70497618789,79030.70497618789,5858.239075601206,1068.8422666245056,20584.15166320905,16673.16284719933,10800.0,10800.0,1
2025-02-25,M6,51259.52066582213,0.0,425.35845399253225,51684.87911981464,51684.87911981464,0.0,311.82381643811357,18.785904834318217,96.4092636097211,51781.28838342436,79012.58513164945,79324.40894808757,7874.007864101697,1787.5233880938167,20317.580881015972,16457.24051362294,10800.0,10800.0,1
2025-02-26,M6,48756.66505576971,0.0,1674.0937055620172,50430.7587613317,50430.7587613317,0.0,1585.7005837845857,0.0,0.0,50430.7587613317,74956.29223839662,76541.9928221812,3048.279952746724,442.24347414613067,22298.00716818432,18061.3858062293,10800.0,10800.0,0
2025-02-27,M6,47464.39621851665,0.0,293.4381724659566,47757.834390982614,47757.834390982614,0.0,244.72034498905288,825.8592729446382,4366.786938914127,52124.62132989674,75032.04868018925,75276.7690251783,4319.847750558367,506.56359999999825,22734.90919770834,18415.27645014376,10800.0,10800.0,6
2025-02-28,M6,14781.385044916531,0.0,51.913444515968656,14833.298489432502,14833.298489432502,0.0,48.762818260828396,0.0,0.0,14833.298489432502,36449.88246870524,36498.64528696607,2360.1203584120785,6982.952430794481,20331.46814610271,16468.489198343203,10800.0,10800.0,0
2025-03-01,M6,15185.887202149608,0.0,0.0,15185.887202149608,15185.887202149608,0.0,0.0,0.0,0.0,15185.887202149608,36714.16732438059,36714.16732438059,1715.3319526310947,7705.260199185196,19130.574943320935,15495.765704089963,10800.0,10800.0,0
2025-03-02,M6,50698.89472886673,3.677058657558518e-15,2969.380840164482,53668.27556903121,53668.27556903121,0.0,1798.1348642742414,0.0,0.0,53668.27556903121,77619.33913988186,79417.4740041561,2927.7732775333234,0.0,21744.177157663842,17612.783497707715,10800.0,10800.0,0
2025-03-03,M6,52902.91474468424,0.0,398.4012904695958,53301.31603515384,53301.31603515384,0.0,216.69585457188467,0.0,0.0,53301.31603515384,80333.66846061885,80550.36431519073,3907.449693288274,184.4892666666666,23375.15116790776,18933.872446005284,10800.0,10800.0,0
2025-03-04,M6,51282.66924214542,4.796646635440993e-13,343.09020379615987,51625.759445941585,51625.759445941585,0.0,242.06301581994006,0.0,0.0,51625.759445941585,78079.31557317074,78321.37858899069,4557.0990893259395,600.6831000000002,20863.88666490214,16899.748198570735,10800.0,10800.0,0
2025-03-05,M6,49775.107049498445,0.0,3.037760443191928e-12,49775.10704949845,49775.10704949845,0.0,2.085442929455894e-12,0.0,0.0,49775.10704949845,77838.55732118685,77838.55732118685,7007.075372913008,625.9976666666664,21447.432973371084,17372.420708430574,10800.0,10800.0,0
2025-03-06,M6,46458.78959397689,0.0,954.0295185902754,47412.81911256719,47412.81911256719,0.0,572.5148988008358,0.0,0.0,47412.81911256719,73356.33394296883,73928.84884176968,3086.8121280559126,803.271483333333,21569.00577393211,17470.894676885015,10800.0,10800.0,0
2025-03-07,M6,13970.459047692433,0.0,0.0,13970.459047692433,13970.459047692433,0.0,0.0,0.0,0.0,13970.459047692433,34724.23192397351,34724.23192397351,1367.6713219386002,8777.217599991438,19247.670887948098,15590.613419237961,10800.0,10800.0,0
2025-03-08,M6,13253.82666013491,0.0,622.0310929117875,13875.8577530467,13875.8577530467,0.0,637.0732255424103,0.0,0.0,13875.8577530467,32769.28653639493,33406.35976193735,1425.802877987799,8987.517809504956,20683.681883041696,16753.782325263775,10800.0,10800.0,0
2025-03-09,M6,45505.821268245076,0.0,623.1852693647193,46129.00653760978,46129.00653760978,0.0,438.69493023828846,0.0,0.0,46129.00653760978,73183.35970344584,73622.05463368412,4770.260053543474,1404.1482319222575,21653.269990623114,17539.148692404724,10800.0,10800.0,0
2025-03-10,M6,46029.61345442043,0.0,3157.231083393952,49186.8445378144,49186.8445378144,0.0,2775.4624036379664,0.0,0.0,49186.8445378144,71367.56024037284,74143.02264401081,1702.296619081563,0.0,23150.813552259147,18752.158977329906,10800.0,10800.0,0
2025-03-11,M6,44529.722093420896,0.0,2792.3381012948093,47322.0601947157,47322.0601947157,0.0,2768.972846305617,0.0,0.0,47322.0601947157,70598.36715285816,73367.33999916379,4614.970274679321,936.413743006016,20405.45884988657,16528.421668408122,10800.0,10800.0,0
2025-03-12,M6,45681.65740620895,0.0,217.82723265921157,45899.48463886816,45899.48463886816,0.0,151.55980275435644,0.0,0.0,45899.48463886816,72988.01732031009,73139.57712306443,5253.509465570179,1533.1465166666665,20617.823460496107,16700.437003001847,10800.0,10800.0,0
2025-03-13,M6,46158.21420243692,0.0,2547.9940782197764,48706.20828065669,48706.20828065669,0.0,2366.115896301332,0.0,0.0,48706.20828065669,72314.98336782822,74681.09926412956,2887.2563411985493,0.0,22359.078454022805,18110.853547758466,10800.0,10800.0,0
2025-03-14,M6,13629.016227848202,0.0,42.194207082060366,13671.21043493026,13671.21043493026,0.0,43.76427968833352,0.0,0.0,13671.21043493026,33866.32574705716,33910.0900267455,2267.764971367922,11849.967817108172,19804.90134176877,16041.970086832702,10800.0,10800.0,0
2025-03-15,M6,13879.417184929782,0.0,167.7776114157341,14047.194796345515,14047.194796345515,0.0,173.58832220428752,0.0,0.0,14047.194796345515,33564.68423385267,33738.27255605695,1796.6991964324407,7084.9327930246045,20697.44956105215,16764.93414445224,10800.0,10800.0,0
2025-03-16,M6,45331.729971912646,0.0,2070.144507129121,47401.87447904176,47401.87447904176,0.0,1949.9921058897262,1.6400000000001,8.081100000000493,47409.955579041765,72313.92724701564,74263.91935290537,6600.424181508151,322.9277000000001,21006.10809507313,17014.947557009236,10800.0,10800.0,1
2025-03-17,M6,44107.916562649276,1.1604242899920792e-12,410.14907943873163,44518.065642088,44518.065642088,0.0,314.80054440682227,0.0,0.0,44518.065642088,71893.20014228269,72208.0006866895,8537.60868208946,2213.092833333333,18942.988094386215,15343.820356452838,10800.0,10800.0,0
2025-03-18,M6,44044.35414811848,0.0,281.03379684437107,44325.38794496284,44325.38794496284,0.0,255.1258645054247,0.0,0.0,44325.38794496284,71158.37877287836,71413.5046373838,5063.529407791186,1204.5485305832208,21155.096486014358,17135.628153671634,10800.0,10800.0,0
2025-03-19,M6,40860.30941834195,0.0,1657.8661265507003,42518.17554489265,42518.17554489265,0.0,1796.0023522205258,332.60571129213383,1686.2677478042178,44204.443292696866,66442.90210705611,68238.90445927663,4186.857410114102,911.608412859444,21092.494197869608,17084.920300274385,10800.0,10800.0,3
2025-03-20,M6,42901.28857389893,0.0,789.3665419871958,43690.65511588612,43690.65511588612,0.0,620.8893513338659,0.0,0.0,43690.65511588612,69257.43952185722,69878.32887319109,3233.083697344169,404.89777367793374,21217.818871064803,17186.433285562485,10800.0,10800.0,0
2025-03-21,M6,12611.61924684412,0.0,356.9092155138932,12968.528462358012,12968.528462358012,0.0,350.1813707995735,0.0,0.0,12968.528462358012,32052.053042533447,32402.23441333302,2020.8704530945142,14415.47170664419,20696.988089092898,16764.560352165252,10800.0,10800.0,0
2025-03-22,M6,13339.13357366502,0.0,77.85493263881892,13416.98850630384,13416.98850630384,0.0,72.03946488570612,0.0,0.0,13416.98850630384,32831.55915181021,32903.59861669591,1798.4557565573073,11449.439872211105,19865.806603127192,16091.303348533027,10800.0,10800.0,0
2025-03-23,M6,42342.53141040145,0.0,635.3204834701817,42977.851893871615,42977.851893871615,0.0,619.2977650508484,0.0,0.0,42977.851893871615,69360.3613403503,69979.65910540117,5146.800767302576,2116.1150166666666,20773.80634086972,16826.783136104474,10800.0,10800.0,0
2025-03-24,M6,40735.03491227346,0.0,1097.4589371318605,41832.4938494053,41832.4938494053,0.0,816.4024827651075,0.0,0.0,41832.4938494053,66707.94708511168,67524.34956787678,3480.394288804746,2039.244787871119,21085.33372561889,17079.1203177513,10800.0,10800.0,0
2025-03-25,M6,42023.77243657452,0.0,516.6550123413198,42540.42744891581,42540.42744891581,0.0,367.4586471312151,0.0,0.0,42540.42744891581,68565.36503898888,68932.8236861201,2613.0323022263647,1327.289313772495,21275.67028133986,17233.292927885283,10800.0,10800.0,0
2025-03-26,M6,39892.223910774446,0.0,820.9623966918351,40713.18630746629,40713.18630746629,0.0,812.4920392181255,0.0,0.0,40713.18630746629,65841.65221399265,66654.14425321078,5083.845618765849,2095.426483333334,20433.248865499616,16550.93158105469,10800.0,10800.0,0
2025-03-27,M6,40510.13494789499,0.0,770.0259856141072,41280.160933509105,41280.160933509105,0.0,630.1023896182296,0.0,0.0,41280.160933509105,66713.4059981833,67343.50838780153,3642.208960463352,1162.8984500000001,20112.692512306206,16291.280934968025,10800.0,10800.0,0
2025-03-28,M6,12603.016839327964,4.47698766947724e-14,124.06627935115753,12727.083118679117,12727.083118679117,0.0,116.24201346981964,0.0,0.0,12727.083118679117,32020.159082150698,32136.401095620517,2038.907154718412,15464.623409834125,20057.84086527009,16246.851100868771,10800.0,10800.0,0
2025-03-29,M6,12488.750993436839,0.0,193.4338580037112,12682.184851440546,12682.184851440546,0.0,199.16336603076488,0.0,0.0,12682.184851440546,31879.23197826942,32078.395344300185,1457.7651704408563,19120.07733837755,19964.96659025499,16171.622938106544,10800.0,10800.0,0
2025-03-30,M6,38331.209206666754,3.6925484891980884e-14,239.5540576980944,38570.763264364854,38570.763264364854,0.0,164.40779082807933,0.0,0.0,38570.763264364854,64443.364057637016,64607.771848465105,3364.4921041056296,2057.103015942541,20213.45804429968,16372.901015882746,10800.0,10800.0,0
2025-03-31,M6,37185.35589024558,0.0,3582.3043539619916,40767.66024420756,40767.66024420756,0.0,4572.858075172568,0.0,0.0,40767.66024420756,61035.36968351049,65608.22775868306,3455.4250425091486,1287.8790666666673,20597.548243020618,16684.01407684671,10800.0,10800.0,0
2025-04-01,M6,41380.32167395774,3.5623770600068385e-14,2598.3420998087468,43978.663773766464,43978.663773766464,0.0,2501.3610592336117,0.0,0.0,43978.663773766464,66998.78547890176,69500.14653813536,4287.014675992205,1322.9585666666667,19375.37778320963,15694.056004399803,10800.0,10800.0,0
2025-04-02,M6,39901.86456573512,0.0,3020.4223976591534,42922.28696339429,42922.28696339429,0.0,2986.7417476604537,283.1768549052707,1470.5214388525633,44392.808402246854,66093.15227501036,69079.89402267081,4288.08925720681,646.5523991853422,21016.283269389125,17023.189448205194,10800.0,10800.0,3
2025-04-03,M6,40810.57111894204,7.185008144006134e-15,183.56789337422146,40994.13901231628,40994.13901231628,0.0,128.6668998137629,0.0,0.0,40994.13901231628,67007.62845839481,67136.29535820858,4891.331821558161,2554.859666666667,20139.861070089926,16313.287466772841,10800.0,10800.0,0
2025-04-04,M6,11941.653388608878,0.0,36.09509465801364,11977.748483266894,11977.748483266894,0.0,40.39280875762902,0.0,0.0,11977.748483266894,31084.777387194063,31125.17019595169,1647.2657135454572,19212.0612323722,20184.426315968616,16349.385315934582,10800.0,10800.0,0
2025-04-05,M6,12295.904476032705,0.0,289.3343172384074,12585.238793271114,12585.238793271114,0.0,234.61594970819166,0.0,0.0,12585.238793271114,30938.512543026573,31173.128492734766,1317.6589138467173,13990.643646415065,20109.00499547185,16288.294046332197,10800.0,10800.0,0
2025-04-06,M6,38667.04718321967,0.0,342.0032274612383,39009.05041068091,39009.05041068091,0.0,282.4574461924568,0.0,0.0,39009.05041068091,64516.11132801876,64798.568774211206,3652.190722773745,2719.5476499999995,21140.811235635752,17124.057100864957,10800.0,10800.0,0
2025-04-07,M6,37005.5176366771,0.0,1567.933771954001,38573.4514086311,38573.4514086311,0.0,1855.2925341288894,0.0,0.0,38573.4514086311,61571.718432720874,63427.01096684976,4479.157173445271,1887.9406833333335,20090.49382493591,16273.299998198088,10800.0,10800.0,0
2025-04-08,M6,37840.88816016688,0.0,325.0537551457559,38165.94191531264,38165.94191531264,0.0,175.94768168710107,0.0,0.0,38165.94191531264,63573.56468114982,63749.512362836926,3941.8906710085867,1498.6926409054945,20819.660180295694,16863.92474603952,10800.0,10800.0,0
2025-04-09,M6,37891.55099630077,0.0,2065.9293646623946,39957.480360963156,39957.480360963156,0.0,2476.0505545532124,0.0,0.0,39957.480360963156,62879.00490156586,65355.055456119066,1949.4795783573584,240.3486453451253,21215.348503946967,17184.432288197044,10800.0,10800.0,0
2025-04-10,M6,38041.39572502673,1.4269971870817245e-13,1442.704015780587,39484.09974080734,39484.09974080734,0.0,1931.0379471640267,0.0,0.0,39484.09974080734,63628.35897667461,65559.39692383862,4937.39311384366,2308.0854333333327,20280.423561377065,16427.143084715426,10800.0,10800.0,0
2025-04-11,M6,11538.185636321723,0.0,254.7464455318895,11792.932081853609,11792.932081853609,0.0,266.4185456745993,0.0,0.0,11792.932081853609,30037.260413186603,30303.6789588612,1303.8917450430654,19801.29491543772,20430.748061651328,16548.905929937573,10800.0,10800.0,0
2025-04-12,M6,11879.478134219158,0.0,90.10380233935274,11969.58193655851,11969.58193655851,0.0,61.76146572030484,0.0,0.0,11969.58193655851,30425.072975399813,30486.83444112012,1376.936771517789,16393.684448408538,19426.593006283103,15735.54033508931,10800.0,10800.0,0
2025-04-13,M6,36732.6669108271,0.0,468.7659857894998,37201.43289661659,37201.43289661659,0.0,293.37817553436116,0.0,0.0,37201.43289661659,61417.600105817946,61710.978281352305,2809.162009058414,677.9592751071746,20776.307967649416,16828.80945379603,10800.0,10800.0,0
2025-04-14,M6,36573.22493120545,0.0,312.9883455194839,36886.21327672493,36886.21327672493,0.0,220.72520994185442,0.0,0.0,36886.21327672493,61701.686461782134,61922.41167172399,3460.8613833881063,2025.1170721293302,20570.53376950819,16662.132353301637,10800.0,10800.0,0
2025-04-15,M6,35422.123093007234,0.0,366.3411111267904,35788.46420413403,35788.46420413403,0.0,560.7307298437054,0.0,0.0,35788.46420413403,60169.663259684196,60730.393989527896,4300.493619532928,2592.272439153454,19464.20577635884,15766.00667885066,10800.0,10800.0,0
2025-04-16,M6,36819.49409073148,0.0,1809.8054368117391,38629.29952754322,38629.29952754322,0.0,1996.8434726130058,0.0,0.0,38629.29952754322,61445.901067045794,63442.7445396588,2297.984022854088,1685.2166438873548,19368.16801535454,15688.216092437176,10800.0,10800.0,0
2025-04-17,M6,35336.69418705707,0.0,1666.8464972676059,37003.540684324675,37003.540684324675,0.0,2472.897725958001,0.0,0.0,37003.540684324675,59707.232884404526,62180.130610362525,3498.6837360046516,1828.86979840772,20969.656452369258,16985.4217264191,10800.0,10800.0,0
2025-04-18,M6,11015.519240754938,0.0,189.75266429319439,11205.271905048132,11205.271905048132,0.0,202.8355874644485,0.0,0.0,11205.271905048132,29450.270591302156,29653.106178766604,1799.6626656670946,17680.82217862936,20097.390269141128,16278.886118004315,10800.0,10800.0,0
2025-04-19,M6,11178.04271366761,0.0,229.90615444754005,11407.94886811515,11407.94886811515,0.0,238.7874994473693,0.0,0.0,11407.94886811515,29284.941218778888,29523.72871822626,1713.201367103149,17220.851353123006,20026.298673684716,16221.301925684616,10800.0,10800.0,0
2025-04-20,M6,35610.94940063959,2.126341769326245e-13,824.660438816824,36435.6098394564,36435.6098394564,0.0,926.0991557503539,0.0,0.0,36435.6098394564,59927.33465231402,60853.43380806438,3188.480408111771,1810.2192006814164,20510.47008388347,16613.48076794561,10800.0,10800.0,0
2025-04-21,M6,35622.54990427658,0.0,247.74027466963952,35870.290178946205,35870.290178946205,0.0,179.28587628406706,0.0,0.0,35870.290178946205,61379.3639926161,61558.64986890016,4504.559843290719,4780.552166666666,19771.723555839228,16015.096080229778,10800.0,10800.0,0
2025-04-22,M6,34387.6425454704,0.0,2605.62378548321,36993.26633095363,36993.26633095363,0.0,3467.7176499029183,0.0,0.0,36993.26633095363,57109.59495570829,60577.31260561121,2599.9386183420124,1958.4720619186583,20347.22425623092,16481.25164754704,10800.0,10800.0,0
2025-04-23,M6,34503.48481983272,0.0,2003.413853599582,36506.8986734323,36506.8986734323,0.0,2536.167417263342,0.0,0.0,36506.8986734323,58099.59235375114,60635.75977101449,3436.4915364436038,2032.3340166666667,19826.40790125028,16059.390400012728,10800.0,10800.0,0
2025-04-24,M6,34305.73779667014,0.0,273.7154065069934,34579.45320317713,34579.45320317713,0.0,221.00979786445652,0.0,0.0,34579.45320317713,58093.025808274266,58314.03560613872,3027.4240164593634,4612.54971250137,18862.92198514734,15278.966807969347,10800.0,10800.0,0
2025-04-25,M6,10377.339153823455,0.0,0.0,10377.339153823455,10377.339153823455,0.0,0.0,0.0,0.0,10377.339153823455,28390.548625257314,28390.548625257314,881.220841813604,21679.48951441513,20155.161152781988,16325.680533753413,10800.0,10800.0,0
2025-04-26,M6,10902.394193950355,0.0,150.67051377700037,11053.064707727353,11053.064707727353,0.0,130.16689371735248,0.0,0.0,11053.064707727353,28188.460386201205,28318.627279918557,576.3682339733881,23806.05769833429,20347.409022513406,16481.401308235858,10800.0,10800.0,0
2025-04-27,M6,32276.36506019051,0.0,1911.5953257244973,34187.960385915016,34187.960385915016,0.0,1878.5175006514805,0.0,0.0,34187.960385915016,54386.04808310463,56264.565583756106,1369.9293088689578,2472.591487860082,20255.650545756507,16407.07694206277,10800.0,10800.0,0
2025-04-28,M6,35101.81112839448,0.0,3413.752922057158,38515.56405045163,38515.56405045163,0.0,3360.3480405379573,0.0,0.0,38515.56405045163,58850.18535539275,62210.53339593072,1766.3430234030457,0.0,20116.963451899996,16294.740396038997,10800.0,10800.0,0
2025-04-29,M6,33985.872468186295,0.0,533.7465333530504,34519.619001539344,34519.619001539344,0.0,409.55544193826313,0.0,0.0,34519.619001539344,58410.12953497468,58819.68497691295,3570.3073131169276,4269.704750000001,18665.57472173348,15119.115524604123,10800.0,10800.0,0
2025-04-30,M6,32852.1635202306,4.759300509249442e-13,55.81473925787265,32907.97825948846,32907.97825948846,0.0,42.13863835142894,0.0,0.0,32907.97825948846,56200.20000559314,56242.33864394457,3000.175480799307,1520.1078667581112,18237.899279230667,14772.698416176845,10800.0,10800.0,0
2025-05-01,M6,33640.819994666104,0.0,1388.1469995938521,35028.96699425995,35028.96699425995,0.0,804.0601665945377,1151.0012654249117,7321.019099959799,42349.98609421975,54962.456191191435,55766.51635778598,811.523114063585,1820.770428546749,20022.569421935044,16748.72414133449,10800.0,10210.61898936989,8
2025-05-02,M6,11414.000327411613,0.0,1694.0827812233147,13108.083108634924,13108.083108634924,0.0,1119.419139390736,901.901486360387,4833.278832110863,17941.361940745788,28610.490314426195,29729.909453816934,26.373508290986138,12068.141348796602,21121.42129366878,16874.445293912384,10210.61898936989,10470.514493769144,7
2025-05-03,M6,11777.867003726784,0.0,68.94913134982852,11846.816135076615,11846.816135076615,0.0,55.49903845833589,1154.634377261009,5221.231487729658,17068.047622806273,29442.274879739503,29497.77391819784,91.56324165858246,17608.26348040551,20539.051081480415,16453.64115808566,10470.514493769144,10673.836958117454,7
2025-05-04,M6,39960.17443803769,0.0,0.0,39960.17443803769,39960.17443803769,0.0,0.0,533.0829261087428,3131.960178534682,43092.13461657237,65408.31956439699,65408.31956439699,6631.653385673972,4211.69744547325,17730.231852597106,14366.847526571924,10673.836958117454,10667.881707041604,9
2025-05-05,M6,38881.51126350263,0.0,20.655465501525317,38902.16672900416,38902.16672900416,0.0,10.514095086165781,355.1716982261528,2323.8584105361597,41226.02513954032,63885.45244362317,63895.96653870934,3838.560737669845,1389.3469589397419,20251.650306993488,16304.426566667576,10667.881707041604,10778.337464816213,3
2025-05-06,M6,38076.80185271127,0.0,414.353852012117,38491.15570472339,38491.15570472339,0.0,719.5532639323492,270.5494479756721,1653.9672652912648,40145.12297001465,61940.710642427235,62660.263906359585,3366.5521654734825,2907.6431074074094,21109.429425536036,17322.893710748333,10778.337464816213,10529.164269189392,6
2025-05-07,M6,38330.216602783315,0.0,584.4937399148107,38914.71034269813,38914.71034269813,0.0,537.381677178659,435.60462730683895,2940.7295246022454,41855.439867300374,62754.55365535242,63291.93533253108,2103.0151961225283,2513.64802810321,20348.338392071113,16305.30760645893,10529.164269189392,10725.66037043236,3
2025-05-08,M6,42238.217092060484,0.0,0.0,42238.217092060484,42238.217092060484,0.0,0.0,0.0,0.0,42238.217092060484,67731.46232370955,67731.46232370955,6014.986454954575,2167.8709833333323,19237.825362161966,15515.732876740321,10725.66037043236,10800.0,0
2025-05-09,M6,13872.036653848185,0.0,0.0,13872.036653848185,13872.036653848185,0.0,0.0,0.0,0.0,13872.036653848185,32690.892172121654,32690.892172121654,2347.5836267871427,18153.425119762032,19423.671450381466,15733.173874808985,10800.0,10800.0,0
2025-05-10,M6,14094.735589153821,0.0,0.0,14094.735589153821,14094.735589153821,0.0,0.0,0.0,0.0,14094.735589153821,32411.645461217046,32411.645461217046,1904.7337723881624,14736.897286435229,19205.100626633248,15556.131507572929,10800.0,10800.0,0
2025-05-11,M6,40256.375796603556,3.8559733184229117e-13,331.83280852956807,40588.20860513311,40588.208605133106,7.275957614183426e-12,309.38974530887384,59.02405500116697,393.2885627587495,40981.49716789187,65529.616427486486,65839.00617279536,3881.607343114364,2865.036566666666,19301.617024642983,15634.309789960815,10800.0,10800.0,3
2025-05-12,M6,39013.54053303133,0.0,1741.9865438266877,40755.52707685801,40755.52707685801,0.0,1934.129828915125,0.0,0.0,40755.52707685801,63157.256119557496,65091.38594847261,6614.555281919333,3310.6339666666663,17026.3235081752,13791.32204162191,10800.0,10800.0,0
2025-05-13,M6,39041.7521192488,0.0,80.71968335862186,39122.471802607404,39122.471802607404,0.0,77.24042775611717,0.0,0.0,39122.471802607404,64102.05910806504,64179.299535821156,4500.718062173684,2845.010152361134,19496.62397168249,15792.265417062814,10800.0,10800.0,0
2025-05-14,M6,37768.667137538614,0.0,1400.756585107552,39169.42372264616,39169.42372264616,0.0,1705.9602144751557,0.0,0.0,39169.42372264616,62344.38778809351,64050.348002568666,4687.138540697814,2785.870516666666,18753.632430899244,15190.442269028388,10800.0,10800.0,0
2025-05-15,M6,39239.30628397932,0.0,1070.4394226995948,40309.74570667892,40309.74570667892,0.0,1515.9659161824452,0.0,0.0,40309.74570667892,62526.85147456371,64042.81739074616,5239.876817713977,2325.3720666666654,19539.527489643053,15827.01726661087,10800.0,10800.0,0
2025-05-16,M6,13294.290908764637,0.0,53.92575802849116,13348.216666793127,13348.216666793127,0.0,48.47689761104297,0.0,0.0,13348.216666793127,31179.4989066767,31227.975804287744,2102.208316633305,22745.30606262637,19289.236272077564,15624.281380382829,10800.0,10800.0,0
2025-05-17,M6,13817.948610076428,0.0,55.20380973215447,13873.152419808583,13873.152419808583,0.0,44.797503586818074,0.0,0.0,13873.152419808583,31397.231530319143,31442.029033905957,1486.4814982258927,15723.714984333248,19910.702463228896,16127.668995215408,10800.0,10800.0,0
2025-05-18,M6,38961.98111332777,0.0,435.06273601557047,39397.043849343325,39397.043849343325,0.0,300.02260942235307,2.275772937655802,14.96206917861807,39412.00591852194,63417.427507550514,63717.450116972876,4566.971378897134,1913.8742499999998,18751.116636912597,15188.404475899202,10800.0,10800.0,1
2025-05-19,M6,37105.8680259214,0.0,77.3820638812258,37183.25008980263,37183.25008980263,0.0,63.279822067730095,72.96958043693724,508.18307320669123,37691.433163009315,61272.2109470163,61335.490769084034,4659.514420038257,5845.288050000001,17833.901734119543,14445.46040463683,10800.0,10800.0,2
2025-05-20,M6,36478.68532527468,0.0,961.4007883327424,37440.086113607416,37440.086113607416,0.0,1213.290558933779,0.0,0.0,37440.086113607416,59706.86499169435,60920.15555062812,1905.0756939646003,828.091691563787,19261.017623331973,15601.4242748989,10800.0,10800.0,0
2025-05-21,M6,36898.02149157299,0.0,1426.4928554455505,38324.514347018536,38324.514347018536,0.0,1774.0230542771374,0.0,0.0,38324.514347018536,59415.774641608274,61189.7976958854,2655.8304859283417,3768.1499382983948,17911.589412238623,14508.387423913282,10800.0,10800.0,0
2025-05-22,M6,36397.76298373602,4.0930672184913417e-13,175.36152401712147,36573.124507753135,36573.124507753135,0.0,122.31067802673488,2.57000000000005,16.86434000000033,36589.988847753135,58961.16623610746,59083.476914134204,2750.0446545299874,1984.2904222750576,18605.68958243416,15070.608561771665,10800.0,10800.0,1
2025-05-23,M6,12368.736472410226,0.0,256.43056464704443,12625.167037057274,12625.167037057274,0.0,245.3562819068145,0.0,0.0,12625.167037057274,30070.331632535046,30315.68791444186,1987.8230827412458,17872.564677010338,21233.427743983964,17199.076472627017,10800.0,10800.0,0
2025-05-24,M6,13052.885512477424,0.0,91.08277628155165,13143.968288758975,13143.968288758975,0.0,69.78718490592131,0.0,0.0,13143.968288758975,30699.42377809975,30769.210963005673,2378.9509915351523,20706.605173418706,20679.754814307802,16750.60139958932,10800.0,10800.0,0
2025-05-25,M6,36722.33996940221,0.0,303.8927175985902,37026.2326870008,37026.2326870008,0.0,208.77276057843437,0.0,0.0,37026.2326870008,59662.73200452616,59871.5047651046,3487.595976113159,4545.547955836397,17333.42447274585,14040.073822924136,10800.0,10800.0,0
2025-05-26,M6,35216.26378900326,0.0,3041.8302837905785,38258.094072793836,38258.094072793836,0.0,3719.5043331929282,0.0,0.0,38258.094072793836,57281.37107623424,61000.87540942716,2675.64756882865,0.0,19712.60468736067,15967.209796762148,10800.0,10800.0,0
2025-05-27,M6,36112.29490298541,0.0,1658.250947416359,37770.54585040177,37770.54585040177,0.0,2382.5874022502167,0.0,0.0,37770.54585040177,58499.06087956642,60881.64828181665,4859.802741507098,3274.570625228478,17667.93481621616,14311.027201135086,10800.0,10800.0,0
2025-05-28,M6,36915.58779062518,0.0,556.3610031076729,37471.94879373285,37471.94879373285,0.0,407.377971975772,0.0,0.0,37471.94879373285,60279.310456238956,60686.68842821473,2769.022608141051,2014.085995844652,19103.97749594227,15474.221771713239,10800.0,10800.0,0
2025-05-29,M6,36432.73568795919,0.0,2444.8933527290746,38877.629040688276,38877.629040688276,0.0,2871.1699847849277,17.817433333333497,119.80442173333444,38997.43346242161,59752.13325230284,62623.30323708777,2238.1398640816237,2518.515096146316,19864.95900101671,16090.616790823542,10800.0,10800.0,1
2025-05-30,M6,12875.7556690249,0.0,275.18237080814,13150.93803983304,13150.93803983304,0.0,178.61103891651697,0.0,0.0,13150.93803983304,30187.67684405515,30366.28788297167,1622.726630031926,18167.679113261252,20945.52038427278,16965.871511260957,10800.0,10800.0,0
2025-05-31,M6,12618.453346655027,0.0,134.47688573796677,12752.93023239299,12752.93023239299,0.0,104.45252500309647,0.0,0.0,12752.93023239299,30672.993601599243,30777.446126602343,2367.2088659009933,16013.830872422834,21090.657043571122,17083.432205292615,10800.0,10800.0,0
2025-06-01,M6,44658.74177916886,0.0,9637.688910696019,54296.43068986484,54296.43068986484,0.0,7290.730397096577,1118.478948255538,7221.286013921039,61517.71670378588,66485.23525324515,73775.96565034172,356.48678181098865,0.0,20970.824629376206,17657.69311258993,10800.0,10054.083152449775,14
2025-06-02,M6,47965.82140051907,0.0,5554.263155391942,53520.08455591103,53520.08455591103,0.0,2993.251822578921,657.6461647771059,4203.870271693784,57723.954827604815,73037.85364008062,76031.10546265956,3672.187264297486,99.32638333333352,21997.805647490197,17721.375117684358,10054.083152449775,10161.691437763886,7
2025-06-03,M6,53630.01085440522,0.0,1448.5807753042425,55078.591629709466,55078.591629709466,0.0,1224.763358348951,46.47925303528348,320.77576088095714,55399.36739059042,79817.36952590718,81042.13288425613,6927.354179619002,1661.2869499999995,20249.433503545904,15941.829329206805,10161.691437763886,10673.037891836528,2
2025-06-04,M6,57230.11883456772,4.344926196608867e-13,438.55093693855406,57668.66977150627,57668.66977150627,0.0,246.72097909905716,61.69876189930744,430.73159036872426,58099.401361874996,83917.8894663208,84164.61044541986,10382.648081149251,431.2208333333331,19225.860941172636,15458.681465002708,10673.037891836528,10800.0,3
2025-06-05,M6,56063.37854258917,0.0,557.7090769727836,56621.08761956196,56621.08761956196,0.0,422.6134444294524,81.82137720656647,565.1462669695837,57186.23388653154,81396.88119542884,81819.4946398583,6009.450570884563,712.9432999999999,21219.66524175334,17190.061112239695,10800.0,10797.630815089451,4
2025-06-06,M6,18202.753506181904,0.0,2282.7844835896144,20485.537989771514,20485.537989771514,0.0,1271.193187703911,468.8260426594969,2797.5652295759523,23283.103219347468,36656.54993255614,37927.74312026006,65.4710555301358,3771.0302890695093,20796.98988627066,17091.917467950756,10797.630815089451,10523.902303898874,3
2025-06-07,M6,20207.422115352183,0.0,237.28489485002234,20444.707010202208,20444.707010202208,0.0,139.52189971777642,236.62396580385615,1513.9201332130715,21958.62714341528,41048.73224056925,41188.25414028703,1436.7441501024423,4774.149216029078,20474.642386740466,16387.17081344777,10523.902303898874,10743.112881467772,1
2025-06-08,M6,63980.55156852442,6.35890273770201e-13,7.88210456903471e-12,63980.55156852443,63980.55156852443,0.0,6.73594513500575e-12,0.0,0.0,63980.55156852443,92155.9205595892,92155.9205595892,22225.363481282286,2269.4248358024624,12763.21352188835,10287.004546050557,10743.112881467772,10800.0,0
2025-06-09,M6,61201.69770780009,0.0,0.0,61201.69770780009,61201.69770780009,0.0,0.0,0.0,0.0,61201.69770780009,87690.49879761912,87690.49879761912,12231.64637166114,1118.5354472859055,17934.759185993396,14527.15494065465,10800.0,10800.0,0
2025-06-10,M6,58029.64930386076,0.0,0.0,58029.64930386076,58029.64930386076,0.0,0.0,0.0,0.0,58029.64930386076,84187.78092779359,84187.78092779359,8382.641662080483,337.92801666666617,20256.66850375322,16407.901488040116,10800.0,10800.0,0
2025-06-11,M6,58665.9655089792,1.0007283890445251e-13,242.45888634681677,58908.42439532602,58908.42439532602,0.0,216.06830655581618,0.0,0.0,58908.42439532602,84949.07664879318,85165.144955349,4572.302441355231,0.0,23728.401038563683,19220.004841236587,10800.0,10800.0,0
2025-06-12,M6,59419.97240508153,1.2588969866555997e-13,2.512411612087817e-12,59419.97240508153,59419.97240508153,0.0,1.8900436771218665e-12,0.0,0.0,59419.97240508153,85554.71895682957,85554.71895682956,8936.263163146366,358.2286666666665,20041.240493069476,16233.40479938627,10800.0,10800.0,0
2025-06-13,M6,19446.061571908333,0.0,0.0,19446.061571908333,19446.061571908333,0.0,0.0,0.0,0.0,19446.061571908333,38848.52994693363,38848.52994693363,1579.6256146888954,5017.406161139605,20558.865637395415,16652.681166290284,10800.0,10800.0,0
2025-06-14,M6,20262.353132017033,0.0,0.0,20262.353132017033,20262.353132017033,0.0,0.0,0.0,0.0,20262.353132017033,39097.3744292695,39097.3744292695,1039.4901223843449,8097.745235427553,19825.24379714524,16058.447475687639,10800.0,10800.0,0
2025-06-15,M6,57460.277833144886,9.111822407703586e-13,1.0556163942965215e-12,57460.27783314489,57460.27783314489,0.0,2.4584778657299466e-12,0.0,0.0,57460.27783314489,83044.80982708267,83044.80982708267,8718.822961055239,22.459833333333336,19350.277365056703,15673.724665695938,10800.0,10800.0,0
2025-06-16,M6,57872.9677477913,0.0,29.567855590978773,57902.53560338229,57902.53560338229,0.0,14.468531710436991,0.0,0.0,57902.53560338229,83380.82223142422,83395.29076313465,6731.688073644895,0.0,20892.36775170048,16922.817878877388,10800.0,10800.0,0
2025-06-17,M6,56076.36449309071,0.0,2580.64687655208,58657.01136964281,58657.01136964281,0.0,1968.18141020066,4.773168754256631,34.62695272775473,58691.63832237056,81480.41328626107,83448.59469646173,4608.1494519344,0.0,22148.458929552282,17940.25173293735,10800.0,10800.0,1
2025-06-18,M6,58009.60668827951,0.0,1182.1391452917917,59191.74583357131,59191.74583357131,0.0,1064.6516485342422,0.0,0.0,59191.74583357131,83691.01556288775,84755.667211422,10170.839005227755,87.41241666666656,18784.341523829433,15215.316634301846,10800.0,10800.0,0
2025-06-19,M6,55094.56277681321,0.0,1443.6620373618898,56538.22481417511,56538.22481417511,0.0,1044.0698379934263,65.60320809028292,451.28863329226897,56989.51344746738,81071.88369458163,82115.95353257506,8694.75940798728,1406.9671308651336,20106.978956910203,16286.652955097265,10800.0,10800.0,2
2025-06-20,M6,19546.12329186451,0.0,111.9638698244119,19658.087161688916,19658.087161688916,0.0,88.05442632787617,0.0,0.0,19658.087161688916,38055.97037292963,38144.02479925751,3149.2139951202935,8821.644281902456,19855.71406439347,16083.128392158713,10800.0,10800.0,0
2025-06-21,M6,19116.512326325686,4.0255372368847017e-13,211.47144213107094,19327.983768456754,19327.983768456754,0.0,155.7779813452487,0.0,0.0,19327.983768456754,38213.18993297384,38368.96791431909,4084.357193091323,10982.599693585664,20880.3717244321,16913.101096789997,10800.0,10800.0,0
2025-06-22,M6,51931.36612191696,0.0,2125.975516550643,54057.341638467624,54057.341638467624,0.0,1617.9630176341768,0.0,0.0,54057.341638467624,76429.59712329772,78047.5601409319,6112.473633103681,527.3828666666664,20791.381795587193,16841.019254425628,10800.0,10800.0,0
2025-06-23,M6,51636.58975861005,0.0,336.6917489843265,51973.28150759439,51973.28150759439,0.0,226.27453455395397,0.0,0.0,51973.28150759439,76370.14250585255,76596.4170404065,4908.529609272857,526.9987656840831,21576.856133945133,17477.25346849556,10800.0,10800.0,0
2025-06-24,M6,54794.779593960186,0.0,3663.080453635285,58457.860047595444,58457.860047595444,0.0,2899.2500432970774,1259.6102989700707,6841.881518428179,65299.74156602362,78605.5171067509,81504.76715004799,1955.7298121373262,0.0,23893.975720424936,19354.1203335442,10800.0,10800.0,6
2025-06-25,M6,53902.34508819565,0.0,1615.4324211915387,55517.77750938718,55517.77750938718,0.0,1300.3444577272887,0.3559635037134967,2.4860491099350615,55520.263558497114,79398.7605429545,80699.10500068178,6242.454597144282,174.04331666666644,20239.6930721468,16394.151388438913,10800.0,10800.0,1
2025-06-26,M6,52162.57860872755,0.0,1136.8520101862325,53299.43061891371,53299.43061891371,0.0,1188.1891971989303,37.578215584132636,263.95021278438475,53563.3808316981,77823.59468978283,79011.78388698175,7132.148324766286,447.91728415637954,20641.645580578315,16719.732920268434,10800.0,10800.0,2
2025-06-27,M6,17851.301565678572,0.0,133.57894017305935,17984.88050585163,17984.88050585163,0.0,102.94955627126984,0.0,0.0,17984.88050585163,36365.94011028261,36468.88966655388,2564.830998630069,10163.701488486153,20887.954277742087,16919.24296497109,10800.0,10800.0,0
2025-06-28,M6,18107.88707562027,5.858225904376013e-13,208.58705464688154,18316.47413026715,18316.474130267146,3.637978807091713e-12,163.815006167943,0.0,0.0,18316.47413026715,36593.52452773359,36757.33953390154,2262.4709666116464,8803.372453048229,20602.999987236828,16688.429989661832,10800.0,10800.0,0
2025-06-29,M6,50924.200562318445,0.0,2486.4928125442425,53410.69337486267,53410.69337486267,0.0,2057.371203042768,0.0,0.0,53410.69337486267,75231.49912401843,77288.87032706119,4032.5940799987848,23.73727019110879,20867.212860726224,16902.44241718825,10800.0,10800.0,0
2025-06-30,M6,52867.101205933,0.0,370.6328185739294,53237.73402450693,53237.73402450693,0.0,245.30164741581495,15.16209347607446,105.30832023807517,53343.042344745,78408.78746024074,78654.08910765656,4765.0865942310365,0.0,21192.00328193819,17165.522658369933,10800.0,10800.0,1
2025-07-01,M6,56446.47286106676,0.0,15779.417732416328,72225.89059348307,72225.89059348307,0.0,11610.724597745992,161.05584309032383,1188.257927007801,73414.14852049087,76970.00140036436,88580.72599811034,5225.136220060642,768.1770499999998,22309.702077784266,18427.77753997756,10800.0,10403.423492253001,7
2025-07-02,M6,57779.701191699365,0.0,10823.222311751882,68602.92350345124,68602.92350345124,0.0,8377.523628632825,114.52823569773079,979.2043023360271,69582.12780578727,78282.84484420944,86660.36847284227,7924.785946715318,1956.406183333334,19115.891341328308,15126.95312950363,10403.423492253001,10800.0,3
2025-07-03,M6,65018.425378774664,4.42287273472175e-13,5759.997770924457,70778.42314969911,70778.42314969911,0.0,4289.4387877979625,0.0,0.0,70778.42314969911,85941.27324151296,90230.71202931092,5525.263490127879,1023.6948833333333,20638.603802717753,16717.26908020138,10800.0,10800.0,0
2025-07-04,M6,24984.877303192683,0.0,2097.612494095895,27082.489797288577,27082.489797288577,0.0,1742.5997682898965,0.0,0.0,27082.489797288577,43041.41838456577,44784.018152855664,1609.055993059667,10140.563259341194,21860.691756779663,17707.160322991527,10800.0,10800.0,0
2025-07-05,M6,25470.266472601295,0.0,548.290035516468,26018.556508117766,26018.556508117766,0.0,359.69263169400926,0.0,0.0,26018.556508117766,44927.065895031454,45286.75852672546,1283.4079028206409,10975.284941161623,22305.1879793502,18067.20226327367,10800.0,10800.0,0
2025-07-06,M6,67963.23576041554,0.0,2690.438658662234,70653.67441907777,70653.67441907777,0.0,2136.0539917992164,0.0,0.0,70653.67441907777,89156.22412030654,91292.27811210575,7067.264512044462,427.353308386997,21071.993377233077,17068.31463555879,10800.0,10800.0,0
2025-07-07,M6,70052.73857055757,6.845766620244831e-13,90.94661066755528,70143.68518122513,70143.68518122513,0.0,44.67574938928642,0.0,0.0,70143.68518122513,92999.91653815244,93044.59228754172,14581.696540314591,1889.4501393092592,16652.43600658531,13488.473165334104,10800.0,10800.0,0
2025-07-08,M6,75876.30776764716,0.0,0.0,75876.30776764716,75876.30776764716,0.0,0.0,0.0,0.0,75876.30776764716,100123.23623458343,100123.23623458343,18509.17367691869,2603.5373333333337,18100.72740876179,14661.589201097051,10800.0,10800.0,0
2025-07-09,M6,71653.60795310618,0.0,0.0,71653.60795310618,71653.60795310618,0.0,0.0,0.0,0.0,71653.60795310618,95160.56098647886,95160.56098647886,16095.635539341005,1654.8355,17638.7627919536,14287.397861482415,10800.0,10800.0,0
2025-07-10,M6,66743.04641472753,0.0,0.0,66743.04641472753,66743.04641472753,0.0,0.0,0.0,0.0,66743.04641472753,88755.15433711864,88755.15433711864,10664.501766700207,1554.5866666666664,19381.276423254963,15698.833902836519,10800.0,10800.0,0
2025-07-11,M6,27979.17652819333,0.0,3.2055936571850907e-12,27979.176528193333,27979.176528193333,0.0,1.5916157281026244e-12,0.0,0.0,27979.176528193333,46960.64122032442,46960.641220324425,3248.3031320528094,7209.119991232331,20970.741826522564,16986.30087948328,10800.0,10800.0,0
2025-07-12,M6,26517.659498843135,1.149714989878703e-13,381.5324126527596,26899.191911495906,26899.191911495902,3.637978807091713e-12,310.582643318167,0.0,0.0,26899.191911495906,45681.40509264944,45991.9877359676,1777.0680790059312,9118.983679626275,21114.1718105372,17102.47916653513,10800.0,10800.0,0
2025-07-13,M6,61051.32417398281,0.0,531.2518404322725,61582.57601441506,61582.57601441506,0.0,302.5493351368308,16.420267053021007,134.54766823245416,61717.123682647514,84313.38278404358,84615.93211918042,8060.341255320157,3565.513032779205,19677.7773586004,15938.999660466325,10800.0,10800.0,1
2025-07-14,M6,58669.32353737922,0.0,1962.1382865804514,60631.461823959675,60631.461823959675,0.0,1086.5951354444403,17.707239252541513,152.27828849570326,60783.74011245538,79837.93622482366,80924.5313602681,4430.117472762727,895.0461947409067,20049.45113342291,16240.05541807256,10800.0,10800.0,2
2025-07-15,M6,64671.58121751382,0.0,0.0,64671.58121751382,64671.58121751382,0.0,0.0,0.0,0.0,64671.58121751382,87581.78118434385,87581.78118434385,10773.827829607726,328.9828333333337,19631.15756878662,15901.237630717162,10800.0,10800.0,0
2025-07-16,M6,63548.99770421058,0.0,0.0,63548.99770421058,63548.99770421058,0.0,0.0,0.0,0.0,63548.99770421058,84449.35098631596,84449.35098631596,7333.695440617701,1218.3980999999999,19803.65295981538,16040.958897450459,10800.0,10800.0,0
2025-07-17,M6,60942.76455482231,0.0,577.1025408474916,61519.867095669804,61519.867095669804,0.0,453.1439121370735,4.389120957127261,36.96298214044723,61556.83007781025,82215.69047775923,82668.8343898963,4774.315215115979,901.0054469585107,22513.088326906756,18235.601544794474,10800.0,10800.0,1
2025-07-18,M6,26642.68909039651,0.0,3.0275685958258687e-12,26642.68909039651,26642.68909039651,0.0,1.5347723092418164e-12,0.0,0.0,26642.68909039651,46175.00675609041,46175.00675609041,2959.3523712562915,8074.99146583117,20349.551678962896,16483.136859959945,10800.0,10800.0,0
2025-07-19,M6,26499.210128426108,0.0,60.22437388179562,26559.434502307908,26559.434502307908,0.0,41.4092433615279,0.0,0.0,26559.434502307908,46415.80096051003,46457.21020387156,2453.860149783106,12640.090935745879,22002.316149171435,17821.876080828864,10800.0,10800.0,0
2025-07-20,M6,61860.664548473724,0.0,193.34340592695375,62054.00795440069,62054.00795440069,0.0,122.92017740555502,0.0,0.0,62054.00795440069,84520.63262200476,84643.55279941032,7429.315810001839,1344.713816666667,19892.341874079717,16112.79691800457,10800.0,10800.0,0
2025-07-21,M6,63082.06788884175,0.0,252.70423742557978,63334.77212626733,63334.77212626733,0.0,116.67785092452164,0.07560764890070004,0.6546488280067113,63335.42677509534,84913.19447117965,85029.87232210417,6133.894686575278,813.4756333333335,21541.20136760239,17448.373107757936,10800.0,10800.0,1
2025-07-22,M6,61952.29531919227,0.0,4658.297005278822,66610.5923244711,66610.5923244711,0.0,4273.00760556429,0.0,0.0,66610.5923244711,83621.38258948167,87894.39019504597,9434.636473016413,723.8507,20740.83371243623,16800.075307073348,10800.0,10800.0,0
2025-07-23,M6,63593.79110959313,0.0,336.3263647053062,63930.11747429844,63930.11747429844,0.0,185.4626777104321,14.365054855466383,121.23216455403039,64051.349638852465,86431.9064129873,86617.36909069773,6683.1197133132755,1777.8780166666672,20811.52262582416,16857.33332691757,10800.0,10800.0,3
2025-07-24,M6,63012.16680198752,0.0,1018.7401314558006,64030.90693344331,64030.90693344331,0.0,594.6004054043897,0.0,0.0,64030.90693344331,85351.45578821155,85946.05619361595,7840.7106834001315,708.7913700176102,19895.169158937948,16115.087018739741,10800.0,10800.0,0
2025-07-25,M6,25805.793469784578,0.0,249.63380645253207,26055.4272762371,26055.4272762371,0.0,168.66603688431994,0.0,0.0,26055.4272762371,44890.21052613089,45058.876563015205,2844.3668502399623,11733.119346816973,20926.68841732428,16950.617618032666,10800.0,10800.0,0
2025-07-26,M6,25901.05329267819,0.0,186.87223924879174,26087.925531926976,26087.925531926976,0.0,138.9465921156763,0.0,0.0,26087.925531926976,44892.961890485865,45031.908482601546,2562.309784222297,9923.529573663585,21457.776621310535,17380.799063261533,10800.0,10800.0,0
2025-07-27,M6,60666.51890982935,0.0,1312.3803622725247,61978.89927210189,61978.89927210189,0.0,909.4986281234376,0.0,0.0,61978.89927210189,82665.68810918811,83575.18673731154,4895.0228066947275,541.0009197624231,23441.964267654723,18987.991056800325,10800.0,10800.0,0
2025-07-28,M6,63598.71635782844,0.0,788.5079916954008,64387.224349523836,64387.224349523836,0.0,552.5001345950234,0.0,0.0,64387.224349523836,85359.69975421946,85912.19988881447,3824.256221231381,0.0,21752.981232893522,17619.914798643757,10800.0,10800.0,0
2025-07-29,M6,63909.8693082241,0.0,1653.5364798790383,65563.40578810312,65563.40578810312,0.0,1530.5477716471198,12.376699067396544,106.06831100758838,65669.47409911071,86394.18345382648,87924.7312254736,7109.87967235518,770.56035,20986.431327293874,16999.009375108046,10800.0,10800.0,1
2025-07-30,M6,62558.32587963058,0.0,2591.489760984402,65149.81564061498,65149.81564061498,0.0,2353.292085818777,0.0,0.0,65149.81564061498,83610.41369303568,85963.70577885446,6066.953007564311,1880.9367999999997,20592.43116468494,16679.869243394794,10800.0,10800.0,0
2025-07-31,M6,61432.84320647012,0.0,842.2014189473176,62275.04462541741,62275.04462541741,0.0,705.7923834176898,0.7994771035077974,6.625666495320871,62281.67029191273,83852.59931861004,84558.39170202773,5093.7906494900835,566.4607333333333,22126.018577058727,17922.075047417566,10800.0,10800.0,1
2025-08-01,M6,25071.59222100444,7.478888619516511e-14,810.7131720503527,25882.30539305479,25882.30539305479,0.0,528.6636725375406,0.0,0.0,25882.30539305479,44050.911426811675,44579.57509934921,3000.4525924972804,16227.827271238388,21578.60825761519,17478.672688668303,10800.0,10800.0,0
2025-08-02,M6,24773.90927296547,0.0,2.0102447706449313e-12,24773.90927296547,24773.90927296547,0.0,1.0231815394945443e-12,0.0,0.0,24773.90927296547,43963.57104897163,43963.57104897163,2372.7626099110234,16733.981412406316,20683.168912215566,16753.36681889461,10800.0,10800.0,0
2025-08-03,M6,54642.09189498998,0.0,287.93053770227783,54930.02243269228,54930.02243269228,0.0,192.32613601390335,114.68078428415322,957.3293911528293,55887.351823845114,75584.80140951372,75777.12754552762,5268.848471252657,4032.686355361724,19741.018525600288,15990.225005736233,10800.0,10800.0,5
2025-08-04,M6,54926.414169664065,0.0,517.7941234505479,55444.20829311462,55444.20829311462,0.0,481.6441288274568,0.0,0.0,55444.20829311462,74628.15831307619,75109.80244190365,3967.042013419941,2138.62885,18886.71839552827,15298.241900377898,10800.0,10800.0,0
2025-08-05,M6,54666.585628754336,0.0,242.94546790793285,54909.531096662264,54909.531096662264,0.0,455.84556284442937,0.0,0.0,54909.531096662264,74240.15551700273,74696.00107984716,4185.790610087309,1572.495209303135,19923.186984859884,16137.781457736506,10800.0,10800.0,0
2025-08-06,M6,56356.95518144176,0.0,87.32062519813883,56444.27580663989,56444.27580663989,0.0,37.00810561480773,0.0,0.0,56444.27580663989,76099.59007076769,76136.5981763825,2867.036217557934,1380.4687468148395,19866.81023864773,16092.116293304662,10800.0,10800.0,0
2025-08-07,M6,56333.04832181621,0.0,855.7231083270602,57188.77143014327,57188.77143014327,0.0,575.8834528216366,14.00042150435138,121.95767172440486,57310.72910186768,78245.2671456552,78821.15059847684,7220.913139129557,4499.747333940365,19613.185773217265,15886.680476305986,10800.0,10800.0,1
2025-08-08,M6,23742.44496668272,0.0,0.0,23742.44496668272,23742.44496668272,0.0,0.0,0.0,0.0,23742.44496668272,42678.73153060629,42678.73153060629,1608.1559698018655,21046.91789450433,22360.454822632073,18111.968406331987,10800.0,10800.0,0
2025-08-09,M6,23681.982697057843,0.0,17.754178055214556,23699.736875113056,23699.736875113056,0.0,18.881969152249212,0.0,0.0,23699.736875113056,42036.98198041234,42055.86394956459,1083.132117681303,17961.562136107517,21522.319451451433,17433.078755675662,10800.0,10800.0,0
2025-08-10,M6,54841.58290913235,0.0,90.20371510280049,54931.78662423512,54931.78662423512,0.0,52.11867773108963,9.840219436887196,85.04204173089494,55016.828665966015,73839.9372691639,73892.055946895,3159.749421435486,1632.7605166666667,20025.090411735422,16220.323233505695,10800.0,10800.0,2
2025-08-11,M6,53692.037689149496,0.0,636.4279189535979,54328.46560810308,54328.46560810308,0.0,455.6524603715496,67.25370057166526,562.6185596668755,54891.08416776995,74203.11061611873,74658.7630764903,3371.0544513075874,2913.1836833333336,20423.817416251117,16543.29210716341,10800.0,10800.0,6
2025-08-12,M6,55241.77326702267,0.0,1136.456660096596,56378.22992711926,56378.22992711926,0.0,800.3723225475479,35.81621052562946,288.30675026550455,56666.53667738476,76031.55754478801,76831.92986733557,3300.390790412133,1805.2251556394299,21060.981483208594,17059.395001398967,10800.0,10800.0,4
2025-08-13,M6,54501.95803935433,0.0,1299.5711336251584,55801.52917297946,55801.52917297946,0.0,1259.4850194278301,44.57004344651898,370.93969325103166,56172.46886623049,75012.79243411357,76272.2774535414,4895.892673215251,1514.7427275887185,19922.277085178757,16137.0444389948,10800.0,10800.0,2
2025-08-14,M6,54353.430778184105,0.0,838.4280886880176,55191.858866872135,55191.858866872135,0.0,1042.1596780417544,64.5942598718384,551.4318010911619,55743.290667963294,74379.14341447655,75421.30309251831,3097.642925604269,2070.761312265083,23111.59016414458,18720.38803295712,10800.0,10800.0,3
2025-08-15,M6,24020.54093011149,0.0,287.82059318101807,24308.361523292508,24308.361523292508,0.0,170.44223129270796,0.0,0.0,24308.361523292508,42569.182853964165,42739.62508525688,1724.7076377113326,19776.93411153486,21464.507645670245,17386.2511929929,10800.0,10800.0,0
2025-08-16,M6,23831.172571885087,0.0,463.39073623895223,24294.563308124038,24294.563308124038,0.0,273.83749268944104,0.0,0.0,24294.563308124038,42480.000059441794,42753.837552131234,1815.5210040392362,19949.723500591346,21364.803583336772,17305.49090250279,10800.0,10800.0,0
2025-08-17,M6,54857.1072842959,0.0,20.597727886653498,54877.70501218256,54877.70501218256,0.0,15.167963766352159,44.60727420136902,372.84435853753473,55250.549370720095,75599.3770420303,75614.54500579665,5253.64726260788,3240.607374943596,21050.02118831518,17050.5171625353,10800.0,10800.0,3
2025-08-18,M6,54507.895935889755,0.0,466.82986556412226,54974.72580145387,54974.72580145387,0.0,374.71373278660394,108.1670674173505,915.6436583519819,55890.36945980585,74653.13420555278,75027.84793833937,4519.315061370702,2044.6419833333339,21989.170233610712,17811.227889224676,10800.0,10800.0,5
2025-08-19,M6,55082.04263709039,0.0,305.9702763849855,55388.012913475395,55388.012913475395,0.0,213.59896299482836,72.4788528780798,619.3000551971888,56007.31296867258,75173.81560585902,75387.41456885386,4475.029028398375,2908.1554526251075,19784.467845833988,16025.418955125537,10800.0,10800.0,2
2025-08-20,M6,56652.901673420405,0.0,138.06580968750166,56790.96748310791,56790.96748310791,0.0,69.4714080820711,512.3921648543035,2925.5482605166653,59716.51574362458,77187.94693815385,77257.41834623594,2843.2125475204352,0.0,22504.773141595477,18228.866244692337,10800.0,10800.0,8
2025-08-21,M6,56586.41120635556,0.0,682.2629008274395,57268.67410718299,57268.67410718299,0.0,416.92710665959595,0.0,0.0,57268.67410718299,78674.85217885592,79091.77928551551,7019.84480739064,2462.889933333333,19813.821376095802,16049.195314637604,10800.0,10800.0,0
2025-08-22,M6,23742.13994960755,0.0,610.2544210794038,24352.39437068695,24352.39437068695,0.0,407.6792034737058,0.0,0.0,24352.39437068695,42561.09190866849,42968.771112142196,899.7169148580533,16799.35228216269,21258.59218484979,17219.459669728334,10800.0,10800.0,0
2025-08-23,M6,23569.561900676676,0.0,367.0099550173413,23936.57185569402,23936.57185569402,0.0,280.65934889042643,0.0,0.0,23936.57185569402,42954.32451329012,43234.98386218054,1510.4326964399058,15222.579742049791,20905.08038784659,16933.115114155742,10800.0,10800.0,0
2025-08-24,M6,55955.27523456262,0.0,592.2104060817006,56547.485640644336,56547.485640644336,0.0,406.054686114078,0.0,0.0,56547.485640644336,76479.69341554175,76885.74810165583,5212.476090713139,3871.053126337448,21413.83895406269,17345.20955279078,10800.0,10800.0,0
2025-08-25,M6,60338.68807186199,0.0,0.0,60338.68807186199,60338.68807186199,0.0,0.0,0.0,0.0,60338.68807186199,83798.3119189048,83798.3119189048,7695.850844108228,1260.8945330766219,21413.050131859363,17344.570606806083,10800.0,10800.0,0
2025-08-26,M6,56802.677245101266,0.0,0.0,56802.677245101266,56802.677245101266,0.0,0.0,0.0,0.0,56802.677245101266,78370.43928898986,78370.43928898986,6882.988670692594,2133.3512833333343,20133.057640161078,16307.776688530479,10800.0,10800.0,0
2025-08-27,M6,57134.50551384625,1.0025180685602209e-14,2229.1071831775253,59363.61269702377,59363.61269702377,0.0,2713.170253805083,0.0,0.0,59363.61269702377,78567.83680590052,81281.00705970559,6784.71701780182,2543.1032087517005,21258.09456044958,17219.05659396416,10800.0,10800.0,0
2025-08-28,M6,57032.366510739426,0.0,2142.5640222186366,59174.93053295804,59174.93053295804,0.0,2122.2827690637514,59.01507789036998,490.9891283096166,59665.91966126765,78342.69045028658,80464.97321935033,5571.478054558395,146.0562530063405,21256.100033382296,17217.441027039655,10800.0,10800.0,3
2025-08-29,M6,25138.78428729596,0.0,0.0,25138.78428729596,25138.78428729596,0.0,0.0,0.0,0.0,25138.78428729596,44853.85700027844,44853.85700027844,2340.4027541490814,15819.610714082919,21782.227273928664,17643.60409188222,10800.0,10800.0,0
2025-08-30,M6,24979.338810952602,0.0,264.9533688767225,25244.29217982932,25244.29217982932,0.0,185.4954101546887,0.0,0.0,25244.29217982932,44192.632128452344,44378.12753860703,1656.5662025450358,20325.856477755435,20436.763289332775,16553.77826435955,10800.0,10800.0,0
2025-08-31,M6,55205.22128242422,0.0,124.15679571714489,55329.37807814136,55329.37807814136,0.0,173.52455025913437,18.375266024710527,153.71030032365877,55483.088378465014,76454.49305993316,76628.0176101923,4581.328403310927,1286.9903780901946,21744.479007802915,17613.027996320365,10800.0,10800.0,2
2025-09-01,M6,51281.81051547773,0.0,0.0,51281.81051547773,51281.81051547773,0.0,0.0,0.0,0.0,51281.81051547773,80082.24586533952,80082.24586533952,18266.683414261995,5125.141433333334,16401.50781268874,13285.221328277881,10800.0,10800.0,0
2025-09-02,M6,43750.456543800385,0.0,126.45280035617822,43876.90934415656,43876.90934415656,0.0,114.66842006472987,0.0,0.0,43876.90934415656,68151.99338929204,68266.66180935677,8947.771545361278,1390.091005349793,20373.91267708261,16502.869268436916,10800.0,10800.0,0
2025-09-03,M6,44460.64537639036,0.0,1014.3118028487285,45474.95717923911,45474.95717923911,0.0,761.4606087232272,0.0,0.0,45474.95717923911,67161.11977931095,67922.58038803417,6402.481835183606,2604.414416666666,17726.1415062311,14358.174620047192,10800.0,10800.0,0
2025-09-04,M6,42467.70609789675,0.0,982.9202280398271,43450.62632593657,43450.62632593657,0.0,712.914959980297,0.0,0.0,43450.62632593657,65140.98675488926,65853.90171486956,5784.586462292789,2327.894818751285,20083.446756976286,16267.591873150794,10800.0,10800.0,0
2025-09-05,M6,18232.86314343649,0.0,0.0,18232.86314343649,18232.86314343649,0.0,0.0,0.0,0.0,18232.86314343649,38476.64572307987,38476.64572307987,4799.26630723734,23170.234088670994,19383.598213183555,15700.71455267868,10800.0,10800.0,0
2025-09-06,M6,17846.70044476045,0.0,132.9879864039934,17979.68843116444,17979.68843116444,0.0,99.88794590946941,0.0,0.0,17979.68843116444,37884.977734500535,37984.86568041,4631.540088495427,21973.91455182534,19254.35442152233,15596.02708143309,10800.0,10800.0,0
2025-09-07,M6,38431.01781792296,0.0,4376.106020315338,42807.1238382383,42807.1238382383,0.0,4719.882976856634,498.1008599692047,2608.4800889588214,45415.603927197124,59080.17708638219,63800.06006323882,4680.705176694921,684.2410502883074,20906.479366095446,16934.248286537313,10800.0,10800.0,5
2025-09-08,M6,35036.9406154083,0.0,10074.333190528616,45111.273805936915,45111.273805936915,0.0,8927.76251791903,191.7191370662958,940.5440809872131,46051.81788692413,54801.83510493433,63729.597622853355,334.3230855338378,137.40382933698174,21965.571038007205,17911.5507262917,10800.0,10667.290904993488,7
2025-09-09,M6,37480.559778426774,0.0,4642.724976985992,42123.284755412766,42123.284755412766,0.0,4847.875866468723,58.14683476171349,381.16237734856713,42504.447132761336,58045.26116233405,62893.13702880277,2033.1880236168627,3603.128320685463,21587.32012692869,17375.1868743332,10667.290904993488,10790.115825525745,3
2025-09-10,M6,40842.78354681943,0.0,3573.0204209081235,44415.803967727574,44415.803967727574,0.0,3197.3850338252823,972.1448333333317,5191.381039699991,49607.185007427564,63777.3079039545,66974.6929377798,2445.8699341705715,0.0,21979.33384166172,17794.364654719167,10790.115825525745,10800.0,8
2025-09-11,M6,42315.5970090938,2.721662895055488e-13,910.8129788572817,43226.409987951076,43226.409987951076,0.0,624.0722661000166,0.0,0.0,43226.409987951076,67142.09859121092,67766.17085731094,5762.990619331163,4680.02805,20142.454761297085,16315.38835665064,10800.0,10800.0,0
2025-09-12,M6,16979.832977576287,0.0,0.0,16979.832977576287,16979.832977576287,0.0,0.0,0.0,0.0,16979.832977576287,36934.01445561593,36934.01445561593,2685.2205107982786,18849.060453878203,20253.038373365518,16404.961082426067,10800.0,10800.0,0
2025-09-13,M6,17572.233407695465,0.0,0.0,17572.233407695465,17572.233407695465,0.0,0.0,0.0,0.0,17572.233407695465,38103.75171552127,38103.75171552127,3428.286905919888,23130.196334459924,18621.93153583227,15083.764544024138,10800.0,10800.0,0
2025-09-14,M6,44173.17017698276,0.0,504.61874551244557,44677.78892249522,44677.78892249522,0.0,321.06290258073204,0.0,0.0,44677.78892249522,68533.55537087971,68854.61827346045,3527.141441189883,1420.3838368817337,20040.88550204653,16233.117256657693,10800.0,10800.0,0
2025-09-15,M6,40604.26129310721,0.0,1514.3386458689604,42118.59993897617,42118.59993897617,0.0,1119.3938615182421,119.76921862655513,801.3558992304473,42919.95583820662,63344.18027416387,64463.57413568211,2748.86902113059,2729.874040129783,21250.36663007874,17212.796970363783,10800.0,10800.0,3
2025-09-16,M6,46068.06058027969,1.8866614936996486e-13,957.8873719135282,47025.94795219322,47025.94795219322,0.0,752.1836954050193,8.600226203776742,57.91025242535335,47083.85820461858,70681.19837937756,71433.38207478257,4976.148309245189,3336.629727957913,19144.390949736426,15506.956669286506,10800.0,10800.0,2
2025-09-17,M6,45418.311891002835,0.0,340.49944512517044,45758.81133612801,45758.81133612801,0.0,318.0981875185481,0.0,0.0,45758.81133612801,70224.20975225829,70542.30793977685,4356.432110410946,2238.0567000000005,20987.89857560999,17000.197846244093,10800.0,10800.0,0
2025-09-18,M6,43543.734348894606,0.0,3496.389625810571,47040.12397470519,47040.12397470519,0.0,4156.982599264868,0.0,0.0,47040.12397470519,67665.10803231123,71822.09063157611,6383.321445819261,2807.9366995831015,19340.95457635302,15666.173206845946,10800.0,10800.0,0
2025-09-19,M6,16319.737667774676,0.0,359.964839237458,16679.702507012138,16679.702507012138,0.0,309.9302730682278,0.0,0.0,16679.702507012138,35794.34325170741,36104.273524775635,1741.9240678523483,14343.953009599685,20616.021740299653,16698.97760964272,10800.0,10800.0,0
2025-09-20,M6,15947.712746366873,0.0,217.66051967341014,16165.37326604028,16165.37326604028,0.0,176.71730156206655,0.0,0.0,16165.37326604028,35860.02635515198,36036.74365671405,1595.3739828121727,14773.549715433492,21170.4538165003,17148.06759136525,10800.0,10800.0,0
2025-09-21,M6,47264.61283978825,0.0,794.5893592073438,48059.20219899558,48059.20219899558,0.0,1003.1762454186498,0.0,0.0,48059.20219899558,72936.15295248677,73939.32919790542,8201.73375384529,3942.9169287929562,18458.90016807289,14951.709136139041,10800.0,10800.0,0
2025-09-22,M6,47782.84204147171,3.140485205221921e-13,198.15946631045065,47981.00150778216,47981.00150778216,0.0,131.11853412243244,19.555900000000065,128.01369518333377,48109.01520296549,72970.09056140912,73101.20909553155,5733.622885076427,3074.9459830051323,19464.085495350846,15765.909251234183,10800.0,10800.0,2
2025-09-23,M6,48596.80652930414,0.0,2.145100097550312e-13,48596.80652930414,48596.80652930414,0.0,1.1368683772161603e-13,5.4765980538848,35.46371069793102,48632.27024000207,74180.39144198157,74180.39144198157,5816.04835557099,2552.603983333334,19476.842725251576,15776.24260745378,10800.0,10800.0,1
2025-09-24,M6,46376.56916009723,3.887237198796356e-14,1075.295335843777,47451.86449594104,47451.86449594104,0.0,1292.908033271441,0.0,0.0,47451.86449594104,70753.47559929117,72046.3836325626,4406.377388948051,2566.8683499999997,21104.804176918733,17094.891383304177,10800.0,10800.0,0
2025-09-25,M6,47436.69887215657,0.0,1193.9234994735891,48630.62237163017,48630.62237163017,0.0,1488.6578529552146,31.88636666666673,217.3592900833338,48847.9816617135,72631.344285623,74120.0021385782,6799.446527300686,3368.4021,19203.110410232628,15554.51943228844,10800.0,10800.0,2
2025-09-26,M6,16535.051411826356,1.9558115127438214e-13,0.0,16535.051411826356,16535.051411826356,0.0,3.410605131648481e-13,0.0,0.0,16535.051411826356,37174.288316204795,37174.288316204795,2214.039154070467,13508.113052813773,19778.382154318722,16020.489544998167,10800.0,10800.0,0
2025-09-27,M6,16926.489418740202,0.0,352.042669921854,17278.532088662054,17278.532088662054,0.0,312.7418233973732,0.0,0.0,17278.532088662054,36735.62787705872,37048.369700456096,1015.0412559047236,14239.27387066812,21014.48591517505,17021.73359129179,10800.0,10800.0,0
2025-09-28,M6,48617.5006971059,7.509015631512738e-14,3252.479406565069,51869.98010367095,51869.98010367095,0.0,3452.1880430618935,5.868333333333339,40.07191416666671,51910.05201783761,73561.09649908997,77013.28454215186,8300.913014365502,1384.6651415244576,20241.818699624062,16395.87314669549,10800.0,10800.0,1
2025-09-29,M6,49646.00661844271,0.0,54.460472833963,49700.46709127671,49700.46709127671,0.0,40.01739471066662,5.620383333333393,37.527299516667064,49737.99439079338,75333.76766817446,75373.78506288512,6503.25616796069,2280.5982208044925,20187.68135501726,16352.021897563984,10800.0,10800.0,1
2025-09-30,M6,49971.60487342055,5.284960025164764e-13,556.601894745883,50528.20676816643,50528.20676816643,0.0,511.3613200199248,0.0,0.0,50528.20676816643,75816.06647157655,76327.42779159646,5569.205573336694,1352.3313166666665,20966.927025928642,16983.2108910022,10800.0,10800.0,0
2025-10-01,M6,46276.61586385024,1.457920006942004e-13,0.0,46276.61586385024,46276.61586385024,0.0,2.2737367544323206e-13,0.0,0.0,46276.61586385024,74953.69523459097,74953.69523459097,14572.895498829952,7425.685300000001,17334.69948646146,14041.106584033783,10800.0,10800.0,0
2025-10-02,M6,44134.93065437939,0.0,314.9396354895468,44449.870289868915,44449.870289868915,0.0,221.6205297725527,0.0,0.0,44449.870289868915,71127.35914075412,71348.97967052668,10420.422822401319,5693.239083333334,18444.91920065983,14940.38455253447,10800.0,10800.0,0
2025-10-03,M6,14311.4877820047,7.825917691661743e-14,253.861592138048,14565.349374142748,14565.349374142748,0.0,236.8696438875819,0.0,0.0,14565.349374142748,34509.99248409472,34746.86212798231,4230.64821068097,19117.36260479699,18851.040065812376,15269.342453308027,10800.0,10800.0,0
2025-10-04,M6,15254.936518139397,0.0,327.3672987250915,15582.30381686449,15582.30381686449,0.0,274.15457744446803,0.0,0.0,15582.30381686449,35248.61080080286,35522.76537824733,3791.50179312091,14991.22360759528,19179.250232620034,15535.192688422228,10800.0,10800.0,0
2025-10-05,M6,42653.577681945186,0.0,892.4352359573712,43546.01291790255,43546.01291790255,0.0,653.818468957461,0.0,0.0,43546.01291790255,68530.77345887618,69184.59192783365,6847.872741038953,4096.930138628026,18441.199902631684,14937.371921131675,10800.0,10800.0,0
2025-10-06,M6,41065.84985224661,7.036078386590816e-14,2094.197251390275,43160.0471036369,43160.0471036369,0.0,2312.6114766152855,0.0,0.0,43160.0471036369,64204.82361161414,66517.43508822942,3409.629526136276,1642.093428244897,19645.27833604343,15912.675452195173,10800.0,10800.0,0
2025-10-07,M6,41483.50953787555,0.0,2148.1050686286144,43631.614606504154,43631.614606504154,0.0,1873.62718384986,0.0,0.0,43631.614606504154,65987.19354373073,67860.82072758059,4201.038797856666,1978.5909817496795,20576.98919986448,16667.361251890234,10800.0,10800.0,0
2025-10-08,M6,38604.58653191334,0.0,1622.0544372988861,40226.64096921222,40226.64096921222,0.0,1240.6288501016481,0.0,0.0,40226.64096921222,62524.52638706767,63765.15523716931,1761.707218843294,1390.193899032191,21761.886592774572,17627.128140147404,10800.0,10800.0,0
2025-10-09,M6,40433.657264048124,0.0,648.1944004078513,41081.85166445598,41081.85166445598,0.0,464.0101597984483,0.0,0.0,41081.85166445598,66036.7177862731,66500.72794607154,2832.133759155909,3964.2803653461688,20759.64283282177,16815.310694585634,10800.0,10800.0,0
2025-10-10,M6,13491.69833501244,0.0,572.5815224229426,14064.279857435384,14064.279857435384,0.0,530.8436215998909,0.0,0.0,14064.279857435384,33388.429391781116,33919.27301338101,1489.8468119049196,19146.824913307337,20731.528271063602,16792.537899561517,10800.0,10800.0,0
2025-10-11,M6,14365.481050596838,0.0,143.67782581129453,14509.158876408132,14509.158876408132,0.0,137.7430541996493,0.0,0.0,14509.158876408132,34622.827050693486,34760.57010489314,1946.1592888974797,14961.49100276755,19718.980157340913,15972.373927446148,10800.0,10800.0,0
2025-10-12,M6,42029.49562760192,0.0,85.7966883932736,42115.292315995204,42115.292315995204,0.0,99.24410498193913,1.0009420526529311,5.027231459449347,42120.31954745465,67733.5311082286,67832.77521321054,3555.0235105167226,1951.4100281803358,20065.192806488438,16252.806173255634,10800.0,10800.0,1
2025-10-13,M6,43721.665852856524,0.0,28.36347608595727,43750.02932894248,43750.02932894248,0.0,24.884699568546694,0.0,0.0,43750.02932894248,70311.52962241518,70336.41432198373,6563.6063389374185,3001.570872400974,19704.430582343895,15960.58877169856,10800.0,10800.0,0
2025-10-14,M6,44555.17144394531,0.0,0.0,44555.17144394531,44555.17144394531,0.0,0.0,0.0,0.0,44555.17144394531,71144.71805493638,71144.71805493638,4363.857250341802,1971.7208385524132,21238.47727741499,17203.16659470614,10800.0,10800.0,0
2025-10-15,M6,44770.238900903416,4.884796567239391e-13,0.0,44770.238900903416,44770.238900903416,0.0,7.673861546209082e-13,0.0,0.0,44770.238900903416,71834.99285104567,71834.99285104567,4572.771892737405,1370.5764166666665,20903.267850745237,16931.646959103644,10800.0,10800.0,0
2025-10-16,M6,45431.548260807765,0.0,793.4862760580789,46225.034536865845,46225.034536865845,0.0,592.4109770990583,0.0,0.0,46225.034536865845,71543.38148698493,72135.79246408399,3527.5979323037886,1561.9768408324421,21472.340741830405,17392.596000882633,10800.0,10800.0,0
2025-10-17,M6,14837.923084383076,0.0,46.42792413305757,14884.351008516134,14884.351008516134,0.0,50.72565220986159,0.0,0.0,14884.351008516134,35383.26021003897,35433.98586224883,2115.1913310576183,13622.048247535025,19434.45772099748,15741.910754007957,10800.0,10800.0,0
2025-10-18,M6,14720.902911891315,0.0,54.25243820650607,14775.15535009782,14775.15535009782,0.0,54.41359877563889,0.0,0.0,14775.15535009782,35356.18235073346,35410.5959495091,1754.9560062665064,13926.799399064173,19222.354092167174,15570.106814655413,10800.0,10800.0,0
2025-10-19,M6,46492.14118794566,0.0,120.39273626030958,46612.53392420596,46612.53392420596,0.0,139.70765924203704,0.0,0.0,46612.53392420596,72981.14612954264,73120.85378878468,3608.3648576969026,1433.0601673287788,22072.138054871975,17878.431824446303,10800.0,10800.0,0
2025-10-20,M6,47931.626944938835,0.0,3.3181777325808064e-13,47931.626944938835,47931.626944938835,0.0,1.7053025658242404e-13,0.0,0.0,47931.626944938835,75168.43461543195,75168.43461543195,5469.50287766341,1153.6964089293056,21602.384011434555,17497.931049261988,10800.0,10800.0,0
2025-10-21,M6,48397.28302767661,0.0,755.903544811737,49153.18657248835,49153.18657248835,0.0,753.4533604683575,0.0,0.0,49153.18657248835,75130.32974666558,75883.78310713393,4667.492321337083,798.6254166666668,20816.231679632616,16861.14766050242,10800.0,10800.0,0
2025-10-22,M6,48108.89714619178,0.0,323.9609366927147,48432.8580828845,48432.8580828845,0.0,208.48004076827362,3.2979627548518238,18.96960827258136,48451.82769115708,74897.20529978178,75105.68534055004,3981.084963887004,1458.3436944850096,21656.094447015188,17541.4365020823,10800.0,10800.0,2
2025-10-23,M6,50632.405309031376,0.0,1.1133067800983555e-13,50632.405309031376,50632.405309031376,0.0,5.684341886080802e-14,0.0,0.0,50632.405309031376,79147.40222494141,79147.40222494141,9663.144123919437,2276.3730671005083,20149.410529411296,16321.022528823152,10800.0,10800.0,0
2025-10-24,M6,14629.12193890685,0.0,213.33360818751544,14842.455547094367,14842.455547094367,0.0,215.683024055504,0.0,0.0,14842.455547094367,35618.287804285,35833.970828340505,1422.4219239372323,12185.988550132539,20028.99809265297,16223.488455048908,10800.0,10800.0,0
2025-10-25,M6,14386.261062055082,0.0,215.42067014378406,14601.681732198866,14601.681732198866,0.0,212.7364172333322,0.0,0.0,14601.681732198866,35285.433819882775,35498.17023711611,1046.9703874093907,11149.192489524428,20545.129614994512,16641.55498814556,10800.0,10800.0,0
2025-10-26,M6,49536.39854184902,0.0,143.21345866352013,49679.612000512534,49679.612000512534,0.0,87.74396045222556,0.0,0.0,49679.612000512534,76648.40043736994,76736.14439782218,6725.296011943075,1630.4440499999992,20189.95957480227,16353.867255589834,10800.0,10800.0,0
2025-10-27,M6,47573.923853401335,0.0,1620.2878869814106,49194.21174038275,49194.21174038275,0.0,1783.4139981293729,0.0,0.0,49194.21174038275,74351.80311647929,76135.21711460866,6646.318028474607,1994.9516333333324,20744.03045333712,16802.66466720307,10800.0,10800.0,0
2025-10-28,M6,48955.233537329696,0.0,579.4391806565528,49534.67271798625,49534.67271798625,0.0,571.4895528444908,0.0,0.0,49534.67271798625,75116.65949707976,75688.14904992425,5185.6835645261635,673.9239274672141,20295.36767332042,16439.247815389543,10800.0,10800.0,0
2025-10-29,M6,50907.0039240679,0.0,443.7094478872037,51350.713371955106,51350.713371955106,0.0,305.98395866362097,0.0,0.0,51350.713371955106,77636.27994440621,77942.26390306983,4012.7305940581055,392.5096666666668,22235.61495971089,18010.84811736582,10800.0,10800.0,0
2025-10-30,M6,50097.72766320075,0.0,155.14034797273467,50252.86801117348,50252.86801117348,0.0,122.28349843099954,0.0,0.0,50252.86801117348,76100.46455859742,76222.74805702841,5675.253786303579,1849.1888273074605,20581.514702196753,16671.02690877937,10800.0,10800.0,0
2025-10-31,M6,15520.127839378583,0.0,28.710850509676384,15548.838689888256,15548.838689888256,0.0,29.882361932597988,0.0,0.0,15548.838689888256,36949.46376519886,36979.34612713146,1819.8993096674096,7537.531868694071,19566.436221596414,15848.8133394931,10800.0,10800.0,0
2025-11-01,M6,15437.855639857613,0.0,88.62352483385122,15526.479164691458,15526.479164691458,0.0,92.4749323580393,0.0,0.0,15526.479164691458,37106.356019265804,37198.83095162385,2408.3159120171454,8564.921152117879,19376.607653449973,15695.052199294481,10800.0,10800.0,0
2025-11-02,M6,51584.30949958435,2.974502422148362e-13,1999.881939448716,53584.19143903306,53584.19143903306,0.0,1940.0837492345315,0.0,0.0,53584.19143903306,78412.97755063111,80353.06129986564,6878.694096086122,486.47326666666675,22060.578967260706,17869.06896348117,10800.0,10800.0,0
2025-11-03,M6,53646.35926392714,1.175980379741759e-12,197.7993964231318,53844.158660350266,53844.158660350266,0.0,160.47987078263566,0.0,0.0,53844.158660350266,80460.69710546623,80621.17697624885,6483.666074008931,914.2489088906972,19570.166894820475,15851.835184804586,10800.0,10800.0,0
2025-11-04,M6,51943.706261476014,9.164295988739469e-14,822.0903122995126,52765.796573775544,52765.796573775544,0.0,679.5646743111035,19.634852968270593,121.16282979984867,52886.95940357539,78462.96982929477,79142.53450360587,6056.061472064477,1581.171092422833,20762.446098702654,16817.581339949153,10800.0,10800.0,2
2025-11-05,M6,54101.581327333784,3.5438318946035e-15,117.90961193857704,54219.49093927238,54219.49093927238,0.0,83.16097585243281,0.0,0.0,54219.49093927238,80468.96604151384,80552.12701736626,6075.792334880899,944.1595171533112,20285.02683508102,16430.871736415625,10800.0,10800.0,0
2025-11-06,M6,52964.902014584404,0.0,2127.3596897421044,55092.261704326505,55092.261704326505,0.0,1694.2100913988454,0.0,0.0,55092.261704326505,78518.52567134419,80212.73576274305,4642.517735418886,91.35027553848886,21627.80632518777,17518.523123402098,10800.0,10800.0,0
2025-11-07,M6,16006.155550225163,6.518305895042431e-14,28.673219254547575,16034.82876947971,16034.82876947971,0.0,31.204245662085633,0.0,0.0,16034.82876947971,38034.688106598085,38065.892352260176,2334.5751794726807,8661.127457894792,19745.936481891426,15994.208550332056,10800.0,10800.0,0
2025-11-08,M6,16204.608451769356,0.0,0.0,16204.608451769356,16204.608451769356,0.0,0.0,0.0,0.0,16204.608451769356,38140.02759414728,38140.02759414728,2326.695072426085,8449.236216303618,18804.68002851354,15231.790823095966,10800.0,10800.0,0
2025-11-09,M6,54074.000304093846,0.0,1.0640235359460348e-13,54074.000304093846,54074.000304093846,0.0,5.684341886080802e-14,0.0,0.0,54074.000304093846,80449.64852175032,80449.64852175032,4395.408272675915,716.5363493732593,21004.666928251732,17013.780211883903,10800.0,10800.0,0
2025-11-10,M6,55033.505186478906,0.0,2002.7282124805226,57036.23339895941,57036.23339895941,0.0,1740.4740163570207,0.0,0.0,57036.23339895941,81137.58831500198,82878.06233135899,4566.467498820189,287.3526499999998,21925.258329151642,17759.45924661283,10800.0,10800.0,0
2025-11-11,M6,55523.897864412655,0.0,346.88000473709275,55870.77786914977,55870.77786914977,0.0,260.17274085151075,0.0,0.0,55870.77786914977,81863.84542127879,82124.01816213032,6026.195354656393,639.3925166666663,20523.213811266254,16623.803187125664,10800.0,10800.0,0
2025-11-12,M6,54516.397750818796,0.0,1713.0350935007102,56229.432844319505,56229.432844319505,0.0,1387.5527727251465,0.20806971409001562,1.0706227138501754,56230.503467033355,81305.93770565387,82693.49047837901,7239.1250436523305,463.5332000000002,21237.118707583,17202.066153142227,10800.0,10800.0,1
2025-11-13,M6,54842.96494955461,0.0,862.5294570741822,55705.4944066288,55705.4944066288,0.0,866.8270323742421,0.0,0.0,55705.4944066288,80277.24233081978,81144.06936319401,4512.340852765285,266.887333333333,20889.315054888048,16920.345194459318,10800.0,10800.0,0
2025-11-14,M6,15503.00900338796,1.1377565556358603e-14,201.518395777354,15704.527399165318,15704.527399165318,0.0,197.65887699377282,0.0,0.0,15704.527399165318,37361.844436501895,37559.50331349567,1669.5866357205803,4554.771438688129,19666.789153089263,15930.099214002303,10800.0,10800.0,0
2025-11-15,M6,16244.209058479782,0.0,295.05723894592603,16539.26629742571,16539.26629742571,0.0,288.4143597578566,0.0,0.0,16539.26629742571,37587.26300640125,37875.6773661591,1661.010891258904,4188.054437496249,20077.500635459368,16262.775514722089,10800.0,10800.0,0
2025-11-16,M6,56487.71662612676,0.0,1331.5830579996925,57819.299684126454,57819.299684126454,0.0,959.4161850571928,0.0,0.0,57819.299684126454,82576.49592922354,83535.91211428074,4679.861980393923,478.07368333333307,20754.905616948185,16811.473549728034,10800.0,10800.0,0
2025-11-17,M6,56339.46627431317,0.0,2105.7151039559126,58445.18137826908,58445.18137826908,0.0,2025.5832249506016,0.0,0.0,58445.18137826908,82565.79746389348,84591.38068884407,7505.596875842246,409.0396622068431,20952.5779866403,16971.58816917864,10800.0,10800.0,0
2025-11-18,M6,56949.86883046627,0.0,156.2054338046079,57106.07426427087,57106.07426427087,0.0,107.6183909414836,0.0,0.0,57106.07426427087,82513.83782347747,82621.45621441895,3610.2147021972605,17.78616880587697,21594.22900043417,17491.325490351683,10800.0,10800.0,0
2025-11-19,M6,57431.07549365687,7.217408892756794e-14,4455.9716833842285,61887.04717704112,61887.04717704112,0.0,3494.8773169819856,0.0,0.0,61887.04717704112,82320.77320869153,85815.6505256735,6062.910275779275,418.5666666666664,20872.95780646091,16907.095823233336,10800.0,10800.0,0
2025-11-20,M6,56994.797873938085,0.0,881.3814183039326,57876.17929224203,57876.17929224203,0.0,707.7932148956193,0.0,0.0,57876.17929224203,83135.32819803277,83843.12141292839,5043.484359919759,94.43773333333331,20590.12255969455,16677.99927335259,10800.0,10800.0,0
2025-11-21,M6,16318.562216752814,0.0,1241.287069114598,17559.84928586741,17559.84928586741,0.0,1798.0905610340983,0.0,0.0,17559.84928586741,38166.58319312702,39964.67375416112,2763.751571729789,4633.951,19487.300609287755,15784.713493523084,10800.0,10800.0,0
2025-11-22,M6,17178.01730213146,0.0,197.0800745150182,17375.09737664648,17375.09737664648,0.0,185.90331919611396,0.0,0.0,17375.09737664648,39516.0727881278,39701.97610732392,1899.786652746902,3906.603970527433,19346.084214296046,15670.3282135798,10800.0,10800.0,0
2025-11-23,M6,58149.895135081686,0.0,1689.4828164924122,59839.37795157408,59839.37795157408,0.0,1117.479154050166,0.0,0.0,59839.37795157408,84259.69153334158,85377.17068739174,5451.457794865617,725.7397833333332,20883.562241365613,16915.685415506152,10800.0,10800.0,0
2025-11-24,M6,57313.94150751959,0.0,33.49679107217834,57347.43829859176,57347.43829859176,0.0,25.618216088986514,18.83966666666663,99.52995899999979,57446.96825759176,83241.63440396088,83267.25262004987,4950.392921443113,310.70213333333345,20331.860694421503,16468.807162481426,10800.0,10800.0,1
2025-11-25,M6,59886.20196832739,0.0,5.423459703638506,59891.62542803103,59891.62542803103,0.0,2.775397445473402,0.0,0.0,59891.62542803103,86785.41658810475,86788.19198555022,6148.899886998851,300.49518333333356,21948.086571323074,17777.95012277169,10800.0,10800.0,0
2025-11-26,M6,59838.70557859393,0.0,520.699276003158,60359.404854597095,60359.404854597095,0.0,434.38551858658957,22.59747981035889,121.73262373840333,60481.1374783355,85717.05245589608,86151.43797448266,5336.092177705443,60.651583333333065,21155.920052215373,17136.29524229445,10800.0,10800.0,1
2025-11-27,M6,59553.52979645516,0.0,1025.1017967008213,60578.63159315597,60578.63159315597,0.0,816.3837115395655,0.0,0.0,60578.63159315597,85188.63776477682,86005.0214763164,5902.436784636053,373.81698333333316,20778.289342177308,16830.41436716362,10800.0,10800.0,0
2025-11-28,M6,16320.993861036004,0.0,622.4245104760997,16943.418371512103,16943.418371512103,0.0,1159.6544507233334,0.0,0.0,16943.418371512103,38908.321376080654,40067.97582680399,2106.8130915363304,3216.8699575331025,20121.33804070821,16298.283812973656,10800.0,10800.0,0
2025-11-29,M6,18005.936519053175,0.0,5.9179423893975756,18011.854461442574,18011.854461442574,0.0,7.143391139353703,0.0,0.0,18011.854461442574,42495.93977066761,42503.083161806964,2209.9900369855395,1877.916279691207,18345.93023752748,14860.203492397257,10800.0,10800.0,0
2025-11-30,M6,62198.71195556494,0.0,1151.3429782184246,63350.05493378337,63350.05493378337,0.0,775.8051146243059,0.0,0.0,63350.05493378337,87917.42094583302,88693.22606045732,4406.166919583052,0.0,21274.90012740851,17232.669103200897,10800.0,10800.0,0
2025-12-01,M6,66603.88298940132,0.0,10131.024450788138,76734.90744018946,76734.90744018946,0.0,6387.273056328589,453.44340158560794,3006.059904450312,79740.96734463978,89295.68449170099,95682.95754802958,5510.935869568925,0.0,22771.249193225904,18444.711846512975,10800.0,10800.0,5
2025-12-02,M6,70149.1214076085,0.0,8332.929338209367,78482.0507458179,78482.0507458179,0.0,5259.021506748789,42.2638858760389,299.50332816733345,78781.55407398524,92564.99397964176,97824.01548639055,4769.148582584933,0.0,23470.109682535036,19010.788842853377,10800.0,10800.0,2
2025-12-03,M6,72532.71544059388,8.013021357555773e-14,4895.248327894534,77427.96376848844,77427.96376848842,1.4551915228366852e-11,3406.481409484686,0.0,0.0,77427.96376848844,95497.51040909073,98903.99181857542,7547.162024920253,0.0,22074.11172099213,17880.030494003622,10800.0,10800.0,0
2025-12-04,M6,74394.06210156657,9.609522066966747e-14,1515.4204289806762,75909.48253054728,75909.48253054728,0.0,1009.1718719165407,0.0,0.0,75909.48253054728,97653.9062453895,98663.07811730605,7849.482140872773,0.0,21275.722244385666,17233.33501795239,10800.0,10800.0,0
2025-12-05,M6,22198.950350134946,2.253926822959329e-13,1497.4403262923922,23696.39067642735,23696.390676427345,3.637978807091713e-12,1558.4881462431983,0.0,0.0,23696.39067642735,49477.68245026226,51036.17059650547,4339.171894817204,1610.584127607361,19867.299424987257,16092.512534239686,10800.0,10800.0,0
2025-12-06,M6,23880.810400445556,0.0,1552.12565512719,25432.93605557275,25432.93605557275,0.0,1401.1556595897944,0.0,0.0,25432.93605557275,51024.472946313785,52425.62860590358,3477.225890608879,1622.8758743383169,19267.873812051163,15606.977787761442,10800.0,10800.0,0
2025-12-07,M6,78354.15947604083,6.686917686238303e-14,0.0,78354.15947604083,78354.15947604083,0.0,8.526512829121202e-14,0.0,0.0,78354.15947604083,102049.45620790716,102049.45620790716,10401.336243780479,0.0,21028.624811193084,17033.186097066395,10800.0,10800.0,0
2025-12-08,M6,81295.50869041597,2.049347358479281e-14,3.956438376917504e-12,81295.50869041598,81295.50869041598,0.0,2.4158453015843406e-12,0.0,0.0,81295.50869041598,106349.05632220802,106349.05632220802,14461.628817028373,0.0,21264.296781647354,17224.08039313436,10800.0,10800.0,0
2025-12-09,M6,78452.4521194865,6.83309053783887e-13,1.0406235873006152e-13,78452.4521194865,78452.4521194865,0.0,1.3535839116229909e-12,5.483319267895013,40.55188764571757,78493.00400713221,104219.22088004858,104219.22088004858,12652.63734202371,0.0,22019.013634874198,17835.401044248105,10800.0,10800.0,1
2025-12-10,M6,75392.44432622612,1.274315764021594e-13,297.09937069166847,75689.54369691778,75689.54369691778,0.0,248.08431229522336,0.0,0.0,75689.54369691778,99461.39165510735,99709.47596740257,6999.253008480997,0.0,22750.54995923644,18427.945466981517,10800.0,10800.0,0
2025-12-11,M6,73876.53312104636,1.795172011043178e-13,1.868056642706506e-12,73876.53312104636,73876.53312104636,0.0,1.2505552149377763e-12,0.0,0.0,73876.53312104636,99705.13965807109,99705.1396580711,9541.689862360508,0.0,22116.81629321364,17914.62119750305,10800.0,10800.0,0
2025-12-12,M6,23947.857596712598,0.0,969.2468847402365,24917.104481452832,24917.104481452832,0.0,1251.9886984411785,0.0,0.0,24917.104481452832,51901.28047658069,53153.269175021866,4126.998908262072,1643.5620999999999,19306.814123297183,15638.519439870723,10800.0,10800.0,0
2025-12-13,M6,24309.172853113847,0.0,643.8724321445474,24953.045285258395,24953.045285258395,0.0,730.9436532115205,0.0,0.0,24953.045285258395,52366.94359211228,53097.88724532379,4436.299411975591,1132.38245,19635.115789551957,15904.443789537083,10800.0,10800.0,0
2025-12-14,M6,72669.95017570928,0.0,1582.4336162051245,74252.3837919144,74252.3837919144,0.0,1095.8709100561723,0.0,0.0,74252.3837919144,95986.46575791016,97082.33666796633,3881.077494623071,0.0,23276.5124912803,18853.975117937043,10800.0,10800.0,0
2025-12-15,M6,74483.35456364015,0.0,689.3215004939389,75172.6760641341,75172.6760641341,0.0,397.2500733644604,0.0,0.0,75172.6760641341,98430.37877303833,98827.6288464028,4927.002224700982,0.0,23321.41397386924,18890.34531883409,10800.0,10800.0,0
2025-12-16,M6,74875.25679009635,6.035634214640595e-14,1.3360960338104633e-12,74875.25679009635,74875.25679009635,0.0,8.242295734817162e-13,0.0,0.0,74875.25679009635,99052.00175769866,99052.00175769866,5271.651246124277,0.0,22959.2588328476,18596.99965460656,10800.0,10800.0,0
2025-12-17,M6,73655.0360063436,5.611639153357828e-13,170.45730252302317,73825.49330886659,73825.49330886659,0.0,107.78915376860073,0.0,0.0,73825.49330886659,97870.19482908063,97977.98398284925,5498.404140642072,0.0,22567.014608107937,18279.281832567434,10800.0,10800.0,0
2025-12-18,M6,71418.94233222748,4.562608069136331e-13,1187.6570222623775,72606.59935448981,72606.59935448981,0.0,757.5350238203225,0.0,0.0,72606.59935448981,95788.30749402047,96545.84251784079,4658.0352321322025,0.0,23797.580626536495,19276.040307494564,10800.0,10800.0,0
2025-12-19,M6,22989.657030035465,0.0,765.0372464794019,23754.694276514852,23754.694276514852,0.0,1076.8183020571155,0.0,0.0,23754.694276514852,50275.66624533247,51352.484547389584,2827.3875155950727,1810.6569827160502,20031.835521465597,16225.786772387135,10800.0,10800.0,0
2025-12-20,M6,23414.21606125002,0.0,0.0,23414.21606125002,23414.21606125002,0.0,0.0,0.0,0.0,23414.21606125002,51545.28093801685,51545.28093801685,2954.6553305148627,1923.381143562956,20057.327441784375,16246.435227845344,10800.0,10800.0,0
2025-12-21,M6,73267.00196436865,8.500720127813111e-13,47.12408906583114,73314.12605343449,73314.12605343449,0.0,32.87668692376391,0.0,0.0,73314.12605343449,97437.94322544281,97470.81991236657,3986.642039933428,0.0,23402.08424087627,18955.688235109777,10800.0,10800.0,0
2025-12-22,M6,73512.4304540104,3.797538283834001e-13,390.15967802364077,73902.59013203405,73902.59013203405,0.0,230.07718760735708,15.834206505646602,75.09121383927446,73977.68134587332,96974.39827699847,97204.47546460584,3779.3111647316646,0.0,23703.007489718395,19199.436066671904,10800.0,10800.0,2
2025-12-23,M6,73438.53400479892,1.5161560895649017e-14,9.965906093313064,73448.49991089222,73448.49991089222,0.0,4.941153140340646,0.0,0.0,73448.49991089222,97542.47361839932,97547.41477153965,5921.050467239167,0.0,22990.9040577219,18622.632286754735,10800.0,10800.0,0
2025-12-24,M6,71635.57307859256,6.39545305602951e-14,66.51010948836479,71702.08318808091,71702.08318808091,0.0,33.57932700086049,7.5553921187839705,49.423597545025345,71751.50678562594,96048.97585162544,96082.5551786263,3738.1991971938164,0.0,23670.273983603198,19172.921926718587,10800.0,10800.0,1
2025-12-25,M6,70740.83018824126,7.493781595258042e-13,144.5953920275757,70885.42558026887,70885.42558026887,0.0,77.55386663315538,0.0,0.0,70885.42558026887,94703.26135116331,94780.81521779645,2487.983143838416,0.0,23580.96600328802,19100.582462663297,10800.0,10800.0,0
2025-12-26,M6,22647.06673137561,0.0,617.2750012109337,23264.34173258655,23264.34173258655,0.0,507.5108872541696,0.0,0.0,23264.34173258655,50001.8919834603,50509.402870714475,2272.4255022829684,1303.9041,20660.267553148253,16734.81671805008,10800.0,10800.0,0
2025-12-27,M6,22666.995955460814,0.0,233.13379985292994,22900.12975531375,22900.12975531375,0.0,181.44456507660152,0.0,0.0,22900.12975531375,50819.44370785969,51000.88827293629,2352.9347505902624,1504.6289666666667,20023.76573164575,16219.250242633057,10800.0,10800.0,0
2025-12-28,M6,72214.31962920776,1.1697238733177072e-13,246.37602521532324,72460.69565442305,72460.69565442305,0.0,130.30932320639783,42.24576545813784,318.1051202206738,72778.80077464372,96994.55531235697,97124.86463556337,6107.5197894055445,0.0,22370.18874534718,18119.852883731226,10800.0,10800.0,2
2025-12-29,M6,71852.21702294702,0.0,474.18359124333364,72326.40061419035,72326.40061419035,0.0,401.83425641239074,0.0,0.0,72326.40061419035,96558.3024660257,96960.1367224381,5107.336009852862,0.0,22784.391820624092,18455.357374705516,10800.0,10800.0,0
2025-12-30,M6,69988.39989033635,3.1666189670431773e-13,591.1013098104532,70579.50120014677,70579.50120014677,0.0,404.03431088040645,8.162163738416211,59.70622774651459,70639.20742789329,95310.71576571073,95714.75007659114,5021.44784602349,0.0,23563.48312792672,19086.42133362064,10800.0,10800.0,1
2025-12-31,M6,70897.1624999314,0.0,344.6322960841756,71241.79479601557,71241.79479601557,0.0,239.74172225822,15.641676563534656,75.13055267294251,71316.92534868851,95135.73233866939,95375.47406092762,2223.1081331820324,0.0,24328.975006381523,19807.390335405733,10800.0,10687.866021959233,2
2025-02-01,M9,17987.122708702045,0.0,0.0,17987.122708702045,17987.122708702045,0.0,0.0,0.0,0.0,17987.122708702045,42267.20400762825,42267.20400762825,1512.9730984424114,2728.66626054171,19196.7827121621,15549.3939968513,10800.0,10800.0,0
2025-02-02,M9,62250.17430234254,0.0,0.0,62250.17430234254,62250.17430234254,0.0,0.0,0.0,0.0,62250.17430234254,89091.88894622425,89091.88894622425,6275.363686764681,59.174066666666704,23163.543383120596,18762.470140327678,10800.0,10800.0,0
2025-02-03,M9,62780.03498732285,0.0,57.56486116142261,62837.599848484264,62837.599848484264,0.0,60.10177035983952,0.0,0.0,62837.599848484264,88423.71266864782,88483.81443900763,3987.7338261195996,0.0,22521.91638362136,18242.752270733305,10800.0,10800.0,0
2025-02-04,M9,62462.10129175522,0.0,89.89994091091195,62552.00123266613,62552.00123266613,0.0,46.86682353816701,0.0,0.0,62552.00123266613,88298.7535076712,88345.62033120936,2489.0443551892167,0.0,25016.326435961615,20354.614409941467,10800.0,10698.455559097161,0
2025-02-05,M9,58350.95650616015,0.0,2173.8819691910203,60524.83847535119,60524.83847535119,0.0,1510.5030972192787,968.1113138465378,5441.930306182966,65966.76878153416,83686.57656710006,85197.07966431933,800.939995588874,0.0,24397.64309397751,19781.819094733837,10698.455559097161,10676.535349528212,8
2025-02-06,M9,60361.36578956009,0.0,422.705975644183,60784.0717652043,60784.0717652043,0.0,603.4375126247535,81.0540704574618,512.1001706377208,61296.17193584202,85598.20394705333,86201.6414596781,1461.0670931717868,0.0,24718.887883660987,20168.316663363883,10676.535349528212,10514.293707752118,4
2025-02-07,M9,15914.642331208219,0.0,182.002556698008,16096.644887906226,16096.644887906226,0.0,143.32109640927825,200.04847886168167,828.2338933268215,16924.87878123305,38149.92760570819,38293.24870211746,305.32762752502447,2868.5019326065785,20188.014169328595,16674.22621514772,10514.293707752118,10156.588443317054,2
2025-02-08,M9,13964.661442994788,0.0,2391.7720845730296,16356.433527567819,16356.433527567819,0.0,2225.2397967653415,323.8895976966757,1607.4640733686015,17963.89760093642,34732.604943280356,36957.8447400457,42.94300139581094,1199.1951601615278,21746.033032298106,17283.599572779734,10156.588443317054,10524.018647074538,1
2025-02-09,M9,55001.35474146097,0.0,5421.779392669982,60423.13413413095,60423.13413413095,0.0,4308.179688151729,394.75621101682503,1990.574092649015,62413.70822677997,79671.01120983412,83979.19089798586,237.69050435132462,0.0,24911.096697271096,20330.256059286407,10524.018647074538,10354.832275411412,9
2025-02-10,M9,55648.999982483874,0.0,974.1844960238344,56623.18447850772,56623.18447850772,0.0,779.8079687762124,0.0,0.0,56623.18447850772,81366.68730491347,82146.4952736897,3216.7672035304086,328.1247000000001,20973.138822823286,16698.173035997326,10354.832275411412,10677.131620399783,0
2025-02-11,M9,54998.23429465846,0.0,1011.0217827875874,56009.25607744605,56009.25607744605,0.0,659.9118482774231,271.64065043822245,1405.4343456310755,57414.690423077125,80170.88998013506,80830.80182841248,1545.4489491734607,0.0,23301.167950822288,18964.77155447837,10677.131620399783,10576.214382274988,5
2025-02-12,M9,55672.135003578536,0.0,576.8962597836156,56249.03126336214,56249.03126336214,0.0,449.84826797549545,10.432783395604702,56.5874171377599,56305.6186804999,81374.10201750233,81823.95028547783,2213.405719607048,163.38428333333331,22688.648879475633,18497.79194687592,10576.214382274988,10442.896210607585,1
2025-02-13,M9,55067.91841042365,0.0,1035.6731720670552,56103.591582490706,56103.591582490706,0.0,562.1356386289187,0.0,0.0,56103.591582490706,81313.39508404801,81875.53072267692,6003.938928804361,401.75736666666694,20099.800000453048,15959.444589913805,10442.896210607585,10800.0,0
2025-02-14,M9,15192.092953565803,0.0,1347.1515327469185,16539.244486312724,16539.244486312724,0.0,1047.6601289593364,0.0,0.0,16539.244486312724,36350.810817424885,37398.470946384215,423.5666041117574,3231.04783279171,20747.656277968876,16805.601585154793,10800.0,10800.0,0
2025-02-15,M9,15207.732127995345,0.0,1915.1431911142236,17122.875319109567,17122.875319109567,0.0,1487.0217111866955,0.0,0.0,17122.875319109567,35608.96838321406,37095.99009440075,130.72896588289996,4033.903830319601,19278.716939363374,15627.45074116512,10800.0,10787.011088576905,0
2025-02-16,M9,55778.33408680428,0.0,1555.7706892039143,57334.104776008186,57334.104776008186,0.0,860.0707317794402,14.050303401570659,75.07779622629282,57409.18257223448,81423.78082459397,82283.85155637341,2809.1667395181157,17.206249999999955,21486.630263031984,17392.48049277512,10787.011088576905,10800.0,1
2025-02-17,M9,55041.35444295243,0.0,1287.3507446046349,56328.705187557076,56328.705187557076,0.0,661.2780499697747,16.694513422821956,89.08192362417795,56417.78711118126,81320.4119823843,81981.69003235406,6051.242427292115,882.1082833333332,20427.21404465674,16546.043376171958,10800.0,10800.0,1
2025-02-18,M9,51157.48868031714,0.0,3071.5203886383943,54229.009068955536,54229.009068955536,0.0,1845.4221729369901,6.867537074033976,34.996968929277145,54264.006037884814,76546.68123413419,78392.10340707118,2338.3996660616313,241.45472736625413,19619.62509149471,15891.896324110712,10800.0,10800.0,1
2025-02-19,M9,50407.665507171354,0.0,3521.534457206323,53929.19996437769,53929.19996437769,0.0,2284.812651885085,38.99495424988097,206.30049924963663,54135.50046362732,76052.2195951163,78337.03224700138,1325.7503224453008,0.0,21952.36576564538,17781.416270172755,10800.0,10800.0,2
2025-02-20,M9,52218.32883973223,0.0,1310.0717923533005,53528.40063208552,53528.40063208552,0.0,747.2998099189019,48.93628684981297,274.5570373708757,53802.957669456395,77819.09381797971,78566.39362789862,3298.772511186383,391.814483333333,20692.67993102834,16761.070744132958,10800.0,10800.0,1
2025-02-21,M9,15065.470805729237,0.0,1757.0935027313008,16822.56430846054,16822.56430846054,0.0,1325.7712659899737,0.0,0.0,16822.56430846054,35498.67159810696,36824.442864096934,1005.6220318275515,6705.071269087332,18702.56594657221,15149.078416723492,10800.0,10800.0,0
2025-02-22,M9,15208.992518585786,0.0,1870.1478916729352,17079.140410258722,17079.140410258722,0.0,1431.8748104046558,0.0,0.0,17079.140410258722,35555.71950048784,36987.5943108925,959.3892231920897,4507.743536098407,19345.782464571905,15670.083796303237,10800.0,10800.0,0
2025-02-23,M9,51722.411912293035,0.0,2238.60512435201,53961.01703664504,53961.01703664504,0.0,1308.4645716497334,22.13503095425881,114.43811003351804,54075.455146678556,77668.67455117835,78977.13912282808,3085.122038733001,417.62383333333355,20866.70841254046,16902.033814157774,10800.0,10800.0,1
2025-02-24,M9,49817.51979089758,0.0,1385.2702012989641,51202.78999219654,51202.78999219654,0.0,839.1483593523808,41.82843512260297,213.72238925893987,51416.51238145548,75147.29174653895,75986.44010589134,2952.0877697982664,969.0918530326775,20547.659481664898,16643.604180148566,10800.0,10800.0,1
2025-02-25,M9,48706.732260496,0.0,1334.9582359585934,50041.69049645458,50041.69049645458,0.0,713.0658950456426,53.59598144679228,276.7083989212772,50318.39889537586,75141.4070390401,75854.47293408574,4911.032325265642,1310.222985745402,20344.68616414825,16479.195792960087,10800.0,10800.0,2
2025-02-26,M9,46392.17780278245,0.0,3339.982079181568,49732.15988196403,49732.15988196403,0.0,2552.1346029274464,6.478115872737931,33.611704205700754,49765.77158616973,71113.28077908512,73665.41538201258,690.9897040932415,0.0,21926.609265572286,17760.55350511356,10800.0,10800.0,1
2025-02-27,M9,45187.15213509716,0.0,1919.9725864824077,47107.12472157958,47107.12472157958,0.0,1141.994735113366,518.7934948105722,2719.224566627215,49826.349288206795,71172.02412998832,72314.01886510168,1680.4541511581901,0.0,22083.021098705587,17887.247089951525,10800.0,10800.0,8
2025-02-28,M9,13935.840478636841,0.0,1876.3895245221295,15812.23000315897,15812.23000315897,0.0,1462.790682149477,0.0,0.0,15812.23000315897,34288.9887360486,35751.77941819807,998.4282350202684,7825.681534754066,19131.979465388107,15496.903366964367,10800.0,10800.0,0
2025-03-01,M9,14208.534611341422,0.0,598.544784216848,14807.07939555827,14807.07939555827,0.0,394.22036765912407,0.0,0.0,14807.07939555827,34506.51942712387,34900.739794783,390.2009471167051,7206.140878164635,19187.537032464905,15541.904996296576,10800.0,10800.0,0
2025-03-02,M9,48162.75472878521,0.0,5481.514461247409,53644.2691900326,53644.2691900326,0.0,3334.2347427357618,188.21646454580753,920.2971885793551,54564.566378611955,73731.48412020507,77065.71886294085,1364.9593076529268,0.0,20423.632637793147,16892.96368462609,10800.0,10411.309724429288,6
2025-03-03,M9,50401.85983656919,0.0,1973.7818926016662,52375.64172917085,52375.64172917085,0.0,1319.5312251961404,154.11017328434502,747.023996751413,53122.66572592226,76847.63049221369,78167.16171740982,1834.7446719261548,184.4892666666666,23160.222520743355,18875.33120197533,10411.309724429288,10282.919768681268,5
2025-03-04,M9,48929.75352158819,0.0,2670.72108490729,51600.47460649547,51600.47460649547,0.0,1624.2748195291983,0.6247333333334382,3.1064865000005213,51603.58109299547,74720.92295793802,76345.19777746723,2187.311759830586,656.2319619912196,20197.098144518706,15894.27728887329,10282.919768681268,10800.0,1
2025-03-05,M9,47155.98461714309,0.0,1942.826742010611,49098.811359153704,49098.811359153704,0.0,1167.8317753084075,6.618300000000204,32.736535900001016,49131.54789505371,73841.6352834838,75009.46705879222,4319.340800266928,625.9976666666664,20738.288816799803,16798.013941607845,10800.0,10800.0,2
2025-03-06,M9,43925.92134768419,0.0,3376.6985827354133,47302.6199304196,47302.6199304196,0.0,2151.2337195239497,0.0,0.0,47302.6199304196,69292.00415969608,71443.23787922003,1418.3175869500387,803.271483333333,20156.189427066278,16875.19475146295,10800.0,10190.354093845257,0
2025-03-07,M9,13315.690793600848,0.0,829.4702219816975,14145.161015582547,14145.161015582547,0.0,586.8680606180858,0.0,0.0,14145.161015582547,33204.742694834706,33791.61075545279,372.9860208335837,8347.277673968827,18949.369535672555,14800.308008355503,10190.354093845257,10800.0,0
2025-03-08,M9,12324.14458579275,0.0,3170.8257076765512,15494.9702934693,15494.9702934693,0.0,2629.4571162299517,0.0,0.0,15494.9702934693,30693.332164230764,33322.78928046071,601.8857100863972,10067.667477484687,18895.245138015605,15305.148561792643,10800.0,10800.0,0
2025-03-09,M9,42971.529866920515,0.0,3369.5348818584303,46341.064748778954,46341.064748778954,0.0,2140.0021989810957,0.0,0.0,46341.064748778954,69167.24925034196,71307.25144932306,2611.330316543299,1407.4223857196887,20815.651037158266,16860.6773400982,10800.0,10800.0,0
2025-03-10,M9,43440.77239684193,0.0,6098.651440504557,49539.42383734648,49539.42383734648,0.0,4561.621823425225,0.0,0.0,49539.42383734648,67267.2655660035,71828.88738942871,62.98924613718651,0.0,21444.947062660947,17721.120369369404,10800.0,10410.318612651066,0
2025-03-11,M9,42384.392151915454,0.0,3540.5034013214186,45924.89555323687,45924.89555323687,0.0,2741.4291304443814,0.0,0.0,45924.89555323687,66887.9745368207,69629.40366726507,850.231417298045,648.8275379242988,20507.704017871678,16316.278105828951,10410.318612651066,10738.054333370079,0
2025-03-12,M9,43399.00085093703,0.0,2010.3470430092755,45409.34789394631,45409.34789394631,0.0,1356.0025821899308,0.0,0.0,45409.34789394631,68819.68606561914,70175.68864780909,2301.472609798569,1533.1465166666665,20301.290148099768,16395.755310089255,10738.054333370079,10791.709566560696,0
2025-03-13,M9,43724.15943329726,0.0,4221.552924279647,47945.7123575769,47945.7123575769,0.0,3427.619405305226,0.0,0.0,47945.7123575769,68091.67343951708,71519.29284482231,217.41154123176165,0.0,21312.370181466184,17556.106894542296,10791.709566560696,10466.057291499925,0
2025-03-14,M9,13174.939375594744,0.0,1480.4435125842315,14655.382888178978,14655.382888178978,0.0,1091.343717462125,0.0,0.0,14655.382888178978,32341.626826192736,33432.97054365487,1121.2446062154243,12506.303341071018,18291.832502026402,14515.835888991314,10466.057291499925,10800.0,0
2025-03-15,M9,13252.07595627471,0.0,1825.6081956752414,15077.68415194995,15077.68415194995,0.0,1448.2605879696077,0.0,0.0,15077.68415194995,31783.75499605178,33232.015584021385,853.2878307249939,7950.35783480492,18670.92215742946,15166.67738893799,10800.0,10751.966176199863,0
2025-03-16,M9,43139.88012774072,0.0,2495.4785927290704,45635.35872046977,45635.35872046977,0.0,1801.6639489610657,1.6400000000001,8.081100000000493,45643.43982046977,67998.83061907665,69800.4945680377,2392.9373738189097,191.97459201316315,20120.764355011466,16254.588686139163,10751.966176199863,10800.0,1
2025-03-17,M9,41880.53452087897,0.0,1190.0731898366657,43070.607710715645,43070.607710715645,0.0,726.110627451845,0.0,0.0,43070.607710715645,67552.0754977307,68278.18612518255,4928.562518017336,2009.6780653908954,18325.337412847253,14843.523304406277,10800.0,10800.0,0
2025-03-18,M9,41885.71439178238,0.0,1024.9783012477453,42910.69269303012,42910.69269303012,0.0,579.2849494388146,134.27935913608422,661.2019157025929,43571.89460873271,66847.34391867135,67426.62886811017,2430.1229751949945,152.2479218993226,20276.7313867646,16424.152423279327,10800.0,10800.0,3
2025-03-19,M9,38862.44767566637,0.0,3600.203078890047,42462.65075455641,42462.65075455641,0.0,3149.2991250604546,0.0,0.0,42462.65075455641,62122.08016354246,65271.379288602904,2055.524215373988,0.0,19738.866438046967,15988.481814818046,10800.0,10800.0,0
2025-03-20,M9,40819.56858566119,0.0,2537.447309546469,43357.015895207645,43357.015895207645,0.0,2216.189141718208,0.0,0.0,43357.015895207645,64876.426617888996,67092.6157596072,920.6473427693345,0.0,20857.929474585304,16894.9228744141,10800.0,10800.0,0
2025-03-21,M9,12253.743244386282,0.0,2074.3259551821125,14328.069199568396,14328.069199568396,0.0,1674.0192539442444,0.0,0.0,14328.069199568396,30457.643585880673,32131.66283982492,1010.8951712935118,15577.991455095904,18477.82492545517,14968.51322868634,10800.0,10798.361067702612,0
2025-03-22,M9,12961.26451827823,0.0,1085.5779610650732,14046.842479343306,14046.842479343306,0.0,810.4130977644505,0.0,0.0,14046.842479343306,31257.18996423622,32067.60306200067,978.9166021525915,11752.906783348646,18311.07640251828,14856.496459352176,10798.361067702612,10771.111541799977,0
2025-03-23,M9,40181.03522607937,0.0,2287.5345513291045,42468.569777408484,42468.569777408484,0.0,1572.9261328218681,0.0,0.0,42468.569777408484,64944.65301049698,66517.57914331884,2799.1278151129636,1212.1587475860874,19529.330797753173,15792.758333800051,10771.111541799977,10800.0,0
2025-03-24,M9,38747.56422723913,0.0,2386.912777569937,41134.477004809065,41134.477004809065,0.0,1879.3507083404213,0.0,0.0,41134.477004809065,62229.89856720367,64109.2492755441,1080.5137387379318,1169.1045287181312,20321.757498708987,16460.623573954283,10800.0,10800.0,0
2025-03-25,M9,39842.14664772159,0.0,2433.599582051092,42275.746229772674,42275.746229772674,0.0,1572.9952859306375,0.0,0.0,42275.746229772674,64057.84174701384,65630.83703294447,649.9094910936146,223.27525036726024,20039.61881482599,16232.091240009053,10800.0,10800.0,0
2025-03-26,M9,38071.856600852494,0.0,2505.8012860404206,40577.65788689292,40577.65788689292,0.0,1728.7886628007832,0.0,0.0,40577.65788689292,61311.10724501246,63039.89590781325,2481.2077725267695,1445.5634492242102,18529.31483892426,15008.745019528653,10800.0,10800.0,0
2025-03-27,M9,38303.847096832746,0.0,2417.366261249577,40721.213358082314,40721.213358082314,0.0,1686.5123360551404,0.0,0.0,40721.213358082314,62175.747641409485,63862.25997746462,1457.3414328075787,0.0,19410.153392931883,15722.224248274833,10800.0,10800.0,0
2025-03-28,M9,12177.64796241526,0.0,1698.2357434330827,13875.883705848342,13875.883705848342,0.0,1292.7176793736994,0.0,0.0,13875.883705848342,30364.5125259875,31657.230205361197,1240.0841520577767,16129.672980792622,18239.959504442813,14774.367198598677,10800.0,10800.0,0
2025-03-29,M9,11982.37481929446,0.0,1846.9798542795604,13829.354673574018,13829.354673574018,0.0,1415.1684352032203,0.0,0.0,13829.354673574018,30204.478709202816,31619.647144406037,746.7150729876017,19704.60999028566,18216.383672628664,14755.270774829223,10800.0,10800.0,0
2025-03-30,M9,36387.905461415576,0.0,1948.9698749413155,38336.87533635689,38336.87533635689,0.0,1239.1963900797064,0.0,0.0,38336.87533635689,59954.04483749259,61193.2412275723,1268.3436700050488,949.6224541051408,19103.44949190587,15473.794088443758,10800.0,10800.0,0
2025-03-31,M9,35070.748508742596,0.0,4713.275881193348,39784.02438993594,39784.02438993594,0.0,4768.918003067604,0.0,0.0,39784.02438993594,56574.94825632501,61343.86625939261,638.5218438172254,47.52923596249366,19507.503664629334,15801.077968349771,10800.0,10800.0,0
2025-04-01,M9,39052.04890277046,0.0,3636.077278750984,42688.126181521475,42688.126181521475,0.0,2838.482503580157,0.0,0.0,42688.126181521475,62466.067424608846,65304.549928189,932.3655760766544,735.8797462414093,18039.226785285653,14611.773696081382,10800.0,10800.0,0
2025-04-02,M9,37787.2490116653,0.0,4594.61695519166,42381.86596685694,42381.86596685694,0.0,3905.498909904373,60.33001998223235,296.4991496887523,42678.36511654569,61568.47837523384,65473.977285138215,1334.9014364808172,0.0,19810.897203366505,16046.82673472687,10800.0,10800.0,2
2025-04-03,M9,38904.9586442004,0.0,1155.64774777862,40060.60639197902,40060.60639197902,0.0,693.202489774731,0.0,0.0,40060.60639197902,62417.36281799577,63110.56530777049,1807.563931708663,1806.4394399047756,19121.219313107344,15488.18764361695,10800.0,10800.0,0
2025-04-04,M9,11658.915857647098,0.0,1022.9132969682406,12681.829154615338,12681.829154615338,0.0,762.1421740056079,0.0,0.0,12681.829154615338,29542.823848475728,30304.966022481334,814.9357270568114,19530.375802862003,18572.906539802796,15044.054297240269,10800.0,10800.0,0
2025-04-05,M9,11901.20922176838,0.0,1221.7258964296236,13122.935118198,13122.935118198,0.0,1058.45987457343,0.0,0.0,13122.935118198,29394.401473562382,30452.86134813581,256.58053421130944,14614.5319793241,18619.12553298461,15081.49168171754,10800.0,10800.0,0
2025-04-06,M9,36726.75405862771,0.0,1207.1966901379255,37933.95074876562,37933.95074876562,0.0,797.0126953180833,0.0,0.0,37933.95074876562,59877.682263503186,60674.694958821274,796.7580385763556,1674.5661235244652,19964.70805291467,16171.413522860881,10800.0,10800.0,0
2025-04-07,M9,35177.56803970408,0.0,2491.940878569196,37669.50891827326,37669.50891827326,0.0,2217.0466045572152,0.0,0.0,37669.50891827326,56988.08045452867,59205.12705908587,1180.1459278139087,1278.5730296737393,18440.46746455209,14936.778646287195,10800.0,10800.0,0
2025-04-08,M9,36048.0185679513,0.0,946.4181377868715,36994.436705738175,36994.436705738175,0.0,684.0099971755283,0.0,0.0,36994.436705738175,59108.65850923961,59792.66850641514,1374.6897128078558,288.7766298023464,20362.18421302882,16586.175665890536,10800.0,10696.881718514225,0
2025-04-09,M9,35859.68844943222,0.0,5006.662219325385,40866.35066875761,40866.35066875761,0.0,4951.225221147912,0.0,0.0,40866.35066875761,58449.355025849654,63400.58024699757,487.590020823764,0.0,19666.137615406136,15887.458405899002,10696.881718514225,10743.67401026975,0
2025-04-10,M9,36361.87715581295,0.0,2095.5029700111527,38457.3801258241,38457.3801258241,0.0,1997.0753737161208,0.0,0.0,38457.3801258241,59117.816811597775,61114.892185313896,1779.1712841962428,1189.4347225198999,19131.341514950174,15445.69323635242,10743.67401026975,10800.0,0
2025-04-11,M9,11357.549687025434,0.0,1592.5906696924988,12950.140356717937,12950.140356717937,0.0,1347.9960797007998,0.0,0.0,12950.140356717937,28724.52395054057,30072.520030241365,582.4377148160825,20697.18193963362,18296.05373223681,14819.803523111816,10800.0,10800.0,0
2025-04-12,M9,11594.285627769752,0.0,726.9522924542117,12321.237920223964,12321.237920223964,0.0,520.5023128441646,0.0,0.0,12321.237920223964,29120.035085878608,29640.537398722772,596.426623145481,16619.11222998966,18000.17098388799,14600.332988300359,10800.0,10777.561676276568,0
2025-04-13,M9,34793.280446009965,0.0,1912.6244526219964,36705.90489863195,36705.90489863195,0.0,1721.184651033862,0.0,0.0,36705.90489863195,56878.645797920806,58599.83044895467,527.6072441641254,0.0,19871.9485795059,16076.083858048685,10777.561676276568,10800.0,0
2025-04-14,M9,34792.12130407022,0.0,1479.386756346441,36271.50806041666,36271.50806041666,0.0,1032.2500582591867,0.0,0.0,36271.50806041666,57099.939778264226,58132.189836523416,1728.1873449520126,267.9291269139122,18989.692445565703,15381.650880908219,10800.0,10800.0,0
2025-04-15,M9,33837.16147620993,0.0,892.1571560010498,34729.318632210976,34729.318632210976,0.0,995.5447575864064,0.0,0.0,34729.318632210976,55599.75306634557,56595.29782393197,1130.735537915758,1706.6826700365634,19044.47780340174,15426.027020755417,10800.0,10800.0,0
2025-04-16,M9,34831.5371079547,0.0,2588.910422171576,37420.447530126265,37420.447530126265,0.0,2699.7982529970254,0.0,0.0,37420.447530126265,56917.429741968816,59617.22799496584,152.36888458849944,0.0,19396.142949354427,15710.875788977082,10800.0,10800.0,0
2025-04-17,M9,33631.90420437447,0.0,1933.2702382972325,35565.174442671705,35565.174442671705,0.0,2422.040181571737,0.0,0.0,35565.174442671705,55146.205937657316,57568.24611922905,833.3438863849946,0.0,20350.31517286349,16483.75529001943,10800.0,10800.0,0
2025-04-18,M9,10961.709923500892,0.0,1194.2492889759053,12155.959212476797,12155.959212476797,0.0,1033.4335096400855,0.0,0.0,12155.959212476797,28227.554132003315,29260.987641643398,1016.118031950677,18420.663678302793,18263.62498977155,14793.536241714955,10800.0,10800.0,0
2025-04-19,M9,11025.76677296182,0.0,696.8026619437253,11722.569434905547,11722.569434905547,0.0,554.3217409241583,0.0,0.0,11722.569434905547,28054.459217941243,28608.7809588654,708.8426872833061,17608.721516654583,18543.26304116108,15036.725536233567,10800.0,10781.46391900767,0
2025-04-20,M9,33750.74606608712,0.0,1188.4573980619286,34939.203464149046,34939.203464149046,0.0,1030.4915950578397,0.0,0.0,34939.203464149046,55129.10872603064,56159.60032108848,472.53788559998736,0.0,19540.184627695093,15810.867075539927,10781.46391900767,10800.0,0
2025-04-21,M9,33822.821537375814,0.0,677.3780434765891,34500.19958085239,34500.19958085239,0.0,369.468681737332,0.0,0.0,34500.19958085239,56499.73119143503,56869.19987317237,1519.7983797505703,3205.56015488107,19089.110290565266,15462.179335357872,10800.0,10800.0,0
2025-04-22,M9,32907.16267595958,0.0,2955.347534634828,35862.51021059442,35862.51021059442,0.0,3083.1405897862905,0.0,0.0,35862.51021059442,53132.713050578655,56215.85364036495,422.99438432021407,0.0,19157.525996726705,15517.59605734863,10800.0,10800.0,0
2025-04-23,M9,32737.28902387696,0.0,2705.8230852055144,35443.11210908249,35443.11210908249,0.0,2953.3887776582887,0.0,0.0,35443.11210908249,53198.75504178101,56152.1438194393,1130.516144527829,90.06371646569028,18587.617061995385,15055.969820216262,10800.0,10800.0,0
2025-04-24,M9,32526.438131895145,0.0,323.531941783304,32849.97007367845,32849.97007367845,0.0,189.70605842548832,0.0,0.0,32849.97007367845,53226.273545016506,53415.979603442,722.6333028340778,2030.0901187607806,18806.049904458647,15232.900422611507,10800.0,10800.0,0
2025-04-25,M9,10345.72052846827,0.0,189.02142438812524,10534.741952856393,10534.741952856393,0.0,134.0810275873375,0.0,0.0,10534.741952856393,27282.141456056357,27416.222483643694,153.46343627368952,21793.00369700983,18716.59995479647,15247.202254436295,10800.0,10703.604121054275,0
2025-04-26,M9,10718.57484199484,0.0,657.3346702552432,11375.909512250082,11375.909512250082,0.0,660.1056816001773,0.0,0.0,11375.909512250082,27164.359893097175,27824.46557469735,84.70691700011685,24245.751542142592,18901.21369350399,15477.400211282678,10703.604121054275,10517.585099338223,0
2025-04-27,M9,31255.62256260966,0.0,2342.3135030498574,33597.936065659516,33597.936065659516,0.0,2079.9626704183356,0.0,0.0,33597.936065659516,51450.56203538397,53530.52470580231,136.06787818230782,735.0288143984576,20954.64931481822,16868.692484930005,10517.585099338223,10633.777832752396,0
2025-04-28,M9,33156.778606756794,0.0,6806.261802968826,39963.04040972562,39963.04040972562,0.0,6631.662225693237,0.0,0.0,39963.04040972562,54109.45658731053,60741.11881300377,215.14373897455027,0.0,19760.041088630063,15856.03333126751,10633.777832752396,10800.0,0
2025-04-29,M9,32269.04259646876,0.0,851.9107247697998,33120.95332123855,33120.95332123855,0.0,1171.2059873270027,0.0,0.0,33120.95332123855,53226.358953952324,54397.56494127932,190.2794448111067,3168.2663440687234,18977.92334596227,15372.11791022944,10800.0,10800.0,0
2025-04-30,M9,31452.18791005047,0.0,287.8078631301015,31739.995773180577,31739.995773180577,0.0,411.7791549781634,0.0,0.0,31739.995773180577,51924.70567532671,52336.48483030488,594.3571353075006,0.0,19044.623037437916,15559.349775773871,10800.0,10651.99431616761,0
2025-05-01,M9,32391.825679244575,0.0,2220.3095679565004,34612.13524720108,34612.13524720108,0.0,2302.8689048500637,1362.2122204638226,8494.024827408832,43106.16007460991,51343.18602021647,53646.05492506652,1.1368683772161603e-13,870.8159935338856,20476.38320246915,17350.310850472684,10651.99431616761,9802.616031197977,9
2025-05-02,M9,11603.821032346223,0.0,1474.145394215972,13077.966426562187,13077.966426562187,0.0,1913.7545751084422,1118.1855896692607,5864.813511533619,18942.779938095806,27994.521845832496,29908.27642094094,0.0,12759.917465226477,19721.660747301215,15745.436285250826,9802.616031197977,10057.181497934818,9
2025-05-03,M9,11907.206851832016,0.0,226.46905753549754,12133.67590936751,12133.67590936751,0.0,412.1992312326969,643.4988237196918,2717.6785565923433,14851.354465959854,28747.50969994581,29159.70893117851,2.9488869284778048,17942.940857319223,18583.647154493636,15593.50079384314,10057.181497934818,9456.351943820051,8
2025-05-04,M9,38167.35074989471,0.0,0.0,38167.35074989471,38167.35074989471,0.0,0.0,0.0,0.0,38167.35074989471,61006.82665826278,61006.82665826278,2751.458391922573,3241.9934499999995,17369.80951996845,14091.102036961578,9456.351943820051,9432.400470723238,0
2025-05-05,M9,37253.1881942082,0.0,343.5007618118875,37596.68895602009,37596.68895602009,0.0,543.0253579565,0.0,0.0,37596.68895602009,59653.27635546886,60196.30171342536,924.8848902905318,0.0,20948.14739295058,16752.737369815746,9432.400470723238,9671.580491250152,0
2025-05-06,M9,36536.31169355706,0.0,719.4255827998268,37255.737276356886,37255.737276356886,0.0,1135.908097081795,0.0,0.0,37255.737276356886,57225.38802744008,58361.296124521876,974.17560593995,929.9634500542095,20054.774250909875,16467.699549048826,9671.580491250152,9423.43337368146,0
2025-05-07,M9,36649.34852270822,0.0,1083.7213036620851,37733.0698263703,37733.0698263703,0.0,1735.0758746054048,534.4844189803737,3372.084291589891,41105.15411796019,58102.9751749502,59838.05104955562,551.3467166593831,242.68027547112456,20640.374166166286,16129.7116397608,9423.43337368146,10077.868301274675,7
2025-05-08,M9,40064.12575631611,0.0,0.0,40064.12575631611,40064.12575631611,0.0,0.0,0.0,0.0,40064.12575631611,62361.25403132064,62361.25403132064,1401.0912537601944,968.6248353182216,18500.56322836544,14335.537686123214,10077.868301274675,10800.0,0
2025-05-09,M9,13983.290485886933,0.0,0.0,13983.290485886933,13983.290485886933,0.0,0.0,0.0,0.0,13983.290485886933,31410.1624784982,31410.1624784982,956.1861720574693,18571.234314929592,17807.137586900746,14423.78144538961,10800.0,10800.0,0
2025-05-10,M9,14081.979823165415,0.0,0.0,14081.979823165415,14081.979823165415,0.0,0.0,0.0,0.0,14081.979823165415,31130.48540743712,31130.48540743712,401.59029232718865,15242.475799422427,17712.494907127184,14347.120874773018,10800.0,10800.0,0
2025-05-11,M9,37829.62286857547,0.0,642.7877759083831,38472.410644483854,38472.410644483854,0.0,856.5587957230664,59.51626666666675,396.62748059166734,38869.03812507552,59693.80289792532,60550.36169364839,573.3165879068681,1340.3414356911876,18642.69859120775,15430.557737824081,10800.0,10433.364578949111,3
2025-05-12,M9,36763.30977369141,0.0,2105.0482718720928,38868.358045563495,38868.358045563495,0.0,2718.4641448034718,0.0,0.0,38868.358045563495,57760.155334720635,60478.61947952412,2429.6581122616817,2578.64265,17255.670830249946,13716.547346320853,10433.364578949111,10722.860163595338,0
2025-05-13,M9,36626.84235511252,0.0,69.20596754294657,36696.04832265547,36696.04832265547,0.0,105.78216578411173,0.0,0.0,36696.04832265547,58315.71421056692,58421.49637635103,994.3138900914491,749.3133441665291,18755.577462457142,15206.921087030756,10722.860163595338,10706.300894217044,0
2025-05-14,M9,35653.41084736748,0.0,1567.0834882906288,37220.49433565811,37220.49433565811,0.0,2501.3612751302526,0.0,0.0,37220.49433565811,56698.52619954005,59199.88747467029,1414.65555853674,1417.8714916793974,18538.56248017979,15185.35083905896,10706.300894217044,10518.395082980012,0
2025-05-15,M9,37037.6766099767,0.0,1557.2069403064284,38594.88355028312,38594.88355028312,0.0,2389.5145807858953,0.0,0.0,38594.88355028312,57016.90286061553,59406.41744140143,1632.128461182071,1000.4850354377734,19764.743348054013,15755.997686605759,10518.395082980012,10800.0,0
2025-05-16,M9,13341.200300745506,0.0,27.860925292937143,13369.061226038442,13369.061226038442,0.0,55.35752696702872,0.0,0.0,13369.061226038442,29977.13577868618,30032.493305653206,703.5353751743485,23214.38577618564,17889.819057683617,14490.753436723731,10800.0,10800.0,0
2025-05-17,M9,13763.297803941312,0.0,151.32597005559109,13914.623773996904,13914.623773996904,0.0,266.6402635906446,0.0,0.0,13914.623773996904,30194.91597544596,30461.556239036607,342.0530101549077,16193.741255135372,18420.603260720163,14943.64037030717,10800.0,10774.498078751292,0
2025-05-18,M9,36322.7549060526,0.0,1102.1548799176524,37424.90978597027,37424.90978597027,0.0,1173.9917238204646,5.236666666666679,34.42846500000008,37459.338250970264,57578.41816248894,58752.40988630941,1599.4247731223636,0.0,18205.79974068358,14723.746060829864,10774.498078751292,10800.0,1
2025-05-19,M9,35151.42925545775,0.0,31.284964244734276,35182.71421970249,35182.71421970249,0.0,54.684433219252355,79.23650000000009,550.829460833334,35733.54368053582,55449.91844023659,55504.60287345584,659.4961036434921,4062.845188805826,17612.00805792909,14265.726526922566,10800.0,10800.0,2
2025-05-20,M9,34219.572983446276,0.0,3990.161214401918,38209.7341978482,38209.7341978482,0.0,3977.113173755406,0.0,0.0,38209.7341978482,54129.46501332492,58106.578187080326,70.4931733959873,0.0,19309.052550372435,15800.362353354762,10800.0,10622.18912494101,0
2025-05-21,M9,34923.70544634358,0.0,2319.767307085883,37243.47275342945,37243.47275342945,0.0,3339.6100481548538,0.0,0.0,37243.47275342945,53997.70851840736,57337.318566562215,314.2520639951906,1828.8057462979466,19807.12687896943,15975.48140603369,10622.18912494101,10698.068420420517,0
2025-05-22,M9,34301.22983751744,0.0,1152.536098020478,35453.76593553792,35453.76593553792,0.0,1677.1514473085088,2.57000000000005,16.86434000000033,35470.63027553792,53518.58889581218,55195.74034312069,433.57985960258895,0.0,20296.63813278897,16348.53846593753,10698.068420420517,10800.0,1
2025-05-23,M9,12421.238810063176,0.0,351.98267562006714,12773.221485683245,12773.221485683245,0.0,487.32097121257124,0.0,0.0,12773.221485683245,28863.827124301275,29351.148095513847,526.6749709525023,18666.548325032963,19668.294295763422,15931.318379568373,10800.0,10800.0,0
2025-05-24,M9,12994.24627090897,0.0,245.19958868688673,13239.44585959586,13239.44585959586,0.0,258.6896021734623,0.0,0.0,13239.44585959586,29480.063463686027,29738.753065859488,954.4386704578828,21414.00155640782,19030.586608739224,15414.775153078772,10800.0,10800.0,0
2025-05-25,M9,34279.94760645405,0.0,597.3873766186971,34877.33498307275,34877.33498307275,0.0,793.5818158646111,0.0,0.0,34877.33498307275,53997.99809762456,54791.579913489164,633.5388129549402,1999.93561478537,19145.23037433449,15532.135071918961,10800.0,10772.779479213299,0
2025-05-26,M9,33163.36388824954,0.0,5632.300769018465,38795.66465726802,38795.66465726802,0.0,6474.255072240279,67.76241456766545,344.83866466987394,39140.50332193789,52197.24485457781,58671.49992681808,353.6366518412855,0.0,20363.572863549747,16557.780124005276,10772.779479213299,10702.461585291105,2
2025-05-27,M9,33917.34853162876,0.0,2123.9043243236033,36041.252855952385,36041.252855952385,0.0,3267.421657100812,0.0,0.0,36041.252855952385,53037.80743067855,56305.22908777936,1681.0593514214356,1406.709878057494,19724.88707600991,15897.79451770948,10702.461585291105,10790.64382291171,0
2025-05-28,M9,34429.63249761818,0.0,1783.175938650891,36212.808436269086,36212.808436269086,0.0,2316.4047415675523,0.0,0.0,36212.808436269086,54352.675315083536,56669.08005665109,535.8133004345907,0.0,20268.5373517739,16409.094695557404,10790.64382291171,10800.0,0
2025-05-29,M9,33981.3290983069,0.0,3529.928626763706,37511.257725070616,37511.257725070616,0.0,4721.335992258104,17.817433333333497,119.80442173333444,37631.06214680395,53737.80965275891,58459.145645017015,571.7532500817954,41.02496322983825,20770.784907725625,17016.72354268691,10800.0,10586.235813967607,1
2025-05-30,M9,12819.669556152723,0.0,375.1454763235239,13194.815032476245,13194.815032476245,0.0,700.2007478018302,0.0,0.0,13194.815032476245,29079.72455512157,29779.9253029234,398.0963783296562,18801.780153922387,19954.882824081782,15971.06732007709,10586.235813967607,10800.0,0
2025-05-31,M9,12519.863005768815,0.0,192.4261182604409,12712.289124029257,12712.289124029257,0.0,281.0422067695057,0.0,0.0,12712.289124029257,29364.07343014024,29645.115636909748,990.849552654134,16697.25362508011,19456.248250519857,15888.417341344351,10800.0,10656.826379529704,0
2025-06-01,M9,41340.558574822426,0.0,16204.733026516476,57545.29160133891,57545.29160133891,0.0,12071.766392396568,1506.2722115686413,9608.127087672266,67153.41868901117,60361.787384889234,72433.55377728582,176.59407365510606,0.0,18574.601014871856,16036.195399672506,10656.826379529704,9555.97240438937,11
2025-06-02,M9,44871.38006156836,0.0,8876.059750488112,53747.43981205647,53747.43981205647,0.0,6123.965656136477,981.8977068263077,6129.1047446159155,59876.54455667239,67182.26310649543,73306.2287626319,1554.6068382300305,99.32638333333352,20918.614183065794,16925.228385170944,9555.97240438937,9576.915852291973,12
2025-06-03,M9,50417.646255720254,0.0,2325.471154781422,52743.11741050167,52743.11741050167,0.0,2353.5270108843997,88.65891903568934,623.083235430258,53366.200645931924,73815.3485107059,76168.87552159031,2707.579446064891,1389.9066833333327,19814.557749648302,15846.87627175386,9576.915852291973,9802.37752502671,4
2025-06-04,M9,53955.53942771468,0.0,375.7482516460935,54331.28767936076,54331.28767936076,0.0,337.55296069857695,104.76819646562546,727.348300272472,55058.63597963323,78161.7296927356,78499.28265343414,4809.903384102282,186.21663333333322,18974.683283932845,15012.01326813534,9802.37752502671,10199.577738193666,4
2025-06-05,M9,52494.78708930118,0.0,1578.9256206931448,54073.712709994295,54073.712709994295,0.0,1766.2459677368872,204.89506149478723,1412.631797887821,55486.34450788212,75212.47112383682,76978.7170915737,1934.612927222413,543.4751166666667,20062.162543946783,16505.956451434038,10199.577738193666,9915.572415041283,5
2025-06-06,M9,18128.54265610273,0.0,2568.6544504583553,20697.19710656109,20697.19710656109,0.0,2250.6559890943595,748.0229974728322,4185.726366175435,24882.923472736526,35550.44319128356,37801.09918037792,13.552239497918663,3993.0907416246337,19635.39555647631,15947.911759748113,9915.572415041283,9867.526460594281,6
2025-06-07,M9,18819.304974509705,0.0,480.5756264309467,19299.880600940654,19299.880600940654,0.0,754.504339847804,2.1058197985676514,7.944205190096465,19307.82480613075,36937.05458913192,37691.55892897972,48.02872094767605,3239.630088284116,18728.169169454573,15448.676396574747,9867.526460594281,9557.682716909238,1
2025-06-08,M9,60568.416446558556,0.0,0.0,60568.416446558556,60568.416446558556,0.0,0.0,0.0,0.0,60568.416446558556,86914.1196626245,86914.1196626245,15961.700381987655,2031.5277999999998,13778.329785202533,10042.361571232363,9557.682716909238,10800.0,0
2025-06-09,M9,57200.0649710173,0.0,25.31869852955875,57225.38366954686,57225.38366954686,0.0,32.92846732937801,8.551481980079075,60.44615037618894,57285.829819923056,80973.02708794174,81005.9555552711,5746.180713216592,863.7589666666668,18272.91907386631,14801.06444983171,10800.0,10800.0,1
2025-06-10,M9,54067.89498343138,0.0,239.14201390725475,54307.03699733864,54307.03699733864,0.0,323.99588887566904,0.0,0.0,54307.03699733864,77343.16209550487,77667.15798438055,1930.9005082847793,213.5552833333329,20548.726102258384,16644.468142829282,10800.0,10800.0,0
2025-06-11,M9,54556.48416711042,0.0,4932.274728397371,59488.758895507795,59488.758895507795,0.0,3979.5130364591914,0.42105781041777846,2.919614857436876,59491.67851036523,78171.24436016801,82150.7573966272,1825.6952355306096,0.0,22321.2468538966,18080.209951656245,10800.0,10800.0,1
2025-06-12,M9,55276.97768655805,0.0,887.7603397322506,56164.73802629031,56164.73802629031,0.0,1089.220427982942,0.0,0.0,56164.73802629031,78883.72956442236,79972.94999240531,3308.7492691393236,245.79104999999993,20873.78021017187,16907.76197023921,10800.0,10800.0,0
2025-06-13,M9,18871.3734867452,0.0,68.72727016829836,18940.100756913504,18940.100756913504,0.0,107.70611215843655,0.0,0.0,18940.100756913504,36612.89175307601,36720.59786523445,177.92754408525437,5231.5287391819775,18614.69150428778,15648.863622320561,10800.0,10165.596106836154,0
2025-06-14,M9,19524.867614097966,0.0,46.48869296011305,19571.35630705808,19571.35630705808,0.0,82.71273545078384,0.0,0.0,19571.35630705808,36828.715790869326,36911.42852632011,54.960755542547645,7386.104000447157,18590.65874834265,15313.63772801224,10165.596106836154,9882.035949219828,0
2025-06-15,M9,53981.30987694916,0.0,960.8481543425684,54942.158031291736,54942.158031291736,0.0,1129.838872986311,0.0,0.0,54942.158031291736,77464.54919003387,78594.38806302017,3197.567012529583,0.0,20756.205639237465,15986.3589220802,9882.035949219828,10800.0,0
2025-06-16,M9,53859.10340793953,0.0,2352.766065020673,56211.86947296021,56211.86947296021,0.0,2297.4260443335083,1.6680775637045144,11.250349128405098,56223.119822088614,76758.72679144147,79056.15283577496,2317.5641103957696,0.0,21295.810454085513,17249.606467809266,10800.0,10800.0,1
2025-06-17,M9,51975.2697314677,0.0,5459.619131549437,57434.888863017135,57434.888863017135,0.0,4828.890873291595,59.09219110084621,420.81145760024697,57855.70032061738,74689.53028319692,79518.42115648853,875.5286305636214,0.0,22609.111548139514,18544.138047780427,10800.0,10543.602562458422,4
2025-06-18,M9,53985.851176421296,0.0,1902.1414212762784,55887.99259769758,55887.99259769758,0.0,1995.375147195494,30.010260351737884,202.44867932429372,56090.44127702187,77234.60094781288,79229.97609500837,4220.641311403316,55.22366666666653,20131.435702645857,16075.705225355723,10543.602562458422,10800.0,2
2025-06-19,M9,51132.973176010004,0.0,1354.2853020845878,52487.25847809461,52487.25847809461,0.0,1238.202426851044,122.09895495985131,842.0671579413078,53329.32563603592,74168.3255071462,75406.52793399725,2403.8092548621557,922.4980499999999,20751.659916289238,16808.84453219429,10800.0,10800.0,2
2025-06-20,M9,19095.925713185043,0.0,53.334884760443664,19149.260597945493,19149.260597945493,0.0,87.65807333422924,0.0,0.0,19149.260597945493,36069.90456621408,36157.562639548305,1089.8915628846196,9134.184900388227,18594.238559344525,15061.333233069065,10800.0,10800.0,0
2025-06-21,M9,18694.0646113825,0.0,353.71297603800446,19047.777587420507,19047.777587420507,0.0,456.42666424610576,0.0,0.0,19047.777587420507,36268.13482904602,36724.56149329213,2123.7807299276183,11614.075185062804,19220.86935948267,15568.904181180958,10800.0,10800.0,0
2025-06-22,M9,48066.64426208996,0.0,3045.7432514451975,51112.38751353515,51112.38751353515,0.0,2943.8813783915425,39.077085486737815,273.3662215563919,51385.75373509154,69571.93975094763,72515.82112933917,858.2781579198854,194.05944999999997,21290.628983715964,17245.40947680993,10800.0,10800.0,3
2025-06-23,M9,48055.643889092455,0.0,2298.9398291600723,50354.583718252536,50354.583718252536,0.0,2279.760383294645,32.68770324936861,227.04697983383807,50581.630698086374,69528.61580330085,71808.3761865955,744.914233493618,0.0,21557.833445055465,17522.969788704213,10800.0,10732.083668656345,3
2025-06-24,M9,50658.50092465223,0.0,9268.191071730585,59926.691996382826,59926.691996382826,0.0,7235.2443312168525,2036.8167550080032,11133.527762970843,71060.21975935367,71808.18496508096,79043.4292962978,522.9292724122961,0.0,22249.472793074867,17960.948264181352,10732.083668656345,10800.0,11
2025-06-25,M9,49903.02695225472,0.0,2752.7346821526576,52655.761634407376,52655.761634407376,0.0,2650.860908037641,37.95698050449562,262.79402988146506,52918.55566428884,72568.01115833623,75218.87206637388,872.7617370023162,0.0,20771.820753733668,16825.174810524273,10800.0,10800.0,2
2025-06-26,M9,48409.09577068846,0.0,1963.1285567595642,50372.224327448035,50372.224327448035,0.0,2252.6863783862254,105.59247310103513,741.171883328854,51113.39621077689,70883.59569222688,73136.2820706131,1771.0417656661702,0.0,20649.73128797176,16726.282343257128,10800.0,10800.0,4
2025-06-27,M9,17556.077997698274,0.0,98.27725248116127,17654.355250179433,17654.355250179433,0.0,152.66080498450816,0.0,0.0,17654.355250179433,34516.86445721547,34669.52526219998,705.004307136828,10496.600734234342,19454.07554822185,15757.801194059699,10800.0,10800.0,0
2025-06-28,M9,17676.02501798779,0.0,175.02071553330885,17851.045733521096,17851.045733521096,0.0,281.8529879399724,0.0,0.0,17851.045733521096,34762.593763246885,35044.44675118686,471.36375125749004,9166.995883617688,19537.056300252185,15907.895300607172,10800.0,10707.91144733011,0
2025-06-29,M9,47159.42299521592,0.0,5591.168020572479,52750.59101578841,52750.59101578841,0.0,5280.751425942603,19.25301622855693,131.64589573409188,52882.2369115225,68423.22728567781,73703.97871162041,418.61050630800935,0.0,21262.584222646947,17225.731534439314,10707.91144733011,10704.535542779793,2
2025-06-30,M9,48987.43552020898,0.0,2746.596148140719,51734.03166834971,51734.03166834971,0.0,2904.4731205597213,55.962502377908436,389.2736790257567,52123.30534737546,71473.22821062688,74377.7013311866,365.12387028447336,0.0,21604.936676044817,17414.080696098106,10704.535542779793,10800.0,3
2025-07-01,M9,52456.31185695147,0.0,17540.788341930303,69997.10019888177,69997.10019888177,0.0,13516.949475751975,149.52045414472946,1263.6765639114926,71260.77676279326,69806.51020246142,83323.4596782134,1145.6960851702215,564.7078833333333,21008.184414719908,18112.152284198666,10800.0,9582.75232413829,5
2025-07-02,M9,54695.08566613889,0.0,12113.881040633332,66808.96670677222,66808.96670677222,0.0,10223.343353747237,272.94885491872526,2324.7047957492573,69133.67150252148,72052.73145218588,82276.07480593311,3679.110812413456,1500.0133500000006,18959.917619575328,14494.784487803607,9582.75232413829,10541.362084196522,7
2025-07-03,M9,61214.17234145021,0.0,7427.198073393397,68641.37041484361,68641.37041484361,0.0,6574.942986784118,42.087902498747894,368.9591561891858,69010.3295710328,79043.94618918707,85618.88917597118,1326.515742601474,631.5654,21031.794713444964,17089.317710909832,10541.362084196522,10481.84653639716,2
2025-07-04,M9,25005.786121377743,0.0,2305.9378439164266,27311.72396529417,27311.72396529417,0.0,2387.1030182416425,0.0,0.0,27311.72396529417,41422.63916431736,43809.742182559006,183.17067063993107,11200.316993883334,19323.90583751624,15778.518786147164,10481.84653639716,10341.674249998261,0
2025-07-05,M9,25444.323679239234,0.0,1039.6504123001635,26483.974091539396,26483.974091539396,0.0,1369.674456525809,0.0,0.0,26483.974091539396,43290.032365310806,44659.70682183662,135.93509107220103,11746.394358508996,20582.103182377214,16594.805776788467,10341.674249998261,10426.894028817242,0
2025-07-06,M9,64263.093331330645,0.0,5640.214426105523,69903.30775743617,69903.30775743617,0.0,4540.438845825093,24.45878804845802,206.02860112618612,70109.33635856236,82249.99861334238,86790.43745916747,2532.48832249432,76.60989999999993,21452.742635037503,17040.92616031589,10426.894028817242,10800.0,1
2025-07-07,M9,66011.97516861078,0.0,74.13058005363874,66086.1057486644,66086.1057486644,0.0,63.14221506915692,0.0,0.0,66086.1057486644,85663.36320308235,85726.5054181515,7788.650397102853,1412.7773850708536,16397.867733216528,13282.272863905391,10800.0,10800.0,0
2025-07-08,M9,72018.7846968527,0.0,0.0,72018.7846968527,72018.7846968527,0.0,0.0,0.0,0.0,72018.7846968527,92664.78531000298,92664.78531000298,11626.67411308172,2185.683383333334,17268.635773269805,13987.594976348539,10800.0,10800.0,0
2025-07-09,M9,67817.82416670707,0.0,0.0,67817.82416670707,67817.82416670707,0.0,0.0,0.0,0.0,67817.82416670707,87729.7291842768,87729.7291842768,9329.637813914587,1124.0682347137226,16933.147994641215,13715.849875659385,10800.0,10800.0,0
2025-07-10,M9,63220.72834355686,0.0,138.6360771908548,63359.36442074772,63359.36442074772,0.0,167.16232855954036,0.0,0.0,63359.36442074772,81362.59320709347,81529.755535653,3989.1664112654585,1109.544433333333,18828.53319853094,15251.111890810058,10800.0,10800.0,0
2025-07-11,M9,27916.478549980464,0.0,0.0,27916.478549980464,27916.478549980464,0.0,0.0,0.0,0.0,27916.478549980464,45030.139654988234,45030.139654988234,1159.6101460840607,7665.012524175002,19403.893866995684,15717.154032266506,10800.0,10800.0,0
2025-07-12,M9,26364.501612763695,0.0,211.26561453448826,26575.76722729818,26575.76722729818,0.0,330.7655833216602,0.0,0.0,26575.76722729818,43671.57770008599,44002.34328340765,33.20299704404334,9462.007225546795,19353.466833058803,15930.577105575328,10800.0,10517.478921335896,0
2025-07-13,M9,58003.38170336853,0.0,630.9128275884517,58634.294530957,58634.294530957,0.0,598.1581760550449,13.217960706268059,112.99053608669732,58747.2850670437,77177.9902189044,77776.14839495943,2311.6750576066897,2361.1996166666663,18918.43321365609,15069.661932263745,10517.478921335896,10800.0,2
2025-07-14,M9,55472.527873413936,0.0,4170.147466854057,59642.67534026801,59642.67534026801,0.0,3473.886968710318,72.7233726351559,615.7750376333144,60258.450377901325,72478.39179922361,75952.27876793392,437.0160118869268,0.0,19998.393091825976,16218.086179810476,10800.0,10778.458027298408,4
2025-07-15,M9,61162.11214310088,0.0,0.0,61162.11214310088,61162.11214310088,0.0,0.0,0.0,0.0,61162.11214310088,80178.36146693089,80178.36146693089,3658.388859641208,176.41471666666666,18816.41858872756,15221.91128143789,10778.458027298408,10800.0,0
2025-07-16,M9,59858.87814663678,0.0,646.8724298266593,60505.75057646344,60505.75057646344,0.0,773.2996434699423,27.113647014864114,226.192191892423,60731.94276835586,77061.3373177907,77834.63696126065,1962.4461374159214,0.0,19814.426776454035,16049.68568892777,10800.0,10800.0,2
2025-07-17,M9,57527.54517275929,0.0,2825.690624861572,60353.235797620866,60353.235797620866,0.0,3114.614455143217,12.268689372096787,102.06640045507544,60455.302198075944,74777.67268542285,77892.28714056607,959.8363808410871,0.0,22233.17569700212,18008.872314571716,10800.0,10800.0,2
2025-07-18,M9,26449.514928321623,0.0,0.0,26449.514928321623,26449.514928321623,0.0,0.0,0.0,0.0,26449.514928321623,44141.64911896514,44141.64911896514,807.6159011549792,8523.175684047974,18613.733861906243,15077.12442814406,10800.0,10800.0,0
2025-07-19,M9,26278.34821279107,0.0,29.675639046751176,26308.023851837825,26308.023851837825,0.0,51.60696899723894,0.0,0.0,26308.023851837825,44214.57566891894,44266.18263791619,434.1645810513032,13057.167509671684,19784.480004914953,16192.44850772176,10800.0,10614.422551399279,0
2025-07-20,M9,58299.84239776668,0.0,457.0996952465167,58756.94209301321,58756.94209301321,0.0,512.3719419066817,22.20061538969287,188.90503635089664,58945.847129364105,77237.17088448477,77749.54282639144,1762.8290040016782,0.0,19746.92903880081,15827.99281768801,10614.422551399279,10800.0,1
2025-07-21,M9,59499.45091417042,0.0,1922.1374638214013,61421.58837799181,61421.58837799181,0.0,1891.8831397246886,27.68570320343963,239.71666118698204,61661.30503917879,77406.5725391919,79298.45567891658,1277.3055129911572,0.0,21363.613258572954,17304.526739444093,10800.0,10800.0,1
2025-07-22,M9,58240.50673746883,0.0,4974.2003319563755,63214.70706942519,63214.70706942519,0.0,5404.697391164445,69.13069284450069,579.2261568250713,63793.93322625026,76074.87690430097,81479.57429546541,3527.5882508935933,249.3819333333331,20929.422039033223,16952.831851616902,10800.0,10800.0,3
2025-07-23,M9,59639.417698241734,0.0,493.4527937132788,60132.87049195501,60132.87049195501,0.0,523.2626394312505,76.7421611004994,646.2249479092668,60779.09543986427,78973.56739485064,79496.8300342819,932.5836175385441,406.6257283501325,21146.39859382657,17128.582860999515,10800.0,10800.0,3
2025-07-24,M9,59144.26879123856,0.0,1640.9186542789885,60785.18744551755,60785.18744551755,0.0,1610.546727942151,15.681149784892227,130.17706493928284,60915.364510456835,77866.35541383192,79476.90214177407,1911.36598942454,80.49678333333327,20443.41325684789,16559.1647380468,10800.0,10800.0,1
2025-07-25,M9,25443.901408238802,0.0,196.99797220398062,25640.89938044278,25640.89938044278,0.0,279.38864589633926,0.0,0.0,25640.89938044278,42687.16661186284,42966.55525775918,794.0560837056187,12094.094545529648,19226.521187257018,15653.43612539977,10800.0,10711.16226253157,0
2025-07-26,M9,25637.4073357042,0.0,136.9174745108392,25774.324810215043,25774.324810215043,0.0,196.48900925880685,0.0,0.0,25774.324810215043,42879.7093981843,43076.19840744311,534.6719010808645,10306.913917784337,19494.553684661554,15729.032662750313,10711.16226253157,10779.557620115516,0
2025-07-27,M9,57190.42838469286,0.0,3698.4673219776087,60888.89570667047,60888.89570667047,0.0,3666.9983145185174,421.1455129648443,2342.889671297607,63231.78537796807,75318.88032789758,78985.8786424161,1373.1676220038253,0.0,22790.88732358464,18442.220590207522,10779.557620115516,10800.0,5
2025-07-28,M9,59805.178401016434,0.0,5704.850028988229,65510.02843000466,65510.02843000466,0.0,4540.551477591707,0.0,0.0,65510.02843000466,77986.21231530559,82526.7637928973,524.5636961676886,0.0,21301.69928103304,17254.376417636762,10800.0,10800.0,0
2025-07-29,M9,59999.57971386156,0.0,2046.6046046685071,62046.18431853007,62046.18431853007,0.0,2123.965656770207,73.25698945444447,623.2048202895462,62669.38913881961,78891.91345431143,81015.87911108164,1044.4909435122465,0.0,20923.153721178114,16947.754514154272,10800.0,10800.0,4
2025-07-30,M9,58746.89282703914,0.0,3505.739793813641,62252.63262085281,62252.63262085281,0.0,3729.872951114663,5.330991811507033,44.83301327764636,62297.46563413046,76176.76879892286,79906.64175003752,1253.7306467256158,693.4265576741736,20324.007828680198,16462.446341230963,10800.0,10800.0,2
2025-07-31,M9,57741.782332830015,0.0,2427.7287588578693,60169.51109168789,60169.51109168789,0.0,2705.7286316452737,130.9040548093277,1103.555474923448,61273.06656661134,76464.84912712857,79170.57775877384,707.1360834321385,0.0,21902.53474979598,18003.185286311607,10800.0,10508.742067803481,7
2025-08-01,M9,24944.60228039727,0.0,1149.0058149875474,26093.608095384814,26093.608095384814,0.0,1359.0551702283349,0.0,0.0,26093.608095384814,42176.73080593239,43535.785976160725,1158.8703163899665,17108.58243077592,19762.32328079635,15745.34971846818,10508.742067803481,10800.0,0
2025-08-02,M9,24589.09119776041,0.0,0.0,24589.09119776041,24589.09119776041,0.0,0.0,0.0,0.0,24589.09119776041,42055.749476326266,42055.749476326266,445.3625143089163,17193.84146765606,18681.75426897977,15192.233707951811,10800.0,10733.319166579779,0
2025-08-03,M9,52053.236559663324,0.0,166.77272983847828,52220.00928950178,52220.00928950178,0.0,153.91122425743936,245.58326532250305,2045.0869442072164,54265.096233708995,68595.15212349904,68749.06334775648,1227.2985803802724,1662.5903935633332,18710.020938902864,15444.743283100828,10733.319166579779,10411.512141480333,6
2025-08-04,M9,52331.53023551487,0.0,1204.1334038454709,53535.66363936034,53535.66363936034,0.0,1552.286338341354,26.578237399590535,215.92934762174337,53751.59298698208,68235.21369386831,69787.50003220967,303.9493128799745,0.0,19709.65684593819,15615.182972542236,10411.512141480333,10800.0,2
2025-08-05,M9,52243.762100183056,0.0,721.870730577488,52965.63283076055,52965.63283076055,0.0,1343.941138944778,20.51216452080689,169.91184261753827,53135.54467337809,67824.07432006765,69168.01545901241,202.72538683865884,0.0,20176.276333480204,16342.783830118966,10800.0,10800.0,3
2025-08-06,M9,53613.06985958242,0.0,2417.7865813875856,56030.85644097001,56030.85644097001,0.0,2590.1655923799517,27.280472935401235,229.4316945326725,56260.288135502684,69359.54548822298,71949.71108060295,342.98303630554483,0.0,19910.510420282564,16390.901169716428,10800.0,10507.346967458292,3
2025-08-07,M9,53716.840057676236,0.0,547.9404747767617,54264.780532453005,54264.780532453005,0.0,544.6251118778752,60.772360028501,518.1632946033703,54782.94382705638,71681.5867185433,72226.21183042118,2002.573336929586,2971.5393655870994,19271.044782344532,15346.158544411535,10507.346967458292,10800.0,3
2025-08-08,M9,23800.448732284178,0.0,37.16227881579302,23837.61101109997,23837.61101109997,0.0,55.11646839568857,0.0,0.0,23837.61101109997,41100.60053460261,41155.717002998295,156.05929942037858,21581.009480116714,20067.72300551417,16424.246032052964,10800.0,10611.788447126128,0
2025-08-09,M9,23858.50417110409,0.0,289.25470082347925,24147.75887192757,24147.75887192757,0.0,388.00094007173607,0.0,0.0,24147.75887192757,40656.70405159325,41044.70499166499,160.74281624096818,18490.613403336545,19271.12678756169,15799.70701547421,10611.788447126128,10400.572538738084,0
2025-08-10,M9,52387.902985653905,0.0,2536.2588041009058,54924.161789754835,54924.161789754835,0.0,2288.142344325144,68.35324778140307,577.8402991922173,55502.002088947054,67314.36028297865,69602.5026273038,317.8630528416179,0.0,19415.20556372553,15366.831791481945,10400.572538738084,10800.0,3
2025-08-11,M9,51330.54193998715,0.0,1233.1743884252933,52563.71632841242,52563.71632841242,0.0,1776.3398904393766,148.50194113834925,1243.0151645948706,53806.73149300729,67407.98279709874,69184.32268753811,277.1472543977701,748.1067478706457,20656.181701854744,16909.864408780028,10800.0,10601.825299691456,5
2025-08-12,M9,52547.55929785498,0.0,3494.605420158813,56042.16471801381,56042.16471801381,0.0,2968.0991516948466,134.31227099318482,1094.8939793850334,57137.05869739885,69214.25372799044,72182.35287968528,659.5377467652095,0.0,20650.353626916298,16753.76987300304,10601.825299691456,10571.843705023864,5
2025-08-13,M9,51904.17506856758,0.0,2712.441747516553,54616.61681608412,54616.61681608412,0.0,3405.377137044179,110.59414665670681,924.6221202966924,55541.23893638081,68252.38755494377,71657.76469198795,1694.2871539713967,0.0,19725.00825891973,15771.916024246464,10571.843705023864,10800.0,3
2025-08-14,M9,51593.83364655847,0.0,2348.2104717453844,53942.04411830385,53942.04411830385,0.0,3142.2057046815885,167.29640372595082,1116.89363624169,55058.93775454554,67267.31382733535,70409.51953201694,741.564897172746,11.226276325645586,22076.469874403407,18178.736095492233,10800.0,10470.227225305038,4
2025-08-15,M9,24176.98296714164,0.0,334.43909948587464,24511.42206662751,24511.42206662751,0.0,416.0402314242259,0.0,0.0,24511.42206662751,41105.991490143846,41522.03172156807,403.58903039898377,20322.817118728373,19189.50874146906,15553.610052361686,10470.227225305038,10458.99614555866,0
2025-08-16,M9,23928.603573701355,0.0,633.2572666353562,24561.86084033672,24561.86084033672,0.0,764.6411245940516,0.0,0.0,24561.86084033672,41015.64734744036,41780.28847203441,314.8708172669801,20721.046817677667,19114.69172916258,15299.601258739487,10458.99614555866,10662.661747649998,0
2025-08-17,M9,52350.78124817341,0.0,251.72405290786298,52602.50530108127,52602.50530108127,0.0,310.9431819008869,159.0069564987931,1325.5412211318712,53928.04652221314,68552.53278433261,68863.4759662335,773.812954333134,1023.7086234604267,20715.596321879297,16656.02859360723,10662.661747649998,10800.0,5
2025-08-18,M9,52163.60936137409,0.0,779.8324047148245,52943.44176608893,52943.44176608893,0.0,1093.2664484541306,242.29481132806495,2050.0954159298085,54993.537182018736,67985.528771621,69078.79522007515,934.2561034691457,0.0,21014.306901407355,17021.58859013996,10800.0,10800.0,5
2025-08-19,M9,52367.38118407704,0.0,565.0688279612389,52932.45001203828,52932.45001203828,0.0,743.3533984224918,68.65225644380791,575.0820134315849,53507.53202546987,67937.7690538557,68681.1224522782,234.47067216135383,651.883016813862,19112.421038522567,15566.660068775775,10800.0,10704.889969363885,3
2025-08-20,M9,53635.485911358126,0.0,4081.655267027832,57717.141178385944,57717.141178385944,0.0,3402.7258595831554,1069.202696752403,6082.312657139248,63799.45383552519,70130.71010321693,73533.43596280008,83.73045552807037,0.0,20781.686829054335,16913.46969169659,10704.889969363885,10615.664013627706,9
2025-08-21,M9,53625.68278306421,0.0,509.55625834699794,54135.23904141121,54135.23904141121,0.0,527.364305168295,25.842682217333845,214.28263605528187,54349.52167746649,71412.57004983725,71939.93435500553,1123.8065508623363,1269.0672333333332,18750.433589256885,15021.948819563006,10615.664013627706,10800.0,2
2025-08-22,M9,23677.210784530616,0.0,967.4737564596389,24644.684540990253,24644.684540990253,0.0,1286.0524482966414,0.0,0.0,24644.684540990253,40638.02408194305,41924.07653023969,139.2686627149409,17514.17748206308,19144.592525772805,16104.53154031114,10800.0,10136.209339516483,0
2025-08-23,M9,23708.462260092743,0.0,316.80142388474155,24025.263683977486,24025.263683977486,0.0,497.9312320431078,0.0,0.0,24025.263683977486,41605.64417539637,42103.57540743948,111.70884497669073,15458.354935908981,19153.548161660532,15150.042685106726,10136.209339516483,10541.021923781263,0
2025-08-24,M9,53231.43617320739,0.0,757.5094935764613,53988.94566678385,53988.94566678385,0.0,861.4384691741393,4.524539988844936,37.76181074689983,54026.707477530756,69170.2057563845,70031.64422555864,347.1200575653131,1834.7382512671127,20583.326184774738,16462.605211393013,10541.021923781263,10774.231921864075,1
2025-08-25,M9,56970.69068968509,0.0,767.6028543670614,57738.29354405215,57738.29354405215,0.0,1009.0173786347083,24.1940719914669,202.84309957645848,57941.136643628604,76327.18753390724,77336.20491254196,1871.1426275506565,671.1679166666668,21167.421859616297,17122.420435966866,10774.231921864075,10800.0,1
2025-08-26,M9,54030.12935921693,0.0,160.75640870352464,54190.88576792045,54190.88576792045,0.0,207.57493537804203,28.733231020511084,241.39346361177545,54432.27923153223,70922.56271057235,71130.1376459504,1885.6647235522055,76.55655243489264,19304.374829739423,15636.543612088937,10800.0,10800.0,2
2025-08-27,M9,54156.41988655488,0.0,1924.7889868389698,56081.20887339386,56081.20887339386,0.0,2898.6163206836854,19.55327896350991,165.26236877577875,56246.47124216964,71070.02689008228,73968.64321076598,1179.393854038933,1172.2195885664905,20038.628503593056,16316.194323135656,10800.0,10705.660849749687,2
2025-08-28,M9,53719.63980732733,0.0,3866.430412875818,57586.07022020316,57586.07022020316,0.0,4354.252252084267,95.31174560639738,808.7647386258041,58394.834958828964,71041.61879516486,75395.87104724912,725.0360905146633,0.0,20597.086756748664,16598.73503774114,10705.660849749687,10800.0,2
2025-08-29,M9,24885.460413606655,0.0,0.0,24885.460413606655,24885.460413606655,0.0,0.0,0.0,0.0,24885.460413606655,42685.10214924498,42685.10214924498,309.2566461109536,16096.909897588006,19750.410203850526,16026.694948304501,10800.0,10767.93035201603,0
2025-08-30,M9,24708.19776466514,0.0,226.03739388770373,24934.23515855285,24934.23515855285,0.0,293.0962567076748,0.0,0.0,24934.23515855285,42089.98452606499,42383.08078277266,93.81408560191534,20520.00622643165,18560.516623429878,15303.97598602411,10767.93035201603,10467.977550853908,0
2025-08-31,M9,52613.601505327664,0.0,1708.251341909453,54321.85284723711,54321.85284723711,0.0,2267.67114245238,127.08522933129257,1058.6525521992185,55380.505399436326,69450.3525744264,71718.02371687879,1064.044202175906,0.0,20187.481349838694,16053.039689137855,10467.977550853908,10800.0,5
2025-09-01,M9,48336.90115739726,0.0,0.0,48336.90115739726,48336.90115739726,0.0,0.0,0.0,0.0,48336.90115739726,72859.49685866173,72859.49685866173,12394.170632803649,4046.5233950296897,14971.938407868827,12127.270110373755,10800.0,10800.0,0
2025-09-02,M9,41611.456768991986,0.0,468.364282004923,42079.82105099691,42079.82105099691,0.0,907.1623564717166,0.0,0.0,42079.82105099691,61812.93826250846,62720.100618980185,4538.948155691895,505.20969814516275,19043.08902706908,15424.902111925954,10800.0,10800.0,0
2025-09-03,M9,41907.73216414239,0.0,694.3583352219571,42602.09049936433,42602.09049936433,0.0,895.5277692436292,0.0,0.0,42602.09049936433,60368.565870565595,61264.09363980923,1792.2306825497105,426.69502141281555,18407.63518866685,14910.184502820142,10800.0,10800.0,0
2025-09-04,M9,40547.590003941456,0.0,841.8263022346413,41389.41630617608,41389.41630617608,0.0,1102.5049797452239,0.0,0.0,41389.41630617608,59498.70080520967,60601.2057849549,2076.549311791198,629.1561844163048,20894.393361828465,16924.45862308106,10800.0,10800.0,0
2025-09-05,M9,18291.319764686286,0.0,0.0,18291.319764686286,18291.319764686286,0.0,0.0,0.0,0.0,18291.319764686286,36742.29163712921,36742.29163712921,3151.4623008981694,23481.76513579698,17288.43438824945,14003.631854482057,10800.0,10800.0,0
2025-09-06,M9,17900.336097219573,0.0,63.8294208576802,17964.165518077254,17964.165518077254,0.0,124.63939449623285,0.0,0.0,17964.165518077254,36230.23522898249,36354.874623478725,3188.2098087945,22127.559194563233,17463.273263794716,14145.25134367372,10800.0,10800.0,0
2025-09-07,M9,37686.70959056189,0.0,3373.772647408089,41060.48223796999,41060.48223796999,0.0,3889.377287886284,301.53318205831647,1561.7544435632224,42622.23668153321,56255.14996078596,60144.52724867223,1738.7226179780228,0.0,19717.653663609828,15971.299467523962,10800.0,10800.0,4
2025-09-08,M9,33715.08523282214,0.0,13991.122431363421,47706.207664185575,47706.207664185575,0.0,11759.526465411485,443.81174276211834,2326.182852929232,50032.39051711481,50612.914394097985,62372.44085950947,37.99192965654663,0.0,20786.546972819346,17403.85583353763,10800.0,10170.274682717823,8
2025-09-09,M9,36491.101393392906,0.0,4609.613225944394,41100.71461933728,41100.71461933728,0.0,4397.967790043287,10.685671810773421,55.78371377896768,41156.49833311625,54400.66755451627,58798.63534455956,82.80013421500314,1921.5673852800167,20579.89503308271,16877.77580287406,10170.274682717823,9939.095987076642,3
2025-09-10,M9,38453.44018592507,0.0,7500.051246777704,45953.491432702795,45953.491432702795,0.0,8084.171969871135,953.4801715840354,5097.869647474427,51051.36108017722,57418.01713741915,65502.189107290294,480.73716725898134,0.0,21576.978065449395,16918.044603834045,9939.095987076642,10560.548908387702,9
2025-09-11,M9,39702.90016701543,0.0,1329.6503384568057,41032.55050547223,41032.55050547223,0.0,1398.750842308921,0.0,0.0,41032.55050547223,59976.68767192137,61375.43851423029,1411.2693494317273,2729.88828418905,19571.948223604115,15833.753126327923,10560.548908387702,10582.243280378152,0
2025-09-12,M9,17048.10944070215,0.0,0.0,17048.10944070215,17048.10944070215,0.0,0.0,0.0,0.0,17048.10944070215,35170.16344622818,35170.16344622818,1005.2031741908287,18916.837407642593,18423.608509132064,14727.141844737305,10582.243280378152,10800.0,0
2025-09-13,M9,17427.55144670027,0.0,0.0,17427.55144670027,17427.55144670027,0.0,0.0,0.0,0.0,17427.55144670027,36026.85633169684,36026.85633169684,1585.3095916080606,23205.50139030129,16994.4414023903,13765.497535936143,10800.0,10800.0,0
2025-09-14,M9,41057.00909768719,0.0,2493.629498564636,43550.63859625181,43550.63859625181,0.0,3443.3815213285898,0.0,0.0,43550.63859625181,60825.07975770792,64268.461279036506,494.19603619227496,0.0,19596.53522816148,15921.594735317245,10800.0,10746.220888326168,0
2025-09-15,M9,38780.36427007502,0.0,1997.232534903417,40777.59680497845,40777.59680497845,0.0,2144.7913667049224,1.1717666666667128,7.876615533333644,40785.473420511786,57784.79084024127,59929.582206946194,179.80780683376213,1538.7617409937616,20321.64416163857,17176.49036918656,10746.220888326168,9950.711334704707,1
2025-09-16,M9,43099.26112851738,0.0,1435.760578907484,44535.02170742486,44535.02170742486,0.0,1541.4039121656267,13.092750000000137,88.18761655000094,44623.20932397486,63749.89875382975,65291.302665995376,346.24253633090166,1550.416718653979,18624.622706699534,14708.65652902237,9950.711334704707,10369.920071820543,2
2025-09-17,M9,42428.3641945888,0.0,783.8200708246185,43212.18426541341,43212.18426541341,0.0,1193.5668976903007,7.62916666666672,38.195422916666935,43250.379688330075,62787.18947127595,63980.75636896625,243.2429826094858,0.0,19713.178416272756,15928.15426324933,10369.920071820543,10413.831465077885,1
2025-09-18,M9,41234.298097715655,0.0,2657.5494979193018,43891.84759563495,43891.84759563495,0.0,3812.715556269682,2.4633999999999787,17.516005699999848,43909.36360133495,60938.24312035604,64750.95867662573,903.8419617968609,1446.5504591226736,18518.994490280453,15072.015951240926,10413.831465077885,10334.242116062598,1
2025-09-19,M9,16412.522186061004,0.0,430.27045518114977,16842.79264124215,16842.79264124215,0.0,654.0317387826212,0.0,0.0,16842.79264124215,34122.90742395194,34776.939162734554,133.1151437853407,14657.514949227727,18931.97004936869,15047.01329631387,10334.242116062598,10654.111497923452,0
2025-09-20,M9,15965.700885704333,0.0,199.38504607912637,16165.085931783462,16165.085931783462,0.0,403.1770259548135,0.0,0.0,16165.085931783462,33878.594392458035,34281.77141841284,209.304290938005,14827.820094812243,19415.612149080844,15816.398849751573,10654.111497923452,10554.385932372243,0
2025-09-21,M9,44152.585165380115,0.0,990.3579587897667,45142.943124169884,45142.943124169884,0.0,1446.955860945091,0.0,0.0,45142.943124169884,65201.30315002627,66648.25901097136,2322.908958561689,2819.7465978570717,17328.276108462742,14110.160137243472,10554.385932372243,10471.878721940411,0
2025-09-22,M9,44791.00829897876,0.0,204.142011274187,44995.15031025295,44995.15031025295,0.0,305.54896008617004,19.555900000000065,128.01369518333377,45123.16400543629,65418.25552507848,65723.80448516464,596.897046856086,1056.0987352004126,18778.808926437156,15302.46420666234,10471.878721940411,10370.068748331254,2
2025-09-23,M9,45499.131304400835,0.0,206.77039098664292,45705.90169538748,45705.90169538748,0.0,321.1717784818933,11.317700000000173,73.78176635000113,45779.683461737484,66750.38145482335,67071.55323330524,1163.9212617728576,180.27580444022715,18610.994858902373,14988.936575143547,10370.068748331254,10465.590148961672,2
2025-09-24,M9,43543.05651559813,0.0,1738.2206440253788,45281.27715962351,45281.27715962351,0.0,2448.4184837094253,0.0,0.0,45281.27715962351,63304.03210159467,65752.4505853041,571.460871901722,0.0,20088.398670883635,15970.634057481251,10465.590148961672,10800.0,0
2025-09-25,M9,44366.20613234258,0.0,1538.5962392906993,45904.802371633275,45904.802371633275,0.0,2068.0015556427957,15.37166666666667,106.25664583333335,46011.05901746661,64783.6678145337,66851.66937017649,962.6356716752585,2312.1535,18076.04403913727,14819.241073969371,10800.0,10602.616219702018,1
2025-09-26,M9,16547.6227082653,0.0,0.0,16547.6227082653,16547.6227082653,0.0,0.0,0.0,0.0,16547.6227082653,35235.23051972469,35235.23051972469,367.0151596427336,13516.093858743832,18508.618678968498,14850.740677630372,10602.616219702018,10759.550055628812,0
2025-09-27,M9,16710.53517892946,0.0,378.01393264893557,17088.549111578395,17088.549111578395,0.0,584.3539310623675,0.0,0.0,17088.549111578395,34549.896926528214,35134.25085759058,135.7074067101499,14227.388309499433,19199.04536753858,16229.192476157577,10759.550055628812,10006.254801794008,0
2025-09-28,M9,45629.99118989,0.0,2930.1158518960947,48560.10704178608,48560.10704178608,0.0,3911.346583193828,5.868333333333339,40.07191416666671,48600.178955952746,66582.52749919803,70493.87408239185,2046.381765793023,413.33268080931043,20200.148021425273,15647.749218969082,10006.254801794008,10800.0,1
2025-09-29,M9,46269.35742850308,0.0,49.00936135411533,46318.36678985719,46318.36678985719,0.0,72.27052490417157,26.015016666666725,142.85538336666707,46461.222173223854,67458.14625045,67530.41677535416,1310.5713082003324,230.9799650422325,18605.272997795182,15350.28407901692,10800.0,10488.87449910797,2
2025-09-30,M9,46728.30805974642,0.0,1779.6623904666412,48507.97045021306,48507.97045021306,0.0,2400.7256499073897,0.0,0.0,48507.97045021306,68349.15221599654,70749.87786590392,1183.5170662821722,0.0,20337.753063959222,16193.567031004131,10488.87449910797,10800.0,0
2025-10-01,M9,43788.80369483201,0.0,0.0,43788.80369483201,43788.80369483201,0.0,0.0,0.0,0.0,43788.80369483201,67205.76656936768,67205.76656936768,7634.478786450951,6938.227784003298,15639.676134632151,12668.137669052045,10800.0,10800.0,0
2025-10-02,M9,41467.89643675831,0.0,139.15537921711336,41607.051815975436,41607.051815975436,0.0,244.35988781949493,0.0,0.0,41607.051815975436,63465.62778498494,63709.98767280444,4883.104232219677,3829.302427205646,17193.673140591844,13926.875243879389,10800.0,10800.0,0
2025-10-03,M9,14362.662614969233,0.0,220.58417875770436,14583.24679372694,14583.24679372694,0.0,359.406132411662,0.0,0.0,14583.24679372694,32618.660074802516,32978.06620721418,2302.252100561338,19637.20805283698,16955.0123885045,13733.560034688644,10800.0,10800.0,0
2025-10-04,M9,15216.019771891753,0.0,234.07767812815396,15450.097450019904,15450.097450019904,0.0,399.8187748533354,0.0,0.0,15450.097450019904,33329.3433414741,33729.16211632743,2013.8836542224544,15329.191715117362,17426.572079661666,14136.467766007385,10800.0,10776.728465020626,0
2025-10-05,M9,40046.76458353309,0.0,660.4838762564492,40707.24845978955,40707.24845978955,0.0,742.8416882260724,0.0,0.0,40707.24845978955,61146.456214642254,61889.29790286832,2155.6267360624524,1711.0404157694318,17188.027909938646,13901.35822556887,10776.728465020626,10800.0,0
2025-10-06,M9,39415.918676225854,0.0,2301.800252333116,41717.718928558956,41717.718928558956,0.0,3057.062183414504,0.0,0.0,41717.718928558956,59276.3183548558,62333.38053827031,972.3850809232898,0.0,19094.137933405338,15466.251726058323,10800.0,10800.0,0
2025-10-07,M9,39166.223652724824,0.0,3318.2928221418824,42484.51647486672,42484.51647486672,0.0,4153.738640116957,0.0,0.0,42484.51647486672,59074.4209101534,63228.159550270364,1783.0521538081334,0.0,19334.4441919065,15660.899795444266,10800.0,10800.0,0
2025-10-08,M9,36686.60370945849,0.0,2727.657404518142,39414.26111397664,39414.26111397664,0.0,3264.9561160979692,0.0,0.0,39414.26111397664,56475.21767159976,59740.17378769774,76.38868624749568,0.0,20227.375300410953,17042.085865627374,10800.0,10068.986808561664,0
2025-10-09,M9,38345.690856743044,0.0,804.7141804252636,39150.405037168304,39150.405037168304,0.0,1196.4426879445489,0.0,0.0,39150.405037168304,59584.85948639919,60781.30217434374,284.3801434103814,579.6544532196908,21061.70901906311,16904.423124682773,10068.986808561664,10241.83256495983,0
2025-10-10,M9,13866.561474686365,0.0,890.8097824395552,14757.371257125917,14757.371257125917,0.0,1208.7001677177882,0.0,0.0,14757.371257125917,32221.41025648315,33430.11042420093,48.9156017731068,19826.44229663616,19534.344545399625,15323.202936274623,10241.83256495983,10796.961615514358,0
2025-10-11,M9,14442.06340626767,0.0,68.79027343279076,14510.853679700464,14510.853679700464,0.0,155.52403774141317,0.0,0.0,14510.853679700464,32839.4405360075,32994.96457374892,248.0341518369068,15285.407793676517,17817.16967014559,14461.960625243431,10796.961615514358,10763.569179486027,0
2025-10-12,M9,39541.79250643352,0.0,1017.9253809964077,40559.71788742992,40559.71788742992,0.0,1507.238256408687,20.929933333333338,105.12059016666669,40664.83847759659,60743.617432411804,62250.85568882048,424.6292930752899,0.0,18675.457355481685,15343.257009736488,10763.569179486027,10523.417455267894,1
2025-10-13,M9,41649.52313162222,0.0,84.5824591626949,41734.105590784915,41734.105590784915,0.0,156.67770521940338,0.0,0.0,41734.105590784915,63612.35312246578,63769.03082768519,1194.599167673924,1691.8370291723038,18980.39495042138,15125.195619582424,10523.417455267894,10800.0,0
2025-10-14,M9,42019.41806759265,0.0,818.2586505493055,42837.676718141964,42837.676718141964,0.0,1436.0025868758398,0.0,0.0,42837.676718141964,64027.849738717145,65463.85232559298,922.9106706303705,0.0,19826.90721910148,16059.794847472192,10800.0,10800.0,0
2025-10-15,M9,42219.643183820444,0.0,348.66498798704544,42568.30817180749,42568.30817180749,0.0,569.714032658571,0.0,0.0,42568.30817180749,64773.35509051983,65343.06912317839,321.9606453660167,0.0,18702.046805573176,15600.961977760791,10800.0,10297.439927503869,0
2025-10-16,M9,43048.360634837554,0.0,1698.9879935749445,44747.348628412496,44747.348628412496,0.0,2255.1299749854657,132.61849313881777,619.5374185163432,45366.88604692884,65243.17854600791,67498.30852099336,549.84629187857,0.0,20879.724790741486,16765.117018487857,10297.439927503869,10461.28444085137,7
2025-10-17,M9,15073.897329127774,0.0,0.0,15073.897329127774,15073.897329127774,0.0,0.0,0.0,0.0,15073.897329127774,34008.267279058535,34008.267279058535,319.77475126411525,14264.310379609664,17497.227187122262,14077.244355604169,10461.28444085137,10567.40629192344,0
2025-10-18,M9,14713.592264541876,0.0,79.45901136457286,14793.051275906451,14793.051275906451,0.0,130.8171193251717,0.0,0.0,14793.051275906451,33940.98697117217,34071.804090497346,84.02743706922001,14266.839443077202,18215.24165991154,14570.897716227286,10567.40629192344,10771.237434480177,0
2025-10-19,M9,43980.563708582595,0.0,1061.972582294271,45042.536290876866,45042.536290876866,0.0,1730.7425907725099,92.99120113222098,439.92050544215346,45482.45679631902,66207.51389542561,67938.25648619812,641.9921653822648,0.0,20636.594151373643,17133.0611627589,10771.237434480177,10307.437545428791,4
2025-10-20,M9,45454.528325048326,0.0,315.04747098342364,45769.57579603174,45769.57579603174,0.0,495.0696755180404,0.0,0.0,45769.57579603174,68878.15466863268,69373.22434415072,791.0915777771826,0.0,20202.92719288592,16061.576793179058,10307.437545428791,10643.8755821605,0
2025-10-21,M9,45707.824145480714,0.0,1100.0510945883175,46807.87524006903,46807.87524006903,0.0,1627.0891989842617,0.0,0.0,46807.87524006903,68636.87882763713,70263.96802662141,266.118646812766,0.0,19705.38744173987,16170.119411931228,10643.8755821605,10411.92493313613,0
2025-10-22,M9,45584.25106179083,0.0,694.4248692393776,46278.6759310302,46278.6759310302,0.0,1020.8533816811621,0.0,0.0,46278.6759310302,68564.58435873281,69585.43774041397,203.1095441473463,0.0,20378.57202722464,16551.140530958008,10411.92493313613,10362.483612129401,0
2025-10-23,M9,48107.05932015906,0.0,78.91796360788435,48185.977283766944,48185.977283766944,0.0,128.79308626337718,0.0,0.0,48185.977283766944,72882.0800184291,73010.87310469248,4083.2800229974164,1937.7505333333331,18420.58552543639,14810.240010407988,10362.483612129401,10485.188351235496,0
2025-10-24,M9,14761.284928517869,0.0,188.25133534483746,14949.536263862705,14949.536263862705,0.0,321.1214752384219,0.0,0.0,14949.536263862705,34124.279495175455,34445.40097041387,48.45116174285573,12747.520904979614,17871.063451870556,14641.685264845819,10485.188351235496,10300.606274756978,0
2025-10-25,M9,14433.649090718955,0.0,275.6234975432805,14709.272588262234,14709.272588262234,0.0,408.0548386882632,0.0,0.0,14709.272588262234,34135.39486640858,34543.44970509684,49.99626881266613,11657.117112973256,19071.72543656612,15633.821846588533,10300.606274756978,10094.246004790346,0
2025-10-26,M9,47091.228462990395,0.0,160.7056540132313,47251.93411700363,47251.93411700363,0.0,282.4600650553323,0.0,0.0,47251.93411700363,70752.44932133617,71034.90938639149,1305.7872131706827,1056.9372833333325,19203.776578683915,15075.9037054631,10094.246004790346,10626.64080842464,0
2025-10-27,M9,45311.65923830176,0.0,1636.5732924216566,46948.232530723406,46948.232530723406,0.0,2301.778007039545,19.744933333333393,103.66090000000031,47051.89343072341,67991.84801203325,70293.6260190728,1877.7175508919754,1512.254466433722,19544.759440469923,16173.942172056157,10626.64080842464,10245.877447007406,1
2025-10-28,M9,46668.235883709975,0.0,1362.3303988279472,48030.566282537926,48030.566282537926,0.0,1856.2997705388834,0.0,0.0,48030.566282537926,69261.36330363099,71117.66307416988,1020.228194186866,0.0,19592.087492587387,15467.074312604373,10245.877447007406,10693.118065220098,0
2025-10-29,M9,48039.893210849135,0.0,2079.178605128939,50119.07181597808,50119.07181597808,0.0,2414.430326429132,0.0,0.0,50119.07181597808,71239.8437108766,73654.27403730572,611.6242772805255,0.0,20530.029743364656,16799.636783339458,10693.118065220098,10503.881741648891,0
2025-10-30,M9,47656.29013637715,0.0,158.70622151775692,47814.99635789491,47814.99635789491,0.0,242.44763446036802,3.641833333333352,18.13268816666676,47833.12904606158,69974.26029221842,70216.70792667878,606.4886867988373,1108.3490565146044,19380.602928713663,15662.908562014978,10503.881741648891,10543.192641918982,1
2025-10-31,M9,15651.647773788034,0.0,37.08468029971426,15688.732454087749,15688.732454087749,0.0,80.3818488189711,0.0,0.0,15688.732454087749,35329.71293126094,35410.09478007991,221.49447125520805,7822.252778171041,17695.14621993727,14233.090755950278,10543.192641918982,10654.278955473339,0
2025-11-01,M9,15407.626158801086,0.0,31.523922251444112,15439.150081052529,15439.150081052529,0.0,74.68314919044587,0.0,0.0,15439.150081052529,35417.323151284145,35492.0063004746,416.8643145949591,9088.64058627768,17611.852845042886,14169.389878774258,10654.278955473339,10761.17998404054,0
2025-11-02,M9,48930.62554629287,0.0,1471.5663665325696,50402.191912825445,50402.191912825445,0.0,1901.6090203341794,0.0,0.0,50402.191912825445,72036.4096043136,73938.01862464777,1341.9222334485162,0.0,20547.55266382092,16747.84020595499,10761.17998404054,10645.26604152938,0
2025-11-03,M9,50691.162458032624,0.0,141.5755966430325,50832.738054675654,50832.738054675654,0.0,234.6686501624938,0.0,0.0,50832.738054675654,74242.16414432733,74476.83279448982,820.8706255382332,582.8330383486928,18047.043603400016,14478.844756130451,10645.26604152938,10800.0,0
2025-11-04,M9,49058.12865929579,0.0,492.3212060216109,49550.44986531741,49550.44986531741,0.0,638.7931511573297,33.599550000000136,160.26007882500068,49710.70994414241,72105.14289156422,72743.93604272154,1236.430212154068,888.2588680632668,19139.06590623247,16066.291427061587,10800.0,10173.724396651896,2
2025-11-05,M9,51285.6526283524,0.0,188.63479980056434,51474.287428152966,51474.287428152966,0.0,296.15282955940995,0.0,0.0,51474.287428152966,74905.37104678254,75201.52387634195,769.6638183491176,454.09203474361254,20209.34950586551,15909.601549282954,10173.724396651896,10684.803897172016,0
2025-11-06,M9,50012.46002417561,0.0,3270.5261023092567,53282.98612648487,53282.98612648487,0.0,3408.546808861076,0.0,0.0,53282.98612648487,72506.10601186531,75914.65282072638,387.221479465651,0.0,21337.738414292347,17179.891623031617,10684.803897172016,10800.0,0
2025-11-07,M9,15964.714164545681,0.0,48.715105158705065,16013.429269704386,16013.429269704386,0.0,87.04566275119282,0.0,0.0,16013.429269704386,36192.4918040085,36279.53746675969,619.5409349363033,8938.006187300718,17913.30821678602,14509.779655596682,10800.0,10800.0,0
2025-11-08,M9,16028.120426251544,0.0,0.0,16028.120426251544,16028.120426251544,0.0,0.0,0.0,0.0,16028.120426251544,36231.398683808104,36231.398683808104,328.896089748169,8881.843069942512,17068.498661886682,13839.046237769253,10800.0,10784.93075373218,0
2025-11-09,M9,51225.444837770054,0.0,849.9493604816379,52075.39419825169,52075.39419825169,0.0,1436.9901256760982,0.0,0.0,52075.39419825169,74478.412795124,75915.40292080009,647.7708671995944,212.23583071594715,20415.00354962584,16706.424510074623,10784.93075373218,10595.740048312524,0
2025-11-10,M9,52213.01975578841,0.0,2501.7182549789013,54714.73801076731,54714.73801076731,0.0,2832.013989346394,0.0,0.0,54714.73801076731,75378.44726489068,78210.46125423707,600.7027417231868,0.0,21037.386606578897,17286.071194065007,10595.740048312524,10322.642223050187,0
2025-11-11,M9,52862.16909615295,0.0,252.44710537251422,53114.61620152546,53114.61620152546,0.0,361.89848410713535,2.0516666666667334,10.46965500000034,53125.08585652546,76306.94589281917,76668.84437692631,1028.4250598729923,227.55875833106393,19330.284942502934,15474.392383780676,10322.642223050187,10526.12935599097,1
2025-11-12,M9,51959.9225518416,0.0,1378.4400537766917,53338.36260561829,53338.36260561829,0.0,1483.4314566794505,11.773333333333426,60.579686666667136,53398.942292284955,75686.86961370107,77170.30107038053,1803.1073234239364,463.5332000000002,20449.176704552592,16489.73057426266,10526.12935599097,10608.465529796458,1
2025-11-13,M9,52138.256337529114,0.0,1453.745824720798,53592.00216224991,53592.00216224991,0.0,2104.7663433823263,2.010533333333342,10.126051133333378,53602.12821338324,74542.58525007952,76647.35159346183,347.4073499240423,160.46586666666644,19999.389191678656,16253.771598140858,10608.465529796458,10548.169582150742,1
2025-11-14,M9,15652.944542306805,0.0,298.2692883500348,15951.213830656834,15951.213830656834,0.0,432.0082227619702,0.0,0.0,15951.213830656834,36002.59127391095,36434.59949667292,202.81529028965565,5199.453997447679,17929.565611391507,14495.690702455924,10548.169582150742,10578.455629674294,0
2025-11-15,M9,16163.162181111624,0.0,386.3204097221374,16549.482590833755,16549.482590833755,0.0,525.8469363452542,0.0,0.0,16549.482590833755,36030.83845810477,36556.68539445003,265.47212400624994,4586.313126654436,18193.96584111084,14700.952613988165,10578.455629674294,10618.633093353861,0
2025-11-16,M9,53722.19156660454,0.0,1804.4991371412286,55526.69070374577,55526.69070374577,0.0,2071.9999365220883,0.0,0.0,55526.69070374577,76923.22148702289,78995.22142354498,662.8062681685132,0.0,20319.638481157857,16421.767709114712,10618.633093353861,10659.899160712917,0
2025-11-17,M9,53644.5816357855,0.0,1951.6487552265633,55596.23039101207,55596.23039101207,0.0,2130.960575433384,0.0,0.0,55596.23039101207,76923.47381227495,79054.43438770833,2149.274979987619,269.16134999999986,20074.489310679004,16134.245586291618,10659.899160712917,10800.0,0
2025-11-18,M9,54046.99112805921,0.0,1606.1439416402968,55653.13506969949,55653.13506969949,0.0,2187.4215622585007,0.0,0.0,55653.13506969949,76714.72181050226,78902.14337276077,203.63471669676585,0.0,20890.178219471745,17082.221396741083,10800.0,10620.9144011456,0
2025-11-19,M9,54586.91439502282,0.0,4715.413231959631,59302.327626982464,59302.327626982464,0.0,3982.412706953317,0.0,0.0,59302.327626982464,76750.62860617919,80733.0413131325,1570.7015489186688,243.10676666666654,19600.895960418653,16049.974562871468,10620.9144011456,10428.415695665197,0
2025-11-20,M9,54314.397280133606,0.0,1100.7763179711103,55415.17359810472,55415.17359810472,0.0,1547.4165097039404,0.0,0.0,55415.17359810472,77757.39311652316,79304.80962622713,525.4289310042595,28.772050000000036,20556.732570194807,16599.19995830528,10428.415695665197,10485.919499612437,0
2025-11-21,M9,16435.951388512705,0.0,896.9542929093714,17332.90568142208,17332.90568142208,0.0,1030.1166682019712,0.0,0.0,17332.90568142208,36786.40226540064,37816.51893360261,520.194162291611,4820.372471573541,17520.504119589357,13908.93588651857,10485.919499612437,10800.0,0
2025-11-22,M9,16775.791664858854,0.0,304.43115125275864,17080.22281611161,17080.22281611161,0.0,423.9119833746878,0.0,0.0,17080.22281611161,36946.861113736864,37370.77309711156,272.21729464637974,3707.8424495626946,17848.359581506134,14677.475711936986,10800.0,10555.21727675887,0
2025-11-23,M9,55491.437628260224,0.0,1897.975948399486,57389.41357665972,57389.41357665972,0.0,1685.1714183089343,0.0,0.0,57389.41357665972,78760.86458829438,80446.0360066033,1136.2013274992828,0.0,20302.28392028252,16224.545524511832,10555.21727675887,10800.0,0
2025-11-24,M9,54695.35434494483,0.0,529.6065387807954,55224.96088372563,55224.96088372563,0.0,735.7485376899829,0.0,0.0,55224.96088372563,77387.62104790755,78123.36958559754,710.7665299991999,183.90513333333342,18761.822487569785,15695.068265304784,10800.0,10246.675499585268,0
2025-11-25,M9,57255.72034365634,0.0,12.521801910928238,57268.24214556727,57268.24214556727,0.0,21.5707181928135,0.0,0.0,57268.24214556727,81554.57716611857,81576.14788431139,1035.6205559033924,138.07047076561003,20697.048658444422,16463.25226746869,10246.675499585268,10581.516772775585,0
2025-11-26,M9,57082.21387717898,0.0,1069.4583153466442,58151.67219252563,58151.67219252563,0.0,1087.3008814723767,32.99316666666664,177.73418883333318,58329.40638135896,80280.5457041974,81367.84658566977,524.5415403333751,0.0,20669.501802269355,16550.870473599614,10581.516772775585,10794.212313040656,1
2025-11-27,M9,56782.390384300066,0.0,1548.016258594686,58330.40664289476,58330.40664289476,0.0,1777.5472282789744,0.0,0.0,58330.40664289476,79506.44689039938,81283.99411867837,1500.5312379740935,214.0128166666666,20213.3259820191,16424.768651314822,10794.212313040656,10736.462750952493,0
2025-11-28,M9,16340.925181525312,0.0,209.6857910464221,16550.610972571736,16550.610972571736,0.0,340.3988501416279,0.0,0.0,16550.610972571736,37181.6072873682,37522.00613750983,192.47586655184,2962.869367370594,18217.28415868761,14771.861805100209,10736.462750952493,10718.838710326669,0
2025-11-29,M9,16790.742679594543,0.0,175.34171015819965,16966.08438975274,16966.08438975274,0.0,351.9857676567292,0.0,0.0,16966.08438975274,37939.23082705577,38291.216594712496,192.5485313285946,0.0,17741.0228311408,14571.804867756897,10718.838710326669,10494.864960845729,0
2025-11-30,M9,59431.84135276999,0.0,1866.8022236974653,61298.64357646745,61298.64357646745,0.0,2019.8949874750297,0.0,0.0,61298.64357646745,82627.8096614432,84647.70464891822,302.4464831413245,0.0,20963.267494584477,16862.837445474237,10494.864960845729,10625.319655444831,0
2025-12-01,M9,63539.02281638745,0.0,12669.513364152252,76208.5361805397,76208.5361805397,0.0,8732.339627730365,234.7974560034535,1539.5934557902322,77748.12963632993,83848.25532887399,92580.59495660436,2191.1208017060912,0.0,21937.534565624926,17612.19068805654,10625.319655444831,10800.0,4
2025-12-02,M9,66952.27695114352,0.0,10813.186843156838,77765.46379430039,77765.46379430039,0.0,7616.048720181825,105.95513179000034,752.2424516914057,78517.7062459918,86693.12457662786,94309.17329680969,1488.2618592951671,0.0,22573.982206865876,18284.925587561353,10800.0,10800.0,3
2025-12-03,M9,69536.10278757408,0.0,6187.396598748876,75723.4993863229,75723.4993863229,0.0,4680.259011739339,19.607955587667448,139.14785682788204,75862.64724315079,89551.28815169426,94231.5471634336,3251.902855236056,0.0,20192.1247216766,16355.621024558051,10800.0,10800.0,1
2025-12-04,M9,71325.5689658958,0.0,3000.9345171511573,74326.50348304694,74326.50348304694,0.0,2221.005767784808,99.52302405562693,711.3263872074049,75037.82987025434,91822.97993994204,94043.98570772685,3570.6024802571505,0.0,20008.934218554386,16207.236717029054,10800.0,10800.0,2
2025-12-05,M9,20800.552088307668,0.0,2203.4719705543043,23004.02405886197,23004.02405886197,0.0,3076.503193254912,0.0,0.0,23004.02405886197,43448.212719382835,46524.71591263775,1774.9345363328516,0.0,18095.545752481965,14657.392059510397,10800.0,10800.0,0
2025-12-06,M9,22018.351034394927,0.0,3053.144243419515,25071.49527781445,25071.49527781445,0.0,3601.388380995645,0.0,0.0,25071.49527781445,44954.909214748826,48556.29759574447,1551.792300322205,0.0,17578.286730292642,14238.41225153704,10800.0,10800.0,0
2025-12-07,M9,75280.85838501783,0.0,76.01309670926764,75356.8714817271,75356.8714817271,0.0,103.38279294310382,24.548135287347577,177.21298863936215,75534.08447036646,95945.25961150549,96048.64240444859,4841.825163042793,0.0,18835.17961417454,15256.495487481385,10800.0,10800.0,1
2025-12-08,M9,78225.36130490011,0.0,0.0,78225.36130490011,78225.36130490011,0.0,0.0,0.0,0.0,78225.36130490011,100316.8586207275,100316.8586207275,8804.256551878938,0.0,19291.531327273093,15626.1403750912,10800.0,10800.0,0
2025-12-09,M9,75629.94204275864,0.0,0.0,75629.94204275864,75629.94204275864,0.0,0.0,79.69273598829318,586.9182513154717,76216.86029407411,98229.82728294644,98229.82728294644,7240.629997058134,0.0,19370.714501104907,15690.278745894979,10800.0,10800.0,3
2025-12-10,M9,72534.92255416178,0.0,880.26487973338,73415.18743389517,73415.18743389517,0.0,1008.0988683924718,2.9409439396185917,20.933638962205134,73436.12107285738,93576.50237712782,94584.6012455203,2236.7349844123114,0.0,20858.888096741808,16895.699358360867,10800.0,10800.0,1
2025-12-11,M9,71229.42244327757,0.0,0.0,71229.42244327757,71229.42244327757,0.0,0.0,30.088760693825748,214.2018873793455,71443.62433065691,93894.35057823508,93894.35057823508,4236.822043340928,0.0,19612.434713621005,15886.072118033015,10800.0,10800.0,1
2025-12-12,M9,22452.360041776577,0.0,1522.4422024774635,23974.80224425403,23974.80224425403,0.0,1990.8936897330286,0.0,0.0,23974.80224425403,46217.038178594084,48207.93186832711,932.2767927382248,242.8286754453967,17465.33114110614,14146.918224295976,10800.0,10800.0,0
2025-12-13,M9,22921.947904126737,0.0,933.5937611406899,23855.541665267425,23855.541665267425,0.0,1416.1459229615562,0.0,0.0,23855.541665267425,46730.691005702385,48146.836928663935,955.6437091611272,0.0,17908.50950521849,14515.849669049008,10800.0,10788.93670019775,0
2025-12-14,M9,69949.44658014848,0.0,3450.4586759178483,73399.90525606633,73399.90525606633,0.0,3241.604351665822,40.90438201466441,304.79900258227184,73704.70425864859,90468.74581749535,93710.35016916116,730.9058736368415,0.0,22271.946882720986,18030.320005181988,10788.93670019775,10800.0,1
2025-12-15,M9,71823.85724333953,0.0,1698.273344860795,73522.13058820034,73522.13058820034,0.0,1722.1813485283883,30.215768250311612,212.02404581243658,73734.15463401277,92902.6867790425,94624.8681275709,1211.745810146138,0.0,21298.644885500828,17324.86476649242,10800.0,10718.930656403616,1
2025-12-16,M9,72386.78649569079,0.0,394.8294065765176,72781.61590226731,72781.61590226731,0.0,626.5502642122217,16.538704149733462,119.12573773209517,72900.74163999941,93571.37369829931,94197.92396251153,981.4924335588491,0.0,20722.05939178755,16907.180492018473,10718.930656403616,10583.028006769664,2
2025-12-17,M9,71167.96889649489,0.0,379.0688964910522,71547.03779298592,71547.03779298592,0.0,520.0756828739527,43.89567453910297,321.14028384850553,71868.17807683443,92569.62325210501,93089.69893497897,1168.1489267148277,0.0,20692.690168447174,16919.0915523106,10583.028006769664,10407.458544693676,2
2025-12-18,M9,69215.237614508,0.0,2155.5888950744934,71370.82650958255,71370.82650958255,0.0,1785.125311428114,25.736527792521997,178.0611405988828,71548.88765018144,90712.69081563462,92497.81612706273,913.7133549465772,0.0,21947.051414976795,17703.479081734782,10407.458544693676,10489.27250513414,2
2025-12-19,M9,21748.802584250727,0.0,1272.432483760193,23021.235068010923,23021.235068010923,0.0,1891.82887297562,0.0,0.0,23021.235068010923,45165.49489978561,47057.323772761236,255.2293678881149,724.3638859522623,18148.876508931484,14979.537290010621,10489.27250513414,10179.33104093845,0
2025-12-20,M9,22398.350077956107,0.0,19.82861253244615,22418.178690488552,22418.178690488552,0.0,41.674259210689684,0.0,0.0,22418.178690488552,46797.20325164701,46838.8775108577,145.648059453062,159.1346205994838,18443.036880543634,14765.294299738473,10179.33104093845,10372.181678162755,0
2025-12-21,M9,70948.76934100655,0.0,1540.2826940407085,72489.05203504725,72489.05203504725,0.0,1745.7841818863465,17.092947782268084,123.56491951801598,72612.61695456527,92533.70826565032,94279.49244753667,622.5825376206681,0.0,22374.655270411076,17738.43427937946,10372.181678162755,10800.0,1
2025-12-22,M9,70992.97961255687,0.0,1313.7763388630635,72306.75595141997,72306.75595141997,0.0,1341.065044783948,47.07377598202936,331.1551696258873,72637.91112104585,91547.34840535132,92888.41345013527,465.21493889058536,0.0,21330.043192864592,17797.197988971202,10800.0,10222.374441387903,2
2025-12-23,M9,71164.07351981597,0.0,362.8300970530269,71526.90361686898,71526.90361686898,0.0,533.0763410649837,0.0,0.0,71526.90361686898,92745.49692194353,93278.57326300851,1678.6667182772828,0.0,21397.083780515488,17055.269769117593,10222.374441387903,10529.45010038785,0
2025-12-24,M9,69267.2384120297,0.0,849.4019664932417,70116.64037852296,70116.64037852296,0.0,1412.0443201040655,13.04080380289679,99.45119659638534,70216.09157511935,91017.79945537596,92429.84377548003,555.0639592533457,0.0,22320.089483192838,18286.828179829914,10529.45010038785,10298.832657672621,2
2025-12-25,M9,68469.89856411889,0.0,2090.6966493158257,70560.59521343473,70560.59521343473,0.0,2325.24622321544,0.0,0.0,70560.59521343473,89935.04004044704,92260.28626366249,199.895958757946,0.0,22343.46952213715,18095.527750565936,10298.832657672621,10301.813282522797,0
2025-12-26,M9,21712.33043204825,0.0,1457.0136972511687,23169.34412929942,23169.34412929942,0.0,1928.1190537574762,0.0,0.0,23169.34412929942,45193.094945509045,47121.21399926652,76.64754991617872,0.0,19088.069793987088,15051.125777970075,10301.813282522797,10757.603010477755,0
2025-12-27,M9,21388.584081937475,0.0,708.2749738152676,22096.859055752757,22096.859055752757,0.0,1264.6773199548304,0.0,0.0,22096.859055752757,45490.025217499904,46754.70253745473,216.78996458908819,0.0,17879.01765084961,14679.914144650633,10757.603010477755,10537.703179963924,0
2025-12-28,M9,70016.4924613982,0.0,438.35547574853473,70454.84793714675,70454.84793714675,0.0,458.4105033485756,116.9985081168594,874.5758203309828,71329.42375747774,91934.34858653307,92392.75908988164,1697.289163750722,0.0,20720.33871177566,16717.125027527873,10537.703179963924,10611.424656642159,3
2025-12-29,M9,69651.9184056293,0.0,1193.7766154654548,70845.69502109478,70845.69502109478,0.0,1311.5951195942075,19.0209195589008,132.19539093436055,70977.89041202914,91342.5648924224,92654.1600120166,1418.7801742032473,0.0,20698.130233340857,16967.495742635267,10611.424656642159,10386.968819276419,1
2025-12-30,M9,67891.92881274881,0.0,1179.5808857164295,69071.50969846523,69071.50969846523,0.0,1086.3725203516133,54.20504858661593,396.5099304110956,69468.01962887633,90339.08295253146,91425.45547288308,994.7677536039245,0.0,21915.203041454777,17654.712873588993,10386.968819276419,10494.303919264621,1
2025-12-31,M9,68530.66977754235,0.0,2025.498201367242,70556.16797890958,70556.16797890958,0.0,2091.0504721500106,179.56267614418505,865.3534788114274,71421.52145772101,90115.57976370421,92206.63023585422,215.16212693643564,0.0,22236.964473405533,18712.356621676896,10494.303919264621,9716.064587910823,7
2025-02-01,M10,17794.725634957565,0.0,101.6672552547716,17896.392890212337,17896.392890212337,0.0,78.13169413278138,0.0,0.0,17896.392890212337,42387.263650454544,42465.39534458733,1611.933304697476,2728.66626054171,19719.05182113057,15972.431975115762,10800.0,10800.0,0
2025-02-02,M10,61919.971285634594,0.0,247.95775310337237,62167.929038737966,62167.929038737966,0.0,132.4454520756202,0.0,0.0,62167.929038737966,89276.88190848989,89409.3273605655,6517.128678704915,0.0,23873.267009792617,19337.346277932018,10800.0,10800.0,0
2025-02-03,M10,62560.75624111686,0.0,327.97339122706524,62888.72963234393,62888.72963234393,0.0,183.76948015188282,0.0,0.0,62888.72963234393,88499.91546007467,88683.68494022655,4150.466718947873,0.0,22717.37748041412,18401.07575913544,10800.0,10800.0,0
2025-02-04,M10,62283.08059338163,0.0,196.5841309913136,62479.664724372946,62479.664724372946,0.0,102.48364664337066,0.0,0.0,62479.664724372946,88353.02787339833,88455.5115200417,2489.0443551892167,0.0,25301.98099242024,20530.377777567748,10800.0,10760.252029214058,0
2025-02-05,M10,58233.37571309288,0.0,2228.5664036000016,60461.942116692895,60461.942116692895,0.0,1492.0506296895162,1165.2372304007981,6601.584816996769,67063.52693368966,83682.60570258056,85174.65633227008,955.9999584024858,0.0,24417.285715668906,19781.819094733837,10760.252029214058,10756.010179167362,9
2025-02-06,M10,59940.140149277046,0.0,869.1023232796445,60809.242472556725,60809.242472556725,0.0,510.3964603157141,221.84822127753807,1223.093316534324,62032.33578909105,85645.24303972442,86155.63950004012,1505.8162083594366,0.0,24762.399955286855,20161.785658995286,10756.010179167362,10640.186073375215,7
2025-02-07,M10,15692.968072257416,0.0,306.37933625458675,15999.347408512003,15999.347408512003,0.0,243.00442397810667,517.6773944718968,2161.24460190571,18160.592010417713,38108.178416586874,38351.18284056499,305.32762752502447,2868.5019326065785,20559.157906724537,16669.806898485927,10640.186073375215,10621.420524442934,4
2025-02-08,M10,13585.723472187281,0.0,2432.334097250552,16018.057569437831,16018.057569437831,0.0,2149.625025971701,586.5021147130483,2892.232963842785,18910.290533280615,34065.59432982153,36215.21935579323,28.56653228372022,988.8823666666668,22119.928712800727,17912.8188579115,10621.420524442934,10626.224301617487,4
2025-02-09,M10,54482.526786440016,0.0,5280.249360079219,59762.77614651924,59762.77614651924,0.0,3597.0819965708542,1027.8268653503792,5659.391579312223,65422.16772583146,79887.879569406,83484.96156597685,233.44668401656017,0.0,25148.23437864144,20424.308597997424,10626.224301617487,10565.95902239765,14
2025-02-10,M10,54739.537763395005,0.0,993.6676526079505,55733.205416002966,55733.205416002966,0.0,563.0734537810224,7.43090434610383,38.417775469356805,55771.623191472325,81460.9391834275,82024.01263720854,3428.7037564466573,127.33024999999998,22052.07267630598,17903.30072453134,10565.95902239765,10520.26807048266,1
2025-02-11,M10,54348.58738845139,0.0,1108.0726839573722,55456.66007240877,55456.66007240877,0.0,580.8860150333319,709.253246030189,3728.2835630326576,59184.94363544143,80630.4708398821,81211.35685491542,1935.4620203497861,0.0,24406.90095318684,19642.35000592434,10520.26807048266,10661.645588434885,9
2025-02-12,M10,54999.01715440762,0.0,716.070136304756,55715.08729071237,55715.08729071237,0.0,399.9262725592897,13.64937058353846,69.69500992858997,55784.78230064096,81629.10416898943,82029.03044154872,2012.7720279420494,58.95943333333321,24490.818518076332,19786.606300552783,10661.645588434885,10718.264142978267,2
2025-02-13,M10,54326.42798338135,0.0,1045.9490459364479,55372.37702931779,55372.37702931779,0.0,554.956170174352,0.0,0.0,55372.37702931779,81223.98457824509,81778.94074841944,6045.9007921635675,328.66342587469626,21059.65917049983,16984.76165678531,10718.264142978267,10800.0,0
2025-02-14,M10,14586.078421968545,0.0,958.8384923769077,15544.916914345453,15544.916914345453,0.0,812.1893690557313,0.0,0.0,15544.916914345453,35846.89203276823,36659.08140182396,384.3406945850779,2172.511549089349,22633.8281130677,18333.400771584835,10800.0,10800.0,0
2025-02-15,M10,14800.761705855877,0.0,1384.486127243355,16185.247833099234,16185.247833099234,0.0,1199.1755330932735,0.0,0.0,16185.247833099234,35161.12220522178,36360.29773831505,119.02054248817717,3135.5794716310065,20878.368779245327,17052.762155049462,10800.0,10643.018395710284,0
2025-02-16,M10,55451.51669815619,0.0,995.0383297761002,56446.55502793229,56446.55502793229,0.0,527.0109567021915,14.050303401570659,75.07779622629282,56521.63282415859,81703.83234838318,82230.84330508536,2382.9346142507666,0.0,22859.455001975915,18374.875107739754,10643.018395710284,10800.0,1
2025-02-17,M10,54666.35706136986,0.0,1217.4527596877601,55883.80982105762,55883.80982105762,0.0,614.1999920954582,16.694513422821956,89.08192362417795,55972.8917446818,81485.42845497298,82099.62844706842,6028.021064208034,794.4812,21631.355419034477,17521.397889417924,10800.0,10800.0,1
2025-02-18,M10,50751.0072463129,0.0,2778.1074615508487,53529.11470786376,53529.11470786376,0.0,1655.7325913848022,6.867537074033976,34.996968929277145,53564.111676793036,76773.31189651604,78429.04448790084,2249.833414145349,95.83631069958756,21046.602719982126,17047.74820318552,10800.0,10800.0,1
2025-02-19,M10,50002.60725804588,0.0,2430.3583361826154,52432.965594228495,52432.965594228495,0.0,1466.5009046918876,653.3995176792578,3387.3942757175264,55820.35986994602,76272.10594586277,77738.60685055466,1197.6443651743355,0.0,22710.708524875015,18395.67390514876,10800.0,10800.0,8
2025-02-20,M10,51691.84255277898,0.0,1387.7726975152264,53079.615250294206,53079.615250294206,0.0,754.5676662516993,48.93628684981297,274.5570373708757,53354.17228766508,78087.93430698902,78842.50197324072,3712.7408920741827,0.0,22029.282287805352,17843.718653122338,10800.0,10800.0,1
2025-02-21,M10,14651.300241119996,0.0,1446.5480660023438,16097.848307122342,16097.848307122342,0.0,1197.0025650184987,0.0,0.0,16097.848307122342,35106.89802677906,36303.90059179756,932.947609738569,5996.036397711521,20077.12921586388,16262.474664849746,10800.0,10800.0,0
2025-02-22,M10,14797.71998690061,0.0,1469.339907235592,16267.0598941362,16267.0598941362,0.0,1205.478090414096,0.0,0.0,16267.0598941362,35174.9498060387,36380.42789645279,819.6312476423359,3753.8547197366665,20853.57392494976,16891.394879209307,10800.0,10800.0,0
2025-02-23,M10,51300.658845286576,0.0,1788.5427423671035,53089.201587653675,53089.201587653675,0.0,1040.464673109637,29.431586468990304,151.8803846573627,53241.08197231104,77904.69739251294,78945.16206562257,3100.325941263139,83.60054553974737,22414.807799765033,18155.994317809676,10800.0,10800.0,2
2025-02-24,M10,49415.63811948514,0.0,964.3376426361002,50379.97576212124,50379.97576212124,0.0,539.8448024388772,41.82843512260297,213.72238925893987,50593.69815138018,75338.32913333892,75878.1739357778,2851.3727506288483,760.5988499999997,21605.24817686786,17500.251023262972,10800.0,10800.0,1
2025-02-25,M10,48271.539651943116,0.0,1080.113273130401,49351.652925073504,49351.652925073504,0.0,580.5662235441794,53.59598144679228,276.7083989212772,49628.36132399478,75257.3702375484,75837.93646109258,4868.268477006942,1197.9663666666665,21073.549292275948,17069.57492674352,10800.0,10800.0,2
2025-02-26,M10,45927.21813753952,0.0,3303.9109893232176,49231.12912686275,49231.12912686275,0.0,2493.2669495744967,144.9210393728341,756.4637263162881,49987.592853179034,71343.15895394271,73836.4259035172,800.9022653685072,0.0,22976.82444309576,18611.22779890757,10800.0,10800.0,5
2025-02-27,M10,44689.391032266,0.0,1325.5348328244074,46014.9258650904,46014.9258650904,0.0,814.7916523480376,1203.0427464374397,6535.540539980621,52550.46640507102,71388.83397576703,72203.62562811507,1833.9933691519777,262.3258893687163,22914.55218964113,18560.787273609316,10800.0,10800.0,10
2025-02-28,M10,13472.466491355653,0.0,1547.8330812048735,15020.299572560527,15020.299572560527,0.0,1312.6298983161705,0.0,0.0,15020.299572560527,33903.89883702902,35216.528735345186,911.0864930667337,7112.192720510355,20529.76827246364,16629.112300695546,10800.0,10800.0,0
2025-03-01,M10,13869.949543092322,0.0,330.2470073915615,14200.196550483884,14200.196550483884,0.0,259.04773690360554,0.0,0.0,14200.196550483884,34124.77136425845,34383.81910116205,234.2872930647141,6607.543371042175,20438.013177483335,16554.7906737615,10800.0,10800.0,0
2025-03-02,M10,47760.13409987683,0.0,5015.94209379328,52776.0761936701,52776.0761936701,0.0,2824.7431477099935,374.0366367755138,2077.8445298616252,54853.92072353173,73963.41051722167,76788.15366493165,776.8633252591203,0.0,21545.806596352035,17518.786686570653,10800.0,10725.90739608277,7
2025-03-03,M10,49846.33854535771,0.0,1866.2025892735974,51712.541134631305,51712.541134631305,0.0,1032.6078751613727,399.7640104390613,2226.217475414482,53938.758610045785,76706.25063668344,77738.85851184482,1630.7425995368562,0.3536833333332652,24013.67448097791,19523.29487489754,10725.90739608277,10645.66456796561,8
2025-03-04,M10,48350.18040324926,0.0,2643.630766510815,50993.81116976007,50993.81116976007,0.0,1608.581897639967,0.6247333333334382,3.1064865000005213,50996.91765626007,74520.18358886315,76128.7654865031,2219.0556873950536,600.6831000000002,20901.534790932074,16791.341291824025,10645.66456796561,10800.0,1
2025-03-05,M10,46773.72248585291,0.0,1945.7465380712679,48719.469023924175,48719.469023924175,0.0,1142.2375809715263,6.618300000000204,32.736535900001016,48752.20555982418,74077.6581248184,75219.89570578991,4475.591760960244,438.84349999999984,22008.45646401586,17826.84973585285,10800.0,10800.0,2
2025-03-06,M10,43478.42179475027,0.0,3746.358646538754,47224.78044128902,47224.78044128902,0.0,2243.0124384711003,137.4479448117845,736.3524544411493,47961.13289573017,69497.52657844577,71740.53901691688,1398.8970830186702,803.271483333333,21160.82357938425,17425.65931734092,10800.0,10482.897535511467,6
2025-03-07,M10,12767.570714093097,0.0,915.6495651841717,13683.220279277271,13683.220279277271,0.0,751.1077646574299,0.0,0.0,13683.220279277271,32518.888991438573,33269.99675609601,453.65342280456383,7784.442242827314,20127.49125837432,16017.875701243525,10482.897535511467,10800.0,0
2025-03-08,M10,11968.95342340593,0.0,3191.281842916325,15160.23526632225,15160.23526632225,0.0,2741.1278487165464,0.0,0.0,15160.23526632225,30301.558592902857,33042.68644161941,670.818261004046,9504.707171421847,20021.165750141285,16217.14425761444,10800.0,10800.0,0
2025-03-09,M10,42534.10394969312,0.0,3050.8318307641002,45584.935780457236,45584.935780457236,0.0,1882.6123596766647,0.0,0.0,45584.935780457236,69326.30693162562,71208.91929130229,2712.250494869637,993.9696666666669,21943.021472452492,17773.84739268652,10800.0,10800.0,0
2025-03-10,M10,43051.14760430634,0.0,6577.346908158813,49628.494512465135,49628.494512465135,0.0,4684.093838277531,18.291393512929744,105.65208294297813,49734.146595408114,67487.96542640269,72172.05926468021,48.131685289987786,0.0,22409.55242681069,18309.404903907533,10800.0,10624.8139575657,3
2025-03-11,M10,41737.94569829153,0.0,3874.191524817109,45612.13722310864,45612.13722310864,0.0,2783.955078047462,0.0,0.0,45612.13722310864,66927.50951028308,69711.46458833053,932.5148516838406,696.7541901088656,20976.891096563042,16833.614350025196,10624.8139575657,10800.0,0
2025-03-12,M10,42734.86687876721,0.0,2774.4396726566965,45509.30655142392,45509.30655142392,0.0,1816.9460066474849,0.0,0.0,45509.30655142392,69051.90360462159,70868.84961126908,3206.1238385422566,1254.4559141951722,20909.1325010438,16936.397325845475,10800.0,10800.0,0
2025-03-13,M10,43205.84142380645,0.0,4454.925111716812,47660.766535523246,47660.766535523246,0.0,3551.324712826604,115.23337575174128,542.2381846568125,48203.004720180055,68283.56288832442,71834.88760115103,238.31396880412746,0.0,22512.62855368587,18346.439562253894,10800.0,10676.432851368509,3
2025-03-14,M10,12405.505311294932,0.0,2150.16920704506,14555.67451833999,14555.67451833999,0.0,1768.4384683224778,0.0,0.0,14555.67451833999,31542.28057345484,33310.719041777316,1550.4420166227235,11937.113350101321,19381.72241027154,15587.984718551601,10676.432851368509,10800.0,0
2025-03-15,M10,12642.453853529754,0.0,2380.746003337068,15023.199856866819,15023.199856866819,0.0,2003.008715201292,0.0,0.0,15023.199856866819,31189.81662336687,33192.82533856816,1151.946368363515,7335.713924301906,19900.20997843548,16119.170082532743,10800.0,10800.0,0
2025-03-16,M10,42295.35141550666,0.0,3221.0211328902583,45516.37254839691,45516.37254839691,0.0,2186.740179248845,1.6400000000001,8.081100000000493,45524.45364839691,68177.39829077307,70364.13847002192,2770.4902293660843,180.25728333333336,21389.389599942955,17325.405575953795,10800.0,10800.0,1
2025-03-17,M10,41198.58180606358,0.0,2029.5172038550581,43228.09900991865,43228.09900991865,0.0,1236.442041658245,0.0,0.0,43228.09900991865,67911.01984052866,69147.46188218691,5800.968604218886,1826.6224166666661,19272.312778779095,15610.573350811068,10800.0,10800.0,0
2025-03-18,M10,41166.41648250555,0.0,1781.5760939181725,42947.99257642371,42947.99257642371,0.0,1059.1726196276873,746.3909050331215,3944.560598528108,46892.55317495182,67231.06922110752,68290.24184073522,2880.756790727384,1049.8160319186893,20947.902928713673,16967.801372258076,10800.0,10800.0,7
2025-03-19,M10,38145.3380832067,0.0,3718.447012017811,41863.785095224506,41863.785095224506,0.0,2972.0308386155343,326.580640002006,1655.2476682669949,43519.0327634915,62495.95618703495,65467.98702565047,2398.8309485053696,0.0,20685.611932353262,16755.345665206143,10800.0,10800.0,3
2025-03-20,M10,40051.97400630503,0.0,3364.4803762720458,43416.45438257707,43416.45438257707,0.0,2200.1189303322963,0.0,0.0,43416.45438257707,65221.393040360424,67421.51197069272,1175.5429759265903,0.0,21247.406200523546,17210.399022424077,10800.0,10800.0,0
2025-03-21,M10,11458.66949415474,0.0,2594.2716356950227,14052.941129849758,14052.941129849758,0.0,2243.529919496268,0.0,0.0,14052.941129849758,29789.15130139322,32032.68122088949,1367.3754542227825,14854.968705410112,19878.27655047331,16101.404005883378,10800.0,10800.0,0
2025-03-22,M10,12212.682851491038,0.0,1675.307092900795,13887.989944391831,13887.989944391831,0.0,1378.746148433425,0.0,0.0,13887.989944391831,30587.81307418354,31966.55922261697,1321.6263534984603,11032.564118921431,19637.73166770391,15906.562650840167,10800.0,10800.0,0
2025-03-23,M10,39507.78944023013,0.0,2892.2220508820533,42400.0114911122,42400.0114911122,0.0,1946.9009298638516,0.0,0.0,42400.0114911122,65270.07689771091,67216.97782757477,3080.5911792043526,1461.5238247885616,20553.38266797467,16648.239961059488,10800.0,10800.0,0
2025-03-24,M10,37888.661350971975,0.0,3428.4046176457987,41317.06596861777,41317.06596861777,0.0,2130.1409658353577,242.0193642963343,1239.4195818643445,42556.48555048211,62620.73565033612,64750.87661617148,1497.0184648732206,1499.4260503384069,21041.865168015058,17043.9107860922,10800.0,10800.0,3
2025-03-25,M10,39076.929072608065,0.0,3047.882869174599,42124.81194178267,42124.81194178267,0.0,1988.3888320112603,109.47765832365705,551.9375193687886,42676.749461151456,64448.39624876168,66436.78508077294,912.6751696825966,614.1386787872375,21417.495652421596,17348.17147846149,10800.0,10800.0,3
2025-03-26,M10,37253.10993758613,0.0,2889.9545306688933,40143.06446825503,40143.06446825503,0.0,1936.3901633565379,0.0,0.0,40143.06446825503,61649.79638190315,63586.18654525968,2777.4753930970223,1412.906994361596,20017.101532286353,16213.852241151948,10800.0,10800.0,0
2025-03-27,M10,37644.33629930851,0.0,2844.9879088664206,40489.32420817492,40489.32420817492,0.0,1888.9985193185692,0.0,0.0,40489.32420817492,62547.85932451262,64436.85784383118,1823.5335923497498,0.0,20507.02553411287,16610.69068263143,10800.0,10800.0,0
2025-03-28,M10,11570.860172247865,0.0,1578.3522641581842,13149.212436406053,13149.212436406053,0.0,1347.540251379448,0.0,0.0,13149.212436406053,29831.406594079843,31178.94684545929,1282.297805832291,15306.773193887624,19831.5530477511,16063.557968678386,10800.0,10800.0,0
2025-03-29,M10,11406.033025527515,0.0,1788.4616192268652,13194.494644754379,13194.494644754379,0.0,1531.002218066995,0.0,0.0,13194.494644754379,29652.055734067744,31183.05795213474,819.9134771387188,18886.334156412,19840.00597500362,16070.404839752935,10800.0,10800.0,0
2025-03-30,M10,35628.0454863542,0.0,2123.9876953909716,37752.033181745166,37752.033181745166,0.0,1390.768595928207,0.0,0.0,37752.033181745166,60299.02431897355,61689.79291490176,1593.1863405448576,811.9059636252061,20732.00479332474,16792.923882593037,10800.0,10800.0,0
2025-03-31,M10,34561.397223584645,0.0,4967.669702732909,39529.066926317544,39529.066926317544,0.0,4861.228424297715,0.0,0.0,39529.066926317544,56865.3166630329,61726.54508733062,786.3658699122782,32.87985622157066,20820.57830454448,16864.66842668104,10800.0,10800.0,0
2025-04-01,M10,38553.004676229975,0.0,3847.0286384246438,42400.033314654625,42400.033314654625,0.0,3036.8845830024384,0.0,0.0,42400.033314654625,62735.01439356927,65771.89897657171,1130.297260118532,735.8797462414052,19457.21291339529,15760.342459850184,10800.0,10800.0,0
2025-04-02,M10,37242.42975546596,0.0,4292.154817667947,41534.584573133885,41534.584573133885,0.0,3528.4617300877867,638.2358610790873,3359.8831364374223,44894.467709571305,61887.30218291487,65415.76391300266,1722.9258789420317,0.0,20503.88681652483,16608.148321385113,10800.0,10800.0,6
2025-04-03,M10,38347.206049192064,0.0,1074.6065135816123,39421.81256277369,39421.81256277369,0.0,651.5222869790575,0.0,0.0,39421.81256277369,62679.80053773141,63331.32282471047,1907.6839543275719,1655.9757682366248,20548.067555155885,16643.93471967627,10800.0,10800.0,0
2025-04-04,M10,11078.55309302092,0.0,1005.8843090344552,12084.437402055377,12084.437402055377,0.0,830.1470805628799,0.0,0.0,12084.437402055377,29068.535927103563,29898.68300766644,857.8733957398479,18812.543834384047,19986.650144960804,16189.186617418256,10800.0,10800.0,0
2025-04-05,M10,11352.360518661788,0.0,1349.0361492924487,12701.396667954235,12701.396667954235,0.0,1246.0937164398701,0.0,0.0,12701.396667954235,28874.013489334116,30120.107205773988,373.03513475375667,13890.54843227239,20065.308712707974,16252.900057293464,10800.0,10800.0,0
2025-04-06,M10,36290.2351622427,0.0,990.3826430765038,37280.6178053192,37280.6178053192,0.0,678.9407524925473,0.0,0.0,37280.6178053192,60138.91921530786,60817.85996780041,858.2965403015442,1467.3419930853765,21484.97456708862,17402.829399341786,10800.0,10800.0,0
2025-04-07,M10,34710.507467587675,0.0,2442.908668593796,37153.41613618147,37153.41613618147,0.0,2265.3170443491376,0.0,0.0,37153.41613618147,57238.1982510542,59503.51529540334,1304.2555151172019,1166.6763017640578,19946.653658888175,16156.789463699424,10800.0,10800.0,0
2025-04-08,M10,35545.76439946816,0.0,777.3802830916819,36323.14468255983,36323.14468255983,0.0,446.58350569889893,135.67612129767963,654.0948099466692,36977.2394925065,59268.19407960352,59714.77758530242,1374.6897128078558,182.24115005616113,21201.37708903858,17261.047861969153,10800.0,10702.297311280101,4
2025-04-09,M10,35409.34154915626,0.0,5351.563455996546,40760.905005152825,40760.905005152825,0.0,4857.228641226102,0.0,0.0,40760.905005152825,58782.88989401201,63640.11853523811,487.590020823764,0.0,20952.51825608949,16934.300758341808,10702.297311280101,10743.67401026975,0
2025-04-10,M10,35829.279976137426,0.0,1907.0851443455904,37736.36512048302,37736.36512048302,0.0,1963.435165121463,0.0,0.0,37736.36512048302,59406.10787270586,61369.54303782732,2013.6729351285871,907.5132993172763,20721.18690854869,16733.468005167222,10743.67401026975,10800.0,0
2025-04-11,M10,10753.563272312242,0.0,1525.2671318155194,12278.830404127762,12278.830404127762,0.0,1404.2648127913058,0.0,0.0,12278.830404127762,28205.893342293093,29610.1581550844,634.8916013784799,19891.815660390534,19825.26698236164,16058.466255712927,10800.0,10800.0,0
2025-04-12,M10,11043.107594591764,0.0,829.3464222901698,11872.454016881935,11872.454016881935,0.0,713.8175710287994,0.0,0.0,11872.454016881935,28553.143495402124,29266.961066430926,696.7322089875073,15818.203807550144,19615.076315227736,15888.21181533446,10800.0,10800.0,0
2025-04-13,M10,34222.85858207854,0.0,2280.5556205800017,36503.41420265853,36503.41420265853,0.0,1782.6993448272692,0.0,0.0,36503.41420265853,57059.87018599691,58842.56953082418,566.4013802935735,0.0,21051.629827354096,17051.820160156814,10800.0,10800.0,0
2025-04-14,M10,34299.37360091521,0.0,1169.249934856673,35468.62353577188,35468.62353577188,0.0,724.1777871083076,0.0,0.0,35468.62353577188,57300.452060213414,58024.629847321725,1618.953898282848,0.0,20408.653415994075,16531.0092669552,10800.0,10800.0,0
2025-04-15,M10,33291.892482184245,0.0,1120.5932714368644,34412.485753621106,34412.485753621106,0.0,951.0959337360387,0.0,0.0,34412.485753621106,55767.566780591085,56718.66271432712,1133.8790980994465,1706.6826700365634,19677.22164661991,15938.549533762132,10800.0,10800.0,0
2025-04-16,M10,34250.41965528781,0.0,2963.066833816186,37213.486489104,37213.486489104,0.0,2685.9873261987004,0.0,0.0,37213.486489104,57097.985895715414,59783.97322191411,185.20809889485622,0.0,20100.911436943417,16281.73826392416,10800.0,10800.0,0
2025-04-17,M10,33177.1513169339,0.0,2049.1459654272303,35226.29728236115,35226.29728236115,0.0,2604.079725935675,0.0,0.0,35226.29728236115,55309.13466259836,57913.21438853403,946.9602296420519,0.0,21567.956888905137,17470.045080013162,10800.0,10800.0,0
2025-04-18,M10,10448.607060266453,0.0,1171.0503662306412,11619.657426497097,11619.657426497097,0.0,1076.7801809419004,0.0,0.0,11619.657426497097,27819.83184718649,28896.612028128387,1043.1140289816349,17789.804294395854,19524.086954829305,15814.510433411739,10800.0,10800.0,0
2025-04-19,M10,10558.823253433524,0.0,621.6704790040019,11180.493732437526,11180.493732437526,0.0,535.7509414320657,0.0,0.0,11180.493732437526,27664.718564314655,28200.469505746718,682.6593227511432,16969.787311355092,19807.071692844624,16043.728071204141,10800.0,10800.0,0
2025-04-20,M10,33380.85281190533,0.0,1140.778309942898,34521.63112184823,34521.63112184823,0.0,1147.8063580973044,0.0,0.0,34521.63112184823,55227.1679888457,56374.97434694301,502.41431187374997,0.0,20604.29027229437,16689.47512055844,10800.0,10800.0,0
2025-04-21,M10,33467.60843427748,0.0,605.4667250088771,34073.075159286345,34073.075159286345,0.0,338.73600122422687,0.0,0.0,34073.075159286345,56617.6043562414,56956.340357465626,1485.1114197103584,3205.56015488107,19730.3073660046,15981.548966463732,10800.0,10800.0,0
2025-04-22,M10,32284.89951845301,0.0,3248.0423826929928,35532.94190114601,35532.94190114601,0.0,3667.324834558328,0.0,0.0,35532.94190114601,52741.76144575417,56409.086280312506,371.24213691827504,0.0,20446.920140671376,16562.005313943817,10800.0,10800.0,0
2025-04-23,M10,32331.82970311094,0.0,2556.69178555843,34888.52148866939,34888.52148866939,0.0,3042.4626173847,0.0,0.0,34888.52148866939,53321.33781541715,56363.80043280184,1116.9826881014326,84.64996307080241,19801.321394541836,16039.070329578892,10800.0,10800.0,0
2025-04-24,M10,32169.360017970674,0.0,357.1099369796476,32526.46995495032,32526.46995495032,0.0,196.86816492959326,0.0,0.0,32526.46995495032,53489.01577507418,53685.88394000378,691.0445027364613,2079.5852239736946,20132.355333124346,16307.207819830723,10800.0,10800.0,0
2025-04-25,M10,9862.354421947673,0.0,206.1101211261074,10068.464543073782,10068.464543073782,0.0,172.84965466069139,0.0,0.0,10068.464543073782,26859.75397998708,27032.60363464777,153.4634362736895,21132.92628628092,20049.251003438498,16303.394741345335,10800.0,10729.442857155387,0
2025-04-26,M10,10314.264025349938,0.0,599.2966011840426,10913.56062653398,10913.56062653398,0.0,665.6375345639353,0.0,0.0,10913.56062653398,26724.822692991154,27390.46022755509,84.70691700011685,23582.59844514801,20229.369165179494,16576.407933105867,10729.442857155387,10517.64406903264,0
2025-04-27,M10,30653.969724808692,0.0,2817.8693193809313,33471.83904418962,33471.83904418962,0.0,2187.765842093557,234.27917361866088,1194.6006775524645,34666.439721742085,51040.23572518663,53228.00156728019,136.06787818230782,557.8404616914469,21527.357585400143,17332.456367708382,10517.64406903264,10633.981042883468,3
2025-04-28,M10,32740.39693977756,0.0,6896.828162332181,39637.22510210975,39637.22510210975,0.0,6415.720759587535,180.16544344732972,911.8977704310987,40549.122872540844,54247.27601214015,60662.99677172769,216.07615994017726,0.0,20293.166721912134,16288.04798334395,10633.981042883468,10800.0,3
2025-04-29,M10,31766.031941221685,0.0,1258.8530288955858,33024.884970117266,33024.884970117266,0.0,1071.1244947992716,36.00338679666038,238.27041382029842,33263.15538393756,53387.407999208335,54458.53249400762,223.7140188294693,3168.2663440687234,19312.325269681158,15642.983468441742,10800.0,10800.0,1
2025-04-30,M10,30656.575604645706,0.0,910.3193645783184,31566.894969224028,31566.894969224028,0.0,1089.8816174534954,0.0,0.0,31566.894969224028,51555.61690164463,52645.49851909812,530.9397827237655,0.0,20432.814145515207,16575.10984247418,10800.0,10772.74401710349,0
2025-05-01,M10,31611.392230899393,0.0,2863.5898507157344,34474.982081615126,34474.982081615126,0.0,2318.1651965742763,1807.9869589097268,10996.097887677195,45471.07996929232,50755.502190404935,53073.667386979214,1.1368683772161603e-13,590.8684666666661,21068.01882232963,17788.611743107358,10772.74401710349,9968.836798191984,13
2025-05-02,M10,10889.079461720181,0.0,2124.4119100286207,13013.491371748802,13013.491371748802,0.0,1987.9730906472967,1271.8045502398923,6755.880292323567,19769.37166407237,27265.640179863745,29253.61327051105,0.0,12091.894579663298,20579.336670605913,16436.133512851608,9968.836798191984,10227.869231902187,9
2025-05-03,M10,11174.864868976878,0.0,553.8548298548117,11728.719698831688,11728.719698831688,0.0,568.3002291371844,1234.3883421610203,5779.112874770295,17507.832573601983,27992.59368752369,28560.893916660876,2.9488869284778048,17226.907758090267,19976.648469019314,16278.394505216165,10227.869231902187,10119.747848223837,8
2025-05-04,M10,37218.691248013165,0.0,276.0897164030078,37494.780964416175,37494.780964416175,0.0,143.09244416958603,375.02741077409945,1875.9590051070563,39370.73996952323,60542.24843497778,60685.34087914738,2802.8864256386623,3241.9934499999995,17951.46530523566,14670.644224286178,10119.747848223837,9975.350818173507,8
2025-05-05,M10,36411.83763507163,0.0,480.48085999526785,36892.318495066895,36892.318495066895,0.0,696.3604386805429,683.7775937900803,4348.90782921222,41241.226324279116,59273.630632883054,59969.99107156359,1082.6472931331703,0.0,21468.08317152123,16972.968599300722,9975.350818173507,10437.771673319592,7
2025-05-06,M10,35627.05350624967,0.0,988.0895837327123,36615.14308998239,36615.14308998239,0.0,1292.8483509970729,269.12426879683255,1371.4533701037572,37986.59646008615,56670.983405125095,57963.83175612217,987.457731154214,967.2747611827676,20739.112501127263,17330.97133521191,10437.771673319592,9846.338107432011,7
2025-05-07,M10,35802.23023530643,0.0,1796.9386804684445,37599.16891577488,37599.16891577488,0.0,1811.0553590607897,843.5385359227796,5490.959317347025,43090.128233121904,57857.015168345155,59668.070527405944,579.0581499992235,402.39365917514874,20749.8141203801,16287.502816225744,9846.338107432011,10423.945464412162,7
2025-05-08,M10,39281.12193464361,0.0,33.52324132575353,39314.64517596936,39314.64517596936,0.0,17.535368811692706,0.0,0.0,39314.64517596936,62351.900023414375,62369.43539222606,1500.9269339516077,909.7014257901799,19967.608160290638,15835.313527806358,10423.945464412162,10800.0,0
2025-05-09,M10,13088.429514382242,0.0,90.42835561043775,13178.85786999268,13178.85786999268,0.0,53.86006468950103,0.0,0.0,13178.85786999268,30773.834892879877,30827.694957569376,1032.425951780292,17544.899499416155,19742.019244068033,15991.035587695113,10800.0,10800.0,0
2025-05-10,M10,13272.80485629056,0.0,49.05113933544474,13321.855995626005,13321.855995626005,0.0,29.612206426662283,0.0,0.0,13321.855995626005,30501.547468072647,30531.159674499315,443.51778880129143,14236.19688823625,19633.68270593915,15903.282991810715,10800.0,10800.0,0
2025-05-11,M10,37249.27315409685,0.0,1103.981459344831,38353.25461344169,38353.25461344169,0.0,1016.6939973894926,59.51626666666675,396.62748059166734,38749.88209403336,59927.530481823385,60944.22447921288,635.1498632008833,1340.3414356911856,19713.325509182545,16169.155145528399,10800.0,10576.265018788292,3
2025-05-12,M10,36141.68763115212,0.0,2307.8349626481236,38449.52259380025,38449.52259380025,0.0,2653.2938513695285,0.0,0.0,38449.52259380025,57819.75484677309,60473.048698142615,2426.8025898370015,2578.64265,17923.123796594246,14386.715571621964,10576.265018788292,10721.836911698709,0
2025-05-13,M10,36002.73150207183,0.0,260.91714575198745,36263.64864782382,36263.64864782382,0.0,129.41355839197848,0.0,0.0,36263.64864782382,58504.03783765566,58633.45139604765,1053.6511759803248,749.3133441665291,19577.708939500513,15876.434830266386,10721.836911698709,10701.291812508745,0
2025-05-14,M10,35050.47671450971,0.0,1791.4300791702378,36841.90679367995,36841.90679367995,0.0,2479.3377411112274,0.0,0.0,36841.90679367995,56889.62986593337,59368.9676070446,1409.0899121941861,1444.4425517423335,19294.17587552953,15792.889515754781,10701.291812508745,10518.395082980012,0
2025-05-15,M10,36440.88911657471,0.0,1784.783808942881,38225.672925517596,38225.672925517596,0.0,2339.4994857209463,0.0,0.0,38225.672925517596,57202.69114594547,59542.19063166642,1634.618319000654,1000.4850354377734,20466.234571456145,16324.205577561488,10518.395082980012,10800.0,0
2025-05-16,M10,12532.191705965308,0.0,312.25994195200974,12844.451647917316,12844.451647917316,0.0,225.8966277204488,0.0,0.0,12844.451647917316,29375.156136278732,29601.05276399918,842.1526139077994,22327.91086317147,19555.17238729777,15839.689633711192,10800.0,10800.0,0
2025-05-17,M10,12976.055873991141,0.0,542.1950884704478,13518.250962461587,13518.250962461587,0.0,445.87359497831375,0.0,0.0,13518.250962461587,29598.034611657888,30043.9082066362,309.4934625816906,15476.64092492528,20047.23545155739,16238.260715761491,10800.0,10800.0,0
2025-05-18,M10,35758.98145332292,0.0,1405.098330316036,37164.079783638954,37164.079783638954,0.0,1261.6574366616899,5.236666666666679,34.42846500000008,37198.50824863895,57730.53650884555,58992.19394550724,1739.316555915848,0.0,18852.347138200366,15270.4011819423,10800.0,10800.0,1
2025-05-19,M10,34527.3694982095,0.0,227.3782155573016,34754.747713766796,34754.747713766796,0.0,134.906662288946,79.23650000000009,550.829460833334,35305.57717460013,55620.06744356297,55754.974105851914,762.6236119660072,4062.845188805826,18386.975026737302,14893.449771657215,10800.0,10800.0,2
2025-05-20,M10,33645.051779924535,0.0,4386.847570896648,38031.899350821186,38031.899350821186,0.0,3933.0874000764525,109.31905576134545,722.0581289974225,38753.95747981861,54294.189499043896,58227.27689912034,70.49317339598741,0.0,19944.308929530438,16205.600964711399,10800.0,10743.654742453615,2
2025-05-21,M10,34287.0867730691,0.0,2875.9626693515315,37163.049442420626,37163.049442420626,0.0,3265.565624815455,0.0,0.0,37163.049442420626,54071.153317764896,57336.71894258035,368.6917128937488,1828.8057462979466,20093.42450636281,16316.81830630748,10743.654742453615,10697.938680060724,0
2025-05-22,M10,33742.79155260043,0.0,1304.928345982565,35047.719898583,35047.719898583,0.0,1706.3434289816769,2.57000000000005,16.86434000000033,35064.584238583,53639.096053453395,55345.43948243506,422.1556728415612,0.0,21144.041078850023,17034.81808592318,10697.938680060724,10800.0,1
2025-05-23,M10,11645.486164358865,0.0,652.3025353975436,12297.788699756407,12297.788699756407,0.0,603.4668441793265,0.0,0.0,12297.788699756407,28310.008522468757,28913.475366648083,552.0278318352601,17954.567791105866,20978.583475650692,16992.652615277068,10800.0,10800.0,0
2025-05-24,M10,12246.736317005776,0.0,539.8944943904322,12786.63081139621,12786.63081139621,0.0,461.63635586382793,0.0,0.0,12786.63081139621,28943.30000602552,29404.93636188935,1063.8762083043462,20695.995592601477,20476.64830342208,16586.08512577189,10800.0,10800.0,0
2025-05-25,M10,33843.13558633819,0.0,859.3832746137061,34702.51886095191,34702.51886095191,0.0,815.8332847479368,0.0,0.0,34702.51886095191,54157.26354853232,54973.09683328026,705.1873872308252,1999.93561478537,19717.75141041396,15994.787762483229,10800.0,10773.989866613414,0
2025-05-26,M10,32484.142266198472,0.0,5782.9851420055265,38267.12740820402,38267.12740820402,0.0,6267.627642367644,670.7818829644427,3571.5335611011483,41838.660969305165,51934.21418180348,58201.84182417113,355.56680055405536,0.0,21061.806277185304,17124.582320603786,10773.989866613414,10702.301826520426,5
2025-05-27,M10,33396.1444110563,0.0,2352.799451991293,35748.94386304759,35748.94386304759,0.0,3454.3089013438735,0.0,0.0,35748.94386304759,53168.745199513774,56623.05410085764,1773.9889625534033,1406.709878057494,20863.471600605957,16811.483640359213,10702.301826520426,10800.0,0
2025-05-28,M10,33849.18065769912,0.0,2161.849143768918,36011.029801468045,36011.029801468045,0.0,2556.0366475557184,0.0,0.0,36011.029801468045,54515.261870489216,57071.29851804493,753.704178836711,59.38229999999976,20970.46283793808,16986.07489872985,10800.0,10800.0,0
2025-05-29,M10,33334.71207102639,0.0,3809.593673255663,37144.30574428207,37144.30574428207,0.0,4657.573739876345,149.87047197750164,1000.8866274093974,38145.19237169147,53914.3635337078,58571.93727358414,610.7513712406776,41.02496322983825,21413.40227883811,17453.49436774698,10800.0,10679.290531235434,3
2025-05-30,M10,12053.7495096666,0.0,574.8763195702934,12628.625829236891,12628.625829236891,0.0,746.9309441641259,0.0,0.0,12628.625829236891,28416.76828207214,29163.699226236262,404.3268377169487,17970.777008072335,21493.28206259055,17300.91994881024,10679.290531235434,10800.0,0
2025-05-31,M10,11697.219237687512,0.0,663.4617871642656,12360.681024851774,12360.681024851774,0.0,563.4505838020399,0.0,0.0,12360.681024851774,28785.35927547269,29348.809859274734,1052.341523602506,16027.057260022122,20836.38747600926,16956.157950359157,10800.0,10712.573228009276,0
2025-06-01,M10,40781.015177348534,0.0,16580.820792187817,57361.835969536354,57361.835969536354,0.0,11921.05639237749,1685.4115535861065,10833.136429514589,68194.97239905094,60477.04328656492,72398.09967894242,176.59407365510629,0.0,18785.999034793254,16103.908175919834,10712.573228009276,9726.741052745609,12
2025-06-02,M10,44165.550505533065,0.0,9590.585596100233,53756.136101633296,53756.136101633296,0.0,5786.926751293731,1203.9104929634275,7644.786035574032,61400.92213720733,67172.88145271502,72959.80820400876,1462.720524702279,0.0,21140.301391898334,17080.110669628422,9726.741052745609,9775.111561422524,12
2025-06-03,M10,49614.854052016315,0.0,2680.982420629826,52295.836472646144,52295.836472646144,0.0,2261.1572433216047,172.50901897540808,1031.0134890352265,53326.84996168137,73942.85095703494,76204.00820035656,2953.890898446141,1205.3162666666663,20627.864689119247,16602.92146823342,9775.111561422524,9892.49926137049,7
2025-06-04,M10,53126.44564656984,0.0,741.921327948031,53868.36697451787,53868.36697451787,0.0,381.39763810456236,114.58854188740304,793.8123980870625,54662.179372604936,78434.24816263214,78815.6458007367,4821.004787997317,186.21663333333322,20544.990467968048,16267.238363341248,9892.49926137049,10308.281389940343,5
2025-06-05,M10,51786.37065916605,0.0,2067.085666595249,53853.45632576132,53853.45632576132,0.0,1675.5855977415324,333.68749204481145,2223.930087301665,56077.38641306298,75475.39943403004,77150.98503177158,2133.5806260099985,433.5601166666668,20991.611524352316,17223.397759879248,10308.281389940343,10063.623139769366,8
2025-06-06,M10,17201.39124180933,0.0,3390.2593392583817,20591.650581067715,20591.650581067715,0.0,2379.0576717474332,993.3837944704858,5744.700012581862,26336.35059364958,34819.80271222656,37198.86038397399,16.498936770321507,3341.131753889944,20614.23882880439,16634.62074102018,10063.623139769366,10133.526151226459,7
2025-06-07,M10,17889.50954282796,0.0,734.0254158754854,18623.534958703447,18623.534958703447,0.0,709.3765521591283,618.6587445429133,3905.6018034412637,22529.13676214471,36070.66713476625,36780.043686925375,48.02872094767605,2228.3595515152397,20502.827948462997,16507.026956124286,10133.526151226459,10244.93024248284,3
2025-06-08,M10,59637.043131441926,0.0,0.0,59637.043131441926,59637.043131441926,0.0,0.0,0.0,0.0,59637.043131441926,86364.92057196298,86364.92057196298,15997.185554928827,2031.5277999999998,13956.427203168627,10805.143252801146,10244.93024248284,10800.0,0
2025-06-09,M10,56523.950064130964,0.0,40.506329889423846,56564.45639402039,56564.45639402039,0.0,53.2627611958236,8.551481980079075,60.44615037618894,56624.90254439658,81189.97257556638,81243.2353367622,5775.001847628318,863.7589666666668,19370.069847968258,15689.756576854288,10800.0,10800.0,1
2025-06-10,M10,53444.34763575737,0.0,254.88560289194263,53699.233238649314,53699.233238649314,0.0,338.5242282089764,0.0,0.0,53699.233238649314,77708.69721482907,78047.22144303803,2063.3871736465417,134.39128449175155,22268.414481928456,18037.415730362045,10800.0,10800.0,0
2025-06-11,M10,53923.63909004772,0.0,5016.112390809177,58939.751480856896,58939.751480856896,0.0,3818.6131368046763,247.90072766710153,1294.5109226729412,60234.262403529836,78434.58376076931,82253.19689757399,1974.1929500905399,0.0,23381.359781494175,18938.901423010277,10800.0,10800.0,3
2025-06-12,M10,54786.205394936274,0.0,1336.3370206874501,56122.54241562373,56122.54241562373,0.0,960.6591139408905,0.0,0.0,56122.54241562373,79195.73633789843,80156.39545183933,3474.886350258741,89.91438333333338,21785.28044691539,17646.077162001464,10800.0,10800.0,0
2025-06-13,M10,17981.281166202934,0.0,228.113763150365,18209.3949293533,18209.3949293533,0.0,132.37858639829506,0.0,0.0,18209.3949293533,35997.51859967268,36129.89718607097,226.31256046758617,4238.991394983053,20431.995235104205,17112.71570448387,10800.0,10174.667151056146,0
2025-06-14,M10,18761.986414982384,0.0,351.81265485937865,19113.799069841763,19113.799069841763,0.0,269.82588775666864,0.0,0.0,19113.799069841763,36212.537866464816,36482.363754221486,68.20204148221762,6561.269777992041,20351.081087848783,16691.531903101553,10174.667151056146,9944.49357111833,0
2025-06-15,M10,53373.82647129616,0.0,1120.4163816685154,54494.24285296468,54494.24285296468,0.0,1136.05331610566,0.0,0.0,54494.24285296468,77579.72594957499,78715.77926568064,3207.6510508974648,0.0,21637.884712928186,16756.730831478337,9944.49357111833,10800.0,0
2025-06-16,M10,53198.54807674723,0.0,2956.0346307633895,56154.58270751063,56154.58270751063,0.0,2466.2061671437214,1.6680775637045144,11.250349128405098,56165.833056639036,77054.14284241821,79520.34900956193,2529.854369314895,0.0,22621.631058653053,18323.52115750897,10800.0,10800.0,1
2025-06-17,M10,51366.65559880531,0.0,6044.053360173347,57410.70895897864,57410.70895897864,0.0,4707.238057189003,132.10428148553447,900.1208334545674,58310.82979243321,74872.45184973332,79579.68990692234,859.6303024624877,0.0,23053.392519599012,18838.2398503203,10800.0,10616.67565617211,5
2025-06-18,M10,53298.415847418015,0.0,2339.0649750144025,55637.480822432415,55637.480822432415,0.0,2116.2164878977405,38.01857594894659,257.2615954293887,55894.7424178618,77396.78727592206,79513.0037638198,4426.19438920231,55.22366666666653,20927.48144449827,16786.268060598493,10616.67565617211,10800.0,3
2025-06-19,M10,50526.12849541078,0.0,1695.7990301388022,52221.927525549574,52221.927525549574,0.0,1156.8882065127407,122.09895495985131,842.0671579413078,53063.994683490884,74356.96141104377,75513.8496175565,2396.221472944473,922.4980499999999,21356.446576694176,17298.721727122283,10800.0,10800.0,2
2025-06-20,M10,18224.766475741715,0.0,201.35156697826216,18426.118042719976,18426.118042719976,0.0,121.12028698563489,0.0,0.0,18426.118042719976,35459.255488103445,35580.37577508908,1170.3580165707717,8149.267032467853,20316.68355816031,16456.513682109853,10800.0,10800.0,0
2025-06-21,M10,17812.22486384268,0.0,824.8568766817641,18637.08174052444,18637.08174052444,0.0,731.1269598586206,0.0,0.0,18637.08174052444,35662.38541185891,36393.51237171752,2222.1309182188834,10910.359949269325,20664.637390680604,16738.356286451286,10800.0,10800.0,0
2025-06-22,M10,47448.92951623166,0.0,3299.761500360326,50748.69101659199,50748.69101659199,0.0,2871.977710176902,39.077085486737815,273.3662215563919,51022.05723814838,69756.65853516218,72628.63624533908,822.4148356472122,194.05944999999997,22073.14707988749,17879.249134708873,10800.0,10800.0,3
2025-06-23,M10,47446.548294866916,0.0,2964.1112906641138,50410.65958553101,50410.65958553101,0.0,2321.7967652579086,32.68770324936861,227.04697983383807,50637.706565364846,69721.31349388984,72043.11025914777,842.2169795291325,57.405466190781226,21979.613265521835,17864.72374884462,10800.0,10731.958884697855,3
2025-06-24,M10,50080.91651454797,0.0,9299.47633879554,59380.392853343496,59380.392853343496,0.0,6867.187343728842,2317.2685865817175,12729.322869381738,72109.71572272523,71994.65048017411,78861.83782390294,519.69955433079,0.0,22786.19790727339,18395.583301119514,10731.958884697855,10800.0,12
2025-06-25,M10,49332.223867365734,0.0,3013.311014852098,52345.53488221782,52345.53488221782,0.0,2533.4728693057177,66.2807382127877,460.607153716177,52806.142035934,72872.38165359138,75405.85452289709,899.8405968088401,0.0,21762.491040180983,17627.6177425466,10800.0,10800.0,3
2025-06-26,M10,47761.37467578215,0.0,2238.872492619003,50000.24716840116,50000.24716840116,0.0,2411.405178161589,105.59247310103513,741.171883328854,50741.419051730016,71112.09726069687,73523.50243885846,2023.9516755958757,0.0,21651.192304726024,17593.43290169574,10800.0,10737.814294591484,4
2025-06-27,M10,16709.84600933575,0.0,509.45716554597647,17219.303174881727,17219.303174881727,0.0,445.31465948123696,0.0,0.0,17219.303174881727,33935.7743852512,34381.089044732435,767.3304701912468,9793.618119934828,21013.30238458969,16964.80779664999,10737.814294591484,10800.0,0
2025-06-28,M10,16877.438788271716,0.0,501.005969170006,17378.44475744172,17378.44475744172,0.0,473.169741070274,0.0,0.0,17378.44475744172,34122.86528533142,34596.03502640169,367.9189887233231,8435.025210329943,21137.709003588243,17121.54429290648,10800.0,10800.0,0
2025-06-29,M10,46508.5921347916,0.0,5918.032478430282,52426.62461322187,52426.62461322187,0.0,5244.3921612271415,19.25301622855693,131.64589573409188,52558.27050895597,68516.00565916975,73760.3978203969,467.00107614520925,0.0,21930.552216251912,17885.670989104998,10800.0,10664.529228954507,2
2025-06-30,M10,48300.928049446506,0.0,2723.6491686305512,51024.57721807705,51024.57721807705,0.0,2541.59517868971,326.0447085954946,1744.5185097015972,52769.09572777865,71842.8130356675,74384.4082143572,365.94553393214574,0.0,22867.89321971724,18401.069814030016,10664.529228954507,10800.0,6
2025-07-01,M10,51619.13177736348,0.0,17780.977605981247,69400.10938334472,69400.10938334472,0.0,13527.798171530538,235.8173044618053,1969.196463678746,71369.30584702347,70050.68144109365,83578.47961262419,1311.5042558803552,399.5498376645562,22312.51577646252,19075.816986254766,10800.0,9685.911991866533,6
2025-07-02,M10,53997.97078568998,0.0,12183.232711851426,66181.20349754138,66181.20349754138,0.0,10308.428683720562,272.94885491872526,2324.7047957492573,68505.90829329065,72123.97300018792,82432.40168390848,3760.1912474629084,1500.0133500000006,20012.880855497657,15472.501280800014,9685.911991866533,10505.836672036628,7
2025-07-03,M10,60452.541849372756,0.0,7718.896597539956,68171.43844691271,68171.43844691271,0.0,6565.519418057541,55.81022996937509,479.97964659029503,68651.418093503,79316.1173323974,85881.63675045496,1355.32093330523,631.5654,21955.04414397535,17764.902430189577,10505.836672036628,10526.595923626011,3
2025-07-04,M10,23965.97981467699,0.0,2648.0079945067105,26613.9878091837,26613.9878091837,0.0,2504.4307477055117,0.0,0.0,26613.9878091837,40810.26966547147,43314.70041317698,183.17067063993107,10466.821315050973,20766.441466226395,16982.600505406983,10526.595923626011,10346.837126110891,0
2025-07-05,M10,24489.30548926285,0.0,1192.4876486871422,25681.793137949997,25681.793137949997,0.0,1512.6678625585298,28.75782951988267,122.28228527651493,25804.075423226514,42729.75661840283,44242.424480961374,147.2610307229549,11028.794222390285,22127.568677609197,17822.521586907853,10346.837126110891,10458.847172728223,2
2025-07-06,M10,63586.05616764789,0.0,6341.122972191288,69927.1791398392,69927.1791398392,0.0,4587.123399343612,24.45878804845802,206.02860112618612,70133.20774096539,82420.7010858703,87007.82448521393,2655.5903938537813,103.79286755207409,21957.26798585224,17478.349523995712,10458.847172728223,10800.0,1
2025-07-07,M10,65308.20801602577,0.0,79.2709337971191,65387.47894982288,65387.47894982288,0.0,62.7499245272744,0.0,0.0,65387.47894982288,85948.13403511056,86010.88395963784,7925.1487098808775,1290.5529443029918,17819.47125677536,14433.771717988044,10800.0,10800.0,0
2025-07-08,M10,71206.71035634197,0.0,0.0,71206.71035634197,71206.71035634197,0.0,0.0,0.0,0.0,71206.71035634197,92972.21134844344,92972.21134844344,11742.083792451242,2105.69191085095,18700.255939339833,15147.207310865266,10800.0,10800.0,0
2025-07-09,M10,67048.89399081327,0.0,0.0,67048.89399081327,67048.89399081327,0.0,0.0,0.0,0.0,67048.89399081327,87992.76084516988,87992.76084516988,9503.324597316026,962.0324679399328,18256.204017090844,14787.525253843585,10800.0,10800.0,0
2025-07-10,M10,62442.310745856295,0.0,150.84649783953344,62593.15724369583,62593.15724369583,0.0,174.5605483301897,0.0,0.0,62593.15724369583,81684.67347061404,81859.23401894423,4088.036723311063,1044.265137967362,20385.83565438148,16512.526880049,10800.0,10800.0,0
2025-07-11,M10,26925.49541786025,0.0,0.0,26925.49541786025,26925.49541786025,0.0,0.0,0.0,0.0,26925.49541786025,44382.238412744875,44382.238412744875,1159.6101460840584,6803.185034882646,20529.821483043037,16629.155401264867,10800.0,10800.0,0
2025-07-12,M10,25380.766272170567,0.0,281.6608719554339,25662.427144126,25662.427144126,0.0,385.70581759814075,0.0,0.0,25662.427144126,43150.596874188646,43536.30269178678,35.70541944710391,8689.54302059771,20963.72027027796,17236.909351869326,10800.0,10515.226741173143,0
2025-07-13,M10,57184.24876707188,0.0,628.4245249304998,57812.67329200239,57812.67329200239,0.0,596.0082685341189,40.0078346266929,345.32571766158173,58157.999009663974,77474.02145257583,78070.02972110995,2400.926340670193,2328.997394567832,20295.24993449714,16182.856513998517,10515.226741173143,10800.0,3
2025-07-14,M10,54835.217239408776,0.0,4516.07669167102,59351.29393107982,59351.29393107982,0.0,3422.755825179692,107.54647128660119,805.2761154960098,60156.57004657583,72637.492174077,76060.24799925668,456.07196647953094,0.0,20547.59624945841,16643.552962061312,10800.0,10800.0,7
2025-07-15,M10,60472.85445575511,0.0,0.0,60472.85445575511,60472.85445575511,0.0,0.0,0.0,0.0,60472.85445575511,80314.22018354786,80314.22018354786,3680.0175992196732,176.41471666666666,19519.669917516796,15810.932633188602,10800.0,10800.0,0
2025-07-16,M10,59208.13697714482,0.0,694.570939481573,59902.7079166264,59902.7079166264,0.0,775.5998909727007,27.113647014864114,226.192191892423,60128.90010851882,77218.65845988414,77994.25835085685,1968.0325811349421,0.0,20625.137017912853,16706.36098450941,10800.0,10800.0,2
2025-07-17,M10,56854.27719319469,0.0,3236.579726637292,60090.85691983198,60090.85691983198,0.0,3057.241240115708,45.38016106010855,380.91465927566645,60471.77157910765,74936.92946762778,77994.17070774348,1000.7147409497455,0.0,22728.52663782724,18410.106576640064,10800.0,10800.0,3
2025-07-18,M10,25562.10433430284,0.0,0.0,25562.10433430284,25562.10433430284,0.0,0.0,0.0,0.0,25562.10433430284,43562.55211091206,43562.55211091206,807.6159011549812,7717.191225272323,19807.878339393475,16044.381454908716,10800.0,10800.0,0
2025-07-19,M10,25305.822813440933,0.0,36.170151894482295,25341.99296533542,25341.99296533542,0.0,51.60696899723837,0.0,0.0,25341.99296533542,43708.54900516686,43760.1559741641,489.86311631266557,12240.995471361879,21346.30787200355,17499.829535513993,10800.0,10567.422045343199,0
2025-07-20,M10,57677.879432745416,0.0,465.0158185505494,58142.89525129599,58142.89525129599,0.0,511.780531530022,22.20061538969287,188.90503635089664,58331.80028764688,77446.40199638187,77958.1825279119,1763.659858366057,0.0,20618.025837251324,16491.280768982455,10567.422045343199,10800.0,1
2025-07-21,M10,58852.5865226397,0.0,2292.063156153083,61144.64967879279,61144.64967879279,0.0,1834.1174262066568,27.68570320343963,239.71666118698204,61384.36633997977,77565.51650669373,79399.63393290038,1278.4000924894603,0.0,21890.369440075614,17731.19924646124,10800.0,10800.0,1
2025-07-22,M10,57627.31200869348,0.0,5052.76306712234,62680.0750758158,62680.0750758158,0.0,5406.684450280229,90.21934141869826,753.924521613724,63433.99959742952,76234.53231868887,81641.2167689691,3569.9303735476706,249.3819333333331,21668.31150968479,17551.33232284467,10800.0,10800.0,4
2025-07-23,M10,58995.98356448967,0.0,495.2112137657151,59491.19477825538,59491.19477825538,0.0,523.0417710603442,108.65762095482796,920.6340717367837,60411.82884999217,79182.71186696313,79705.75363802348,976.9452002568564,406.6257283501325,22180.490598445474,17966.19738474083,10800.0,10800.0,4
2025-07-24,M10,58521.42801605885,0.0,1638.5298788656867,60159.957894924555,60159.957894924555,0.0,1519.384075294244,15.681149784892227,130.17706493928284,60290.13495986384,78022.60403121111,79541.98810650533,1837.7122424450542,80.49678333333327,21173.622265851864,17150.634035340012,10800.0,10800.0,1
2025-07-25,M10,24582.151236712067,0.0,276.19255107389,24858.343787785954,24858.343787785954,0.0,376.7403221262523,0.0,0.0,24858.343787785954,42178.01597291077,42554.75629503702,809.6385128649729,11393.805105563077,20695.827905632814,16849.834795690513,10800.0,10704.206453191186,0
2025-07-26,M10,24755.950922553482,0.0,198.80899840906133,24954.75992096254,24954.75992096254,0.0,290.2082899116082,0.0,0.0,24954.75992096254,42374.49742411566,42664.70571402727,587.5566700547797,9597.661568122845,20975.876430631364,16965.480521448382,10704.206453191186,10731.961328038991,0
2025-07-27,M10,56559.00971041095,0.0,3415.851916306375,59974.86162671732,59974.86162671732,0.0,3227.8921679638856,854.0931263868221,4733.78739607734,64708.64902279466,75552.2849602456,78780.17712820949,1427.3070273475744,0.0,23476.519065704368,18954.745638455628,10731.961328038991,10800.0,7
2025-07-28,M10,59173.62197053782,0.0,5565.622457388899,64739.244427926715,64739.244427926715,0.0,4041.8127182049275,359.223202843948,1934.3732387804962,66673.61766670721,78301.186317325,82342.99903552992,524.5636961676885,0.0,22225.164783541368,18002.38347466851,10800.0,10800.0,7
2025-07-29,M10,59412.352003157175,0.0,1940.2977452976133,61352.64974845479,61352.64974845479,0.0,2003.4370216089444,73.25698945444447,623.2048202895462,61975.85456874433,79142.04336456727,81145.4803861762,995.8364245061241,0.0,21861.34211118183,17707.687110057283,10800.0,10800.0,4
2025-07-30,M10,58096.94328006541,0.0,3615.3997119725177,61712.34299203796,61712.34299203796,0.0,3760.353449589398,5.330991811507033,44.83301327764636,61757.1760053156,76402.2320217991,80162.5854713885,1130.8712226618504,825.3960132226118,21623.132512187105,17514.73733487156,10800.0,10800.0,2
2025-07-31,M10,57082.322581307344,0.0,2732.6739659791556,59814.99654728651,59814.99654728651,0.0,2680.428997507347,258.8615753190545,2111.9913822765084,61926.987929563016,76750.48551709317,79430.91451460053,730.9964858346341,0.0,23147.147136239026,18883.36379882075,10800.0,10650.917090592067,9
2025-08-01,M10,24066.943099846223,0.0,1258.3346036437601,25325.27770348999,25325.27770348999,0.0,1414.506742480526,0.0,0.0,25325.27770348999,41551.25920568274,42965.76594816326,1150.5255738223252,16398.134721953356,21218.796669756717,17053.050684035803,10650.917090592067,10800.0,0
2025-08-02,M10,23731.007875649477,0.0,0.0,23731.007875649477,23731.007875649477,0.0,0.0,0.0,0.0,23731.007875649477,41559.31752375368,41559.31752375368,451.7326357098275,16407.839048150807,20172.28240335742,16399.56149679771,10800.0,10733.319166579779,0
2025-08-03,M10,51400.63624914876,0.0,167.5445253541913,51568.18077450294,51568.18077450294,0.0,153.2160219993616,280.57797521784676,2340.3898036590745,53908.57057816201,68748.60389220838,68901.81991420774,1235.9881370253813,1653.9008369182243,19453.190610255166,16000.16167810652,10733.319166579779,10463.233295691078,7
2025-08-04,M10,51710.95207359997,0.0,1193.2925805415168,52904.24465414148,52904.24465414148,0.0,1547.391843976795,26.578237399590535,215.92934762174337,53120.174001763226,68341.64529489446,69889.03713887127,309.5413037886922,0.0,20459.626080372695,16269.207091223856,10463.233295691078,10800.0,2
2025-08-05,M10,51503.59712680589,0.0,913.8002697327028,52417.397396538596,52417.397396538596,0.0,1663.8114190263382,20.51216452080689,169.91184261753827,52587.30923915614,67683.88844501661,69347.69986404295,257.79017255044715,0.0,20832.16906673673,16874.05694405675,10800.0,10800.0,3
2025-08-06,M10,53020.030947804895,0.0,2971.7598281923306,55991.79077599721,55991.79077599721,0.0,2497.5478606588094,27.280472935401235,229.4316945326725,56221.22247052988,69509.31804275834,72006.86590341716,342.9830363055447,0.0,20204.01994064262,16627.25586726227,10800.0,10508.889205175856,3
2025-08-07,M10,53124.87086609489,0.0,564.6529721685297,53689.52383826343,53689.52383826343,0.0,540.2388146863339,60.772360028501,518.1632946033703,54207.6871328668,71832.08215579769,72372.32097048403,2005.001228583712,2971.5393655870994,20034.567215789386,15965.99972944767,10508.889205175856,10800.0,3
2025-08-08,M10,23043.438264642926,0.0,37.425748482817475,23080.864013125745,23080.864013125745,0.0,56.144237147941,0.0,0.0,23080.864013125745,40606.06297890616,40662.2072160541,156.05929942037858,20799.728505321444,21577.926664260238,17646.678502947958,10800.0,10612.713439003153,0
2025-08-09,M10,23034.126577908017,0.0,266.09404102942455,23300.22061893744,23300.22061893744,0.0,389.1117072887688,0.0,0.0,23300.22061893744,40162.416130374826,40551.5278376636,160.74281624096818,17699.685775379745,20831.111728443975,17061.941482401096,10612.713439003153,10403.001236379292,0
2025-08-10,M10,51796.373268416624,0.0,3149.077648344383,54945.450916761045,54945.450916761045,0.0,2200.346045786744,68.35324778140307,577.8402991922173,55523.291215953264,67612.95595435766,69813.30200014441,332.2079478791236,0.0,20460.68085677913,16215.85260673245,10403.001236379292,10800.0,3
2025-08-11,M10,50711.97170954196,0.0,1240.958696336142,51952.930405878076,51952.930405878076,0.0,1778.2513969100733,183.8530349693109,1535.7575726090638,53488.68797848714,67553.41077800542,69331.66217491549,277.1472543977701,748.1067478706457,21420.15014294596,17491.142268662905,10800.0,10643.5326079148,6
2025-08-12,M10,51917.34942442402,0.0,3865.4265742653874,55782.77599868944,55782.77599868944,0.0,2916.7098902823604,255.204139290684,1971.259870234502,57754.03586892394,69315.81070793423,72232.5205982166,659.5377467652095,0.0,21088.99044938945,17021.347108647384,10643.5326079148,10711.016113868216,8
2025-08-13,M10,51247.355658043576,0.0,2753.8302388999527,54001.18589694351,54001.18589694351,0.0,3434.86459195302,121.77636442192897,1016.3107148626317,55017.49661180614,68330.61060535576,71765.47519730878,1708.0923610889545,0.0,20937.338174332424,16879.158423690664,10711.016113868216,10800.0,4
2025-08-14,M10,50937.82082617536,0.0,2183.1724490491256,53120.993275224515,53120.993275224515,0.0,2877.7894675615808,867.1836799519712,5123.327631718538,58244.32090694305,67553.19340027001,70430.9828678316,908.8166716428694,439.34969490989033,22724.535982597372,18700.82678469989,10800.0,10473.385956893319,8
2025-08-15,M10,23414.53796006922,0.0,311.93064283960143,23726.468602908815,23726.468602908815,0.0,388.61073257736797,0.0,0.0,23726.468602908815,40633.70864462069,41022.31937719805,396.62999647180135,19535.723650793498,20666.980521556812,16736.741674957393,10473.385956893319,10477.28878745291,0
2025-08-16,M10,23171.040624113175,0.0,586.0641464239798,23757.104770537157,23757.104770537157,0.0,750.1435745902517,0.0,0.0,23757.104770537157,40530.16075640446,41280.30433099471,314.8708172669801,19946.65955403664,20599.544663221408,16510.051070196987,10477.28878745291,10672.377795244418,0
2025-08-17,M10,51707.057810526545,0.0,255.24843427939,51962.306244805935,51962.306244805935,0.0,311.82998507041725,159.0069564987931,1325.5412211318712,53287.847465937804,68718.09866181482,69029.92864688524,882.6377559785615,930.4335596848875,21555.84571986254,17345.37504880863,10672.377795244418,10800.0,5
2025-08-18,M10,51292.699687281995,0.0,1171.7047904626368,52464.40447774466,52464.40447774466,0.0,1745.8827953729415,242.29481132806495,2050.0954159298085,54514.49989367447,67548.60775258907,69294.490547962,963.888916264369,0.0,21993.583296626544,17814.802470267503,10800.0,10800.0,5
2025-08-19,M10,51733.27423526405,0.0,574.3071878232155,52307.581423087264,52307.581423087264,0.0,760.7809021093105,149.15396652118307,1267.4772218070884,53575.05864489435,68224.09825719093,68984.87915930024,359.7271418054487,601.0081679207635,20557.918386964186,16702.28062086898,10800.0,10744.036969524444,4
2025-08-20,M10,52986.93702958174,0.0,4311.124719781794,57298.061749363544,57298.061749363544,0.0,3148.8744762568613,1263.4132332995523,7197.641168965824,64495.70291832937,70258.52657396498,73407.40105022184,84.86981833116278,0.0,21254.452146828797,17319.198748305233,10744.036969524444,10629.48973688678,12
2025-08-21,M10,53012.354282065695,0.0,516.1846041254278,53528.53888619114,53528.53888619114,0.0,530.8343558401833,41.309821037932466,342.3428119204282,53870.88169811157,71688.14817291702,72218.98252875722,1168.9109310951526,1269.0672333333332,20128.612974902266,16150.717272868937,10629.48973688678,10800.0,3
2025-08-22,M10,22882.75019407207,0.0,977.3804045962345,23860.130598668304,23860.130598668304,0.0,1286.425739552124,54.87632053936097,262.4487580444562,24122.57935671276,40168.770348002494,41455.19608755462,173.70530619164958,16751.157830658165,20638.290598499127,17283.650727254964,10800.0,10170.405175032593,3
2025-08-23,M10,22927.81085323132,0.0,373.9892227220641,23301.800075953393,23301.800075953393,0.0,479.4633388346998,0.0,0.0,23301.800075953393,41106.289902624514,41585.75324145921,111.70884497669073,14683.304601383375,20637.522417531436,16376.78877243228,10170.405175032593,10547.743381441685,0
2025-08-24,M10,52630.32932024649,0.0,745.8309125032048,53376.160232749724,53376.160232749724,0.0,862.6324925429391,4.524539988844936,37.76181074689983,53413.92204349663,69453.0888147633,70315.72130730623,631.2187442527569,1571.27665730148,22072.544327348605,17688.383364941095,10547.743381441685,10759.273981676448,1
2025-08-25,M10,56378.092047260776,0.0,793.3806174955212,57171.4726647563,57171.4726647563,0.0,1010.4607511504565,50.259860988525816,419.43677324751957,57590.90943800382,76629.53473124866,77639.99548239911,1905.4956026958423,671.1679166666668,22651.849425617263,18311.344618258787,10759.273981676448,10800.0,2
2025-08-26,M10,53309.20140597638,0.0,160.7762223461366,53469.97762832252,53469.97762832252,0.0,207.8823666228816,38.557509018267865,324.8359687857226,53794.813597108245,71211.03361498586,71418.91598160873,1986.0915665349626,0.0,20750.33442504589,16807.77088428718,10800.0,10800.0,3
2025-08-27,M10,53397.99077603758,0.0,2042.2583355916945,55440.24911162927,55440.24911162927,0.0,2901.19404975134,45.27435886092667,373.29446298608553,55813.54357461536,71359.96133835783,74261.15538810918,1262.1993951286825,1100.280457091529,21504.4896768762,17474.688648792973,10800.0,10737.719988307506,3
2025-08-28,M10,53194.365472343794,0.0,3888.004131899474,57082.36960424327,57082.36960424327,0.0,4329.417641088156,143.23843860531477,1096.6653214019439,58179.03492564522,71306.07806113754,75635.4957022257,773.3607050363449,0.0,22008.03390493738,17770.45545247604,10737.719988307506,10800.0,4
2025-08-29,M10,24121.76802335108,0.0,0.0,24121.76802335108,24121.76802335108,0.0,0.0,0.0,0.0,24121.76802335108,42212.95256919836,42212.95256919836,309.2566461109536,15338.873275751259,21255.078844851207,17245.476547515053,10800.0,10767.930352016028,0
2025-08-30,M10,23955.78691897968,0.0,157.96320634905751,24113.750125328745,24113.750125328745,0.0,253.48950416237892,0.0,0.0,24113.750125328745,41617.91215086676,41871.40165502914,93.81408560191534,19715.095677403075,20027.005527525587,16477.233468834773,10767.930352016028,10484.198139194868,0
2025-08-31,M10,51981.536518987385,0.0,1300.0520329012581,53281.58855188864,53281.58855188864,0.0,1818.4330083164086,127.08522933129257,1058.6525521992185,54340.24110408786,69730.3076515969,71548.74065991331,617.5930765673791,0.0,21723.095024312024,17311.485294968123,10484.198139194868,10800.0,5
2025-09-01,M10,47866.33508625481,0.0,0.0,47866.33508625481,47866.33508625481,0.0,0.0,0.0,0.0,47866.33508625481,73159.26939044338,73159.26939044338,12561.560784048357,3940.3315342735323,16227.592309411368,13144.349770623216,10800.0,10800.0,0
2025-09-02,M10,40849.931298193915,0.0,502.51273411179085,41352.4440323057,41352.4440323057,0.0,968.1754690942448,0.0,0.0,41352.4440323057,61392.16354844721,62360.33901754146,3932.7345972715816,505.20969814516275,20340.204590130088,16475.56571800537,10800.0,10800.0,0
2025-09-03,M10,41452.356137105606,0.0,728.1173506285743,42180.473487734154,42180.473487734154,0.0,885.231816945267,0.0,0.0,42180.473487734154,60675.040156243216,61560.27197318848,1945.9714632926343,302.60579321955447,19810.407719348903,16046.430252672606,10800.0,10800.0,0
2025-09-04,M10,39747.09648323545,0.0,885.1815352690593,40632.278018504505,40632.278018504505,0.0,1137.1765669056324,302.80827577165576,1595.163522665016,42227.44154116952,58999.292328593605,60136.46889549924,2124.072772110275,203.90813333333404,22030.161662248946,17844.430946421653,10800.0,10800.0,3
2025-09-05,M10,17601.677751582483,0.0,0.0,17601.677751582483,17601.677751582483,0.0,0.0,0.0,0.0,17601.677751582483,36243.965287680476,36243.965287680476,3160.312606658436,22700.034369532004,18733.45602538614,15174.099380562773,10800.0,10800.0,0
2025-09-06,M10,17205.84004067806,0.0,64.93831946404444,17270.778360142103,17270.778360142103,0.0,124.6393944962308,0.0,0.0,17270.778360142103,35701.37179558082,35826.01119007705,3089.5660376793144,21455.086949587516,18738.286856895887,15178.01235408567,10800.0,10800.0,0
2025-09-07,M10,36926.361464000714,0.0,3596.814740603334,40523.17620460407,40523.17620460407,0.0,3896.469584689465,907.6754614765366,4841.79487051685,45364.97107512092,55756.70732984146,59653.17691453092,1732.7372345806157,0.0,20353.3238145273,16486.192289767117,10800.0,10800.0,6
2025-09-08,M10,32928.49601866957,0.0,14931.488026071927,47859.9840447415,47859.9840447415,0.0,12208.913448073261,865.6020366325464,4745.034349739806,52605.0183944813,50112.0651319678,62320.978580041075,38.469496605094605,0.0,21655.197393229526,17902.65580649433,10800.0,10397.83786891287,12
2025-09-09,M10,35589.06769814955,0.0,4877.280500832946,40466.34819898247,40466.34819898247,0.0,4663.371970083173,669.0411270755844,3976.3023500421173,44442.65054902459,53691.68509188054,58355.05706196372,192.62071868766952,1536.893933333332,21744.874202086154,17553.124931734514,10397.83786891287,10464.75250441872,10
2025-09-10,M10,37810.38401748845,0.0,7266.425744966281,45076.80976245475,45076.80976245475,0.0,7188.657682721247,1693.7683750084998,9392.221253402493,54469.03101585725,57128.16177629444,64316.819459015685,480.7371672589816,0.0,21458.036994033704,17244.184977268505,10464.75250441872,10616.780268750714,13
2025-09-11,M10,39135.06707840209,0.0,673.3675386002187,39808.434617002305,39808.434617002305,0.0,908.4563087158261,95.56750140666752,469.02450561813737,40277.45912262044,60115.077816560675,61023.5341252765,1443.2787916063253,2228.301116666668,21070.1661155686,17118.73018049176,10616.780268750714,10559.118461104947,3
2025-09-12,M10,16357.057910199252,0.0,0.19060200603006147,16357.24851220528,16357.24851220528,0.0,0.38989875428057985,0.0,0.0,16357.24851220528,34705.18069318995,34705.570591944226,1011.9157548744696,18138.41397596547,19930.480400519635,15926.895739415353,10559.118461104947,10800.0,0
2025-09-13,M10,16754.225942090423,0.0,0.0,16754.225942090423,16754.225942090423,0.0,0.0,0.0,0.0,16754.225942090423,35547.72958678471,35547.72958678471,1589.3145428008215,22437.440765613246,18494.06734230164,14980.194547264331,10800.0,10800.0,0
2025-09-14,M10,40454.20932444405,0.0,2866.5624946202092,43320.77181906425,43320.77181906425,0.0,3398.616426604576,0.0,0.0,43320.77181906425,61013.062230291755,64411.67865689633,511.72565659833265,0.0,20228.722541112646,16428.094290814646,10800.0,10752.412186096217,0
2025-09-15,M10,37838.4611597115,0.0,1813.5692402376958,39652.030399949195,39652.030399949195,0.0,2014.07919055862,523.6663432598255,3236.986337150239,42889.01673709943,57282.62050289393,59296.699693452545,180.93433158645314,759.210650000001,21641.52966848611,17828.33924669352,10752.412186096217,10420.523058074252,11
2025-09-16,M10,42228.91758192222,0.0,1439.1188064433459,43668.03638836558,43668.03638836558,0.0,1564.4402053993936,13.092750000000137,88.18761655000094,43756.22400491558,63548.68209493945,65113.122300338844,409.7380545447817,1489.5741565730987,19850.230484619602,16115.097628731968,10420.523058074252,10380.066462307475,2
2025-09-17,M10,41693.905538838146,0.0,785.560929801337,42479.46646863949,42479.46646863949,0.0,1201.6407049474606,7.62916666666672,38.195422916666935,42517.661891556156,62949.290971692775,64150.93167664023,263.7538700562535,0.0,20602.662881420838,16667.97430817019,10380.066462307475,10402.491602063801,1
2025-09-18,M10,40202.553915222416,0.0,3043.9260507555177,43246.479965977924,43246.479965977924,0.0,4532.144944785615,2.4633999999999787,17.516005699999848,43263.99597167793,60536.62420010746,65068.76914489308,1120.4292245811605,1203.591686728063,20069.69103561529,16278.530518698095,10402.491602063801,10377.95740223079,1
2025-09-19,M10,15681.446305403411,0.0,362.80075327108244,16044.247058674495,16044.247058674495,0.0,579.5361748525509,0.0,0.0,16044.247058674495,33590.0713375152,34169.607512367744,146.3263244336847,13765.704724483914,20609.37434794763,16453.15020116415,10377.95740223079,10645.116314090157,0
2025-09-20,M10,15160.897306203111,0.0,205.46742660205584,15366.36473280517,15366.36473280517,0.0,384.88648492963625,0.0,0.0,15366.36473280517,33360.25584827755,33745.142333207186,209.30429093800512,13956.15174507851,21115.772112699808,17181.519548842472,10645.116314090157,10558.733939028345,0
2025-09-21,M10,43400.550455171826,0.0,1034.580149505549,44435.13060467738,44435.13060467738,0.0,1439.7597434793256,0.0,0.0,44435.13060467738,65523.602996650065,66963.36274012938,2427.591119679724,2744.602320623957,18967.750993466274,15464.069176973899,10558.733939028345,10447.410747621436,0
2025-09-22,M10,44084.660309865656,0.0,190.10786222940516,44274.768172095064,44274.768172095064,0.0,308.0623687797349,19.555900000000065,128.01369518333377,44402.7818672784,65617.67465551026,65925.73702428999,623.5127203679532,1029.4830616885415,19714.995774839692,16036.718515939523,10447.410747621436,10372.330816155463,2
2025-09-23,M10,44795.511617304786,0.0,223.64536545548083,45019.15698276027,45019.15698276027,0.0,323.56100326313776,11.317700000000173,73.78176635000113,45092.938749110275,67028.65820058182,67352.21920384496,1259.2274621958036,147.32051460498838,20031.839796881388,16191.466453170557,10372.330816155463,10410.468352048098,2
2025-09-24,M10,42740.19739688031,0.0,1808.1049213719393,44548.30231825226,44548.30231825226,0.0,2554.736872210464,0.0,0.0,44548.30231825226,63485.73197667638,66040.46884888684,574.1661300776734,0.0,21328.94281922354,16925.86520041436,10410.468352048098,10800.0,0
2025-09-25,M10,43684.25874991155,0.0,1474.8540821336237,45159.11283204517,45159.11283204517,0.0,2103.322813634424,15.37166666666667,106.25664583333335,45265.3694778785,65073.95325644848,67177.27607008291,966.3686464708496,2312.1535,19729.68032882921,16151.003638550479,10800.0,10611.152697556865,1
2025-09-26,M10,15809.855685346389,0.0,0.0,15809.855685346389,15809.855685346389,0.0,0.0,0.0,0.0,15809.855685346389,34591.879377520905,34591.879377520905,367.0151596427336,12688.086978989859,19511.156113410274,15668.622374521956,10611.152697556865,10761.612783490606,0
2025-09-27,M10,16024.956723766327,0.0,284.26860564030767,16309.225329406636,16309.225329406636,0.0,535.6939763565488,0.0,0.0,16309.225329406636,34039.51901115899,34575.212987515544,135.70740671014988,13361.167006952974,20822.920446935037,17545.884123082607,10761.612783490606,10006.814382307013,0
2025-09-28,M10,44954.91783265723,0.0,2842.652340032019,47797.57017268924,47797.57017268924,0.0,3918.8570739207457,5.868333333333339,40.07191416666671,47837.6420868559,66908.95080201047,70827.80787593122,2376.8330727969987,90.34846664017323,21921.044459142286,17042.178955981566,10006.814382307013,10800.0,1
2025-09-29,M10,45534.87679912379,0.0,53.782822588621414,45588.65962171241,45588.65962171241,0.0,72.64785516308712,26.015016666666725,142.85538336666707,45731.515005079076,67784.37789336298,67857.02574852608,1447.174354677839,121.63611230664606,20292.46487736999,16738.126179161725,10800.0,10465.300412786622,2
2025-09-30,M10,46001.50883555759,0.0,2053.046089232663,48054.55492479025,48054.55492479025,0.0,2402.0955481739743,0.0,0.0,48054.55492479025,68682.23421646866,71084.32976464264,1196.2821217859848,0.0,21919.174987883875,17453.30211169389,10465.300412786622,10800.0,0
2025-10-01,M10,42905.17344764161,0.0,0.0,42905.17344764161,42905.17344764161,0.0,0.0,0.0,0.0,42905.17344764161,67474.18146001156,67474.18146001156,8219.044307078562,6372.49109190728,16953.286987854684,13732.162460162297,10800.0,10800.0,0
2025-10-02,M10,40741.24422945936,0.0,157.70488692542506,40898.949116384785,40898.949116384785,0.0,244.35988781949584,0.0,0.0,40898.949116384785,63756.8212876232,64001.181175442696,5023.616912000678,3709.871238858434,18615.315304825886,15078.405396908967,10800.0,10800.0,0
2025-10-03,M10,13707.60429594428,0.0,196.18870620818697,13903.793002152473,13903.793002152473,0.0,327.6701710827398,0.0,0.0,13903.793002152473,32120.536798141635,32448.206969224375,2311.9601680452183,18795.83428924123,18543.467431252255,15020.208619314326,10800.0,10800.0,0
2025-10-04,M10,14542.100616750799,0.0,212.88148361399314,14754.98210036479,14754.98210036479,0.0,365.03776874923244,0.0,0.0,14754.98210036479,32838.73463051734,33203.77239926657,2028.3560385754727,14494.947828897708,18930.89227610363,15346.406177643568,10800.0,10786.240628889303,0
2025-10-05,M10,39266.20642153063,0.0,560.2837212395439,39826.49014277019,39826.49014277019,0.0,715.393917031408,0.0,0.0,39826.49014277019,61432.71887607024,62148.11279310165,2308.5978218023342,1515.588083296937,18818.854670189976,15230.888848854258,10786.240628889303,10800.0,0
2025-10-06,M10,38465.849237509654,0.0,2728.016802320196,41193.86603982984,41193.86603982984,0.0,3748.793953215103,0.0,0.0,41193.86603982984,58750.23717195212,62499.031125167225,979.9216406186226,0.0,19926.317023940028,16140.316789391425,10800.0,10800.0,0
2025-10-07,M10,38225.2893562931,0.0,3894.3024804186075,42119.5918367117,42119.5918367117,0.0,4545.896036123,94.61793800004627,492.24354130024466,42611.83537801194,58877.35131956429,63423.247355687294,1781.1679040980898,0.0,20869.128366259247,16903.99397666999,10800.0,10800.0,3
2025-10-08,M10,35529.420492507874,0.0,3207.2370692266186,38736.65756173451,38736.65756173451,0.0,3805.9348142446574,454.9172428681694,2451.360474077036,41188.01803581155,55941.61783859565,59747.55265284031,78.4799985751057,0.0,21344.02447719054,17698.53024672383,10800.0,10344.588422000566,11
2025-10-09,M10,37382.09275950272,0.0,749.999533380213,38132.09229288294,38132.09229288294,0.0,1198.3746678826676,383.71047061499246,2160.819198038833,40292.911490921775,59472.73691669055,60671.11158457321,476.9686846272611,538.5486362612223,21627.993712846877,17348.670661880482,10344.588422000566,10533.482028140006,7
2025-10-10,M10,13028.443371815769,0.0,790.649526531799,13819.092898347564,13819.092898347564,0.0,1189.1525841130967,0.0,0.0,13819.092898347564,31363.964243985167,32553.116828098264,67.66123588404685,18928.259849617654,20991.843326374503,16778.258500444605,10533.482028140006,10783.631576938611,0
2025-10-11,M10,13671.997606501382,0.0,87.58013028394264,13759.577736785328,13759.577736785328,0.0,157.19323354376377,0.0,0.0,13759.577736785328,32317.697574986327,32474.89080853009,231.63900851861405,14462.130135507356,19500.92908783587,15826.121006665086,10783.631576938611,10749.888859696359,0
2025-10-12,M10,38789.16815866093,0.0,1033.3963320510477,39822.56449071197,39822.56449071197,0.0,1587.988805431548,108.17983155011211,665.7448111585786,40488.30930187055,60929.48193764163,62517.470743073165,524.2526049284211,0.0,19541.438276745317,15954.99629038378,10749.888859696359,10609.409652785169,2
2025-10-13,M10,40748.68354417944,0.0,91.15941809175008,40839.842962271185,40839.842962271185,0.0,157.68797455760262,0.0,0.0,40839.842962271185,63681.66030961556,63839.34828417316,1341.3705426941729,1558.667905655799,19686.227491209705,15774.312955386516,10609.409652785169,10800.0,0
2025-10-14,M10,41218.28108752151,0.0,915.8501576708569,42134.131245192366,42134.131245192366,0.0,1400.2571507855437,28.753405454323683,143.68076705525544,42277.812012247625,64348.81556866457,65749.07271945011,933.1460294084608,0.0,21425.53059032969,17354.679778167047,10800.0,10800.0,1
2025-10-15,M10,41460.015625267864,0.0,335.21634711636773,41795.23197238423,41795.23197238423,0.0,565.9092548600789,0.0,0.0,41795.23197238423,65091.81427944775,65657.72353430782,321.9606453660166,0.0,20346.514450745926,16930.77521180411,10800.0,10299.890548111209,0
2025-10-16,M10,42282.77466966422,0.0,2193.5209513517902,44476.29562101601,44476.29562101601,0.0,2154.5305755244826,312.69231728408033,1806.986775776841,46283.282396792856,65419.78166481281,67574.31224033728,551.9680517771196,0.0,21280.1854117518,16911.621855907553,10299.890548111209,10661.366467679441,8
2025-10-17,M10,14310.229701696286,0.0,0.0,14310.229701696286,14310.229701696286,0.0,0.0,0.0,0.0,14310.229701696286,33251.9690710039,33251.9690710039,299.20537260685217,13467.167534984012,18659.95592773425,15178.55908098788,10661.366467679441,10590.261157098172,0
2025-10-18,M10,14064.887316410452,0.0,63.09952822401379,14127.986844634466,14127.986844634466,0.0,110.00643650653717,0.0,0.0,14127.986844634466,33299.83108267313,33409.837519179666,94.52163636461228,13470.558361525596,18983.825641559328,15215.661386936536,10590.261157098172,10769.413804572088,0
2025-10-19,M10,43232.21415120237,0.0,1734.3452701861552,44966.55942138851,44966.55942138851,0.0,1664.6795681238439,370.6695822492186,2228.5855822041135,47195.145003592625,66465.64922732173,68130.32879544556,693.2719769827478,0.0,21370.37128802464,17448.367420645936,10769.413804572088,10615.673051965443,6
2025-10-20,M10,44646.87504087682,0.0,335.41716008635103,44982.29220096316,44982.29220096316,0.0,508.2356573648307,0.0,0.0,44982.29220096316,68817.44735898872,69325.68301635355,841.8361074122824,0.0,21281.90126682823,17238.836724553632,10615.673051965443,10615.121164829037,0
2025-10-21,M10,45068.69960758704,0.0,1209.3044179212175,46278.00402550826,46278.00402550826,0.0,1627.5577912751771,0.0,0.0,46278.00402550826,68819.57991611211,70447.13770738729,290.2958102428803,0.0,20498.605561925753,16804.345014781342,10615.121164829037,10392.371709694058,0
2025-10-22,M10,44952.0654260307,0.0,817.6389529310363,45769.70437896173,45769.70437896173,0.0,1089.509915086946,0.0,0.0,45769.70437896173,68861.45467933356,69950.96459442051,278.18914401379595,0.0,21929.491457211792,17811.612706805077,10392.371709694058,10338.233235845688,0
2025-10-23,M10,47393.37472846183,0.0,75.91371711992439,47469.288445581755,47469.288445581755,0.0,130.23454644008302,0.0,0.0,47469.288445581755,73183.95470528206,73314.18925172213,4193.933616987815,1831.3559657844323,19881.488213166787,15972.085577550235,10338.233235845688,10484.810874862203,0
2025-10-24,M10,14098.950352670328,0.0,109.79026711467516,14208.740619785001,14208.740619785001,0.0,231.52993569523812,0.0,0.0,14208.740619785001,33677.07249074125,33908.60242643649,71.56107775854963,11910.828592138554,19378.48264135262,15872.3206014799,10484.810874862203,10289.533472657455,0
2025-10-25,M10,13848.129790472742,0.0,126.85063128144019,13974.98042175418,13974.98042175418,0.0,263.8635947895067,0.0,0.0,13974.98042175418,33577.194760245744,33841.058355035246,59.3804007069491,10761.440132599933,20022.038853148413,16400.233764753386,10289.533472657455,10086.88647965394,0
2025-10-26,M10,46457.5691964057,0.0,173.38404034125185,46630.953236746944,46630.953236746944,0.0,283.2378344217134,0.0,0.0,46630.953236746944,71032.85021193993,71316.08804636165,1327.2767299278644,1056.9372833333325,20614.3637163627,16226.801699928918,10086.88647965394,10610.034157792683,0
2025-10-27,M10,44558.710746083016,0.0,1637.8352897008986,46196.54603578391,46196.54603578391,0.0,2308.8584286506557,70.08155523829559,343.99545266823895,46540.54148845215,68214.48431280564,70523.34274145628,2155.902959936652,1231.3526924873615,20663.63255155951,17010.045573955606,10610.034157792683,10307.252816467791,4
2025-10-28,M10,46015.53360978623,0.0,1426.7113648299787,47442.2449746162,47442.2449746162,0.0,1863.2032002919104,0.0,0.0,47442.2449746162,69380.40958655659,71243.6127868485,1044.3923658929145,0.0,20510.548755678326,16283.750034722727,10307.252816467791,10673.69110244193,0
2025-10-29,M10,47469.33039142633,0.0,2169.948164640322,49639.27855606666,49639.27855606666,0.0,2441.1888565130866,0.0,0.0,49639.27855606666,71534.70844199724,73975.89729851033,613.2622091806303,0.0,22123.685109314618,18073.30681998491,10673.69110244193,10503.55567861963,0
2025-10-30,M10,47067.86434567417,0.0,139.15205214931314,47207.016397823485,47207.016397823485,0.0,244.77054028023417,3.641833333333352,18.13268816666676,47225.14908599015,70239.79635060384,70484.56689088407,612.5258875209311,1112.25380749359,20723.912452440338,16748.30107323745,10503.55567861963,10545.853471107652,1
2025-10-31,M10,14998.731883626182,0.0,38.21392594685785,15036.94580957304,15036.94580957304,0.0,82.51805077866908,0.0,0.0,15036.94580957304,34890.70775449824,34973.22580527691,221.49447125520805,7118.042406408313,19091.969384880817,15362.572523934094,10545.853471107652,10659.10089090696,0
2025-11-01,M10,14799.496688867257,0.0,41.034689121323886,14840.531377988582,14840.531377988582,0.0,74.68314919044383,0.0,0.0,14840.531377988582,34988.68955310616,35063.372702296605,411.97210796878176,8409.028520210815,18935.93032500986,15237.596684226179,10659.10089090696,10770.775200942307,0
2025-11-02,M10,48339.641409988755,0.0,1406.4541496628576,49746.09555965161,49746.09555965161,0.0,1967.5226390166242,0.0,0.0,49746.09555965161,72287.6689178175,74255.19155683412,1236.2273628221233,0.0,22120.856289608215,17898.276028929547,10770.775200942307,10792.57249611243,0
2025-11-03,M10,50035.16715176999,0.0,137.00979127411088,50172.1769430441,50172.1769430441,0.0,235.65495575182467,0.0,0.0,50172.1769430441,74342.83714665784,74578.49210240967,829.6345233440103,582.8330383486887,19233.734230972754,15572.63997358911,10792.57249611243,10800.0,0
2025-11-04,M10,48470.963689346216,0.0,444.0444835569124,48915.00817290312,48915.00817290312,0.0,613.0978285879047,33.599550000000136,160.26007882500068,49075.26825172812,72369.9249648501,72983.022793438,1241.2004780409457,809.8387728474283,20613.748643131636,17228.237583915336,10800.0,10209.887574468095,2
2025-11-05,M10,50718.95791824788,0.0,208.25750333220822,50927.215421580084,50927.215421580084,0.0,296.87031795762823,0.0,0.0,50927.215421580084,75129.45660971088,75426.3269276685,837.0688504450255,386.6870026477053,21528.68681996865,17004.13581205954,10209.887574468095,10692.221476818175,0
2025-11-06,M10,49489.20787314021,0.0,2952.5930405057247,52441.80091364592,52441.80091364592,0.0,3141.5522900841906,309.2628776120383,1638.4816166756807,54080.2825303216,72628.78965747036,75770.34194755454,467.4981513309958,0.0,21960.545081059594,17718.022957224006,10692.221476818175,10770.019875078466,6
2025-11-07,M10,15403.564875169135,0.0,42.41742792271686,15445.982303091852,15445.982303091852,0.0,87.52177431696452,0.0,0.0,15445.982303091852,35783.538082961066,35871.059857278036,586.705796589257,8272.105172129033,19298.973646300186,15605.186541073777,10770.019875078466,10800.0,0
2025-11-08,M10,15441.705741414513,0.0,0.0,15441.705741414513,15441.705741414513,0.0,0.0,0.0,0.0,15441.705741414513,35791.504354051634,35791.504354051634,328.8960897481682,8177.11888198439,18462.340020842686,14968.057738523614,10800.0,10784.93075373218,0
2025-11-09,M10,50598.98983379893,0.0,1225.2410188065478,51824.23085260547,51824.23085260547,0.0,1372.7070239993882,0.0,0.0,51824.23085260547,74629.21577979534,76001.92280379473,714.9342844064934,146.46297552735848,20849.90958286544,17056.201222337884,10784.93075373218,10598.514686824545,0
2025-11-10,M10,51653.84604113102,0.0,2699.243503781846,54353.089544912866,54353.089544912866,0.0,2850.5278856927766,255.6439319841231,1403.0412083119438,55756.13075322481,75640.14484677614,78490.67273246893,677.6854764983518,0.0,22229.04982981975,18018.861741865054,10598.514686824545,10583.70204270114,5
2025-11-11,M10,52148.06040223051,0.0,234.066400816606,52382.12680304711,52382.12680304711,0.0,361.8984841071358,2.0516666666667334,10.46965500000034,52392.59645804711,76286.90554294933,76648.80402705647,1008.4620918416368,257.21022215960056,20391.74234036878,16565.578627313545,10583.70204270114,10530.071674240213,1
2025-11-12,M10,51343.20945797793,0.0,1360.7916050496842,52704.00106302763,52704.00106302763,0.0,1475.221496150557,11.773333333333426,60.579686666667136,52764.580749694294,75953.04068323372,77428.26217938427,1975.739196544474,227.98705000000018,21969.002882104323,17688.681365931185,10530.071674240213,10648.083861543895,1
2025-11-13,M10,51524.21830948846,0.0,1868.6529021932317,53392.871211681704,53392.871211681704,0.0,2012.882260390725,64.23828237634712,415.32203902691754,53808.193250708624,74742.13451386806,76755.01677425878,341.19272147785784,160.46586666666644,20779.083225229908,16857.358073405965,10648.083861543895,10618.86090491086,2
2025-11-14,M10,15036.218035190544,0.0,258.4515740746909,15294.669609265231,15294.669609265231,0.0,403.9351458911518,0.0,0.0,15294.669609265231,35466.52748758673,35870.46263347788,216.4738339255141,4458.780409401341,19161.22165316806,15564.468563017032,10618.86090491086,10570.106433854304,0
2025-11-15,M10,15608.84604529759,0.0,345.4529441813439,15954.298989478932,15954.298989478932,0.0,499.3351870313152,0.0,0.0,15954.298989478932,35610.3338934253,36109.66908045662,229.51045881428612,3853.199271442494,19657.610914749497,15842.538481216328,10570.106433854304,10659.135722444038,0
2025-11-16,M10,53226.53088641228,0.0,1875.275070571826,55101.8059569841,55101.8059569841,0.0,2111.50131048979,0.0,0.0,55101.8059569841,77142.97886925499,79254.48017974479,708.9846807647913,0.0,21617.04402149154,17506.092905844875,10659.135722444038,10663.261001958788,0
2025-11-17,M10,53100.272999236506,0.0,1931.5619987538148,55031.83499799032,55031.83499799032,0.0,2176.1423491695346,0.0,0.0,55031.83499799032,77048.90073353474,79225.04308270427,2291.71652869571,155.7228666666665,20835.70660932359,16753.857255315022,10663.261001958788,10800.0,0
2025-11-18,M10,53479.411645846994,0.0,1924.7226544979872,55404.13430034497,55404.13430034497,0.0,2134.7815190897372,0.0,0.0,55404.13430034497,76973.80283829282,79108.58435738254,202.5179970646544,0.0,21982.587189229107,17967.072662244544,10800.0,10620.9144011456,0
2025-11-19,M10,54085.547196889725,0.0,4686.747858066922,58772.29505495665,58772.29505495665,0.0,4007.6396813293068,0.0,0.0,58772.29505495665,77009.16682549418,81016.80650682349,1571.2350455302915,185.8254529037165,21122.396462357094,17230.9620539676,10620.9144011456,10485.557823969648,0
2025-11-20,M10,53730.046454788,0.0,1028.9582937959042,54759.004748583895,54759.004748583895,0.0,1482.829510220411,21.455251909378013,101.70862167640648,54860.7133702603,77956.47104105554,79439.30055127596,480.70859500411734,28.772050000000036,21855.31769621864,17697.118571370753,10485.557823969648,10491.878671265587,1
2025-11-21,M10,15858.620430482872,0.0,793.2224299339208,16651.842860416793,16651.842860416793,0.0,982.377632028555,0.0,0.0,16651.842860416793,36352.76883061382,37335.146462642384,534.1250909841447,4056.065745068853,18964.538758219696,15083.967198296978,10491.878671265587,10800.0,0
2025-11-22,M10,16221.934379897979,0.0,240.75770223089498,16462.692082128873,16462.692082128873,0.0,361.1481808472786,0.0,0.0,16462.692082128873,36520.068481499504,36881.21666234678,272.21729464637974,2939.6337163323833,19298.188756515796,15848.652588481109,10800.0,10558.75589366298,0
2025-11-23,M10,54902.485803911004,0.0,1832.7874249866973,56735.27322889772,56735.27322889772,0.0,1768.1552085126102,0.0,0.0,56735.27322889772,79017.19748341411,80785.35269192672,1210.6824005708036,0.0,21712.917433259325,17370.343425236744,10558.75589366298,10800.0,0
2025-11-24,M10,54069.88905828177,0.0,501.1794472896127,54571.06850557137,54571.06850557137,0.0,744.943066371343,18.83966666666663,99.52995899999979,54670.59846457137,77648.6421665342,78393.58523290555,767.2151924438542,183.90513333333342,19931.898956681158,16632.53808288612,10800.0,10258.111191139571,1
2025-11-25,M10,56740.55902240841,0.0,14.343670146763733,56754.90269255517,56754.90269255517,0.0,22.43652455304823,0.0,0.0,56754.90269255517,81789.5487594504,81811.98528400343,1075.699930992001,100.00658333333354,21986.760638888798,17519.142335877354,10258.111191139571,10580.482059609098,0
2025-11-26,M10,56518.793939921175,0.0,989.1985376340511,57507.99247755523,57507.99247755523,0.0,1078.0245204530747,32.99316666666664,177.73418883333318,57685.72666638856,80498.22261691527,81576.24713736835,576.8673821688258,0.0,21458.63101147923,17183.924972946374,10580.482059609098,10800.0,1
2025-11-27,M10,56236.11239981631,0.0,1440.4594106896882,57676.571810506,57676.571810506,0.0,1713.9513488747675,0.0,0.0,57676.571810506,79767.20260569379,81481.15395456855,1561.7194849047455,77.08986666666658,21678.861817399345,17617.409947735527,10800.0,10736.075693731054,0
2025-11-28,M10,15697.904659245538,0.0,168.90080312025302,15866.805462365788,15866.805462365788,0.0,276.0676702659691,0.0,0.0,15866.805462365788,36742.06130911101,37018.12897937698,197.32082786802755,2175.14509927926,19687.836947538708,15963.412445309008,10736.075693731054,10718.004007283662,0
2025-11-29,M10,16233.282757561714,0.0,629.6057862109274,16862.888543772642,16862.888543772642,0.0,1045.361180458487,0.0,0.0,16862.888543772642,37504.20595419967,38549.56713465816,192.54853132859466,0.0,19015.032375479706,15587.463872150143,10718.004007283662,10512.128842826352,0
2025-11-30,M10,58874.410772940195,0.0,1828.9936340054041,60703.40440694561,60703.40440694561,0.0,1967.6813279594342,0.0,0.0,60703.40440694561,82868.57906320367,84836.26039116309,252.80487726454317,0.0,22299.88909782945,17961.26170059756,10512.128842826352,10625.071585764465,0
2025-12-01,M10,62947.728271333326,0.0,11827.671168983481,74775.39944031683,74775.39944031683,0.0,8073.363021392757,884.1376754082028,5839.415752567328,80614.81519288415,84032.51444530787,92105.87746670062,2218.335598118493,0.0,22712.190725500222,18239.438914843202,10625.071585764465,10800.0,11
2025-12-02,M10,66257.71132847157,0.0,10607.30494461532,76865.0162730869,76865.0162730869,0.0,7347.815829776509,304.2016022672448,2147.5271036637246,79012.54337675063,86948.96627815992,94296.78210793644,1504.819555291108,0.0,23465.02213111882,19006.667926206246,10800.0,10800.0,6
2025-12-03,M10,68875.77413082634,0.0,6054.422942095218,74930.1970729215,74930.1970729215,0.0,4685.136248291612,19.607955587667448,139.14785682788204,75069.34492974938,89804.52556777273,94489.66181606434,3272.60119662808,0.0,21441.684254511954,17367.764246154686,10800.0,10800.0,1
2025-12-04,M10,70634.88049241071,0.0,2792.008426172994,73426.8889185837,73426.8889185837,0.0,2303.6562266559386,99.52302405562693,711.3263872074049,74138.2153057911,92070.74061014382,94374.39683679974,3623.745117460242,0.0,21468.242070500783,17389.276077105635,10800.0,10800.0,2
2025-12-05,M10,20218.5005335308,0.0,2178.4221122600534,22396.922645790848,22396.922645790848,0.0,3172.388680989875,0.0,0.0,22396.922645790848,43696.34800914915,46868.73669013902,1846.074862771203,0.0,19531.75865281312,15820.724508778636,10800.0,10800.0,0
2025-12-06,M10,21552.761696771082,0.0,2992.189287487513,24544.950984258598,24544.950984258598,0.0,3654.9498555123128,0.0,0.0,24544.950984258598,45205.03781764877,48859.98767316108,1574.6615165214587,0.0,19056.291263015577,15435.595923042622,10800.0,10800.0,0
2025-12-07,M10,74585.36795750842,0.0,70.57997712004047,74655.94793462846,74655.94793462846,0.0,104.52351783924712,24.548135287347577,177.21298863936215,74833.16092326783,96196.46169482992,96300.98521266917,4858.645701101866,0.0,20074.77050976138,16260.564112906723,10800.0,10800.0,1
2025-12-08,M10,77563.6280359122,0.0,0.0,77563.6280359122,77563.6280359122,0.0,0.0,0.0,0.0,77563.6280359122,100565.55166051624,100565.55166051624,8846.515907236688,0.0,20378.024403225765,16506.199766612874,10800.0,10800.0,0
2025-12-09,M10,74908.16605686539,0.0,0.0,74908.16605686539,74908.16605686539,0.0,0.0,79.69273598829318,586.9182513154717,75495.08430818086,98480.51363586882,98480.51363586882,7240.629997058133,0.0,20690.116358591164,16758.994250458843,10800.0,10800.0,3
2025-12-10,M10,71759.62633543018,0.0,842.1377399832127,72601.7640754134,72601.7640754134,0.0,1023.8990889166779,2.9409439396185917,20.933638962205134,72622.69771437561,93829.18204318383,94853.08113210052,2252.2206259177497,0.0,22190.436755030187,17974.253771574455,10800.0,10800.0,1
2025-12-11,M10,70480.22168593915,0.0,0.0,70480.22168593915,70480.22168593915,0.0,0.0,30.088760693825748,214.2018873793455,70694.42357331849,94149.02355742473,94149.02355742473,4244.975588308398,0.0,20909.90542005355,16937.02339024338,10800.0,10800.0,1
2025-12-12,M10,21982.199715443767,0.0,1390.0061973361098,23372.205912779875,23372.205912779875,0.0,2013.3022528437732,0.0,0.0,23372.205912779875,46472.87988012616,48486.18213296993,1112.7791289693814,66.34565115184762,18908.651944817746,15316.008075302376,10800.0,10800.0,0
2025-12-13,M10,22385.509673243178,0.0,851.9338178419346,23237.44349108512,23237.44349108512,0.0,1434.916029789543,0.0,0.0,23237.44349108512,46987.28913418126,48422.20516397079,976.2208908390905,0.0,19249.515050633723,15602.064160835347,10800.0,10788.93670019775,0
2025-12-14,M10,69304.11563732104,0.0,3593.916523414973,72898.03216073598,72898.03216073598,0.0,3189.5399103961445,40.90438201466441,304.79900258227184,73202.83116331825,90724.10943031163,93913.64934070777,694.2008915757708,0.0,23535.126638550788,19053.495607404122,10788.93670019775,10800.0,1
2025-12-15,M10,71117.49312616662,0.0,1612.3027402215466,72729.79586638816,72729.79586638816,0.0,1744.9264198128003,30.215768250311612,212.02404581243658,72941.81991220059,93159.49852599265,94904.42494580543,1218.0105732001036,0.0,22743.397632579166,18496.32545839019,10800.0,10717.585137776598,1
2025-12-16,M10,71644.29510512261,0.0,406.0066833152869,72050.30178843791,72050.30178843791,0.0,621.0902299453677,16.538704149733462,119.12573773209517,72169.42752617001,93830.43689289292,94451.52712283828,983.2666855902028,0.0,22026.51306801293,17959.805259948444,10717.585137776598,10586.107721267745,2
2025-12-17,M10,70487.10717568637,0.0,336.2710988143301,70823.37827450066,70823.37827450066,0.0,520.0756828739559,43.89567453910297,321.14028384850553,71144.51855834917,92824.52594795088,93344.60163082484,1168.2211109642622,0.0,22048.491508682506,18020.062380949497,10586.107721267745,10407.458544693678,2
2025-12-18,M10,68438.63208376037,0.0,2021.2679161690767,70459.89999992952,70459.89999992952,0.0,1783.1290534363766,25.736527792521997,178.0611405988828,70637.96114052841,90971.77184342517,92754.90089686154,896.1763748975774,0.0,23384.042426163476,18865.848343073656,10407.458544693678,10491.043013714523,2
2025-12-19,M10,21248.6894154249,0.0,1183.3238985959479,22432.01331402085,22432.01331402085,0.0,1891.8288729756164,0.0,0.0,22432.01331402085,45423.043928349936,47314.87280132555,277.4414049745151,610.7752930577758,19497.763210750574,15979.498407457311,10491.043013714523,10284.031672881914,0
2025-12-20,M10,21816.072757766575,0.0,23.440989268691556,21839.513747035267,21839.513747035267,0.0,43.241079632340075,0.0,0.0,21839.513747035267,46932.51541399628,46975.75649362862,159.4053874676269,163.41093283541863,19571.29463136765,15774.706708042067,10284.031672881914,10370.744943288282,0
2025-12-21,M10,70261.72623844506,0.0,1757.4230990623782,72019.14933750745,72019.14933750745,0.0,1635.3854785331143,17.092947782268084,123.56491951801598,72142.71425702547,92785.71631991249,94421.1017984456,613.080397122924,0.0,23163.17332314602,18375.84084070773,10370.744943288282,10800.0,1
2025-12-22,M10,70279.49857803692,0.0,1187.2951918211693,71466.79376985811,71466.79376985811,0.0,1309.1207450388044,47.07377598202936,331.1551696258873,71797.94893948399,91797.63873732972,93106.7594823685,440.22270428234424,0.0,22605.570877190636,18829.38740645577,10800.0,10223.472226742935,2
2025-12-23,M10,70566.4906741702,0.0,333.84367009980457,70900.33434427,70900.33434427,0.0,517.5870854260536,0.0,0.0,70900.33434427,92987.2540126688,93504.84109809485,1687.6135143302563,0.0,22542.39791876681,17983.262868335547,10223.472226742935,10530.227166593573,0
2025-12-24,M10,68601.94329332386,0.0,1195.125206926927,69797.06850025078,69797.06850025078,0.0,1355.1651105917613,201.92301421881385,1490.6834432468497,71287.75194349763,91261.08554295765,92616.2506535494,555.3678994996433,0.0,23303.259469551886,18895.013017949972,10530.227166593573,10508.701780356974,5
2025-12-25,M10,67722.01335762211,0.0,2347.7149324051315,70069.72829002724,70069.72829002724,0.0,2311.029460662265,193.87526632293134,1301.2291446681525,71370.95743469539,89947.73084580706,92258.76030646934,262.66728826624046,0.0,23134.06382633646,18756.544075143753,10508.701780356974,10488.754696122285,7
2025-12-26,M10,21088.55561266117,0.0,1483.0380379313085,22571.593650592473,22571.593650592473,0.0,2075.5358347266606,0.0,0.0,22571.593650592473,45233.31104659957,47308.84688132623,232.37082567366247,0.0,20267.023092661824,16198.169470342584,10488.754696122285,10731.109401359494,0
2025-12-27,M10,20925.11950417257,0.0,710.9028278406154,21636.022332013195,21636.022332013195,0.0,1298.9770170624984,0.0,0.0,21636.022332013195,45762.87442955577,47061.85144661827,250.4554011274774,0.0,19292.615763390844,15820.02878456672,10731.109401359494,10516.653827781569,0
2025-12-28,M10,69341.27245003596,0.0,269.44495143699464,69610.71740147298,69610.71740147298,0.0,382.92971000839077,116.9985081168594,874.5758203309828,70485.29322180396,92199.43926862956,92582.36897863795,1539.7693111662302,0.0,22101.70792601468,17751.364500426087,10516.653827781569,10684.452627388016,3
2025-12-29,M10,68923.38433107153,0.0,958.3063653272559,69881.69069639879,69881.69069639879,0.0,1163.5808722695758,19.0209195589008,132.19539093436055,70013.88608733314,91504.32513986484,92667.9060121344,1285.825925911714,0.0,21809.158990608732,17931.8242514938,10684.452627388016,10388.446550609433,1
2025-12-30,M10,67177.26198053335,0.0,1092.4694541948936,68269.73143472824,68269.73143472824,0.0,1111.5920575483967,54.20504858661593,396.5099304110956,68666.24136513933,90581.54339014324,91693.13544769163,900.8926631740957,0.0,23331.021931590014,18708.976698485843,10388.446550609433,10598.614401833955,1
2025-12-31,M10,67790.34754682642,0.0,2534.5550600311285,70324.90260685758,70324.90260685758,0.0,2185.3415341011705,340.34314961286145,2076.9754152797964,72401.87802213737,90244.98151298624,92430.32304708741,192.28010407293766,0.0,23267.370970881264,19335.40781158726,10598.614401833955,10055.461818307906,9
2025-02-01,M7,20823.215130969496,4933.374032956912,7588.450732791576,33345.03989671797,28687.078081239397,4657.961815478575,16935.65739266834,0.0,0.0,33345.03989671797,51983.53367666038,46512.75967899927,1447.5415447911062,9804.314613945982,6564.432793079463,5681.705206150613,10005.826117125027,9600.80984628475,0
2025-02-02,M7,55119.56436782597,6812.769910987616,12877.950695526808,74810.28497434036,68804.48833373038,6005.796640609988,22900.253539570396,0.0,0.0,74810.28497434036,85186.66759116403,81337.00142705478,1276.7074802237394,204.53556666666668,10567.132341366196,9067.65191120181,9600.80984628475,9036.0601632901,0
2025-02-03,M7,55550.54366741606,6762.269181167438,12930.971103301084,75243.78395188456,70545.64727962195,4698.136672262612,22072.64392094591,0.0,0.0,75243.78395188456,85898.2014720234,82251.85666973896,834.8396358927739,0.0,11489.767507971748,10289.666974125557,9036.0601632901,7943.887615880718,0
2025-02-04,M7,57464.64225222061,6074.5741709006,12259.753598129344,75798.97002125058,71702.21809412939,4096.751927121193,21023.034105009232,0.0,0.0,75798.97002125058,86923.57741909938,84124.14192569294,1430.888582085136,64.33819999999992,12664.658346422195,11230.607152814384,7943.887615880718,6863.62773564471,0
2025-02-05,M7,54456.49761125848,6242.845650135898,15776.938807033353,76476.28206842774,70105.90938374981,6370.372684677932,23828.82827406363,0.0,0.0,76476.28206842774,83519.44569567093,83824.4382087377,9.805489753489383e-13,0.0,15376.444806540367,12300.433581135985,6863.62773564471,7035.279638046618,0
2025-02-06,M7,55543.01561148865,6492.250096983813,13886.150367869559,75921.41607634202,69484.440164638,6436.975911704023,23475.26237753895,0.0,0.0,75921.41607634202,85421.78306367478,83012.0339724579,24.78978581469653,0.0,14103.317696132897,11387.130726156363,7035.279638046618,7075.898091059159,0
2025-02-07,M7,20354.33879195902,4675.5940017492285,7476.575891055234,32506.508684763503,28158.93610148262,4347.572583280882,16030.380341554739,0.0,0.0,32506.508684763503,52876.517756710346,47896.286687827014,1266.0086991870953,11441.427738143784,10020.019617328187,6636.849033498719,7075.898091059159,8719.639042767063,0
2025-02-08,M7,17391.166742292222,3391.7429181353255,8924.93401466983,29707.843675097396,25288.80429036727,4419.0393847301275,15094.535573550549,0.0,0.0,29707.843675097396,44049.34261431016,43433.600871914045,534.0220895414321,9553.75328320239,8996.241378370374,7227.5785958668175,8719.639042767063,8785.613399003938,0
2025-02-09,M7,48123.682627464674,6469.857009142978,19978.918394578788,74572.45803118643,67477.10293232239,7095.3550988640345,26340.208880451602,0.0,0.0,74572.45803118643,77264.95790856302,79643.27246068798,4.121147867408581e-13,0.0,12609.661190259625,12521.804696238305,8785.613399003938,6221.192141083933,0
2025-02-10,M7,48756.24875727329,6871.528995213541,16255.231243811304,71883.00899629819,65213.46465310823,6669.544343189955,24713.215788073365,0.0,0.0,71883.00899629819,81447.67619426304,80143.77966277898,380.75065882353124,328.1247000000001,15478.486391251201,10370.219670629085,6221.192141083933,8629.363592511034,0
2025-02-11,M7,47853.74750313629,6725.182667604593,16043.318289396213,70622.24846013711,65161.093595963684,5461.154864173426,24162.30543611403,0.0,0.0,70622.24846013711,78637.12522733418,77832.50867064355,65.15904256312858,148.03829999999994,13822.330546500434,11423.616351753326,8629.363592511034,8376.55402685773,0
2025-02-12,M7,48125.65163261753,6993.480040007918,14775.638240159966,69894.76991278544,63976.091183098906,5918.678729686537,23840.535424734357,0.0,0.0,69894.76991278544,79729.31713092358,77623.25110445185,343.1203283175761,0.0,13635.981295204496,11622.58665240355,8376.55402685773,7734.9520232045,0
2025-02-13,M7,48170.55839485022,7286.6966113028975,15224.380569271812,70681.63557542494,63358.34062901878,7323.29494640616,25201.486816271452,0.0,0.0,70681.63557542494,80184.98834549997,77141.93570126756,1108.8876247836256,807.0093825816352,13571.262123166467,9674.702445930827,7734.9520232045,9199.418549686743,0
2025-02-14,M7,18763.02401378529,3648.993752836957,6374.18006150798,28786.19782813023,26268.45432389083,2517.743504239399,12335.74478204356,0.0,0.0,28786.19782813023,47744.931707541655,43830.18192585839,497.2605272591567,11800.73317617342,7797.13275678975,6066.7463510306,9199.418549686743,9476.008751874622,0
2025-02-15,M7,18299.30134228289,3310.5744756066,7365.067147943159,28974.94296583265,26347.43397559007,2627.5089902425825,12772.16393901722,0.0,0.0,28974.94296583265,45695.10959176811,43175.849686817164,308.8240830600651,12601.261784409364,7182.3540689825095,6196.681349634773,9476.008751874622,9054.92591436469,0
2025-02-16,M7,47912.99446874489,7072.052590340825,15581.935542334782,70566.98260142049,64622.88766822865,5944.094933191838,24186.101547359143,0.0,0.0,70566.98260142049,79281.41499111563,77422.14474201822,130.6083517728098,0.0,12816.110386876268,10901.953096630848,9054.92591436469,8476.144044074614,0
2025-02-17,M7,45987.24065924073,7388.314827029807,16089.8404857211,69465.39597199167,63044.72350472363,6420.672467268043,24836.064722804924,0.0,0.0,69465.39597199167,78800.40443242427,75672.46236845464,733.3002973520447,1253.2959499999997,11713.859858800824,9211.856904364893,8476.144044074614,8783.221356589927,0
2025-02-18,M7,44677.39575625408,6740.324670979891,15771.406968036405,67189.12739527036,60821.52530238373,6367.602092886635,24343.638471051985,0.0,0.0,67189.12739527036,75836.06669460697,74417.02459288965,93.45305738780979,517.2718940329206,12553.269602092221,10838.357743956647,8783.221356589927,8038.544282965543,0
2025-02-19,M7,46057.163742008,6192.862688640865,15314.998639316023,67565.02506996485,62495.46632567803,5069.558744286813,22189.052841679433,0.0,0.0,67565.02506996485,77014.86030744293,76785.86778154099,457.40755901020015,207.68698500955975,14088.638787471806,10847.1929332839,8038.544282965543,8665.882599152492,0
2025-02-20,M7,44014.441179488116,6800.078841980554,17840.88465944608,68655.40468091473,62799.37866085279,5856.026020061938,24929.260499659165,0.0,0.0,68655.40468091473,75399.05877638675,75623.95823221328,1104.659268020813,553.5938999999995,12871.122107093484,9898.550776234342,8665.882599152492,9251.502744165136,0
2025-02-21,M7,16859.98053358381,3612.2656786451953,8436.913843953631,28909.16005618263,24922.511621358604,3986.6484348240265,14222.056619181541,0.0,0.0,28909.16005618263,44460.419236345944,42601.96885132696,248.93832677440975,14796.89214429634,8082.853387739462,6086.977040816584,9251.502744165136,9762.762970001113,0
2025-02-22,M7,16462.681387763125,3438.1298299645005,8379.336600011517,28280.147817739125,25898.367733374398,2381.7800843647274,13870.129319243084,0.0,0.0,28280.147817739125,43109.09091982265,41559.48454223981,293.41585528247305,12073.519565938963,8067.6095048338875,6719.823267148852,9762.762970001113,9557.141227519553,0
2025-02-23,M7,43944.9528056326,7066.145373810865,17630.028516074148,68641.12669551763,61234.969148380915,7406.1575471367105,25836.34808644082,0.0,0.0,68641.12669551763,74757.46421446567,74078.12350705624,245.10130897496032,372.67141185384776,11634.39231163733,9705.895208743223,9557.141227519553,9243.766298278455,0
2025-02-24,M7,42957.75067241576,7060.55691010539,17519.593020316726,67537.90060283788,60522.94479568551,7014.955807152372,25993.58077531885,0.0,0.0,67537.90060283788,74070.91433973402,73268.06391728534,1102.7522982663131,2169.0088666666666,11133.181659157384,9339.912523471681,9243.766298278455,8885.949209884897,0
2025-02-25,M7,42246.475574256096,7234.283595485376,17149.191171310224,66629.95034105169,58512.179602007716,8117.7707390439755,26803.885206164752,0.0,0.0,66629.95034105169,72999.89912673224,72142.05015727232,1077.3996552382687,2796.296518571914,11467.927948063387,9020.897197934582,8885.949209884897,9183.865254325743,0
2025-02-26,M7,42569.40988284275,6066.39560989828,14642.028625316601,63277.834118057624,58340.374933149025,4937.459184908599,21182.2212669935,0.0,0.0,63277.834118057624,73006.43674396325,71758.7868138217,111.4990229868619,920.9784314800906,11878.621988234092,9967.16066221267,9183.865254325743,8800.002085722355,0
2025-02-27,M7,40798.758973050244,6311.452766370267,15655.3923045268,62765.6040439473,57573.401078347706,5192.202965599594,21973.892021361848,0.0,0.0,62765.6040439473,72227.80554625299,71376.47146817856,389.61750292606473,1358.1929,13202.076611796921,10529.999746544421,8800.002085722355,8981.871317956886,0
2025-02-28,M7,15629.147969452053,2795.0964658668886,9335.192997166283,27759.437432485232,24637.140866239588,3122.2965662456445,14618.131252933534,0.0,0.0,27759.437432485232,40318.919247591766,41860.43093111097,202.31957173807905,16153.787330488776,8210.134035398041,5998.403556513928,8981.871317956886,9706.09910924409,0
2025-03-01,M7,15719.068328712567,2657.036502762779,7255.228865488145,25631.333696963502,22906.207102861677,2725.1265941018246,12133.453214911733,0.0,0.0,25631.333696963502,40869.85826760155,39917.96849669653,1040.698481950123,14488.00683701789,7155.5263213646385,6425.0290769694575,9706.09910924409,9007.151601839541,0
2025-03-02,M7,40769.04847986928,6819.4613221105365,17843.59783573722,65432.10763771705,58990.30839322838,6441.7992444886695,25396.642274018257,0.0,0.0,65432.10763771705,72698.6885502394,72427.15950964626,989.6770221973997,0.0,10962.031606121156,11882.856185338966,9007.151601839541,5669.8065080830675,0
2025-03-03,M7,42845.36470916105,6678.704594749507,18476.703560323353,68000.77286423386,61862.794342565656,6137.978521668207,25605.63930523002,0.0,0.0,68000.77286423386,76003.69893081218,77080.82005597209,503.72393336482537,184.4892666666666,15840.038231741246,11464.578009133993,5669.8065080830675,7187.420906501314,0
2025-03-04,M7,42158.35171109398,6628.983758476135,16776.487149924105,65563.82261949424,59273.893322116804,6289.929297377435,24552.5918544342,0.0,0.0,65563.82261949424,74653.24208432497,73496.13751112344,39.605927872735066,1037.846205022422,13543.909141842887,10324.68169694794,7187.420906501314,7905.070581995539,0
2025-03-05,M7,40604.0730405469,6608.466224909693,14921.549935664498,62134.0892011211,57280.21569546332,4853.873505657786,22071.982100901274,0.0,0.0,62134.0892011211,73190.12985532943,71232.71556132432,1504.9519312583386,1617.2857833333328,11339.722698385132,9359.716868319134,7905.070581995539,7711.135601298678,0
2025-03-06,M7,39808.301681988094,6428.525941865011,14618.204698865196,60855.032322718354,55204.17084270985,5650.861480008505,22168.979285496687,0.0,0.0,60855.032322718354,71705.47290992683,69529.72058187216,378.15587295538927,1475.698856208522,12005.754054881254,10270.542335506345,7711.135601298678,7104.600544573643,0
2025-03-07,M7,15974.522868533539,2850.3712128461884,7655.324565208397,26480.218646588113,24480.408583405293,1999.8100631828202,12065.962344187294,0.0,0.0,26480.218646588113,43709.34319015214,42393.44223523169,729.0474793131134,17219.938466666666,8690.815456129816,5168.644700211241,7104.600544573643,9183.395899300209,0
2025-03-08,M7,15276.93527012584,1942.2151791125384,7620.361831117249,24839.512280355626,22563.162019997642,2276.3502603579836,11009.452689072155,0.0,0.0,24839.512280355626,38099.84961930246,39237.09458860023,24.439436650618063,18308.685979887036,7610.380372775762,5769.550717379849,9183.395899300209,9622.126326598564,0
2025-03-09,M7,38383.543735250656,6207.21288751506,13458.360834071249,58049.117456836975,53367.54100419105,4681.576452645924,20304.348374867208,0.0,0.0,58049.117456836975,69161.90228210369,66871.30572832825,196.65662355818824,2586.2343295516703,10462.3082810823,9707.418555863898,9622.126326598564,8252.183161946083,0
2025-03-10,M7,40168.351083147456,6171.902047555399,16353.113948328713,62693.36707903157,57113.84452384268,5579.522555188887,22869.834921431382,0.0,0.0,62693.36707903157,70489.11415503314,70916.81007254572,182.77770257135592,86.24619255114419,12858.446018907482,10252.731291484251,8252.183161946083,8432.860921758098,0
2025-03-11,M7,39684.482849699656,6506.054085615286,14653.451328648176,60843.98826396313,54331.90400027371,6512.084263689423,22579.698534248593,0.0,0.0,60843.98826396313,70973.98374865935,68930.233378471,711.6249252444796,2259.88555,11367.199656002644,9347.395552776112,8432.860921758098,8277.345553520357,0
2025-03-12,M7,38610.503906542865,6495.095710642163,14580.886023225072,59686.48564041008,54030.49189549179,5655.993744918291,21586.564899534478,0.0,0.0,59686.48564041008,70651.53436884607,68455.2849852178,639.4226017182988,2959.2162108115467,11271.302229338231,8850.190739983598,8277.345553520357,8587.972293276323,0
2025-03-13,M7,38693.59339589451,6246.233094436877,18266.170767239368,63205.9972575707,57587.940807886946,5618.056449683754,23850.981611364536,0.0,0.0,63205.9972575707,69710.98491614882,70569.40991548402,242.68701051033528,342.49593333333314,11593.648417014116,9155.039462040422,8587.972293276323,8849.989799655223,0
2025-03-14,M7,14530.243607476648,2455.75123181346,8256.448207946654,25242.44304723676,23506.12419396033,1736.3188532764289,12153.509468450951,0.0,0.0,25242.44304723676,39596.12504655174,40031.922940363846,164.10093650369552,21307.64013887957,7625.304791975939,5094.548910328688,8849.989799655223,10052.154212068363,0
2025-03-15,M7,14830.433641622521,1659.3346121106058,8119.608872945978,24609.377126679105,22295.24736226818,2314.1297644109254,11038.15372184555,0.0,0.0,24609.377126679105,36835.003569743945,39127.037669793244,727.1455430923962,16743.85643139461,6253.298864325876,5521.3883190196375,10052.154212068363,9545.247279939835,0
2025-03-16,M7,39552.35379184161,6043.38713855468,13654.017418976307,59249.75834937261,53821.08139291782,5428.676956454794,20866.067807293817,0.0,0.0,59249.75834937261,69380.81982024125,67926.06975988537,1213.7866023893107,1798.2975889386837,10484.326520926501,8921.387885702457,9545.247279939835,9068.487942437612,0
2025-03-17,M7,38017.376869524596,6340.3931053223005,14033.927473754246,58391.69744860112,51828.68613272999,6563.011315871125,21900.197857009025,0.0,0.0,58391.69744860112,68744.86496614976,66844.24523226098,1687.125665822658,4643.7812010031375,9992.9412671469,7337.734335045046,9068.487942437612,9909.09693281978,0
2025-03-18,M7,36219.97382423331,6578.162905837068,15128.801853209074,57926.938583279465,52072.831762018315,5854.10682126115,22557.609565766823,0.0,0.0,57926.938583279465,67391.88082773483,65503.25240160866,338.7009921819066,2271.639861489971,11080.482124618908,9313.528943348785,9909.09693281978,9533.165352367036,0
2025-03-19,M7,36578.28598767229,5907.720349432145,14316.616790708018,56802.62312781245,51004.0309491007,5798.592178711748,20945.033697719646,0.0,0.0,56802.62312781245,66048.27434227377,65178.85600753132,195.56448076155058,3121.7711333333327,11337.248249961312,8941.198306524871,9533.165352367036,9802.02399230458,0
2025-03-20,M7,37153.572518398454,6285.951310537274,13634.186111272502,57073.709940208224,51964.36114159223,5109.348798615996,20514.21972859772,0.0,0.0,57073.709940208224,67981.69590572146,65492.871047668945,138.16113845820652,1891.001666666666,10512.779536064587,9258.033110187185,9802.02399230458,8976.822118999173,0
2025-03-21,M7,13633.787656466418,1916.954894976886,7464.841471957462,23015.584023400763,21480.40035982093,1535.1836635798318,10184.912267875106,0.0,0.0,23015.584023400763,37692.53493995769,38132.58658202778,420.77591179367937,23407.991437250188,8336.761543289522,6066.406826972268,8976.822118999173,9739.455477990556,0
2025-03-22,M7,14090.196501611654,2130.2264156925235,7265.798594816179,23486.22151212035,20914.915752585126,2571.3057595352257,10710.552334480548,0.0,0.0,23486.22151212035,37697.80099823276,37759.57424123479,224.26084865825516,19993.253477467533,7207.759022944336,5546.898841168673,9739.455477990556,10063.2176640086,0
2025-03-23,M7,35570.354549640964,5435.724124262653,15553.358535326095,56559.437209229734,52415.96346415674,4143.473745072995,21079.543801864616,0.0,0.0,56559.437209229734,65106.25570541186,65312.42024228226,1282.39277885315,4065.324994414021,9400.900403719028,8205.918051370609,10063.2176640086,9406.341303610603,0
2025-03-24,M7,35487.831282291074,5662.064238275944,14200.25295000016,55350.148470567176,50304.36257933742,5045.785891229752,19826.97085967957,0.0,0.0,55350.148470567176,64938.58592703028,63975.79591713764,551.9806743300082,4154.845701737888,10459.566934889892,9189.09447715347,9406.341303610603,8609.846570396541,0
2025-03-25,M7,36258.844343281395,5497.369219771258,14505.979678399433,56262.19324145211,51284.52470258755,4977.6685388645565,20699.043901479323,0.0,0.0,56262.19324145211,65743.30824291022,65693.98766077177,37.967018966974905,2376.77621971044,12058.125868337336,9729.006162909645,8609.846570396541,8652.153004222753,0
2025-03-26,M7,35881.19767750877,5876.323458795314,13219.904753301244,54977.4258896053,49703.322375906486,5274.103513698814,20327.69523109827,0.0,0.0,54977.4258896053,66901.44337365108,64679.43126613248,1165.1823449103317,4895.564662465462,11717.92480440584,8691.795412315818,8652.153004222753,9540.734870059325,0
2025-03-27,M7,35989.50947947398,6377.236068195234,12635.81998161441,55002.565529283645,49155.39177799531,5847.173751288334,20400.532879725473,0.0,0.0,55002.565529283645,66970.55628658831,63473.83510641573,240.06303419820463,2987.4759740667123,10500.495735440567,8971.189037289754,9540.734870059325,9023.193212745004,0
2025-03-28,M7,13586.62665053035,1515.0486111525215,6718.80190713445,21820.47716881732,20824.668049243723,995.8091195735979,8770.613320204271,0.0,0.0,21820.47716881732,36819.53145792098,37267.8869065538,186.3039865300588,23829.57030444297,8581.675490014824,6151.543641100718,9023.193212745004,9911.652663646431,0
2025-03-29,M7,13639.941975032852,1693.077414612083,7836.523168534384,23169.542558179317,21585.478185407228,1584.064372772089,11123.830294793956,0.0,0.0,23169.542558179317,34896.29452658695,37235.09280982985,7.641760199083194,28498.59562822079,6209.3254795939665,5187.679241517329,9911.652663646431,9735.95754915064,0
2025-03-30,M7,34308.827869312685,4449.429176150287,12274.54794939222,51032.80499485517,46739.460024672706,4293.344970182465,17006.15006381449,0.0,0.0,51032.80499485517,62786.55353722616,61860.46162043609,284.53455296326365,4710.63545,10614.866479590715,9095.194562117886,9735.95754915064,9183.565645095747,0
2025-03-31,M7,34417.35561134607,4084.667842217419,14946.005136718553,53448.02859028206,48612.784145058446,4835.244445223616,19207.190777028532,0.0,0.0,53448.02859028206,60113.452251790055,63059.56664447688,1222.3757297786822,3990.484093274185,9091.337134605055,8196.019796514367,9183.565645095747,8259.08040344656,0
2025-04-01,M7,35781.19301568794,5540.120315834408,15814.112092437399,57135.42542395972,51190.788075241784,5944.637348717937,22203.19194009368,0.0,0.0,57135.42542395972,65731.09082419865,65946.6088870091,910.731036751841,2115.2943833333334,10880.297566117459,8168.5656158601905,8259.08040344656,8975.16419532984,0
2025-04-02,M7,35498.386556632504,4184.554557073738,14974.521824771913,54657.46293847815,51731.825204385364,2925.6377340927866,18745.948781523766,0.0,0.0,54657.46293847815,63280.42524880184,65767.50173649323,958.1877486284644,1634.1406499999998,12494.70110193365,9754.86316406888,8975.16419532984,9381.658338104708,0
2025-04-03,M7,36280.31386299492,4974.756739878815,12703.621663524735,53958.69226639844,49169.18319111444,4789.509075283997,18426.527344385635,0.0,0.0,53958.69226639844,64545.07115632513,63610.34642174005,900.8424241484074,5139.062066666667,10215.481688287027,8508.570024028717,9381.658338104708,9121.625164197781,0
2025-04-04,M7,13210.898647225658,1204.7187440819796,6427.979518281609,20843.59690958925,20054.079326489085,789.5175831001652,8301.067593926291,0.0,0.0,20843.59690958925,35372.1442127167,36427.29330330262,258.4270198623289,27451.08726809272,8088.259841229944,5801.283075882372,9121.625164197781,9955.188936990982,0
2025-04-05,M7,13081.04893095895,1253.0067838092916,7260.365213970721,21594.420928738957,20259.902328053897,1334.51860068506,9215.743388272098,0.0,0.0,21594.420928738957,33926.429789244736,35984.200133956656,63.867755126435334,22936.678474398188,6615.393876995244,5675.854955896544,9955.188936990982,9602.537919734987,0
2025-04-06,M7,34004.379851128426,4268.809799687483,12687.526594894865,50960.71624571078,48371.28904291518,2589.427202795596,16862.613101917454,0.0,0.0,50960.71624571078,62055.85506038864,61839.73014017765,696.2236178836912,5092.910479678459,10324.636941654411,8684.117165705562,9602.537919734987,9245.692094217782,0
2025-04-07,M7,33738.56210979137,4702.574947115813,14813.341292374282,53254.47834928145,47220.386255588746,6034.092093692707,20576.063386262384,0.0,0.0,53254.47834928145,60239.311497076924,62592.36270446756,1986.1474706720985,5395.591970802385,9857.99553023752,7890.091550577781,9245.692094217782,9351.119681900684,0
2025-04-08,M7,34447.13584526173,5771.576261773969,13476.378249690088,53695.09035672579,47876.649326841274,5818.441029884518,19868.711909257516,0.0,0.0,53695.09035672579,64597.573985257615,62603.648875766725,689.6135002940053,6375.576771560909,9792.772432763883,8607.507445518726,9351.119681900684,8600.717709700702,0
2025-04-09,M7,35293.159427716775,5053.904142999683,12174.252911713329,52521.31648242977,48432.373847352465,4088.9426350773065,18378.39166853479,0.0,0.0,52521.31648242977,65061.56941904531,63578.0758798124,249.64311655706703,2384.955510753539,10828.203580475438,9019.037344640308,8600.717709700702,8324.948326972697,0
2025-04-10,M7,35351.72150460731,4643.908224907611,12679.390107449712,52675.01983696462,49877.04541781581,2797.974419148806,17969.368184942123,0.0,0.0,52675.01983696462,64597.552220497026,64048.213678101565,1011.4152576538636,5878.409917268486,11026.059597867594,8328.308994688377,8324.948326972697,8994.725304288662,0
2025-04-11,M7,12912.888061934695,1164.9822425034506,6869.320790605339,20947.19109504348,19561.359824855594,1385.8312701878858,8792.23879189922,0.0,0.0,20947.19109504348,34537.50330364671,36122.49200154622,104.85745881592311,28379.60813080499,8336.892083940438,6015.515838681797,8994.725304288662,9814.021692410837,0
2025-04-12,M7,12325.62775813868,1247.6765465884478,7777.100534660812,21350.404839387935,19680.149884635946,1670.2549547519884,9997.062874544621,0.0,0.0,21350.404839387935,33024.19609189483,35659.943102932615,182.26586789292924,25095.354331552393,6734.644746816199,5377.48239332891,9814.021692410837,9900.221527513298,0
2025-04-13,M7,33335.7373728788,4349.112723823631,12090.038829945583,49774.888926648004,47090.421204537844,2684.4677221101592,16516.84809164206,0.0,0.0,49774.888926648004,61591.47366587165,60758.225793297526,928.2065092276612,4775.256533333332,9181.347955048954,8402.943687645748,9900.221527513298,8826.830589673194,0
2025-04-14,M7,33741.26478655609,4788.041724016415,13334.301756794714,51863.608267367206,47274.325998498265,4589.282268868941,19065.867999747545,0.0,0.0,51863.608267367206,62035.140706807026,62236.209427250535,1296.374475391715,5978.369864835619,10091.133601416,7657.7003143928,8826.830589673194,9400.294926066708,0
2025-04-15,M7,32434.689163411225,4843.373443735519,13607.195789607807,50885.25839675455,46976.87300464903,3908.3853921055197,18433.594279237608,0.0,0.0,50885.25839675455,61195.81670196099,61012.41093270515,1528.6274989870171,8193.645298736306,8361.95190310963,7211.242601461135,9400.294926066708,8913.559859464109,0
2025-04-16,M7,33732.769227724166,5486.286987828684,13622.408863035416,52841.46507858826,47218.60551524301,5622.85956334525,20132.00824697758,0.0,0.0,52841.46507858826,63414.22258982058,62726.54895574812,1135.0457962534513,4063.3985833333336,9549.755252218609,7801.242626057269,8913.559859464109,8840.292224174997,0
2025-04-17,M7,33748.65705843358,3370.9114306787455,12555.024109971186,49674.592599083524,46498.04156184076,3176.551037242767,15799.781779839539,0.0,0.0,49674.592599083524,60166.33641065318,61878.85620299315,1166.5246049321,5645.246999999999,9712.268195547613,7513.525947486562,8840.292224174997,9232.971436293894,0
2025-04-18,M7,12394.578313899572,1183.389510921138,6421.699624333366,19999.66744915407,18477.898386737284,1521.7690624167844,8102.081228898765,0.0,0.0,19999.66744915407,34350.27706514516,35280.0151750558,239.72838230488745,26296.38450658803,8028.11956838402,5638.33446555447,9232.971436293894,10193.462975001208,0
2025-04-19,M7,12019.208443107224,1219.9367157228369,7174.4750957019205,20413.62025453198,17801.812003595373,2611.808250936607,9906.84672918007,0.0,0.0,20413.62025453198,31497.61988676538,34131.28951171081,362.1151192090059,25806.109758611034,6708.168296176651,5529.782912285878,10193.462975001208,10086.61120568699,0
2025-04-20,M7,32060.256157033735,4573.886988046568,12292.464282504821,48926.60742758514,45622.545764800394,3304.0616627847485,17110.74786481271,0.0,0.0,48926.60742758514,60248.39001003791,59725.49928368453,1114.7905157603825,5383.6047648541935,9809.287851056117,8539.928731319496,10086.61120568699,9426.16057017139,0
2025-04-21,M7,32717.841888950094,3827.697470306499,11265.263765970325,47810.803125226914,44648.18677275321,3162.616352473706,15249.905641951049,0.0,0.0,47810.803125226914,60673.69221229379,59721.213928254816,909.8952032688503,8687.819422618019,8689.106138950276,7082.517219915661,9426.16057017139,9376.89251754257,0
2025-04-22,M7,31827.492777528536,3320.49377861834,13705.773826618919,48853.76038276582,45497.615637247276,3356.1447455185407,16413.013212955975,0.0,0.0,48853.76038276582,57149.47120780934,60105.3626366309,1171.9666498648469,5059.283539502879,9634.873233624328,7913.690103027814,9376.89251754257,9255.289424440227,0
2025-04-23,M7,32711.03750680664,5572.638744912288,13111.59889896271,51395.27515068163,45875.733209561244,5519.541941120384,19969.95716638136,0.0,0.0,51395.27515068163,61885.8395780492,60636.030419838266,1926.017150089038,5083.937867680805,9916.116082517157,7689.957397115395,9255.289424440227,9635.396790799672,0
2025-04-24,M7,32194.63510540843,3902.993110704061,11837.197857237601,47934.8260733501,45289.49169382035,2645.334379529748,15404.064264601697,0.0,0.0,47934.8260733501,59434.1312769753,59090.80542946869,1576.5435404226569,9244.617877190485,8090.967907196493,6911.430595340942,9635.396790799672,9237.90057911992,0
2025-04-25,M7,11720.35136788568,1176.6658949352561,6414.013361876273,19311.030624697214,18328.110312377234,982.9203123199804,8092.3406589587985,0.0,0.0,19311.030624697214,33688.12226278548,34571.577798675164,223.36610979353128,30524.50056092855,6959.719425407982,5136.365947454901,9237.90057911992,9794.574787037216,0
2025-04-26,M7,11747.222660195668,1201.2278929103245,7235.544410930042,20183.994964036032,18087.86948037129,2096.125483664742,9777.251767722952,0.0,0.0,20183.994964036032,31201.080263249558,33885.91441943368,22.487444707613335,32912.41067935575,6606.868722312221,5726.046060275244,9794.574787037216,9378.48323681239,0
2025-04-27,M7,30808.12261285514,3267.469818103492,11791.070194607433,45866.662625566074,42664.13896174536,3202.5236638207134,14452.250072041557,0.0,0.0,45866.662625566074,57130.22530453257,58110.17111660245,967.1103965023478,8264.956933333333,9359.357165414774,9054.72456198134,9378.48323681239,7741.099616817539,0
2025-04-28,M7,33894.47780758656,2708.166835385316,10825.923716366926,47428.56835933881,45374.27807093579,2054.290288403019,13209.401701860399,0.0,0.0,47428.56835933881,60602.41944807858,61843.0361182863,59.53690891500435,2334.4915583906377,12383.099808789428,9556.059474475438,7741.099616817539,8268.045584199765,0
2025-04-29,M7,32217.40516717168,3526.9976248853577,11215.733844637656,46960.13663669469,44061.04931371591,2899.087322978783,14733.72318414889,0.0,0.0,46960.13663669469,60766.95628231844,60142.499391849145,1350.543589955163,9220.470638621327,9775.261075195858,7636.989628589867,8268.045584199765,8580.236520109514,0
2025-04-30,M7,31114.493415861187,4728.761467425099,11491.611635430943,47334.86651871726,43779.49147354004,3555.375045177221,16501.85099232258,0.0,0.0,47334.86651871726,61037.11426442345,59530.02325158175,1842.1808264300169,7007.125153621155,9709.030800347464,7285.167962150224,8580.236520109514,9223.733171366432,0
2025-05-01,M7,31019.835319409827,3875.8532953660674,12442.542210999736,47338.23082577564,45037.39677864534,2300.8340471302945,15054.26361024944,0.0,0.0,47338.23082577564,57534.70012404377,57487.972888505465,258.4551452042113,7733.309869609812,9626.395935832537,11141.566862141093,9223.733171366432,5507.970777903388,0
2025-05-02,M7,13908.978231585326,1028.4109995299764,6792.268516200164,21729.65774731547,20823.298705536374,906.3590417790947,8193.190197743586,0.0,0.0,21729.65774731547,36722.989989757654,38539.05290838535,0.0,21247.692938700187,11305.936106823534,8304.896220471708,5507.970777903388,6455.65080685378,0
2025-05-03,M7,13635.601884818383,1277.3744068640035,7497.366838918855,22410.343130601235,19665.605277146984,2744.7378534542513,9620.971439915676,0.0,0.0,22410.343130601235,35853.33814284633,38263.97319077763,78.4374589725542,26514.914402632116,9948.201938464059,7144.752259291093,6455.65080685378,7470.418930036885,0
2025-05-04,M7,35727.20042300726,3412.9277614158336,12301.671714386594,51441.79989880969,48915.47253508479,2526.3273637249004,16272.461914998197,0.0,0.0,51441.79989880969,62990.631244097545,63433.49161242661,2750.796500255214,6885.1811275720165,9603.537302866695,7540.690651600647,7470.418930036885,7735.057334171745,0
2025-05-05,M7,35727.01471104975,4677.974717857177,10948.688239248087,51353.67766815503,48487.599631068886,2866.0780370861467,16574.169197376003,0.0,0.0,51353.67766815503,65546.85763671214,63271.480217827775,1412.0790768763145,4807.039820247991,11536.947102432376,9560.592581728908,7735.057334171745,7495.42907999543,0
2025-05-06,M7,35758.80318725412,3309.019624387333,13301.358892240345,52369.18170388179,48312.413627432776,4056.768076449014,16452.975813145615,0.0,0.0,52369.18170388179,61123.90326953451,63520.909650658265,1210.3208103265686,7152.097069284255,11618.955431034476,9330.546026653696,7495.42907999543,7585.215604977909,0
2025-05-07,M7,35407.67019847437,4199.111938899255,12819.324063541724,52426.10620091536,49443.406247986706,2982.699952928655,16211.829141735052,0.0,0.0,52426.10620091536,63762.54182897186,63977.04431340199,1468.8620279260203,6384.295390603419,10136.440371608056,9080.399426735505,7585.215604977909,6618.679243052375,0
2025-05-08,M7,37843.949062362495,3201.5321307108006,13480.151213189189,54525.63240626247,49664.53084777952,4861.101558482951,16226.870139159742,0.0,0.0,54525.63240626247,64862.11816407036,67237.21847662542,2542.6598121380885,4060.6600930621353,12240.523474539727,7433.137303114524,6618.679243052375,9376.108922233097,0
2025-05-09,M7,13696.040731216679,1610.4129853713719,8047.0184578715125,23353.47217445956,20853.713250345125,2499.758924114434,11356.71621658889,0.0,0.0,23353.47217445956,34848.12539436556,37509.349882827475,575.1485193231129,26622.9954582903,7375.733670977147,5563.913615763091,9376.108922233097,9832.142986375766,0
2025-05-10,M7,13308.627378915324,1211.7999673560732,8474.280904311872,22994.708250583273,21201.61037372122,1793.0978768620516,11063.84265002416,0.0,0.0,22994.708250583273,32776.60340057516,36751.42014115074,635.9475739822367,23236.687368844978,6401.886087044459,5644.1461720542675,9832.142986375766,9322.566940211038,0
2025-05-11,M7,35664.34534478444,3106.9089555989026,13691.52763443256,52462.78193481589,48229.47662466573,4233.305310150157,16377.512267728465,0.0,0.0,52462.78193481589,59685.669210616135,63298.52760586081,1754.2468958824054,4748.457333333334,8993.261360779856,7681.517067468117,9322.566940211038,8881.48320105945,0
2025-05-12,M7,35598.49997874427,4274.305100026764,12420.919300553864,52293.7243793249,48945.40978526301,3348.3145940618924,16943.204260458082,0.0,0.0,52293.7243793249,62684.14022026252,63216.34778776241,3164.01327399408,6500.976674098197,8197.14503000163,6576.982423664823,8881.48320105945,8951.155479544443,0
2025-05-13,M7,35316.89457294287,2161.0447822421415,12232.415590211,49710.354945396015,45786.21256441164,3924.1423809843764,13667.716494034687,0.0,0.0,49710.354945396015,59029.02267960688,62242.820560627835,1870.7275390246812,5098.7559751889385,9474.984340269373,7330.860060521813,8951.155479544443,9333.241318540417,0
2025-05-14,M7,34249.75896230696,3342.424671932324,12906.170975709209,50498.3546099485,48763.9106854095,1734.4439245390022,16226.654952802068,0.0,0.0,50498.3546099485,60467.4187991268,62301.501933794076,2739.843587192887,5454.490818895766,8338.220055709693,7245.201311337606,9333.241318540417,8787.415689415138,0
2025-05-15,M7,35721.529331815625,3766.0833548795645,13698.905766127567,53186.518452822755,48586.731854513724,4599.7865983090305,18693.908487362776,0.0,0.0,53186.518452822755,60046.79694827495,62779.490012468654,1402.0491126552706,6043.442499999999,9951.597205896223,7382.657089416176,8787.415689415138,9540.900853148209,0
2025-05-16,M7,13623.461087922877,1365.2534619762023,7724.9475213927635,22713.662071291834,19906.01253291157,2807.649538380265,10010.170182579857,0.0,0.0,22713.662071291834,34219.761958149524,36599.74210848057,830.1954979365247,31835.95846568151,6223.7699339130995,5005.688322383898,9540.900853148209,9580.417879910112,0
2025-05-17,M7,13232.314833093778,1393.1697368350108,8672.81293189563,23298.297501824418,21552.4818254799,1745.8156763445186,11674.808929586108,0.0,0.0,23298.297501824418,32359.547798086125,36587.74742709263,53.15071189696344,24848.158017012924,6880.789944090858,5643.150329241453,9580.417879910112,9502.961797101381,0
2025-05-18,M7,33897.248302728665,3402.374677336782,14663.716154636859,51963.33913470229,48564.12795896683,3399.211175735465,18803.4957337338,0.0,0.0,51963.33913470229,58015.91376616132,62738.82820300713,2792.1253124347895,4020.7441166666663,9667.061332659228,7417.270658753554,9502.961797101381,9961.905153435186,0
2025-05-19,M7,33183.39672744608,4292.49671482311,12634.39818330643,50110.291625575606,46193.09533023461,3917.1962953409966,17390.744364086917,0.0,0.0,50110.291625575606,58214.159762268675,59486.448329355946,1399.3786479901469,9624.46376789606,7839.784605153772,6892.39524168402,9961.905153435186,9359.49436286912,0
2025-05-20,M7,33271.15755460972,3578.9980397228214,13219.338786095683,50069.49438042823,46042.03560772174,4027.4587727064936,17435.328864548705,0.0,0.0,50069.49438042823,57198.729042956205,60571.93121198626,1867.2174193335838,3493.426380602243,8465.00817202161,7781.115576637847,9359.49436286912,8332.317743646518,0
2025-05-21,M7,34469.69284801422,3566.0431759175017,12345.699460798789,50381.43548473054,46648.31654719758,3733.118937532956,15479.599578094056,0.0,0.0,50381.43548473054,60662.17101153381,61943.672706634985,1583.6467814908528,7510.20315,8770.225755122534,7283.018263311731,8332.317743646518,8133.278408465991,0
2025-05-22,M7,33204.26777805398,3448.5237902164577,14252.313072719864,50905.10464099032,46152.48933549404,4752.615305496278,18635.18505961576,0.0,0.0,50905.10464099032,57082.77173072698,61268.43407174525,1158.3045810906783,6350.624610925216,10262.626758114637,7319.752695051939,8133.278408465991,9236.58394071146,0
2025-05-23,M7,12635.265256761233,977.0817913420296,8330.809597488997,21943.156645592266,20469.917420949034,1473.2392246432319,11182.939695985124,0.0,0.0,21943.156645592266,31217.48665607135,36068.427668094475,111.76348261660759,27541.002139318713,7420.62231786658,5425.909155040754,9236.58394071146,9886.356076746102,0
2025-05-24,M7,12808.671482947479,1342.9239288335305,8403.961631259705,22555.557043040717,20866.23070087508,1689.3263421656375,12104.234701623414,0.0,0.0,22555.557043040717,31077.143316825684,35492.14648574755,333.00363556320934,30087.725986551486,6697.5877239820775,5380.672243682558,9886.356076746102,9935.66031312714,0
2025-05-25,M7,33000.120189057416,4423.6232695965855,12683.96470946369,50107.70816811771,46469.77555696218,3637.9326111555274,17544.642635423224,0.0,0.0,50107.70816811771,58815.402832761996,59289.67655791021,1537.9761565804265,8665.733877464774,7716.566187764816,7175.609847233139,9935.66031312714,8907.670051856432,0
2025-05-26,M7,32731.901178340053,2674.4271051566475,13085.371171243389,48491.6994547401,45790.76653863594,2700.9329161041605,15644.980911708804,0.0,0.0,48491.6994547401,55799.82806569613,60093.701620733234,315.35799038206204,3482.113129837037,10062.88190846729,8346.484357953153,8907.670051856432,8690.392260640152,0
2025-05-27,M7,34193.42860391656,3858.1505418052816,11905.249650216536,49956.82879593841,46701.7175328185,3255.111263119914,16339.772894195812,0.0,0.0,49956.82879593841,59833.57404819722,60960.26726325762,1659.7228708934642,7449.19721563586,9596.10169394126,7135.121817212955,8690.392260640152,9398.970654950666,0
2025-05-28,M7,33182.067317481975,3860.005568023453,14188.467481649643,51230.54036715504,47420.13422004071,3810.4061471143286,18093.069690070977,0.0,0.0,51230.54036715504,57608.74445062908,60961.552314847766,1053.4111238560986,6010.420401693464,9367.29150388161,7743.394814583406,9398.970654950666,9225.760992240328,0
2025-05-29,M7,32408.56724340891,3691.758837249701,15396.19078814299,51496.51686880162,47094.58282180042,4401.934047001203,19197.33223546217,0.0,0.0,51496.51686880162,56074.72442490606,60746.28897848516,513.0901577328145,4933.683619736138,9938.086989324542,8748.695288308332,9225.760992240328,8449.266740067602,0
2025-05-30,M7,13324.320657121389,1364.8344140157292,7567.128220607568,22256.283291744683,20567.61157416685,1688.6717175778322,10070.326279492885,0.0,0.0,22256.283291744683,33781.47323994244,36431.55199546485,196.66251215832347,27352.895877390023,8276.838416502611,5991.078077252769,8449.266740067602,9241.667895750214,0
2025-05-31,M7,12699.790702178272,1333.0031914409099,7936.929922174288,21969.72381579347,20294.418588066856,1675.3052277266142,11378.92247858315,0.0,0.0,21969.72381579347,32173.371273812063,36040.97686649162,359.23191971050977,25249.68632928944,7882.712570337129,5839.835502845461,9241.667895750214,9847.403094780902,0
2025-06-01,M7,38413.78811473904,3377.4520446340857,19241.836055225198,61033.07621459828,57327.97312506036,3705.1030895379226,20458.208904860967,1659.8484133564846,10563.65088572014,71596.72710031841,59383.12631070876,66513.6609487444,24.23803311674164,281.9529333333335,9118.495908727125,12476.003813076306,9847.403094780902,4191.822953661637,10
2025-06-02,M7,42432.454741589034,4393.919402168861,15931.872334636942,62758.246478394816,56692.322778985246,6065.92369940957,20768.564749416193,1446.429685984267,8773.899725971061,71532.14620436588,68836.33218436551,71385.91166049714,249.05300490209402,825.2220873778225,15493.53732748765,12376.27852328616,4191.822953661637,4384.585966971452,12
2025-06-03,M7,47009.62571852498,4489.215856417747,16591.02820849322,68089.86978343593,63133.35957436143,4956.510209074506,20585.862918034803,0.0,0.0,68089.86978343593,74719.85325289708,77730.79065858416,1653.4298073089683,2513.9875433944285,14859.376978329361,9488.370503781942,4384.585966971452,7215.391354376835,0
2025-06-04,M7,45616.124963925286,5837.761614085436,16285.847100063078,67739.73367807378,62619.62560897567,5120.108069098111,23710.930614495763,0.0,0.0,67739.73367807378,74239.75932072273,74573.42724639729,1842.4248165207166,774.6162900306331,11679.003242680394,9367.877919501112,7215.391354376835,7317.741028899059,0
2025-06-05,M7,45858.89131308299,5341.785564344201,18437.28463197754,69637.96150940473,63960.54762888542,5677.413880519314,23344.143060619914,0.0,0.0,69637.96150940473,72035.91879271559,75842.24843917189,1843.6831380154135,1227.7634833333334,11444.62018673258,9823.136385576097,7317.741028899059,6703.303212984937,0
2025-06-06,M7,18213.76135095793,1677.5499268378046,9764.353208652396,29655.664486448135,27018.178891460022,2637.485594988113,12579.40173613081,0.0,0.0,29655.664486448135,40374.15265390437,44127.616158396675,179.87024341551967,12833.086,8950.018893534067,8690.354378552907,6703.303212984937,5102.370907662366,0
2025-06-07,M7,20136.765008560575,2238.07959610553,9287.102727863452,31661.947332529562,28612.713368639554,3049.2339638900085,13205.374160615498,0.0,0.0,31661.947332529562,46138.649934300585,47351.68314486017,812.4289287412907,11386.982775113827,10778.817907942626,6753.059633604235,5102.370907662366,7299.907431917138,0
2025-06-08,M7,50560.05438435924,6925.77776796259,15472.202293124628,72958.03444544645,67794.16786351491,5163.866581931536,25093.86485785538,0.0,0.0,72958.03444544645,81761.94709043196,80664.88471325644,7549.630580002802,3138.895748893801,10503.743547060527,5712.30842936735,7299.907431917138,10406.267258307886,0
2025-06-09,M7,46621.75872219391,6851.082945261787,17680.010695552453,71152.85236300816,64691.07584539732,6461.776517610844,25923.948719715532,0.0,0.0,71152.85236300816,74421.36035464733,75022.73913034526,2077.6206723649916,1257.774028794914,9569.24156537214,8814.609869520118,10406.267258307886,9224.573701009342,0
2025-06-10,M7,45784.07077722326,5513.646094476832,18093.001459578878,69390.71833127893,64449.33753285997,4941.380798418955,24273.480471349536,0.0,0.0,69390.71833127893,71455.15868982952,75502.27352813304,1618.329464153841,544.4425940901306,10710.418411207382,8989.361174651644,9224.573701009342,8875.771188149718,0
2025-06-11,M7,47449.91708824249,5808.474778590925,19886.191233613918,73144.58310044737,67611.64396987032,5532.939130577055,25238.35313419003,0.0,0.0,73144.58310044737,74300.42843634533,78709.74202010206,1077.8736375787648,217.5704333333332,11273.048750523227,9943.197117999927,8875.771188149718,7973.5182658429285,0
2025-06-12,M7,47986.892992081914,6549.6604899023505,18947.410831063276,73483.96431304755,65572.40552103975,7911.558792007796,26406.623285754704,0.0,0.0,73483.96431304755,75620.78904924034,78003.24367520456,2373.087567739629,555.1648666666666,11559.459002992193,8936.859195527259,7973.5182658429285,8447.187817950055,0
2025-06-13,M7,18133.100480127046,1936.0814042466093,10648.832988610022,30718.014872983666,27847.66924139815,2870.3456315855146,15054.691354660674,0.0,0.0,30718.014872983666,38938.501155246995,44081.44689605474,588.7045555803866,13716.080298559671,7330.565462000245,5899.217120085561,8447.187817950055,8490.011044766321,0
2025-06-14,M7,18880.36909598225,2214.728015128477,9708.363772695775,30803.4608838065,28381.185921548666,2422.274962257834,13951.905608554165,0.0,0.0,30803.4608838065,40867.855903334974,43881.409367394444,771.7287268023936,15978.504666666666,7048.314337035957,6110.481113110569,8490.011044766321,8044.070489086936,0
2025-06-15,M7,46557.64280878395,5877.664326765609,19631.6733297101,72066.98046525966,65787.46047842308,6279.519986836589,24965.979915517633,0.0,0.0,72066.98046525966,73321.60672316173,77342.0454450167,2026.862626582321,298.84709999999995,11300.10301788272,6910.741632781661,8044.070489086936,10535.561390979545,0
2025-06-16,M7,44933.69361334569,6094.936835091791,20012.518414129485,71041.14886256696,64386.01582016515,6655.133042401809,25660.701182198132,0.0,0.0,71041.14886256696,70718.7950740634,75136.95467377895,1096.8235720521368,464.4061333333334,9976.73678193245,9095.064630205638,10535.561390979545,9408.997127823606,0
2025-06-17,M7,45056.3876446542,5956.6156757287645,21071.46159508808,72084.46491547106,64645.72291674042,7438.741998730642,26728.410432031964,0.0,0.0,72084.46491547106,70066.22716996452,75890.4552175916,559.01691577288,194.24276666666685,10668.072668802779,10167.88835031739,9408.997127823606,7712.608807171235,0
2025-06-18,M7,47160.24595480705,6865.640001709728,20216.9512859244,74242.83724244115,64935.731241937036,9307.106000504114,28014.564094581685,0.0,0.0,74242.83724244115,74606.20288307992,77997.69310542864,3325.3557065689524,123.70413971193466,11505.180781103558,7884.9384219558115,7712.608807171235,9306.228819102422,0
2025-06-19,M7,44116.45335851877,6052.832414684793,19372.306617835035,69541.59239103865,62840.286712348774,6701.305678689874,25367.003572809266,0.0,0.0,69541.59239103865,69773.2442235252,74409.47508002339,1912.0549717838478,1832.3721666666663,11126.93084206897,8721.387100496098,9306.228819102422,9630.036465302159,0
2025-06-20,M7,17443.344488475952,2712.983130447336,10647.422195503246,30803.749814426534,27724.39172988801,3079.3580845385222,16503.32343157114,0.0,0.0,30803.749814426534,38318.99827286551,42506.392559016305,922.753079502094,17905.343938579987,6609.530674629671,5331.8159836954455,9630.036465302159,9654.374090585026,0
2025-06-21,M7,17594.609891217635,3116.8401728775802,10580.148681565337,31291.598745660565,28696.464113077975,2595.1346325825907,17172.87739476081,0.0,0.0,31291.598745660565,39102.862404254265,42637.94960270682,1124.1351947782996,20213.540346824666,7443.981854329036,5478.448193225173,9654.374090585026,10266.793100342084,0
2025-06-22,M7,41864.49968646058,5912.991561672814,19613.337048106936,67390.82829624032,60339.50267615729,7051.325620083029,25866.532219065826,0.0,0.0,67390.82829624032,65553.62710476895,70789.2631632021,1862.805000154125,899.6366999999999,8710.254362049182,8140.773999001208,10266.793100342084,9060.71758285167,0
2025-06-23,M7,42509.709106081435,5858.137692705012,17586.577584319424,65954.42438310587,59590.1966508382,6364.227732267667,23373.308791592906,0.0,0.0,65954.42438310587,68293.1565228455,71483.17159675356,1735.893237357591,1810.1046204986599,10127.431336899172,9251.543598001866,9060.71758285167,7895.912899392182,0
2025-06-24,M7,45586.80568431232,6211.127912310143,21233.32594668175,73031.25954330416,66125.67073045736,6905.588812846792,26116.83664775116,0.0,0.0,73031.25954330416,72157.53296084682,77537.82456118384,2.2737367544323206e-13,0.0,13674.667861902624,12405.635550718773,7895.912899392182,6419.074474305908,0
2025-06-25,M7,44895.34634461521,5937.27741901265,20175.117076753748,71007.74084038161,64184.72032481469,6823.020515566917,25342.88598127541,0.0,0.0,71007.74084038161,72519.40182743006,77505.86913351854,1056.3955171362563,699.3324498413918,13867.119704587396,8554.399904713166,6419.074474305908,9394.593425419935,0
2025-06-26,M7,42749.216612245866,5778.122130794228,18121.406530804503,66648.7452738446,60251.46376162385,6397.281512220754,23871.418767891155,0.0,0.0,66648.7452738446,68089.44865701735,72189.39424685232,1534.8290297363046,1392.3288802349089,10419.401362826171,8704.548859278402,9394.593425419935,9100.333697209704,0
2025-06-27,M7,16297.358803284784,2714.817813383418,10387.69785682193,29399.874473490127,26411.829206812312,2988.0452666778147,16430.828530310682,0.0,0.0,29399.874473490127,37177.6976512956,41526.88243008008,199.5762105595811,19670.20135699737,7752.334287181092,5866.875291324631,9100.333697209704,9558.684231978648,0
2025-06-28,M7,16849.23612163116,2646.9032387781835,10238.501106424004,29734.640466833338,26159.797258414364,3574.8432084189735,15719.500592013477,0.0,0.0,29734.640466833338,37324.313289840575,41232.22632195518,287.2326884077651,17909.99486356308,7031.429928627796,5773.357275310124,9558.684231978648,9472.12975073242,0
2025-06-29,M7,42378.4461584252,5872.461304887094,18154.25604364265,66405.16350695495,59699.25462761309,6705.908879341863,23231.067748413454,0.0,0.0,66405.16350695495,68258.49216425908,71357.35326216358,332.68375553369697,0.0,10459.239043864925,8702.338070568378,9472.12975073242,9216.18036735709,0
2025-06-30,M7,42980.78537244237,5950.568923737121,17507.06513775217,66438.41943393166,59715.36656561608,6723.052868315579,24559.74699095069,0.0,0.0,66438.41943393166,68362.42586766314,72427.61726211465,419.8369302364478,112.92567808618901,11991.488222954813,9974.31755249612,9216.18036735709,8925.944709687396,0
2025-07-01,M7,50234.716070102455,7530.455825805911,26925.76983029496,84690.94172620332,74081.50560667878,10609.436119524544,31274.872646690987,0.0,0.0,84690.94172620332,70890.32565713288,78949.88296575687,1.5774048733874224e-12,0.0,13335.356252107871,13252.017319684328,8925.944709687396,6203.301648046339,0
2025-07-02,M7,52218.8555061823,7524.009654453122,24167.63715381448,83910.50231444991,71865.34739970978,12045.154914740138,31156.4103290648,0.0,0.0,83910.50231444991,73589.89827662613,79370.1688636419,696.8537707044277,1917.3383815251377,14440.205561731835,10588.995216986163,6203.301648046339,7433.93641250925,0
2025-07-03,M7,56328.92101509628,7641.665027326,23112.86749734948,87083.45353977176,76014.59673767883,11068.856802092923,29314.014071894453,0.0,0.0,87083.45353977176,78489.75752752753,82842.32248143158,11.938799621377848,965.2532991587802,13253.326746323173,11148.615297005083,7433.93641250925,6974.580154194451,0
2025-07-04,M7,25361.473363134068,2656.9243351232067,13490.1598127853,41508.557511042585,37375.55988245953,4132.997628583056,16998.20720363232,0.0,0.0,41508.557511042585,45134.14195326091,51309.853120090076,1.4210854715202004e-13,19290.61578190755,9982.157096321032,6843.787224805166,6974.580154194451,8354.313513322077,0
2025-07-05,M7,25280.711485128748,2505.479077825297,11747.047649080652,39533.23821203471,35270.00761883263,4263.230593202083,14952.47144706995,0.0,0.0,39533.23821203471,46225.73787298503,50831.073783552216,5.684341886080802e-14,20569.631310980723,8334.38197929565,6863.019473390823,8354.313513322077,8229.68010203169,0
2025-07-06,M7,59038.456845416295,6646.550673369839,19563.398678333582,85248.40619711971,78915.29929943586,6333.106897683843,23098.639265858958,0.0,0.0,85248.40619711971,81214.97753319825,84902.86395881406,2156.3772533262104,1362.1285500000001,11159.530661366563,9569.154055878706,8229.68010203169,7640.864301840811,0
2025-07-07,M7,59307.9117807542,7732.063143654463,18430.62113417958,85470.59605858821,77209.13026588807,8261.465792700139,25153.47974258886,0.0,0.0,85470.59605858821,83607.53563984373,85275.98413137725,4554.936196755784,2524.3256666666666,11422.584271852946,6635.344770564817,7640.864301840811,10548.584845880889,0
2025-07-08,M7,61419.544055284314,9457.083102306951,17423.54647638062,88300.17363397192,80135.33562919532,8164.838004776597,26154.414871620258,0.0,0.0,88300.17363397192,89477.68355519592,85602.2380434562,4006.9690074905147,4184.0982,8492.158845220056,6652.37502592105,10548.584845880889,10800.0,0
2025-07-09,M7,58730.39692181198,8242.179109999786,17467.46026412268,84440.03629593445,77375.56103667911,7064.475259255341,25523.194506780335,0.0,0.0,84440.03629593445,84153.96825174274,82666.49734472785,4785.597411035058,2380.9670720164613,7585.304447419261,6144.096602409603,10800.0,10800.0,0
2025-07-10,M7,58262.3030234474,7854.285758357106,15753.920747065604,81870.5095288701,73567.85202471807,8302.657504152026,22223.739710627935,0.0,0.0,81870.5095288701,81491.93466245495,79604.00738217586,2131.4104539941723,4103.21355,7480.784178993405,6965.024184145064,10800.0,9793.790000932884,0
2025-07-11,M7,26045.871721900643,3448.185977284033,11787.200396335895,41281.25809552058,38221.699331152326,3059.558764368252,16155.99432687496,0.0,0.0,41281.25809552058,47170.12867433047,50268.01997507898,459.75154638047854,16323.322703674903,6814.859516365962,5848.690941342356,9793.790000932884,9428.618075281853,0
2025-07-12,M7,25152.875206679128,3257.736743378666,12533.8660175761,40944.47796763389,36686.462144406265,4258.015823227623,16646.041126604472,0.0,0.0,40944.47796763389,45878.328094612225,50521.30347186981,55.18131798661719,18595.186717263852,6782.774903658632,5996.082800372621,9428.618075281853,8870.801265938373,0
2025-07-13,M7,54333.82840943429,6388.966258156979,16724.852635755266,77447.64730334656,72097.54610403093,5350.101199315628,21617.27907316781,0.0,0.0,77447.64730334656,77246.13512733148,78649.83366691778,1302.7930809243078,6643.544905109427,8224.784226980466,6789.008946096423,8870.801265938373,8729.76379678033,0
2025-07-14,M7,53918.75927874937,5039.417497183048,16577.885408007875,75536.06218394026,71299.62678590255,4236.435398037705,19807.86763238773,0.0,0.0,75536.06218394026,74173.73665527007,77588.94422510233,657.1557195490279,3581.9097417695466,9578.430409169872,8036.230862052776,8729.76379678033,8421.20576275235,0
2025-07-15,M7,55776.668482398956,6086.337103473252,17333.948051100208,79196.95363697238,74654.39783957571,4542.555797396664,22737.6916830408,0.0,0.0,79196.95363697238,80009.7133137488,81097.17043854565,2438.575342531023,2517.198641626414,9314.021212385916,5921.675341331026,8421.20576275235,10224.185585754085,0
2025-07-16,M7,54146.78795980854,5875.515554732572,17600.736819907273,77623.04033444838,72793.44117030599,4829.59916414239,21617.267572422115,0.0,0.0,77623.04033444838,75634.635393045,77699.41654534196,1957.523889427644,3226.2740508873394,7863.07378622672,7482.018564533077,10224.185585754085,8987.598032765825,0
2025-07-17,M7,55539.9786273127,5239.806899766919,17370.607047116362,78150.39257419598,73925.63955259182,4224.753021604163,20209.521399969828,0.0,0.0,78150.39257419598,76542.05284803646,79316.08248735644,761.5862664907049,3804.6075490031153,9552.30688693891,7522.834281742944,8987.598032765825,9225.969473518682,0
2025-07-18,M7,24686.804388244032,3326.1485799511356,12206.371601175471,40219.324569370656,36282.85378510503,3936.470784265628,16702.51334904487,0.0,0.0,40219.324569370656,45922.64098422222,50192.45019415649,621.7760181560661,16780.80361781561,7011.095048236943,5495.47259005213,9225.969473518682,9429.874361318456,0
2025-07-19,M7,24568.190183933857,3314.5493510078495,12591.763066858806,40474.50260180052,36337.5281239094,4136.974477891126,17101.976566722427,0.0,0.0,40474.50260180052,45582.40930152657,50323.56146315067,607.0810592725303,21482.267205255062,7013.917834074895,5962.523685451817,9429.874361318456,9117.37409481718,0
2025-07-20,M7,55088.436857671535,4813.624470367209,16384.33319842116,76286.3945264599,72520.70384673344,3765.6906797264674,19901.589298296643,0.0,0.0,76286.3945264599,77292.26404683283,78929.51186874448,1732.5703901537042,2832.043650061725,9063.850418780075,6788.930806917693,9117.37409481718,9731.58301958848,0
2025-07-21,M7,55314.741736255324,4981.581781968362,17056.079840786486,77352.40335901016,72577.60736183818,4774.795997171983,21038.120593122087,0.0,0.0,77352.40335901016,75614.26516993537,78962.8959174164,2035.9957110320884,2156.7484674244415,8404.700589626646,7624.29820066676,9731.58301958848,8824.371105067168,0
2025-07-22,M7,54564.94801744424,6206.9238869677,20692.845467408704,81464.71737182069,75099.14869516333,6365.5686766573635,24531.08610938601,0.0,0.0,81464.71737182069,75657.0234478054,80177.55246767309,1455.461406328759,2959.199566666666,8975.865794293344,7008.118916282346,8824.371105067168,9115.8515240619,0
2025-07-23,M7,53321.15201853861,5765.179202851488,18820.652519381263,77906.98374077138,72896.82820425252,5010.155536518854,24484.11110536551,0.0,0.0,77906.98374077138,75012.80577082063,78428.38773426882,231.23742077404796,2507.3994968785705,9827.041724647403,8353.838024697843,9115.8515240619,8678.146826580294,0
2025-07-24,M7,54752.157526072304,5267.374770480902,19614.450057287715,79633.98235384095,75087.63906351113,4546.3432903298235,22802.395175819885,0.0,0.0,79633.98235384095,76180.6186839065,80295.3335823896,1157.3176262466045,3451.4094110543956,9100.375032817572,7030.240487728954,8678.146826580294,9057.106036417283,0
2025-07-25,M7,23500.31944324459,2904.4562575498558,13022.548203411388,39427.32390420581,35281.505679130314,4145.818225075498,17305.546167964007,0.0,0.0,39427.32390420581,43742.39231467501,49542.91427065864,679.5719358715734,21110.459233539095,7163.2772448586675,5915.713710277357,9057.106036417283,8931.04032314858,0
2025-07-26,M7,24496.75984120519,3238.4551582248664,12252.898968958807,39988.11396838887,36626.90393849924,3361.2100298896257,16490.353403461628,0.0,0.0,39988.11396838887,45502.79707851566,49994.13051150182,313.03305971531375,19359.000818791657,7946.968981075696,6093.963914747515,8931.04032314858,9312.24138973059,0
2025-07-27,M7,54887.64629954763,4324.2075839618965,18112.926580430572,77324.78046394006,73795.26296575395,3529.5174981861055,21091.731585225716,0.0,0.0,77324.78046394006,73700.89499150871,78616.95350983244,385.2591240592917,3017.016200000001,9848.519114203995,8319.030728430844,9312.24138973059,8932.541116479917,0
2025-07-28,M7,54893.124543963655,5171.611706109371,19940.070494303232,80004.80674437627,75384.68554577675,4620.121198599518,23472.67200234762,0.0,0.0,80004.80674437627,75880.56406841811,80152.89582504207,324.465564069046,593.1406289474198,9209.53547859619,7929.123079903916,8932.541116479917,8410.986291767702,0
2025-07-29,M7,55073.50447717144,5448.562298748067,22238.264752988674,82760.33152890818,78523.07597525734,4237.255553650844,25521.974690803843,0.0,0.0,82760.33152890818,76441.71948205076,82588.1528533081,2041.6571031461078,1300.1881500000002,9398.283246633266,6221.22159647126,8410.986291767702,9956.97277321402,0
2025-07-30,M7,54802.89856911432,6280.396513258613,20294.178007112318,81377.47308948525,75430.07527221106,5947.397817274192,23432.847689950213,0.0,0.0,81377.47308948525,75673.94806677688,79884.94755721674,626.3431299677508,3493.836230958011,8596.698382282633,6935.184235991663,9956.97277321402,9988.241055055434,0
2025-07-31,M7,53924.614249230064,4853.062214532158,18682.426832583955,77460.10329634619,73405.021717114,4055.0815792321955,21537.152158583318,0.0,0.0,77460.10329634619,73636.8711101913,78693.00467724571,1533.6594132020007,2182.937833333334,7900.820688586774,7619.409524543054,9988.241055055434,8632.969091957915,0
2025-08-01,M7,23619.23984654408,3274.2611721308904,13485.595618716949,40379.09663739194,36706.402057437,3672.6945799549358,17928.431315678212,0.0,0.0,40379.09663739194,44282.40349927279,49780.89319435427,612.1028269477897,25595.691883333333,8447.192016758,6125.453199351518,8632.969091957915,9429.382796649537,0
2025-08-02,M7,23339.77646119349,3176.3626506568235,11295.930814354175,37812.06992620447,34911.28622151104,2900.783704693429,14929.778124040582,0.0,0.0,37812.06992620447,44719.30917435796,48176.300429806855,321.34506236978643,25615.38372926577,7156.218014163561,5843.671309325597,9429.382796649537,9377.010887923856,0
2025-08-03,M7,50438.39546274301,4297.124504540492,17112.620927213786,71848.14089449728,68197.82248408798,3650.3184104092943,19259.99215801142,0.0,0.0,71848.14089449728,70419.62008040876,75185.27693874945,1560.8932355420006,9404.208391391423,7672.398203293502,6291.702874810805,9377.010887923856,9291.388298876003,0
2025-08-04,M7,50645.86508658543,5984.620840406368,16377.671699324972,73008.15762631674,67469.45123066091,5538.706395655827,21673.70011523362,0.0,0.0,73008.15762631674,72306.99781583706,74572.84929756424,1200.2981949815207,7191.281608694524,7893.046012783607,7127.431602228735,9291.388298876003,8475.761263460443,0
2025-08-05,M7,50992.34216853776,6026.095982157513,17875.57814815037,74894.01629884563,69268.29157880846,5625.724720037164,22014.045163495626,0.0,0.0,74894.01629884563,72578.58461966831,75830.96370383148,1177.0377933927125,6719.458845646435,9214.882135895034,6432.724804436037,8475.761263460443,9621.683180837043,0
2025-08-06,M7,51834.150564948766,5996.018706599531,15576.033253141266,73406.20252468954,67857.32621490864,5548.876309780899,20582.87785873699,0.0,0.0,73406.20252468954,73240.28119291496,74452.73736158636,1090.6291035367074,5850.405455515597,7884.528320844922,8487.224784977534,9621.683180837043,7287.508908511327,0
2025-08-07,M7,51719.54894987144,5459.0479586368,17348.082790175165,74526.67969868342,70040.93846167496,4485.741237008464,21394.83120014991,0.0,0.0,74526.67969868342,74244.96666736931,76858.5430126734,1196.8916242039982,8200.990634873753,10856.71933149861,6784.04382790296,7287.508908511327,9520.729831412344,0
2025-08-08,M7,21627.165812219806,3236.873087893812,12540.282099087617,37404.32099920124,34063.07560610763,3341.24539309361,17062.944450123665,0.0,0.0,37404.32099920124,42555.07888012642,47009.33694319594,503.67782282614996,29806.720345338028,7152.045166532194,6228.277641500427,9520.729831412344,9037.261990735293,0
2025-08-09,M7,22772.191020552043,3103.6612538479467,11390.314768193066,37266.16704259306,35075.25876266615,2190.908279926909,14868.098503029074,0.0,0.0,37266.16704259306,43605.739592823236,47133.36668816509,117.92248626583293,27142.911287782117,7413.195782960895,6462.591868843748,9037.261990735293,8528.480563351488,0
2025-08-10,M7,50841.70112287632,4433.189907234828,15973.501144520233,71248.39217463134,67108.4813513885,4139.910823242841,19005.07441363942,0.0,0.0,71248.39217463134,70702.75441290716,73811.91843316657,683.2728224391608,6048.426400912748,8955.926755847515,7180.32659603284,8528.480563351488,8610.673981355549,0
2025-08-11,M7,50244.30053929965,3612.570758434131,15643.059085969071,69499.93038370284,67006.60853652962,2493.3218471732253,17695.23906508504,0.0,0.0,69499.93038370284,69375.74758391385,74427.48957079143,658.5099721547649,7215.116175087419,9735.000949967856,7742.390859751948,8610.673981355549,8769.518325491114,0
2025-08-12,M7,50201.06874923328,4355.23528347281,18213.450178418472,72769.75421112456,68557.24566366701,4212.508547457546,21519.71895756312,0.0,0.0,72769.75421112456,69933.29575784571,75108.72224866744,879.8696799376645,5928.923787832398,8420.124662632808,7880.739531735406,8769.518325491114,7591.253264376855,0
2025-08-13,M7,52340.198875878224,3926.534361452559,14668.215446216716,70934.94868354747,67600.64025942127,3334.3084241261968,17462.96375401714,0.0,0.0,70934.94868354747,72438.34252402413,76085.23194316015,1563.3709564883416,4935.571540534978,10339.093502875547,6873.78350673872,7591.253264376855,9258.90018725516,0
2025-08-14,M7,50311.00285726732,4203.862822724238,16689.781710568328,71204.64739055987,68084.84011448076,3119.807276079111,19218.53955789698,0.0,0.0,71204.64739055987,69394.50913098716,73944.33562131137,814.8640474352505,6031.754533333333,9688.333509191847,8516.907451982383,9258.90018725516,8515.169843325171,0
2025-08-15,M7,22742.835283432512,2799.660921287824,12062.3225003116,37604.818705031925,34699.94685375785,2904.8718512740743,15342.823687360935,0.0,0.0,37604.818705031925,42939.87858934726,48019.13313875814,54.05484580379409,28866.75630531984,8292.070572424955,6353.47546812378,8515.169843325171,8918.616171703428,0
2025-08-16,M7,22253.81108529641,2806.0037018096637,12719.640037130304,37779.45482423639,34583.456761714275,3195.998062522114,16722.75709431598,0.0,0.0,37779.45482423639,41922.65643676558,47654.30511129777,134.90097687755974,29076.49281668969,7644.135135254295,6130.504184190443,8918.616171703428,8986.666477665129,0
2025-08-17,M7,49781.754512778774,4795.896796224443,16781.624052123014,71359.27536112625,66645.71468518935,4713.560675936897,20243.26445570145,0.0,0.0,71359.27536112625,70044.3533172512,73558.12004259761,540.2166004322012,7981.433273858368,9358.525989972077,7487.4494383317,8986.666477665129,9089.95160382699,0
2025-08-18,M7,50535.498832537036,4273.179856370725,17411.740748908956,72220.41943781672,67121.08223770234,5099.3372001143725,20240.90587403568,0.0,0.0,72220.41943781672,68670.47985315796,74473.32217821683,561.1452944416246,7740.633522713224,9538.157330449872,7760.729586054551,9089.95160382699,9051.26032783793,0
2025-08-19,M7,51021.5990666677,4275.705217588977,16913.977800054032,72211.28208431076,67278.67527476672,4932.606809544042,19565.939892457012,0.0,0.0,72211.28208431076,69976.2880008006,75282.76902503683,1213.1607948039095,8139.900948161057,8300.53416902163,6688.486936949759,9051.26032783793,9090.088927790986,0
2025-08-20,M7,51687.35440493275,5012.896116968455,16540.99256913262,73241.24309103383,68589.70397369939,4651.53911733444,19782.112516295492,0.0,0.0,73241.24309103383,72437.7690472824,74461.9313918215,72.61681478245424,2574.1260283220176,10325.714018988832,9161.216536938477,9090.088927790986,8204.102059393741,0
2025-08-21,M7,51466.3039489926,4551.366614051213,16692.57155798706,72710.24212103087,67630.2712201775,5079.970900853368,20291.481197897003,0.0,0.0,72710.24212103087,72635.90534011592,76209.17542666371,1741.2555974241293,6043.806214872648,9534.864180067305,6955.169049033697,8204.102059393741,9057.514211416874,0
2025-08-22,M7,22527.180886543927,3161.932688376756,12622.835413375242,38311.94898829593,35591.59783652395,2720.3511517719817,17206.97370837926,0.0,0.0,38311.94898829593,42673.349556190224,47623.64885706794,8.526512829121202e-14,25707.23230579298,7519.325869710423,6833.478718435456,9057.514211416874,8232.153362561301,0
2025-08-23,M7,23366.341129672663,2748.373567402272,11098.262292389398,37212.97698946433,33808.05462044872,3404.922369015614,14185.126773871543,0.0,0.0,37212.97698946433,45336.57820727795,49063.544390781775,2.572233973529059,24323.91866680765,8266.785157946824,6059.737817946225,8232.153362561301,8939.217984773197,0
2025-08-24,M7,51381.23930874627,4708.190010871729,17142.060001939986,73231.48932155798,68048.74129208871,5182.748029469265,19529.49945161628,0.0,0.0,73231.48932155798,71278.81740455485,75002.34461451654,304.8492445648947,9203.902758885502,8887.582292300027,7127.57916456722,8939.217984773197,9018.50964276853,0
2025-08-25,M7,51369.503704775125,5567.929171091348,17539.656097444058,74477.08897331054,69679.58235268222,4797.506620628323,23068.56476703446,0.0,0.0,74477.08897331054,74372.26820085125,75751.18467351364,790.7884426157067,3360.3812137921086,9069.768150120544,8242.840149681386,9018.50964276853,8022.589700453251,0
2025-08-26,M7,52416.13397020313,4482.545030591596,16631.391472371582,73530.07047316631,69347.66010309552,4182.410370070793,19288.176645113374,0.0,0.0,73530.07047316631,73417.52276544011,77116.12089981712,1137.9490635637258,7276.910401789795,9792.137650808721,6619.694599678445,8022.589700453251,9480.297364316159,0
2025-08-27,M7,51790.34012090781,4736.584459618055,17702.057316663726,74228.9818971896,69294.56879533673,4934.4131018528715,20379.189220461263,0.0,0.0,74228.9818971896,71658.9471064,76283.65263837168,1257.1581425345971,5950.510359045678,8553.111467480638,7391.2761973559,9480.297364316159,8965.568576875507,0
2025-08-28,M7,52269.467621076714,4281.620481941092,17591.909169574916,74142.99727259271,69847.53233424945,4295.464938343255,20120.41839879303,0.0,0.0,74142.99727259271,71607.5558303388,76880.54517347383,1122.5231960096144,2915.7434039038326,9811.983554453407,7737.49996422635,8965.568576875507,9199.13159340984,0
2025-08-29,M7,23252.451293604754,3353.966414530256,12082.666774893118,38689.08448302813,35439.777065617876,3249.307417410251,16526.23094575526,0.0,0.0,38689.08448302813,44896.97654290068,48752.42285108125,656.2021407402499,24177.982588946958,7427.148968540239,6064.131197146189,9199.13159340984,9145.642112711399,0
2025-08-30,M7,23769.22097134244,2553.4639119735157,11511.22706755747,37833.91195087342,35643.922192032136,2189.989758841286,14341.209333974191,0.0,0.0,37833.91195087342,44369.72652654046,48905.24097000989,366.13249290654244,28969.470299999997,7275.003243979508,6218.084900209496,9145.642112711399,8784.161809837957,0
2025-08-31,M7,50175.80021340817,4880.940394426086,17588.07510386197,72644.81571169618,68114.08517046508,4530.730541231096,21122.980698841817,0.0,0.0,72644.81571169618,71542.63334071747,75525.97536527908,1029.3626201654247,5627.436168576291,9548.216644048938,7325.663150844897,8784.161809837957,9237.931066321005,0
2025-09-01,M7,42165.76384521829,5866.1643297778355,16054.609234155123,64086.53740915127,59445.9843461731,4640.5530629781715,25840.026398187478,0.0,0.0,64086.53740915127,72521.72137848608,72449.03091497294,7865.428500762762,8215.000739801058,7308.447898761615,4513.9807576858175,9237.931066321005,10800.0,0
2025-09-02,M7,38198.12239865821,4290.873493983426,16001.783355462685,58490.77924810433,53653.743238608076,4837.0360094962525,21479.938098158447,0.0,0.0,58490.77924810433,61879.08453796319,66121.90572463555,3264.5350798328514,7073.165099945791,9086.577341352218,7360.1276464952925,10800.0,10800.0,0
2025-09-03,M7,38311.99704425857,4770.543067619488,16505.087348389927,59587.62746026798,54934.78871688677,4652.8387433812095,22004.018231271562,0.0,0.0,59587.62746026798,61694.37086725851,65066.216621384265,1082.9867520152773,7239.792740578838,7784.571717116285,6588.851838326136,10800.0,10485.168058375626,0
2025-09-04,M7,37944.85452439055,5092.132318469097,15799.328900889812,58836.315743749445,53563.999201916275,5272.31654183317,21140.525515472676,0.0,0.0,58836.315743749445,62526.12915291714,64772.81266432845,1212.8374582189845,8007.006703886166,9304.944352563103,7677.5414003398055,10485.168058375626,10329.016419749301,0
2025-09-05,M7,15463.721192199118,3178.145259958121,10928.468855862358,29570.335308019596,26738.090875255813,2832.2444327637822,17789.627488611455,0.0,0.0,29570.335308019596,38032.2030313198,41233.46282255395,2097.0848219602194,30771.359108292057,6636.367432148535,5095.61020651353,10329.016419749301,10639.95799033462,0
2025-09-06,M7,15277.706070646256,3347.906780961511,11103.982971560721,29729.595823168485,26289.62891071104,3439.9669124574466,17629.75683307881,0.0,0.0,29729.595823168485,38219.48728779417,41025.567437296995,2126.4879099884797,29769.8771180092,6653.057371581384,5244.93866228207,10639.95799033462,10800.0,0
2025-09-07,M7,35450.02288889706,3306.644719203419,17092.278317965163,55848.94592606566,51566.75728611183,4282.188639953827,20436.645226050627,0.0,0.0,55848.94592606566,55594.20524642959,62923.26525070621,1023.7015568836259,5293.471833333334,9558.344067149766,7913.2358233271825,10800.0,10610.025412293478,0
2025-09-08,M7,31672.04057197749,2617.257835040952,18581.83985400128,52871.13826101972,49323.42905607769,3547.7092049420244,18629.15609455432,0.0,0.0,52871.13826101972,51416.27844340255,59294.07084836566,3.979039320256561e-13,2859.8472079945163,9604.748303210656,12566.094196172839,10610.025412293478,5291.972000546585,0
2025-09-09,M7,35757.12502981229,2800.813843687205,18200.98113543046,56758.92000892994,52819.70282999814,3939.2171789318018,19253.99686249777,0.0,0.0,56758.92000892994,58799.036466016834,66642.20902719541,403.1974018586705,8662.95095584924,13830.923009084583,9357.69660626374,5291.972000546585,7342.3620350963365,0
2025-09-10,M7,36864.3903459776,2990.0577541696607,18669.25547630493,58523.70357645219,53760.69223034633,4763.0113461058645,21282.177317306472,0.0,0.0,58523.70357645219,58435.13496658357,66939.48227791462,2.2737367544323206e-13,1867.0794279730535,13565.368872565587,9808.964672624013,7342.3620350963365,8652.344384156457,0
2025-09-11,M7,36577.352086018065,4155.9602282605465,17293.77509513564,58027.08740941425,54679.800123749475,3347.2872856647737,21320.97115133905,0.0,0.0,58027.08740941425,61038.86552721176,65333.650313852726,492.93474792508204,8975.587035014092,10565.815200265944,8196.772452685724,8652.344384156457,9054.053116967221,0
2025-09-12,M7,14647.321910907796,1399.3768220991678,11071.215122037765,27117.91385504473,24914.91083781664,2203.003017228093,14378.962959364351,0.0,0.0,27117.91385504473,34650.60122483511,41093.84471700255,638.2870072373744,26541.05562951043,8352.949587281924,5990.103707027172,9054.053116967221,9916.036959935202,0
2025-09-13,M7,15533.47136242978,1896.5040520518164,9617.931944089885,27047.90735857148,24464.614102667598,2583.293255903882,12720.284371130538,0.0,0.0,27047.90735857148,38010.38135878671,40981.16365225577,1180.1588141022253,30168.887637149714,7654.979536758911,6029.96381908841,9916.036959935202,10105.558744031105,0
2025-09-14,M7,37899.27515337373,2973.7250687068163,16246.475356207791,57119.47557828832,53585.21087332263,3534.2647049656953,18323.455951952856,0.0,0.0,57119.47557828832,59954.45229030904,65272.77912271989,557.276592024517,4130.626066666668,8728.683312699577,8243.131598670863,10105.558744031105,8802.338615826437,0
2025-09-15,M7,37516.74072920788,2759.979823460716,15658.163992499636,55934.88454516819,51471.684551614795,4463.199993553397,16410.13214312049,0.0,0.0,55934.88454516819,59741.367067244864,64958.581881719634,123.23734123157294,8402.134134928674,10347.464811503256,8981.285039277194,8802.338615826437,8135.851346982487,0
2025-09-16,M7,39861.95058598734,3072.142698017424,17200.46244849398,60134.55573249872,55128.01890176851,5006.536830730205,18714.914696688993,0.0,0.0,60134.55573249872,63174.07445500168,69140.54309063691,1688.5956406396915,5644.586269911984,10299.196554359265,7983.605357607353,8135.851346982487,8534.455626342104,0
2025-09-17,M7,39897.27876293381,3834.85084606842,15138.217660504071,58870.347269506274,53955.61192024706,4914.735349259216,17911.18424067801,0.0,0.0,58870.347269506274,64606.24024357817,67655.81591837315,525.4512186032531,5025.574333094621,10097.140261707098,7952.468295031818,8534.455626342104,8785.805978509805,0
2025-09-18,M7,38406.155457121284,3798.828066173401,16549.88743044411,58754.870953738806,53692.882923223915,5061.988030514891,19501.65037692305,0.0,0.0,58754.870953738806,62468.3373640547,67294.08131402207,879.1982827412968,5711.3068,9962.668062988394,8215.142948374267,8785.805978509805,8624.270625894616,0
2025-09-19,M7,14728.651803100798,1345.3321106579008,10831.93353850272,26905.917452261412,24492.130441640107,2413.787010621305,13447.086034927745,0.0,0.0,26905.917452261412,34718.34258741521,40497.4740562214,13.846196074681785,22513.526471104673,8370.365904507913,6501.61683213253,8624.270625894616,8933.581237582257,0
2025-09-20,M7,14622.863750919769,1545.6060970877802,10069.56577004395,26238.0356180515,23632.0442427968,2605.9913752547,12443.821839167018,0.0,0.0,26238.0356180515,35812.2876366664,40198.714403751655,0.0,22873.91503552552,8624.842147220894,6945.476512328086,8933.581237582257,8978.743045272084,0
2025-09-21,M7,40528.04401652213,3482.968829409418,15620.97695535758,59631.98980128913,55266.64777607511,4365.34202521402,18417.031279434676,0.0,0.0,59631.98980128913,64562.650904226546,68998.54210468243,3447.2354990198255,5608.420673464269,9173.922547012651,7518.524098147647,8978.743045272084,8881.35767297497,0
2025-09-22,M7,40841.1135980114,2947.408971307894,15816.167922937411,59604.69049225671,55407.67171418086,4197.01877807585,17731.210431286287,0.0,0.0,59604.69049225671,64019.88378268873,68452.0630634096,1103.598899749536,5213.787849999999,9757.136462320706,8236.480031993964,8881.35767297497,8511.136009070317,0
2025-09-23,M7,40804.55504233431,4443.007065842001,17225.018091410897,62472.58019958723,56991.950366623285,5480.629832963947,20662.06019416223,0.0,0.0,62472.58019958723,66566.33890575585,69875.12562503676,818.4645180521334,5015.5923030636695,9904.321172898379,7979.867952310758,8511.136009070317,8558.505117666913,0
2025-09-24,M7,40528.73514335937,4822.932797824469,15126.391996439646,60478.05993762347,55348.722508787534,5129.337428835934,19089.308465341397,0.0,0.0,60478.05993762347,67211.2517644784,68786.74158079122,801.9468263224567,4110.632929991877,11680.661367428555,8869.724642951667,8558.505117666913,9215.850745072983,0
2025-09-25,M7,41697.78168249087,3459.5999952648813,14802.349909996476,59959.73158775222,55123.235933987184,4836.495653765036,17327.206648214324,0.0,0.0,59959.73158775222,65598.25178689955,69147.06789485572,1589.6346985517396,5756.411425420742,9541.94593511923,8076.373064235981,9215.850745072983,8829.854237529195,0
2025-09-26,M7,14977.573842250718,1640.9784218661034,9848.626325521149,26467.178589637977,23288.71598915531,3178.4626004826678,13349.186518885803,0.0,0.0,26467.178589637977,36429.528565801855,40991.21812136387,574.2862771466041,20966.482437741834,7766.876498163581,6010.670591688153,8829.854237529195,9141.520206222916,0
2025-09-27,M7,15120.725746614798,1363.2920530806705,11095.937808414576,27579.955608110045,25185.395486772813,2394.560121337232,13720.115947506714,0.0,0.0,27579.955608110045,34522.188293347404,40832.80006167533,0.0,22240.309160074386,7931.283888501095,7140.09523690015,9141.520206222916,8346.236553762634,0
2025-09-28,M7,41403.287564572005,4794.457084809055,17430.4314784537,63628.17612783475,57284.60783153183,6343.568296302918,20530.88646329854,0.0,0.0,63628.17612783475,68697.49902233359,70971.17525763344,981.6986748689919,3712.184948784111,10331.057570492607,7541.395103178931,8346.236553762634,9264.86047478495,0
2025-09-29,M7,41867.281553310066,3546.9993300358565,15313.804951299493,60728.0858346454,57195.24504310542,3532.8407915399803,18550.96824618319,0.0,0.0,60728.0858346454,65764.30854639492,68836.64068530056,390.7890658448426,4015.8979350778636,9867.498270059672,8197.43618568181,9264.86047478495,9037.346489303309,0
2025-09-30,M7,41446.307508850594,4948.4715616790845,18234.25402067458,64629.03309120423,58147.539800209976,6481.493290994251,22843.27339924408,0.0,0.0,64629.03309120423,67321.14064248715,71256.87087285527,57.72580481130389,3438.2184802834568,11068.138008535607,8729.386187441762,9037.346489303309,9299.352710938945,0
2025-10-01,M7,39824.583481470945,4967.603329340162,13499.135473161998,58291.32228397312,53386.1616795038,4905.160604469318,20348.967234700896,0.0,0.0,58291.32228397312,67411.26421056483,68081.31053305187,3533.1655109565395,11715.399406094788,9582.323802696174,6411.099720028949,9299.352710938945,10800.0,0
2025-10-02,M7,37476.374486120345,3515.562573396631,14560.41987208031,55552.356931597285,50924.23896526438,4628.117966332902,18023.937119357866,0.0,0.0,55552.356931597285,61367.62743075417,64804.20400452056,2756.966065073328,8583.725266666666,9119.62924270473,7386.899686590827,10800.0,10800.0,0
2025-10-03,M7,13474.315426873205,1456.9601945858224,8815.194465934908,23746.470087393936,20708.422942865654,3038.047144528282,11576.036982325162,0.0,0.0,23746.470087393936,33782.73666294114,37292.65226714857,588.4363936120685,27607.289401617112,6735.646167996812,5455.873396077417,10800.0,10800.0,0
2025-10-04,M7,13045.15495768891,1523.0544465614971,10995.482578848783,25563.691983099197,23819.548866785903,1744.1431163132947,13505.615330755023,0.0,0.0,25563.691983099197,32591.871424987818,37830.44082475927,404.9012719754613,23214.922756673906,7095.503335652385,5980.8689728758145,10800.0,10540.543032225129,0
2025-10-05,M7,37011.48606412971,3788.0010677358914,14827.96129023832,55627.448422103924,51153.44328933071,4474.005132773214,18404.960619793692,0.0,0.0,55627.448422103924,61193.928975834075,64005.14693284068,477.811452471615,7023.838085017198,8882.397577994234,7114.861249309019,10540.543032225129,10629.29946429881,0
2025-10-06,M7,35956.71896227642,3840.607015364049,15938.167362682112,55735.493340322595,50509.13696006276,5226.356380259836,18963.245273225795,0.0,0.0,55735.493340322595,58988.99476699704,63178.19402062322,41.93565222827624,4301.666371468464,9620.686724755338,8519.203977828853,10629.29946429881,9822.135318991006,0
2025-10-07,M7,36677.79142454957,4820.710856846378,16270.352145325478,57768.854426721424,53428.17318618726,4340.6812405341625,20097.900433901465,0.0,0.0,57768.854426721424,63571.43666913251,65522.31958385454,185.99744519687334,5013.026613790955,10974.608610464471,8422.876085597754,9822.135318991006,10340.531862189304,0
2025-10-08,M7,33806.493571045736,3299.1533656356564,15477.06667054512,52582.7136072265,48000.29778632785,4582.415820898648,16873.697232619226,0.0,0.0,52582.7136072265,57782.97096530258,61391.20753744278,252.40264727038166,4521.12750874414,10037.158491918419,9897.976777156819,10340.531862189304,8376.222530297196,0
2025-10-09,M7,35908.44837167804,3204.390061239288,13967.446146742415,53080.28457965974,49820.32107835465,3259.9635013050865,16366.558155375302,0.0,0.0,53080.28457965974,61436.96608627498,63526.31704094463,3.126388037344441e-13,5869.669231741798,11784.211753017855,9887.545627148344,8376.222530297196,7995.851300070666,0
2025-10-10,M7,14448.828644756513,1416.5613730065154,7953.552477429543,23818.942495192554,21631.476484222952,2187.4660109696015,10520.96404665372,0.0,0.0,23818.942495192554,36872.9276062624,39197.70877395077,2.842170943040401e-14,26772.725131613006,9671.510164714244,6590.137439043152,7995.851300070666,9377.83551604332,0
2025-10-11,M7,13888.103090347455,1277.861715868024,9521.336019896265,24687.30082611175,22448.523315473314,2238.777510638436,11566.427167324147,0.0,0.0,24687.30082611175,34309.17125652935,38652.60187699133,69.78782308823565,22598.484678323668,8228.419371770438,6350.403579524349,9377.83551604332,9727.408973387439,0
2025-10-12,M7,36139.4311207989,3498.231394505577,14974.219255325626,54611.88177063011,51764.717768693044,2847.164001937068,16926.494388728435,0.0,0.0,54611.88177063011,62525.211017454305,65134.31669522573,1082.8174920366903,4602.580773474871,9588.479475736576,8654.51702935574,9727.408973387439,8740.910468932867,0
2025-10-13,M7,37761.72891918344,4716.214192794116,14339.535530488642,56817.47864246619,52937.27531847416,3880.2033239920274,18482.704551448125,0.0,0.0,56817.47864246619,67138.56651894966,66508.87068262011,694.3645409305097,6115.433283333333,11163.86878102506,8492.191222668787,8740.910468932867,9352.624346667873,0
2025-10-14,M7,38717.946685749834,5171.929697953509,13553.515353208397,57443.39173691174,51842.24349172709,5601.148245184653,18717.073876871385,0.0,0.0,57443.39173691174,67589.99276033211,66310.33580167408,336.17378099240597,3530.0266333333334,10826.196340907934,9155.890236892914,9352.624346667873,8922.989679159555,0
2025-10-15,M7,37639.027029843855,4769.123796861976,14628.21309272591,57036.363919431744,52941.20326370284,4095.160655728905,19201.684800223848,0.0,0.0,57036.363919431744,66433.51769898298,66249.12503124535,217.7383460231846,3081.0801650552894,10091.070033017106,9060.78716285024,8922.989679159555,7937.411416819129,0
2025-10-16,M7,39933.650455487405,4012.1729769152353,13757.15166923594,57702.97510163858,54902.646745284306,2800.328356354272,16520.157425727397,0.0,0.0,57702.97510163858,68845.82738703236,68967.51192726046,431.05395722800444,3667.4941363036387,11693.160998648495,9790.670114919656,7937.411416819129,7582.733965692049,0
2025-10-17,M7,15596.843317752055,1207.1219732675493,8322.27225176196,25126.237542781568,23499.403475952306,1626.8340668292622,10243.18251516605,0.0,0.0,25126.237542781568,38534.87744876144,41491.7971952187,376.186694404184,21570.07137550389,9393.81387837718,5852.4740697332145,7582.733965692049,9534.41748986127,0
2025-10-18,M7,14390.929968021328,1746.7503509416747,8433.019771260677,24570.700090223665,21361.436455859654,3209.2636343640115,11671.865473292917,0.0,0.0,24570.700090223665,36142.10921314807,38820.737281092006,0.8708280074288837,21110.872791464957,8167.3497709679805,6534.949376015026,9534.41748986127,9623.97742149353,0
2025-10-19,M7,39216.550917079425,4674.270230829799,15456.625130340995,59347.44627825023,54961.19076055982,4386.255517690413,19138.945521902624,0.0,0.0,59347.44627825023,66903.93225646779,67721.45394010385,479.61856080715756,3213.2054637181527,10042.599845594494,9899.692463349289,9623.97742149353,7662.658989918267,0
2025-10-20,M7,40854.09537867333,4370.6415720615,14819.213757694552,60043.95070842938,57438.12337714196,2605.8273312874226,17886.70767164111,0.0,0.0,60043.95070842938,70929.40019863701,71214.63912476727,953.3086554991421,2585.116525145698,12391.639748998297,9156.208171542523,7662.658989918267,8641.570128969493,0
2025-10-21,M7,40730.29846720899,4784.100814175698,14628.26115193099,60142.66043331564,57547.45859425036,2595.201839065281,18810.513263471705,0.0,0.0,60142.66043331564,70481.3653350571,70463.90930588412,284.5149683660974,1443.2511818818075,11568.777509622456,9295.215703986223,8641.570128969493,8725.452438756125,0
2025-10-22,M7,40064.87037361474,5379.648977498016,15009.729220352312,60454.2485714651,55636.210750737126,4818.037820727972,19995.81284339574,0.0,0.0,60454.2485714651,70263.93978880509,69779.02846726614,713.2576677096257,2229.5751229740968,11780.267317135984,10498.968340553558,8725.452438756125,7662.172645785668,0
2025-10-23,M7,40244.90542066921,6150.0728283284425,14689.527976281272,61084.506225278936,56253.33127570734,4831.174949571592,21115.545790823202,0.0,0.0,61084.506225278936,73123.74619831993,70379.26574852108,865.0805810136044,2748.274614072336,12661.769448543682,9275.355928441882,7662.172645785668,8751.814117872897,0
2025-10-24,M7,15397.40299701878,1852.140662192205,8264.243939439611,25513.78759865059,22854.60631098487,2659.1812876657204,11483.832221730343,0.0,0.0,25513.78759865059,38736.193755654764,40519.489389333525,99.53142544567663,19890.125032183736,8786.549138916089,6676.766923878644,8751.814117872897,9241.078427476667,0
2025-10-25,M7,15062.465700338445,1634.3564708456017,8490.910593670795,25187.732764854845,23625.74610206617,1561.9866627886768,11373.344797012644,0.0,0.0,25187.732764854845,36923.39980744665,39758.1381499836,2.025210642173107,18853.479491694336,7985.348570238668,6481.147855924913,9241.078427476667,9226.61674521934,0
2025-10-26,M7,41043.68806865761,5045.1900501826785,14109.174198053983,60198.05231689428,55280.08942641457,4917.962890479714,18770.79944127123,0.0,0.0,60198.05231689428,70244.88535012005,69188.86695919807,662.5728514207569,2399.55073958473,10176.906378297284,8594.475026771359,9226.61674521934,8836.41578927427,0
2025-10-27,M7,41240.280508259944,4868.3052309386385,14667.289193937127,60775.87493313569,57214.63755321179,3561.2373799238994,18854.566987671988,0.0,0.0,60775.87493313569,70447.6739654585,70431.28303535999,1071.4549772095554,4492.36722138893,10734.248421094515,9419.369250999684,8836.41578927427,8031.273533815246,0
2025-10-28,M7,42276.04952377646,6115.97470280901,13190.176046048538,61582.200272634,56895.30183714221,4686.898435491792,19739.240845147382,0.0,0.0,61582.200272634,73683.60834482849,71124.74469276927,812.5379048326438,1451.0966713991766,12698.47215776774,9809.783741230298,8031.273533815246,8560.138763328107,0
2025-10-29,M7,42022.74613222386,5698.737308470384,16506.750659355246,64228.23410004948,59395.44413827011,4832.789961779366,21469.4077239887,0.0,0.0,64228.23410004948,72640.56835761944,73009.916002177,383.6160805769082,758.7644497166854,12541.948283288408,9986.669611404992,8560.138763328107,8751.592650059909,0
2025-10-30,M7,41342.86972807911,6308.272728971674,15497.470311684987,63148.612768735744,58176.63556073784,4971.977207997901,21353.250133863818,0.0,0.0,63148.612768735744,72350.29292693464,70487.06825641567,910.7167981670968,2709.498724860797,11248.685461931713,9169.650378543927,8751.592650059909,8686.909145194088,0
2025-10-31,M7,16433.606058845653,1965.59759883017,9117.931949057167,27517.13560673299,24857.757743366463,2659.377863366528,12118.715916411666,0.0,0.0,27517.13560673299,40768.87615486436,42473.6916157587,2.842170943040401e-14,16209.269243689827,7771.0717386086135,5410.941433206412,8686.909145194088,9668.716561934714,0
2025-11-01,M7,16192.078476029892,1916.912136810263,8372.00808535986,26480.99869820002,25496.957837557202,984.0408606428173,10989.007615543629,0.0,0.0,26480.99869820002,40400.71209535243,41736.864905887465,272.21656849044945,17297.626424440394,6795.406779682619,5172.4233000593285,9668.716561934714,10037.445663583152,0
2025-11-02,M7,42657.227356911324,5962.511027354143,17060.055050584095,65679.79343484956,59209.18803759448,6470.60539725508,23341.2515800057,0.0,0.0,65679.79343484956,70708.84481051072,71778.80883354909,700.4867038748298,1214.5422333333331,10648.780164277046,9581.384201269455,10037.445663583152,8975.365365577547,0
2025-11-03,M7,42916.21685252215,5195.287046430996,17699.764260073498,65811.26815902666,61984.54052233402,3826.727636692638,21632.717186303664,0.0,0.0,65811.26815902666,72705.98582852056,73667.472316077,712.9825091498158,1297.1087375556892,10781.437273459338,8628.98648742118,8975.365365577547,9090.89614788964,0
2025-11-04,M7,42361.0132859366,6529.02580436342,17016.625402027323,65906.66449232736,59667.655408753446,6239.00908357391,23149.902674279543,0.0,0.0,65906.66449232736,72886.3995436214,71993.92237151868,610.8230603122712,2416.0670646047006,10692.322422203746,9305.362208935367,9090.89614788964,8374.694984611484,0
2025-11-05,M7,43888.8545236534,6198.514641802628,16564.317986052843,66651.68715150887,61369.248077460805,5282.439074048067,23025.158731670046,0.0,0.0,66651.68715150887,73995.57233926727,73979.28901662523,235.61967373501955,1106.9973999999997,12812.214088059936,9853.562211836394,8374.694984611484,8957.285206269431,0
2025-11-06,M7,43218.32647005956,5869.857087719083,18305.07957443176,67393.26313221044,61919.26768290282,5473.995449307622,23846.408116837112,0.0,0.0,67393.26313221044,71801.66241329194,74184.3031850918,887.8525871599938,184.9767166666668,12615.856618965981,10873.96728770083,8957.285206269431,8229.370288115666,0
2025-11-07,M7,17169.965734618727,2567.1211473208477,8781.45649698077,28518.54337892034,25868.59194615336,2649.951432766982,12207.573043567556,0.0,0.0,28518.54337892034,43712.02945828749,44047.7843314223,527.7707454884423,17093.16184968198,8764.301892744019,5655.911939825468,8229.370288115666,9832.89539177921,0
2025-11-08,M7,16542.97860944995,2597.8569325385793,8489.083497260011,27629.919039248543,25504.456329433204,2125.4627098153396,12666.888636839687,0.0,0.0,27629.919039248543,41444.62511180526,41617.51845105662,412.652559861098,15988.411892274144,6948.392682796988,5523.145783875619,9832.89539177921,9949.620157545818,0
2025-11-09,M7,43386.482212217226,5888.532788174516,17392.912962838298,66667.92796323005,61345.63007409775,5322.297889132293,22347.76902733485,0.0,0.0,66667.92796323005,72893.8906658446,73065.6983784026,439.1105821620956,941.823364591799,10293.428237981387,9955.480989666004,9949.620157545818,8152.060027655732,0
2025-11-10,M7,44931.09112226948,6389.024879788863,19280.698189152397,70600.81419121077,64860.00656276877,5740.807628441995,24933.255285685038,0.0,0.0,70600.81419121077,75985.06825697776,77338.74784679271,381.37825517267447,364.8858845085118,13137.766592333744,10403.7259852222,8152.060027655732,8416.354421620325,0
2025-11-11,M7,45097.85423432611,6355.717513630881,17704.2764001696,69157.84814812662,63321.22555169351,5836.62259643311,23933.647425990894,0.0,0.0,69157.84814812662,74962.4213321145,75471.62675499407,611.6215038217715,1077.2528999999995,12288.798217101097,10065.065532595465,8416.354421620325,8292.866669683019,0
2025-11-12,M7,45726.919427804394,6585.968645908977,17410.117738545297,69723.00581225866,62701.405096830014,7021.600715428649,24801.1966717549,0.0,0.0,69723.00581225866,75801.7356347997,75685.92150689298,450.36148038481355,1346.9846833333334,12458.019937439096,9525.432344264267,8292.866669683019,8921.270897529019,0
2025-11-13,M7,44550.59804701118,6363.577056958183,17236.64664611256,68150.82175008194,62459.30867872539,5691.513071356552,23652.85130048842,0.0,0.0,68150.82175008194,73813.9251621365,74103.6140075264,124.10311622679293,363.861633333333,11651.94114688786,10432.163205588251,8921.270897529019,7816.725479074486,0
2025-11-14,M7,16899.98985733828,2620.8198456001196,8808.851844982482,28329.66154792088,25638.83400466125,2690.827543259631,12973.227834698131,0.0,0.0,28329.66154792088,43075.042432318995,43720.497146082445,47.21545644771453,12743.220864755232,9453.94664583894,6122.341120959439,7816.725479074486,9522.67621481905,0
2025-11-15,M7,17818.48072471258,2190.982889828653,8093.118648228894,28102.582262770127,25781.061477912834,2321.5207848572936,11653.64312869232,0.0,0.0,28102.582262770127,41487.295389777835,42574.872888539496,169.0402979210353,12560.534078648605,7542.112526345634,5908.700931042443,9522.67621481905,9745.354231816293,0
2025-11-16,M7,45691.75801640723,6288.901722136385,18690.1751403566,70670.83487890019,65333.91873560568,5336.916143294511,23926.779214660255,0.0,0.0,70670.83487890019,75405.70566787777,76781.78165139287,730.0444826292869,404.4792650704958,11366.250530153364,10153.537009793607,9745.354231816293,8693.271920294757,0
2025-11-17,M7,46225.0364638849,6806.3462093772505,20093.418935335078,73124.80160859723,65870.54868871014,7254.252919887091,26666.123875188434,0.0,0.0,73124.80160859723,76632.93451367627,77577.55085279727,1252.4509562331405,943.9378833333333,11858.84087543716,9173.4331955397,8693.271920294757,9173.525157588538,0
2025-11-18,M7,45782.1625675981,6235.030844113306,18655.89195767061,70673.08536938204,64563.40347941189,6109.681889970147,24651.54346919322,0.0,0.0,70673.08536938204,74866.2951372593,76738.5432853568,192.37666463688265,0.0,11659.755085393432,10004.140298006827,9173.525157588538,8551.593292212818,0
2025-11-19,M7,46889.113928567815,6402.285945575507,21295.45622629825,74586.85610044155,68390.06454353817,6196.791556903379,26760.73173439986,0.0,0.0,74586.85610044155,76201.02459172328,78944.42362279515,402.1106136008933,606.597083333333,12562.397751616492,9994.99342575555,8551.593292212818,8752.203017828164,0
2025-11-20,M7,46464.94021450819,6425.715365378255,18263.651487766452,71154.30706765292,65314.946485821514,5839.360581831403,24402.29572957778,0.0,0.0,71154.30706765292,76409.61669448004,77033.75096751514,268.11880042474945,288.71074999999985,11707.552567350871,10023.707183593804,8752.203017828164,8151.547902228611,0
2025-11-21,M7,18501.23318881785,3554.5548390105746,7922.407940515398,29978.195968343804,27096.304577058174,2881.8913912856297,13885.483808501036,0.0,0.0,29978.195968343804,47344.89441053106,45254.22722199034,973.6515308835665,12193.465855805902,9059.67603154952,5836.95026291531,8151.547902228611,9819.756038495063,0
2025-11-22,M7,18522.91430840572,2791.3826133269627,8573.794237192573,29888.091158925257,26817.74925211686,3070.3419068083967,14265.857255753755,0.0,0.0,29888.091158925257,42340.98058551793,43167.197706889594,475.4167448521829,11369.970912953399,7158.979433588701,6056.998867838021,9819.756038495063,9532.838786682643,0
2025-11-23,M7,46793.25615863876,6632.581855201301,20531.250123360092,73957.08813720016,67567.07622161949,6390.011915580675,25942.998055490098,0.0,0.0,73957.08813720016,76516.08215130483,78389.62439795805,876.9071754387753,469.0082336862381,11914.82603391048,10103.21332841078,9532.838786682643,9030.389630078993,0
2025-11-24,M7,47088.50950645133,6456.2536352890465,16217.309322774556,69762.0724645149,64392.885772232155,5369.186692282747,22923.895975292853,0.0,0.0,69762.0724645149,76710.7010659985,76052.60094658477,130.3163027044637,588.8579418666773,11421.440379391803,10249.957377378161,9030.389630078993,7920.844441111432,0
2025-11-25,M7,49004.74576044013,6330.396987949746,17710.00404177064,73045.1467901605,67442.21612665066,5602.930663509847,23929.21044776282,0.0,0.0,73045.1467901605,79726.7054006776,80376.52545120855,555.6460306523938,125.73929900639496,13358.405813179023,9831.926158295912,7920.844441111432,9019.047274865978,0
2025-11-26,M7,48032.617912958834,6541.671928035429,20391.60569472802,74965.89553572227,68656.16205065082,6309.733485071454,26043.478180726535,0.0,0.0,74965.89553572227,78084.8973538514,79805.3905995372,401.6276894530407,87.84059068770546,12272.082874285845,9713.82743822272,9019.047274865978,9270.780263697998,0
2025-11-27,M7,47990.641525854735,6506.543361967371,19506.34514645812,74003.53003428024,67814.4616550176,6189.068379262637,25188.632503072306,0.0,0.0,74003.53003428024,77290.6806567124,78237.10276664351,744.1917023499798,637.7608999999997,10706.880085152407,9632.622654192199,9270.780263697998,8204.058280121611,0
2025-11-28,M7,18769.875456062928,3819.4490080104765,7872.106516785351,30461.43098085876,26587.788142296027,3873.6428385627332,14363.006225211997,0.0,0.0,30461.43098085876,48408.46714463139,45565.59780254354,775.898588190282,10691.27630475931,9130.629926734713,5953.445567140762,8204.058280121611,9806.685695137567,0
2025-11-29,M7,18160.657853356654,3428.2182219935175,9294.614417913437,30883.490493263616,27084.879918370185,3798.6105748934315,15652.486516334515,0.0,0.0,30883.490493263616,44551.31174933218,44556.759791155506,1327.7964891642357,7113.898223178499,7366.58730139881,6180.972322586038,9806.685695137567,9568.867241300904,0
2025-11-30,M7,50332.33913640163,6469.5656349946175,20917.638680943048,77719.54345233926,71234.55916322887,6484.984289110391,26209.167473778587,0.0,0.0,77719.54345233926,79470.19830211211,81914.33322627249,220.16312751839382,0.0,11792.144757565162,10342.802775477729,9568.867241300904,8689.794439245397,0
2025-12-01,M7,55711.94776487759,7804.181745662474,30486.643705787323,94002.77321632735,83176.33776884525,10826.435447482101,32841.852275532685,0.0,0.0,94002.77321632735,81015.63880405689,87822.6295097174,8.810729923425242e-13,0.0,14321.509181378455,12797.807404994372,8689.794439245397,7359.36669693671,0
2025-12-02,M7,60274.60056670302,7378.198872756926,28795.101156645618,96447.90059610557,85976.84011460641,10471.060481499153,31078.565803887755,0.0,0.0,96447.90059610557,84870.2236541305,91558.58571834685,1.1937117960769683e-12,0.0,15271.171874503963,12350.396106157115,7359.36669693671,7380.759043815704,0
2025-12-03,M7,62134.051208577395,6945.959842756127,25171.443275436846,94251.45432677034,87123.4178543896,7128.036472380743,28769.898685246204,0.0,0.0,94251.45432677034,88162.34363112508,93173.67456776569,608.7812651850047,0.0,15177.568553675246,9775.423817761217,7380.759043815704,10178.988722388745,0
2025-12-04,M7,61290.50368887611,7331.094053866142,23727.84326743418,92349.44101017647,85363.22864486203,6986.212365314437,27796.704573741223,0.0,0.0,92349.44101017647,87378.91442460424,90475.64010218717,1373.9923205780565,0.0,12381.363888965992,10050.924857356866,10178.988722388745,10154.521936506068,0
2025-12-05,M7,22515.322186593887,5887.025315286555,9022.373944802383,37424.72144668281,32019.861146229752,5404.860300453056,18411.137772349877,0.0,0.0,37424.72144668281,53435.56870380834,48736.94622308014,1221.6182179332068,4481.819116666667,9108.583410712543,7386.702205565614,10154.521936506068,10144.800111074455,0
2025-12-06,M7,23101.444685969647,5909.83445109098,10115.393281277402,39126.672418338014,33007.50638413707,6119.166034200942,19674.659049863338,0.0,0.0,39126.672418338014,53027.797215746876,49881.287438268104,646.5374925020117,3778.6398333333336,9196.82845432351,7405.349158557412,10144.800111074455,10193.779988235156,0
2025-12-07,M7,63903.13570904322,8074.908311076006,21492.295892668928,93470.33991278813,84982.5258865587,8487.814026229433,26907.249267834883,0.0,0.0,93470.33991278813,90704.66435951914,91225.06087066431,1210.9384628933149,0.0,12261.190670913571,9899.74951314256,10193.779988235156,10229.129910787868,0
2025-12-08,M7,67379.27780150282,8191.832426814181,17580.28780076264,93151.39802907957,85162.51979772914,7988.878231350434,26527.042176457428,0.0,0.0,93151.39802907957,95491.69293879168,92792.89713449776,3452.8796055137977,0.0,10987.180913145567,9494.374500828262,10229.129910787868,9568.287731698587,0
2025-12-09,M7,65375.44639884858,8141.887242099547,16727.215624758766,90244.54926570688,83576.31801047815,6668.231255228733,25031.56567821332,0.0,0.0,90244.54926570688,94522.88099449451,91374.21359886187,2372.230449992516,0.0,11720.129973804425,10106.601091601735,9568.287731698587,8886.847939676194,0
2025-12-10,M7,65586.61576847442,6884.623557975906,16759.629877132804,89230.86920358318,82869.32852396404,6361.540679619138,23493.798332680428,0.0,0.0,89230.86920358318,91319.39977951761,91169.6554301902,1199.5859110589429,0.0,12127.241414953618,10544.79036248901,8886.847939676194,8084.931477035543,0
2025-12-11,M7,64032.6943703629,7171.941307451841,15428.164351268273,86632.80002908302,80653.98504259592,5978.814986487108,23036.792498901566,0.0,0.0,86632.80002908302,92445.72359374815,90299.29195973174,1323.7324949418964,0.0,12495.142145888898,9480.83738109906,8084.931477035543,8796.295651558816,0
2025-12-12,M7,23867.032379191616,5761.753395852095,10070.935794166458,39699.72156921017,34575.09494692492,5124.62662228525,18708.47688771564,0.0,0.0,39699.72156921017,55897.83407626537,52418.67333988281,2486.890192340974,3649.8626156879113,8719.636308951427,6152.129260430831,8796.295651558816,9808.269151358629,0
2025-12-13,M7,23870.451995829102,5878.324274361123,10049.650230372692,39798.426500562906,33943.232980316454,5855.193520246452,18806.305765651057,0.0,0.0,39798.426500562906,54277.48974147951,50743.86291142387,1488.5251558938212,3997.5177166666667,7719.3592923366305,6260.072636806573,9808.269151358629,9800.056251343185,0
2025-12-14,M7,63100.3073026695,6426.695972059752,19823.929017469167,89350.93229219835,83838.89416181449,5512.038130383866,23285.176552267505,0.0,0.0,89350.93229219835,87439.5140256937,89718.09364326528,432.5823874123094,0.0,10856.632634479416,10349.843178626443,9800.056251343185,8071.199868345289,0
2025-12-15,M7,65129.25199474464,6595.638009244186,17490.619109633022,89215.50911362181,83454.53111991774,5760.977993704073,23303.757964054766,0.0,0.0,89215.50911362181,91457.49616198006,92184.75257480357,957.4362120396427,0.0,12801.866134918218,11044.107738820967,8071.199868345289,7321.648568859503,0
2025-12-16,M7,66031.29875313726,6737.50334157464,16304.508184307946,89073.31027901983,83125.94414109488,5947.366137924953,22647.13400162223,0.0,0.0,89073.31027901983,92576.37881457008,92578.2295045972,683.0356744888138,0.0,13943.040790609362,11465.938293834313,7321.648568859503,7130.453842814248,0
2025-12-17,M7,64957.37473316828,6836.352368599129,16203.127432263824,87996.85453403124,81334.84285613896,6662.011677892282,23254.785039729824,0.0,0.0,87996.85453403124,91681.03684851216,90780.89747582212,86.370020124939,0.0,13777.579726955919,11274.899337925413,7130.453842814248,7002.609666046346,0
2025-12-18,M7,64165.987665268185,6649.392195100922,17599.492007829267,88414.87186819839,82072.02202752208,6342.84984067631,23812.29466864169,0.0,0.0,88414.87186819839,90237.71452330843,90815.11207784768,330.1675858663304,6.424600000000055,14423.466711058012,11311.213785743328,7002.609666046346,7415.71438850597,0
2025-12-19,M7,25340.68808658889,5232.786324307359,9621.8120174062,40195.28642830244,35099.60319731305,5095.683230989387,17750.946780542192,0.0,0.0,40195.28642830244,56659.966961880185,53664.37858928389,1900.9077959204294,5257.7834971474795,9536.448292256588,5939.152296040601,7415.71438850597,9399.45974482511,0
2025-12-20,M7,23992.415827084365,5442.381416888429,9927.920583442034,39362.71782741485,34208.51901974771,5154.198807667133,17786.784245022405,0.0,0.0,39362.71782741485,54482.221006886146,51158.179345073775,1373.6940281285495,5619.596822371921,7383.715315653612,6075.179071080308,9399.45974482511,9294.604561046355,0
2025-12-21,M7,64127.39525715249,6126.498654563619,16371.471878018681,86625.36578973477,81892.2094724822,4733.156317252578,21384.986106528417,0.0,0.0,86625.36578973477,89187.58293130611,90224.42511627081,347.8432997563674,0.0,11883.159153988774,11044.359204140996,9294.604561046355,7717.937572812912,0
2025-12-22,M7,64903.67991076518,6744.7825396465805,17285.266048342422,88933.7284987542,83167.02842122267,5766.700077531525,23270.860513750624,0.0,0.0,88933.7284987542,90394.50169567308,91016.22628967947,102.8463369363233,0.0,13658.67617703546,11682.723307625647,7717.937572812912,7029.942457005218,0
2025-12-23,M7,65070.57072594937,6609.6984824566625,14041.13952293107,85721.40873133713,80294.06741032492,5427.341321012209,21237.34344341716,0.0,0.0,85721.40873133713,91593.10609102977,90182.17301254277,477.4761313196761,0.0,14092.878031061635,11646.273683171863,7029.942457005218,6773.228592547515,0
2025-12-24,M7,63450.9027283905,6929.504519738416,17535.40027605361,87915.80752418256,81601.56513381992,6314.242390362633,24105.69433092854,0.0,0.0,87915.80752418256,90614.92768779032,90604.95058778313,407.12627477370484,0.0,13714.018198585873,11370.753202243119,6773.228592547515,6481.674746560224,0
2025-12-25,M7,63663.564372245346,6073.706299585183,16611.995203135626,86349.26587496612,81678.69366117807,4670.572213788051,22080.790979405785,0.0,0.0,86349.26587496612,89881.8359196049,91323.06459995997,45.04425481896271,0.0,15092.00390232966,11626.432090522,6481.674746560224,7146.22038029915,0
2025-12-26,M7,24628.81629380866,5449.922335173528,10251.23012005762,40329.968749039814,34892.50760838314,5437.461140656676,18289.804587840696,0.0,0.0,40329.968749039814,56527.27818933244,53419.34378256459,1330.0182488130995,4622.89040714898,10140.53680129876,5681.724108029581,7146.22038029915,9959.676714768493,0
2025-12-27,M7,22548.33540993765,5604.516762288012,10465.739954777748,38618.59212700341,32976.10345135129,5642.4886756521155,18116.958617011638,0.0,0.0,38618.59212700341,53570.96795732557,50123.77082125237,1215.2549814487484,4324.945627665842,6967.019803722742,5722.258658251618,9959.676714768493,9871.929362283832,0
2025-12-28,M7,62794.95656197399,6755.837713889798,16690.285368116147,86241.07964397989,80091.20592288721,6149.873721092677,23389.26294187577,0.0,0.0,86241.07964397989,88110.07901695953,87651.3456990828,137.0690636977859,0.0,11137.971298200733,10432.94941281571,9871.929362283832,8303.937516424807,0
2025-12-29,M7,63690.946400274224,6740.193021635415,16327.31022964494,86758.4496515546,79978.73299149869,6779.716660055914,23716.63238388109,0.0,0.0,86758.4496515546,89621.07487285545,89399.91198074039,535.31946706139,0.0,12460.403227035167,11119.576980022826,8303.937516424807,7163.214887397762,0
2025-12-30,M7,63580.37894277098,6093.556910423926,15139.57144438732,84813.50729758224,78975.11340062559,5838.393896956652,21261.547382263325,0.0,0.0,84813.50729758224,89832.67732045717,89840.68412966054,450.28206476087195,0.0,14077.460201423544,10911.460736523864,7163.214887397762,7709.083805874648,0
2025-12-31,M7,62841.85684219137,6175.141354863211,17465.698546439147,86482.6967434937,81637.01986345554,4845.676880038154,22173.6465417516,0.0,0.0,86482.6967434937,88909.25512157865,90442.82902240811,109.23426340422321,0.0,13873.037902247008,12185.866076576454,7709.083805874648,6654.966721700874,0
