date,t,time_end,L_actual_kw,P_act_kw,L_fc_kw,P_fc_kw,x_plan_kwh,y_used_kwh,r_purchase_waste_kwh,u_charge_kwh,v_discharge_kwh,e_emergency_kwh,w_pv_waste_kwh,g_pv_used_kwh,E_end_kwh,physical_slot0,decision_date,plan_slot0,price_actual,total_cost_yuan,period_start,period_end,L_commit_fc_kw,P_commit_fc_kw,forecast_issue_hour,x0_kwh,x3_kwh,price_fc,E_start_kwh
2025-03-20,1,00:10,3299.0689,0,3531.2899584,0,1398.83204132,1383.17815,15.6538913153,833.333333333,0,0,0,0,10577.1064349,0,2025-03-19,143,0.4248,594.223851151,00:00,00:10,3392.99224789,0,0,1398.83204132,1398.83204132,0.4248,9827.10643494
2025-03-20,2,00:20,3421.881,0,3499.93466464,0,583.322444106,583.322444106,0,13.0089441062,0,0,0,0,10588.8144846,1,2025-03-20,0,0.4245,247.620377523,00:10,00:20,3499.93466464,0,0,583.322444106,583.322444106,0.4245,10577.1064349
2025-03-20,3,00:30,3683.11,0,3498.80959298,0,583.134932164,583.134932164,0,0,30.7167345031,0,0,0,10554.6847796,2,2025-03-20,1,0.4269,248.940302541,00:20,00:30,3498.80959298,0,0,583.134932164,583.134932164,0.4269,10588.8144846
2025-03-20,4,00:40,3476.737,0,3518.74917571,0,586.458195952,586.458195952,0,7.00202928557,0,0,0,0,10560.986606,3,2025-03-20,2,0.4272,250.534941311,00:30,00:40,3518.74917571,0,0,586.458195952,586.458195952,0.4272,10554.6847796
2025-03-20,5,00:50,3302.6695,0,3494.03860249,0,582.339767082,582.339767082,0,31.8948504153,0,0,0,0,10589.6919714,4,2025-03-20,3,0.4271,248.717314521,00:40,00:50,3494.03860249,0,0,582.339767082,582.339767082,0.4271,10560.986606
2025-03-20,6,01:00,3426.94,0,3451.38307907,0,575.230513178,575.230513178,0,4.07384651125,0,0,0,0,10593.3584332,5,2025-03-20,4,0.4285,246.486274897,00:50,01:00,3451.38307907,0,0,575.230513178,575.230513178,0.4285,10589.6919714
2025-03-20,7,01:10,3609.5343,0,3429.27421883,0,571.545703139,571.545703139,0,0,30.0433468613,0,0,0,10559.9769367,6,2025-03-20,5,0.4311,246.393352623,01:00,01:10,3429.27421883,0,0,571.545703139,571.545703139,0.4311,10593.3584332
2025-03-20,8,01:20,3668.9025,0,3401.49505007,0,566.915841678,566.915841678,0,0,44.5679083219,0,0,0,10510.4570386,7,2025-03-20,6,0.4302,243.88719509,01:10,01:20,3401.49505007,0,0,566.915841678,566.915841678,0.4302,10559.9769367
2025-03-20,9,01:30,3589.3,0,3348.13056414,0,558.021760689,558.021760689,0,0,40.1949059774,0,0,0,10465.7960319,8,2025-03-20,7,0.4279,238.777511399,01:20,01:30,3348.13056414,0,0,558.021760689,558.021760689,0.4279,10510.4570386
2025-03-20,10,01:40,3503.6157,0,3398.26597779,0,566.377662965,566.377662965,0,0,17.5582870351,0,0,0,10446.2868241,9,2025-03-20,8,0.4312,244.22204827,01:30,01:40,3398.26597779,0,0,566.377662965,566.377662965,0.4312,10465.7960319
2025-03-20,11,01:50,3545.9703,0,3511.69760686,0,585.282934477,585.282934477,0,0,5.71211552256,0,0,0,10439.9400291,10,2025-03-20,9,0.4333,253.603095509,01:40,01:50,3511.69760686,0,0,585.282934477,585.282934477,0.4333,10446.2868241
2025-03-20,12,02:00,3590.66,0,3584.16323018,0,597.360538363,597.360538363,0,0,1.08279497046,0,0,0,10438.7369236,11,2025-03-20,10,0.4311,257.522128088,01:50,02:00,3584.16323018,0,0,597.360538363,597.360538363,0.4311,10439.9400291
2025-03-20,13,02:10,3395.9017,0,3515.21549748,0,585.869249581,585.869249581,0,19.8856329141,0,0,0,0,10456.6339932,12,2025-03-20,11,0.4293,251.513668845,02:00,02:10,3515.21549748,0,0,585.869249581,585.869249581,0.4293,10438.7369236
2025-03-20,14,02:20,3276.7246,0,3444.50718088,0,574.084530147,574.084530147,0,27.9637634799,0,0,0,0,10481.8013803,13,2025-03-20,12,0.4324,248.234150835,02:10,02:20,3444.50718088,0,0,574.084530147,574.084530147,0.4324,10456.6339932
2025-03-20,15,02:30,3394.28,0,3468.70453682,0,578.117422803,578.117422803,0,12.4040894698,0,0,0,0,10492.9650608,14,2025-03-20,13,0.4367,252.463878538,02:20,02:30,3468.70453682,0,0,578.117422803,578.117422803,0.4367,10481.8013803
2025-03-20,16,02:40,3587.5594,0,3563.78515039,0,593.964191732,593.964191732,0,0,3.96237493436,0,0,0,10488.562422,15,2025-03-20,14,0.4348,258.255630565,02:30,02:40,3563.78515039,0,0,593.964191732,593.964191732,0.4348,10492.9650608
2025-03-20,17,02:50,3605.7268,0,3636.29688806,0,606.049481344,606.049481344,0,5.0950146773,0,0,0,0,10493.1479352,16,2025-03-20,15,0.4335,262.722450163,02:40,02:50,3636.29688806,0,0,606.049481344,606.049481344,0.4335,10488.562422
2025-03-20,18,03:00,3522.79,0,3606.6133392,0,601.102223201,601.102223201,0,13.970556534,0,0,0,0,10505.7214361,17,2025-03-20,16,0.4357,261.900238649,02:50,03:00,3606.6133392,0,0,601.102223201,601.102223201,0.4357,10493.1479352
2025-03-20,19,03:10,3631.2618,0,3509.34930979,0,584.891551632,584.891551632,0,0,20.3187483679,0,0,0,10483.145049,18,2025-03-20,17,0.4374,255.831564684,03:00,03:10,3509.34930979,0,0,584.891551632,584.891551632,0.4374,10505.7214361
2025-03-20,20,03:20,3731.3543,0,3461.59895263,0,576.933158772,576.933158772,0,0,44.9592245612,0,0,0,10433.1903551,19,2025-03-20,18,0.4371,252.177483699,03:10,03:20,3461.59895263,0,0,576.933158772,576.933158772,0.4371,10483.145049
2025-03-20,21,03:30,3721.01,0,3518.8772618,0,586.479543633,586.479543633,0,0,33.6887897008,0,0,0,10395.7583665,20,2025-03-20,19,0.4356,255.470489206,03:20,03:30,3518.8772618,0,0,586.479543633,586.479543633,0.4356,10433.1903551
2025-03-20,22,03:40,3699.7385,0,3633.24467403,0,605.540779006,605.540779006,0,0,11.0823043276,0,0,0,10383.4446951,21,2025-03-20,20,0.4353,263.591901101,03:30,03:40,3633.24467403,0,0,605.540779006,605.540779006,0.4353,10395.7583665
2025-03-20,23,03:50,3674.7825,0,3581.69805416,0,596.949675694,596.949675694,0,0,15.5140743059,0,0,0,10366.2068347,22,2025-03-20,21,0.436,260.270058603,03:40,03:50,3581.69805416,0,0,596.949675694,596.949675694,0.436,10383.4446951
2025-03-20,24,04:00,3623.58,0,3506.88798184,0,584.481330306,584.481330306,0,0,19.4486696938,0,0,0,10344.5972017,23,2025-03-20,22,0.4378,255.885926408,03:50,04:00,3506.88798184,0,0,584.481330306,584.481330306,0.4378,10366.2068347
2025-03-20,25,04:10,3538.7697,0.0019,3644.44570593,0,607.407617655,607.407617655,0,17.6129843222,0,0,0,0.000316666666667,10360.4488876,24,2025-03-20,23,0.4401,267.32009253,04:00,04:10,3644.44570593,0,0,607.407617655,607.407617655,0.4401,10344.5972017
2025-03-20,26,04:20,3488.7843,0,3669.27613974,0,611.54602329,611.54602329,0,30.0819732904,0,0,0,0,10387.5226636,25,2025-03-20,24,0.4389,268.407549622,04:10,04:20,3669.27613974,0,0,611.54602329,611.54602329,0.4389,10360.4488876
2025-03-20,27,04:30,3513.51,0,3535.67713268,0,589.279522113,589.279522113,0,3.69452211258,0,0,0,0,10390.8477335,26,2025-03-20,25,0.4364,257.16158345,04:20,04:30,3535.67713268,0,0,589.279522113,589.279522113,0.4364,10387.5226636
2025-03-20,28,04:40,3598.3779,0.0271,3594.46381983,0,599.077303305,599.077303305,0,0,0.647830028003,0,0,0.00451666666667,10390.1279223,27,2025-03-20,26,0.4393,263.174659342,04:30,04:40,3594.46381983,0,0,599.077303305,599.077303305,0.4393,10390.8477335
2025-03-20,29,04:50,3700.4359,0,3666.64673291,0,611.107788819,611.107788819,0,0,5.63152784772,0,0,0,10383.8706692,28,2025-03-20,27,0.4422,270.231864216,04:40,04:50,3666.64673291,0,0,611.107788819,611.107788819,0.4422,10390.1279223
2025-03-20,30,05:00,3753.57,0,3653.615477,0,608.935912833,608.935912833,0,0,16.6590871666,0,0,0,10365.3605723,29,2025-03-20,28,0.4395,267.62733369,04:50,05:00,3653.615477,0,0,608.935912833,608.935912833,0.4395,10383.8706692
2025-03-20,31,05:10,3716.9811,0.3776,3597.90613459,0,599.651022431,599.651022431,0,0,19.7828942352,0,0,0.0629333333333,10343.3795787,30,2025-03-20,29,0.4333,259.82878802,05:00,05:10,3597.90613459,0,0,599.651022431,599.651022431,0.4333,10365.3605723
2025-03-20,32,05:20,3707.0664,0,3600.12087494,0,600.020145823,600.020145823,0,0,17.8242541767,0,0,0,10323.5748519,31,2025-03-20,30,0.4439,266.348942731,05:10,05:20,3600.12087494,0,0,600.020145823,600.020145823,0.4439,10343.3795787
2025-03-20,33,05:30,3642.69,0,3637.29678099,0,606.216130165,606.216130165,0,0,0.898869835381,0,0,0,10322.5761076,32,2025-03-20,31,0.4301,260.733557584,05:20,05:30,3637.29678099,0,0,606.216130165,606.216130165,0.4301,10323.5748519
2025-03-20,34,05:40,3457.8398,5.2594,3626.20425582,0,875.076511127,875.076511127,0,299.64644446,0,0,0,0.876566666667,10592.2579076,33,2025-03-20,32,0.3713,324.915908581,05:30,05:40,3626.20425582,0,0,875.076511127,875.076511127,0.3713,10322.5761076
2025-03-20,35,05:50,4028.7787,0,4140.60720903,0,690.101201505,690.101201505,0,18.6380848383,0,0,0,0,10609.032184,34,2025-03-20,33,0.5708,393.909765819,05:40,05:50,4140.60720903,0,0,690.101201505,690.101201505,0.5708,10592.2579076
2025-03-20,36,06:00,4962.09,0,4775.18290744,0,0,0,0,0,827.015,0,0,0,9690.12662841,35,2025-03-20,34,0.9099,0,05:50,06:00,4775.18290744,0,0,0,0,0.9099,10609.032184
2025-03-20,37,06:10,4905.1198,153.4202,4755.62913143,141.635860783,0,0,0,0,791.949933333,0,0,25.5700333333,8810.18225804,36,2025-03-20,35,0.9368,0,06:00,06:10,4755.62913143,141.635860783,0,0,0,0.9368,9690.12662841
2025-03-20,38,06:20,4660.8239,401.044,4644.19477836,379.936305042,0,0,0,0,709.963316667,0,0,66.8406666667,8021.33412841,37,2025-03-20,36,0.8758,0,06:10,06:20,4644.19477836,379.936305042,0,0,0,0.8758,8810.18225804
2025-03-20,39,06:30,4703.75,675.525,4913.27112376,665.245130246,0,0,0,0,671.370833333,0,0,112.5875,7275.36653581,38,2025-03-20,37,0.8759,0,06:20,06:30,4913.27112376,665.245130246,0,0,0,0.8759,8021.33412841
2025-03-20,40,06:40,4726.9008,952.6316,4661.04411014,981.590869702,0,0,0,0,629.044866667,0,0,158.771933333,6576.42779507,39,2025-03-20,38,0.8601,0,06:30,06:40,4661.04411014,981.590869702,0,0,0,0.8601,7275.36653581
2025-03-20,41,06:50,4819.4733,1302.5378,4758.25805745,1307.71768727,575.090061695,575.090061695,0,0,11.0658549713,0,0,217.089633333,6564.13240066,40,2025-03-20,39,0.8442,485.491030083,06:40,06:50,4758.25805745,1307.71768727,0,575.090061695,575.090061695,0.8442,6576.42779507
2025-03-20,42,07:00,4880.33,1693.2375,4853.86734735,1642.14202755,535.2875533,535.2875533,0,4.10546996654,0,0,0,282.20625,6567.82732363,41,2025-03-20,40,0.8334,446.10864692,06:50,07:00,4853.86734735,1642.14202755,0,535.2875533,535.2875533,0.8334,6564.13240066
2025-03-20,43,07:10,4689.3761,2009.9231,4793.86850461,1990.49189073,467.229435646,467.229435646,0,20.6539356456,0,0,0,334.987183333,6586.41586571,42,2025-03-20,41,0.8092,378.082059324,07:00,07:10,4793.86850461,1990.49189073,0,467.229435646,467.229435646,0.8092,6567.82732363
2025-03-20,44,07:20,4713.3646,2305.9149,4772.59909304,2287.83436202,414.12745517,414.12745517,5.68434188608e-14,12.8858385029,0,0,0,384.31915,6598.01312037,43,2025-03-20,42,0.7972,330.142407261,07:10,07:20,4772.59909304,2287.83436202,0,414.12745517,414.12745517,0.7972,6586.41586571
2025-03-20,45,07:30,4827.2,2609.7375,4754.17710454,2525.65820453,371.419816668,371.419816668,0,1.8427333342,0,0,0,434.95625,6599.67158037,44,2025-03-20,43,0.7644,283.913307861,07:20,07:30,4754.17710454,2525.65820453,0,371.419816668,371.419816668,0.7644,6598.01312037
2025-03-20,46,07:40,4578.156,2894.0148,4544.37161175,2830.40551079,421.189964067,421.189964067,5.68434188608e-14,140.499764067,0,0,0,482.3358,6726.12136803,45,2025-03-20,44,0.6899,290.57895621,07:30,07:40,4544.37161175,2830.40551079,0,421.189964067,421.189964067,0.6899,6599.67158037
2025-03-20,47,07:50,5187.0368,3179.5684,5418.2522003,3195.10630711,0,0,0,0,334.578066667,0,0,529.928066667,6354.36796062,46,2025-03-20,45,0.86,0,07:40,07:50,5418.2522003,3195.10630711,0,0,0,0.86,6726.12136803
2025-03-20,48,08:00,6405.59,3476.5125,6582.79571468,3485.59146742,0,0,0,0,488.179583333,0,0,579.41875,5811.94620136,47,2025-03-20,46,1.1617,0,07:50,08:00,6582.79571468,3485.59146742,0,0,0,1.1617,6354.36796062
2025-03-20,49,08:10,6658.0486,3761.2255,6539.40597822,3763.73529399,0,0,0,0,482.80385,0,0,626.870916667,5275.49747914,48,2025-03-20,47,1.1683,0,08:00,08:10,6539.40597822,3763.73529399,0,0,0,1.1683,5811.94620136
2025-03-20,50,08:20,6606.6001,3976.3717,6344.38183376,4056.28864337,0,0,0,0,438.3714,0,0,662.728616667,4788.4181458,49,2025-03-20,48,1.0956,0,08:10,08:20,6344.38183376,4056.28864337,0,0,0,1.0956,5275.49747914
2025-03-20,51,08:30,6687.27,4220.325,6491.45414372,4304.05242201,0,0,0,0,411.1575,0,0,703.3875,4331.57647914,50,2025-03-20,49,1.0849,0,08:20,08:30,6491.45414372,4304.05242201,0,0,0,1.0849,4788.4181458
2025-03-20,52,08:40,6649.776,4653.7429,6449.23341925,4522.89563019,0,0,0,0,332.672183333,0,0,775.623816667,3961.94071988,51,2025-03-20,50,1.061,0,08:30,08:40,6449.23341925,4522.89563019,0,0,0,1.061,4331.57647914
2025-03-20,53,08:50,6705.5335,5037.5027,6498.48262971,4801.16784617,0,0,0,0,278.005133333,0,0,839.583783333,3653.04612729,52,2025-03-20,51,1.043,0,08:40,08:50,6498.48262971,4801.16784617,0,0,0,1.043,3961.94071988
2025-03-20,54,09:00,6757.81,5180.8875,6631.13163485,5168.50966164,0,0,0,0,262.820416667,0,0,863.48125,3361.0234421,53,2025-03-20,52,1.036,0,08:50,09:00,6631.13163485,5168.50966164,0,0,0,1.036,3653.04612729
2025-03-20,55,09:10,6494.2004,5166.4978,6545.39528918,5440.99266287,0,0,0,0,221.283766667,0,0,861.082966667,3115.15259025,54,2025-03-20,53,1.0147,0,09:00,09:10,6545.39528918,5440.99266287,0,0,0,1.0147,3361.0234421
2025-03-20,56,09:20,6436.4392,5533.329,6454.2428252,5731.93226841,0,0,0,0,150.518366667,0,0,922.2215,2947.90996062,55,2025-03-20,54,0.9922,0,09:10,09:20,6454.2428252,5731.93226841,0,0,0,0.9922,3115.15259025
2025-03-20,57,09:30,6570.85,6107.7375,6458.68337907,6051.0513744,0,0,0,0,77.1854166667,0,0,1017.95625,2862.14838654,56,2025-03-20,55,0.97,0,09:20,09:30,6458.68337907,6051.0513744,0,0,0,0.97,2947.90996062
2025-03-20,58,09:40,6399.3635,6182.795,6467.96238359,6291.70823153,0,0,0,0,36.09475,0,0,1030.46583333,2822.04310877,57,2025-03-20,56,0.9422,0,09:30,09:40,6467.96238359,6291.70823153,0,0,0,0.9422,2862.14838654
2025-03-20,59,09:50,6445.9301,6198.386,6466.32539241,6498.26124101,0,0,0,0,41.25735,0,0,1033.06433333,2776.20160877,58,2025-03-20,57,0.9569,0,09:40,09:50,6466.32539241,6498.26124101,0,0,0,0.9569,2822.04310877
2025-03-20,60,10:00,6697.43,6426.1875,6464.86380847,6646.95762288,0,0,0,0,45.2070833333,0,0,1071.03125,2725.97151617,59,2025-03-20,58,0.9977,0,09:50,10:00,6464.86380847,6646.95762288,0,0,0,0.9977,2776.20160877
2025-03-20,61,10:10,6577.9956,6675.2481,6458.86727637,6827.70907636,0,0,0,16.20875,0,0,0,1112.54135,2740.55939117,60,2025-03-20,59,0.9919,0,10:00,10:10,6458.86727637,6827.70907636,0,0,0,0.9919,2725.97151617
2025-03-20,62,10:20,6445.2772,6774.004,6451.68741107,6972.09209024,0,0,0,54.7878,0,0,0,1129.00066667,2789.86841117,61,2025-03-20,60,0.9588,0,10:10,10:20,6451.68741107,6972.09209024,0,0,0,0.9588,2740.55939117
2025-03-20,63,10:30,6473.61,6879.075,6412.48828457,7076.79491748,0,0,0,67.5775,0,0,0,1146.5125,2850.68816117,62,2025-03-20,61,0.9549,0,10:20,10:30,6412.48828457,7076.79491748,0,0,0,0.9549,2789.86841117
2025-03-20,64,10:40,6454.2353,7268.5137,6341.24069731,7170.06521195,0,0,0,135.713066667,0,0,0,1211.41895,2972.82992117,63,2025-03-20,62,0.9839,0,10:30,10:40,6341.24069731,7170.06521195,0,0,0,0.9839,2850.68816117
2025-03-20,65,10:50,6352.336,7455.3554,6327.79742205,7367.23341313,0,0,0,183.836566667,0,0,0,1242.55923333,3138.28283117,64,2025-03-20,63,0.799,0,10:40,10:50,6327.79742205,7367.23341313,0,0,0,0.799,2972.82992117
2025-03-20,66,11:00,6279.9,7263,6400.2722595,7519.59328833,0,0,0,163.85,0,0,0,1210.5,3285.74783117,65,2025-03-20,64,0.5025,0,10:50,11:00,6400.2722595,7519.59328833,0,0,0,0.5025,3138.28283117
2025-03-20,67,11:10,6362.0436,7021.6679,6450.58758368,7544.283893,303.960228221,303.960228221,0,413.897611554,0,0,0,1170.27798333,3658.25568157,66,2025-03-20,65,0.4662,141.706258397,11:00,11:10,6450.58758368,7544.283893,0,303.960228221,303.960228221,0.4662,3285.74783117
2025-03-20,68,11:20,6393.8373,7052.8842,6403.64868193,7635.81342263,0,0,0,109.84115,0,0,0,1175.4807,3757.11271657,67,2025-03-20,66,0.5007,0,11:10,11:20,6403.64868193,7635.81342263,0,0,0,0.5007,3658.25568157
2025-03-20,69,11:30,6360.1,7317.5625,6339.7395738,7772.17700912,0,0,0,159.577083333,0,0,0,1219.59375,3900.73209157,68,2025-03-20,67,0.4827,0,11:20,11:30,6339.7395738,7772.17700912,0,0,0,0.4827,3757.11271657
2025-03-20,70,11:40,6424.0276,7505.6333,6388.17492169,7787.47122624,0,0,0,180.267616667,0,0,0,1250.93888333,4062.97294657,69,2025-03-20,68,0.4785,0,11:30,11:40,6388.17492169,7787.47122624,0,0,0,0.4785,3900.73209157
2025-03-20,71,11:50,6379.6216,7635.0323,6284.93684987,7762.52429834,587.068758589,587.068758589,0,796.303875256,0,0,0,1272.50538333,4779.6464343,70,2025-03-20,69,0.4662,273.691455254,11:40,11:50,6284.93684987,7762.52429834,0,587.068758589,587.068758589,0.4662,4062.97294657
2025-03-20,72,12:00,6168.32,7818.45,6065.31190161,7757.2725856,551.339886002,551.339886002,1.13686837722e-13,826.361552669,0,0,0,1303.075,5523.3718317,71,2025-03-20,70,0.4432,244.353837476,11:50,12:00,6065.31190161,7757.2725856,0,551.339886002,551.339886002,0.4432,4779.6464343
2025-03-20,73,12:10,5958.8116,8082.9395,6042.90603322,7775.52509355,544.563489945,479.312016667,65.2514732787,833.333333333,0,0,0,1347.15658333,6273.3718317,72,2025-03-20,71,0.4411,240.206955415,12:00,12:10,6042.90603322,7775.52509355,0,544.563489945,544.563489945,0.4411,5523.3718317
2025-03-20,74,12:20,5855.2299,8090.5707,6085.55798634,7875.57917661,534.996468288,460.776533333,74.2199349546,833.333333333,0,0,0,1348.42845,7023.3718317,73,2025-03-20,72,0.4551,243.476892718,12:10,12:20,6085.55798634,7875.57917661,0,534.996468288,534.996468288,0.4551,6273.3718317
2025-03-20,75,12:30,5883.66,7709.3625,6061.77155777,7957.80415808,517.32789995,517.32789995,0,821.61164995,0,0,0,1284.89375,7762.82231666,74,2025-03-20,73,0.4463,230.883441748,12:20,12:30,6061.77155777,7957.80415808,0,517.32789995,517.32789995,0.4463,7023.3718317
2025-03-20,76,12:40,6006.2794,7205.256,6032.34336491,7845.1066702,531.206115784,531.206115784,0,731.035549118,0,0,0,1200.876,8420.75431087,75,2025-03-20,74,0.4113,218.485075422,12:30,12:40,6032.34336491,7845.1066702,0,531.206115784,531.206115784,0.4113,7762.82231666
2025-03-20,77,12:50,6168.3548,7206.9442,6067.55437795,7728.4320479,0,0,0,173.098233333,0,0,0,1201.15736667,8576.54272087,76,2025-03-20,75,0.5682,0,12:40,12:50,6067.55437795,7728.4320479,0,0,0,0.5682,8420.75431087
2025-03-20,78,13:00,6351.38,7525.8,6209.54209604,7687.47267267,0,0,0,195.736666667,0,0,0,1254.3,8752.70572087,77,2025-03-20,76,0.8279,0,12:50,13:00,6209.54209604,7687.47267267,0,0,0,0.8279,8576.54272087
2025-03-20,79,13:10,6510.6216,7339.075,6329.96941772,7605.57522785,0,0,0,138.075566667,0,0,0,1223.17916667,8876.97373087,78,2025-03-20,77,0.8636,0,13:00,13:10,6329.96941772,7605.57522785,0,0,0,0.8636,8752.70572087
2025-03-20,80,13:20,6358.8315,6900.6338,6321.12150381,7402.28620856,0,0,0,90.3003833333,0,0,0,1150.10563333,8958.24407587,79,2025-03-20,78,0.8416,0,13:10,13:20,6321.12150381,7402.28620856,0,0,0,0.8416,8876.97373087
2025-03-20,81,13:30,6039.3,6610.0125,6262.20787193,7203.472671,0,0,0,95.11875,0,0,0,1101.66875,9043.85095087,80,2025-03-20,79,0.8618,0,13:20,13:30,6262.20787193,7203.472671,0,0,0,0.8618,8958.24407587
2025-03-20,82,13:40,6028.9848,6642.1795,6333.99305309,7145.50364283,0,0,0,102.199116667,0,0,0,1107.02991667,9135.83015587,81,2025-03-20,80,0.8623,0,13:30,13:40,6333.99305309,7145.50364283,0,0,0,0.8623,9043.85095087
2025-03-20,83,13:50,6177.7813,6806.5377,6291.65135061,7036.92290296,0,0,0,104.792733333,0,0,0,1134.42295,9230.14361587,82,2025-03-20,81,0.9026,0,13:40,13:50,6291.65135061,7036.92290296,0,0,0,0.9026,9135.83015587
2025-03-20,84,14:00,6280.02,6799.95,6166.16682715,6738.13315224,0,0,0,86.655,0,0,0,1133.325,9308.13311587,83,2025-03-20,82,0.9754,0,13:50,14:00,6166.16682715,6738.13315224,0,0,0,0.9754,9230.14361587
2025-03-20,85,14:10,6283.4823,6453.6137,6238.00021623,6483.11210005,0,0,0,28.3552333333,0,0,0,1075.60228333,9333.65282587,84,2025-03-20,83,1.0002,0,14:00,14:10,6238.00021623,6483.11210005,0,0,0,1.0002,9308.13311587
2025-03-20,86,14:20,6314.912,6203.5886,6246.21717643,6304.71233213,0,0,0,0,18.5539,0,0,1033.93143333,9313.03738142,85,2025-03-20,84,0.9978,0,14:10,14:20,6246.21717643,6304.71233213,0,0,0,0.9978,9333.65282587
2025-03-20,87,14:30,6352.79,6115.6875,6180.07711013,6035.96055714,0,0,0,0,39.5170833333,0,0,1019.28125,9269.12951105,86,2025-03-20,85,1.0271,0,14:20,14:30,6180.07711013,6035.96055714,0,0,0,1.0271,9313.03738142
2025-03-20,88,14:40,6259.4213,5837.6616,6265.74266339,5812.16120066,0,0,0,0,70.2932833333,0,0,972.9436,9191.0258629,87,2025-03-20,86,1.0906,0,14:30,14:40,6265.74266339,5812.16120066,0,0,0,1.0906,9269.12951105
2025-03-20,89,14:50,6190.1146,5431.9635,6317.41908996,5568.70878671,0,0,0,0,126.358516667,0,0,905.32725,9050.62751105,88,2025-03-20,87,0.9376,0,14:40,14:50,6317.41908996,5568.70878671,0,0,0,0.9376,9191.0258629
2025-03-20,90,15:00,6156.64,5072.775,6261.53766703,5333.88700781,154.608443204,154.608443204,0,0,26.0357234629,0,0,845.4625,9021.69892943,89,2025-03-20,88,0.6694,103.494891881,14:50,15:00,6261.53766703,5333.88700781,0,154.608443204,154.608443204,0.6694,9050.62751105
2025-03-20,91,15:10,6039.3659,4855.4545,6196.75005799,5136.14616261,453.806064654,453.806064654,0,256.487497988,0,0,0,809.242416667,9252.53767761,90,2025-03-20,89,0.66,299.512002672,15:00,15:10,6196.75005799,5136.14616261,0,453.806064654,453.806064654,0.66,9021.69892943
2025-03-20,92,15:20,6054.6789,4561.8383,6159.43723034,4872.46398991,214.495540071,214.495540071,0,0,34.3112265953,0,0,760.306383333,9214.41409251,91,2025-03-20,90,0.7217,154.80143127,15:10,15:20,6159.43723034,4872.46398991,0,214.495540071,214.495540071,0.7217,9252.53767761
2025-03-20,93,15:30,6187.68,4146.825,6167.99258389,4545.41155968,270.4301707,270.4301707,0,0,69.7123292998,0,0,691.1375,9136.95594884,92,2025-03-20,91,0.7308,197.630368748,15:20,15:30,6167.99258389,4545.41155968,0,270.4301707,270.4301707,0.7308,9214.41409251
2025-03-20,94,15:40,6195.3721,3778.6785,6222.53084278,4247.96858671,329.093709345,329.093709345,0,0,73.6885573219,0,0,629.77975,9055.07977404,93,2025-03-20,92,0.7534,247.93920062,15:30,15:40,6222.53084278,4247.96858671,0,329.093709345,329.093709345,0.7534,9136.95594884
2025-03-20,95,15:50,6186.1376,3471.4229,6172.46281926,3957.98329038,369.079921481,369.079921481,0,0,83.3725285195,0,0,578.570483333,8962.44363124,94,2025-03-20,93,0.7823,288.731222574,15:40,15:50,6172.46281926,3957.98329038,0,369.079921481,369.079921481,0.7823,9055.07977404
2025-03-20,96,16:00,6200.17,3156.225,6008.13477149,3665.07976094,390.509168425,390.509168425,0,0,116.814998242,0,0,526.0375,8832.64918875,95,2025-03-20,94,0.8055,314.555135166,15:50,16:00,6008.13477149,3665.07976094,0,390.509168425,390.509168425,0.8055,8962.44363124
2025-03-20,97,16:10,6153.3743,2779.805,6115.50237002,3318.80082433,466.11692428,466.11692428,0,0,37.6121325072,58.5324932123,0,463.300833333,8790.85793041,96,2025-03-20,95,0.8271,627.586433752,16:00,16:10,6115.50237002,3318.80082433,0,466.11692428,466.11692428,0.8271,8832.64918875
2025-03-20,98,16:20,6101.7592,2507.3559,6159.46657639,2921.12378364,539.723798791,539.723798791,0,0,-0,59.343417876,0,417.89265,8790.85793041,97,2025-03-20,96,0.8519,712.563992633,16:10,16:20,6159.46657639,2921.12378364,0,539.723798791,539.723798791,0.8519,8790.85793041
2025-03-20,99,16:30,6118.95,2334.4125,6146.66188531,2496.76348324,608.316400345,608.316400345,0,0,-0,22.4398496553,0,389.06875,8790.85793041,98,2025-03-20,97,0.8791,633.405306703,16:20,16:30,6146.66188531,2496.76348324,0,608.316400345,608.316400345,0.8791,8790.85793041
2025-03-20,100,16:40,6209.4949,2077.0816,6134.39854596,2152.02218653,663.729393238,663.729393238,0,0,-0,25.0061567621,0,346.180266667,8790.85793041,99,2025-03-20,98,0.9024,711.777183768,16:30,16:40,6134.39854596,2152.02218653,0,663.729393238,663.729393238,0.9024,8790.85793041
2025-03-20,101,16:50,6190.199,1733.8533,6150.72160898,1846.36182288,717.393297683,717.393297683,0,0,-0,25.3309856501,0,288.97555,8790.85793041,100,2025-03-20,99,0.9163,773.401389423,16:40,16:50,6150.72160898,1846.36182288,0,717.393297683,717.393297683,0.9163,8790.85793041
2025-03-20,102,17:00,6102.19,1377.7125,6176.95397726,1546.3644756,771.764916944,771.764916944,0,0,-0,15.6479997224,0,229.61875,8790.85793041,101,2025-03-20,100,0.9264,787.444553771,16:50,17:00,6176.95397726,1546.3644756,0,771.764916944,771.764916944,0.9264,8790.85793041
2025-03-20,103,17:10,6143.2969,1083.9022,6135.81920791,1243.02879183,815.465069347,815.465069347,0,0,-0,27.7673806529,0,180.650366667,8790.85793041,102,2025-03-20,101,0.9462,902.960526485,17:00,17:10,6135.81920791,1243.02879183,0,815.465069347,815.465069347,0.9462,8790.85793041
2025-03-20,104,17:20,6075.0134,831.8823,6057.21020113,936.866625397,853.390595955,853.390595955,0,0,-0,20.4645873783,0,138.64705,8790.85793041,103,2025-03-20,102,0.9742,931.056123699,17:10,17:20,6057.21020113,936.866625397,0,853.390595955,853.390595955,0.9742,8790.85793041
2025-03-20,105,17:30,6025.68,597.3375,6120.99495289,647.920017991,912.179155816,912.179155816,0,7.45540581613,0,0,0,99.55625,8797.56779564,104,2025-03-20,103,0.9862,899.591083466,17:20,17:30,6120.99495289,647.920017991,0,912.179155816,912.179155816,0.9862,8790.85793041
2025-03-20,106,17:40,6213.4416,374.8971,6302.28579201,373.475024197,988.135127969,988.135127969,0,15.0443779685,0,0,0,62.48285,8811.10773581,105,2025-03-20,104,0.976,964.419884897,17:30,17:40,6302.28579201,373.475024197,0,988.135127969,988.135127969,0.976,8797.56779564
2025-03-20,107,17:50,5394.1467,156.1276,5624.75063627,143.802310561,913.491387619,913.491387619,0,40.4882042855,0,0,0,26.0212666667,8847.54711967,106,2025-03-20,105,1.0742,981.27244858,17:40,17:50,5624.75063627,143.802310561,0,913.491387619,913.491387619,1.0742,8811.10773581
2025-03-20,108,18:00,4094.12,0,4380.63995532,0,730.10665922,730.10665922,0,47.7533258868,0,0,0,0,8890.52511297,107,2025-03-20,106,1.2313,898.980329498,17:50,18:00,4380.63995532,0,0,730.10665922,730.10665922,1.2313,8847.54711967
2025-03-20,109,18:10,4187.9837,0,4211.06102368,0,701.843503947,701.843503947,0,3.84622061409,0,0,0,0,8893.98671152,108,2025-03-20,107,1.2561,881.585625308,18:00,18:10,4211.06102368,0,0,701.843503947,701.843503947,1.2561,8890.52511297
2025-03-20,110,18:20,4441.4267,5.5774,4377.10965434,0,729.518275723,729.518275723,0,0,9.78994094331,0,0,0.929566666667,8883.10899936,109,2025-03-20,108,1.2447,908.031397793,18:10,18:20,4377.10965434,0,0,729.518275723,729.518275723,1.2447,8893.98671152
2025-03-20,111,18:30,4255.45,0,4348.31479911,0,724.719133184,724.719133184,0,15.4774665175,0,0,0,0,8897.03871923,110,2025-03-20,109,1.2545,909.16015258,18:20,18:30,4348.31479911,0,0,724.719133184,724.719133184,1.2545,8883.10899936
2025-03-20,112,18:40,4286.5369,0,4377.54992634,0,729.591654389,729.591654389,0,15.1688377226,0,0,0,0,8910.69067318,111,2025-03-20,110,1.2522,913.594669626,18:30,18:40,4377.54992634,0,0,729.591654389,729.591654389,1.2522,8897.03871923
2025-03-20,113,18:50,4470.2464,0.4004,4377.22025531,0,729.536709219,729.536709219,0,0,15.4376241146,0,0,0.0667333333333,8893.5377575,112,2025-03-20,111,1.2881,939.716235145,18:40,18:50,4377.22025531,0,0,729.536709219,729.536709219,1.2881,8910.69067318
2025-03-20,114,19:00,4579.24,0,4345.91147219,0,0,0,0,0,763.206666667,0,0,0,8045.53035009,113,2025-03-20,112,1.3466,0,18:50,19:00,4345.91147219,0,0,0,0,1.3466,8893.5377575
2025-03-20,115,19:10,4480.3082,0,4343.40543154,0,0,0,0,0,746.718033333,0,0,0,7215.84364638,114,2025-03-20,113,1.3523,0,19:00,19:10,4343.40543154,0,0,0,0,1.3523,8045.53035009
2025-03-20,116,19:20,4285.5618,0.0288,4336.48680837,0,474.796052798,474.796052798,0,0,239.459447202,0,0,0.0048,6949.77759394,115,2025-03-20,114,1.3445,638.363292987,19:10,19:20,4336.48680837,0,0,474.796052798,474.796052798,1.3445,7215.84364638
2025-03-20,117,19:30,4196.78,0,4389.26834549,0,0,0,0,0,699.463333333,0,0,0,6172.59611246,116,2025-03-20,115,1.3483,0,19:20,19:30,4389.26834549,0,0,0,0,1.3483,6949.77759394
2025-03-20,118,19:40,4330.8684,0,4502.39840754,0,0,0,0,0,721.8114,0,0,0,5370.58344579,117,2025-03-20,116,1.349,0,19:30,19:40,4502.39840754,0,0,0,0,1.349,6172.59611246
2025-03-20,119,19:50,4370.9481,0.0021,4490.87436451,0,0,0,0,0,728.491,0,0,0.00035,4561.14900135,118,2025-03-20,117,1.3473,0,19:40,19:50,4490.87436451,0,0,0,0,1.3473,5370.58344579
2025-03-20,120,20:00,4358.21,0,4352.19490939,0,0,0,0,0,726.368333333,0,0,0,3754.07307542,119,2025-03-20,118,1.3482,0,19:50,20:00,4352.19490939,0,0,0,0,1.3482,4561.14900135
2025-03-20,121,20:10,4586.0191,0,4416.02342245,0,0,0,0,0,764.336516667,0,0,0,2904.81027912,120,2025-03-20,119,1.3513,0,20:00,20:10,4416.02342245,0,0,0,0,1.3513,3754.07307542
2025-03-20,122,20:20,4523.6629,0,4419.62454331,0,736.604090552,736.604090552,0,0,17.3397261147,0,0,0,2885.54391677,121,2025-03-20,120,1.34,987.04948134,20:10,20:20,4419.62454331,0,0,736.604090552,736.604090552,1.34,2904.81027912
2025-03-20,123,20:30,4215.37,0,4291.53168601,0,0,0,0,0,702.561666667,0,0,0,2104.9198427,122,2025-03-20,121,1.3489,0,20:20,20:30,4291.53168601,0,0,0,0,1.3489,2885.54391677
2025-03-20,124,20:40,4256.2469,0,4371.31429351,0,0,0,0,0,709.374483333,0,0,0,1316.72597233,123,2025-03-20,122,1.3952,0,20:30,20:40,4371.31429351,0,0,0,0,1.3952,2104.9198427
2025-03-20,125,20:50,4319.0159,0,4478.58352142,0,746.430586903,746.430586903,0,26.5946035699,0,0,0,0,1340.66111554,124,2025-03-20,123,1.2226,912.586035548,20:40,20:50,4478.58352142,0,0,746.430586903,746.430586903,1.2226,1316.72597233
2025-03-20,126,21:00,4257.25,0,4495.0350424,0,749.172507067,749.172507067,0,39.6308404004,0,0,0,0,1376.3288719,125,2025-03-20,124,0.9332,699.127783595,20:50,21:00,4495.0350424,0,0,749.172507067,749.172507067,0.9332,1340.66111554
2025-03-20,127,21:10,4290.2681,0,4390.34041473,0,731.723402455,731.723402455,0,16.6787191221,0,0,0,0,1391.33971911,126,2025-03-20,125,0.9068,663.526781347,21:00,21:10,4390.34041473,0,0,731.723402455,731.723402455,0.9068,1376.3288719
2025-03-20,128,21:20,4418.7036,0,4319.92998222,0,719.98833037,719.98833037,0,0,16.4622696297,0,0,0,1373.04830841,127,2025-03-20,126,0.9371,674.70106439,21:10,21:20,4319.92998222,0,0,719.98833037,719.98833037,0.9371,1391.33971911
2025-03-20,129,21:30,4553.6,0,4397.10018402,0,732.850030671,732.850030671,0,0,26.0833026627,0,0,0,1344.06686101,128,2025-03-20,127,0.9371,686.753763741,21:20,21:30,4397.10018402,0,0,732.850030671,732.850030671,0.9371,1373.04830841
2025-03-20,130,21:40,4526.2528,0,4401.97380693,0,733.662301155,733.662301155,0,0,20.7131655118,0,0,0,1321.05223266,129,2025-03-20,128,0.9871,724.19805747,21:30,21:40,4401.97380693,0,0,733.662301155,733.662301155,0.9871,1344.06686101
2025-03-20,131,21:50,4001.6252,0,3918.86478909,0,653.144131514,653.144131514,0,0,13.793401819,0,0,0,1305.72623064,130,2025-03-20,129,0.7764,507.101103708,21:40,21:50,3918.86478909,0,0,653.144131514,653.144131514,0.7764,1321.05223266
2025-03-20,132,22:00,3318.94,0,3334.52417488,0,1389.08736248,1386.49,2.59736248072,833.333333333,0,0,0,0,2055.72623064,131,2025-03-20,130,0.4209,584.666870868,21:50,22:00,3334.52417488,0,0,1389.08736248,1389.08736248,0.4209,1305.72623064
2025-03-20,133,22:10,3233.4088,0,3329.92468833,0,1388.32078139,1372.2348,16.0859813876,833.333333333,0,0,0,0,2805.72623064,132,2025-03-20,131,0.3859,535.752989537,22:00,22:10,3329.92468833,0,0,1388.32078139,1388.32078139,0.3859,2055.72623064
2025-03-20,134,22:20,3319.971,0,3437.3182777,0,572.886379616,572.886379616,0,19.5578796159,0,0,0,0,2823.3283223,133,2025-03-20,132,0.4368,250.236770616,22:10,22:20,3437.3182777,0,0,572.886379616,572.886379616,0.4368,2805.72623064
2025-03-20,135,22:30,3255.84,0,3400.37574645,0,1400.06262441,1375.97333333,24.0892910745,833.333333333,0,0,0,0,3573.3283223,134,2025-03-20,133,0.4198,587.746289726,22:20,22:30,3400.37574645,0,0,1400.06262441,1400.06262441,0.4198,2823.3283223
2025-03-20,136,22:40,3144.1326,0,3431.70320092,0,1405.28386682,1357.35543333,47.9284334868,833.333333333,0,0,0,0,4323.3283223,135,2025-03-20,134,0.4186,588.251826651,22:30,22:40,3431.70320092,0,0,1405.28386682,1405.28386682,0.4186,3573.3283223
2025-03-20,137,22:50,3161.8174,0,3413.29676598,0,1402.21612766,1360.3029,41.9132276631,833.333333333,0,0,0,0,5073.3283223,136,2025-03-20,135,0.4241,594.679859742,22:40,22:50,3413.29676598,0,0,1402.21612766,1402.21612766,0.4241,4323.3283223
2025-03-20,138,23:00,3296.4,0,3403.48858847,0,1400.58143141,1382.73333333,17.8480980779,833.333333333,0,0,0,0,5823.3283223,137,2025-03-20,136,0.4237,593.426352489,22:50,23:00,3403.48858847,0,0,1400.58143141,1400.58143141,0.4237,5073.3283223
2025-03-20,139,23:10,3356.4081,0,3505.74832832,0,685.244644062,685.244644062,0,125.843294062,0,0,0,0,5936.58728695,138,2025-03-20,137,0.4248,291.091924798,23:00,23:10,3505.74832832,0,0,685.244644062,685.244644062,0.4248,5823.3283223
2025-03-20,140,23:20,3261.7676,0,3500.49226237,0,1416.7487104,1376.96126667,39.7874437286,833.333333333,0,0,0,0,6686.58728695,139,2025-03-20,138,0.424,600.701453208,23:10,23:20,3500.49226237,0,0,1416.7487104,1416.7487104,0.424,5936.58728695
2025-03-20,141,23:30,3267.73,0,3413.99387037,0,1402.33231173,1377.955,24.3773117291,833.333333333,0,0,0,0,7436.58728695,140,2025-03-20,139,0.422,591.78423555,23:20,23:30,3413.99387037,0,0,1402.33231173,1402.33231173,0.422,6686.58728695
2025-03-20,142,23:40,3604.076,0,3445.08252506,0,1407.51375418,1407.51375418,0,806.834420843,0,0,0,0,8162.73826571,141,2025-03-20,140,0.424,596.785831771,23:30,23:40,3445.08252506,0,0,1407.51375418,1407.51375418,0.424,7436.58728695
2025-03-20,143,23:50,3245.8691,0,3076.46565874,0,512.744276457,512.744276457,0,0,28.233906876,0,0,0,8131.36725807,142,2025-03-20,141,0.4271,218.993080475,23:40,23:50,3076.46565874,0,0,512.744276457,512.744276457,0.4271,8162.73826571
2025-03-20,144,00:00+1,2401,0,2578.78950036,0,429.798250059,429.798250059,0,29.6315833925,0,0,0,0,8158.03568312,143,2025-03-20,142,0.4276,183.781731725,23:50,00:00+1,2578.78950036,0,0,429.798250059,429.798250059,0.4276,8131.36725807
2025-06-21,1,00:10,3087.9838,0,3197.37218685,0,1266.96286961,1137.10599052,129.856879087,622.442023857,0,0,0,0,10800,0,2025-06-20,143,0.4248,538.20582701,00:00,00:10,2929.9921824,0,0,1266.96286961,1266.96286961,0.4248,10239.8021785
2025-06-21,2,00:20,3200.0919,0,3220.10798012,0,536.684663354,533.34865,3.33601335404,0,0,0,0,0,10800,1,2025-06-21,0,0.4245,227.822639594,00:10,00:20,3220.10798012,0,0,536.684663354,536.684663354,0.4245,10800
2025-06-21,3,00:30,3401.46,0,3152.87008856,0,525.478348093,525.478348093,0,0,41.4316519066,0,0,0,10753.9648312,2,2025-06-21,1,0.4269,224.326706801,00:20,00:30,3152.87008856,0,0,525.478348093,525.478348093,0.4269,10800
2025-06-21,4,00:40,3063.5261,0,3119.45745107,0,519.909575179,519.909575179,0,9.32189184535,0,0,0,0,10762.3545339,3,2025-06-21,2,0.4272,222.105370516,00:30,00:40,3119.45745107,0,0,519.909575179,519.909575179,0.4272,10753.9648312
2025-06-21,5,00:50,2820.2572,0,3140.65347441,0,523.442245735,511.87116236,11.5710833744,41.8282956937,0,0,0,0,10800,4,2025-06-21,3,0.4271,223.562183153,00:40,00:50,3140.65347441,0,0,523.442245735,523.442245735,0.4271,10762.3545339
2025-06-21,6,01:00,2883.38,0,3169.62837143,0,528.271395239,480.563333333,47.7080619052,0,0,0,0,0,10800,5,2025-06-21,4,0.4285,226.36429286,00:50,01:00,3169.62837143,0,0,528.271395239,528.271395239,0.4285,10800
2025-06-21,7,01:10,2869.9796,0,3112.27209949,0,518.712016581,478.329933333,40.382083248,0,0,0,0,0,10800,6,2025-06-21,5,0.4311,223.616750348,01:00,01:10,3112.27209949,0,0,518.712016581,518.712016581,0.4311,10800
2025-06-21,8,01:20,2985.8287,0,2954.79286839,0,492.465478064,492.465478064,0,0,5.17263860248,0,0,0,10794.2526238,7,2025-06-21,6,0.4302,211.858648663,01:10,01:20,2954.79286839,0,0,492.465478064,492.465478064,0.4302,10800
2025-06-21,9,01:30,3164.18,0,2820.12123115,0,470.020205191,470.020205191,0,0,57.3431281423,0,0,0,10730.538037,8,2025-06-21,7,0.4279,201.121645801,01:20,01:30,2820.12123115,0,0,470.020205191,470.020205191,0.4279,10794.2526238
2025-06-21,10,01:40,3064.8457,0,2950.77323029,0,491.795538382,491.795538382,0,0,19.0120782845,0,0,0,10709.4135055,9,2025-06-21,8,0.4312,212.06223615,01:30,01:40,2950.77323029,0,0,491.795538382,491.795538382,0.4312,10730.538037
2025-06-21,11,01:50,2954.0459,0,2913.80297247,0,485.633828745,485.633828745,0,0,6.70715458828,0,0,0,10701.9611115,10,2025-06-21,9,0.4333,210.425137995,01:40,01:50,2913.80297247,0,0,485.633828745,485.633828745,0.4333,10709.4135055
2025-06-21,12,02:00,2994.62,0,2859.794114,0,476.632352333,476.632352333,0,0,22.4709810007,0,0,0,10676.9933549,11,2025-06-21,10,0.4311,205.476207091,01:50,02:00,2859.794114,0,0,476.632352333,476.632352333,0.4311,10701.9611115
2025-06-21,13,02:10,3072.4014,0,2982.99374615,0,497.165624358,497.165624358,0,0,14.9012756416,0,0,0,10660.4363819,12,2025-06-21,11,0.4293,213.433202537,02:00,02:10,2982.99374615,0,0,497.165624358,497.165624358,0.4293,10676.9933549
2025-06-21,14,02:20,3013.1015,0,2931.333006,0,488.555501,488.555501,0,0,13.6280823332,0,0,0,10645.2940682,13,2025-06-21,12,0.4324,211.251398632,02:10,02:20,2931.333006,0,0,488.555501,488.555501,0.4324,10660.4363819
2025-06-21,15,02:30,2838.75,0,2720.04675368,0,0,0,0,0,473.125,0,0,0,10119.5996238,14,2025-06-21,13,0.4367,0,02:20,02:30,2720.04675368,0,0,0,0,0.4367,10645.2940682
2025-06-21,16,02:40,2749.9199,0,2786.19257606,0,464.365429343,464.365429343,0,6.04544601011,0,0,0,0,10125.0405252,15,2025-06-21,14,0.4348,201.906088679,02:30,02:40,2786.19257606,0,0,464.365429343,464.365429343,0.4348,10119.5996238
2025-06-21,17,02:50,2820.5847,0,2756.56253388,0,459.42708898,459.42708898,0,0,10.6703610199,0,0,0,10113.1845685,16,2025-06-21,15,0.4335,199.161643073,02:40,02:50,2756.56253388,0,0,459.42708898,459.42708898,0.4335,10125.0405252
2025-06-21,18,03:00,2936.24,0,2621.25367552,0,436.875612586,436.875612586,0,0,52.4977207474,0,0,0,10054.8537677,17,2025-06-21,16,0.4357,190.346704404,02:50,03:00,2621.25367552,0,0,436.875612586,436.875612586,0.4357,10113.1845685
2025-06-21,19,03:10,2920.1894,0.0012,2701.25011823,0,0,0,0,0,486.698033333,0,0,0.0002,9514.07817508,18,2025-06-21,17,0.4374,0,03:00,03:10,2701.25011823,0,0,0,0,0.4374,10054.8537677
2025-06-21,20,03:20,2951.0328,0,2749.59480806,0,0,0,0,0,491.8388,0,0,0,8967.59061953,19,2025-06-21,18,0.4371,0,03:10,03:20,2749.59480806,0,0,0,0,0.4371,9514.07817508
2025-06-21,21,03:30,2977.51,0,2725.87783541,0,454.312972569,454.312972569,0,0,41.938694098,0,0,0,8920.99207053,20,2025-06-21,19,0.4356,197.898730851,03:20,03:30,2725.87783541,0,0,454.312972569,454.312972569,0.4356,8967.59061953
2025-06-21,22,03:40,2780.298,0.0162,2869.21695418,0,478.202825697,478.202825697,0,14.822525697,0,0,0,0.0027,8934.33234366,21,2025-06-21,20,0.4353,208.161690026,03:30,03:40,2869.21695418,0,0,478.202825697,478.202825697,0.4353,8920.99207053
2025-06-21,23,03:50,2728.3059,0,2903.1493143,0,251.215071294,251.215071294,0,0,203.502578706,0,0,0,8708.21836732,22,2025-06-21,21,0.436,109.529771084,03:40,03:50,2903.1493143,0,0,251.215071294,251.215071294,0.436,8934.33234366
2025-06-21,24,04:00,2862.19,0,2729.15004481,0,0,0,0,0,477.031666667,0,0,0,8178.18318213,23,2025-06-21,22,0.4378,0,03:50,04:00,2729.15004481,0,0,0,0,0.4378,8708.21836732
2025-06-21,25,04:10,2845.9182,0.2263,2680.38637991,0,0,0,0,0,474.281983333,0,0,0.0377166666667,7651.20320065,24,2025-06-21,23,0.4401,0,04:00,04:10,2680.38637991,0,0,0,0,0.4401,8178.18318213
2025-06-21,26,04:20,2748.951,0,2660.03653165,0,0,0,0,0,458.1585,0,0,0,7142.13820065,25,2025-06-21,24,0.4389,0,04:10,04:20,2660.03653165,0,0,0,0,0.4389,7651.20320065
2025-06-21,27,04:30,2677.31,0,2680.6537937,0,0,0,0,0,446.218333333,0,0,0,6646.3400525,26,2025-06-21,25,0.4364,0,04:20,04:30,2680.6537937,0,0,0,0,0.4364,7142.13820065
2025-06-21,28,04:40,2660.8713,3.1516,2654.88586571,0,0,0,0,0,442.953283333,0,0,0.525266666667,6154.16973769,27,2025-06-21,26,0.4393,0,04:30,04:40,2654.88586571,0,0,0,0,0.4393,6646.3400525
2025-06-21,29,04:50,2702.3205,0,2631.45650927,0,0,0,0,0,450.38675,0,0,0,5653.74001546,28,2025-06-21,27,0.4422,0,04:40,04:50,2631.45650927,0,0,0,0,0.4422,6154.16973769
2025-06-21,30,05:00,2732.32,7.275,2617.71701584,30.5055764037,0,0,0,0,454.174166667,0,0,1.2125,5149.1020525,29,2025-06-21,28,0.4395,0,04:50,05:00,2617.71701584,30.5055764037,0,0,0,0.4395,5653.74001546
2025-06-21,31,05:10,2664.7178,116.7655,2594.45176389,113.297310715,413.525742196,413.525742196,0,0,11.1329744711,0,0,19.4609166667,5136.73208087,30,2025-06-21,29,0.4333,179.180704093,05:00,05:10,2594.45176389,113.297310715,0,413.525742196,413.525742196,0.4333,5149.1020525
2025-06-21,32,05:20,2606.871,263.9703,2618.68728365,299.644109399,0,0,0,0,390.48345,0,0,43.99505,4702.86158087,31,2025-06-21,30,0.4439,0,05:10,05:20,2618.68728365,299.644109399,0,0,0,0.4439,5136.73208087
2025-06-21,33,05:30,2642.15,417.075,2716.41939122,490.08261778,371.056128907,371.056128907,0,0.210295573632,0,0,0,69.5125,4703.05084688,32,2025-06-21,31,0.4301,159.591241043,05:20,05:30,2716.41939122,490.08261778,0,371.056128907,371.056128907,0.4301,4702.86158087
2025-06-21,34,05:40,2745.0641,587.5961,2865.19867317,689.095884099,362.683798178,362.683798178,0,3.10579817808,0,0,0,97.9326833333,4705.84606524,33,2025-06-21,32,0.3713,134.664494264,05:30,05:40,2865.19867317,689.095884099,0,362.683798178,362.683798178,0.3713,4703.05084688
2025-06-21,35,05:50,2758.042,735.8325,2858.34909736,899.516554583,0,0,0,0,337.034916667,0,0,122.63875,4331.3628245,34,2025-06-21,33,0.5708,0,05:40,05:50,2858.34909736,899.516554583,0,0,0,0.5708,4705.84606524
2025-06-21,36,06:00,2741.64,890.7,2738.49755661,1103.89672947,0,0,0,0,308.49,0,0,148.45,3988.59615784,35,2025-06-21,34,0.9099,0,05:50,06:00,2738.49755661,1103.89672947,0,0,0,0.9099,4331.3628245
2025-06-21,37,06:10,2888.7304,1136.9554,2752.57446133,1313.08630755,0,0,0,0,291.9625,0,0,189.492566667,3664.19338006,36,2025-06-21,35,0.9368,0,06:00,06:10,2752.57446133,1313.08630755,0,0,0,0.9368,3988.59615784
2025-06-21,38,06:20,2932.231,1453.4028,2757.44224748,1501.71651302,0,0,0,0,246.471366667,0,0,242.2338,3390.33630598,37,2025-06-21,36,0.8758,0,06:10,06:20,2757.44224748,1501.71651302,0,0,0,0.8758,3664.19338006
2025-06-21,39,06:30,2764.02,1765.9125,2718.67149752,1677.30730411,0,0,0,0,166.35125,0,0,294.31875,3205.50158376,38,2025-06-21,37,0.8759,0,06:20,06:30,2718.67149752,1677.30730411,0,0,0,0.8759,3390.33630598
2025-06-21,40,06:40,2606.6137,2022.3026,2647.10324193,1915.13494141,0,0,0,0,97.3851833333,0,0,337.050433333,3097.2958245,39,2025-06-21,38,0.8601,0,06:30,06:40,2647.10324193,1915.13494141,0,0,0,0.8601,3205.50158376
2025-06-21,41,06:50,2867.7649,2350.4923,2757.05897109,2178.35462136,0,0,0,0,86.2121,0,0,391.748716667,3001.50460228,40,2025-06-21,39,0.8442,0,06:40,06:50,2757.05897109,2178.35462136,0,0,0,0.8442,3097.2958245
2025-06-21,42,07:00,3304.27,2699.25,3083.41917157,2464.45372159,0,0,0,0,100.836666667,0,0,449.875,2889.46386154,41,2025-06-21,40,0.8334,0,06:50,07:00,3083.41917157,2464.45372159,0,0,0,0.8334,3001.50460228
2025-06-21,43,07:10,3254.3169,2874.6231,3202.35293557,2766.23170666,0,0,0,0,63.2823,0,0,479.10385,2819.15019487,42,2025-06-21,41,0.8092,0,07:00,07:10,3202.35293557,2766.23170666,0,0,0,0.8092,2889.46386154
2025-06-21,44,07:20,3137.5948,3006.0287,3229.02487028,3021.32616992,0,0,0,0,21.9276833333,0,0,501.004783333,2794.78610228,43,2025-06-21,42,0.7972,0,07:10,07:20,3229.02487028,3021.32616992,0,0,0,0.7972,2819.15019487
2025-06-21,45,07:30,3174.85,3224.8875,3214.50810812,3253.799503,0,0,0,8.33958333333,0,0,0,537.48125,2802.29172728,44,2025-06-21,43,0.7644,0,07:20,07:30,3214.50810812,3253.799503,0,0,0,0.7644,2794.78610228
2025-06-21,46,07:40,3159.7263,3537.527,3203.22611609,3519.75426956,0,0,0,62.9667833333,0,0,0,589.587833333,2858.96183228,45,2025-06-21,44,0.6899,0,07:30,07:40,3203.22611609,3519.75426956,0,0,0,0.6899,2802.29172728
2025-06-21,47,07:50,3087.5763,3785.3986,3180.10577601,3766.27280391,0,0,0,116.303716667,0,0,0,630.899766667,2963.63517728,46,2025-06-21,45,0.86,0,07:40,07:50,3180.10577601,3766.27280391,0,0,0,0.86,2858.96183228
2025-06-21,48,08:00,3062.36,4003.425,3164.76222351,4015.93103158,0,0,0,156.844166667,0,0,0,667.2375,3104.79492728,47,2025-06-21,46,1.1617,0,07:50,08:00,3164.76222351,4015.93103158,0,0,0,1.1617,2963.63517728
2025-06-21,49,08:10,3162.0197,4334.7324,3269.093461,4233.2668246,0,0,0,195.452116667,0,0,0,722.4554,3280.70183228,48,2025-06-21,47,1.1683,0,08:00,08:10,3269.093461,4233.2668246,0,0,0,1.1683,3104.79492728
2025-06-21,50,08:20,3160.9922,4441.8035,3218.57887919,4472.49955617,0,0,0,213.46855,0,0,0,740.300583333,3472.82352728,49,2025-06-21,48,1.0956,0,08:10,08:20,3218.57887919,4472.49955617,0,0,0,1.0956,3280.70183228
2025-06-21,51,08:30,3037.59,4358.7,3081.60877049,4698.13784181,0,0,0,220.185,0,0,0,726.45,3670.99002728,50,2025-06-21,49,1.0849,0,08:20,08:30,3081.60877049,4698.13784181,0,0,0,1.0849,3472.82352728
2025-06-21,52,08:40,3030.9974,4479.895,3108.34880235,4906.15503179,0,0,0,241.482933333,0,0,0,746.649166667,3888.32466728,51,2025-06-21,50,1.061,0,08:30,08:40,3108.34880235,4906.15503179,0,0,0,1.061,3670.99002728
2025-06-21,53,08:50,3289.939,4668.5166,3400.03175014,5026.68355095,0,0,0,229.762933333,0,0,0,778.0861,4095.11130728,52,2025-06-21,51,1.043,0,08:40,08:50,3400.03175014,5026.68355095,0,0,0,1.043,3888.32466728
2025-06-21,54,09:00,3650.62,4746.075,3689.14283434,5183.99136549,0,0,0,182.575833333,0,0,0,791.0125,4259.42955728,53,2025-06-21,52,1.036,0,08:50,09:00,3689.14283434,5183.99136549,0,0,0,1.036,4095.11130728
2025-06-21,55,09:10,3785.9011,4746.9534,3821.48521057,5488.52835285,0,0,0,160.175383333,0,0,0,791.1589,4403.58740228,54,2025-06-21,53,1.0147,0,09:00,09:10,3821.48521057,5488.52835285,0,0,0,1.0147,4259.42955728
2025-06-21,56,09:20,3849.6183,5139.4381,3802.23915475,5676.66471022,0,0,0,214.969966667,0,0,0,856.573016667,4597.06037228,55,2025-06-21,54,0.9922,0,09:10,09:20,3802.23915475,5676.66471022,0,0,0,0.9922,4403.58740228
2025-06-21,57,09:30,3824.6,5794.3125,3704.17350984,5735.55033231,0,0,0,328.285416667,0,0,0,965.71875,4892.51724728,56,2025-06-21,55,0.97,0,09:20,09:30,3704.17350984,5735.55033231,0,0,0,0.97,4597.06037228
2025-06-21,58,09:40,3582.3586,6109.068,3666.02524177,5919.62904188,0,0,0,421.118233333,0,0,0,1018.178,5271.52365728,57,2025-06-21,56,0.9422,0,09:30,09:40,3666.02524177,5919.62904188,0,0,0,0.9422,4892.51724728
2025-06-21,59,09:50,3687.9447,6385.1018,3692.8106603,6097.62767127,0,0,0,449.526183333,0,0,0,1064.18363333,5676.09722228,58,2025-06-21,57,0.9569,0,09:40,09:50,3692.8106603,6097.62767127,0,0,0,0.9569,5271.52365728
2025-06-21,60,10:00,4000.14,6643.5375,3754.00931376,6249.15276172,0,0,0,440.56625,0,0,0,1107.25625,6072.60684728,59,2025-06-21,58,0.9977,0,09:50,10:00,3754.00931376,6249.15276172,0,0,0,0.9977,5676.09722228
2025-06-21,61,10:10,3826.1041,6589.8893,3824.09398729,6479.34097383,0,0,0,460.630866667,0,0,0,1098.31488333,6487.17462728,60,2025-06-21,59,0.9919,0,10:00,10:10,3824.09398729,6479.34097383,0,0,0,0.9919,6072.60684728
2025-06-21,62,10:20,3761.4976,6695.6004,3734.36695102,6656.34279428,0,0,0,489.017133333,0,0,0,1115.9334,6927.29004728,61,2025-06-21,60,0.9588,0,10:10,10:20,3734.36695102,6656.34279428,0,0,0,0.9588,6487.17462728
2025-06-21,63,10:30,3901.91,7000.9875,3638.87443725,6749.38739416,0,0,0,516.512916667,0,0,0,1166.83125,7392.15167228,62,2025-06-21,61,0.9549,0,10:20,10:30,3638.87443725,6749.38739416,0,0,0,0.9549,6927.29004728
2025-06-21,64,10:40,3726.7535,7093.8409,3710.91144587,6895.1896952,0,0,0,561.181233333,0,0,0,1182.30681667,7897.21478228,63,2025-06-21,62,0.9839,0,10:30,10:40,3710.91144587,6895.1896952,0,0,0,0.9839,7392.15167228
2025-06-21,65,10:50,3565.5609,7243.1188,3733.8699597,6992.80051618,0,0,0,612.926316667,0,0,0,1207.18646667,8448.84846728,64,2025-06-21,63,0.799,0,10:40,10:50,3733.8699597,6992.80051618,0,0,0,0.799,7897.21478228
2025-06-21,66,11:00,3679.21,7400.1,3639.58015273,6972.00879867,0,0,0,620.148333333,0,0,0,1233.35,9006.98196728,65,2025-06-21,64,0.5025,0,10:50,11:00,3639.58015273,6972.00879867,0,0,0,0.5025,8448.84846728
2025-06-21,67,11:10,3945.6166,7306.5816,3596.24747377,6921.16388584,0,0,0,560.160833333,0,0,0,1217.7636,9511.12671728,66,2025-06-21,65,0.4662,0,11:00,11:10,3596.24747377,6921.16388584,0,0,0,0.4662,9006.98196728
2025-06-21,68,11:20,3900.6403,7782.8954,3584.54193872,6863.03590839,0,0,0,647.042516667,0,0,0,1297.14923333,10093.4649823,67,2025-06-21,66,0.5007,0,11:10,11:20,3584.54193872,6863.03590839,0,0,0,0.5007,9511.12671728
2025-06-21,69,11:30,3645.76,8490.225,3602.81462691,6800.16537174,0,0,0,785.038908577,0,0,22.3719247564,1392.66557524,10800,68,2025-06-21,67,0.4827,0,11:20,11:30,3602.81462691,6800.16537174,0,0,0,0.4827,10093.4649823
2025-06-21,70,11:40,3705.1427,8180.7164,3683.97553938,6740.11736766,0,0,0,0,0,0,745.92895,617.523783333,10800,69,2025-06-21,68,0.4785,0,11:30,11:40,3683.97553938,6740.11736766,0,0,0,0.4785,10800
2025-06-21,71,11:50,3724.3133,7677.6706,3711.49125298,6669.45953754,0,0,0,0,0,0,658.892883333,620.718883333,10800,70,2025-06-21,69,0.4662,0,11:40,11:50,3711.49125298,6669.45953754,0,0,0,0.4662,10800
2025-06-21,72,12:00,3631.08,7665.1125,3711.00743157,6598.78442659,0,0,0,0,0,0,672.33875,605.18,10800,71,2025-06-21,70,0.4432,0,11:50,12:00,3711.00743157,6598.78442659,0,0,0,0.4432,10800
2025-06-21,73,12:10,3735.5415,8044.2631,3784.36477435,6580.93588665,0,0,0,0,0,0,718.120266667,622.59025,10800,72,2025-06-21,71,0.4411,0,12:00,12:10,3784.36477435,6580.93588665,0,0,0,0.4411,10800
2025-06-21,74,12:20,3852.2352,8300.9755,3746.57749397,6712.98415414,0,0,0,0,0,0,741.456716667,642.0392,10800,73,2025-06-21,72,0.4551,0,12:10,12:20,3746.57749397,6712.98415414,0,0,0,0.4551,10800
2025-06-21,75,12:30,3928.56,8383.0125,3658.02497892,6885.45179775,0,0,0,0,0,0,742.40875,654.76,10800,74,2025-06-21,73,0.4463,0,12:20,12:30,3658.02497892,6885.45179775,0,0,0,0.4463,10800
2025-06-21,76,12:40,4059.9044,8605.7877,3710.77875542,6856.19795294,0,0,0,0,0,0,757.647216667,676.650733333,10800,75,2025-06-21,74,0.4113,0,12:30,12:40,3710.77875542,6856.19795294,0,0,0,0.4113,10800
2025-06-21,77,12:50,3912.5928,8542.7209,3718.56146595,6727.32448757,0,0,0,0,0,0,771.688016667,652.0988,10800,76,2025-06-21,75,0.5682,0,12:40,12:50,3718.56146595,6727.32448757,0,0,0,0.5682,10800
2025-06-21,78,13:00,3688.01,8049.6,3686.71949424,6710.891402,0,0,0,0,0,0,726.931666667,614.668333333,10800,77,2025-06-21,76,0.8279,0,12:50,13:00,3686.71949424,6710.891402,0,0,0,0.8279,10800
2025-06-21,79,13:10,3910.4683,7493.4162,3786.87254346,6808.66331735,0,0,0,0,0,0,597.157983333,651.744716667,10800,78,2025-06-21,77,0.8636,0,13:00,13:10,3786.87254346,6808.66331735,0,0,0,0.8636,10800
2025-06-21,80,13:20,3862.6154,7354.9231,3811.06465967,6654.00884427,0,0,0,0,0,0,582.051283333,643.769233333,10800,79,2025-06-21,78,0.8416,0,13:10,13:20,3811.06465967,6654.00884427,0,0,0,0.8416,10800
2025-06-21,81,13:30,3589.29,7340.8875,3748.39728424,6344.24817394,0,0,0,0,0,0,625.26625,598.215,10800,80,2025-06-21,79,0.8618,0,13:20,13:30,3748.39728424,6344.24817394,0,0,0,0.8618,10800
2025-06-21,82,13:40,3849.2221,6714.7449,3792.21684417,6241.42101208,0,0,0,0,0,0,477.587133333,641.537016667,10800,81,2025-06-21,80,0.8623,0,13:30,13:40,3792.21684417,6241.42101208,0,0,0,0.8623,10800
2025-06-21,83,13:50,3978.2382,6127.755,3886.00255759,6153.66942445,0,0,0,0,0,0,358.2528,663.0397,10800,82,2025-06-21,81,0.9026,0,13:40,13:50,3886.00255759,6153.66942445,0,0,0,0.9026,10800
2025-06-21,84,14:00,3861.85,5956.2,3952.79422349,5995.5750828,0,0,0,0,0,0,349.058333333,643.641666667,10800,83,2025-06-21,82,0.9754,0,13:50,14:00,3952.79422349,5995.5750828,0,0,0,0.9754,10800
2025-06-21,85,14:10,4047.8905,5941.7978,3987.3870771,5969.6375919,0,0,0,0,0,0,315.651216667,674.648416667,10800,84,2025-06-21,83,1.0002,0,14:00,14:10,3987.3870771,5969.6375919,0,0,0,1.0002,10800
2025-06-21,86,14:20,4095.2281,5827.294,3956.13077334,5864.31388149,0,0,0,0,0,0,288.67765,682.538016667,10800,85,2025-06-21,84,0.9978,0,14:10,14:20,3956.13077334,5864.31388149,0,0,0,0.9978,10800
2025-06-21,87,14:30,4007.39,5738.1375,3855.0474661,5639.48016563,0,0,0,0,0,0,288.457916667,667.898333333,10800,86,2025-06-21,85,1.0271,0,14:20,14:30,3855.0474661,5639.48016563,0,0,0,1.0271,10800
2025-06-21,88,14:40,4227.0513,5964.2607,3825.34343708,5442.14081287,0,0,0,0,0,0,289.5349,704.50855,10800,87,2025-06-21,86,1.0906,0,14:30,14:40,3825.34343708,5442.14081287,0,0,0,1.0906,10800
2025-06-21,89,14:50,4182.4486,5979.2451,3915.01458713,5320.66207338,0,0,0,0,0,0,299.466083333,697.074766667,10800,88,2025-06-21,87,0.9376,0,14:40,14:50,3915.01458713,5320.66207338,0,0,0,0.9376,10800
2025-06-21,90,15:00,3879.68,5680.4625,4004.60128041,5185.95482867,0,0,0,0,0,0,300.130416667,646.613333333,10800,89,2025-06-21,88,0.6694,0,14:50,15:00,4004.60128041,5185.95482867,0,0,0,0.6694,10800
2025-06-21,91,15:10,3916.2335,5457.1539,3987.18303373,4913.44193028,0,0,0,0,0,0,256.820066667,652.705583333,10800,90,2025-06-21,89,0.66,0,15:00,15:10,3987.18303373,4913.44193028,0,0,0,0.66,10800
2025-06-21,92,15:20,3924.3398,5153.0688,3942.00751223,4689.00957298,0,0,0,0,0,0,204.788166667,654.056633333,10800,91,2025-06-21,90,0.7217,0,15:10,15:20,3942.00751223,4689.00957298,0,0,0,0.7217,10800
2025-06-21,93,15:30,3875.5,4811.1,4005.80919661,4505.08341855,0,0,0,0,0,0,155.933333333,645.916666667,10800,92,2025-06-21,91,0.7308,0,15:20,15:30,4005.80919661,4505.08341855,0,0,0,0.7308,10800
2025-06-21,94,15:40,4137.0155,4680.9532,4186.52306103,4179.27771456,1.20755774562,0,1.20755774562,0,0,0,90.6562833333,689.502583333,10800,93,2025-06-21,92,0.7534,0.909774005548,15:30,15:40,4186.52306103,4179.27771456,0,1.20755774562,1.20755774562,0.7534,10800
2025-06-21,95,15:50,4317.2602,4481.2341,4235.08229664,3859.91567649,62.5277700258,0,62.5277700258,0,0,0,27.3289833333,719.543366667,10800,94,2025-06-21,93,0.7823,48.9154744912,15:40,15:50,4235.08229664,3859.91567649,0,62.5277700258,62.5277700258,0.7823,10800
2025-06-21,96,16:00,4217.43,4055.4,4229.8783129,3613.13462704,102.79061431,27.005,75.7856143099,0,0,0,0,675.9,10800,95,2025-06-21,94,0.8055,82.7978398267,15:50,16:00,4229.8783129,3613.13462704,0,102.79061431,102.79061431,0.8055,10800
2025-06-21,97,16:10,4034.2858,3562.8565,4457.68110203,3368.90006827,181.463505626,78.57155,102.891955626,0,0,0,0,593.809416667,10800,96,2025-06-21,95,0.8271,150.088465503,16:00,16:10,4457.68110203,3368.90006827,0,181.463505626,181.463505626,0.8271,10800
2025-06-21,98,16:20,3980.7146,3361.4888,4289.95051572,3135.77323193,192.362880632,103.2043,89.1585806318,0,0,0,0,560.248133333,10800,97,2025-06-21,96,0.8519,163.87393801,16:10,16:20,4289.95051572,3135.77323193,0,192.362880632,192.362880632,0.8519,10800
2025-06-21,99,16:30,4042.02,3406.575,3986.06400174,2947.07563413,173.164727934,105.9075,67.257227934,0,0,0,0,567.7625,10800,98,2025-06-21,97,0.8791,152.229112327,16:20,16:30,3986.06400174,2947.07563413,0,173.164727934,173.164727934,0.8791,10800
2025-06-21,100,16:40,3983.774,3291.2298,4247.50009969,2798.48334024,241.502793243,115.424033333,126.078759909,0,0,0,0,548.5383,10800,99,2025-06-21,98,0.9024,217.932120622,16:30,16:40,4247.50009969,2798.48334024,0,241.502793243,241.502793243,0.9024,10800
2025-06-21,101,16:50,3621.8931,2964.175,4143.95639188,2593.84346458,258.352154551,109.619683333,148.732471217,0,0,0,0,494.029166667,10800,100,2025-06-21,99,0.9163,236.728079215,16:40,16:50,4143.95639188,2593.84346458,0,258.352154551,258.352154551,0.9163,10800
2025-06-21,102,17:00,3240.3,2623.6125,3633.73398048,2307.50094154,221.038839822,102.78125,118.257589822,0,0,0,0,437.26875,10800,101,2025-06-21,100,0.9264,204.770381212,16:50,17:00,3633.73398048,2307.50094154,0,221.038839822,221.038839822,0.9264,10800
2025-06-21,103,17:10,3335.0072,2479.2426,3643.04223056,2066.78086698,262.710227262,142.627433333,120.082793929,0,0,0,0,413.2071,10800,102,2025-06-21,101,0.9462,248.576417036,17:00,17:10,3643.04223056,2066.78086698,0,262.710227262,262.710227262,0.9462,10800
2025-06-21,104,17:20,3462.6248,2185.8548,3687.64382798,1872.96764853,302.446029908,212.795,89.6510299083,0,0,0,0,364.309133333,10800,103,2025-06-21,102,0.9742,294.642922337,17:10,17:20,3687.64382798,1872.96764853,0,302.446029908,302.446029908,0.9742,10800
2025-06-21,105,17:30,3484.27,1750.4625,3604.09753075,1666.51328528,322.930707578,288.967916667,33.9627909118,0,0,0,0,291.74375,10800,104,2025-06-21,103,0.9862,318.474263814,17:20,17:30,3604.09753075,1666.51328528,0,322.930707578,322.930707578,0.9862,10800
2025-06-21,106,17:40,3649.2081,1528.3871,3613.82757285,1426.79191312,364.505943288,353.470166667,11.0357766214,0,0,0,0,254.731183333,10800,105,2025-06-21,104,0.976,355.757800649,17:30,17:40,3613.82757285,1426.79191312,0,364.505943288,364.505943288,0.976,10800
2025-06-21,107,17:50,3604.3529,1310.4274,3594.72951797,1217.49807839,396.205239931,382.320916667,13.8843232646,0,0,0,0,218.404566667,10800,106,2025-06-21,105,1.0742,425.603668734,17:40,17:50,3594.72951797,1217.49807839,0,396.205239931,396.205239931,1.0742,10800
2025-06-21,108,18:00,3349.51,1034.1,3562.91045168,1047.23480746,419.279274036,385.901666667,33.3776073697,0,0,0,0,172.35,10800,107,2025-06-21,106,1.2313,516.258570121,17:50,18:00,3562.91045168,1047.23480746,0,419.279274036,419.279274036,1.2313,10800
2025-06-21,109,18:10,3274.4828,860.3286,3589.36638737,847.257251523,457.018189307,402.359033333,54.6591559738,0,0,0,0,143.3881,10800,108,2025-06-21,107,1.2561,574.060547589,18:00,18:10,3589.36638737,847.257251523,0,457.018189307,457.018189307,1.2561,10800
2025-06-21,110,18:20,3297.0032,677.2547,3628.54062002,629.610994665,499.821604226,436.62475,63.196854226,0,0,0,0,112.875783333,10800,109,2025-06-21,108,1.2447,622.12795078,18:10,18:20,3628.54062002,629.610994665,0,499.821604226,499.821604226,1.2447,10800
2025-06-21,111,18:30,3342.79,452.7,3676.25339487,428.736317565,541.252846218,481.681666667,59.5711795509,0,0,0,0,75.45,10800,110,2025-06-21,109,1.2545,679.00169558,18:20,18:30,3676.25339487,428.736317565,0,541.252846218,541.252846218,1.2545,10800
2025-06-21,112,18:40,3456.8314,276.0564,3763.6827887,263.353910182,583.38814642,530.129166667,53.2589797538,0,0,0,0,46.0094,10800,111,2025-06-21,110,1.2522,730.518636948,18:30,18:40,3763.6827887,263.353910182,0,583.38814642,583.38814642,1.2522,10800
2025-06-21,113,18:50,3634.5648,121.8367,3735.80287356,100.954603862,605.80804495,585.454683333,20.3533616171,0,0,0,0,20.3061166667,10800,112,2025-06-21,111,1.2881,780.341342701,18:40,18:50,3735.80287356,100.954603862,0,605.80804495,605.80804495,1.2881,10800
2025-06-21,114,19:00,3852.72,7.7625,3640.96049455,30.0637279869,0,0,0,0,640.82625,0,0,1.29375,10087.9708333,113,2025-06-21,112,1.3466,0,18:50,19:00,3640.96049455,30.0637279869,0,0,0,1.3466,10800
2025-06-21,115,19:10,4004.9442,0,3681.0900926,0,0,0,0,0,667.4907,0,0,0,9346.3145,114,2025-06-21,113,1.3523,0,19:00,19:10,3681.0900926,0,0,0,0,1.3523,10087.9708333
2025-06-21,116,19:20,3706.7434,3.2619,3722.62731465,0,0,0,0,0,617.246916667,0,0,0.54365,8660.48459259,115,2025-06-21,114,1.3445,0,19:10,19:20,3722.62731465,0,0,0,0,1.3445,9346.3145
2025-06-21,117,19:30,3293.48,0,3688.14719524,0,0,0,0,0,548.913333333,0,0,0,8050.58088889,116,2025-06-21,115,1.3483,0,19:20,19:30,3688.14719524,0,0,0,0,1.3483,8660.48459259
2025-06-21,118,19:40,3492.5254,0,3638.80438822,0,0,0,0,0,582.087566667,0,0,0,7403.81692593,117,2025-06-21,116,1.349,0,19:30,19:40,3638.80438822,0,0,0,0,1.349,8050.58088889
2025-06-21,119,19:50,3490.6667,0.2342,3585.85479926,0,0,0,0,0,581.73875,0,0,0.0390333333333,6757.44053704,118,2025-06-21,117,1.3473,0,19:40,19:50,3585.85479926,0,0,0,0,1.3473,7403.81692593
2025-06-21,120,20:00,3189.62,0,3626.25643386,0,0,0,0,0,531.603333333,0,0,0,6166.77016667,119,2025-06-21,118,1.3482,0,19:50,20:00,3626.25643386,0,0,0,0,1.3482,6757.44053704
2025-06-21,121,20:10,3348.2366,0,3809.80053167,0,0,0,0,0,558.039433333,0,0,0,5546.72635185,120,2025-06-21,119,1.3513,0,20:00,20:10,3809.80053167,0,0,0,0,1.3513,6166.77016667
2025-06-21,122,20:20,3725.2052,0.0168,3837.60645096,0,61.2795445834,61.2795445834,0,0,559.58518875,0,0,0.0028,4924.96503102,121,2025-06-21,120,1.34,82.1145897418,20:10,20:20,3837.60645096,0,0,61.2795445834,61.2795445834,1.34,5546.72635185
2025-06-21,123,20:30,3960.13,0,3733.29069547,0,0,0,0,0,660.021666667,0,0,0,4191.60762361,122,2025-06-21,121,1.3489,0,20:20,20:30,3733.29069547,0,0,0,0,1.3489,4924.96503102
2025-06-21,124,20:40,3881.8245,0,3846.34638533,0,0,0,0,0,646.97075,0,0,0,3472.75123472,123,2025-06-21,122,1.3952,0,20:30,20:40,3846.34638533,0,0,0,0,1.3952,4191.60762361
2025-06-21,125,20:50,3513.6729,0.0012,3930.03732815,0,655.006221358,655.006221358,0,69.3942713581,0,0,0,0.0002,3535.20607894,124,2025-06-21,123,1.2226,800.810606232,20:40,20:50,3930.03732815,0,0,655.006221358,655.006221358,1.2226,3472.75123472
2025-06-21,126,21:00,3160.32,0,3724.16761292,0,620.694602153,620.694602153,0,93.974602153,0,0,0,0,3619.78322088,125,2025-06-21,124,0.9332,579.232202729,20:50,21:00,3724.16761292,0,0,620.694602153,620.694602153,0.9332,3535.20607894
2025-06-21,127,21:10,3214.7106,0,3592.02965846,0,598.671609743,598.671609743,0,62.8865097431,0,0,0,0,3676.38107965,126,2025-06-21,125,0.9068,542.875415715,21:00,21:10,3592.02965846,0,0,598.671609743,598.671609743,0.9068,3619.78322088
2025-06-21,128,21:20,3489.1029,0,3554.46438561,0,592.410730935,592.410730935,0,10.8935809345,0,0,0,0,3686.18530249,127,2025-06-21,126,0.9371,555.148095959,21:10,21:20,3554.46438561,0,0,592.410730935,592.410730935,0.9371,3676.38107965
2025-06-21,129,21:30,3713.49,0,3567.26518523,0,594.544197539,594.544197539,0,0,24.3708024612,0,0,0,3659.10663309,128,2025-06-21,127,0.9371,557.147367514,21:20,21:30,3567.26518523,0,0,594.544197539,594.544197539,0.9371,3686.18530249
2025-06-21,130,21:40,3715.4477,0,3593.63465737,0,598.939109562,598.939109562,0,0,20.3021737715,0,0,0,3636.54866223,129,2025-06-21,128,0.9871,591.212795048,21:30,21:40,3593.63465737,0,0,598.939109562,598.939109562,0.9871,3659.10663309
2025-06-21,131,21:50,3460.6768,0,3497.12475359,0,582.854125599,582.854125599,0,6.07465893196,0,0,0,0,3642.01585527,130,2025-06-21,129,0.7764,452.527943115,21:40,21:50,3497.12475359,0,0,582.854125599,582.854125599,0.7764,3636.54866223
2025-06-21,132,22:00,3169.68,0,3307.99817655,0,1384.66636276,1361.61333333,23.0530294257,833.333333333,0,0,0,0,4392.01585527,131,2025-06-21,130,0.4209,582.806072085,21:50,22:00,3307.99817655,0,0,1384.66636276,1384.66636276,0.4209,3642.01585527
2025-06-21,133,22:10,3161.2424,0,3236.65594987,0,1372.77599165,1360.20706667,12.5689249791,833.333333333,0,0,0,0,5142.01585527,132,2025-06-21,131,0.3859,529.754255176,22:00,22:10,3236.65594987,0,0,1372.77599165,1372.77599165,0.3859,4392.01585527
2025-06-21,134,22:20,3268.4465,0,3177.46996259,0,529.578327098,529.578327098,0,0,15.1627562348,0,0,0,5125.16834834,133,2025-06-21,132,0.4368,231.319813277,22:10,22:20,3177.46996259,0,0,529.578327098,529.578327098,0.4368,5142.01585527
2025-06-21,135,22:30,3317.19,0,3161.01219929,0,1360.16869988,1360.16869988,0,807.303699881,0,0,0,0,5851.74167824,134,2025-06-21,133,0.4198,570.99882021,22:20,22:30,3161.01219929,0,0,1360.16869988,1360.16869988,0.4198,5125.16834834
2025-06-21,136,22:40,3281.0391,0,3368.11174917,0,1394.68529153,1380.17318333,14.5121081942,833.333333333,0,0,0,0,6601.74167824,135,2025-06-21,134,0.4186,583.815263033,22:30,22:40,3368.11174917,0,0,1394.68529153,1394.68529153,0.4186,5851.74167824
2025-06-21,137,22:50,3250.7574,0,3492.28824761,0,1415.3813746,1375.12623333,40.2551412681,833.333333333,0,0,0,0,7351.74167824,136,2025-06-21,135,0.4241,600.263240968,22:40,22:50,3492.28824761,0,0,1415.3813746,1415.3813746,0.4241,6601.74167824
2025-06-21,138,23:00,3190.39,0,3384.58267134,0,1397.43044522,1365.065,32.3654452225,833.333333333,0,0,0,0,8101.74167824,137,2025-06-21,136,0.4237,592.091279641,22:50,23:00,3384.58267134,0,0,1397.43044522,1397.43044522,0.4237,7351.74167824
2025-06-21,139,23:10,2998.9363,0,2997.54112251,0,499.590187086,499.590187086,0,0,0.232529580912,0,0,0,8101.48331204,138,2025-06-21,137,0.4248,212.225911474,23:00,23:10,2997.54112251,0,0,499.590187086,499.590187086,0.4248,8101.74167824
2025-06-21,140,23:20,2920.9743,0,2936.6259763,0,1322.77099605,1320.16238333,2.60861271691,833.333333333,0,0,0,0,8851.48331204,139,2025-06-21,138,0.424,560.854902325,23:10,23:20,2936.6259763,0,0,1322.77099605,1322.77099605,0.424,8101.48331204
2025-06-21,141,23:30,2989.3,0,3186.47988314,0,1364.41331386,1331.55,32.8633138566,833.333333333,0,0,0,0,9601.48331204,140,2025-06-21,139,0.422,575.782418447,23:20,23:30,3186.47988314,0,0,1364.41331386,1364.41331386,0.422,8851.48331204
2025-06-21,142,23:40,3024.571,0,3186.22569158,0,1364.3709486,1337.4285,26.942448597,833.333333333,0,0,0,0,10351.483312,141,2025-06-21,140,0.424,578.493282205,23:30,23:40,3186.22569158,0,0,1364.3709486,1364.3709486,0.424,9601.48331204
2025-06-21,143,23:50,3193.3141,0,3469.98143265,0,578.330238776,578.330238776,0,46.1112221089,0,0,0,0,10392.9834119,142,2025-06-21,141,0.4271,247.004844981,23:40,23:50,3469.98143265,0,0,578.330238776,578.330238776,0.4271,10351.483312
2025-06-21,144,00:00+1,3636.14,0,3914.36241665,0,652.393736108,652.393736108,0,46.370402775,0,0,0,0,10434.7167744,143,2025-06-21,142,0.4276,278.96356156,23:50,00:00+1,3914.36241665,0,0,652.393736108,652.393736108,0.4276,10392.9834119
2025-09-23,1,00:10,3421.106,0,3836.64214501,0,855.899885167,855.899885167,0,285.715551834,0,0,0,0,9935.53198099,0,2025-09-22,143,0.4248,363.586271219,00:00,00:10,3716.63172919,0,0,855.899885167,855.899885167,0.4248,9678.38798434
2025-09-23,2,00:20,3361.9091,0,3799.56852437,0,829.704132686,829.704132686,0,269.385949353,0,0,0,0,10177.9793354,1,2025-09-23,0,0.4245,352.209404325,00:10,00:20,3799.56852437,0,0,829.704132686,829.704132686,0.4245,9935.53198099
2025-09-23,3,00:30,3388.6,0,3688.41973105,0,614.736621841,614.736621841,0,49.9699551742,0,0,0,0,10222.9522951,2,2025-09-23,1,0.4269,262.431063864,00:20,00:30,3688.41973105,0,0,614.736621841,614.736621841,0.4269,10177.9793354
2025-09-23,4,00:40,3591.0535,0,3547.8549982,0,591.309166366,591.309166366,0,0,7.19975030057,0,0,0,10214.9525725,3,2025-09-23,2,0.4272,252.607275872,00:30,00:40,3547.8549982,0,0,591.309166366,591.309166366,0.4272,10222.9522951
2025-09-23,5,00:50,3639.0639,0,3475.55581677,0,579.259302796,579.259302796,0,0,27.2513472043,0,0,0,10184.6732978,4,2025-09-23,3,0.4271,247.401648224,00:40,00:50,3475.55581677,0,0,579.259302796,579.259302796,0.4271,10214.9525725
2025-09-23,6,01:00,3538.62,0,3501.33050636,0,583.555084394,583.555084394,0,0,6.21491560615,0,0,0,10177.7678361,5,2025-09-23,4,0.4285,250.053353663,00:50,01:00,3501.33050636,0,0,583.555084394,583.555084394,0.4285,10184.6732978
2025-09-23,7,01:10,3584.1201,0,3511.58698756,0,585.264497926,585.264497926,0,0,12.0888520735,0,0,0,10164.3357782,6,2025-09-23,5,0.4311,252.307525056,01:00,01:10,3511.58698756,0,0,585.264497926,585.264497926,0.4311,10177.7678361
2025-09-23,8,01:20,3479.83,0,3503.97038252,0,583.995063754,583.995063754,0,4.02339708721,0,0,0,0,10167.9568356,7,2025-09-23,6,0.4302,251.234676427,01:10,01:20,3503.97038252,0,0,583.995063754,583.995063754,0.4302,10164.3357782
2025-09-23,9,01:30,3316.08,0,3474.09690047,0,579.016150078,579.016150078,0,26.3361500781,0,0,0,0,10191.6593706,8,2025-09-23,7,0.4279,247.761010618,01:20,01:30,3474.09690047,0,0,579.016150078,579.016150078,0.4279,10167.9568356
2025-09-23,10,01:40,3504.3201,0,3505.77264347,0,584.295440578,584.295440578,0,0.242090578291,0,0,0,0,10191.8772522,9,2025-09-23,8,0.4312,251.948193977,01:30,01:40,3505.77264347,0,0,584.295440578,584.295440578,0.4312,10191.6593706
2025-09-23,11,01:50,3611.1697,0,3624.04264388,0,604.007107314,604.007107314,0,2.14549064686,0,0,0,0,10193.8081937,10,2025-09-23,9,0.4333,261.716279599,01:40,01:50,3624.04264388,0,0,604.007107314,604.007107314,0.4333,10191.8772522
2025-09-23,12,02:00,3543.64,0,3704.11866326,0,617.353110544,617.353110544,0,26.7464438773,0,0,0,0,10217.8799932,11,2025-09-23,10,0.4311,266.140925956,01:50,02:00,3704.11866326,0,0,617.353110544,617.353110544,0.4311,10193.8081937
2025-09-23,13,02:10,3627.3783,0,3585.47869148,0,597.579781913,597.579781913,0,0,6.98326808729,0,0,0,10210.1208065,12,2025-09-23,11,0.4293,256.541000375,02:00,02:10,3585.47869148,0,0,597.579781913,597.579781913,0.4293,10217.8799932
2025-09-23,14,02:20,3646.7973,0,3511.26842904,0,585.21140484,585.21140484,0,0,22.5881451601,0,0,0,10185.0228674,13,2025-09-23,12,0.4324,253.045411453,02:10,02:20,3511.26842904,0,0,585.21140484,585.21140484,0.4324,10210.1208065
2025-09-23,15,02:30,3569.92,0,3673.54378488,0,612.257297481,612.257297481,0,17.270630814,0,0,0,0,10200.5664351,14,2025-09-23,13,0.4367,267.37276181,02:20,02:30,3673.54378488,0,0,612.257297481,612.257297481,0.4367,10185.0228674
2025-09-23,16,02:40,3591.0744,0,3736.23221735,0,622.705369558,622.705369558,0,24.1929695579,0,0,0,0,10222.3401077,15,2025-09-23,14,0.4348,270.752294684,02:30,02:40,3736.23221735,0,0,622.705369558,622.705369558,0.4348,10200.5664351
2025-09-23,17,02:50,3523.6786,0,3681.65317215,0,613.608862025,613.608862025,0,26.3290953584,0,0,0,0,10246.0362936,16,2025-09-23,15,0.4335,265.999441688,02:40,02:50,3681.65317215,0,0,613.608862025,613.608862025,0.4335,10222.3401077
2025-09-23,18,03:00,3402.03,0,3657.43739045,0,609.572898408,609.572898408,0,42.5678984083,0,0,0,0,10284.3474021,17,2025-09-23,16,0.4357,265.590911836,02:50,03:00,3657.43739045,0,0,609.572898408,609.572898408,0.4357,10246.0362936
2025-09-23,19,03:10,3470.8796,0,3769.05045532,0,628.175075887,628.175075887,0,49.6951425537,0,0,0,0,10329.0730304,18,2025-09-23,17,0.4374,274.763778193,03:00,03:10,3769.05045532,0,0,628.175075887,628.175075887,0.4374,10284.3474021
2025-09-23,20,03:20,3546.3118,0,3689.61860637,0,614.936434395,614.936434395,0,23.8844677281,0,0,0,0,10350.5690514,19,2025-09-23,18,0.4371,268.788715474,03:10,03:20,3689.61860637,0,0,614.936434395,614.936434395,0.4371,10329.0730304
2025-09-23,21,03:30,3521.1,0,3562.8358821,0,593.805980349,593.805980349,0,6.95598034923,0,0,0,0,10356.8294337,20,2025-09-23,19,0.4356,258.66188504,03:20,03:30,3562.8358821,0,0,593.805980349,593.805980349,0.4356,10350.5690514
2025-09-23,22,03:40,3493.0415,0,3505.99193679,0,584.331989465,584.331989465,0,2.15840613207,0,0,0,0,10358.7719992,21,2025-09-23,20,0.4353,254.359715014,03:30,03:40,3505.99193679,0,0,584.331989465,584.331989465,0.4353,10356.8294337
2025-09-23,23,03:50,3616.52,0,3567.48510231,0,594.580850386,594.580850386,0,0,8.17248294753,0,0,0,10349.6914626,22,2025-09-23,21,0.436,259.237250768,03:40,03:50,3567.48510231,0,0,594.580850386,594.580850386,0.436,10358.7719992
2025-09-23,24,04:00,3738.77,0,3737.47955159,0,622.913258599,622.913258599,0,0,0.215074734585,0,0,0,10349.4524907,23,2025-09-23,22,0.4378,272.711424615,03:50,04:00,3737.47955159,0,0,622.913258599,622.913258599,0.4378,10349.6914626
2025-09-23,25,04:10,3573.138,0.0019,3834.01717969,0,639.002863281,639.002863281,0,43.4801799475,0,0,0,0.000316666666667,10388.5846526,24,2025-09-23,23,0.4401,281.22516013,04:00,04:10,3834.01717969,0,0,639.002863281,639.002863281,0.4401,10349.4524907
2025-09-23,26,04:20,3548.8256,0,3817.54025086,0,636.256708477,636.256708477,0,44.7857751434,0,0,0,0,10428.8918503,25,2025-09-23,24,0.4389,279.25306935,04:10,04:20,3817.54025086,0,0,636.256708477,636.256708477,0.4389,10388.5846526
2025-09-23,27,04:30,3696.43,0,3766.08172034,0,627.680286723,627.680286723,0,11.6086200566,0,0,0,0,10439.3396083,26,2025-09-23,25,0.4364,273.919677126,04:20,04:30,3766.08172034,0,0,627.680286723,627.680286723,0.4364,10428.8918503
2025-09-23,28,04:40,3629.4046,0.0268,3791.58254032,0,631.930423387,631.930423387,0,27.0341233868,0,0,0,0.00446666666667,10463.6703194,27,2025-09-23,26,0.4393,277.607034994,04:30,04:40,3791.58254032,0,0,631.930423387,631.930423387,0.4393,10439.3396083
2025-09-23,29,04:50,3602.4949,0,3774.00849481,0,629.001415802,629.001415802,0,28.5855991351,0,0,0,0,10489.3973586,28,2025-09-23,27,0.4422,278.144426068,04:40,04:50,3774.00849481,0,0,629.001415802,629.001415802,0.4422,10463.6703194
2025-09-23,30,05:00,3708.74,0,3651.90931047,0,608.651551745,608.651551745,0,0,9.47178158814,0,0,0,10478.8731568,29,2025-09-23,28,0.4395,267.502356992,04:50,05:00,3651.90931047,0,0,608.651551745,608.651551745,0.4395,10489.3973586
2025-09-23,31,05:10,3751.3647,0.3731,3575.33574864,0,595.88929144,595.88929144,0,0,29.2759752271,0,0,0.0621833333333,10446.3442955,30,2025-09-23,29,0.4333,258.198829981,05:00,05:10,3575.33574864,0,0,595.88929144,595.88929144,0.4333,10478.8731568
2025-09-23,32,05:20,3689.4488,0,3707.68752579,0,617.947920965,617.947920965,0,3.0397876319,0,0,0,0,10449.0801043,31,2025-09-23,30,0.4439,274.307082116,05:10,05:20,3707.68752579,0,0,617.947920965,617.947920965,0.4439,10446.3442955
2025-09-23,33,05:30,3557.68,0,3769.31095377,0,628.218492295,628.218492295,0,35.2718256282,0,0,0,0,10480.8247474,32,2025-09-23,31,0.4301,270.196773536,05:20,05:30,3769.31095377,0,0,628.218492295,628.218492295,0.4301,10449.0801043
2025-09-23,34,05:40,3509.0644,5.1961,3609.49278994,0,1434.91546499,938.617219571,496.298245419,354.639169571,0,0,0,0.866016666667,10800,33,2025-09-23,32,0.3713,532.784112151,05:30,05:40,3609.49278994,0,0,1434.91546499,1434.91546499,0.3713,10480.8247474
2025-09-23,35,05:50,4001.4806,0,3909.34778846,0,651.557964743,651.557964743,0,0,15.3554685908,0,0,0,10782.9383682,34,2025-09-23,33,0.5708,371.909286275,05:40,05:50,3909.34778846,0,0,651.557964743,651.557964743,0.5708,10800
2025-09-23,36,06:00,4743.74,0,4633.69039155,6.51459309786,0,0,0,0,790.623333333,0,0,0,9904.46799786,35,2025-09-23,34,0.9099,0,05:50,06:00,4633.69039155,6.51459309786,0,0,0,0.9099,10782.9383682
2025-09-23,37,06:10,4911.4158,148.7833,4914.38624138,133.842945058,0,0,0,0,793.772083333,0,0,24.7972166667,9022.49901638,36,2025-09-23,35,0.9368,0,06:00,06:10,4914.38624138,133.842945058,0,0,0,0.9368,9904.46799786
2025-09-23,38,06:20,4831.9735,376.0146,4725.56634728,404.100330607,0,0,0,0,742.659816667,0,0,62.6691,8197.32144231,37,2025-09-23,36,0.8758,0,06:10,06:20,4725.56634728,404.100330607,0,0,0,0.8758,9022.49901638
2025-09-23,39,06:30,4792.2,649.3875,4624.49459414,680.232717379,0,0,0,0,690.46875,0,0,108.23125,7430.13394231,38,2025-09-23,37,0.8759,0,06:20,06:30,4624.49459414,680.232717379,0,0,0,0.8759,8197.32144231
2025-09-23,40,06:40,4757.3085,973.8044,4833.96987102,972.468509005,0,0,0,0,630.584016667,0,0,162.300733333,6729.4850349,39,2025-09-23,38,0.8601,0,06:30,06:40,4833.96987102,972.468509005,0,0,0,0.8601,7430.13394231
2025-09-23,41,06:50,4755.1526,1245.8597,4863.73362404,1276.05155923,597.947010803,597.947010803,0,13.0648608025,0,0,0,207.643283333,6741.24340962,40,2025-09-23,39,0.8442,504.786866519,06:40,06:50,4863.73362404,1276.05155923,0,597.947010803,597.947010803,0.8442,6729.4850349
2025-09-23,42,07:00,4789.05,1511.775,4651.34533058,1604.85129897,507.749005269,507.749005269,0,0,38.4634947305,0,0,251.9625,6698.50619325,41,2025-09-23,40,0.8334,423.158020992,06:50,07:00,4651.34533058,1604.85129897,0,507.749005269,507.749005269,0.8334,6741.24340962
2025-09-23,43,07:10,4816.282,1907.945,4730.25917451,1949.02364825,463.539254378,463.539254378,0,0,21.1835789551,0,0,317.990833333,6674.9688833,42,2025-09-23,41,0.8092,375.095964643,07:00,07:10,4730.25917451,1949.02364825,0,463.539254378,463.539254378,0.8092,6698.50619325
2025-09-23,44,07:20,4786.2179,2234.3678,4929.49679897,2288.70978245,440.13116942,440.13116942,5.68434188608e-14,14.82281942,0,0,0,372.394633333,6688.30942078,43,2025-09-23,42,0.7972,350.872568262,07:10,07:20,4929.49679897,2288.70978245,0,440.13116942,440.13116942,0.7972,6674.9688833
2025-09-23,45,07:30,4660.51,2492.5875,4978.3018031,2642.03896587,389.377139538,389.377139538,0,28.0567228714,0,0,0,415.43125,6713.56047137,44,2025-09-23,43,0.7644,297.639885463,07:20,07:30,4978.3018031,2642.03896587,0,389.377139538,389.377139538,0.7644,6688.30942078
2025-09-23,46,07:40,4606.8822,2894.0726,4669.5495667,3011.84102733,459.478411803,459.478411803,0,174.010145137,0,0,0,482.345433333,6870.16960199,45,2025-09-23,44,0.6899,316.994156303,07:30,07:40,4669.5495667,3011.84102733,0,459.478411803,459.478411803,0.6899,6713.56047137
2025-09-23,47,07:50,5489.8417,3343.4604,5349.77484168,3319.27241001,0,0,0,0,357.730216667,0,0,557.2434,6472.69158347,46,2025-09-23,45,0.86,0,07:40,07:50,5349.77484168,3319.27241001,0,0,0,0.86,6870.16960199
2025-09-23,48,08:00,6701.06,3753.1125,6539.497944,3626.40401162,0,0,0,0,491.324583333,0,0,625.51875,5926.77537977,47,2025-09-23,46,1.1617,0,07:50,08:00,6539.497944,3626.40401162,0,0,0,1.1617,6472.69158347
2025-09-23,49,08:10,6664.9869,4119.6249,6702.25182133,4025.07649814,0,0,0,0,424.227,0,0,686.60415,5455.41204643,48,2025-09-23,47,1.1683,0,08:00,08:10,6702.25182133,4025.07649814,0,0,0,1.1683,5926.77537977
2025-09-23,50,08:20,6469.7028,4427.9049,6605.70698801,4370.49071156,0,0,0,0,340.29965,0,0,737.98415,5077.30132421,49,2025-09-23,48,1.0956,0,08:10,08:20,6605.70698801,4370.49071156,0,0,0,1.0956,5455.41204643
2025-09-23,51,08:30,6635.97,4698.6375,6606.18896458,4661.9435151,0,0,0,0,322.88875,0,0,783.10625,4718.53604643,50,2025-09-23,49,1.0849,0,08:20,08:30,6606.18896458,4661.9435151,0,0,0,1.0849,5077.30132421
2025-09-23,52,08:40,6600.0815,4997.093,6542.15278534,4952.63906675,0,0,0,0,267.16475,0,0,832.848833333,4421.68632421,51,2025-09-23,50,1.061,0,08:30,08:40,6542.15278534,4952.63906675,0,0,0,1.061,4718.53604643
2025-09-23,53,08:50,6462.4233,5400.3214,6551.48243733,5256.62524178,0,0,0,0,177.016983333,0,0,900.053566667,4225.00078717,52,2025-09-23,51,1.043,0,08:40,08:50,6551.48243733,5256.62524178,0,0,0,1.043,4421.68632421
2025-09-23,54,09:00,6427.57,5807.85,6575.95285454,5608.47982833,0,0,0,0,103.286666667,0,0,967.975,4110.23782421,53,2025-09-23,52,1.036,0,08:50,09:00,6575.95285454,5608.47982833,0,0,0,1.036,4225.00078717
2025-09-23,55,09:10,6551.7343,6020.5511,6613.73291824,5868.81588493,0,0,0,0,88.5305333333,0,0,1003.42518333,4011.87056495,54,2025-09-23,53,1.0147,0,09:00,09:10,6613.73291824,5868.81588493,0,0,0,1.0147,4110.23782421
2025-09-23,56,09:20,6611.8297,6159.4673,6613.85043514,6131.81181251,0,0,0,0,75.3937333333,0,0,1026.57788333,3928.09975014,55,2025-09-23,54,0.9922,0,09:10,09:20,6613.85043514,6131.81181251,0,0,0,0.9922,4011.87056495
2025-09-23,57,09:30,6584.42,6306.2625,6561.76939549,6393.98446913,0,0,0,0,46.3595833333,0,0,1051.04375,3876.58910199,56,2025-09-23,55,0.97,0,09:20,09:30,6561.76939549,6393.98446913,0,0,0,0.97,3928.09975014
2025-09-23,58,09:40,6627.8893,6423.4053,6464.61546648,6745.52964575,0,0,0,0,34.0806666667,0,0,1070.56755,3838.72169458,57,2025-09-23,56,0.9422,0,09:30,09:40,6464.61546648,6745.52964575,0,0,0,0.9422,3876.58910199
2025-09-23,59,09:50,6567.1756,6483.305,6472.08878607,6923.87249574,0,0,0,0,13.9784333333,0,0,1080.55083333,3823.19010199,58,2025-09-23,57,0.9569,0,09:40,09:50,6472.08878607,6923.87249574,0,0,0,0.9569,3838.72169458
2025-09-23,60,10:00,6455.96,6487.7625,6564.70935233,7042.90809926,0,0,0,5.30041666667,0,0,0,1081.29375,3827.96047699,59,2025-09-23,58,0.9977,0,09:50,10:00,6564.70935233,7042.90809926,0,0,0,0.9977,3823.19010199
2025-09-23,61,10:10,6527.0912,6506.7574,6580.90749071,7211.15100603,0,0,0,0,3.38896666667,0,0,1084.45956667,3824.19495847,60,2025-09-23,59,0.9919,0,10:00,10:10,6580.90749071,7211.15100603,0,0,0,0.9919,3827.96047699
2025-09-23,62,10:20,6488.4499,6763.9313,6549.6326384,7404.20259623,0,0,0,45.9135666667,0,0,0,1127.32188333,3865.51716847,61,2025-09-23,60,0.9588,0,10:10,10:20,6549.6326384,7404.20259623,0,0,0,0.9588,3824.19495847
2025-09-23,63,10:30,6336.11,7139.7,6540.64891684,7643.04179967,0,0,0,133.931666667,0,0,0,1189.95,3986.05566847,62,2025-09-23,61,0.9549,0,10:20,10:30,6540.64891684,7643.04179967,0,0,0,0.9549,3865.51716847
2025-09-23,64,10:40,6376.9432,7257.6775,6539.55437127,7771.14722602,0,0,0,146.78905,0,0,0,1209.61291667,4118.16581347,63,2025-09-23,62,0.9839,0,10:30,10:40,6539.55437127,7771.14722602,0,0,0,0.9839,3986.05566847
2025-09-23,65,10:50,6473.6947,7240.5731,6523.14032567,7863.74369512,0,0,0,127.813066667,0,0,0,1206.76218333,4233.19757347,64,2025-09-23,63,0.799,0,10:40,10:50,6523.14032567,7863.74369512,0,0,0,0.799,4118.16581347
2025-09-23,66,11:00,6470.56,7359.675,6529.87747666,7958.44111482,0,0,0,148.185833333,0,0,0,1226.6125,4366.56482347,65,2025-09-23,64,0.5025,0,10:50,11:00,6529.87747666,7958.44111482,0,0,0,0.5025,4233.19757347
2025-09-23,67,11:10,6357.1346,7784.7849,6546.52848967,8017.0460054,0,0,0,237.941716667,0,0,0,1297.46415,4580.71236847,66,2025-09-23,65,0.4662,0,11:00,11:10,6546.52848967,8017.0460054,0,0,0,0.4662,4366.56482347
2025-09-23,68,11:20,6310.6975,8209.6886,6529.37778455,8034.84895512,0,0,0,316.498516667,0,0,0,1368.28143333,4865.56103347,67,2025-09-23,66,0.5007,0,11:10,11:20,6529.37778455,8034.84895512,0,0,0,0.5007,4580.71236847
2025-09-23,69,11:30,6431.52,8399.7375,6484.56281744,8048.02258048,0,0,0,328.03625,0,0,0,1399.95625,5160.79365847,68,2025-09-23,67,0.4827,0,11:20,11:30,6484.56281744,8048.02258048,0,0,0,0.4827,4865.56103347
2025-09-23,70,11:40,6604.0357,8379.679,6488.62243627,8096.00463795,0,0,0,295.94055,0,0,0,1396.61316667,5427.14015347,69,2025-09-23,68,0.4785,0,11:30,11:40,6488.62243627,8096.00463795,0,0,0,0.4785,5160.79365847
2025-09-23,71,11:50,6371.5522,8435.4109,6284.46566184,8100.68633799,0,0,0,343.97645,0,0,0,1405.90181667,5736.71895847,70,2025-09-23,69,0.4662,0,11:40,11:50,6284.46566184,8100.68633799,0,0,0,0.4662,5427.14015347
2025-09-23,72,12:00,5893.69,8613.5625,5936.64059145,8131.50498866,203.975200499,203.975200499,0,657.287283833,0,0,0,1435.59375,6328.27751392,71,2025-09-23,70,0.4432,90.4018088613,11:50,12:00,5936.64059145,8131.50498866,0,203.975200499,203.975200499,0.4432,5736.71895847
2025-09-23,73,12:10,5815.5593,8690.3915,5859.9083844,8323.39233167,422.752675455,354.194633333,68.558042122,833.333333333,0,0,0,1448.39858333,7078.27751392,72,2025-09-23,71,0.4411,186.476205143,12:00,12:10,5859.9083844,8323.39233167,0,422.752675455,422.752675455,0.4411,6328.27751392
2025-09-23,74,12:20,5929.8452,8581.2694,5908.12606032,8418.96396659,0,0,0,441.904033333,0,0,0,1430.21156667,7475.99114392,73,2025-09-23,72,0.4551,0,12:10,12:20,5908.12606032,8418.96396659,0,0,0,0.4551,7078.27751392
2025-09-23,75,12:30,5958.43,8484.4875,6027.28988878,8325.83350169,0,0,0,421.009583333,0,0,0,1414.08125,7854.89976892,74,2025-09-23,73,0.4463,0,12:20,12:30,6027.28988878,8325.83350169,0,0,0,0.4463,7475.99114392
2025-09-23,76,12:40,5882.5546,8645.3297,6006.74457446,8196.68740652,468.342861325,372.870816667,95.4720446579,833.333333333,0,0,0,1440.88828333,8604.89976892,75,2025-09-23,74,0.4113,192.629418863,12:30,12:40,6006.74457446,8196.68740652,0,468.342861325,468.342861325,0.4113,7854.89976892
2025-09-23,77,12:50,6091.5912,8546.664,6036.47142025,8161.05990561,0,0,0,409.1788,0,0,0,1424.444,8973.16068892,76,2025-09-23,75,0.5682,0,12:40,12:50,6036.47142025,8161.05990561,0,0,0,0.5682,8604.89976892
2025-09-23,78,13:00,6408.53,8135.1375,6248.57996364,8122.67870842,0,0,0,287.767916667,0,0,0,1355.85625,9232.15181392,77,2025-09-23,76,0.8279,0,12:50,13:00,6248.57996364,8122.67870842,0,0,0,0.8279,8973.16068892
2025-09-23,79,13:10,6253.4833,7884.9488,6390.36855939,7860.1195012,0,0,0,271.910916667,0,0,0,1314.15813333,9476.87163892,78,2025-09-23,77,0.8636,0,13:00,13:10,6390.36855939,7860.1195012,0,0,0,0.8636,9232.15181392
2025-09-23,80,13:20,6080.4251,7754.0988,6193.74921883,7630.66081809,0,0,0,278.945616667,0,0,0,1292.3498,9727.92269392,79,2025-09-23,78,0.8416,0,13:10,13:20,6193.74921883,7630.66081809,0,0,0,0.8416,9476.87163892
2025-09-23,81,13:30,6115.63,7607.2875,6103.86158183,7495.07297831,0,0,0,248.609583333,0,0,0,1267.88125,9951.67131892,80,2025-09-23,79,0.8618,0,13:20,13:30,6103.86158183,7495.07297831,0,0,0,0.8618,9727.92269392
2025-09-23,82,13:40,6161.9414,7394.5585,6241.17037466,7364.93608221,0,0,0,205.436183333,0,0,0,1232.42641667,10136.5638839,81,2025-09-23,80,0.8623,0,13:30,13:40,6241.17037466,7364.93608221,0,0,0,0.8623,9951.67131892
2025-09-23,83,13:50,6291.8498,7228.1769,6264.59928022,7159.56162411,0,0,0,156.054516667,0,0,0,1204.69615,10277.0129489,82,2025-09-23,81,0.9026,0,13:40,13:50,6264.59928022,7159.56162411,0,0,0,0.9026,10136.5638839
2025-09-23,84,14:00,6409.53,7094.9625,6142.34893078,6932.21226258,0,0,0,114.23875,0,0,0,1182.49375,10379.8278239,83,2025-09-23,82,0.9754,0,13:50,14:00,6142.34893078,6932.21226258,0,0,0,0.9754,10277.0129489
2025-09-23,85,14:10,6298.6605,6838.0168,6055.43182928,6771.47967272,0,0,0,89.8927166667,0,0,0,1139.66946667,10460.7312689,84,2025-09-23,83,1.0002,0,14:00,14:10,6055.43182928,6771.47967272,0,0,0,1.0002,10379.8278239
2025-09-23,86,14:20,6212.8259,6393.4647,6078.45048719,6614.76376625,0,0,0,30.1064666667,0,0,0,1065.57745,10487.8270889,85,2025-09-23,84,0.9978,0,14:10,14:20,6078.45048719,6614.76376625,0,0,0,0.9978,10460.7312689
2025-09-23,87,14:30,6236.6,5854.05,6179.74918502,6364.87250903,0,0,0,0,63.7583333333,0,0,975.675,10416.9844963,86,2025-09-23,85,1.0271,0,14:20,14:30,6179.74918502,6364.87250903,0,0,0,1.0271,10487.8270889
2025-09-23,88,14:40,6217.1274,5393.4146,6223.51602917,6093.08730815,0,0,0,0,137.285466667,0,0,898.902433333,10264.4450889,87,2025-09-23,86,1.0906,0,14:30,14:40,6223.51602917,6093.08730815,0,0,0,1.0906,10416.9844963
2025-09-23,89,14:50,6206.2876,4990.8009,6256.70666114,5782.36095036,0,0,0,0,202.581116667,0,0,831.80015,10039.3549593,88,2025-09-23,87,0.9376,0,14:40,14:50,6256.70666114,5782.36095036,0,0,0,0.9376,10264.4450889
2025-09-23,90,15:00,6262.68,4761.6375,6325.61141418,5515.6176582,134.99895933,134.99895933,0,0,115.17479067,0,0,793.60625,9911.38296966,89,2025-09-23,88,0.6694,90.3683033752,14:50,15:00,6325.61141418,5515.6176582,0,134.99895933,134.99895933,0.6694,10039.3549593
2025-09-23,91,15:10,6377.3851,4842.082,6151.10543836,5212.77064864,280.828315118,280.828315118,1.13686837722e-13,24.9444651176,0,0,0,807.013666667,9933.83298826,90,2025-09-23,89,0.66,185.346687978,15:00,15:10,6151.10543836,5212.77064864,0,280.828315118,280.828315118,0.66,9911.38296966
2025-09-23,92,15:20,6461.0017,4734.2965,6254.06248149,4899.51084001,225.758606913,225.758606913,0,0,62.0255930867,0,0,789.049416667,9864.91566261,91,2025-09-23,90,0.7217,162.929986609,15:10,15:20,6254.06248149,4899.51084001,0,225.758606913,225.758606913,0.7217,9933.83298826
2025-09-23,93,15:30,6382.45,4417.2375,6546.43931438,4590.72360146,325.952618821,325.952618821,0,0,1.58279784536,0,0,736.20625,9863.15699834,92,2025-09-23,91,0.7308,238.206173835,15:20,15:30,6546.43931438,4590.72360146,0,325.952618821,325.952618821,0.7308,9864.91566261
2025-09-23,94,15:40,6120.1976,4306.354,6412.13315379,4228.43944663,363.948951194,363.948951194,0,61.6416845277,0,0,0,717.725666667,9918.63451441,93,2025-09-23,92,0.7534,274.19913983,15:30,15:40,6412.13315379,4228.43944663,0,363.948951194,363.948951194,0.7534,9863.15699834
2025-09-23,95,15:50,6153.6297,4035.9346,6384.4580279,3881.36795171,417.181679366,417.181679366,1.13686837722e-13,64.2324960323,0,0,0,672.655766667,9976.44376084,94,2025-09-23,93,0.7823,326.361227768,15:40,15:50,6384.4580279,3881.36795171,0,417.181679366,417.181679366,0.7823,9918.63451441
2025-09-23,96,16:00,6505.17,3543.675,6375.58139599,3547.74368849,471.306284583,471.306284583,0,0,22.2762154165,0,0,590.6125,9951.69241038,95,2025-09-23,94,0.8055,379.637212232,15:50,16:00,6375.58139599,3547.74368849,0,471.306284583,471.306284583,0.8055,9976.44376084
2025-09-23,97,16:10,6704.9712,3168.3753,6509.7923333,3254.35857265,542.572293442,542.572293442,0,0,46.8603565576,0,0,528.06255,9899.62534754,96,2025-09-23,95,0.8271,448.761543906,16:00,16:10,6509.7923333,3254.35857265,0,542.572293442,542.572293442,0.8271,9951.69241038
2025-09-23,98,16:20,6651.3841,2836.5022,6570.24181765,2905.2540153,610.831300392,610.831300392,0,0,24.9823496082,0,0,472.750366667,9871.86718131,97,2025-09-23,96,0.8519,520.367184804,16:10,16:20,6570.24181765,2905.2540153,0,610.831300392,610.831300392,0.8519,9899.62534754
2025-09-23,99,16:30,6512.95,2503.5375,6520.2414805,2562.3895712,659.641984883,659.641984883,0,0,8.59343178396,0,0,417.25625,9862.31892377,98,2025-09-23,97,0.8791,579.89126891,16:20,16:30,6520.2414805,2562.3895712,0,659.641984883,659.641984883,0.8791,9871.86718131
2025-09-23,100,16:40,6516.7553,2218.6701,6489.26908928,2260.14517509,704.853985698,704.853985698,0,0,11.4935476358,0,0,369.77835,9849.54831528,99,2025-09-23,98,0.9024,636.060236693,16:30,16:40,6489.26908928,2260.14517509,0,704.853985698,704.853985698,0.9024,9862.31892377
2025-09-23,101,16:50,6452.5286,1863.5925,6546.30366451,1949.53525923,766.128067546,766.128067546,0,1.30538421315,0,0,0,310.59875,9850.72316108,100,2025-09-23,99,0.9163,702.003148293,16:40,16:50,6546.30366451,1949.53525923,0,766.128067546,766.128067546,0.9163,9849.54831528
2025-09-23,102,17:00,6349.71,1465.3875,6440.51134592,1593.05621441,807.909188584,807.909188584,0,0,6.14456141577,0,0,244.23125,9843.89587061,101,2025-09-23,100,0.9264,748.447072304,16:50,17:00,6440.51134592,1593.05621441,0,807.909188584,807.909188584,0.9264,9850.72316108
2025-09-23,103,17:10,6441.2731,1178.7512,6267.51585165,1259.78009169,834.622626661,834.622626661,0,0,42.4643566721,0,0,196.458533333,9796.71325209,102,2025-09-23,101,0.9462,789.719929347,17:00,17:10,6267.51585165,1259.78009169,0,834.622626661,834.622626661,0.9462,9843.89587061
2025-09-23,104,17:20,6397.9351,917.9154,6232.82713772,962.306179883,878.420159639,878.420159639,0,0,34.9164570274,0,0,152.9859,9757.91718873,103,2025-09-23,102,0.9742,855.756919521,17:10,17:20,6232.82713772,962.306179883,0,878.420159639,878.420159639,0.9742,9796.71325209
2025-09-23,105,17:30,6368.49,630.1875,6395.47687383,684.545867425,951.821834401,951.821834401,0,0,4.56191559851,0,0,105.03125,9752.84839362,104,2025-09-23,103,0.9862,938.686693087,17:20,17:30,6395.47687383,684.545867425,0,951.821834401,951.821834401,0.9862,9757.91718873
2025-09-23,106,17:40,6667.634,356.458,6647.72917616,412.937108558,1039.13201127,1039.13201127,0,0,12.7306553994,0,0,59.4096666667,9738.70322095,105,2025-09-23,104,0.976,1014.192843,17:30,17:40,6647.72917616,412.937108558,0,1039.13201127,1039.13201127,0.976,9752.84839362
2025-09-23,107,17:50,5886.4358,131.4439,5794.7151009,137.03956987,942.945921839,942.945921839,0,0,16.2193948278,0,0,21.9073166667,9720.68167114,106,2025-09-23,105,1.0742,1012.91250924,17:40,17:50,5794.7151009,137.03956987,0,942.945921839,942.945921839,1.0742,9738.70322095
2025-09-23,108,18:00,4515.87,0,4883.08651429,6.23911678995,812.807899584,812.807899584,0,60.1628995841,0,0,0,0,9774.82828077,107,2025-09-23,106,1.2313,1000.81036676,17:50,18:00,4883.08651429,6.23911678995,0,812.807899584,812.807899584,1.2313,9720.68167114
2025-09-23,109,18:10,4585.9791,0,4708.42633026,0,784.73772171,784.73772171,0,20.40787171,0,0,0,0,9793.19536531,108,2025-09-23,107,1.2561,985.70905224,18:00,18:10,4708.42633026,0,0,784.73772171,784.73772171,1.2561,9774.82828077
2025-09-23,110,18:20,4985.787,4.4234,4860.7099873,0,810.118331216,810.118331216,0,0,20.1089354507,0,0,0.737233333333,9770.85210369,109,2025-09-23,108,1.2447,1008.35428686,18:10,18:20,4860.7099873,0,0,810.118331216,810.118331216,1.2447,9793.19536531
2025-09-23,111,18:30,5006.5,0,4882.28596772,0,813.714327953,813.714327953,0,0,20.7023387133,0,0,0,9747.84950512,110,2025-09-23,109,1.2545,1020.80462442,18:20,18:30,4882.28596772,0,0,813.714327953,813.714327953,1.2545,9770.85210369
2025-09-23,112,18:40,5016.9579,0,5041.21818475,0,840.203030791,840.203030791,0,4.04338079147,0,0,0,0,9751.48854784,111,2025-09-23,110,1.2522,1052.10223516,18:30,18:40,5041.21818475,0,0,840.203030791,840.203030791,1.2522,9747.84950512
2025-09-23,113,18:50,4862.5058,0.3176,4829.83594329,0,804.972657215,804.972657215,0,0,5.39204278508,0,0,0.0529333333333,9745.49738919,112,2025-09-23,111,1.2881,1036.88527976,18:40,18:50,4829.83594329,0,0,804.972657215,804.972657215,1.2881,9751.48854784
2025-09-23,114,19:00,4664.56,0,4687.06240513,0,781.177067521,781.177067521,0,3.75040085469,0,0,0,0,9748.87274996,113,2025-09-23,112,1.3466,1051.93303912,18:50,19:00,4687.06240513,0,0,781.177067521,781.177067521,1.3466,9745.49738919
2025-09-23,115,19:10,4794.5933,0,4883.28244084,0,0,0,0,0,799.098883333,0,0,0,8860.98510181,114,2025-09-23,113,1.3523,0,19:00,19:10,4883.28244084,0,0,0,0,1.3523,9748.87274996
2025-09-23,116,19:20,4953.598,0.0228,5049.34403861,0,841.557339769,841.557339769,0,15.9614731024,0,0,0,0.0038,8875.3504276,115,2025-09-23,114,1.3445,1131.47384332,19:10,19:20,5049.34403861,0,0,841.557339769,841.557339769,1.3445,8860.98510181
2025-09-23,117,19:30,4906.9,0,4913.46856904,0,0,0,0,0,817.816666667,0,0,0,7966.66524241,116,2025-09-23,115,1.3483,0,19:20,19:30,4913.46856904,0,0,0,0,1.3483,8875.3504276
2025-09-23,118,19:40,4721.0181,0,4948.31732906,0,0,0,0,0,786.83635,0,0,0,7092.4026313,117,2025-09-23,116,1.349,0,19:30,19:40,4948.31732906,0,0,0,0,1.349,7966.66524241
2025-09-23,119,19:50,4705.315,0.0016,4921.70949383,0,186.812525578,186.812525578,0,0,597.406374422,0,0,0.000266666666667,6428.61777083,118,2025-09-23,117,1.3473,251.692515711,19:40,19:50,4921.70949383,0,0,186.812525578,186.812525578,1.3473,7092.4026313
2025-09-23,120,20:00,4871.47,0,4716.65761528,0,0,0,0,0,811.911666667,0,0,0,5526.49369676,119,2025-09-23,118,1.3482,0,19:50,20:00,4716.65761528,0,0,0,0,1.3482,6428.61777083
2025-09-23,121,20:10,4963.0687,0,4779.83912511,0,0,0,0,0,827.178116667,0,0,0,4607.40690046,120,2025-09-23,119,1.3513,0,20:00,20:10,4779.83912511,0,0,0,0,1.3513,5526.49369676
2025-09-23,122,20:20,5061.4062,0,4842.79635334,0,807.132725557,807.132725557,0,0,36.4349744435,0,0,0,4566.92359553,121,2025-09-23,120,1.34,1081.55785225,20:10,20:20,4842.79635334,0,0,807.132725557,807.132725557,1.34,4607.40690046
2025-09-23,123,20:30,5038.25,0,4848.32587354,0,0,0,0,0,833.333333333,6.375,0,0,3640.9976696,122,2025-09-23,121,1.3489,42.9961875,20:20,20:30,4848.32587354,0,0,0,0,1.3489,4566.92359553
2025-09-23,124,20:40,4709.3717,0,4800.71982833,0,0,0,0,0,784.895283333,0,0,0,2768.89179923,123,2025-09-23,122,1.3952,0,20:30,20:40,4800.71982833,0,0,0,0,1.3952,3640.9976696
2025-09-23,125,20:50,4809.9708,0,4757.69230943,0,792.948718238,792.948718238,0,0,8.71308176158,0,0,0,2759.21059727,124,2025-09-23,123,1.2226,969.459102918,20:40,20:50,4757.69230943,0,0,792.948718238,792.948718238,1.2226,2768.89179923
2025-09-23,126,21:00,5215.3,0,4818.29957769,0,803.049929616,803.049929616,0,0,66.1667370509,0,0,0,2685.69200055,125,2025-09-23,124,0.9332,749.406194317,20:50,21:00,4818.29957769,0,0,803.049929616,803.049929616,0.9332,2759.21059727
2025-09-23,127,21:10,5055.1463,0,4901.28926519,0,816.881544198,816.881544198,0,0,25.6428391354,0,0,0,2657.19995707,126,2025-09-23,125,0.9068,740.748184279,21:00,21:10,4901.28926519,0,0,816.881544198,816.881544198,0.9068,2685.69200055
2025-09-23,128,21:20,4827.5711,0,4828.13189406,0,804.688649009,804.688649009,0,0.0934656759425,0,0,0,0,2657.28407617,127,2025-09-23,126,0.9371,754.073732987,21:10,21:20,4828.13189406,0,0,804.688649009,804.688649009,0.9371,2657.19995707
2025-09-23,129,21:30,4880.29,0,4693.82764348,0,782.304607246,782.304607246,0,0,31.0770594207,0,0,0,2622.75401015,128,2025-09-23,127,0.9371,733.09764745,21:20,21:30,4693.82764348,0,0,782.304607246,782.304607246,0.9371,2657.28407617
2025-09-23,130,21:40,4979.2148,0,4797.97057778,0,799.661762963,799.661762963,0,0,30.2073703707,0,0,0,2589.1902653,129,2025-09-23,128,0.9871,789.34612622,21:30,21:40,4797.97057778,0,0,799.661762963,799.661762963,0.9871,2622.75401015
2025-09-23,131,21:50,4609.119,0,4445.98874245,0,740.998123741,740.998123741,0,0,27.1883762591,0,0,0,2558.98095834,130,2025-09-23,129,0.7764,575.310943272,21:40,21:50,4445.98874245,0,0,740.998123741,740.998123741,0.7764,2589.1902653
2025-09-23,132,22:00,3835.46,0,3796.86284991,0,1466.14380832,1466.14380832,0,826.900474985,0,0,0,0,3303.19138583,131,2025-09-23,130,0.4209,617.099928921,21:50,22:00,3796.86284991,0,0,1466.14380832,1466.14380832,0.4209,2558.98095834
2025-09-23,133,22:10,3320.6494,0,3633.00234031,0,1438.83372338,1386.7749,52.0588233847,833.333333333,0,0,0,0,4053.19138583,132,2025-09-23,131,0.3859,555.245933854,22:00,22:10,3633.00234031,0,0,1438.83372338,1438.83372338,0.3859,3303.19138583
2025-09-23,134,22:20,3496.0714,0,3652.60056224,0,608.766760373,608.766760373,0,26.0881937059,0,0,0,0,4076.67076016,133,2025-09-23,132,0.4368,265.909320931,22:10,22:20,3652.60056224,0,0,608.766760373,608.766760373,0.4368,4053.19138583
2025-09-23,135,22:30,3883.24,0,3620.89292241,0,1436.81548707,1436.81548707,0,789.608820401,0,0,0,0,4787.31869852,134,2025-09-23,133,0.4198,603.175141471,22:20,22:30,3620.89292241,0,0,1436.81548707,1436.81548707,0.4198,4076.67076016
2025-09-23,136,22:40,3580.1991,0,3684.27371491,0,1447.37895249,1430.03318333,17.3457691517,833.333333333,0,0,0,0,5537.31869852,135,2025-09-23,134,0.4186,605.87282951,22:30,22:40,3684.27371491,0,0,1447.37895249,1447.37895249,0.4186,4787.31869852
2025-09-23,137,22:50,3332.1137,0,3711.69412767,0,1451.94902128,1388.68561667,63.2634046121,833.333333333,0,0,0,0,6287.31869852,136,2025-09-23,135,0.4241,615.771579924,22:40,22:50,3711.69412767,0,0,1451.94902128,1451.94902128,0.4241,5537.31869852
2025-09-23,138,23:00,3416.1,0,3715.36357649,0,1452.56059608,1402.68333333,49.8772627491,833.333333333,0,0,0,0,7037.31869852,137,2025-09-23,136,0.4237,615.44992456,22:50,23:00,3715.36357649,0,0,1452.56059608,1452.56059608,0.4237,6287.31869852
2025-09-23,139,23:10,3387.9352,0,3681.22092605,0,613.536821008,613.536821008,0,48.8809543409,0,0,0,0,7081.31155743,138,2025-09-23,137,0.4248,260.630441564,23:00,23:10,3681.22092605,0,0,613.536821008,613.536821008,0.4248,7037.31869852
2025-09-23,140,23:20,3459.0094,0,3626.0925528,0,1437.68209213,1409.8349,27.8471921336,833.333333333,0,0,0,0,7831.31155743,139,2025-09-23,138,0.424,609.577207065,23:10,23:20,3626.0925528,0,0,1437.68209213,1437.68209213,0.424,7081.31155743
2025-09-23,141,23:30,3661.95,0,3635.50126048,0,1439.25021008,1439.25021008,0,828.92521008,0,0,0,0,8577.3442465,140,2025-09-23,139,0.422,607.363588654,23:20,23:30,3635.50126048,0,0,1439.25021008,1439.25021008,0.422,7831.31155743
2025-09-23,142,23:40,3702.4038,0,3579.31638226,0,1429.88606371,1429.88606371,0,812.818763711,0,0,0,0,9308.88113384,141,2025-09-23,140,0.424,606.271691013,23:30,23:40,3579.31638226,0,0,1429.88606371,1429.88606371,0.424,8577.3442465
2025-09-23,143,23:50,3409.7885,0,3701.31327075,0,616.885545125,616.885545125,0,48.5874617915,0,0,0,0,9352.60984945,142,2025-09-23,141,0.4271,263.471816323,23:40,23:50,3701.31327075,0,0,616.885545125,616.885545125,0.4271,9308.88113384
2025-09-23,144,00:00+1,3147.61,0,3830.30122363,0,638.383537272,638.383537272,0,113.781870605,0,0,0,0,9455.013533,143,2025-09-23,142,0.4276,272.972800537,23:50,00:00+1,3830.30122363,0,0,638.383537272,638.383537272,0.4276,9352.60984945
2025-12-21,1,00:10,3576.1063,0,3552.11871886,0,1026.71718449,1026.71718449,0,430.699467824,0,0,0,0,10249.0108603,0,2025-12-20,143,0.4248,436.149459971,00:00,00:10,2660.03306411,0,0,1026.71718449,1026.71718449,0.4248,9861.38133921
2025-12-21,2,00:20,3537.871,0,3452.47336114,0,575.412226857,575.412226857,0,0,14.2329398094,0,0,0,10233.1964827,1,2025-12-21,0,0.4245,244.262490301,00:10,00:20,3452.47336114,0,0,575.412226857,575.412226857,0.4245,10249.0108603
2025-12-21,3,00:30,3472.1,0,3541.51110084,0,590.25185014,590.25185014,0,11.5685168064,0,0,0,0,10243.6081478,2,2025-12-21,1,0.4269,251.978514825,00:20,00:30,3541.51110084,0,0,590.25185014,590.25185014,0.4269,10233.1964827
2025-12-21,4,00:40,3388.2602,0,3699.93245221,0,616.655408702,616.655408702,0,51.9453753683,0,0,0,0,10290.3589856,3,2025-12-21,2,0.4272,263.435190597,00:30,00:40,3699.93245221,0,0,616.655408702,616.655408702,0.4272,10243.6081478
2025-12-21,5,00:50,3299.4233,0,3769.78033971,0,628.296723285,628.296723285,0,78.3928399514,0,0,0,0,10360.9125416,4,2025-12-21,3,0.4271,268.345530515,00:40,00:50,3769.78033971,0,0,628.296723285,628.296723285,0.4271,10290.3589856
2025-12-21,6,01:00,3349.26,0,3698.15771525,0,616.359619209,616.359619209,0,58.1496192087,0,0,0,0,10413.2471989,5,2025-12-21,4,0.4285,264.110096831,00:50,01:00,3698.15771525,0,0,616.359619209,616.359619209,0.4285,10360.9125416
2025-12-21,7,01:10,3662.0911,0,3624.24086615,0,604.040144358,604.040144358,0,0,6.30837230908,0,0,0,10406.2378963,6,2025-12-21,5,0.4311,260.401706233,01:00,01:10,3624.24086615,0,0,604.040144358,604.040144358,0.4311,10413.2471989
2025-12-21,8,01:20,3799.4157,0,3649.22350808,0,608.203918014,608.203918014,0,0,25.0320319861,0,0,0,10378.4245275,7,2025-12-21,6,0.4302,261.64932553,01:10,01:20,3649.22350808,0,0,608.203918014,608.203918014,0.4302,10406.2378963
2025-12-21,9,01:30,3736.18,0,3720.23143518,0,620.038572529,620.038572529,0,0,2.65809413726,0,0,0,10375.4710895,8,2025-12-21,7,0.4279,265.314505185,01:20,01:30,3720.23143518,0,0,620.038572529,620.038572529,0.4279,10378.4245275
2025-12-21,10,01:40,3824.9356,0,3680.98334464,0,613.497224107,613.497224107,0,0,23.9920425601,0,0,0,10348.8132645,9,2025-12-21,8,0.4312,264.540003035,01:30,01:40,3680.98334464,0,0,613.497224107,613.497224107,0.4312,10375.4710895
2025-12-21,11,01:50,3734.208,0,3678.72518296,0,613.120863827,613.120863827,0,0,9.24713617298,0,0,0,10338.5386687,10,2025-12-21,9,0.4333,265.665270296,01:40,01:50,3678.72518296,0,0,613.120863827,613.120863827,0.4333,10348.8132645
2025-12-21,12,02:00,3587.15,0,3747.39953639,0,624.566589399,624.566589399,0,26.7082560656,0,0,0,0,10362.5760992,11,2025-12-21,10,0.4311,269.25065669,01:50,02:00,3747.39953639,0,0,624.566589399,624.566589399,0.4311,10338.5386687
2025-12-21,13,02:10,3856.4774,0,3772.94457547,0,628.824095912,628.824095912,0,0,13.9221374214,0,0,0,10347.1070576,12,2025-12-21,11,0.4293,269.954184375,02:00,02:10,3772.94457547,0,0,628.824095912,628.824095912,0.4293,10362.5760992
2025-12-21,14,02:20,3923.2147,0,3828.59773077,0,638.099621795,638.099621795,0,0,15.7694948719,0,0,0,10329.5853966,13,2025-12-21,12,0.4324,275.914276464,02:10,02:20,3828.59773077,0,0,638.099621795,638.099621795,0.4324,10347.1070576
2025-12-21,15,02:30,3730.5,0,3941.16059475,0,656.860099125,656.860099125,0,35.1100991253,0,0,0,0,10361.1844858,14,2025-12-21,13,0.4367,286.850805288,02:20,02:30,3941.16059475,0,0,656.860099125,656.860099125,0.4367,10329.5853966
2025-12-21,16,02:40,3819.86,0,3994.93359872,0,665.822266453,665.822266453,0,29.1789331199,0,0,0,0,10387.4455256,15,2025-12-21,14,0.4348,289.499521454,02:30,02:40,3994.93359872,0,0,665.822266453,665.822266453,0.4348,10361.1844858
2025-12-21,17,02:50,3791.4644,0,3949.10381446,0,658.183969077,658.183969077,0,26.2732357441,0,0,0,0,10411.0914378,16,2025-12-21,15,0.4335,285.322750595,02:40,02:50,3949.10381446,0,0,658.183969077,658.183969077,0.4335,10387.4455256
2025-12-21,18,03:00,3751.73,0,3878.22645407,0,646.371075679,646.371075679,0,21.0827423455,0,0,0,0,10430.0659059,17,2025-12-21,16,0.4357,281.623877673,02:50,03:00,3878.22645407,0,0,646.371075679,646.371075679,0.4357,10411.0914378
2025-12-21,19,03:10,4180.5461,0,3940.89996526,0,656.816660877,656.816660877,0,0,39.9410224567,0,0,0,10385.6869921,18,2025-12-21,17,0.4374,287.291607467,03:00,03:10,3940.89996526,0,0,656.816660877,656.816660877,0.4374,10430.0659059
2025-12-21,20,03:20,4115.3327,0,4004.68421374,0,667.447368957,667.447368957,0,0,18.4414143765,0,0,0,10365.1965317,19,2025-12-21,18,0.4371,291.741244971,03:10,03:20,4004.68421374,0,0,667.447368957,667.447368957,0.4371,10385.6869921
2025-12-21,21,03:30,3748.74,0,3977.59572541,0,662.932620902,662.932620902,0,38.1426209021,0,0,0,0,10399.5248905,20,2025-12-21,19,0.4356,288.773449665,03:20,03:30,3977.59572541,0,0,662.932620902,662.932620902,0.4356,10365.1965317
2025-12-21,22,03:40,4220.4858,0,3874.11785139,0,645.686308564,645.686308564,0,0,57.7279914356,0,0,0,10335.3826778,21,2025-12-21,20,0.4353,281.067250118,03:30,03:40,3874.11785139,0,0,645.686308564,645.686308564,0.4353,10399.5248905
2025-12-21,23,03:50,4423.9257,0,3904.52712049,0,650.754520081,650.754520081,0,0,86.566429919,0,0,0,10239.1977556,22,2025-12-21,21,0.436,283.728970755,03:40,03:50,3904.52712049,0,0,650.754520081,650.754520081,0.436,10335.3826778
2025-12-21,24,04:00,4079.15,0,4027.25883836,0,671.209806394,671.209806394,0,0,8.64852693923,0,0,0,10229.5882813,23,2025-12-21,22,0.4378,293.855653239,03:50,04:00,4027.25883836,0,0,671.209806394,671.209806394,0.4378,10239.1977556
2025-12-21,25,04:10,4038.9424,0,4003.24264753,0,667.207107921,667.207107921,0,0,5.94995874536,0,0,0,10222.977216,24,2025-12-21,23,0.4401,293.637848196,04:00,04:10,4003.24264753,0,0,667.207107921,667.207107921,0.4401,10229.5882813
2025-12-21,26,04:20,4082.3954,0,4039.8813696,0,673.3135616,673.3135616,0,0,7.08567173376,0,0,0,10215.1042474,25,2025-12-21,24,0.4389,295.517322186,04:10,04:20,4039.8813696,0,0,673.3135616,673.3135616,0.4389,10222.977216
2025-12-21,27,04:30,4064.87,0,4213.81828409,0,702.303047349,702.303047349,0,24.8247140152,0,0,0,0,10237.44649,26,2025-12-21,25,0.4364,306.485049863,04:20,04:30,4213.81828409,0,0,702.303047349,702.303047349,0.4364,10215.1042474
2025-12-21,28,04:40,4121.8784,0,4322.98733167,0,720.497888612,720.497888612,0,33.5181552789,0,0,0,0,10267.6128298,27,2025-12-21,26,0.4393,316.514722467,04:30,04:40,4322.98733167,0,0,720.497888612,720.497888612,0.4393,10237.44649
2025-12-21,29,04:50,4083.6154,0,4241.45552713,0,706.909254521,706.909254521,0,26.3066878548,0,0,0,0,10291.2888488,28,2025-12-21,27,0.4422,312.595272349,04:40,04:50,4241.45552713,0,0,706.909254521,706.909254521,0.4422,10267.6128298
2025-12-21,30,05:00,4032.31,0,4096.58780811,0,682.764634686,682.764634686,0,10.7129680189,0,0,0,0,10300.93052,29,2025-12-21,28,0.4395,300.075056944,04:50,05:00,4096.58780811,0,0,682.764634686,682.764634686,0.4395,10291.2888488
2025-12-21,31,05:10,4217.9422,0.0023,4207.07916401,0,701.179860668,701.179860668,0,0,1.81012266547,0,0,0.000383333333333,10298.9192726,30,2025-12-21,29,0.4333,303.821233627,05:00,05:10,4207.07916401,0,0,701.179860668,701.179860668,0.4333,10300.93052
2025-12-21,32,05:20,4253.2484,0,4236.7257654,0,706.1209609,706.1209609,0,0,2.75377243304,0,0,0,10295.8595255,31,2025-12-21,30,0.4439,313.447094544,05:10,05:20,4236.7257654,0,0,706.1209609,706.1209609,0.4439,10298.9192726
2025-12-21,33,05:30,4066.58,0,4076.72324155,0,679.453873591,679.453873591,0,1.69054025799,0,0,0,0,10297.3810117,32,2025-12-21,31,0.4301,292.233111032,05:20,05:30,4076.72324155,0,0,679.453873591,679.453873591,0.4301,10295.8595255
2025-12-21,34,05:40,4077.7781,0.0316,4069.07324692,0,1286.39109957,1238.0899592,48.3011403676,558.465542534,0,0,0,0.00526666666667,10800,33,2025-12-21,32,0.3713,477.63701527,05:30,05:40,4069.07324692,0,0,1286.39109957,1286.39109957,0.3713,10297.3810117
2025-12-21,35,05:50,4717.7146,0,4597.36957963,0,766.228263272,766.228263272,0,0,20.0575033951,0,0,0,10777.7138851,34,2025-12-21,33,0.5708,437.363092675,05:40,05:50,4597.36957963,0,0,766.228263272,766.228263272,0.5708,10800
2025-12-21,36,06:00,5490.65,0,5343.63384978,0,890.60564163,890.60564163,0,0,24.502691703,0,0,0,10750.4886721,35,2025-12-21,34,0.9099,810.362073319,05:50,06:00,5343.63384978,0,0,890.60564163,890.60564163,0.9099,10777.7138851
2025-12-21,37,06:10,5439.318,0.4406,5363.58146655,0,218.930244425,218.930244425,0,0,687.549322242,0,0,0.0734333333333,9986.54498073,36,2025-12-21,35,0.9368,205.093852977,06:00,06:10,5363.58146655,0,0,218.930244425,218.930244425,0.9368,10750.4886721
2025-12-21,38,06:20,5407.8325,0,5250.74357682,0,875.123929471,875.123929471,0,0,26.181487196,0,0,0,9957.4544394,37,2025-12-21,36,0.8758,766.43353743,06:10,06:20,5250.74357682,0,0,875.123929471,875.123929471,0.8758,9986.54498073
2025-12-21,39,06:30,5587.05,0,5316.40624984,0,886.067708307,886.067708307,0,0,45.1072916929,0,0,0,9907.33522641,38,2025-12-21,37,0.8759,776.106705706,06:20,06:30,5316.40624984,0,0,886.067708307,886.067708307,0.8759,9957.4544394
2025-12-21,40,06:40,5351.2866,6.1366,5380.70131624,0,896.783552707,896.783552707,0,5.92521937404,0,0,0,1.02276666667,9912.66792385,39,2025-12-21,38,0.8601,771.323533684,06:30,06:40,5380.70131624,0,0,896.783552707,896.783552707,0.8601,9907.33522641
2025-12-21,41,06:50,5233.249,0,5447.92343236,0,907.987238726,907.987238726,0,35.7790720594,0,0,0,0,9944.8690887,40,2025-12-21,39,0.8442,766.522826933,06:40,06:50,5447.92343236,0,0,907.987238726,907.987238726,0.8442,9912.66792385
2025-12-21,42,07:00,5374.2,0,5465.51093017,2.43272438859,910.513034297,910.513034297,0,14.8130342972,0,0,0,0,9958.20081957,41,2025-12-21,40,0.8334,758.821562783,06:50,07:00,5465.51093017,2.43272438859,0,910.513034297,910.513034297,0.8334,9944.8690887
2025-12-21,43,07:10,5360.7841,172.6829,5369.19793072,149.814682363,869.89720806,869.89720806,0,5.21367472656,0,0,0,28.7804833333,9962.89312682,42,2025-12-21,41,0.8092,703.920820762,07:00,07:10,5369.19793072,149.814682363,0,869.89720806,869.89720806,0.8092,9958.20081957
2025-12-21,44,07:20,5321.3096,420.0356,5337.44478587,395.065827507,823.729826394,823.729826394,0,6.85082639422,0,0,0,70.0059333333,9969.05887058,43,2025-12-21,42,0.7972,656.677417601,07:10,07:20,5337.44478587,395.065827507,0,823.729826394,823.729826394,0.7972,9962.89312682
2025-12-21,45,07:30,5231.72,690.675,5351.84275458,658.47509703,782.227942926,782.227942926,0,25.3871095923,0,0,0,115.1125,9991.90726921,44,2025-12-21,43,0.7644,597.935039572,07:20,07:30,5351.84275458,658.47509703,0,782.227942926,782.227942926,0.7644,9969.05887058
2025-12-21,46,07:40,5065.8847,996.7377,5325.82896741,936.866993321,1564.82699568,1511.5245,53.3024956818,833.333333333,0,0,0,166.12295,10741.9072692,45,2025-12-21,44,0.6899,1079.57414432,07:30,07:40,5325.82896741,936.866993321,0,1564.82699568,1564.82699568,0.6899,9991.90726921
2025-12-21,47,07:50,5889.1246,1276.7125,5958.86574731,1209.65048377,791.535877256,791.535877256,0,22.8005272561,0,0,0,212.785416667,10762.4277437,46,2025-12-21,45,0.86,680.72085444,07:40,07:50,5958.86574731,1209.65048377,0,791.535877256,791.535877256,0.86,10741.9072692
2025-12-21,48,08:00,7180.79,1539.8625,6953.78621013,1484.19125992,78.2658250358,78.2658250358,0,0,833.333333333,28.5554249642,0,256.64375,9836.50181782,47,2025-12-21,46,1.1617,256.785594849,07:50,08:00,6953.78621013,1484.19125992,0,78.2658250358,78.2658250358,1.1617,10762.4277437
2025-12-21,49,08:10,7254.351,1860.1541,7150.90919681,1777.88234279,62.1711423361,62.1711423361,0,0,833.333333333,3.52834099722,0,310.025683333,8910.57589189,48,2025-12-21,47,1.1683,93.2453495265,08:00,08:10,7150.90919681,1777.88234279,0,62.1711423361,62.1711423361,1.1683,9836.50181782
2025-12-21,50,08:20,7152.8955,2211.6206,7075.81024234,2062.48005227,2.22169834543,2.22169834543,0,0,821.324118321,0,0,368.603433333,7997.9935382,49,2025-12-21,48,1.0956,2.43409270725,08:10,08:20,7075.81024234,2062.48005227,0,2.22169834543,2.22169834543,1.0956,8910.57589189
2025-12-21,51,08:30,7367.01,2579.625,7054.39952783,2334.87017443,0,0,0,0,797.8975,0,0,429.9375,7111.44076042,50,2025-12-21,49,1.0849,0,08:20,08:30,7054.39952783,2334.87017443,0,0,0,1.0849,7997.9935382
2025-12-21,52,08:40,7333.1326,2953.1787,7014.45182343,2617.25383705,0,0,0,0,729.992316667,0,0,492.19645,6300.33818635,51,2025-12-21,50,1.061,0,08:30,08:40,7014.45182343,2617.25383705,0,0,0,1.061,7111.44076042
2025-12-21,53,08:50,7276.0603,3195.6035,7018.97202595,2902.21448491,0,0,0,0,680.076133333,0,0,532.600583333,5544.6980382,52,2025-12-21,51,1.043,0,08:40,08:50,7018.97202595,2902.21448491,0,0,0,1.043,6300.33818635
2025-12-21,54,09:00,7255.65,3341.5875,7039.56112554,3172.28108529,0,0,0,0,652.34375,0,0,556.93125,4819.87164931,53,2025-12-21,52,1.036,0,08:50,09:00,7039.56112554,3172.28108529,0,0,0,1.036,5544.6980382
2025-12-21,55,09:10,7076.8086,3572.7867,7030.467276,3435.50031396,0,0,0,0,584.00365,0,0,595.46445,4170.97870487,54,2025-12-21,53,1.0147,0,09:00,09:10,7030.467276,3435.50031396,0,0,0,1.0147,4819.87164931
2025-12-21,56,09:20,7014.1683,3848.0561,7056.84359196,3676.88744286,328.502981508,328.502981508,0,0,199.182385159,0,0,641.342683333,3949.66494358,55,2025-12-21,54,0.9922,325.940658252,09:10,09:20,7056.84359196,3676.88744286,0,328.502981508,328.502981508,0.9922,4170.97870487
2025-12-21,57,09:30,7150.59,4116.6,7086.92796241,3917.20005796,528.287984075,528.287984075,1.13686837722e-13,22.6229840751,0,0,0,686.1,3970.02562925,56,2025-12-21,55,0.97,512.439344553,09:20,09:30,7086.92796241,3917.20005796,0,528.287984075,528.287984075,0.97,3949.66494358
2025-12-21,58,09:40,7259.4501,4370.6969,7013.68611726,4140.95321407,478.788817198,478.788817198,0,0,2.67004946908,0,0,728.449483333,3967.05890761,57,2025-12-21,56,0.9422,451.114823564,09:30,09:40,7013.68611726,4140.95321407,0,478.788817198,478.788817198,0.9422,3970.02562925
2025-12-21,59,09:50,7142.682,4583.0793,6916.96225654,4414.36836327,417.098982211,417.098982211,0,0,9.50146778904,0,0,763.84655,3956.50172118,58,2025-12-21,57,0.9569,399.122016078,09:40,09:50,6916.96225654,4414.36836327,0,417.098982211,417.098982211,0.9569,3967.05890761
2025-12-21,60,10:00,6912.23,4750.3875,6928.78241413,4713.8461535,0,0,0,0,360.307083333,0,0,791.73125,3556.16051748,59,2025-12-21,58,0.9977,0,09:50,10:00,6928.78241413,4713.8461535,0,0,0,0.9977,3956.50172118
2025-12-21,61,10:10,6873.3728,4886.2111,7016.68191087,4926.20074893,348.413526989,348.413526989,0,17.2199103228,0,0,0,814.368516667,3571.65843677,60,2025-12-21,59,0.9919,345.591377421,10:00,10:10,7016.68191087,4926.20074893,0,348.413526989,348.413526989,0.9919,3556.16051748
2025-12-21,62,10:20,6913.1885,4956.6279,7035.00252282,5189.10478647,307.649622726,307.649622726,0,0,18.4438106072,0,0,826.10465,3551.16531387,61,2025-12-21,60,0.9588,294.97445827,10:10,10:20,7035.00252282,5189.10478647,0,307.649622726,307.649622726,0.9588,3571.65843677
2025-12-21,63,10:30,6951.47,4960.7625,6928.69505655,5440.72255055,247.995417667,247.995417667,0,0,83.7891656668,0,0,826.79375,3458.06624091,62,2025-12-21,61,0.9549,236.81082433,10:20,10:30,6928.69505655,5440.72255055,0,247.995417667,247.995417667,0.9549,3551.16531387
2025-12-21,64,10:40,7040.6919,4946.2149,6806.46099277,5520.57306201,214.314655126,214.314655126,0,0,134.764844874,0,0,824.36915,3308.32752438,63,2025-12-21,62,0.9839,210.864189179,10:30,10:40,6806.46099277,5520.57306201,0,214.314655126,214.314655126,0.9839,3458.06624091
2025-12-21,65,10:50,7195.1724,4968.8079,6894.96881178,5542.66983838,225.383162234,225.383162234,0,0,145.677587766,0,0,828.13465,3146.46353798,64,2025-12-21,63,0.799,180.081146625,10:40,10:50,6894.96881178,5542.66983838,0,225.383162234,225.383162234,0.799,3308.32752438
2025-12-21,66,11:00,7266.62,4979.2125,7036.51195305,5622.21585685,235.716016033,235.716016033,0,0,145.518567301,0,0,829.86875,2984.77624098,65,2025-12-21,64,0.5025,118.447298056,10:50,11:00,7036.51195305,5622.21585685,0,235.716016033,235.716016033,0.5025,3146.46353798
2025-12-21,67,11:10,7080.5804,4907.9946,6834.24180964,5710.28199834,1020.65996855,1020.65996855,1.13686837722e-13,658.562335216,0,0,0,817.9991,3577.48234267,66,2025-12-21,65,0.4662,475.831677338,11:00,11:10,6834.24180964,5710.28199834,0,1020.65996855,1020.65996855,0.4662,2984.77624098
2025-12-21,68,11:20,6948.6094,5015.1025,6624.79291859,5746.02380473,736.915511531,736.915511531,1.13686837722e-13,414.664361531,0,0,0,835.850416667,3950.68026805,67,2025-12-21,66,0.5007,368.973596623,11:10,11:20,6624.79291859,5746.02380473,0,736.915511531,736.915511531,0.5007,3577.48234267
2025-12-21,69,11:30,6954.16,5256.3375,6664.55345963,5750.2875932,985.710977737,985.710977737,1.13686837722e-13,702.740561071,0,0,0,876.05625,4583.14677301,68,2025-12-21,67,0.4827,475.802688954,11:20,11:30,6664.55345963,5750.2875932,0,985.710977737,985.710977737,0.4827,3950.68026805
2025-12-21,70,11:40,6860.0706,5348.0182,6831.88082361,5834.62329581,999.542921299,999.542921299,0,747.534187966,0,0,0,891.336366667,5255.92754218,69,2025-12-21,68,0.4785,478.281287842,11:30,11:40,6831.88082361,5834.62329581,0,999.542921299,999.542921299,0.4785,4583.14677301
2025-12-21,71,11:50,6565.9337,5577.6892,6741.46837207,5874.24589997,977.870412017,977.870412017,0,813.16299535,0,0,0,929.614866667,5987.774238,70,2025-12-21,69,0.4662,455.883186082,11:40,11:50,6741.46837207,5874.24589997,0,977.870412017,977.870412017,0.4662,5255.92754218
2025-12-21,72,12:00,6330.9,5890.8,6427.06608356,5835.45357793,931.935417604,906.683333333,25.2520842707,833.333333333,0,0,0,981.8,6737.774238,71,2025-12-21,70,0.4432,413.033777082,11:50,12:00,6427.06608356,5835.45357793,0,931.935417604,931.935417604,0.4432,5987.774238
2025-12-21,73,12:10,6501.863,5904.8948,6255.54323744,5815.71263255,906.638434148,906.638434148,0,807.143734148,0,0,0,984.149133333,7464.20359873,72,2025-12-21,71,0.4411,399.918213303,12:00,12:10,6255.54323744,5815.71263255,0,906.638434148,906.638434148,0.4411,6737.774238
2025-12-21,74,12:20,6520.3344,5868.1645,6297.84344475,5805.06557095,915.462978966,915.462978966,0,806.767995633,0,0,0,978.027416667,8190.2947948,73,2025-12-21,72,0.4551,416.627201727,12:10,12:20,6297.84344475,5805.06557095,0,915.462978966,915.462978966,0.4551,7464.20359873
2025-12-21,75,12:30,6273.31,5864.7,6342.09212681,5773.09918416,928.165490442,901.435,26.7304904418,833.333333333,0,0,0,977.45,8940.2947948,74,2025-12-21,73,0.4463,414.240258384,12:20,12:30,6342.09212681,5773.09918416,0,928.165490442,928.165490442,0.4463,8190.2947948
2025-12-21,76,12:40,6234.7567,5722.7661,6153.05527238,5690.70131426,910.392326353,910.392326353,0,825.060559686,0,0,0,953.79435,9682.84929852,75,2025-12-21,74,0.4113,374.444363829,12:30,12:40,6153.05527238,5690.70131426,0,910.392326353,910.392326353,0.4113,8940.2947948
2025-12-21,77,12:50,6512.763,5549.8704,6251.65230238,5625.19701924,104.409213856,104.409213856,0,0,56.0728861437,0,0,924.9784,9620.54609169,76,2025-12-21,75,0.5682,59.3253153131,12:40,12:50,6251.65230238,5625.19701924,0,104.409213856,104.409213856,0.5682,9682.84929852
2025-12-21,78,13:00,6836.44,5390.4375,6622.1673869,5566.77237272,175.89916903,175.89916903,0,0,65.1012476371,0,0,898.40625,9548.21137209,77,2025-12-21,76,0.8279,145.62692204,12:50,13:00,6622.1673869,5566.77237272,0,175.89916903,175.89916903,0.8279,9620.54609169
2025-12-21,79,13:10,6797.3346,5211.4597,6648.76765304,5410.82320167,206.324075228,206.324075228,0,0,57.9884081052,0,0,868.576616667,9483.77980753,78,2025-12-21,77,0.8636,178.181471367,13:00,13:10,6648.76765304,5410.82320167,0,206.324075228,206.324075228,0.8636,9548.21137209
2025-12-21,80,13:20,6554.3856,5202.0686,6529.15800958,5225.9222571,217.205958747,217.205958747,0,0,8.18020791981,0,0,867.011433333,9474.69068762,79,2025-12-21,78,0.8416,182.800534881,13:10,13:20,6529.15800958,5225.9222571,0,217.205958747,217.205958747,0.8416,9483.77980753
2025-12-21,81,13:30,6350.08,5287.95,6468.7364267,5054.35050652,235.730986697,235.730986697,1.13686837722e-13,58.7093200303,0,0,0,881.325,9527.52907565,80,2025-12-21,79,0.8618,203.152964335,13:20,13:30,6468.7364267,5054.35050652,0,235.730986697,235.730986697,0.8618,9474.69068762
2025-12-21,82,13:40,6333.408,5178.3498,6427.42610674,4902.20803166,254.203012513,254.203012513,0,61.6933125133,0,0,0,863.0583,9583.05305691,81,2025-12-21,80,0.8623,219.19925769,13:30,13:40,6427.42610674,4902.20803166,0,254.203012513,254.203012513,0.8623,9527.52907565
2025-12-21,83,13:50,6515.4464,4993.7017,6385.38041669,4739.57823047,0.823214096076,0.823214096076,0,0,252.800902571,0,0,832.283616667,9302.16316516,82,2025-12-21,81,0.9026,0.743033043118,13:40,13:50,6385.38041669,4739.57823047,0,0.823214096076,0.823214096076,0.9026,9583.05305691
2025-12-21,84,14:00,6658.81,4847.5125,6354.42639821,4516.80459442,0,0,0,0,301.882916667,0,0,807.91875,8966.7377022,83,2025-12-21,82,0.9754,0,13:50,14:00,6354.42639821,4516.80459442,0,0,0,0.9754,9302.16316516
2025-12-21,85,14:10,6474.7834,4705.4039,6425.36171579,4302.17509644,0,0,0,0,294.896583333,0,0,784.233983333,8639.07483183,84,2025-12-21,83,1.0002,0,14:00,14:10,6425.36171579,4302.17509644,0,0,0,1.0002,8966.7377022
2025-12-21,86,14:20,6311.1097,4404.8152,6497.88310234,4089.16049975,0,0,0,0,317.71575,0,0,734.135866667,8286.05733183,85,2025-12-21,84,0.9978,0,14:10,14:20,6497.88310234,4089.16049975,0,0,0,0.9978,8639.07483183
2025-12-21,87,14:30,6293.57,3988.3875,6464.09043304,3868.27214985,0,0,0,0,384.197083333,0,0,664.73125,7859.17168368,86,2025-12-21,85,1.0271,0,14:20,14:30,6464.09043304,3868.27214985,0,0,0,1.0271,8286.05733183
2025-12-21,88,14:40,6241.0875,3658.7815,6331.63695068,3653.7683642,0,0,0,0,430.384333333,0,0,609.796916667,7380.96686887,87,2025-12-21,86,1.0906,0,14:30,14:40,6331.63695068,3653.7683642,0,0,0,1.0906,7859.17168368
2025-12-21,89,14:50,6267.633,3321.4365,6352.02908766,3436.10988469,0,0,0,0,491.03275,0,0,553.57275,6835.37492442,88,2025-12-21,87,0.9376,0,14:40,14:50,6352.02908766,3436.10988469,0,0,0,0.9376,7380.96686887
2025-12-21,90,15:00,6308.83,2957.5875,6483.31598317,3197.46147568,1380.97575125,1380.97575125,2.27373675443e-13,822.435334582,0,0,0,492.93125,7575.56672555,89,2025-12-21,88,0.6694,924.425167886,14:50,15:00,6483.31598317,3197.46147568,0,1380.97575125,1380.97575125,0.6694,6835.37492442
2025-12-21,91,15:10,6184.3165,2665.595,6429.54288868,2917.67071419,1418.64536242,1418.64536242,0,832.191779082,0,0,0,444.265833333,8324.53932672,90,2025-12-21,89,0.66,936.305939194,15:00,15:10,6429.54288868,2917.67071419,0,1418.64536242,1418.64536242,0.66,7575.56672555
2025-12-21,92,15:20,6249.441,2404.6045,6309.03500988,2622.52211236,1447.75214959,1447.75214959,0,806.946066252,0,0,0,400.767416667,9050.79078635,91,2025-12-21,90,0.7217,1044.84272636,15:10,15:20,6309.03500988,2622.52211236,0,1447.75214959,1447.75214959,0.7217,8324.53932672
2025-12-21,93,15:30,6412.99,2166.8625,6266.96304753,2338.71122039,1488.04197119,1488.04197119,0,780.354054523,0,0,0,361.14375,9753.10943542,92,2025-12-21,91,0.7308,1087.46107255,15:20,15:30,6266.96304753,2338.71122039,0,1488.04197119,1488.04197119,0.7308,9050.79078635
2025-12-21,94,15:40,6229.2355,1977.0681,6390.49450128,2097.51028466,715.497369436,715.497369436,0,6.80280276936,0,0,0,329.51135,9759.23195791,93,2025-12-21,92,0.7534,539.055718133,15:30,15:40,6390.49450128,2097.51028466,0,715.497369436,715.497369436,0.7534,9753.10943542
2025-12-21,95,15:50,6140.1248,1719.0539,6321.48237829,1839.75023782,746.955356745,746.955356745,0,10.1102067455,0,0,0,286.508983333,9768.33114398,94,2025-12-21,93,0.7823,584.343175582,15:40,15:50,6321.48237829,1839.75023782,0,746.955356745,746.955356745,0.7823,9759.23195791
2025-12-21,96,16:00,6190.42,1414.8375,6124.07963586,1552.22401639,761.975936579,761.975936579,0,0,33.954480088,0,0,235.80625,9730.60394388,95,2025-12-21,94,0.8055,613.771616914,15:50,16:00,6124.07963586,1552.22401639,0,761.975936579,761.975936579,0.8055,9768.33114398
2025-12-21,97,16:10,6007.344,1199.0528,6070.05692514,1264.95919326,800.84962198,800.84962198,0,0,0.532244686188,0,0,199.842133333,9730.0125609,96,2025-12-21,95,0.8271,662.38272234,16:00,16:10,6070.05692514,1264.95919326,0,800.84962198,800.84962198,0.8271,9730.60394388
2025-12-21,98,16:20,6021.8302,965.9713,6045.91936434,978.169331942,844.6250054,844.6250054,0,1.98185540016,0,0,0,160.995216667,9731.79623076,97,2025-12-21,96,0.8519,719.5360421,16:10,16:20,6045.91936434,978.169331942,0,844.6250054,844.6250054,0.8519,9730.0125609
2025-12-21,99,16:30,6231.28,680.625,6083.018883,688.321226716,899.116276047,899.116276047,0,0,25.9928906194,0,0,113.4375,9702.91524118,98,2025-12-21,97,0.8791,790.413118273,16:20,16:30,6083.018883,688.321226716,0,899.116276047,899.116276047,0.8791,9731.79623076
2025-12-21,100,16:40,6177.7882,419.0314,6283.98345885,415.221791916,978.126944489,978.126944489,1.13686837722e-13,18.3341444885,0,0,0,69.8385666667,9719.41597122,99,2025-12-21,98,0.9024,882.661754706,16:30,16:40,6283.98345885,415.221791916,0,978.126944489,978.126944489,0.9024,9702.91524118
2025-12-21,101,16:50,6130.9976,173.8125,6226.57483223,164.85957521,1010.28587617,1010.28587617,0,17.4216928362,0,0,0,28.96875,9735.09549478,100,2025-12-21,99,0.9163,925.724948334,16:40,16:50,6226.57483223,164.85957521,0,1010.28587617,1010.28587617,0.9163,9719.41597122
2025-12-21,102,17:00,6172.78,0,5999.90462322,3.45024893503,999.409062381,999.409062381,0,0,29.3876042861,0,0,0,9702.44260112,101,2025-12-21,100,0.9264,925.852555389,16:50,17:00,5999.90462322,3.45024893503,0,999.409062381,999.409062381,0.9264,9735.09549478
2025-12-21,103,17:10,6112.1742,0,6065.35674416,0,1010.89279069,1010.89279069,0,0,7.80290930739,0,0,0,9693.77270189,102,2025-12-21,101,0.9462,956.506758553,17:00,17:10,6065.35674416,0,0,1010.89279069,1010.89279069,0.9462,9702.44260112
2025-12-21,104,17:20,6160.7027,6.2009,6132.53653937,0,1022.08942323,1022.08942323,0,0,3.66087677229,0,0,1.03348333333,9689.70506104,103,2025-12-21,102,0.9742,995.719516108,17:10,17:20,6132.53653937,0,0,1022.08942323,1022.08942323,0.9742,9693.77270189
2025-12-21,105,17:30,6338.77,0,6149.29616412,0,1024.88269402,1024.88269402,0,0,31.5789726467,0,0,0,9654.61731365,104,2025-12-21,103,0.9862,1010.73931284,17:20,17:30,6149.29616412,0,0,1024.88269402,1024.88269402,0.9862,9689.70506104
2025-12-21,106,17:40,6290.0948,0,6248.0225432,0,1041.33709053,1041.33709053,0,0,7.01204280028,0,0,0,9646.82615498,105,2025-12-21,104,0.976,1016.34500036,17:30,17:40,6248.0225432,0,0,1041.33709053,1041.33709053,0.976,9654.61731365
2025-12-21,107,17:50,5392.9058,0.4452,5465.54731473,0,910.924552455,910.924552455,0,12.181119122,0,0,0,0.0742,9657.78916219,106,2025-12-21,105,1.0742,978.515154248,17:40,17:50,5465.54731473,0,0,910.924552455,910.924552455,1.0742,9646.82615498
2025-12-21,108,18:00,4275.8,0,4288.0091398,0,714.668189966,714.668189966,0,2.03485663296,0,0,0,0,9659.62053316,107,2025-12-21,106,1.2313,879.970942306,17:50,18:00,4288.0091398,0,0,714.668189966,714.668189966,1.2313,9657.78916219
2025-12-21,109,18:10,4292.4867,0,4268.98316793,0,711.497194655,711.497194655,0,0,3.91725534533,0,0,0,9655.26802722,108,2025-12-21,107,1.2561,893.711626206,18:00,18:10,4268.98316793,0,0,711.497194655,711.497194655,1.2561,9659.62053316
2025-12-21,110,18:20,4489.6396,0.032,4395.92638752,0,732.65439792,732.65439792,0,0,15.6135354129,0,0,0.00533333333333,9637.91965454,109,2025-12-21,108,1.2447,911.934929092,18:10,18:20,4395.92638752,0,0,732.65439792,732.65439792,1.2447,9655.26802722
2025-12-21,111,18:30,4380.05,0,4260.01064671,0,710.001774452,710.001774452,0,0,20.0065588817,0,0,0,9615.69014467,110,2025-12-21,109,1.2545,890.69722605,18:20,18:30,4260.01064671,0,0,710.001774452,710.001774452,1.2545,9637.91965454
2025-12-21,112,18:40,4406.0663,0,4278.41892902,0,713.069821504,713.069821504,0,0,21.2745618293,0,0,0,9592.05174264,111,2025-12-21,110,1.2522,892.906030487,18:30,18:40,4278.41892902,0,0,713.069821504,713.069821504,1.2522,9615.69014467
2025-12-21,113,18:50,4500.5016,0.0023,4289.93413387,0,714.989022312,714.989022312,0,0,35.0941943546,0,0,0.000383333333333,9553.05819336,112,2025-12-21,111,1.2881,920.97735964,18:40,18:50,4289.93413387,0,0,714.989022312,714.989022312,1.2881,9592.05174264
2025-12-21,114,19:00,4490.76,0,4248.20191192,0,0,0,0,0,748.46,0,0,0,8721.43597114,113,2025-12-21,112,1.3466,0,18:50,19:00,4248.20191192,0,0,0,0,1.3466,9553.05819336
2025-12-21,115,19:10,4334.8994,0,4293.64403511,0,0,0,0,0,722.483233333,0,0,0,7918.67682299,114,2025-12-21,113,1.3523,0,19:00,19:10,4293.64403511,0,0,0,0,1.3523,8721.43597114
2025-12-21,116,19:20,4356.9931,0,4381.26234964,0,650.674748453,650.674748453,0,0,75.4907682134,0,0,0,7834.79819164,115,2025-12-21,114,1.3445,874.832199295,19:10,19:20,4381.26234964,0,0,650.674748453,650.674748453,1.3445,7918.67682299
2025-12-21,117,19:30,4466.59,0,4399.46089438,0,0,0,0,0,744.431666667,0,0,0,7007.65189534,116,2025-12-21,115,1.3483,0,19:20,19:30,4399.46089438,0,0,0,0,1.3483,7834.79819164
2025-12-21,118,19:40,4301.5722,0,4293.4759948,0,0,0,0,0,716.9287,0,0,0,6211.0644509,117,2025-12-21,116,1.349,0,19:30,19:40,4293.4759948,0,0,0,0,1.349,7007.65189534
2025-12-21,119,19:50,4398.717,0,4245.82101217,0,0,0,0,0,733.1195,0,0,0,5396.48722868,118,2025-12-21,117,1.3473,0,19:40,19:50,4245.82101217,0,0,0,0,1.3473,6211.0644509
2025-12-21,120,20:00,4681.61,0,4324.35077852,0,0,0,0,0,780.268333333,0,0,0,4529.52241386,119,2025-12-21,118,1.3482,0,19:50,20:00,4324.35077852,0,0,0,0,1.3482,5396.48722868
2025-12-21,121,20:10,4485.5154,0,4441.40063043,0,0,0,0,0,747.5859,0,0,0,3698.87141386,120,2025-12-21,119,1.3513,0,20:00,20:10,4441.40063043,0,0,0,0,1.3513,4529.52241386
2025-12-21,122,20:20,4156.9026,0,4406.86879951,0,734.478133252,734.478133252,0,41.6610332524,0,0,0,0,3736.36634379,121,2025-12-21,120,1.34,984.200698558,20:10,20:20,4406.86879951,0,0,734.478133252,734.478133252,1.34,3698.87141386
2025-12-21,123,20:30,4090.51,0,4333.28812786,0,0,0,0,0,681.751666667,0,0,0,2978.86449194,122,2025-12-21,121,1.3489,0,20:20,20:30,4333.28812786,0,0,0,0,1.3489,3736.36634379
2025-12-21,124,20:40,4322.2266,0,4262.7491597,0,0,0,0,0,720.3711,0,0,0,2178.4521586,123,2025-12-21,122,1.3952,0,20:30,20:40,4262.7491597,0,0,0,0,1.3952,2978.86449194
2025-12-21,125,20:50,4336.801,0,4297.87538503,0,716.312564171,716.312564171,0,0,6.48760249555,0,0,0,2171.24371139,124,2025-12-21,123,1.2226,875.763740956,20:40,20:50,4297.87538503,0,0,716.312564171,716.312564171,1.2226,2178.4521586
2025-12-21,126,21:00,4144.46,0,4332.29875142,0,722.049791903,722.049791903,0,31.3064585695,0,0,0,0,2199.4195241,125,2025-12-21,124,0.9332,673.816865804,20:50,21:00,4332.29875142,0,0,722.049791903,722.049791903,0.9332,2171.24371139
2025-12-21,127,21:10,4227.261,0,4256.51245616,0,709.418742694,709.418742694,0,4.87524269364,0,0,0,0,2203.80724252,126,2025-12-21,125,0.9068,643.300915875,21:00,21:10,4256.51245616,0,0,709.418742694,709.418742694,0.9068,2199.4195241
2025-12-21,128,21:20,4326.9643,0,4239.28937093,0,706.548228488,706.548228488,0,0,14.6124881791,0,0,0,2187.57114455,127,2025-12-21,126,0.9371,662.106344916,21:10,21:20,4239.28937093,0,0,706.548228488,706.548228488,0.9371,2203.80724252
2025-12-21,129,21:30,4357.83,0,4357.96944264,0,726.328240441,726.328240441,0,0.0232404407994,0,0,0,0,2187.59206094,128,2025-12-21,127,0.9371,680.642194117,21:20,21:30,4357.96944264,0,0,726.328240441,726.328240441,0.9371,2187.57114455
2025-12-21,130,21:40,4437.1142,0,4435.09222103,0,739.182036838,739.182036838,0,0,0.336996494995,0,0,0,2187.21762039,129,2025-12-21,128,0.9871,729.646588563,21:30,21:40,4435.09222103,0,0,739.182036838,739.182036838,0.9871,2187.59206094
2025-12-21,131,21:50,4070.9954,0,4016.02504872,0,669.33750812,669.33750812,0,0,9.16172521343,0,0,0,2177.03792571,130,2025-12-21,129,0.7764,519.673641304,21:40,21:50,4016.02504872,0,0,669.33750812,669.33750812,0.7764,2187.21762039
2025-12-21,132,22:00,3434.4,0,3361.58019541,0,1393.59669924,1393.59669924,0,821.196699235,0,0,0,0,2916.11495502,131,2025-12-21,130,0.4209,586.564850708,21:50,22:00,3361.58019541,0,0,1393.59669924,1393.59669924,0.4209,2177.03792571
2025-12-21,133,22:10,3270.5539,0,3315.15267862,0,1385.85877977,1378.42565,7.4331297706,833.333333333,0,0,0,0,3666.11495502,132,2025-12-21,131,0.3859,534.802903113,22:00,22:10,3315.15267862,0,0,1385.85877977,1385.85877977,0.3859,2916.11495502
2025-12-21,134,22:20,3305.0168,0,3442.66617288,0,573.77769548,573.77769548,0,22.9415621467,0,0,0,0,3686.76236096,133,2025-12-21,132,0.4368,250.626097386,22:10,22:20,3442.66617288,0,0,573.77769548,573.77769548,0.4368,3666.11495502
2025-12-21,135,22:30,3255.6,0,3393.46453626,0,1398.91075604,1375.93333333,22.9774227095,833.333333333,0,0,0,0,4436.76236096,134,2025-12-21,133,0.4198,587.262735387,22:20,22:30,3393.46453626,0,0,1398.91075604,1398.91075604,0.4198,3686.76236096
2025-12-21,136,22:40,3155.514,0,3297.7448601,0,1382.95747668,1359.25233333,23.7051433508,833.333333333,0,0,0,0,5186.76236096,135,2025-12-21,134,0.4186,578.90599974,22:30,22:40,3297.7448601,0,0,1382.95747668,1382.95747668,0.4186,4436.76236096
2025-12-21,137,22:50,3260.3635,0,3279.19445532,0,1379.86574255,1376.72725,3.13849255396,833.333333333,0,0,0,0,5936.76236096,136,2025-12-21,135,0.4241,585.201061417,22:40,22:50,3279.19445532,0,0,1379.86574255,1379.86574255,0.4241,5186.76236096
2025-12-21,138,23:00,3508.97,0,3375.37223747,0,1395.89537291,1395.89537291,0,811.067039578,0,0,0,0,6666.72269658,137,2025-12-21,136,0.4237,591.440869503,22:50,23:00,3375.37223747,0,0,1395.89537291,1395.89537291,0.4237,5936.76236096
2025-12-21,139,23:10,3554.7154,0,3489.76060346,0,581.626767243,581.626767243,0,0,10.825799424,0,0,0,6654.69403055,138,2025-12-21,137,0.4248,247.075050725,23:00,23:10,3489.76060346,0,0,581.626767243,581.626767243,0.4248,6666.72269658
2025-12-21,140,23:20,3395.6628,0,3547.81762166,0,1424.63627028,1399.27713333,25.3591369435,833.333333333,0,0,0,0,7404.69403055,139,2025-12-21,138,0.424,604.045778597,23:10,23:20,3547.81762166,0,0,1424.63627028,1424.63627028,0.424,6654.69403055
2025-12-21,141,23:30,3305.59,0,3524.20320011,0,1420.70053335,1384.265,36.4355333518,833.333333333,0,0,0,0,8154.69403055,140,2025-12-21,139,0.422,599.535625074,23:20,23:30,3524.20320011,0,0,1420.70053335,1420.70053335,0.422,7404.69403055
2025-12-21,142,23:40,3539.7613,0,3451.29592636,0,1408.54932106,1408.54932106,0,818.589104394,0,0,0,0,8891.4242245,141,2025-12-21,140,0.424,597.22491213,23:30,23:40,3451.29592636,0,0,1408.54932106,1408.54932106,0.424,8154.69403055
2025-12-21,143,23:50,3571.991,0,3511.61060149,0,585.268433581,585.268433581,0,0,10.0633997521,0,0,0,8880.24266922,142,2025-12-21,141,0.4271,249.968147983,23:40,23:50,3511.61060149,0,0,585.268433581,585.268433581,0.4271,8891.4242245
2025-12-21,144,00:00+1,3464.4,0,3595.4699384,0,599.244989734,599.244989734,0,21.8449897337,0,0,0,0,8899.90315998,143,2025-12-21,142,0.4276,256.23715761,23:50,00:00+1,3595.4699384,0,0,599.244989734,599.244989734,0.4276,8880.24266922
