date,t,time_end,L_actual_kw,P_act_kw,L_fc_kw,P_fc_kw,x_plan_kwh,y_used_kwh,r_purchase_waste_kwh,u_charge_kwh,v_discharge_kwh,e_emergency_kwh,w_pv_waste_kwh,g_pv_used_kwh,E_end_kwh,physical_slot0,decision_date,plan_slot0,price_actual,total_cost_yuan,period_start,period_end,L_commit_fc_kw,P_commit_fc_kw,forecast_issue_hour,x0_kwh,x3_kwh,price_fc,E_start_kwh
2025-03-20,1,00:10,3299.0689,0,3531.2899584,0,1398.83204132,1383.17815,15.6538913153,833.333333333,0,0,0,0,10630.4479097,0,2025-03-19,143,0.4487,627.655936938,00:00,00:10,3392.99224789,0,0,1398.83204132,1398.83204132,0.433934543876,9880.44790968
2025-03-20,2,00:20,3421.881,0,3499.93466464,0,583.322444106,583.322444106,0,13.0089441062,0,0,0,0,10642.1559594,1,2025-03-20,0,0.4373,255.086904808,00:10,00:20,3499.93466464,0,0,583.322444106,583.322444106,0.431182914792,10630.4479097
2025-03-20,3,00:30,3683.11,0,3498.80959298,0,583.134932164,583.134932164,0,0,30.7167345031,0,0,0,10608.0262544,2,2025-03-20,1,0.4311,251.389469256,00:20,00:30,3498.80959298,0,0,583.134932164,583.134932164,0.433714153598,10642.1559594
2025-03-20,4,00:40,3476.737,0,3518.74917571,0,586.458195952,586.458195952,0,7.00202928557,0,0,0,0,10614.3280807,3,2025-03-20,2,0.4344,254.757440322,00:30,00:40,3518.74917571,0,0,586.458195952,586.458195952,0.447398331519,10608.0262544
2025-03-20,5,00:50,3302.6695,0,3494.03860249,0,582.339767082,582.339767082,0,31.8948504153,0,0,0,0,10643.0334461,4,2025-03-20,3,0.4238,246.795593289,00:40,00:50,3494.03860249,0,0,582.339767082,582.339767082,0.44889126615,10614.3280807
2025-03-20,6,01:00,3426.94,0,3451.38307907,0,575.230513178,575.230513178,0,4.07384651125,0,0,0,0,10646.699908,5,2025-03-20,4,0.4296,247.119028461,00:50,01:00,3451.38307907,0,0,575.230513178,575.230513178,0.438201434776,10643.0334461
2025-03-20,7,01:10,3609.5343,0,3429.27421883,0,571.545703139,571.545703139,0,0,30.0433468613,0,0,0,10613.3184115,6,2025-03-20,5,0.4989,285.144151296,01:00,01:10,3429.27421883,0,0,571.545703139,571.545703139,0.424185577165,10646.699908
2025-03-20,8,01:20,3668.9025,0,3401.49505007,0,566.915841678,566.915841678,0,0,44.5679083219,0,0,0,10563.7985133,7,2025-03-20,6,0.5083,288.163322325,01:10,01:20,3401.49505007,0,0,566.915841678,566.915841678,0.417647825252,10613.3184115
2025-03-20,9,01:30,3589.3,0,3348.13056414,0,558.021760689,558.021760689,0,0,40.1949059774,0,0,0,10519.1375067,8,2025-03-20,7,0.4468,249.324122676,01:20,01:30,3348.13056414,0,0,558.021760689,558.021760689,0.421745271103,10563.7985133
2025-03-20,10,01:40,3503.6157,0,3398.26597779,0,566.377662965,566.377662965,0,0,17.5582870351,0,0,0,10499.6282989,9,2025-03-20,8,0.4284,242.636190814,01:30,01:40,3398.26597779,0,0,566.377662965,566.377662965,0.428073336311,10519.1375067
2025-03-20,11,01:50,3545.9703,0,3511.69760686,0,585.282934477,585.282934477,0,0,5.71211552256,0,0,0,10493.2815038,10,2025-03-20,9,0.4436,259.631509734,01:40,01:50,3511.69760686,0,0,585.282934477,585.282934477,0.441832748981,10499.6282989
2025-03-20,12,02:00,3590.66,0,3584.16323018,0,597.360538363,597.360538363,0,0,1.08279497046,0,0,0,10492.0783983,11,2025-03-20,10,0.454,271.201684417,01:50,02:00,3584.16323018,0,0,597.360538363,597.360538363,0.439061272511,10493.2815038
2025-03-20,13,02:10,3395.9017,0,3515.21549748,0,797.310079462,797.310079462,0,231.326462796,0,0,0,0,10700.2722148,12,2025-03-20,11,0.4404,351.135358995,02:00,02:10,3515.21549748,0,0,797.310079462,797.310079462,0.40704326253,10492.0783983
2025-03-20,14,02:20,3276.7246,0,3444.50718088,0,574.084530147,574.084530147,0,27.9637634799,0,0,0,0,10725.439602,13,2025-03-20,12,0.4405,252.88423553,02:10,02:20,3444.50718088,0,0,574.084530147,574.084530147,0.419605884533,10700.2722148
2025-03-20,15,02:30,3394.28,0,3468.70453682,0,578.117422803,578.117422803,0,12.4040894698,0,0,0,0,10736.6032825,14,2025-03-20,13,0.4545,262.754368664,02:20,02:30,3468.70453682,0,0,578.117422803,578.117422803,0.459755444951,10725.439602
2025-03-20,16,02:40,3587.5594,0,3563.78515039,0,593.964191732,593.964191732,0,0,3.96237493436,0,0,0,10732.2006437,15,2025-03-20,14,0.4389,260.690883751,02:30,02:40,3563.78515039,0,0,593.964191732,593.964191732,0.44693858651,10736.6032825
2025-03-20,17,02:50,3605.7268,0,3636.29688806,0,606.049481344,606.049481344,0,5.0950146773,0,0,0,0,10736.7861569,16,2025-03-20,15,0.3868,234.419939384,02:40,02:50,3636.29688806,0,0,606.049481344,606.049481344,0.430574171584,10732.2006437
2025-03-20,18,03:00,3522.79,0,3606.6133392,0,601.102223201,601.102223201,0,13.970556534,0,0,0,0,10749.3596578,17,2025-03-20,16,0.3634,218.440547911,02:50,03:00,3606.6133392,0,0,601.102223201,601.102223201,0.43108129103,10736.7861569
2025-03-20,19,03:10,3631.2618,0,3509.34930979,0,584.891551632,584.891551632,0,0,20.3187483679,0,0,0,10726.7832707,18,2025-03-20,17,0.4416,258.288109201,03:00,03:10,3509.34930979,0,0,584.891551632,584.891551632,0.425178671696,10749.3596578
2025-03-20,20,03:20,3731.3543,0,3461.59895263,0,576.933158772,576.933158772,0,0,44.9592245612,0,0,0,10676.8285767,19,2025-03-20,18,0.4839,279.17795553,03:10,03:20,3461.59895263,0,0,576.933158772,576.933158772,0.446287643186,10726.7832707
2025-03-20,21,03:30,3721.01,0,3518.8772618,0,586.479543633,586.479543633,0,0,33.6887897008,0,0,0,10639.3965882,20,2025-03-20,19,0.4574,268.255743258,03:20,03:30,3518.8772618,0,0,586.479543633,586.479543633,0.480630264488,10676.8285767
2025-03-20,22,03:40,3699.7385,0,3633.24467403,0,605.540779006,605.540779006,0,0,11.0823043276,0,0,0,10627.0829167,21,2025-03-20,20,0.4575,277.034906395,03:30,03:40,3633.24467403,0,0,605.540779006,605.540779006,0.459338050143,10639.3965882
2025-03-20,23,03:50,3674.7825,0,3581.69805416,0,596.949675694,596.949675694,0,0,15.5140743059,0,0,0,10609.8450564,22,2025-03-20,21,0.4629,276.328004879,03:40,03:50,3581.69805416,0,0,596.949675694,596.949675694,0.438358605235,10627.0829167
2025-03-20,24,04:00,3623.58,0,3506.88798184,0,584.481330306,584.481330306,0,0,19.4486696938,0,0,0,10588.2354234,23,2025-03-20,22,0.4426,258.691436794,03:50,04:00,3506.88798184,0,0,584.481330306,584.481330306,0.444933184155,10609.8450564
2025-03-20,25,04:10,3538.7697,0.0019,3644.44570593,0,607.407617655,607.407617655,0,17.6129843222,0,0,0,0.000316666666667,10604.0871092,24,2025-03-20,23,0.4023,244.360084583,04:00,04:10,3644.44570593,0,0,607.407617655,607.407617655,0.474404462061,10588.2354234
2025-03-20,26,04:20,3488.7843,0,3669.27613974,0,611.54602329,611.54602329,0,30.0819732904,0,0,0,0,10631.1608852,25,2025-03-20,24,0.4075,249.205004491,04:10,04:20,3669.27613974,0,0,611.54602329,611.54602329,0.463401399757,10604.0871092
2025-03-20,27,04:30,3513.51,0,3535.67713268,0,589.279522113,589.279522113,0,3.69452211258,0,0,0,0,10634.4859551,26,2025-03-20,25,0.452,266.354343995,04:20,04:30,3535.67713268,0,0,589.279522113,589.279522113,0.423172496117,10631.1608852
2025-03-20,28,04:40,3598.3779,0.0271,3594.46381983,0,599.077303305,599.077303305,0,0,0.647830028003,0,0,0.00451666666667,10633.766144,27,2025-03-20,26,0.4646,278.331315116,04:30,04:40,3594.46381983,0,0,599.077303305,599.077303305,0.433181334041,10634.4859551
2025-03-20,29,04:50,3700.4359,0,3666.64673291,0,611.107788819,611.107788819,0,0,5.63152784772,0,0,0,10627.5088908,28,2025-03-20,27,0.4561,278.72626248,04:40,04:50,3666.64673291,0,0,611.107788819,611.107788819,0.443479456869,10633.766144
2025-03-20,30,05:00,3753.57,0,3653.615477,0,608.935912833,608.935912833,0,0,16.6590871666,0,0,0,10608.998794,29,2025-03-20,28,0.4379,266.65303623,04:50,05:00,3653.615477,0,0,608.935912833,608.935912833,0.433878039271,10627.5088908
2025-03-20,31,05:10,3716.9811,0.3776,3597.90613459,0,599.651022431,599.651022431,0,0,19.7828942352,0,0,0.0629333333333,10587.0178004,30,2025-03-20,29,0.4177,250.47423207,05:00,05:10,3597.90613459,0,0,599.651022431,599.651022431,0.430189764154,10608.998794
2025-03-20,32,05:20,3707.0664,0,3600.12087494,0,600.020145823,600.020145823,0,0,17.8242541767,0,0,0,10567.2130735,31,2025-03-20,30,0.464,278.409347662,05:10,05:20,3600.12087494,0,0,600.020145823,600.020145823,0.454121454199,10587.0178004
2025-03-20,33,05:30,3642.69,0,3637.29678099,0,606.216130165,606.216130165,0,0,0.898869835381,0,0,0,10566.2143292,32,2025-03-20,31,0.4802,291.104985705,05:20,05:30,3637.29678099,0,0,606.216130165,606.216130165,0.46550797937,10567.2130735
2025-03-20,34,05:40,3457.8398,5.2594,3626.20425582,0,604.367375971,604.367375971,0,28.9373093041,0,0,0,0.876566666667,10592.2579076,33,2025-03-20,32,0.352,212.737316342,05:30,05:40,3626.20425582,0,0,604.367375971,604.367375971,0.430600231463,10566.2143292
2025-03-20,35,05:50,4028.7787,0,4140.60720903,0,690.101201505,690.101201505,0,18.6380848383,0,0,0,0,10609.032184,34,2025-03-20,33,0.5794,399.844636152,05:40,05:50,4140.60720903,0,0,690.101201505,690.101201505,0.622012217043,10592.2579076
2025-03-20,36,06:00,4962.09,0,4775.18290744,0,0,0,0,0,827.015,0,0,0,9690.12662841,35,2025-03-20,34,1.0185,0,05:50,06:00,4775.18290744,0,0,0,0,0.961466832047,10609.032184
2025-03-20,37,06:10,4905.1198,153.4202,4755.62913143,141.635860783,0,0,0,0,791.949933333,0,0,25.5700333333,8810.18225804,36,2025-03-20,35,0.995,0,06:00,06:10,4755.62913143,141.635860783,0,0,0,0.995293236064,9690.12662841
2025-03-20,38,06:20,4660.8239,401.044,4644.19477836,379.936305042,0,0,0,0,709.963316667,0,0,66.8406666667,8021.33412841,37,2025-03-20,36,0.8932,0,06:10,06:20,4644.19477836,379.936305042,0,0,0,0.940878828347,8810.18225804
2025-03-20,39,06:30,4703.75,675.525,4913.27112376,665.245130246,0,0,0,0,671.370833333,0,0,112.5875,7275.36653581,38,2025-03-20,37,0.9281,0,06:20,06:30,4913.27112376,665.245130246,0,0,0,0.944701718279,8021.33412841
2025-03-20,40,06:40,4726.9008,952.6316,4661.04411014,981.590869702,0,0,0,0,629.044866667,0,0,158.771933333,6576.42779507,39,2025-03-20,38,0.9231,0,06:30,06:40,4661.04411014,981.590869702,0,0,0,0.903344294619,7275.36653581
2025-03-20,41,06:50,4819.4733,1302.5378,4758.25805745,1307.71768727,9.86850895996,9.86850895996,0,0,576.287407707,0,0,217.089633333,5936.10845318,40,2025-03-20,39,0.902,8.90139508188,06:40,06:50,4758.25805745,1307.71768727,0,9.86850895996,9.86850895996,0.858962750197,6576.42779507
2025-03-20,42,07:00,4880.33,1693.2375,4853.86734735,1642.14202755,535.2875533,535.2875533,0,4.10546996654,0,0,0,282.20625,5939.80337615,41,2025-03-20,40,0.8707,466.074872658,06:50,07:00,4853.86734735,1642.14202755,0,535.2875533,535.2875533,0.847918539372,5936.10845318
2025-03-20,43,07:10,4689.3761,2009.9231,4793.86850461,1990.49189073,467.229435646,467.229435646,0,20.6539356456,0,0,0,334.987183333,5958.39191823,42,2025-03-20,41,0.7992,373.409764968,07:00,07:10,4793.86850461,1990.49189073,0,467.229435646,467.229435646,0.822618219631,5939.80337615
2025-03-20,44,07:20,4713.3646,2305.9149,4772.59909304,2287.83436202,414.12745517,414.12745517,5.68434188608e-14,12.8858385029,0,0,0,384.31915,5969.98917288,43,2025-03-20,42,0.7957,329.521216078,07:10,07:20,4772.59909304,2287.83436202,0,414.12745517,414.12745517,0.802689796491,5958.39191823
2025-03-20,45,07:30,4827.2,2609.7375,4754.17710454,2525.65820453,371.419816668,371.419816668,0,1.8427333342,0,0,0,434.95625,5971.64763288,44,2025-03-20,43,0.8046,298.844384491,07:20,07:30,4754.17710454,2525.65820453,0,371.419816668,371.419816668,0.754870884648,5969.98917288
2025-03-20,46,07:40,4578.156,2894.0148,4544.37161175,2830.40551079,1118.99435016,1114.02353333,4.97081682643,833.333333333,0,0,0,482.3358,6721.64763288,45,2025-03-20,44,0.7001,783.407944547,07:30,07:40,4544.37161175,2830.40551079,0,1118.99435016,1118.99435016,0.679176462076,5971.64763288
2025-03-20,47,07:50,5187.0368,3179.5684,5418.2522003,3195.10630711,0,0,0,0,334.578066667,0,0,529.928066667,6349.89422547,46,2025-03-20,45,0.8467,0,07:40,07:50,5418.2522003,3195.10630711,0,0,0,0.882084092943,6721.64763288
2025-03-20,48,08:00,6405.59,3476.5125,6582.79571468,3485.59146742,0,0,0,0,488.179583333,0,0,579.41875,5807.47246622,47,2025-03-20,46,1.1788,0,07:50,08:00,6582.79571468,3485.59146742,0,0,0,1.22590561606,6349.89422547
2025-03-20,49,08:10,6658.0486,3761.2255,6539.40597822,3763.73529399,0,0,0,0,482.80385,0,0,626.870916667,5271.02374399,48,2025-03-20,47,1.2356,0,08:00,08:10,6539.40597822,3763.73529399,0,0,0,1.21468485194,5807.47246622
2025-03-20,50,08:20,6606.6001,3976.3717,6344.38183376,4056.28864337,0,0,0,0,438.3714,0,0,662.728616667,4783.94441066,49,2025-03-20,48,1.1876,0,08:10,08:20,6344.38183376,4056.28864337,0,0,0,1.12336646372,5271.02374399
2025-03-20,51,08:30,6687.27,4220.325,6491.45414372,4304.05242201,0,0,0,0,411.1575,0,0,703.3875,4327.10274399,50,2025-03-20,49,1.1569,0,08:20,08:30,6491.45414372,4304.05242201,0,0,0,1.10907970186,4783.94441066
2025-03-20,52,08:40,6649.776,4653.7429,6449.23341925,4522.89563019,0,0,0,0,332.672183333,0,0,775.623816667,3957.46698473,51,2025-03-20,50,1.0869,0,08:30,08:40,6449.23341925,4522.89563019,0,0,0,1.08237025964,4327.10274399
2025-03-20,53,08:50,6705.5335,5037.5027,6498.48262971,4801.16784617,0,0,0,0,278.005133333,0,0,839.583783333,3648.57239214,52,2025-03-20,51,1.0527,0,08:40,08:50,6498.48262971,4801.16784617,0,0,0,1.07184836532,3957.46698473
2025-03-20,54,09:00,6757.81,5180.8875,6631.13163485,5168.50966164,0,0,0,0,262.820416667,0,0,863.48125,3356.54970696,53,2025-03-20,52,1.068,0,08:50,09:00,6631.13163485,5168.50966164,0,0,0,1.07839317784,3648.57239214
2025-03-20,55,09:10,6494.2004,5166.4978,6545.39528918,5440.99266287,0,0,0,0,221.283766667,0,0,861.082966667,3110.6788551,54,2025-03-20,53,1.0672,0,09:00,09:10,6545.39528918,5440.99266287,0,0,0,1.06625584489,3356.54970696
2025-03-20,56,09:20,6436.4392,5533.329,6454.2428252,5731.93226841,0,0,0,0,150.518366667,0,0,922.2215,2943.43622547,55,2025-03-20,54,1.0563,0,09:10,09:20,6454.2428252,5731.93226841,0,0,0,1.04633671262,3110.6788551
2025-03-20,57,09:30,6570.85,6107.7375,6458.68337907,6051.0513744,0,0,0,0,77.1854166667,0,0,1017.95625,2857.6746514,56,2025-03-20,55,1.0344,0,09:20,09:30,6458.68337907,6051.0513744,0,0,0,1.02572519562,2943.43622547
2025-03-20,58,09:40,6399.3635,6182.795,6467.96238359,6291.70823153,0,0,0,0,36.09475,0,0,1030.46583333,2817.56937362,57,2025-03-20,56,0.9937,0,09:30,09:40,6467.96238359,6291.70823153,0,0,0,1.00800357751,2857.6746514
2025-03-20,59,09:50,6445.9301,6198.386,6466.32539241,6498.26124101,0,0,0,0,41.25735,0,0,1033.06433333,2771.72787362,58,2025-03-20,57,0.9971,0,09:40,09:50,6466.32539241,6498.26124101,0,0,0,1.02646875706,2817.56937362
2025-03-20,60,10:00,6697.43,6426.1875,6464.86380847,6646.95762288,0,0,0,0,45.2070833333,0,0,1071.03125,2721.49778103,59,2025-03-20,58,1.0131,0,09:50,10:00,6464.86380847,6646.95762288,0,0,0,1.03781709769,2771.72787362
2025-03-20,61,10:10,6577.9956,6675.2481,6458.86727637,6827.70907636,0,0,0,16.20875,0,0,0,1112.54135,2736.08565603,60,2025-03-20,59,0.948,0,10:00,10:10,6458.86727637,6827.70907636,0,0,0,1.03173488042,2721.49778103
2025-03-20,62,10:20,6445.2772,6774.004,6451.68741107,6972.09209024,0,0,0,54.7878,0,0,0,1129.00066667,2785.39467603,61,2025-03-20,60,0.9058,0,10:10,10:20,6451.68741107,6972.09209024,0,0,0,0.990763468881,2736.08565603
2025-03-20,63,10:30,6473.61,6879.075,6412.48828457,7076.79491748,0,0,0,67.5775,0,0,0,1146.5125,2846.21442603,62,2025-03-20,61,0.9279,0,10:20,10:30,6412.48828457,7076.79491748,0,0,0,0.961834586825,2785.39467603
2025-03-20,64,10:40,6454.2353,7268.5137,6341.24069731,7170.06521195,0,0,0,135.713066667,0,0,0,1211.41895,2968.35618603,63,2025-03-20,62,0.927,0,10:30,10:40,6341.24069731,7170.06521195,0,0,0,0.989938639272,2846.21442603
2025-03-20,65,10:50,6352.336,7455.3554,6327.79742205,7367.23341313,0,0,0,183.836566667,0,0,0,1242.55923333,3133.80909603,64,2025-03-20,63,0.7628,0,10:40,10:50,6327.79742205,7367.23341313,0,0,0,0.826036557202,2968.35618603
2025-03-20,66,11:00,6279.9,7263,6400.2722595,7519.59328833,646.779828529,646.779828529,0,810.629828529,0,0,0,1210.5,3863.37594171,65,2025-03-20,64,0.544,351.84822672,10:50,11:00,6400.2722595,7519.59328833,0,646.779828529,646.779828529,0.559112396843,3133.80909603
2025-03-20,67,11:10,6362.0436,7021.6679,6450.58758368,7544.283893,244.249158281,244.249158281,0,354.186541614,0,0,0,1170.27798333,4182.14382916,66,2025-03-20,65,0.5346,130.575600017,11:00,11:10,6450.58758368,7544.283893,0,244.249158281,244.249158281,0.573285984716,3863.37594171
2025-03-20,68,11:20,6393.8373,7052.8842,6403.64868193,7635.81342263,0,0,0,109.84115,0,0,0,1175.4807,4281.00086416,67,2025-03-20,66,0.5872,0,11:10,11:20,6403.64868193,7635.81342263,0,0,0,0.622518296105,4182.14382916
2025-03-20,69,11:30,6360.1,7317.5625,6339.7395738,7772.17700912,0,0,0,159.577083333,0,0,0,1219.59375,4424.62023916,68,2025-03-20,67,0.577,0,11:20,11:30,6339.7395738,7772.17700912,0,0,0,0.587723971015,4281.00086416
2025-03-20,70,11:40,6424.0276,7505.6333,6388.17492169,7787.47122624,0,0,0,180.267616667,0,0,0,1250.93888333,4586.86109416,69,2025-03-20,68,0.5241,0,11:30,11:40,6388.17492169,7787.47122624,0,0,0,0.592838121029,4424.62023916
2025-03-20,71,11:50,6379.6216,7635.0323,6284.93684987,7762.52429834,0,0,0,209.235116667,0,0,0,1272.50538333,4775.17269916,70,2025-03-20,69,0.5111,0,11:40,11:50,6284.93684987,7762.52429834,0,0,0,0.585485217113,4586.86109416
2025-03-20,72,12:00,6168.32,7818.45,6065.31190161,7757.2725856,551.339886002,551.339886002,1.13686837722e-13,826.361552669,0,0,0,1303.075,5518.89809656,71,2025-03-20,70,0.5158,284.3811132,11:50,12:00,6065.31190161,7757.2725856,0,551.339886002,551.339886002,0.527681320968,4775.17269916
2025-03-20,73,12:10,5958.8116,8082.9395,6042.90603322,7775.52509355,544.563489945,479.312016667,65.2514732787,833.333333333,0,0,0,1347.15658333,6268.89809656,72,2025-03-20,71,0.4519,246.088241106,12:00,12:10,6042.90603322,7775.52509355,0,544.563489945,544.563489945,0.515942497137,5518.89809656
2025-03-20,74,12:20,5855.2299,8090.5707,6085.55798634,7875.57917661,534.996468288,460.776533333,74.2199349546,833.333333333,0,0,0,1348.42845,7018.89809656,73,2025-03-20,72,0.4435,237.270933686,12:10,12:20,6085.55798634,7875.57917661,0,534.996468288,534.996468288,0.530212109081,6268.89809656
2025-03-20,75,12:30,5883.66,7709.3625,6061.77155777,7957.80415808,517.32789995,517.32789995,0,821.61164995,0,0,0,1284.89375,7758.34858152,74,2025-03-20,73,0.4915,254.266662825,12:20,12:30,6061.77155777,7957.80415808,0,517.32789995,517.32789995,0.493674165818,7018.89809656
2025-03-20,76,12:40,6006.2794,7205.256,6032.34336491,7845.1066702,531.206115784,531.206115784,0,731.035549118,0,0,0,1200.876,8416.28057572,75,2025-03-20,74,0.4972,264.115680768,12:30,12:40,6032.34336491,7845.1066702,0,531.206115784,531.206115784,0.462552562222,7758.34858152
2025-03-20,77,12:50,6168.3548,7206.9442,6067.55437795,7728.4320479,0,0,0,173.098233333,0,0,0,1201.15736667,8572.06898572,76,2025-03-20,75,0.6604,0,12:40,12:50,6067.55437795,7728.4320479,0,0,0,0.647698853186,8416.28057572
2025-03-20,78,13:00,6351.38,7525.8,6209.54209604,7687.47267267,0,0,0,195.736666667,0,0,0,1254.3,8748.23198572,77,2025-03-20,76,0.9001,0,12:50,13:00,6209.54209604,7687.47267267,0,0,0,0.945985867583,8572.06898572
2025-03-20,79,13:10,6510.6216,7339.075,6329.96941772,7605.57522785,0,0,0,138.075566667,0,0,0,1223.17916667,8872.49999572,78,2025-03-20,77,0.9125,0,13:00,13:10,6329.96941772,7605.57522785,0,0,0,0.944274412421,8748.23198572
2025-03-20,80,13:20,6358.8315,6900.6338,6321.12150381,7402.28620856,0,0,0,90.3003833333,0,0,0,1150.10563333,8953.77034072,79,2025-03-20,78,0.919,0,13:10,13:20,6321.12150381,7402.28620856,0,0,0,0.913964315936,8872.49999572
2025-03-20,81,13:30,6039.3,6610.0125,6262.20787193,7203.472671,0,0,0,95.11875,0,0,0,1101.66875,9039.37721572,80,2025-03-20,79,0.9817,0,13:20,13:30,6262.20787193,7203.472671,0,0,0,0.952512760136,8953.77034072
2025-03-20,82,13:40,6028.9848,6642.1795,6333.99305309,7145.50364283,0,0,0,102.199116667,0,0,0,1107.02991667,9131.35642072,81,2025-03-20,80,0.9361,0,13:30,13:40,6333.99305309,7145.50364283,0,0,0,0.95298484027,9039.37721572
2025-03-20,83,13:50,6177.7813,6806.5377,6291.65135061,7036.92290296,0,0,0,104.792733333,0,0,0,1134.42295,9225.66988072,82,2025-03-20,81,0.8829,0,13:40,13:50,6291.65135061,7036.92290296,0,0,0,0.943197544341,9131.35642072
2025-03-20,84,14:00,6280.02,6799.95,6166.16682715,6738.13315224,0,0,0,86.655,0,0,0,1133.325,9303.65938072,83,2025-03-20,82,0.8924,0,13:50,14:00,6166.16682715,6738.13315224,0,0,0,0.945930616407,9225.66988072
2025-03-20,85,14:10,6283.4823,6453.6137,6238.00021623,6483.11210005,0,0,0,28.3552333333,0,0,0,1075.60228333,9329.17909072,84,2025-03-20,83,0.9351,0,14:00,14:10,6238.00021623,6483.11210005,0,0,0,0.966771984719,9303.65938072
2025-03-20,86,14:20,6314.912,6203.5886,6246.21717643,6304.71233213,0,0,0,0,18.5539,0,0,1033.93143333,9308.56364628,85,2025-03-20,84,0.9817,0,14:10,14:20,6246.21717643,6304.71233213,0,0,0,0.967753743206,9329.17909072
2025-03-20,87,14:30,6352.79,6115.6875,6180.07711013,6035.96055714,0,0,0,0,39.5170833333,0,0,1019.28125,9264.65577591,86,2025-03-20,85,1.0267,0,14:20,14:30,6180.07711013,6035.96055714,0,0,0,0.981334439408,9308.56364628
2025-03-20,88,14:40,6259.4213,5837.6616,6265.74266339,5812.16120066,0,0,0,0,70.2932833333,0,0,972.9436,9186.55212776,87,2025-03-20,86,1.0547,0,14:30,14:40,6265.74266339,5812.16120066,0,0,0,1.04914982769,9264.65577591
2025-03-20,89,14:50,6190.1146,5431.9635,6317.41908996,5568.70878671,0,0,0,0,126.358516667,0,0,905.32725,9046.15377591,88,2025-03-20,87,0.9267,0,14:40,14:50,6317.41908996,5568.70878671,0,0,0,0.932225701574,9186.55212776
2025-03-20,90,15:00,6156.64,5072.775,6261.53766703,5333.88700781,431.647191962,431.647191962,0,251.003025295,0,0,0,845.4625,9272.05649867,89,2025-03-20,88,0.7137,308.066600903,14:50,15:00,6261.53766703,5333.88700781,0,431.647191962,431.647191962,0.696401641362,9046.15377591
2025-03-20,91,15:10,6039.3659,4855.4545,6196.75005799,5136.14616261,176.767315896,176.767315896,0,0,20.5512507707,0,0,809.242416667,9249.22177559,90,2025-03-20,89,0.6525,115.340673622,15:00,15:10,6196.75005799,5136.14616261,0,176.767315896,176.767315896,0.707470573404,9272.05649867
2025-03-20,92,15:20,6054.6789,4561.8383,6159.43723034,4872.46398991,214.495540071,214.495540071,0,0,34.3112265953,0,0,760.306383333,9211.09819049,91,2025-03-20,90,0.6799,145.835517695,15:10,15:20,6159.43723034,4872.46398991,0,214.495540071,214.495540071,0.765452347432,9249.22177559
2025-03-20,93,15:30,6187.68,4146.825,6167.99258389,4545.41155968,270.4301707,270.4301707,0,0,69.7123292998,0,0,691.1375,9133.64004682,92,2025-03-20,91,0.7301,197.441067628,15:20,15:30,6167.99258389,4545.41155968,0,270.4301707,270.4301707,0.766982724374,9211.09819049
2025-03-20,94,15:40,6195.3721,3778.6785,6222.53084278,4247.96858671,329.093709345,329.093709345,0,0,73.6885573219,0,0,629.77975,9051.76387202,93,2025-03-20,92,0.805,264.920436023,15:30,15:40,6222.53084278,4247.96858671,0,329.093709345,329.093709345,0.822350697722,9133.64004682
2025-03-20,95,15:50,6186.1376,3471.4229,6172.46281926,3957.98329038,369.079921481,369.079921481,0,0,83.3725285195,0,0,578.570483333,8959.12772922,94,2025-03-20,93,0.8788,324.347434997,15:40,15:50,6172.46281926,3957.98329038,0,369.079921481,369.079921481,0.819355235153,9051.76387202
2025-03-20,96,16:00,6200.17,3156.225,6008.13477149,3665.07976094,390.509168425,390.509168425,0,0,116.814998242,0,0,526.0375,8829.33328673,95,2025-03-20,94,0.9089,354.933783181,15:50,16:00,6008.13477149,3665.07976094,0,390.509168425,390.509168425,0.787210427263,8959.12772922
2025-03-20,97,16:10,6153.3743,2779.805,6115.50237002,3318.80082433,466.11692428,466.11692428,0,0,34.6278206894,61.5168050302,0,463.300833333,8790.85793041,96,2025-03-20,95,0.8767,678.303622367,16:00,16:10,6115.50237002,3318.80082433,0,466.11692428,466.11692428,0.828044761374,8829.33328673
2025-03-20,98,16:20,6101.7592,2507.3559,6159.46657639,2921.12378364,539.723798791,539.723798791,0,0,-0,59.343417876,0,417.89265,8790.85793041,97,2025-03-20,96,0.8888,743.428661406,16:10,16:20,6159.46657639,2921.12378364,0,539.723798791,539.723798791,0.878473699698,8790.85793041
2025-03-20,99,16:30,6118.95,2334.4125,6146.66188531,2496.76348324,608.316400345,608.316400345,0,0,-0,22.4398496553,0,389.06875,8790.85793041,98,2025-03-20,97,0.9441,680.238823863,16:20,16:30,6146.66188531,2496.76348324,0,608.316400345,608.316400345,0.919014803331,8790.85793041
2025-03-20,100,16:40,6209.4949,2077.0816,6134.39854596,2152.02218653,663.729393238,663.729393238,0,0,-0,25.0061567621,0,346.180266667,8790.85793041,99,2025-03-20,98,0.946,746.167127488,16:30,16:40,6134.39854596,2152.02218653,0,663.729393238,663.729393238,0.968461114638,8790.85793041
2025-03-20,101,16:50,6190.199,1733.8533,6150.72160898,1846.36182288,717.393297683,717.393297683,0,0,-0,25.3309856501,0,288.97555,8790.85793041,100,2025-03-20,99,0.9677,816.785468236,16:40,16:50,6150.72160898,1846.36182288,0,717.393297683,717.393297683,0.982754487428,8790.85793041
2025-03-20,102,17:00,6102.19,1377.7125,6176.95397726,1546.3644756,771.764916944,771.764916944,0,0,-0,15.6479997224,0,229.61875,8790.85793041,101,2025-03-20,100,1.0139,861.819983882,16:50,17:00,6176.95397726,1546.3644756,0,771.764916944,771.764916944,0.99457746586,8790.85793041
2025-03-20,103,17:10,6143.2969,1083.9022,6135.81920791,1243.02879183,815.465069347,815.465069347,0,0,-0,27.7673806529,0,180.650366667,8790.85793041,102,2025-03-20,101,1.0152,968.807362595,17:00,17:10,6135.81920791,1243.02879183,0,815.465069347,815.465069347,1.0413131137,8790.85793041
2025-03-20,104,17:20,6075.0134,831.8823,6057.21020113,936.866625397,853.390595955,853.390595955,0,0,-0,20.4645873783,0,138.64705,8790.85793041,103,2025-03-20,102,1.0487,1002.2567819,17:10,17:20,6057.21020113,936.866625397,0,853.390595955,853.390595955,1.07004448414,8790.85793041
2025-03-20,105,17:30,6025.68,597.3375,6120.99495289,647.920017991,912.179155816,912.179155816,0,7.45540581613,0,0,0,99.55625,8797.56779564,104,2025-03-20,103,1.0879,992.359703612,17:20,17:30,6120.99495289,647.920017991,0,912.179155816,912.179155816,1.05420222155,8790.85793041
2025-03-20,106,17:40,6213.4416,374.8971,6302.28579201,373.475024197,988.135127969,988.135127969,0,15.0443779685,0,0,0,62.48285,8811.10773581,105,2025-03-20,104,1.0391,1026.77121147,17:30,17:40,6302.28579201,373.475024197,0,988.135127969,988.135127969,1.07092440935,8797.56779564
2025-03-20,107,17:50,5394.1467,156.1276,5624.75063627,143.802310561,913.491387619,913.491387619,0,40.4882042855,0,0,0,26.0212666667,8847.54711967,106,2025-03-20,105,1.0932,998.628784945,17:40,17:50,5624.75063627,143.802310561,0,913.491387619,913.491387619,1.1336441445,8811.10773581
2025-03-20,108,18:00,4094.12,0,4380.63995532,0,730.10665922,730.10665922,0,47.7533258868,0,0,0,0,8890.52511297,107,2025-03-20,106,1.2488,911.757196034,17:50,18:00,4380.63995532,0,0,730.10665922,730.10665922,1.24083827214,8847.54711967
2025-03-20,109,18:10,4187.9837,0,4211.06102368,0,701.843503947,701.843503947,0,3.84622061409,0,0,0,0,8893.98671152,108,2025-03-20,107,1.2993,911.905264679,18:00,18:10,4211.06102368,0,0,701.843503947,701.843503947,1.27274277033,8890.52511297
2025-03-20,110,18:20,4441.4267,5.5774,4377.10965434,0,729.518275723,729.518275723,0,0,9.78994094331,0,0,0.929566666667,8883.10899936,109,2025-03-20,108,1.2761,930.938271651,18:10,18:20,4377.10965434,0,0,729.518275723,729.518275723,1.27229576808,8893.98671152
2025-03-20,111,18:30,4255.45,0,4348.31479911,0,724.719133184,724.719133184,0,15.4774665175,0,0,0,0,8897.03871923,110,2025-03-20,109,1.2567,910.754534673,18:20,18:30,4348.31479911,0,0,724.719133184,724.719133184,1.27062886418,8883.10899936
2025-03-20,112,18:40,4286.5369,0,4377.54992634,0,0,0,0,0,714.422816667,0,0,0,8103.2355896,111,2025-03-20,110,1.2773,0,18:30,18:40,4377.54992634,0,0,0,0,1.28132387417,8897.03871923
2025-03-20,113,18:50,4470.2464,0.4004,4377.22025531,0,0,0,0,0,744.974333333,0,0,0.0667333333333,7275.48633034,112,2025-03-20,111,1.2813,0,18:40,18:50,4377.22025531,0,0,0,0,1.2844569279,8103.2355896
2025-03-20,114,19:00,4579.24,0,4345.91147219,0,0,0,0,0,763.206666667,0,0,0,6427.47892293,113,2025-03-20,112,1.2693,0,18:50,19:00,4345.91147219,0,0,0,0,1.28004718342,7275.48633034
2025-03-20,115,19:10,4480.3082,0,4343.40543154,0,0,0,0,0,746.718033333,0,0,0,5597.79221923,114,2025-03-20,113,1.2899,0,19:00,19:10,4343.40543154,0,0,0,0,1.27948118601,6427.47892293
2025-03-20,116,19:20,4285.5618,0.0288,4336.48680837,0,0,0,0,0,714.2555,0,0,0.0048,4804.17499701,115,2025-03-20,114,1.2669,0,19:10,19:20,4336.48680837,0,0,0,0,1.27931385773,5597.79221923
2025-03-20,117,19:30,4196.78,0,4389.26834549,0,0,0,0,0,699.463333333,0,0,0,4026.99351552,116,2025-03-20,115,1.2323,0,19:20,19:30,4389.26834549,0,0,0,0,1.27887604347,4804.17499701
2025-03-20,118,19:40,4330.8684,0,4502.39840754,0,0,0,0,0,721.8114,0,0,0,3224.98084886,117,2025-03-20,116,1.2902,0,19:30,19:40,4502.39840754,0,0,0,0,1.28411061144,4026.99351552
2025-03-20,119,19:50,4370.9481,0.0021,4490.87436451,0,0,0,0,0,728.491,0,0,0.00035,2415.54640441,118,2025-03-20,117,1.2824,0,19:40,19:50,4490.87436451,0,0,0,0,1.28398726414,3224.98084886
2025-03-20,120,20:00,4358.21,0,4352.19490939,0,725.365818231,725.365818231,0,0,1.00251510216,0,0,0,2414.43249874,119,2025-03-20,118,1.2233,887.340005442,19:50,20:00,4352.19490939,0,0,725.365818231,725.365818231,1.2756126941,2415.54640441
2025-03-20,121,20:10,4586.0191,0,4416.02342245,0,736.003903742,736.003903742,0,0,28.3326129249,0,0,0,2382.95181772,120,2025-03-20,119,1.2789,941.275392495,20:00,20:10,4416.02342245,0,0,736.003903742,736.003903742,1.2670722055,2414.43249874
2025-03-20,122,20:20,4523.6629,0,4419.62454331,0,736.604090552,736.604090552,0,0,17.3397261147,0,0,0,2363.68545537,121,2025-03-20,120,1.2779,941.306367316,20:10,20:20,4419.62454331,0,0,736.604090552,736.604090552,1.24812919933,2382.95181772
2025-03-20,123,20:30,4215.37,0,4291.53168601,0,472.554694433,472.554694433,0,0,230.006972233,0,0,0,2108.12215289,122,2025-03-20,121,1.2388,585.400755464,20:20,20:30,4291.53168601,0,0,472.554694433,472.554694433,1.27876441708,2363.68545537
2025-03-20,124,20:40,4256.2469,0,4371.31429351,0,0,0,0,0,709.374483333,0,0,0,1319.92828252,123,2025-03-20,122,1.3228,0,20:30,20:40,4371.31429351,0,0,0,0,1.30489214482,2108.12215289
2025-03-20,125,20:50,4319.0159,0,4478.58352142,0,746.430586903,746.430586903,0,26.5946035699,0,0,0,0,1343.86342573,124,2025-03-20,123,1.1769,878.474157726,20:40,20:50,4478.58352142,0,0,746.430586903,746.430586903,1.158366236,1319.92828252
2025-03-20,126,21:00,4257.25,0,4495.0350424,0,749.172507067,749.172507067,0,39.6308404004,0,0,0,0,1379.53118209,125,2025-03-20,124,0.8862,663.916675763,20:50,21:00,4495.0350424,0,0,749.172507067,749.172507067,0.951926539356,1343.86342573
2025-03-20,127,21:10,4290.2681,0,4390.34041473,0,731.723402455,731.723402455,0,16.6787191221,0,0,0,0,1394.5420293,126,2025-03-20,125,0.917,670.990360052,21:00,21:10,4390.34041473,0,0,731.723402455,731.723402455,0.892811899677,1379.53118209
2025-03-20,128,21:20,4418.7036,0,4319.92998222,0,719.98833037,719.98833037,0,0,16.4622696297,0,0,0,1376.2506186,127,2025-03-20,126,0.9999,719.916331537,21:10,21:20,4319.92998222,0,0,719.98833037,719.98833037,0.894912143014,1394.5420293
2025-03-20,129,21:30,4553.6,0,4397.10018402,0,732.850030671,732.850030671,0,0,26.0833026627,0,0,0,1347.2691712,128,2025-03-20,127,0.9964,730.21177056,21:20,21:30,4397.10018402,0,0,732.850030671,732.850030671,0.919528589159,1376.2506186
2025-03-20,130,21:40,4526.2528,0,4401.97380693,0,733.662301155,733.662301155,0,0,20.7131655118,0,0,0,1324.25454285,129,2025-03-20,128,1.0003,733.882399845,21:30,21:40,4401.97380693,0,0,733.662301155,733.662301155,0.972413753171,1347.2691712
2025-03-20,131,21:50,4001.6252,0,3918.86478909,0,653.144131514,653.144131514,0,0,13.793401819,0,0,0,1308.92854083,130,2025-03-20,129,0.7708,503.443496571,21:40,21:50,3918.86478909,0,0,653.144131514,653.144131514,0.744490603216,1324.25454285
2025-03-20,132,22:00,3318.94,0,3334.52417488,0,1389.08736248,1386.49,2.59736248072,833.333333333,0,0,0,0,2058.92854083,131,2025-03-20,130,0.419,582.027604879,21:50,22:00,3334.52417488,0,0,1389.08736248,1389.08736248,0.406490244274,1308.92854083
2025-03-20,133,22:10,3233.4088,0,3329.92468833,0,1388.32078139,1372.2348,16.0859813876,833.333333333,0,0,0,0,2808.92854083,132,2025-03-20,131,0.3484,483.690960235,22:00,22:10,3329.92468833,0,0,1388.32078139,1388.32078139,0.394427701964,2058.92854083
2025-03-20,134,22:20,3319.971,0,3437.3182777,0,572.886379616,572.886379616,0,19.5578796159,0,0,0,0,2826.53063248,133,2025-03-20,132,0.3833,219.587349307,22:10,22:20,3437.3182777,0,0,572.886379616,572.886379616,0.438924594266,2808.92854083
2025-03-20,135,22:30,3255.84,0,3400.37574645,0,1400.06262441,1375.97333333,24.0892910745,833.333333333,0,0,0,0,3576.53063248,134,2025-03-20,133,0.3903,546.444442306,22:20,22:30,3400.37574645,0,0,1400.06262441,1400.06262441,0.417642194636,2826.53063248
2025-03-20,136,22:40,3144.1326,0,3431.70320092,0,1405.28386682,1357.35543333,47.9284334868,833.333333333,0,0,0,0,4326.53063248,135,2025-03-20,134,0.4126,579.82012345,22:30,22:40,3431.70320092,0,0,1405.28386682,1405.28386682,0.426061996654,3576.53063248
2025-03-20,137,22:50,3161.8174,0,3413.29676598,0,1402.21612766,1360.3029,41.9132276631,833.333333333,0,0,0,0,5076.53063248,136,2025-03-20,135,0.4343,608.982464244,22:40,22:50,3413.29676598,0,0,1402.21612766,1402.21612766,0.431701034038,4326.53063248
2025-03-20,138,23:00,3296.4,0,3403.48858847,0,1400.58143141,1382.73333333,17.8480980779,833.333333333,0,0,0,0,5826.53063248,137,2025-03-20,136,0.4428,620.177457829,22:50,23:00,3403.48858847,0,0,1400.58143141,1400.58143141,0.4255668588,5076.53063248
2025-03-20,139,23:10,3356.4081,0,3505.74832832,0,1417.62472139,1392.73468333,24.8900380535,833.333333333,0,0,0,0,6576.53063248,138,2025-03-20,137,0.4397,623.329589994,23:00,23:10,3505.74832832,0,0,1417.62472139,1417.62472139,0.428681596825,5826.53063248
2025-03-20,140,23:20,3261.7676,0,3500.49226237,0,583.415377062,583.415377062,0,39.7874437286,0,0,0,0,6612.33933184,139,2025-03-20,138,0.4049,236.224886172,23:10,23:20,3500.49226237,0,0,583.415377062,583.415377062,0.434889328621,6576.53063248
2025-03-20,141,23:30,3267.73,0,3413.99387037,0,568.998978396,568.998978396,0,24.3773117291,0,0,0,0,6634.27891239,140,2025-03-20,139,0.3814,217.01621036,23:20,23:30,3413.99387037,0,0,568.998978396,568.998978396,0.438359629517,6612.33933184
2025-03-20,142,23:40,3604.076,0,3445.08252506,0,1407.51375418,1407.51375418,0,806.834420843,0,0,0,0,7360.42989115,141,2025-03-20,140,0.4248,597.911842774,23:30,23:40,3445.08252506,0,0,1407.51375418,1407.51375418,0.424462485281,6634.27891239
2025-03-20,143,23:50,3245.8691,0,3076.46565874,0,1346.07760979,1346.07760979,0,805.099426457,0,0,0,0,8085.01937496,142,2025-03-20,141,0.3795,510.836452916,23:40,23:50,3076.46565874,0,0,1346.07760979,1346.07760979,0.393750624264,7360.42989115
2025-03-20,144,00:00+1,2401,0,2578.78950036,0,1263.13158339,1233.5,29.6315833925,833.333333333,0,0,0,0,8835.01937496,143,2025-03-20,142,0.2794,352.9189644,23:50,00:00+1,2578.78950036,0,0,1263.13158339,1263.13158339,0.365250063716,8085.01937496
2025-06-21,1,00:10,3087.9838,0,3197.37218685,0,1321.66536373,1067.44870439,254.216659341,552.784737726,0,0,0,0,10800,0,2025-06-20,143,0.3564,471.041535635,00:00,00:10,2929.9921824,0,0,1321.66536373,1321.66536373,0.392465189597,10302.493736
2025-06-21,2,00:20,3200.0919,0,3220.10798012,0,0,0,0,0,533.34865,0,0,0,10207.3903889,1,2025-06-21,0,0.3908,0,00:10,00:20,3220.10798012,0,0,0,0,0.398571904822,10800
2025-06-21,3,00:30,3401.46,0,3152.87008856,0,0,0,0,0,566.91,0,0,0,9577.49038889,2,2025-06-21,1,0.4598,0,00:20,00:30,3152.87008856,0,0,0,0,0.400872387641,10207.3903889
2025-06-21,4,00:40,3063.5261,0,3119.45745107,0,0,0,0,0,510.587683333,0,0,0,9010.17074074,3,2025-06-21,2,0.409,0,00:30,00:40,3119.45745107,0,0,0,0,0.380058864579,9577.49038889
2025-06-21,5,00:50,2820.2572,0,3140.65347441,0,523.442245735,523.442245735,0,53.399379068,0,0,0,0,9058.2301819,4,2025-06-21,3,0.3618,189.381404507,00:40,00:50,3140.65347441,0,0,523.442245735,523.442245735,0.366317634769,9010.17074074
2025-06-21,6,01:00,2883.38,0,3169.62837143,0,528.271395239,528.271395239,0,47.7080619052,0,0,0,0,9101.16743762,5,2025-06-21,4,0.3786,200.003550237,00:50,01:00,3169.62837143,0,0,528.271395239,528.271395239,0.367266064599,9058.2301819
2025-06-21,7,01:10,2869.9796,0,3112.27209949,0,0,0,0,0,478.329933333,0,0,0,8569.68973391,6,2025-06-21,5,0.3988,0,01:00,01:10,3112.27209949,0,0,0,0,0.380196497207,9101.16743762
2025-06-21,8,01:20,2985.8287,0,2954.79286839,0,0,0,0,0,497.638116667,0,0,0,8016.75849317,7,2025-06-21,6,0.4164,0,01:10,01:20,2954.79286839,0,0,0,0,0.381148408532,8569.68973391
2025-06-21,9,01:30,3164.18,0,2820.12123115,0,0,0,0,0,527.363333333,0,0,0,7430.79923391,8,2025-06-21,7,0.4254,0,01:20,01:30,2820.12123115,0,0,0,0,0.380540504651,8016.75849317
2025-06-21,10,01:40,3064.8457,0,2950.77323029,0,165.964406044,165.964406044,0,0,344.843210623,0,0,0,7047.640111,9,2025-06-21,8,0.4165,69.1241751172,01:30,01:40,2950.77323029,0,0,165.964406044,165.964406044,0.378009206714,7430.79923391
2025-06-21,11,01:50,2954.0459,0,2913.80297247,0,485.633828745,485.633828745,0,0,6.70715458828,0,0,0,7040.18771701,10,2025-06-21,9,0.4295,208.579729446,01:40,01:50,2913.80297247,0,0,485.633828745,485.633828745,0.375724392191,7047.640111
2025-06-21,12,02:00,2994.62,0,2859.794114,0,0,0,0,0,499.103333333,0,0,0,6485.62845775,11,2025-06-21,10,0.4451,0,01:50,02:00,2859.794114,0,0,0,0,0.384719824983,7040.18771701
2025-06-21,13,02:10,3072.4014,0,2982.99374615,0,0,0,0,0,512.0669,0,0,0,5916.66523553,12,2025-06-21,11,0.405,0,02:00,02:10,2982.99374615,0,0,0,0,0.389853589622,6485.62845775
2025-06-21,14,02:20,3013.1015,0,2931.333006,0,0,0,0,0,502.183583333,0,0,0,5358.68347627,13,2025-06-21,12,0.3784,0,02:10,02:20,2931.333006,0,0,0,0,0.386776985142,5916.66523553
2025-06-21,15,02:30,2838.75,0,2720.04675368,0,453.341125613,453.341125613,0,0,19.7838743869,0,0,0,5336.70139362,14,2025-06-21,13,0.3917,177.573718903,02:20,02:30,2720.04675368,0,0,453.341125613,453.341125613,0.368530789774,5358.68347627
2025-06-21,16,02:40,2749.9199,0,2786.19257606,0,464.365429343,464.365429343,0,6.04544601011,0,0,0,0,5342.14229503,15,2025-06-21,14,0.3964,184.074456192,02:30,02:40,2786.19257606,0,0,464.365429343,464.365429343,0.359291287911,5336.70139362
2025-06-21,17,02:50,2820.5847,0,2756.56253388,0,459.42708898,459.42708898,0,0,10.6703610199,0,0,0,5330.28633834,16,2025-06-21,15,0.3495,160.569767599,02:40,02:50,2756.56253388,0,0,459.42708898,459.42708898,0.338699903,5342.14229503
2025-06-21,18,03:00,2936.24,0,2621.25367552,0,436.875612586,436.875612586,0,0,52.4977207474,0,0,0,5271.95553751,17,2025-06-21,16,0.3048,133.159686716,02:50,03:00,2621.25367552,0,0,436.875612586,436.875612586,0.332165753009,5330.28633834
2025-06-21,19,03:10,2920.1894,0.0012,2701.25011823,0,0,0,0,0,486.698033333,0,0,0.0002,4731.17994492,18,2025-06-21,17,0.3585,0,03:00,03:10,2701.25011823,0,0,0,0,0.384718012753,5271.95553751
2025-06-21,20,03:20,2951.0328,0,2749.59480806,0,0,0,0,0,491.8388,0,0,0,4184.69238936,19,2025-06-21,18,0.4058,0,03:10,03:20,2749.59480806,0,0,0,0,0.400792288358,4731.17994492
2025-06-21,21,03:30,2977.51,0,2725.87783541,0,454.312972569,454.312972569,0,0,41.938694098,0,0,0,4138.09384036,20,2025-06-21,19,0.4053,184.133047782,03:20,03:30,2725.87783541,0,0,454.312972569,454.312972569,0.363430899862,4184.69238936
2025-06-21,22,03:40,2780.298,0.0162,2869.21695418,0,478.202825697,478.202825697,0,14.822525697,0,0,0,0.0027,4151.43411349,21,2025-06-21,20,0.4087,195.441494862,03:30,03:40,2869.21695418,0,0,478.202825697,478.202825697,0.363923427188,4138.09384036
2025-06-21,23,03:50,2728.3059,0,2903.1493143,0,483.85821905,483.85821905,0,29.1405690498,0,0,0,0,4177.66062563,22,2025-06-21,21,0.3866,187.059587485,03:40,03:50,2903.1493143,0,0,483.85821905,483.85821905,0.365672247834,4151.43411349
2025-06-21,24,04:00,2862.19,0,2729.15004481,0,454.858340802,454.858340802,0,0,22.1733258645,0,0,0,4153.0235969,23,2025-06-21,22,0.3566,162.20248433,03:50,04:00,2729.15004481,0,0,454.858340802,454.858340802,0.352101908071,4177.66062563
2025-06-21,25,04:10,2845.9182,0.2263,2680.38637991,0,446.731063319,446.731063319,0,0,27.5509200145,0,0,0.0377166666667,4122.41146355,24,2025-06-21,23,0.3708,165.647878279,04:00,04:10,2680.38637991,0,0,446.731063319,446.731063319,0.339536268345,4153.0235969
2025-06-21,26,04:20,2748.951,0,2660.03653165,0,443.339421941,443.339421941,0,0,14.8190780587,0,0,0,4105.94582126,25,2025-06-21,24,0.3532,156.58748383,04:10,04:20,2660.03653165,0,0,443.339421941,443.339421941,0.34393288234,4122.41146355
2025-06-21,27,04:30,2677.31,0,2680.6537937,0,446.775632283,446.775632283,0,0.557298949313,0,0,0,0,4106.44739031,26,2025-06-21,25,0.3096,138.321735755,04:20,04:30,2680.6537937,0,0,446.775632283,446.775632283,0.360795610119,4105.94582126
2025-06-21,28,04:40,2660.8713,3.1516,2654.88586571,0,442.480977618,442.480977618,0,0,0.472305715455,0,0,0.525266666667,4105.92260619,27,2025-06-21,26,0.3237,143.231092455,04:30,04:40,2654.88586571,0,0,442.480977618,442.480977618,0.352547012385,4106.44739031
2025-06-21,29,04:50,2702.3205,0,2631.45650927,0,438.576084878,438.576084878,0,0,11.8106651216,0,0,0,4092.79964494,28,2025-06-21,27,0.3321,145.651117788,04:40,04:50,2631.45650927,0,0,438.576084878,438.576084878,0.345778586004,4105.92260619
2025-06-21,30,05:00,2732.32,7.275,2617.71701584,30.5055764037,431.201906573,431.201906573,0,0,22.9722600935,0,0,1.2125,4067.2749115,29,2025-06-21,28,0.3143,135.526759236,04:50,05:00,2617.71701584,30.5055764037,0,431.201906573,431.201906573,0.348460329839,4092.79964494
2025-06-21,31,05:10,2664.7178,116.7655,2594.45176389,113.297310715,413.525742196,413.525742196,0,0,11.1329744711,0,0,19.4609166667,4054.90493987,30,2025-06-21,29,0.3191,131.956064335,05:00,05:10,2594.45176389,113.297310715,0,413.525742196,413.525742196,0.330907670551,4067.2749115
2025-06-21,32,05:20,2606.871,263.9703,2618.68728365,299.644109399,386.507195709,386.507195709,0,0,3.97625429127,0,0,43.99505,4050.48687954,31,2025-06-21,30,0.3488,134.813709863,05:10,05:20,2618.68728365,299.644109399,0,386.507195709,386.507195709,0.334267974256,4054.90493987
2025-06-21,33,05:30,2642.15,417.075,2716.41939122,490.08261778,371.056128907,371.056128907,0,0.210295573632,0,0,0,69.5125,4050.67614556,32,2025-06-21,31,0.3395,125.973555764,05:20,05:30,2716.41939122,490.08261778,0,371.056128907,371.056128907,0.328769915844,4050.48687954
2025-06-21,34,05:40,2745.0641,587.5961,2865.19867317,689.095884099,1196.01713151,1192.91133333,3.10579817808,833.333333333,0,0,0,97.9326833333,4800.67614556,33,2025-06-21,32,0.2621,313.476090169,05:30,05:40,2865.19867317,689.095884099,0,1196.01713151,1196.01713151,0.287044331192,4050.67614556
2025-06-21,35,05:50,2758.042,735.8325,2858.34909736,899.516554583,0,0,0,0,337.034916667,0,0,122.63875,4426.19290482,34,2025-06-21,33,0.4169,0,05:40,05:50,2858.34909736,899.516554583,0,0,0,0.423064200692,4800.67614556
2025-06-21,36,06:00,2741.64,890.7,2738.49755661,1103.89672947,0,0,0,0,308.49,0,0,148.45,4083.42623815,35,2025-06-21,34,0.7087,0,05:50,06:00,2738.49755661,1103.89672947,0,0,0,0.715030439953,4426.19290482
2025-06-21,37,06:10,2888.7304,1136.9554,2752.57446133,1313.08630755,0,0,0,0,291.9625,0,0,189.492566667,3759.02346038,36,2025-06-21,35,0.7158,0,06:00,06:10,2752.57446133,1313.08630755,0,0,0,0.76220152952,4083.42623815
2025-06-21,38,06:20,2932.231,1453.4028,2757.44224748,1501.71651302,0,0,0,0,246.471366667,0,0,242.2338,3485.1663863,37,2025-06-21,36,0.6144,0,06:10,06:20,2757.44224748,1501.71651302,0,0,0,0.677174026968,3759.02346038
2025-06-21,39,06:30,2764.02,1765.9125,2718.67149752,1677.30730411,0,0,0,0,166.35125,0,0,294.31875,3300.33166408,38,2025-06-21,37,0.5732,0,06:20,06:30,2718.67149752,1677.30730411,0,0,0,0.615579116385,3485.1663863
2025-06-21,40,06:40,2606.6137,2022.3026,2647.10324193,1915.13494141,0,0,0,0,97.3851833333,0,0,337.050433333,3192.12590482,39,2025-06-21,38,0.586,0,06:30,06:40,2647.10324193,1915.13494141,0,0,0,0.597991910002,3300.33166408
2025-06-21,41,06:50,2867.7649,2350.4923,2757.05897109,2178.35462136,0,0,0,0,86.2121,0,0,391.748716667,3096.3346826,40,2025-06-21,39,0.6004,0,06:40,06:50,2757.05897109,2178.35462136,0,0,0,0.614668255911,3192.12590482
2025-06-21,42,07:00,3304.27,2699.25,3083.41917157,2464.45372159,0,0,0,0,100.836666667,0,0,449.875,2984.29394186,41,2025-06-21,40,0.5991,0,06:50,07:00,3083.41917157,2464.45372159,0,0,0,0.625765322932,3096.3346826
2025-06-21,43,07:10,3254.3169,2874.6231,3202.35293557,2766.23170666,0,0,0,0,63.2823,0,0,479.10385,2913.98027519,42,2025-06-21,41,0.598,0,07:00,07:10,3202.35293557,2766.23170666,0,0,0,0.607630394016,2984.29394186
2025-06-21,44,07:20,3137.5948,3006.0287,3229.02487028,3021.32616992,0,0,0,0,21.9276833333,0,0,501.004783333,2889.6161826,43,2025-06-21,42,0.5678,0,07:10,07:20,3229.02487028,3021.32616992,0,0,0,0.602314140997,2913.98027519
2025-06-21,45,07:30,3174.85,3224.8875,3214.50810812,3253.799503,0,0,0,8.33958333333,0,0,0,537.48125,2897.1218076,44,2025-06-21,43,0.5032,0,07:20,07:30,3214.50810812,3253.799503,0,0,0,0.594849678246,2889.6161826
2025-06-21,46,07:40,3159.7263,3537.527,3203.22611609,3519.75426956,0,0,0,62.9667833333,0,0,0,589.587833333,2953.7919126,45,2025-06-21,44,0.4634,0,07:30,07:40,3203.22611609,3519.75426956,0,0,0,0.55291174277,2897.1218076
2025-06-21,47,07:50,3087.5763,3785.3986,3180.10577601,3766.27280391,0,0,0,116.303716667,0,0,0,630.899766667,3058.4652576,46,2025-06-21,45,0.6087,0,07:40,07:50,3180.10577601,3766.27280391,0,0,0,0.639888491638,2953.7919126
2025-06-21,48,08:00,3062.36,4003.425,3164.76222351,4015.93103158,0,0,0,156.844166667,0,0,0,667.2375,3199.6250076,47,2025-06-21,46,0.8359,0,07:50,08:00,3164.76222351,4015.93103158,0,0,0,0.846223042792,3058.4652576
2025-06-21,49,08:10,3162.0197,4334.7324,3269.093461,4233.2668246,0,0,0,195.452116667,0,0,0,722.4554,3375.5319126,48,2025-06-21,47,0.8537,0,08:00,08:10,3269.093461,4233.2668246,0,0,0,0.875363048862,3199.6250076
2025-06-21,50,08:20,3160.9922,4441.8035,3218.57887919,4472.49955617,0,0,0,213.46855,0,0,0,740.300583333,3567.6536076,49,2025-06-21,48,0.7708,0,08:10,08:20,3218.57887919,4472.49955617,0,0,0,0.823114063524,3375.5319126
2025-06-21,51,08:30,3037.59,4358.7,3081.60877049,4698.13784181,0,0,0,220.185,0,0,0,726.45,3765.8201076,50,2025-06-21,49,0.7264,0,08:20,08:30,3081.60877049,4698.13784181,0,0,0,0.812469760937,3567.6536076
2025-06-21,52,08:40,3030.9974,4479.895,3108.34880235,4906.15503179,0,0,0,241.482933333,0,0,0,746.649166667,3983.1547476,51,2025-06-21,50,0.7632,0,08:30,08:40,3108.34880235,4906.15503179,0,0,0,0.811936701283,3765.8201076
2025-06-21,53,08:50,3289.939,4668.5166,3400.03175014,5026.68355095,0,0,0,229.762933333,0,0,0,778.0861,4189.9413876,52,2025-06-21,51,0.8305,0,08:40,08:50,3400.03175014,5026.68355095,0,0,0,0.821942877153,3983.1547476
2025-06-21,54,09:00,3650.62,4746.075,3689.14283434,5183.99136549,0,0,0,182.575833333,0,0,0,791.0125,4354.2596376,53,2025-06-21,52,0.8764,0,08:50,09:00,3689.14283434,5183.99136549,0,0,0,0.819413852266,4189.9413876
2025-06-21,55,09:10,3785.9011,4746.9534,3821.48521057,5488.52835285,0,0,0,160.175383333,0,0,0,791.1589,4498.4174826,54,2025-06-21,53,0.8731,0,09:00,09:10,3821.48521057,5488.52835285,0,0,0,0.784799288162,4354.2596376
2025-06-21,56,09:20,3849.6183,5139.4381,3802.23915475,5676.66471022,0,0,0,214.969966667,0,0,0,856.573016667,4691.8904526,55,2025-06-21,54,0.8073,0,09:10,09:20,3802.23915475,5676.66471022,0,0,0,0.798084256348,4498.4174826
2025-06-21,57,09:30,3824.6,5794.3125,3704.17350984,5735.55033231,0,0,0,328.285416667,0,0,0,965.71875,4987.3473276,56,2025-06-21,55,0.7234,0,09:20,09:30,3704.17350984,5735.55033231,0,0,0,0.832175459919,4691.8904526
2025-06-21,58,09:40,3582.3586,6109.068,3666.02524177,5919.62904188,0,0,0,421.118233333,0,0,0,1018.178,5366.3537376,57,2025-06-21,56,0.6977,0,09:30,09:40,3666.02524177,5919.62904188,0,0,0,0.787776885459,4987.3473276
2025-06-21,59,09:50,3687.9447,6385.1018,3692.8106603,6097.62767127,0,0,0,449.526183333,0,0,0,1064.18363333,5770.9273026,58,2025-06-21,57,0.7164,0,09:40,09:50,3692.8106603,6097.62767127,0,0,0,0.758786462001,5366.3537376
2025-06-21,60,10:00,4000.14,6643.5375,3754.00931376,6249.15276172,0,0,0,440.56625,0,0,0,1107.25625,6167.4369276,59,2025-06-21,58,0.7212,0,09:50,10:00,3754.00931376,6249.15276172,0,0,0,0.78002911694,5770.9273026
2025-06-21,61,10:10,3826.1041,6589.8893,3824.09398729,6479.34097383,0,0,0,460.630866667,0,0,0,1098.31488333,6582.0047076,60,2025-06-21,59,0.6702,0,10:00,10:10,3824.09398729,6479.34097383,0,0,0,0.800914689993,6167.4369276
2025-06-21,62,10:20,3761.4976,6695.6004,3734.36695102,6656.34279428,0,0,0,489.017133333,0,0,0,1115.9334,7022.1201276,61,2025-06-21,60,0.6649,0,10:10,10:20,3734.36695102,6656.34279428,0,0,0,0.764723610383,6582.0047076
2025-06-21,63,10:30,3901.91,7000.9875,3638.87443725,6749.38739416,0,0,0,516.512916667,0,0,0,1166.83125,7486.9817526,62,2025-06-21,61,0.7152,0,10:20,10:30,3638.87443725,6749.38739416,0,0,0,0.715868235668,7022.1201276
2025-06-21,64,10:40,3726.7535,7093.8409,3710.91144587,6895.1896952,0,0,0,561.181233333,0,0,0,1182.30681667,7992.0448626,63,2025-06-21,62,0.7053,0,10:30,10:40,3710.91144587,6895.1896952,0,0,0,0.753854395191,7486.9817526
2025-06-21,65,10:50,3565.5609,7243.1188,3733.8699597,6992.80051618,0,0,0,612.926316667,0,0,0,1207.18646667,8543.6785476,64,2025-06-21,63,0.5367,0,10:40,10:50,3733.8699597,6992.80051618,0,0,0,0.631796405646,7992.0448626
2025-06-21,66,11:00,3679.21,7400.1,3639.58015273,6972.00879867,0,0,0,620.148333333,0,0,0,1233.35,9101.8120476,65,2025-06-21,64,0.3314,0,10:50,11:00,3639.58015273,6972.00879867,0,0,0,0.391200027973,8543.6785476
2025-06-21,67,11:10,3945.6166,7306.5816,3596.24747377,6921.16388584,0,0,0,560.160833333,0,0,0,1217.7636,9605.9567976,66,2025-06-21,65,0.3161,0,11:00,11:10,3596.24747377,6921.16388584,0,0,0,0.345220783805,9101.8120476
2025-06-21,68,11:20,3900.6403,7782.8954,3584.54193872,6863.03590839,0,0,0,647.042516667,0,0,0,1297.14923333,10188.2950626,67,2025-06-21,66,0.2901,0,11:10,11:20,3584.54193872,6863.03590839,0,0,0,0.370328054651,9605.9567976
2025-06-21,69,11:30,3645.76,8490.225,3602.81462691,6800.16537174,0,0,0,679.67215267,0,0,127.738680664,1287.29881934,10800,68,2025-06-21,67,0.2072,0,11:20,11:30,3602.81462691,6800.16537174,0,0,0,0.36736098259,10188.2950626
2025-06-21,70,11:40,3705.1427,8180.7164,3683.97553938,6740.11736766,0,0,0,0,0,0,745.92895,617.523783333,10800,69,2025-06-21,68,0.2258,0,11:30,11:40,3683.97553938,6740.11736766,0,0,0,0.407304149018,10800
2025-06-21,71,11:50,3724.3133,7677.6706,3711.49125298,6669.45953754,0,0,0,0,0,0,658.892883333,620.718883333,10800,70,2025-06-21,69,0.2711,0,11:40,11:50,3711.49125298,6669.45953754,0,0,0,0.403365243626,10800
2025-06-21,72,12:00,3631.08,7665.1125,3711.00743157,6598.78442659,0,0,0,0,0,0,672.33875,605.18,10800,71,2025-06-21,70,0.2744,0,11:50,12:00,3711.00743157,6598.78442659,0,0,0,0.392620342872,10800
2025-06-21,73,12:10,3735.5415,8044.2631,3784.36477435,6580.93588665,0,0,0,0,0,0,718.120266667,622.59025,10800,72,2025-06-21,71,0.2473,0,12:00,12:10,3784.36477435,6580.93588665,0,0,0,0.403581537589,10800
2025-06-21,74,12:20,3852.2352,8300.9755,3746.57749397,6712.98415414,0,0,0,0,0,0,741.456716667,642.0392,10800,73,2025-06-21,72,0.2497,0,12:10,12:20,3746.57749397,6712.98415414,0,0,0,0.403463534764,10800
2025-06-21,75,12:30,3928.56,8383.0125,3658.02497892,6885.45179775,0,0,0,0,0,0,742.40875,654.76,10800,74,2025-06-21,73,0.2484,0,12:20,12:30,3658.02497892,6885.45179775,0,0,0,0.372069633519,10800
2025-06-21,76,12:40,4059.9044,8605.7877,3710.77875542,6856.19795294,0,0,0,0,0,0,757.647216667,676.650733333,10800,75,2025-06-21,74,0.1828,0,12:30,12:40,3710.77875542,6856.19795294,0,0,0,0.336993358798,10800
2025-06-21,77,12:50,3912.5928,8542.7209,3718.56146595,6727.32448757,0,0,0,0,0,0,771.688016667,652.0988,10800,76,2025-06-21,75,0.2868,0,12:40,12:50,3718.56146595,6727.32448757,0,0,0,0.477357045246,10800
2025-06-21,78,13:00,3688.01,8049.6,3686.71949424,6710.891402,0,0,0,0,0,0,726.931666667,614.668333333,10800,77,2025-06-21,76,0.5464,0,12:50,13:00,3686.71949424,6710.891402,0,0,0,0.717685443973,10800
2025-06-21,79,13:10,3910.4683,7493.4162,3786.87254346,6808.66331735,0,0,0,0,0,0,597.157983333,651.744716667,10800,78,2025-06-21,77,0.681,0,13:00,13:10,3786.87254346,6808.66331735,0,0,0,0.787968632821,10800
2025-06-21,80,13:20,3862.6154,7354.9231,3811.06465967,6654.00884427,0,0,0,0,0,0,582.051283333,643.769233333,10800,79,2025-06-21,78,0.6383,0,13:10,13:20,3811.06465967,6654.00884427,0,0,0,0.769346559864,10800
2025-06-21,81,13:30,3589.29,7340.8875,3748.39728424,6344.24817394,0,0,0,0,0,0,625.26625,598.215,10800,80,2025-06-21,79,0.5716,0,13:20,13:30,3748.39728424,6344.24817394,0,0,0,0.771744336028,10800
2025-06-21,82,13:40,3849.2221,6714.7449,3792.21684417,6241.42101208,0,0,0,0,0,0,477.587133333,641.537016667,10800,81,2025-06-21,80,0.6829,0,13:30,13:40,3792.21684417,6241.42101208,0,0,0,0.770538738292,10800
2025-06-21,83,13:50,3978.2382,6127.755,3886.00255759,6153.66942445,0,0,0,0,0,0,358.2528,663.0397,10800,82,2025-06-21,81,0.797,0,13:40,13:50,3886.00255759,6153.66942445,0,0,0,0.782626377369,10800
2025-06-21,84,14:00,3861.85,5956.2,3952.79422349,5995.5750828,0,0,0,0,0,0,349.058333333,643.641666667,10800,83,2025-06-21,82,0.8133,0,13:50,14:00,3952.79422349,5995.5750828,0,0,0,0.804226392897,10800
2025-06-21,85,14:10,4047.8905,5941.7978,3987.3870771,5969.6375919,0,0,0,0,0,0,315.651216667,674.648416667,10800,84,2025-06-21,83,0.7993,0,14:00,14:10,3987.3870771,5969.6375919,0,0,0,0.813210189564,10800
2025-06-21,86,14:20,4095.2281,5827.294,3956.13077334,5864.31388149,0,0,0,0,0,0,288.67765,682.538016667,10800,85,2025-06-21,84,0.8114,0,14:10,14:20,3956.13077334,5864.31388149,0,0,0,0.805676432197,10800
2025-06-21,87,14:30,4007.39,5738.1375,3855.0474661,5639.48016563,0,0,0,0,0,0,288.457916667,667.898333333,10800,86,2025-06-21,85,0.8574,0,14:20,14:30,3855.0474661,5639.48016563,0,0,0,0.819585867986,10800
2025-06-21,88,14:40,4227.0513,5964.2607,3825.34343708,5442.14081287,0,0,0,0,0,0,289.5349,704.50855,10800,87,2025-06-21,86,0.8672,0,14:30,14:40,3825.34343708,5442.14081287,0,0,0,0.875314204187,10800
2025-06-21,89,14:50,4182.4486,5979.2451,3915.01458713,5320.66207338,0,0,0,0,0,0,299.466083333,697.074766667,10800,88,2025-06-21,87,0.6527,0,14:40,14:50,3915.01458713,5320.66207338,0,0,0,0.769272824322,10800
2025-06-21,90,15:00,3879.68,5680.4625,4004.60128041,5185.95482867,0,0,0,0,0,0,300.130416667,646.613333333,10800,89,2025-06-21,88,0.3818,0,14:50,15:00,4004.60128041,5185.95482867,0,0,0,0.545349231105,10800
2025-06-21,91,15:10,3916.2335,5457.1539,3987.18303373,4913.44193028,0,0,0,0,0,0,256.820066667,652.705583333,10800,90,2025-06-21,89,0.4347,0,15:00,15:10,3987.18303373,4913.44193028,0,0,0,0.518754464979,10800
2025-06-21,92,15:20,3924.3398,5153.0688,3942.00751223,4689.00957298,0,0,0,0,0,0,204.788166667,654.056633333,10800,91,2025-06-21,90,0.5156,0,15:10,15:20,3942.00751223,4689.00957298,0,0,0,0.569440064622,10800
2025-06-21,93,15:30,3875.5,4811.1,4005.80919661,4505.08341855,0,0,0,0,0,0,155.933333333,645.916666667,10800,92,2025-06-21,91,0.4952,0,15:20,15:30,4005.80919661,4505.08341855,0,0,0,0.575395053789,10800
2025-06-21,94,15:40,4137.0155,4680.9532,4186.52306103,4179.27771456,1.20755774562,0,1.20755774562,0,0,0,90.6562833333,689.502583333,10800,93,2025-06-21,92,0.5311,0.641333918697,15:30,15:40,4186.52306103,4179.27771456,0,1.20755774562,1.20755774562,0.623973190435,10800
2025-06-21,95,15:50,4317.2602,4481.2341,4235.08229664,3859.91567649,62.5277700258,0,62.5277700258,0,0,0,27.3289833333,719.543366667,10800,94,2025-06-21,93,0.5692,35.5908066987,15:40,15:50,4235.08229664,3859.91567649,0,62.5277700258,62.5277700258,0.646507640702,10800
2025-06-21,96,16:00,4217.43,4055.4,4229.8783129,3613.13462704,102.79061431,27.005,75.7856143099,0,0,0,0,675.9,10800,95,2025-06-21,94,0.5723,58.8270685696,15:50,16:00,4229.8783129,3613.13462704,0,102.79061431,102.79061431,0.659344004268,10800
2025-06-21,97,16:10,4034.2858,3562.8565,4457.68110203,3368.90006827,181.463505626,78.57155,102.891955626,0,0,0,0,593.809416667,10800,96,2025-06-21,95,0.5744,104.232637631,16:00,16:10,4457.68110203,3368.90006827,0,181.463505626,181.463505626,0.712297220815,10800
2025-06-21,98,16:20,3980.7146,3361.4888,4289.95051572,3135.77323193,192.362880632,103.2043,89.1585806318,0,0,0,0,560.248133333,10800,97,2025-06-21,96,0.599,115.225365498,16:10,16:20,4289.95051572,3135.77323193,0,192.362880632,192.362880632,0.729623992357,10800
2025-06-21,99,16:30,4042.02,3406.575,3986.06400174,2947.07563413,173.164727934,105.9075,67.257227934,0,0,0,0,567.7625,10800,98,2025-06-21,97,0.6284,108.816715034,16:20,16:30,3986.06400174,2947.07563413,0,173.164727934,173.164727934,0.709197332536,10800
2025-06-21,100,16:40,3983.774,3291.2298,4247.50009969,2798.48334024,241.502793243,115.424033333,126.078759909,0,0,0,0,548.5383,10800,99,2025-06-21,98,0.6239,150.673592704,16:30,16:40,4247.50009969,2798.48334024,0,241.502793243,241.502793243,0.722901452291,10800
2025-06-21,101,16:50,3621.8931,2964.175,4143.95639188,2593.84346458,258.352154551,109.619683333,148.732471217,0,0,0,0,494.029166667,10800,100,2025-06-21,99,0.6144,158.731563756,16:40,16:50,4143.95639188,2593.84346458,0,258.352154551,258.352154551,0.726136305288,10800
2025-06-21,102,17:00,3240.3,2623.6125,3633.73398048,2307.50094154,221.038839822,102.78125,118.257589822,0,0,0,0,437.26875,10800,101,2025-06-21,100,0.6289,139.011326364,16:50,17:00,3633.73398048,2307.50094154,0,221.038839822,221.038839822,0.711672131226,10800
2025-06-21,103,17:10,3335.0072,2479.2426,3643.04223056,2066.78086698,262.710227262,142.627433333,120.082793929,0,0,0,0,413.2071,10800,102,2025-06-21,101,0.6705,176.147207379,17:00,17:10,3643.04223056,2066.78086698,0,262.710227262,262.710227262,0.711870749246,10800
2025-06-21,104,17:20,3462.6248,2185.8548,3687.64382798,1872.96764853,302.446029908,212.795,89.6510299083,0,0,0,0,364.309133333,10800,103,2025-06-21,102,0.7075,213.98056616,17:10,17:20,3687.64382798,1872.96764853,0,302.446029908,302.446029908,0.743308372543,10800
2025-06-21,105,17:30,3484.27,1750.4625,3604.09753075,1666.51328528,322.930707578,288.967916667,33.9627909118,0,0,0,0,291.74375,10800,104,2025-06-21,103,0.7038,227.278631994,17:20,17:30,3604.09753075,1666.51328528,0,322.930707578,322.930707578,0.756496325901,10800
2025-06-21,106,17:40,3649.2081,1528.3871,3613.82757285,1426.79191312,364.505943288,353.470166667,11.0357766214,0,0,0,0,254.731183333,10800,105,2025-06-21,104,0.6796,247.718239059,17:30,17:40,3613.82757285,1426.79191312,0,364.505943288,364.505943288,0.736107824319,10800
2025-06-21,107,17:50,3604.3529,1310.4274,3594.72951797,1217.49807839,396.205239931,382.320916667,13.8843232646,0,0,0,0,218.404566667,10800,106,2025-06-21,105,0.8445,334.595325122,17:40,17:50,3594.72951797,1217.49807839,0,396.205239931,396.205239931,0.88563181754,10800
2025-06-21,108,18:00,3349.51,1034.1,3562.91045168,1047.23480746,419.279274036,385.901666667,33.3776073697,0,0,0,0,172.35,10800,107,2025-06-21,106,1.1012,461.710336569,17:50,18:00,3562.91045168,1047.23480746,0,419.279274036,419.279274036,1.13557753953,10800
2025-06-21,109,18:10,3274.4828,860.3286,3589.36638737,847.257251523,457.018189307,402.359033333,54.6591559738,0,0,0,0,143.3881,10800,108,2025-06-21,107,1.1314,517.070379382,18:00,18:10,3589.36638737,847.257251523,0,457.018189307,457.018189307,1.16458820144,10800
2025-06-21,110,18:20,3297.0032,677.2547,3628.54062002,629.610994665,499.821604226,436.62475,63.196854226,0,0,0,0,112.875783333,10800,109,2025-06-21,108,1.1374,568.497092647,18:10,18:20,3628.54062002,629.610994665,0,499.821604226,499.821604226,1.14458186064,10800
2025-06-21,111,18:30,3342.79,452.7,3676.25339487,428.736317565,541.252846218,481.681666667,59.5711795509,0,0,0,0,75.45,10800,110,2025-06-21,109,1.1803,638.840734391,18:20,18:30,3676.25339487,428.736317565,0,541.252846218,541.252846218,1.17615812844,10800
2025-06-21,112,18:40,3456.8314,276.0564,3763.6827887,263.353910182,42.8515632436,42.8515632436,0,0,487.277603423,0,0,46.0094,10258.5804406,111,2025-06-21,110,1.1266,48.2765711502,18:30,18:40,3763.6827887,263.353910182,0,42.8515632436,42.8515632436,1.20037610382,10800
2025-06-21,113,18:50,3634.5648,121.8367,3735.80287356,100.954603862,605.80804495,605.80804495,0,20.3533616171,0,0,0,20.3061166667,10276.8984661,112,2025-06-21,111,1.153,698.496675828,18:40,18:50,3735.80287356,100.954603862,0,605.80804495,605.80804495,1.19353391293,10258.5804406
2025-06-21,114,19:00,3852.72,7.7625,3640.96049455,30.0637279869,601.81612776,601.81612776,0,0,39.0101222397,0,0,1.29375,10233.5538858,113,2025-06-21,112,1.2618,759.371590008,18:50,19:00,3640.96049455,30.0637279869,0,601.81612776,601.81612776,1.19838902819,10276.8984661
2025-06-21,115,19:10,4004.9442,0,3681.0900926,0,0,0,0,0,667.4907,0,0,0,9491.8975525,114,2025-06-21,113,1.2633,0,19:00,19:10,3681.0900926,0,0,0,0,1.24422171396,10233.5538858
2025-06-21,116,19:20,3706.7434,3.2619,3722.62731465,0,0,0,0,0,617.246916667,0,0,0.54365,8806.06764509,115,2025-06-21,114,1.2161,0,19:10,19:20,3722.62731465,0,0,0,0,1.24760466502,9491.8975525
2025-06-21,117,19:30,3293.48,0,3688.14719524,0,0,0,0,0,548.913333333,0,0,0,8196.16394139,116,2025-06-21,115,1.1876,0,19:20,19:30,3688.14719524,0,0,0,0,1.22005548132,8806.06764509
2025-06-21,118,19:40,3492.5254,0,3638.80438822,0,0,0,0,0,582.087566667,0,0,0,7549.39997842,117,2025-06-21,116,1.1812,0,19:30,19:40,3638.80438822,0,0,0,0,1.21923363811,8196.16394139
2025-06-21,119,19:50,3490.6667,0.2342,3585.85479926,0,0,0,0,0,581.73875,0,0,0.0390333333333,6903.02358953,118,2025-06-21,117,1.1704,0,19:40,19:50,3585.85479926,0,0,0,0,1.21909791442,7549.39997842
2025-06-21,120,20:00,3189.62,0,3626.25643386,0,0,0,0,0,531.603333333,0,0,0,6312.35321916,119,2025-06-21,118,1.1558,0,19:50,20:00,3626.25643386,0,0,0,0,1.22458231485,6903.02358953
2025-06-21,121,20:10,3348.2366,0,3809.80053167,0,0,0,0,0,558.039433333,0,0,0,5692.30940435,120,2025-06-21,119,1.1611,0,20:00,20:10,3809.80053167,0,0,0,0,1.25764740754,6312.35321916
2025-06-21,122,20:20,3725.2052,0.0168,3837.60645096,0,0,0,0,0,620.864733333,0,0,0.0028,5002.45970064,121,2025-06-21,120,1.1692,0,20:10,20:20,3837.60645096,0,0,0,0,1.25621529109,5692.30940435
2025-06-21,123,20:30,3960.13,0,3733.29069547,0,0,0,0,0,660.021666667,0,0,0,4269.10229324,122,2025-06-21,121,1.198,0,20:20,20:30,3733.29069547,0,0,0,0,1.2441498771,5002.45970064
2025-06-21,124,20:40,3881.8245,0,3846.34638533,0,0,0,0,0,646.97075,0,0,0,3550.24590435,123,2025-06-21,122,1.2507,0,20:30,20:40,3846.34638533,0,0,0,0,1.2630700626,4269.10229324
2025-06-21,125,20:50,3513.6729,0.0012,3930.03732815,0,655.006221358,655.006221358,0,69.3942713581,0,0,0,0.0002,3612.70074857,124,2025-06-21,123,1.1066,724.829884555,20:40,20:50,3930.03732815,0,0,655.006221358,655.006221358,1.13693206255,3550.24590435
2025-06-21,126,21:00,3160.32,0,3724.16761292,0,620.694602153,620.694602153,0,93.974602153,0,0,0,0,3697.27789051,125,2025-06-21,124,0.857,531.935274045,20:50,21:00,3724.16761292,0,0,620.694602153,620.694602153,0.918726981074,3612.70074857
2025-06-21,127,21:10,3214.7106,0,3592.02965846,0,598.671609743,598.671609743,0,62.8865097431,0,0,0,0,3753.87574928,126,2025-06-21,125,0.8345,499.591458331,21:00,21:10,3592.02965846,0,0,598.671609743,598.671609743,0.879226565281,3697.27789051
2025-06-21,128,21:20,3489.1029,0,3554.46438561,0,592.410730935,592.410730935,0,10.8935809345,0,0,0,0,3763.67997212,127,2025-06-21,126,0.871,515.989746644,21:10,21:20,3554.46438561,0,0,592.410730935,592.410730935,0.892875673056,3753.87574928
2025-06-21,129,21:30,3713.49,0,3567.26518523,0,594.544197539,594.544197539,0,0,24.3708024612,0,0,0,3736.60130272,128,2025-06-21,127,0.8848,526.052705982,21:20,21:30,3567.26518523,0,0,594.544197539,594.544197539,0.914168704175,3763.67997212
2025-06-21,130,21:40,3715.4477,0,3593.63465737,0,598.939109562,598.939109562,0,0,20.3021737715,0,0,0,3714.04333186,129,2025-06-21,128,0.9243,553.599418968,21:30,21:40,3593.63465737,0,0,598.939109562,598.939109562,0.941178794497,3736.60130272
2025-06-21,131,21:50,3460.6768,0,3497.12475359,0,582.854125599,582.854125599,0,6.07465893196,0,0,0,0,3719.5105249,130,2025-06-21,129,0.7155,417.032126866,21:40,21:50,3497.12475359,0,0,582.854125599,582.854125599,0.743950273585,3714.04333186
2025-06-21,132,22:00,3169.68,0,3307.99817655,0,1366.77413772,1361.61333333,5.16080438814,833.333333333,0,0,0,0,4469.5105249,131,2025-06-21,130,0.3942,538.78236509,21:50,22:00,3307.99817655,0,0,1366.77413772,1366.77413772,0.42124187405,3719.5105249
2025-06-21,133,22:10,3161.2424,0,3236.65594987,0,1372.77599165,1360.20706667,12.5689249791,833.333333333,0,0,0,0,5219.5105249,132,2025-06-21,131,0.4048,555.699721418,22:00,22:10,3236.65594987,0,0,1372.77599165,1372.77599165,0.361379773809,4469.5105249
2025-06-21,134,22:20,3268.4465,0,3177.46996259,0,1362.91166043,1362.91166043,0,818.170577098,0,0,0,0,5955.86404429,133,2025-06-21,132,0.4701,640.704771569,22:10,22:20,3177.46996259,0,0,1362.91166043,1362.91166043,0.398175256797,5219.5105249
2025-06-21,135,22:30,3317.19,0,3161.01219929,0,1360.16869988,1360.16869988,0,807.303699881,0,0,0,0,6682.43737418,134,2025-06-21,133,0.4227,574.94330944,22:20,22:30,3161.01219929,0,0,1360.16869988,1360.16869988,0.400036778007,5955.86404429
2025-06-21,136,22:40,3281.0391,0,3368.11174917,0,1394.68529153,1380.17318333,14.5121081942,833.333333333,0,0,0,0,7432.43737418,135,2025-06-21,134,0.374,521.612299031,22:30,22:40,3368.11174917,0,0,1394.68529153,1394.68529153,0.404479557088,6682.43737418
2025-06-21,137,22:50,3250.7574,0,3492.28824761,0,582.048041268,582.048041268,0,40.2551412681,0,0,0,0,7468.66700132,136,2025-06-21,135,0.3646,212.214715846,22:40,22:50,3492.28824761,0,0,582.048041268,582.048041268,0.421946113702,7432.43737418
2025-06-21,138,23:00,3190.39,0,3384.58267134,0,564.097111889,564.097111889,0,32.3654452225,0,0,0,0,7497.79590202,137,2025-06-21,136,0.3809,214.864589919,22:50,23:00,3384.58267134,0,0,564.097111889,564.097111889,0.425579696873,7468.66700132
2025-06-21,139,23:10,2998.9363,0,2997.54112251,0,1332.92352042,1332.92352042,0,833.100803752,0,0,0,0,8247.5866254,138,2025-06-21,137,0.3872,516.107987106,23:00,23:10,2997.54112251,0,0,1332.92352042,1332.92352042,0.402303102587,7497.79590202
2025-06-21,140,23:20,2920.9743,0,2936.6259763,0,1322.77099605,1320.16238333,2.60861271691,833.333333333,0,0,0,0,8997.5866254,139,2025-06-21,138,0.3936,520.642664045,23:10,23:20,2936.6259763,0,0,1322.77099605,1322.77099605,0.392241327704,8247.5866254
2025-06-21,141,23:30,2989.3,0,3186.47988314,0,1364.41331386,1331.55,32.8633138566,833.333333333,0,0,0,0,9747.5866254,140,2025-06-21,139,0.3844,524.480477846,23:20,23:30,3186.47988314,0,0,1364.41331386,1364.41331386,0.403607935295,8997.5866254
2025-06-21,142,23:40,3024.571,0,3186.22569158,0,1364.3709486,1337.4285,26.942448597,833.333333333,0,0,0,0,10497.5866254,141,2025-06-21,140,0.3399,463.749685428,23:30,23:40,3186.22569158,0,0,1364.3709486,1364.3709486,0.410084693376,9747.5866254
2025-06-21,143,23:50,3193.3141,0,3469.98143265,0,578.330238776,578.330238776,0,46.1112221089,0,0,0,0,10539.0867253,142,2025-06-21,141,0.3684,213.056859965,23:40,23:50,3469.98143265,0,0,578.330238776,578.330238776,0.437425279559,10497.5866254
2025-06-21,144,00:00+1,3636.14,0,3914.36241665,0,652.393736108,652.393736108,0,46.370402775,0,0,0,0,10580.8200878,143,2025-06-21,142,0.4712,307.407928454,23:50,00:00+1,3914.36241665,0,0,652.393736108,652.393736108,0.464719677522,10539.0867253
2025-09-23,1,00:10,3421.106,0,3836.64214501,0,619.438621531,619.438621531,0,49.2542881981,0,0,0,0,9879.4771047,0,2025-09-22,143,0.4059,251.43013648,00:00,00:10,3716.63172919,0,0,619.438621531,619.438621531,0.472648356879,9835.14824532
2025-09-23,2,00:20,3361.9091,0,3799.56852437,0,633.261420728,633.261420728,0,72.9432373942,0,0,0,0,9945.12601835,1,2025-09-23,0,0.4324,273.822238323,00:10,00:20,3799.56852437,0,0,633.261420728,633.261420728,0.458767642794,9879.4771047
2025-09-23,3,00:30,3388.6,0,3688.41973105,0,614.736621841,614.736621841,0,49.9699551742,0,0,0,0,9990.09897801,2,2025-09-23,1,0.4539,279.028952654,00:20,00:30,3688.41973105,0,0,614.736621841,614.736621841,0.448107917758,9945.12601835
2025-09-23,4,00:40,3591.0535,0,3547.8549982,0,591.309166366,591.309166366,0,0,7.19975030057,0,0,0,9982.09925545,3,2025-09-23,2,0.4117,243.441983793,00:30,00:40,3547.8549982,0,0,591.309166366,591.309166366,0.429341314144,9990.09897801
2025-09-23,5,00:50,3639.0639,0,3475.55581677,0,579.259302796,579.259302796,0,0,27.2513472043,0,0,0,9951.81998078,4,2025-09-23,3,0.4114,238.30727717,00:40,00:50,3475.55581677,0,0,579.259302796,579.259302796,0.426332731898,9982.09925545
2025-09-23,6,01:00,3538.62,0,3501.33050636,0,583.555084394,583.555084394,0,0,6.21491560615,0,0,0,9944.914519,5,2025-09-23,4,0.4549,265.459207891,00:50,01:00,3501.33050636,0,0,583.555084394,583.555084394,0.424916253656,9951.81998078
2025-09-23,7,01:10,3584.1201,0,3511.58698756,0,585.264497926,585.264497926,0,0,12.0888520735,0,0,0,9931.48246114,6,2025-09-23,5,0.4413,258.277222935,01:00,01:10,3511.58698756,0,0,585.264497926,585.264497926,0.414581119338,9944.914519
2025-09-23,8,01:20,3479.83,0,3503.97038252,0,847.412736816,847.412736816,0,267.441070149,0,0,0,0,10172.1794243,7,2025-09-23,6,0.4365,369.89565962,01:10,01:20,3503.97038252,0,0,847.412736816,847.412736816,0.403734234903,9931.48246114
2025-09-23,9,01:30,3316.08,0,3474.09690047,0,579.016150078,579.016150078,0,26.3361500781,0,0,0,0,10195.8819593,8,2025-09-23,7,0.4529,262.23641437,01:20,01:30,3474.09690047,0,0,579.016150078,579.016150078,0.413010008631,10172.1794243
2025-09-23,10,01:40,3504.3201,0,3505.77264347,0,584.295440578,584.295440578,0,0.242090578291,0,0,0,0,10196.0998409,9,2025-09-23,8,0.4318,252.298771242,01:30,01:40,3505.77264347,0,0,584.295440578,584.295440578,0.436515821709,10195.8819593
2025-09-23,11,01:50,3611.1697,0,3624.04264388,0,604.007107314,604.007107314,0,2.14549064686,0,0,0,0,10198.0307824,10,2025-09-23,9,0.418,252.474970857,01:40,01:50,3624.04264388,0,0,604.007107314,604.007107314,0.449870921552,10196.0998409
2025-09-23,12,02:00,3543.64,0,3704.11866326,0,617.353110544,617.353110544,0,26.7464438773,0,0,0,0,10222.1025819,11,2025-09-23,10,0.4413,272.437927683,01:50,02:00,3704.11866326,0,0,617.353110544,617.353110544,0.441659249577,10198.0307824
2025-09-23,13,02:10,3627.3783,0,3585.47869148,0,597.579781913,597.579781913,0,0,6.98326808729,0,0,0,10214.3433952,12,2025-09-23,11,0.4794,286.479747449,02:00,02:10,3585.47869148,0,0,597.579781913,597.579781913,0.420931031763,10222.1025819
2025-09-23,14,02:20,3646.7973,0,3511.26842904,0,585.21140484,585.21140484,0,0,22.5881451601,0,0,0,10189.2454561,13,2025-09-23,12,0.4675,273.586331763,02:10,02:20,3511.26842904,0,0,585.21140484,585.21140484,0.422636048088,10214.3433952
2025-09-23,15,02:30,3569.92,0,3673.54378488,0,612.257297481,612.257297481,0,17.270630814,0,0,0,0,10204.7890238,14,2025-09-23,13,0.4225,258.678708186,02:20,02:30,3673.54378488,0,0,612.257297481,612.257297481,0.444409913884,10189.2454561
2025-09-23,16,02:40,3591.0744,0,3736.23221735,0,622.705369558,622.705369558,0,24.1929695579,0,0,0,0,10226.5626964,15,2025-09-23,14,0.4268,265.770651727,02:30,02:40,3736.23221735,0,0,622.705369558,622.705369558,0.455252927369,10204.7890238
2025-09-23,17,02:50,3523.6786,0,3681.65317215,0,613.608862025,613.608862025,0,26.3290953584,0,0,0,0,10250.2588823,16,2025-09-23,15,0.4588,281.523745897,02:40,02:50,3681.65317215,0,0,613.608862025,613.608862025,0.447282775694,10226.5626964
2025-09-23,18,03:00,3402.03,0,3657.43739045,0,609.572898408,609.572898408,0,42.5678984083,0,0,0,0,10288.5699908,17,2025-09-23,16,0.4777,291.19297357,02:50,03:00,3657.43739045,0,0,609.572898408,609.572898408,0.450322541007,10250.2588823
2025-09-23,19,03:10,3470.8796,0,3769.05045532,0,628.175075887,628.175075887,0,49.6951425537,0,0,0,0,10333.2956191,18,2025-09-23,17,0.4584,287.955454787,03:00,03:10,3769.05045532,0,0,628.175075887,628.175075887,0.460644096349,10288.5699908
2025-09-23,20,03:20,3546.3118,0,3689.61860637,0,614.936434395,614.936434395,0,23.8844677281,0,0,0,0,10354.7916401,19,2025-09-23,18,0.4106,252.492899962,03:10,03:20,3689.61860637,0,0,614.936434395,614.936434395,0.450445410119,10333.2956191
2025-09-23,21,03:30,3521.1,0,3562.8358821,0,593.805980349,593.805980349,0,6.95598034923,0,0,0,0,10361.0520224,20,2025-09-23,19,0.3812,226.358839709,03:20,03:30,3562.8358821,0,0,593.805980349,593.805980349,0.425692014611,10354.7916401
2025-09-23,22,03:40,3493.0415,0,3505.99193679,0,584.331989465,584.331989465,0,2.15840613207,0,0,0,0,10362.9945879,21,2025-09-23,20,0.4192,244.951969984,03:30,03:40,3505.99193679,0,0,584.331989465,584.331989465,0.43822822535,10361.0520224
2025-09-23,23,03:50,3616.52,0,3567.48510231,0,594.580850386,594.580850386,0,0,8.17248294753,0,0,0,10353.9140513,22,2025-09-23,21,0.4681,278.323296066,03:40,03:50,3567.48510231,0,0,594.580850386,594.580850386,0.441716831875,10362.9945879
2025-09-23,24,04:00,3738.77,0,3737.47955159,0,622.913258599,622.913258599,0,0,0.215074734585,0,0,0,10353.6750794,23,2025-09-23,22,0.4666,290.651326462,03:50,04:00,3737.47955159,0,0,622.913258599,622.913258599,0.43811394911,10353.9140513
2025-09-23,25,04:10,3573.138,0.0019,3834.01717969,0,639.002863281,639.002863281,0,43.4801799475,0,0,0,0.000316666666667,10392.8072413,24,2025-09-23,23,0.4048,258.668359056,04:00,04:10,3834.01717969,0,0,639.002863281,639.002863281,0.454769252975,10353.6750794
2025-09-23,26,04:20,3548.8256,0,3817.54025086,0,636.256708477,636.256708477,0,44.7857751434,0,0,0,0,10433.114439,25,2025-09-23,24,0.3873,246.422223193,04:10,04:20,3817.54025086,0,0,636.256708477,636.256708477,0.451275517832,10392.8072413
2025-09-23,27,04:30,3696.43,0,3766.08172034,0,627.680286723,627.680286723,0,11.6086200566,0,0,0,0,10443.562197,26,2025-09-23,25,0.4222,265.006617055,04:20,04:30,3766.08172034,0,0,627.680286723,627.680286723,0.430824553942,10433.114439
2025-09-23,28,04:40,3629.4046,0.0268,3791.58254032,0,631.930423387,631.930423387,0,27.0341233868,0,0,0,0.00446666666667,10467.8929081,27,2025-09-23,26,0.4225,266.990603881,04:30,04:40,3791.58254032,0,0,631.930423387,631.930423387,0.446984537148,10443.562197
2025-09-23,29,04:50,3602.4949,0,3774.00849481,0,629.001415802,629.001415802,0,28.5855991351,0,0,0,0,10493.6199473,28,2025-09-23,27,0.4173,262.482290814,04:40,04:50,3774.00849481,0,0,629.001415802,629.001415802,0.452093539353,10467.8929081
2025-09-23,30,05:00,3708.74,0,3651.90931047,0,608.651551745,608.651551745,0,0,9.47178158814,0,0,0,10483.0957455,29,2025-09-23,28,0.4256,259.042100423,04:50,05:00,3651.90931047,0,0,608.651551745,608.651551745,0.421663111847,10493.6199473
2025-09-23,31,05:10,3751.3647,0.3731,3575.33574864,0,595.88929144,595.88929144,0,0,29.2759752271,0,0,0.0621833333333,10450.5668842,30,2025-09-23,29,0.433,258.020063193,05:00,05:10,3575.33574864,0,0,595.88929144,595.88929144,0.450155124448,10483.0957455
2025-09-23,32,05:20,3689.4488,0,3707.68752579,0,617.947920965,617.947920965,0,3.0397876319,0,0,0,0,10453.302693,31,2025-09-23,30,0.4518,279.188870692,05:10,05:20,3707.68752579,0,0,617.947920965,617.947920965,0.477587393635,10450.5668842
2025-09-23,33,05:30,3557.68,0,3769.31095377,0,628.218492295,628.218492295,0,35.2718256282,0,0,0,0,10485.0473361,32,2025-09-23,31,0.4325,271.704497918,05:20,05:30,3769.31095377,0,0,628.218492295,628.218492295,0.458324131468,10453.302693
2025-09-23,34,05:40,3509.0644,5.1961,3609.49278994,0,1434.91546499,933.925454344,500.990010646,349.947404344,0,0,0,0.866016666667,10800,33,2025-09-23,32,0.3613,518.434957501,05:30,05:40,3609.49278994,0,0,1434.91546499,1434.91546499,0.400368469231,10485.0473361
2025-09-23,35,05:50,4001.4806,0,3909.34778846,0,651.557964743,651.557964743,0,0,15.3554685908,0,0,0,10782.9383682,34,2025-09-23,33,0.6152,400.83845991,05:40,05:50,3909.34778846,0,0,651.557964743,651.557964743,0.60917675576,10800
2025-09-23,36,06:00,4743.74,0,4633.69039155,6.51459309786,0,0,0,0,790.623333333,0,0,0,9904.46799786,35,2025-09-23,34,1.0325,0,05:50,06:00,4633.69039155,6.51459309786,0,0,0,0.981848062851,10782.9383682
2025-09-23,37,06:10,4911.4158,148.7833,4914.38624138,133.842945058,0,0,0,0,793.772083333,0,0,24.7972166667,9022.49901638,36,2025-09-23,35,1.0391,0,06:00,06:10,4914.38624138,133.842945058,0,0,0,1.02380701267,9904.46799786
2025-09-23,38,06:20,4831.9735,376.0146,4725.56634728,404.100330607,0,0,0,0,742.659816667,0,0,62.6691,8197.32144231,37,2025-09-23,36,0.9449,0,06:10,06:20,4725.56634728,404.100330607,0,0,0,0.930882363866,9022.49901638
2025-09-23,39,06:30,4792.2,649.3875,4624.49459414,680.232717379,0,0,0,0,690.46875,0,0,108.23125,7430.13394231,38,2025-09-23,37,0.9432,0,06:20,06:30,4624.49459414,680.232717379,0,0,0,0.901877825341,8197.32144231
2025-09-23,40,06:40,4757.3085,973.8044,4833.96987102,972.468509005,0,0,0,0,630.584016667,0,0,162.300733333,6729.4850349,39,2025-09-23,38,0.9146,0,06:30,06:40,4833.96987102,972.468509005,0,0,0,0.894484803827,7430.13394231
2025-09-23,41,06:50,4755.1526,1245.8597,4863.73362404,1276.05155923,71.3338715484,71.3338715484,0,0,513.548278452,0,0,207.643283333,6158.87583662,40,2025-09-23,39,0.8673,61.8678667939,06:40,06:50,4863.73362404,1276.05155923,0,71.3338715484,71.3338715484,0.865490688202,6729.4850349
2025-09-23,42,07:00,4789.05,1511.775,4651.34533058,1604.85129897,507.749005269,507.749005269,0,0,38.4634947305,0,0,251.9625,6116.13862025,41,2025-09-23,40,0.8271,419.959202258,06:50,07:00,4651.34533058,1604.85129897,0,507.749005269,507.749005269,0.831410946525,6158.87583662
2025-09-23,43,07:10,4816.282,1907.945,4730.25917451,1949.02364825,463.539254378,463.539254378,0,0,21.1835789551,0,0,317.990833333,6092.6013103,42,2025-09-23,41,0.8061,373.658992954,07:00,07:10,4730.25917451,1949.02364825,0,463.539254378,463.539254378,0.821599808517,6116.13862025
2025-09-23,44,07:20,4786.2179,2234.3678,4929.49679897,2288.70978245,440.13116942,440.13116942,5.68434188608e-14,14.82281942,0,0,0,372.394633333,6105.94184778,43,2025-09-23,42,0.8269,363.944463993,07:10,07:20,4929.49679897,2288.70978245,0,440.13116942,440.13116942,0.822640322551,6092.6013103
2025-09-23,45,07:30,4660.51,2492.5875,4978.3018031,2642.03896587,389.377139538,389.377139538,0,28.0567228714,0,0,0,415.43125,6131.19289836,44,2025-09-23,43,0.8096,315.23973217,07:20,07:30,4978.3018031,2642.03896587,0,389.377139538,389.377139538,0.770135385852,6105.94184778
2025-09-23,46,07:40,4606.8822,2894.0726,4669.5495667,3011.84102733,1109.61808989,1109.61808989,0,824.149823228,0,0,0,482.345433333,6872.92773927,45,2025-09-23,44,0.6878,763.19532223,07:30,07:40,4669.5495667,3011.84102733,0,1109.61808989,1109.61808989,0.695381514183,6131.19289836
2025-09-23,47,07:50,5489.8417,3343.4604,5349.77484168,3319.27241001,0,0,0,0,357.730216667,0,0,557.2434,6475.44972075,46,2025-09-23,45,0.8469,0,07:40,07:50,5349.77484168,3319.27241001,0,0,0,0.872101211868,6872.92773927
2025-09-23,48,08:00,6701.06,3753.1125,6539.497944,3626.40401162,0,0,0,0,491.324583333,0,0,625.51875,5929.53351705,47,2025-09-23,46,1.1849,0,07:50,08:00,6539.497944,3626.40401162,0,0,0,1.16910354021,6475.44972075
2025-09-23,49,08:10,6664.9869,4119.6249,6702.25182133,4025.07649814,0,0,0,0,424.227,0,0,686.60415,5458.17018371,48,2025-09-23,47,1.1921,0,08:00,08:10,6702.25182133,4025.07649814,0,0,0,1.1578687643,5929.53351705
2025-09-23,50,08:20,6469.7028,4427.9049,6605.70698801,4370.49071156,0,0,0,0,340.29965,0,0,737.98415,5080.05946149,49,2025-09-23,48,1.1184,0,08:10,08:20,6605.70698801,4370.49071156,0,0,0,1.09473152544,5458.17018371
2025-09-23,51,08:30,6635.97,4698.6375,6606.18896458,4661.9435151,0,0,0,0,322.88875,0,0,783.10625,4721.29418371,50,2025-09-23,49,1.1227,0,08:20,08:30,6606.18896458,4661.9435151,0,0,0,1.09307943269,5080.05946149
2025-09-23,52,08:40,6600.0815,4997.093,6542.15278534,4952.63906675,0,0,0,0,267.16475,0,0,832.848833333,4424.44446149,51,2025-09-23,50,1.0962,0,08:30,08:40,6542.15278534,4952.63906675,0,0,0,1.0475194812,4721.29418371
2025-09-23,53,08:50,6462.4233,5400.3214,6551.48243733,5256.62524178,0,0,0,0,177.016983333,0,0,900.053566667,4227.75892446,52,2025-09-23,51,1.0174,0,08:40,08:50,6551.48243733,5256.62524178,0,0,0,1.01884007264,4424.44446149
2025-09-23,54,09:00,6427.57,5807.85,6575.95285454,5608.47982833,0,0,0,0,103.286666667,0,0,967.975,4112.99596149,53,2025-09-23,52,0.9516,0,08:50,09:00,6575.95285454,5608.47982833,0,0,0,1.00729408651,4227.75892446
2025-09-23,55,09:10,6551.7343,6020.5511,6613.73291824,5868.81588493,0,0,0,0,88.5305333333,0,0,1003.42518333,4014.62870223,54,2025-09-23,53,0.9817,0,09:00,09:10,6613.73291824,5868.81588493,0,0,0,0.97588437969,4112.99596149
2025-09-23,56,09:20,6611.8297,6159.4673,6613.85043514,6131.81181251,0,0,0,0,75.3937333333,0,0,1026.57788333,3930.85788742,55,2025-09-23,54,1.0171,0,09:10,09:20,6613.85043514,6131.81181251,0,0,0,0.980758353329,4014.62870223
2025-09-23,57,09:30,6584.42,6306.2625,6561.76939549,6393.98446913,0,0,0,0,46.3595833333,0,0,1051.04375,3879.34723927,56,2025-09-23,55,1.0072,0,09:20,09:30,6561.76939549,6393.98446913,0,0,0,0.96830960969,3930.85788742
2025-09-23,58,09:40,6627.8893,6423.4053,6464.61546648,6745.52964575,0,0,0,0,34.0806666667,0,0,1070.56755,3841.47983186,57,2025-09-23,56,0.9839,0,09:30,09:40,6464.61546648,6745.52964575,0,0,0,0.907422381566,3879.34723927
2025-09-23,59,09:50,6567.1756,6483.305,6472.08878607,6923.87249574,0,0,0,0,13.9784333333,0,0,1080.55083333,3825.94823927,58,2025-09-23,57,0.9725,0,09:40,09:50,6472.08878607,6923.87249574,0,0,0,0.878911840232,3841.47983186
2025-09-23,60,10:00,6455.96,6487.7625,6564.70935233,7042.90809926,0,0,0,5.30041666667,0,0,0,1081.29375,3830.71861427,59,2025-09-23,58,0.9784,0,09:50,10:00,6564.70935233,7042.90809926,0,0,0,0.904301909998,3825.94823927
2025-09-23,61,10:10,6527.0912,6506.7574,6580.90749071,7211.15100603,0,0,0,0,3.38896666667,0,0,1084.45956667,3826.95309575,60,2025-09-23,59,0.9839,0,10:00,10:10,6580.90749071,7211.15100603,0,0,0,0.891845365761,3830.71861427
2025-09-23,62,10:20,6488.4499,6763.9313,6549.6326384,7404.20259623,0,0,0,45.9135666667,0,0,0,1127.32188333,3868.27530575,61,2025-09-23,60,0.9513,0,10:10,10:20,6549.6326384,7404.20259623,0,0,0,0.849891881442,3826.95309575
2025-09-23,63,10:30,6336.11,7139.7,6540.64891684,7643.04179967,0,0,0,133.931666667,0,0,0,1189.95,3988.81380575,62,2025-09-23,61,0.9073,0,10:20,10:30,6540.64891684,7643.04179967,0,0,0,0.832900070131,3868.27530575
2025-09-23,64,10:40,6376.9432,7257.6775,6539.55437127,7771.14722602,0,0,0,146.78905,0,0,0,1209.61291667,4120.92395075,63,2025-09-23,62,0.8981,0,10:30,10:40,6539.55437127,7771.14722602,0,0,0,0.856861160998,3988.81380575
2025-09-23,65,10:50,6473.6947,7240.5731,6523.14032567,7863.74369512,0,0,0,127.813066667,0,0,0,1206.76218333,4235.95571075,64,2025-09-23,63,0.7781,0,10:40,10:50,6523.14032567,7863.74369512,0,0,0,0.706206990194,4120.92395075
2025-09-23,66,11:00,6470.56,7359.675,6529.87747666,7958.44111482,0,0,0,148.185833333,0,0,0,1226.6125,4369.32296075,65,2025-09-23,64,0.5639,0,10:50,11:00,6529.87747666,7958.44111482,0,0,0,0.464660633677,4235.95571075
2025-09-23,67,11:10,6357.1346,7784.7849,6546.52848967,8017.0460054,0,0,0,237.941716667,0,0,0,1297.46415,4583.47050575,66,2025-09-23,65,0.4409,0,11:00,11:10,6546.52848967,8017.0460054,0,0,0,0.454625349777,4369.32296075
2025-09-23,68,11:20,6310.6975,8209.6886,6529.37778455,8034.84895512,0,0,0,316.498516667,0,0,0,1368.28143333,4868.31917075,67,2025-09-23,66,0.4252,0,11:10,11:20,6529.37778455,8034.84895512,0,0,0,0.481366598789,4583.47050575
2025-09-23,69,11:30,6431.52,8399.7375,6484.56281744,8048.02258048,0,0,0,328.03625,0,0,0,1399.95625,5163.55179575,68,2025-09-23,67,0.4696,0,11:20,11:30,6484.56281744,8048.02258048,0,0,0,0.457417176706,4868.31917075
2025-09-23,70,11:40,6604.0357,8379.679,6488.62243627,8096.00463795,0,0,0,295.94055,0,0,0,1396.61316667,5429.89829075,69,2025-09-23,68,0.5048,0,11:30,11:40,6488.62243627,8096.00463795,0,0,0,0.467546745392,5163.55179575
2025-09-23,71,11:50,6371.5522,8435.4109,6284.46566184,8100.68633799,0,0,0,343.97645,0,0,0,1405.90181667,5739.47709575,70,2025-09-23,69,0.4546,0,11:40,11:50,6284.46566184,8100.68633799,0,0,0,0.466692921331,5429.89829075
2025-09-23,72,12:00,5893.69,8613.5625,5936.64059145,8131.50498866,0,0,0,453.312083333,0,0,0,1435.59375,6147.45797075,71,2025-09-23,70,0.3613,0,11:50,12:00,5936.64059145,8131.50498866,0,0,0,0.437124166727,5739.47709575
2025-09-23,73,12:10,5815.5593,8690.3915,5859.9083844,8323.39233167,0,0,0,479.1387,0,0,0,1448.39858333,6578.68280075,72,2025-09-23,71,0.3481,0,12:00,12:10,5859.9083844,8323.39233167,0,0,0,0.399569838485,6147.45797075
2025-09-23,74,12:20,5929.8452,8581.2694,5908.12606032,8418.96396659,414.860348955,391.4293,23.4310489547,833.333333333,0,0,0,1430.21156667,7328.68280075,73,2025-09-23,72,0.3859,160.094608662,12:10,12:20,5908.12606032,8418.96396659,0,414.860348955,414.860348955,0.397898068558,6578.68280075
2025-09-23,75,12:30,5958.43,8484.4875,6027.28988878,8325.83350169,211.867527,211.867527,0,632.877110333,0,0,0,1414.08125,7898.27220005,74,2025-09-23,73,0.387,81.9927329489,12:20,12:30,6027.28988878,8325.83350169,0,211.867527,211.867527,0.398549007935,7328.68280075
2025-09-23,76,12:40,5882.5546,8645.3297,6006.74457446,8196.68740652,468.342861325,372.870816667,95.4720446579,833.333333333,0,0,0,1440.88828333,8648.27220005,75,2025-09-23,74,0.3271,153.194949939,12:30,12:40,6006.74457446,8196.68740652,0,468.342861325,468.342861325,0.38599350776,7898.27220005
2025-09-23,77,12:50,6091.5912,8546.664,6036.47142025,8161.05990561,0,0,0,409.1788,0,0,0,1424.444,9016.53312005,76,2025-09-23,75,0.4936,0,12:40,12:50,6036.47142025,8161.05990561,0,0,0,0.526778047556,8648.27220005
2025-09-23,78,13:00,6408.53,8135.1375,6248.57996364,8122.67870842,0,0,0,287.767916667,0,0,0,1355.85625,9275.52424505,77,2025-09-23,76,0.8213,0,12:50,13:00,6248.57996364,8122.67870842,0,0,0,0.804305990494,9016.53312005
2025-09-23,79,13:10,6253.4833,7884.9488,6390.36855939,7860.1195012,0,0,0,271.910916667,0,0,0,1314.15813333,9520.24407005,78,2025-09-23,77,0.9285,0,13:00,13:10,6390.36855939,7860.1195012,0,0,0,0.846217863062,9275.52424505
2025-09-23,80,13:20,6080.4251,7754.0988,6193.74921883,7630.66081809,0,0,0,278.945616667,0,0,0,1292.3498,9771.29512505,79,2025-09-23,78,0.8854,0,13:10,13:20,6193.74921883,7630.66081809,0,0,0,0.843715291191,9520.24407005
2025-09-23,81,13:30,6115.63,7607.2875,6103.86158183,7495.07297831,0,0,0,248.609583333,0,0,0,1267.88125,9995.04375005,80,2025-09-23,79,0.8377,0,13:20,13:30,6103.86158183,7495.07297831,0,0,0,0.872786881323,9771.29512505
2025-09-23,82,13:40,6161.9414,7394.5585,6241.17037466,7364.93608221,0,0,0,205.436183333,0,0,0,1232.42641667,10179.9363151,81,2025-09-23,80,0.8574,0,13:30,13:40,6241.17037466,7364.93608221,0,0,0,0.864152830226,9995.04375005
2025-09-23,83,13:50,6291.8498,7228.1769,6264.59928022,7159.56162411,0,0,0,156.054516667,0,0,0,1204.69615,10320.3853801,82,2025-09-23,81,0.8948,0,13:40,13:50,6264.59928022,7159.56162411,0,0,0,0.868694488524,10179.9363151
2025-09-23,84,14:00,6409.53,7094.9625,6142.34893078,6932.21226258,0,0,0,114.23875,0,0,0,1182.49375,10423.2002551,83,2025-09-23,82,0.9188,0,13:50,14:00,6142.34893078,6932.21226258,0,0,0,0.900383863882,10320.3853801
2025-09-23,85,14:10,6298.6605,6838.0168,6055.43182928,6771.47967272,0,0,0,89.8927166667,0,0,0,1139.66946667,10504.1037001,84,2025-09-23,83,0.9422,0,14:00,14:10,6055.43182928,6771.47967272,0,0,0,0.904419826964,10423.2002551
2025-09-23,86,14:20,6212.8259,6393.4647,6078.45048719,6614.76376625,0,0,0,30.1064666667,0,0,0,1065.57745,10531.1995201,85,2025-09-23,84,0.9638,0,14:10,14:20,6078.45048719,6614.76376625,0,0,0,0.906197516443,10504.1037001
2025-09-23,87,14:30,6236.6,5854.05,6179.74918502,6364.87250903,0,0,0,0,63.7583333333,0,0,975.675,10460.3569275,86,2025-09-23,85,1.0143,0,14:20,14:30,6179.74918502,6364.87250903,0,0,0,0.955777909879,10531.1995201
2025-09-23,88,14:40,6217.1274,5393.4146,6223.51602917,6093.08730815,0,0,0,0,137.285466667,0,0,898.902433333,10307.8175201,87,2025-09-23,86,1.099,0,14:30,14:40,6223.51602917,6093.08730815,0,0,0,1.03610394682,10460.3569275
2025-09-23,89,14:50,6206.2876,4990.8009,6256.70666114,5782.36095036,0,0,0,0,202.581116667,0,0,831.80015,10082.7273904,88,2025-09-23,87,0.9913,0,14:40,14:50,6256.70666114,5782.36095036,0,0,0,0.896240933566,10307.8175201
2025-09-23,90,15:00,6262.68,4761.6375,6325.61141418,5515.6176582,259.438142828,259.438142828,0,9.26439282778,0,0,0,793.60625,10091.065344,89,2025-09-23,88,0.7708,199.974920492,14:50,15:00,6325.61141418,5515.6176582,0,259.438142828,259.438142828,0.658895163222,10082.7273904
2025-09-23,91,15:10,6377.3851,4842.082,6151.10543836,5212.77064864,156.389131619,156.389131619,0,0,99.4947183806,0,0,807.013666667,9980.51565688,90,2025-09-23,89,0.7575,118.464767202,15:00,15:10,6151.10543836,5212.77064864,0,156.389131619,156.389131619,0.684430704928,10091.065344
2025-09-23,92,15:20,6461.0017,4734.2965,6254.06248149,4899.51084001,225.758606913,225.758606913,0,0,62.0255930867,0,0,789.049416667,9911.59833123,91,2025-09-23,90,0.7846,177.130202984,15:10,15:20,6254.06248149,4899.51084001,0,225.758606913,225.758606913,0.74129360979,9980.51565688
2025-09-23,93,15:30,6382.45,4417.2375,6546.43931438,4590.72360146,325.952618821,325.952618821,0,0,1.58279784536,0,0,736.20625,9909.83966695,92,2025-09-23,91,0.7548,246.029036686,15:20,15:30,6546.43931438,4590.72360146,0,325.952618821,325.952618821,0.738544466881,9911.59833123
2025-09-23,94,15:40,6120.1976,4306.354,6412.13315379,4228.43944663,363.948951194,363.948951194,0,61.6416845277,0,0,0,717.725666667,9965.31718303,93,2025-09-23,92,0.7536,274.27192962,15:30,15:40,6412.13315379,4228.43944663,0,363.948951194,363.948951194,0.815352065326,9909.83966695
2025-09-23,95,15:50,6153.6297,4035.9346,6384.4580279,3881.36795171,417.181679366,417.181679366,1.13686837722e-13,64.2324960323,0,0,0,672.655766667,10023.1264295,94,2025-09-23,93,0.8148,339.919632347,15:40,15:50,6384.4580279,3881.36795171,0,417.181679366,417.181679366,0.851547917786,9965.31718303
2025-09-23,96,16:00,6505.17,3543.675,6375.58139599,3547.74368849,471.306284583,471.306284583,0,0,22.2762154165,0,0,590.6125,9998.37507899,95,2025-09-23,94,0.8978,423.138782299,15:50,16:00,6375.58139599,3547.74368849,0,471.306284583,471.306284583,0.839635649495,10023.1264295
2025-09-23,97,16:10,6704.9712,3168.3753,6509.7923333,3254.35857265,542.572293442,542.572293442,0,0,46.8603565576,0,0,528.06255,9946.30801615,96,2025-09-23,95,0.9325,505.948663635,16:00,16:10,6509.7923333,3254.35857265,0,542.572293442,542.572293442,0.879920943599,9998.37507899
2025-09-23,98,16:20,6651.3841,2836.5022,6570.24181765,2905.2540153,610.831300392,610.831300392,0,0,24.9823496082,0,0,472.750366667,9918.54984992,97,2025-09-23,96,0.9637,588.658124188,16:10,16:20,6570.24181765,2905.2540153,0,610.831300392,610.831300392,0.914656353075,9946.30801615
2025-09-23,99,16:30,6512.95,2503.5375,6520.2414805,2562.3895712,659.641984883,659.641984883,0,0,8.59343178396,0,0,417.25625,9909.00159238,98,2025-09-23,97,0.9927,654.826598393,16:20,16:30,6520.2414805,2562.3895712,0,659.641984883,659.641984883,0.915281404106,9918.54984992
2025-09-23,100,16:40,6516.7553,2218.6701,6489.26908928,2260.14517509,704.853985698,704.853985698,0,0,11.4935476358,0,0,369.77835,9896.2309839,99,2025-09-23,98,0.9735,686.175355077,16:30,16:40,6489.26908928,2260.14517509,0,704.853985698,704.853985698,0.928450278546,9909.00159238
2025-09-23,101,16:50,6452.5286,1863.5925,6546.30366451,1949.53525923,766.128067546,766.128067546,0,1.30538421315,0,0,0,310.59875,9897.40582969,100,2025-09-23,99,0.9613,736.478911332,16:40,16:50,6546.30366451,1949.53525923,0,766.128067546,766.128067546,0.96012962891,9896.2309839
2025-09-23,102,17:00,6349.71,1465.3875,6440.51134592,1593.05621441,807.909188584,807.909188584,0,0,6.14456141577,0,0,244.23125,9890.57853923,101,2025-09-23,100,1.0104,816.311444146,16:50,17:00,6440.51134592,1593.05621441,0,807.909188584,807.909188584,1.00119342043,9897.40582969
2025-09-23,103,17:10,6441.2731,1178.7512,6267.51585165,1259.78009169,834.622626661,834.622626661,0,0,42.4643566721,0,0,196.458533333,9843.3959207,102,2025-09-23,101,1.1132,929.101907999,17:00,17:10,6267.51585165,1259.78009169,0,834.622626661,834.622626661,1.044562895,9890.57853923
2025-09-23,104,17:20,6397.9351,917.9154,6232.82713772,962.306179883,878.420159639,878.420159639,0,0,34.9164570274,0,0,152.9859,9804.59985734,103,2025-09-23,102,1.1301,992.702622408,17:10,17:20,6232.82713772,962.306179883,0,878.420159639,878.420159639,1.0677449073,9843.3959207
2025-09-23,105,17:30,6368.49,630.1875,6395.47687383,684.545867425,951.821834401,951.821834401,0,0,4.56191559851,0,0,105.03125,9799.53106223,104,2025-09-23,103,1.0787,1026.73021277,17:20,17:30,6395.47687383,684.545867425,0,951.821834401,951.821834401,1.07739580714,9804.59985734
2025-09-23,106,17:40,6667.634,356.458,6647.72917616,412.937108558,1039.13201127,1039.13201127,0,0,12.7306553994,0,0,59.4096666667,9785.38588956,105,2025-09-23,104,1.1143,1157.90480016,17:30,17:40,6647.72917616,412.937108558,0,1039.13201127,1039.13201127,1.07330819245,9799.53106223
2025-09-23,107,17:50,5886.4358,131.4439,5794.7151009,137.03956987,942.945921839,942.945921839,0,0,16.2193948278,0,0,21.9073166667,9767.36433976,106,2025-09-23,105,1.1899,1122.0113524,17:40,17:50,5794.7151009,137.03956987,0,942.945921839,942.945921839,1.18528309621,9785.38588956
2025-09-23,108,18:00,4515.87,0,4883.08651429,6.23911678995,812.807899584,812.807899584,0,60.1628995841,0,0,0,0,9821.51094938,107,2025-09-23,106,1.26,1024.13795348,17:50,18:00,4883.08651429,6.23911678995,0,812.807899584,812.807899584,1.32426498846,9767.36433976
2025-09-23,109,18:10,4585.9791,0,4708.42633026,0,0,0,0,0,764.32985,0,0,0,8972.25556049,108,2025-09-23,107,1.3273,0,18:00,18:10,4708.42633026,0,0,0,0,1.33490921657,9821.51094938
2025-09-23,110,18:20,4985.787,4.4234,4860.7099873,0,810.118331216,810.118331216,0,0,20.1089354507,0,0,0.737233333333,8949.91229888,109,2025-09-23,108,1.3739,1113.02157526,18:10,18:20,4860.7099873,0,0,810.118331216,810.118331216,1.31921728937,8972.25556049
2025-09-23,111,18:30,5006.5,0,4882.28596772,0,0,0,0,0,833.333333333,1.08333333333,0,0,8023.98637296,110,2025-09-23,109,1.3863,7.509125,18:20,18:30,4882.28596772,0,0,0,0,1.32921307427,8949.91229888
2025-09-23,112,18:40,5016.9579,0,5041.21818475,0,840.203030791,840.203030791,0,4.04338079147,0,0,0,0,8027.62541567,111,2025-09-23,110,1.3617,1144.10446703,18:30,18:40,5041.21818475,0,0,840.203030791,840.203030791,1.32088499268,8023.98637296
2025-09-23,113,18:50,4862.5058,0.3176,4829.83594329,0,804.972657215,804.972657215,0,0,5.39204278508,0,0,0.0529333333333,8021.63425702,112,2025-09-23,111,1.2989,1045.57898446,18:40,18:50,4829.83594329,0,0,804.972657215,804.972657215,1.32091686558,8027.62541567
2025-09-23,114,19:00,4664.56,0,4687.06240513,0,0,0,0,0,777.426666667,0,0,0,7157.82684961,113,2025-09-23,112,1.242,0,18:50,19:00,4687.06240513,0,0,0,0,1.33351022283,8021.63425702
2025-09-23,115,19:10,4794.5933,0,4883.28244084,0,0,0,0,0,799.098883333,0,0,0,6269.93920146,114,2025-09-23,113,1.2579,0,19:00,19:10,4883.28244084,0,0,0,0,1.3399699142,7157.82684961
2025-09-23,116,19:20,4953.598,0.0228,5049.34403861,0,8.22400643571,8.22400643571,0,0,817.371860231,0,0,0.0038,5361.74824565,115,2025-09-23,114,1.3209,10.8630901009,19:10,19:20,5049.34403861,0,0,8.22400643571,8.22400643571,1.33143146443,6269.93920146
2025-09-23,117,19:30,4906.9,0,4913.46856904,0,818.911428173,818.911428173,0,1.09476150672,0,0,0,0,5362.73353101,116,2025-09-23,115,1.3658,1118.4692286,19:20,19:30,4913.46856904,0,0,818.911428173,818.911428173,1.31308252081,5361.74824565
2025-09-23,118,19:40,4721.0181,0,4948.31732906,0,824.719554843,824.719554843,0,37.883204843,0,0,0,0,5396.82841536,117,2025-09-23,116,1.3425,1107.18600238,19:30,19:40,4948.31732906,0,0,824.719554843,824.719554843,1.31605816851,5362.73353101
2025-09-23,119,19:50,4705.315,0.0016,4921.70949383,0,820.284915639,820.284915639,0,36.0660156387,0,0,0,0.000266666666667,5429.28782944,118,2025-09-23,117,1.3213,1083.84245903,19:40,19:50,4921.70949383,0,0,820.284915639,820.284915639,1.31276571477,5396.82841536
2025-09-23,120,20:00,4871.47,0,4716.65761528,0,786.109602546,786.109602546,0,0,25.8020641202,0,0,0,5400.61886931,119,2025-09-23,118,1.3115,1030.98274374,19:50,20:00,4716.65761528,0,0,786.109602546,786.109602546,1.30809115757,5429.28782944
2025-09-23,121,20:10,4963.0687,0,4779.83912511,0,148.827888193,148.827888193,0,0,678.350228473,0,0,0,4646.89639322,120,2025-09-23,119,1.2687,188.817941751,20:00,20:10,4779.83912511,0,0,148.827888193,148.827888193,1.32771337901,5400.61886931
2025-09-23,122,20:20,5061.4062,0,4842.79635334,0,0,0,0,0,833.333333333,10.2343666667,0,0,3720.9704673,121,2025-09-23,120,1.2951,66.27264135,20:10,20:20,4842.79635334,0,0,0,0,1.32952082522,4646.89639322
2025-09-23,123,20:30,5038.25,0,4848.32587354,0,808.054312257,808.054312257,0,0,31.6540210759,0,0,0,3685.79933277,122,2025-09-23,121,1.3829,1117.45830842,20:20,20:30,4848.32587354,0,0,808.054312257,808.054312257,1.31776370403,3720.9704673
2025-09-23,124,20:40,4709.3717,0,4800.71982833,0,0,0,0,0,784.895283333,0,0,0,2813.6934624,123,2025-09-23,122,1.3866,0,20:30,20:40,4800.71982833,0,0,0,0,1.34422692544,3685.79933277
2025-09-23,125,20:50,4809.9708,0,4757.69230943,0,792.948718238,792.948718238,0,0,8.71308176158,0,0,0,2804.01226044,124,2025-09-23,123,1.2125,961.450320864,20:40,20:50,4757.69230943,0,0,792.948718238,792.948718238,1.22149772252,2813.6934624
2025-09-23,126,21:00,5215.3,0,4818.29957769,0,803.049929616,803.049929616,0,0,66.1667370509,0,0,0,2730.49366372,125,2025-09-23,124,0.9884,793.734550432,20:50,21:00,4818.29957769,0,0,803.049929616,803.049929616,0.98782961588,2804.01226044
2025-09-23,127,21:10,5055.1463,0,4901.28926519,0,816.881544198,816.881544198,0,0,25.6428391354,0,0,0,2702.00162024,126,2025-09-23,125,0.9549,780.040186555,21:00,21:10,4901.28926519,0,0,816.881544198,816.881544198,0.969758031976,2730.49366372
2025-09-23,128,21:20,4827.5711,0,4828.13189406,0,804.688649009,804.688649009,0,0.0934656759425,0,0,0,0,2702.08573934,127,2025-09-23,126,0.9828,790.848004246,21:10,21:20,4828.13189406,0,0,804.688649009,804.688649009,1.00143772977,2702.00162024
2025-09-23,129,21:30,4880.29,0,4693.82764348,0,782.304607246,782.304607246,0,0,31.0770594207,0,0,0,2667.55567332,128,2025-09-23,127,1.0059,786.920204429,21:20,21:30,4693.82764348,0,0,782.304607246,782.304607246,1.01865156282,2702.08573934
2025-09-23,130,21:40,4979.2148,0,4797.97057778,0,799.661762963,799.661762963,0,0,30.2073703707,0,0,0,2633.99192846,129,2025-09-23,128,1.0449,835.56657612,21:30,21:40,4797.97057778,0,0,799.661762963,799.661762963,1.06864017927,2667.55567332
2025-09-23,131,21:50,4609.119,0,4445.98874245,0,740.998123741,740.998123741,0,0,27.1883762591,0,0,0,2603.78262151,130,2025-09-23,129,0.8538,632.66419805,21:40,21:50,4445.98874245,0,0,740.998123741,740.998123741,0.844837711335,2633.99192846
2025-09-23,132,22:00,3835.46,0,3796.86284991,0,1466.14380832,1466.14380832,0,826.900474985,0,0,0,0,3347.993049,131,2025-09-23,130,0.5154,755.650518807,21:50,22:00,3796.86284991,0,0,1466.14380832,1466.14380832,0.458468393397,2603.78262151
2025-09-23,133,22:10,3320.6494,0,3633.00234031,0,1438.83372338,1386.7749,52.0588233847,833.333333333,0,0,0,0,4097.993049,132,2025-09-23,131,0.3997,575.101839237,22:00,22:10,3633.00234031,0,0,1438.83372338,1438.83372338,0.439257573519,3347.993049
2025-09-23,134,22:20,3496.0714,0,3652.60056224,0,608.766760373,608.766760373,0,26.0881937059,0,0,0,0,4121.47242333,133,2025-09-23,132,0.4421,269.135784761,22:10,22:20,3652.60056224,0,0,608.766760373,608.766760373,0.47409838268,4097.993049
2025-09-23,135,22:30,3883.24,0,3620.89292241,0,1436.81548707,1436.81548707,0,789.608820401,0,0,0,0,4832.12036169,134,2025-09-23,133,0.4839,695.275014192,22:20,22:30,3620.89292241,0,0,1436.81548707,1436.81548707,0.426182509103,4121.47242333
2025-09-23,136,22:40,3580.1991,0,3684.27371491,0,1447.37895249,1430.03318333,17.3457691517,833.333333333,0,0,0,0,5582.12036169,135,2025-09-23,134,0.4396,636.267787512,22:30,22:40,3684.27371491,0,0,1447.37895249,1447.37895249,0.446364754155,4832.12036169
2025-09-23,137,22:50,3332.1137,0,3711.69412767,0,618.615687945,618.615687945,0,63.2634046121,0,0,0,0,5639.05742584,136,2025-09-23,135,0.4292,265.509853266,22:40,22:50,3711.69412767,0,0,618.615687945,618.615687945,0.470264878922,5582.12036169
2025-09-23,138,23:00,3416.1,0,3715.36357649,0,619.227262749,619.227262749,0,49.8772627491,0,0,0,0,5683.94696232,137,2025-09-23,136,0.4608,285.339922675,22:50,23:00,3715.36357649,0,0,619.227262749,619.227262749,0.473448289168,5639.05742584
2025-09-23,139,23:10,3387.9352,0,3681.22092605,0,1446.87015434,1397.9892,48.8809543409,833.333333333,0,0,0,0,6433.94696232,138,2025-09-23,137,0.4279,619.115739042,23:00,23:10,3681.22092605,0,0,1446.87015434,1446.87015434,0.449738610475,5683.94696232
2025-09-23,140,23:20,3459.0094,0,3626.0925528,0,1437.68209213,1409.8349,27.8471921336,833.333333333,0,0,0,0,7183.94696232,139,2025-09-23,138,0.4124,592.900094796,23:10,23:20,3626.0925528,0,0,1437.68209213,1437.68209213,0.434129113039,6433.94696232
2025-09-23,141,23:30,3661.95,0,3635.50126048,0,1439.25021008,1439.25021008,0,828.92521008,0,0,0,0,7929.97965139,140,2025-09-23,139,0.4355,626.79346649,23:20,23:30,3635.50126048,0,0,1439.25021008,1439.25021008,0.426531263925,7183.94696232
2025-09-23,142,23:40,3702.4038,0,3579.31638226,0,1429.88606371,1429.88606371,0,812.818763711,0,0,0,0,8661.51653873,141,2025-09-23,140,0.4312,616.566870672,23:30,23:40,3579.31638226,0,0,1429.88606371,1429.88606371,0.440478600399,7929.97965139
2025-09-23,143,23:50,3409.7885,0,3701.31327075,0,872.326928165,872.326928165,0,304.028844831,0,0,0,0,8935.14249908,142,2025-09-23,141,0.4204,366.7262406,23:40,23:50,3701.31327075,0,0,872.326928165,872.326928165,0.459194949717,8661.51653873
2025-09-23,144,00:00+1,3147.61,0,3830.30122363,0,1471.7168706,1357.935,113.781870605,833.333333333,0,0,0,0,9685.14249908,143,2025-09-23,142,0.4259,626.804215191,23:50,00:00+1,3830.30122363,0,0,1471.7168706,1471.7168706,0.458190025387,8935.14249908
2025-12-21,1,00:10,3576.1063,0,3552.11871886,0,1276.67217735,1276.67217735,0,680.654460685,0,0,0,0,10261.3477987,0,2025-12-20,143,0.4264,544.373016423,00:00,00:10,2660.03306411,0,0,1276.67217735,1276.67217735,0.440535640721,9648.75878411
2025-12-21,2,00:20,3537.871,0,3452.47336114,0,1169.91674252,1169.91674252,0,580.271575854,0,0,0,0,10783.592217,1,2025-12-21,0,0.4293,502.245257564,00:10,00:20,3452.47336114,0,0,1169.91674252,1169.91674252,0.4322480054,10261.3477987
2025-12-21,3,00:30,3472.1,0,3541.51110084,0,590.25185014,590.25185014,0,11.5685168064,0,0,0,0,10794.0038821,2,2025-12-21,1,0.4388,259.002511841,00:20,00:30,3541.51110084,0,0,590.25185014,590.25185014,0.457187175078,10783.592217
2025-12-21,4,00:40,3388.2602,0,3699.93245221,0,616.655408702,571.372386527,45.283022175,6.66235319333,0,0,0,0,10800,3,2025-12-21,2,0.4138,255.172008121,00:30,00:40,3699.93245221,0,0,616.655408702,616.655408702,0.464533507125,10794.0038821
2025-12-21,5,00:50,3299.4233,0,3769.78033971,0,628.296723285,549.903883333,78.3928399514,0,0,0,0,0,10800,4,2025-12-21,3,0.41,257.601656547,00:40,00:50,3769.78033971,0,0,628.296723285,628.296723285,0.469641445553,10800
2025-12-21,6,01:00,3349.26,0,3698.15771525,0,616.359619209,558.21,58.1496192087,0,0,0,0,0,10800,5,2025-12-21,4,0.4471,275.574385748,00:50,01:00,3698.15771525,0,0,616.359619209,616.359619209,0.479586425814,10800
2025-12-21,7,01:10,3662.0911,0,3624.24086615,0,604.040144358,604.040144358,0,0,6.30837230908,0,0,0,10792.9906974,6,2025-12-21,5,0.4797,289.758057248,01:00,01:10,3624.24086615,0,0,604.040144358,604.040144358,0.479979965522,10800
2025-12-21,8,01:20,3799.4157,0,3649.22350808,0,608.203918014,608.203918014,0,0,25.0320319861,0,0,0,10765.1773286,7,2025-12-21,6,0.4466,271.623869785,01:10,01:20,3649.22350808,0,0,608.203918014,608.203918014,0.467523773612,10792.9906974
2025-12-21,9,01:30,3736.18,0,3720.23143518,0,620.038572529,620.038572529,0,0,2.65809413726,0,0,0,10762.2238906,8,2025-12-21,7,0.3961,245.597278579,01:20,01:30,3720.23143518,0,0,620.038572529,620.038572529,0.455182147702,10765.1773286
2025-12-21,10,01:40,3824.9356,0,3680.98334464,0,613.497224107,613.497224107,0,0,23.9920425601,0,0,0,10735.5660656,9,2025-12-21,8,0.4368,267.97558749,01:30,01:40,3680.98334464,0,0,613.497224107,613.497224107,0.457929591575,10762.2238906
2025-12-21,11,01:50,3734.208,0,3678.72518296,0,613.120863827,613.120863827,0,0,9.24713617298,0,0,0,10725.2914698,10,2025-12-21,9,0.475,291.232410318,01:40,01:50,3678.72518296,0,0,613.120863827,613.120863827,0.464852439095,10735.5660656
2025-12-21,12,02:00,3587.15,0,3747.39953639,0,624.566589399,624.566589399,0,26.7082560656,0,0,0,0,10749.3289003,11,2025-12-21,10,0.4651,290.485920729,01:50,02:00,3747.39953639,0,0,624.566589399,624.566589399,0.467020188448,10725.2914698
2025-12-21,13,02:10,3856.4774,0,3772.94457547,0,628.824095912,628.824095912,0,0,13.9221374214,0,0,0,10733.8598587,12,2025-12-21,11,0.455,286.11496364,02:00,02:10,3772.94457547,0,0,628.824095912,628.824095912,0.45936193164,10749.3289003
2025-12-21,14,02:20,3923.2147,0,3828.59773077,0,638.099621795,638.099621795,0,0,15.7694948719,0,0,0,10716.3381977,13,2025-12-21,12,0.4629,295.376314929,02:10,02:20,3828.59773077,0,0,638.099621795,638.099621795,0.46071546843,10733.8598587
2025-12-21,15,02:30,3730.5,0,3941.16059475,0,656.860099125,656.860099125,0,35.1100991253,0,0,0,0,10747.9372869,14,2025-12-21,13,0.4713,309.578164718,02:20,02:30,3941.16059475,0,0,656.860099125,656.860099125,0.477955668548,10716.3381977
2025-12-21,16,02:40,3819.86,0,3994.93359872,0,665.822266453,665.822266453,0,29.1789331199,0,0,0,0,10774.1983267,15,2025-12-21,14,0.4513,300.48558885,02:30,02:40,3994.93359872,0,0,665.822266453,665.822266453,0.499002539793,10747.9372869
2025-12-21,17,02:50,3791.4644,0,3949.10381446,0,658.183969077,658.183969077,0,26.2732357441,0,0,0,0,10797.8442389,16,2025-12-21,15,0.4352,286.441663343,02:40,02:50,3949.10381446,0,0,658.183969077,658.183969077,0.491446854479,10774.1983267
2025-12-21,18,03:00,3751.73,0,3878.22645407,0,646.371075679,627.683623425,18.6874522537,2.39529009184,0,0,0,0,10800,17,2025-12-21,16,0.4577,295.844041338,02:50,03:00,3878.22645407,0,0,646.371075679,646.371075679,0.476646684902,10797.8442389
2025-12-21,19,03:10,4180.5461,0,3940.89996526,0,656.816660877,656.816660877,0,0,39.9410224567,0,0,0,10755.6210862,18,2025-12-21,17,0.5147,338.063535353,03:00,03:10,3940.89996526,0,0,656.816660877,656.816660877,0.507289486785,10800
2025-12-21,20,03:20,4115.3327,0,4004.68421374,0,667.447368957,667.447368957,0,0,18.4414143765,0,0,0,10735.1306257,19,2025-12-21,18,0.5083,339.263497641,03:10,03:20,4004.68421374,0,0,667.447368957,667.447368957,0.516842620213,10755.6210862
2025-12-21,21,03:30,3748.74,0,3977.59572541,0,662.932620902,662.932620902,0,38.1426209021,0,0,0,0,10769.4589846,20,2025-12-21,19,0.4686,310.650226155,03:20,03:30,3977.59572541,0,0,662.932620902,662.932620902,0.488200755212,10735.1306257
2025-12-21,22,03:40,4220.4858,0,3874.11785139,0,645.686308564,645.686308564,0,0,57.7279914356,0,0,0,10705.3167718,21,2025-12-21,20,0.5119,330.526821354,03:30,03:40,3874.11785139,0,0,645.686308564,645.686308564,0.475058137915,10769.4589846
2025-12-21,23,03:50,4423.9257,0,3904.52712049,0,650.754520081,650.754520081,0,0,86.566429919,0,0,0,10609.1318497,22,2025-12-21,21,0.5023,326.873995437,03:40,03:50,3904.52712049,0,0,650.754520081,650.754520081,0.485034397412,10705.3167718
2025-12-21,24,04:00,4079.15,0,4027.25883836,0,671.209806394,671.209806394,0,0,8.64852693923,0,0,0,10599.5223753,23,2025-12-21,22,0.4324,290.231120285,03:50,04:00,4027.25883836,0,0,671.209806394,671.209806394,0.505956236202,10609.1318497
2025-12-21,25,04:10,4038.9424,0,4003.24264753,0,667.207107921,667.207107921,0,0,5.94995874536,0,0,0,10592.9113101,24,2025-12-21,23,0.4412,294.371776015,04:00,04:10,4003.24264753,0,0,667.207107921,667.207107921,0.514794942345,10599.5223753
2025-12-21,26,04:20,4082.3954,0,4039.8813696,0,673.3135616,673.3135616,0,0,7.08567173376,0,0,0,10585.0383415,25,2025-12-21,24,0.4805,323.527166349,04:10,04:20,4039.8813696,0,0,673.3135616,673.3135616,0.521886779375,10592.9113101
2025-12-21,27,04:30,4064.87,0,4213.81828409,0,702.303047349,702.303047349,0,24.8247140152,0,0,0,0,10607.3805841,26,2025-12-21,25,0.5015,352.204978245,04:20,04:30,4213.81828409,0,0,702.303047349,702.303047349,0.528369377009,10585.0383415
2025-12-21,28,04:40,4121.8784,0,4322.98733167,0,720.497888612,720.497888612,0,33.5181552789,0,0,0,0,10637.5469238,27,2025-12-21,26,0.5024,361.978139239,04:30,04:40,4322.98733167,0,0,720.497888612,720.497888612,0.52808718694,10607.3805841
2025-12-21,29,04:50,4083.6154,0,4241.45552713,0,706.909254521,706.909254521,0,26.3066878548,0,0,0,0,10661.2229429,28,2025-12-21,27,0.4798,339.175060319,04:40,04:50,4241.45552713,0,0,706.909254521,706.909254521,0.548205410378,10637.5469238
2025-12-21,30,05:00,4032.31,0,4096.58780811,0,682.764634686,682.764634686,0,10.7129680189,0,0,0,0,10670.8646141,29,2025-12-21,28,0.4753,324.518030866,04:50,05:00,4096.58780811,0,0,682.764634686,682.764634686,0.57807912337,10661.2229429
2025-12-21,31,05:10,4217.9422,0.0023,4207.07916401,0,701.179860668,701.179860668,0,0,1.81012266547,0,0,0.000383333333333,10668.8533667,30,2025-12-21,29,0.535,375.131225457,05:00,05:10,4207.07916401,0,0,701.179860668,701.179860668,0.570821871434,10670.8646141
2025-12-21,32,05:20,4253.2484,0,4236.7257654,0,706.1209609,706.1209609,0,0,2.75377243304,0,0,0,10665.7936196,31,2025-12-21,30,0.5436,383.847354345,05:10,05:20,4236.7257654,0,0,706.1209609,706.1209609,0.545724482819,10668.8533667
2025-12-21,33,05:30,4066.58,0,4076.72324155,0,679.453873591,679.453873591,0,1.69054025799,0,0,0,0,10667.3151058,32,2025-12-21,31,0.468,317.984412841,05:20,05:30,4076.72324155,0,0,679.453873591,679.453873591,0.50682850803,10665.7936196
2025-12-21,34,05:40,4077.7781,0.0316,4069.07324692,0,678.178874486,678.178874486,0,0,1.44554218058,0,0,0.00526666666667,10665.7089478,33,2025-12-21,32,0.4338,294.193995752,05:30,05:40,4069.07324692,0,0,678.178874486,678.178874486,0.469970975962,10667.3151058
2025-12-21,35,05:50,4717.7146,0,4597.36957963,0,766.228263272,766.228263272,0,0,20.0575033951,0,0,0,10643.4228329,34,2025-12-21,33,0.6915,529.846844052,05:40,05:50,4597.36957963,0,0,766.228263272,766.228263272,0.701381305198,10665.7089478
2025-12-21,36,06:00,5490.65,0,5343.63384978,0,890.60564163,890.60564163,0,0,24.502691703,0,0,0,10616.1976199,35,2025-12-21,34,1.0594,943.507616743,05:50,06:00,5343.63384978,0,0,890.60564163,890.60564163,1.05809309634,10643.4228329
2025-12-21,37,06:10,5439.318,0.4406,5363.58146655,0,893.930244425,893.930244425,0,0,12.5493222416,0,0,0.0734333333333,10602.2539286,36,2025-12-21,35,1.081,966.338594223,06:00,06:10,5363.58146655,0,0,893.930244425,893.930244425,1.08328597244,10616.1976199
2025-12-21,38,06:20,5407.8325,0,5250.74357682,0,875.123929471,875.123929471,0,0,26.181487196,0,0,0,10573.1633872,37,2025-12-21,36,1.0359,906.540878539,06:10,06:20,5250.74357682,0,0,875.123929471,875.123929471,1.02351257218,10602.2539286
2025-12-21,39,06:30,5587.05,0,5316.40624984,0,886.067708307,886.067708307,0,0,45.1072916929,0,0,0,10523.0441742,38,2025-12-21,37,1.0597,938.965950493,06:20,06:30,5316.40624984,0,0,886.067708307,886.067708307,1.04780517075,10573.1633872
2025-12-21,40,06:40,5351.2866,6.1366,5380.70131624,0,896.783552707,896.783552707,0,5.92521937404,0,0,0,1.02276666667,10528.3768717,39,2025-12-21,38,1.0176,912.566943235,06:30,06:40,5380.70131624,0,0,896.783552707,896.783552707,1.06602582964,10523.0441742
2025-12-21,41,06:50,5233.249,0,5447.92343236,0,907.987238726,907.987238726,0,35.7790720594,0,0,0,0,10560.5780365,40,2025-12-21,39,1.0168,923.241424337,06:40,06:50,5447.92343236,0,0,907.987238726,907.987238726,1.07807192939,10528.3768717
2025-12-21,42,07:00,5374.2,0,5465.51093017,2.43272438859,910.513034297,910.513034297,0,14.8130342972,0,0,0,0,10573.9097674,41,2025-12-21,40,1.0595,964.688559838,06:50,07:00,5465.51093017,2.43272438859,0,910.513034297,910.513034297,1.0879154664,10560.5780365
2025-12-21,43,07:10,5360.7841,172.6829,5369.19793072,149.814682363,869.89720806,869.89720806,0,5.21367472656,0,0,0,28.7804833333,10578.6020746,42,2025-12-21,41,1.0282,894.428309327,07:00,07:10,5369.19793072,149.814682363,0,869.89720806,869.89720806,1.08096746072,10573.9097674
2025-12-21,44,07:20,5321.3096,420.0356,5337.44478587,395.065827507,823.729826394,823.729826394,0,6.85082639422,0,0,0,70.0059333333,10584.7678184,43,2025-12-21,42,0.9987,822.65897762,07:10,07:20,5337.44478587,395.065827507,0,823.729826394,823.729826394,1.05847370884,10578.6020746
2025-12-21,45,07:30,5231.72,690.675,5351.84275458,658.47509703,782.227942926,782.227942926,0,25.3871095923,0,0,0,115.1125,10607.616217,44,2025-12-21,43,0.9724,760.638451701,07:20,07:30,5351.84275458,658.47509703,0,782.227942926,782.227942926,0.996998848407,10584.7678184
2025-12-21,46,07:40,5065.8847,996.7377,5325.82896741,936.866993321,731.493662348,731.493662348,0,53.3024956818,0,0,0,166.12295,10655.5884631,45,2025-12-21,44,0.9109,666.317577033,07:30,07:40,5325.82896741,936.866993321,0,731.493662348,731.493662348,0.895670192646,10607.616217
2025-12-21,47,07:50,5889.1246,1276.7125,5958.86574731,1209.65048377,791.535877256,791.535877256,0,22.8005272561,0,0,0,212.785416667,10676.1089377,46,2025-12-21,45,1.0903,863.011566972,07:40,07:50,5958.86574731,1209.65048377,0,791.535877256,791.535877256,1.07916577547,10655.5884631
2025-12-21,48,08:00,7180.79,1539.8625,6953.78621013,1484.19125992,78.2658250358,78.2658250358,0,0,833.333333333,28.5554249642,0,256.64375,9750.18301175,47,2025-12-21,46,1.4063,310.852700384,07:50,08:00,6953.78621013,1484.19125992,0,78.2658250358,78.2658250358,1.40716317266,10676.1089377
2025-12-21,49,08:10,7254.351,1860.1541,7150.90919681,1777.88234279,62.1711423361,62.1711423361,0,0,833.333333333,3.52834099722,0,310.025683333,8824.25708583,48,2025-12-21,47,1.4458,115.393414658,08:00,08:10,7150.90919681,1777.88234279,0,62.1711423361,62.1711423361,1.4477054503,9750.18301175
2025-12-21,50,08:20,7152.8955,2211.6206,7075.81024234,2062.48005227,2.22169834543,2.22169834543,0,0,821.324118321,0,0,368.603433333,7911.67473214,49,2025-12-21,48,1.3908,3.08993805883,08:10,08:20,7075.81024234,2062.48005227,0,2.22169834543,2.22169834543,1.37184356197,8824.25708583
2025-12-21,51,08:30,7367.01,2579.625,7054.39952783,2334.87017443,0,0,0,0,797.8975,0,0,429.9375,7025.12195436,50,2025-12-21,49,1.3742,0,08:20,08:30,7054.39952783,2334.87017443,0,0,0,1.32582106532,7911.67473214
2025-12-21,52,08:40,7333.1326,2953.1787,7014.45182343,2617.25383705,0,0,0,0,729.992316667,0,0,492.19645,6214.01938028,51,2025-12-21,50,1.345,0,08:30,08:40,7014.45182343,2617.25383705,0,0,0,1.32821363444,7025.12195436
2025-12-21,53,08:50,7276.0603,3195.6035,7018.97202595,2902.21448491,0,0,0,0,680.076133333,0,0,532.600583333,5458.37923214,52,2025-12-21,51,1.3284,0,08:40,08:50,7018.97202595,2902.21448491,0,0,0,1.32803641514,6214.01938028
2025-12-21,54,09:00,7255.65,3341.5875,7039.56112554,3172.28108529,284.389018826,284.389018826,0,0,367.954731174,0,0,556.93125,5049.54064194,53,2025-12-21,52,1.3231,376.275110808,08:50,09:00,7039.56112554,3172.28108529,0,284.389018826,284.389018826,1.30050659379,5458.37923214
2025-12-21,55,09:10,7076.8086,3572.7867,7030.467276,3435.50031396,599.16116034,599.16116034,0,15.1575103405,0,0,0,595.46445,5063.18240125,54,2025-12-21,53,1.2929,774.655464204,09:00,09:10,7030.467276,3435.50031396,0,599.16116034,599.16116034,1.26655734819,5049.54064194
2025-12-21,56,09:20,7014.1683,3848.0561,7056.84359196,3676.88744286,563.326024851,563.326024851,0,35.6406581839,0,0,0,641.342683333,5095.25899361,55,2025-12-21,54,1.2522,705.396848318,09:10,09:20,7056.84359196,3676.88744286,0,563.326024851,563.326024851,1.25993696904,5063.18240125
2025-12-21,57,09:30,7150.59,4116.6,7086.92796241,3917.20005796,528.287984075,528.287984075,1.13686837722e-13,22.6229840751,0,0,0,686.1,5115.61967928,56,2025-12-21,55,1.2211,645.092457354,09:20,09:30,7086.92796241,3917.20005796,0,528.287984075,528.287984075,1.26173682671,5095.25899361
2025-12-21,58,09:40,7259.4501,4370.6969,7013.68611726,4140.95321407,478.788817198,478.788817198,0,0,2.67004946908,0,0,728.449483333,5112.65295765,57,2025-12-21,56,1.2184,583.356294874,09:30,09:40,7013.68611726,4140.95321407,0,478.788817198,478.788817198,1.229891459,5115.61967928
2025-12-21,59,09:50,7142.682,4583.0793,6916.96225654,4414.36836327,417.098982211,417.098982211,0,0,9.50146778904,0,0,763.84655,5102.09577122,58,2025-12-21,57,1.2822,534.804314991,09:40,09:50,6916.96225654,4414.36836327,0,417.098982211,417.098982211,1.27166801072,5112.65295765
2025-12-21,60,10:00,6912.23,4750.3875,6928.78241413,4713.8461535,0,0,0,0,360.307083333,0,0,791.73125,4701.75456751,59,2025-12-21,58,1.3753,0,09:50,10:00,6928.78241413,4713.8461535,0,0,0,1.38321152391,5102.09577122
2025-12-21,61,10:10,6873.3728,4886.2111,7016.68191087,4926.20074893,0,0,0,0,331.193616667,0,0,814.368516667,4333.76166011,60,2025-12-21,59,1.4027,0,10:00,10:10,7016.68191087,4926.20074893,0,0,0,1.42272124366,4701.75456751
2025-12-21,62,10:20,6913.1885,4956.6279,7035.00252282,5189.10478647,0,0,0,0,326.093433333,0,0,826.10465,3971.43562307,61,2025-12-21,60,1.3591,0,10:10,10:20,7035.00252282,5189.10478647,0,0,0,1.37343003935,4333.76166011
2025-12-21,63,10:30,6951.47,4960.7625,6928.69505655,5440.72255055,0,0,0,0,331.784583333,0,0,826.79375,3602.78608603,62,2025-12-21,61,1.3321,0,10:20,10:30,6928.69505655,5440.72255055,0,0,0,1.33130122456,3971.43562307
2025-12-21,64,10:40,7040.6919,4946.2149,6806.46099277,5520.57306201,0,0,0,0,349.0795,0,0,824.36915,3214.91997492,63,2025-12-21,62,1.3769,0,10:30,10:40,6806.46099277,5520.57306201,0,0,0,1.38517442776,3602.78608603
2025-12-21,65,10:50,7195.1724,4968.8079,6894.96881178,5542.66983838,225.383162234,225.383162234,0,0,145.677587766,0,0,828.13465,3053.05598851,64,2025-12-21,63,1.1651,262.593922319,10:40,10:50,6894.96881178,5542.66983838,0,225.383162234,225.383162234,1.19428823664,3214.91997492
2025-12-21,66,11:00,7266.62,4979.2125,7036.51195305,5622.21585685,235.716016033,235.716016033,0,0,145.518567301,0,0,829.86875,2891.36869151,65,2025-12-21,64,0.8057,189.916394118,10:50,11:00,7036.51195305,5622.21585685,0,235.716016033,235.716016033,0.819998592299,3053.05598851
2025-12-21,67,11:10,7080.5804,4907.9946,6834.24180964,5710.28199834,1020.65996855,1020.65996855,1.13686837722e-13,658.562335216,0,0,0,817.9991,3484.07479321,66,2025-12-21,65,0.7611,776.824302063,11:00,11:10,6834.24180964,5710.28199834,0,1020.65996855,1020.65996855,0.715944548418,2891.36869151
2025-12-21,68,11:20,6948.6094,5015.1025,6624.79291859,5746.02380473,979.79485231,979.79485231,0,657.54370231,0,0,0,835.850416667,4075.86412529,67,2025-12-21,66,0.7807,764.925841198,11:10,11:20,6624.79291859,5746.02380473,0,979.79485231,979.79485231,0.723460787916,3484.07479321
2025-12-21,69,11:30,6954.16,5256.3375,6664.55345963,5750.2875932,985.710977737,985.710977737,1.13686837722e-13,702.740561071,0,0,0,876.05625,4708.33063025,68,2025-12-21,67,0.7378,727.257559375,11:20,11:30,6664.55345963,5750.2875932,0,985.710977737,985.710977737,0.708246724776,4075.86412529
2025-12-21,70,11:40,6860.0706,5348.0182,6831.88082361,5834.62329581,999.542921299,999.542921299,0,747.534187966,0,0,0,891.336366667,5381.11139942,69,2025-12-21,68,0.7527,752.355956862,11:30,11:40,6831.88082361,5834.62329581,0,999.542921299,999.542921299,0.721241204468,4708.33063025
2025-12-21,71,11:50,6565.9337,5577.6892,6741.46837207,5874.24589997,734.991071237,734.991071237,1.13686837722e-13,570.283654571,0,0,0,929.614866667,5894.36668853,70,2025-12-21,69,0.7117,523.0931454,11:40,11:50,6741.46837207,5874.24589997,0,734.991071237,734.991071237,0.727783315593,5381.11139942
2025-12-21,72,12:00,6330.9,5890.8,6427.06608356,5835.45357793,931.935417604,906.683333333,25.2520842707,833.333333333,0,0,0,981.8,6644.36668853,71,2025-12-21,70,0.6418,598.116151018,11:50,12:00,6427.06608356,5835.45357793,0,931.935417604,931.935417604,0.704950853978,5894.36668853
2025-12-21,73,12:10,6501.863,5904.8948,6255.54323744,5815.71263255,906.638434148,906.638434148,0,807.143734148,0,0,0,984.149133333,7370.79604927,72,2025-12-21,71,0.6936,628.844417925,12:00,12:10,6255.54323744,5815.71263255,0,906.638434148,906.638434148,0.653814024848,6644.36668853
2025-12-21,74,12:20,6520.3344,5868.1645,6297.84344475,5805.06557095,915.462978966,915.462978966,0,806.767995633,0,0,0,978.027416667,8096.88724534,73,2025-12-21,72,0.7105,650.436446555,12:10,12:20,6297.84344475,5805.06557095,0,915.462978966,915.462978966,0.667443357148,7370.79604927
2025-12-21,75,12:30,6273.31,5864.7,6342.09212681,5773.09918416,928.165490442,901.435,26.7304904418,833.333333333,0,0,0,977.45,8846.88724534,74,2025-12-21,73,0.6294,584.187359684,12:20,12:30,6342.09212681,5773.09918416,0,928.165490442,928.165490442,0.689085308965,8096.88724534
2025-12-21,76,12:40,6234.7567,5722.7661,6153.05527238,5690.70131426,910.392326353,910.392326353,0,825.060559686,0,0,0,953.79435,9589.44174905,75,2025-12-21,74,0.5829,530.667687031,12:30,12:40,6153.05527238,5690.70131426,0,910.392326353,910.392326353,0.62397184986,8846.88724534
2025-12-21,77,12:50,6512.763,5549.8704,6251.65230238,5625.19701924,104.409213856,104.409213856,0,0,56.0728861437,0,0,924.9784,9527.13854223,76,2025-12-21,75,0.7799,81.4287458865,12:40,12:50,6251.65230238,5625.19701924,0,104.409213856,104.409213856,0.778479189623,9589.44174905
2025-12-21,78,13:00,6836.44,5390.4375,6622.1673869,5566.77237272,175.89916903,175.89916903,0,0,65.1012476371,0,0,898.40625,9454.80382263,77,2025-12-21,76,1.0833,190.55156981,12:50,13:00,6622.1673869,5566.77237272,0,175.89916903,175.89916903,1.07886043179,9527.13854223
2025-12-21,79,13:10,6797.3346,5211.4597,6648.76765304,5410.82320167,206.324075228,206.324075228,0,0,57.9884081052,0,0,868.576616667,9390.37225807,78,2025-12-21,77,1.1248,232.073319817,13:00,13:10,6648.76765304,5410.82320167,0,206.324075228,206.324075228,1.10610674213,9454.80382263
2025-12-21,80,13:20,6554.3856,5202.0686,6529.15800958,5225.9222571,217.205958747,217.205958747,0,0,8.18020791981,0,0,867.011433333,9381.28313816,79,2025-12-21,78,1.0564,229.45637482,13:10,13:20,6529.15800958,5225.9222571,0,217.205958747,217.205958747,1.0913097637,9390.37225807
2025-12-21,81,13:30,6350.08,5287.95,6468.7364267,5054.35050652,235.730986697,235.730986697,1.13686837722e-13,58.7093200303,0,0,0,881.325,9434.12152619,80,2025-12-21,79,1.0304,242.897208693,13:20,13:30,6468.7364267,5054.35050652,0,235.730986697,235.730986697,1.1166624703,9381.28313816
2025-12-21,82,13:40,6333.408,5178.3498,6427.42610674,4902.20803166,254.203012513,254.203012513,0,61.6933125133,0,0,0,863.0583,9489.64550745,81,2025-12-21,80,1.0675,271.361715858,13:30,13:40,6427.42610674,4902.20803166,0,254.203012513,254.203012513,1.08241239038,9434.12152619
2025-12-21,83,13:50,6515.4464,4993.7017,6385.38041669,4739.57823047,0.823214096076,0.823214096076,0,0,252.800902571,0,0,832.283616667,9208.7556157,82,2025-12-21,81,1.1926,0.98176513098,13:40,13:50,6385.38041669,4739.57823047,0,0.823214096076,0.823214096076,1.16287407078,9489.64550745
2025-12-21,84,14:00,6658.81,4847.5125,6354.42639821,4516.80459442,0,0,0,0,301.882916667,0,0,807.91875,8873.33015274,83,2025-12-21,82,1.3352,0,13:50,14:00,6354.42639821,4516.80459442,0,0,0,1.35163061978,9208.7556157
2025-12-21,85,14:10,6474.7834,4705.4039,6425.36171579,4302.17509644,0,0,0,0,294.896583333,0,0,784.233983333,8545.66728237,84,2025-12-21,83,1.3689,0,14:00,14:10,6425.36171579,4302.17509644,0,0,0,1.39555609102,8873.33015274
2025-12-21,86,14:20,6311.1097,4404.8152,6497.88310234,4089.16049975,0,0,0,0,317.71575,0,0,734.135866667,8192.64978237,85,2025-12-21,84,1.3382,0,14:10,14:20,6497.88310234,4089.16049975,0,0,0,1.38099196241,8545.66728237
2025-12-21,87,14:30,6293.57,3988.3875,6464.09043304,3868.27214985,0,0,0,0,384.197083333,0,0,664.73125,7765.76413422,86,2025-12-21,85,1.3596,0,14:20,14:30,6464.09043304,3868.27214985,0,0,0,1.40133954898,8192.64978237
2025-12-21,88,14:40,6241.0875,3658.7815,6331.63695068,3653.7683642,0,0,0,0,430.384333333,0,0,609.796916667,7287.55931941,87,2025-12-21,86,1.4656,0,14:30,14:40,6331.63695068,3653.7683642,0,0,0,1.4511081715,7765.76413422
2025-12-21,89,14:50,6267.633,3321.4365,6352.02908766,3436.10988469,0,0,0,0,491.03275,0,0,553.57275,6741.96737496,88,2025-12-21,87,1.2648,0,14:40,14:50,6352.02908766,3436.10988469,0,0,0,1.26167554788,7287.55931941
2025-12-21,90,15:00,6308.83,2957.5875,6483.31598317,3197.46147568,1380.97575125,1380.97575125,2.27373675443e-13,822.435334582,0,0,0,492.93125,7482.15917609,89,2025-12-21,88,0.8874,1225.47788166,14:50,15:00,6483.31598317,3197.46147568,0,1380.97575125,1380.97575125,0.918410770541,6741.96737496
2025-12-21,91,15:10,6184.3165,2665.595,6429.54288868,2917.67071419,1418.64536242,1418.64536242,0,832.191779082,0,0,0,444.265833333,8231.13177726,90,2025-12-21,89,0.882,1251.24520965,15:00,15:10,6429.54288868,2917.67071419,0,1418.64536242,1418.64536242,0.886510380447,7482.15917609
2025-12-21,92,15:20,6249.441,2404.6045,6309.03500988,2622.52211236,1447.75214959,1447.75214959,0,806.946066252,0,0,0,400.767416667,8957.38323689,91,2025-12-21,90,0.9712,1406.05688768,15:10,15:20,6309.03500988,2622.52211236,0,1447.75214959,1447.75214959,0.937054250378,8231.13177726
2025-12-21,93,15:30,6412.99,2166.8625,6266.96304753,2338.71122039,1488.04197119,1488.04197119,0,780.354054523,0,0,0,361.14375,9659.70188596,92,2025-12-21,91,0.9596,1427.92507555,15:20,15:30,6266.96304753,2338.71122039,0,1488.04197119,1488.04197119,0.933147147867,8957.38323689
2025-12-21,94,15:40,6229.2355,1977.0681,6390.49450128,2097.51028466,715.497369436,715.497369436,0,6.80280276936,0,0,0,329.51135,9665.82440845,93,2025-12-21,92,0.9392,671.995129374,15:30,15:40,6390.49450128,2097.51028466,0,715.497369436,715.497369436,0.972089029737,9659.70188596
2025-12-21,95,15:50,6140.1248,1719.0539,6321.48237829,1839.75023782,746.955356745,746.955356745,0,10.1102067455,0,0,0,286.508983333,9674.92359452,94,2025-12-21,93,0.9693,724.023827293,15:40,15:50,6321.48237829,1839.75023782,0,746.955356745,746.955356745,0.99865811813,9665.82440845
2025-12-21,96,16:00,6190.42,1414.8375,6124.07963586,1552.22401639,761.975936579,761.975936579,0,0,33.954480088,0,0,235.80625,9637.19639442,95,2025-12-21,94,1.0104,769.900486319,15:50,16:00,6124.07963586,1552.22401639,0,761.975936579,761.975936579,0.993700031551,9674.92359452
2025-12-21,97,16:10,6007.344,1199.0528,6070.05692514,1264.95919326,800.84962198,800.84962198,0,0,0.532244686188,0,0,199.842133333,9636.60501144,96,2025-12-21,95,0.98,784.832629541,16:00,16:10,6070.05692514,1264.95919326,0,800.84962198,800.84962198,1.00603414469,9637.19639442
2025-12-21,98,16:20,6021.8302,965.9713,6045.91936434,978.169331942,844.6250054,844.6250054,0,1.98185540016,0,0,0,160.995216667,9638.3886813,97,2025-12-21,96,0.9673,817.005767724,16:10,16:20,6045.91936434,978.169331942,0,844.6250054,844.6250054,1.0408559048,9636.60501144
2025-12-21,99,16:30,6231.28,680.625,6083.018883,688.321226716,899.116276047,899.116276047,0,0,25.9928906194,0,0,113.4375,9609.50769172,98,2025-12-21,97,1.0182,915.480192271,16:20,16:30,6083.018883,688.321226716,0,899.116276047,899.116276047,1.07702981759,9638.3886813
2025-12-21,100,16:40,6177.7882,419.0314,6283.98345885,415.221791916,978.126944489,978.126944489,1.13686837722e-13,18.3341444885,0,0,0,69.8385666667,9626.00842176,99,2025-12-21,98,1.0861,1062.34367441,16:30,16:40,6283.98345885,415.221791916,0,978.126944489,978.126944489,1.09985400162,9609.50769172
2025-12-21,101,16:50,6130.9976,173.8125,6226.57483223,164.85957521,1010.28587617,1010.28587617,0,17.4216928362,0,0,0,28.96875,9641.68794531,100,2025-12-21,99,1.1066,1117.98235057,16:40,16:50,6226.57483223,164.85957521,0,1010.28587617,1010.28587617,1.10375723196,9626.00842176
2025-12-21,102,17:00,6172.78,0,5999.90462322,3.45024893503,999.409062381,999.409062381,0,0,29.3876042861,0,0,0,9609.03505166,101,2025-12-21,100,1.0879,1087.25711896,16:50,17:00,5999.90462322,3.45024893503,0,999.409062381,999.409062381,1.09743276114,9641.68794531
2025-12-21,103,17:10,6112.1742,0,6065.35674416,0,1010.89279069,1010.89279069,0,0,7.80290930739,0,0,0,9600.36515243,102,2025-12-21,101,1.0972,1109.15156995,17:00,17:10,6065.35674416,0,0,1010.89279069,1010.89279069,1.10398870953,9609.03505166
2025-12-21,104,17:20,6160.7027,6.2009,6132.53653937,0,1022.08942323,1022.08942323,0,0,3.66087677229,0,0,1.03348333333,9596.29751157,103,2025-12-21,102,1.1283,1153.22349623,17:10,17:20,6132.53653937,0,0,1022.08942323,1022.08942323,1.12854549545,9600.36515243
2025-12-21,105,17:30,6338.77,0,6149.29616412,0,1024.88269402,1024.88269402,0,0,31.5789726467,0,0,0,9561.20976419,104,2025-12-21,103,1.1382,1166.52148233,17:20,17:30,6149.29616412,0,0,1024.88269402,1024.88269402,1.13468077787,9596.29751157
2025-12-21,106,17:40,6290.0948,0,6248.0225432,0,1041.33709053,1041.33709053,0,0,7.01204280028,0,0,0,9553.41860552,105,2025-12-21,104,1.103,1148.59481086,17:30,17:40,6248.0225432,0,0,1041.33709053,1041.33709053,1.09637388186,9561.20976419
2025-12-21,107,17:50,5392.9058,0.4452,5465.54731473,0,910.924552455,910.924552455,0,12.181119122,0,0,0,0.0742,9564.38161273,106,2025-12-21,105,1.1407,1039.09163699,17:40,17:50,5465.54731473,0,0,910.924552455,910.924552455,1.1605940166,9553.41860552
2025-12-21,108,18:00,4275.8,0,4288.0091398,0,714.668189966,714.668189966,0,2.03485663296,0,0,0,0,9566.2129837,107,2025-12-21,106,1.2479,891.834434259,17:50,18:00,4288.0091398,0,0,714.668189966,714.668189966,1.2928076587,9564.38161273
2025-12-21,109,18:10,4292.4867,0,4268.98316793,0,711.497194655,711.497194655,0,0,3.91725534533,0,0,0,9561.86047776,108,2025-12-21,107,1.2957,921.886915114,18:00,18:10,4268.98316793,0,0,711.497194655,711.497194655,1.31688014664,9566.2129837
2025-12-21,110,18:20,4489.6396,0.032,4395.92638752,0,732.65439792,732.65439792,0,0,15.6135354129,0,0,0.00533333333333,9544.51210508,109,2025-12-21,108,1.2826,939.702530773,18:10,18:20,4395.92638752,0,0,732.65439792,732.65439792,1.30730869738,9561.86047776
2025-12-21,111,18:30,4380.05,0,4260.01064671,0,710.001774452,710.001774452,0,0,20.0065588817,0,0,0,9522.28259521,110,2025-12-21,109,1.238,878.982196771,18:20,18:30,4260.01064671,0,0,710.001774452,710.001774452,1.30697537911,9544.51210508
2025-12-21,112,18:40,4406.0663,0,4278.41892902,0,713.069821504,713.069821504,0,0,21.2745618293,0,0,0,9498.64419318,111,2025-12-21,110,1.2107,863.313632895,18:30,18:40,4278.41892902,0,0,713.069821504,713.069821504,1.29922563977,9522.28259521
2025-12-21,113,18:50,4500.5016,0.0023,4289.93413387,0,714.989022312,714.989022312,0,0,35.0941943546,0,0,0.000383333333333,9459.6506439,112,2025-12-21,111,1.3293,950.434907359,18:40,18:50,4289.93413387,0,0,714.989022312,714.989022312,1.38546378735,9498.64419318
2025-12-21,114,19:00,4490.76,0,4248.20191192,0,664.427751953,664.427751953,0,0,84.032248047,0,0,0,9366.2814794,113,2025-12-21,112,1.5214,1010.86038182,18:50,19:00,4248.20191192,0,0,664.427751953,664.427751953,1.51016294343,9459.6506439
2025-12-21,115,19:10,4334.8994,0,4293.64403511,0,0,0,0,0,722.483233333,0,0,0,8563.52233125,114,2025-12-21,113,1.5659,0,19:00,19:10,4293.64403511,0,0,0,0,1.52295367998,9366.2814794
2025-12-21,116,19:20,4356.9931,0,4381.26234964,0,0,0,0,0,726.165516667,0,0,0,7756.67175718,115,2025-12-21,114,1.5266,0,19:10,19:20,4381.26234964,0,0,0,0,1.51649393824,8563.52233125
2025-12-21,117,19:30,4466.59,0,4399.46089438,0,0,0,0,0,744.431666667,0,0,0,6929.52546088,116,2025-12-21,115,1.4847,0,19:20,19:30,4399.46089438,0,0,0,0,1.54509961634,7756.67175718
2025-12-21,118,19:40,4301.5722,0,4293.4759948,0,0,0,0,0,716.9287,0,0,0,6132.93801644,117,2025-12-21,116,1.4671,0,19:30,19:40,4293.4759948,0,0,0,0,1.54780249332,6929.52546088
2025-12-21,119,19:50,4398.717,0,4245.82101217,0,0,0,0,0,733.1195,0,0,0,5318.36079421,118,2025-12-21,117,1.5039,0,19:40,19:50,4245.82101217,0,0,0,0,1.51131608322,6132.93801644
2025-12-21,120,20:00,4681.61,0,4324.35077852,0,720.725129753,720.725129753,0,0,59.5432035806,0,0,0,5252.20167913,119,2025-12-21,118,1.5483,1115.8987184,19:50,20:00,4324.35077852,0,0,720.725129753,720.725129753,1.48973320694,5318.36079421
2025-12-21,121,20:10,4485.5154,0,4441.40063043,0,0,0,0,0,747.5859,0,0,0,4421.55067913,120,2025-12-21,119,1.5137,0,20:00,20:10,4441.40063043,0,0,0,0,1.52259363952,5252.20167913
2025-12-21,122,20:20,4156.9026,0,4406.86879951,0,0,0,0,0,692.8171,0,0,0,3651.75390135,121,2025-12-21,120,1.4654,0,20:10,20:20,4406.86879951,0,0,0,0,1.52270932431,4421.55067913
2025-12-21,123,20:30,4090.51,0,4333.28812786,0,0,0,0,0,681.751666667,0,0,0,2894.2520495,122,2025-12-21,121,1.488,0,20:20,20:30,4333.28812786,0,0,0,0,1.52029081439,3651.75390135
2025-12-21,124,20:40,4322.2266,0,4262.7491597,0,0,0,0,0,720.3711,0,0,0,2093.83971616,123,2025-12-21,122,1.5616,0,20:30,20:40,4262.7491597,0,0,0,0,1.56360531679,2894.2520495
2025-12-21,125,20:50,4336.801,0,4297.87538503,0,716.312564171,716.312564171,0,0,6.48760249555,0,0,0,2086.63126894,124,2025-12-21,123,1.3465,964.514867656,20:40,20:50,4297.87538503,0,0,716.312564171,716.312564171,1.34216570883,2093.83971616
2025-12-21,126,21:00,4144.46,0,4332.29875142,0,722.049791903,722.049791903,0,31.3064585695,0,0,0,0,2114.80708166,125,2025-12-21,124,0.9601,693.240005206,20:50,21:00,4332.29875142,0,0,722.049791903,722.049791903,0.960805362972,2086.63126894
2025-12-21,127,21:10,4227.261,0,4256.51245616,0,709.418742694,709.418742694,0,4.87524269364,0,0,0,0,2119.19480008,126,2025-12-21,125,0.8829,626.345807924,21:00,21:10,4256.51245616,0,0,709.418742694,709.418742694,0.921573729885,2114.80708166
2025-12-21,128,21:20,4326.9643,0,4239.28937093,0,706.548228488,706.548228488,0,0,14.6124881791,0,0,0,2102.9587021,127,2025-12-21,126,0.9151,646.562283889,21:10,21:20,4239.28937093,0,0,706.548228488,706.548228488,0.956670674482,2119.19480008
2025-12-21,129,21:30,4357.83,0,4357.96944264,0,726.328240441,726.328240441,0,0.0232404407994,0,0,0,0,2102.9796185,128,2025-12-21,127,0.9345,678.753740692,21:20,21:30,4357.96944264,0,0,726.328240441,726.328240441,0.941455488115,2102.9587021
2025-12-21,130,21:40,4437.1142,0,4435.09222103,0,739.182036838,739.182036838,0,0,0.336996494995,0,0,0,2102.60517795,129,2025-12-21,128,0.9815,725.507169157,21:30,21:40,4435.09222103,0,0,739.182036838,739.182036838,1.00077187659,2102.9796185
2025-12-21,131,21:50,4070.9954,0,4016.02504872,0,669.33750812,669.33750812,0,0,9.16172521343,0,0,0,2092.42548327,130,2025-12-21,129,0.7546,505.082083627,21:40,21:50,4016.02504872,0,0,669.33750812,669.33750812,0.804285581531,2102.60517795
2025-12-21,132,22:00,3434.4,0,3361.58019541,0,1150.71735846,1150.71735846,0,578.317358456,0,0,0,0,2612.91110588,131,2025-12-21,130,0.4001,460.402015118,21:50,22:00,3361.58019541,0,0,1150.71735846,1150.71735846,0.455129470444,2092.42548327
2025-12-21,133,22:10,3270.5539,0,3315.15267862,0,1385.85877977,1378.42565,7.4331297706,833.333333333,0,0,0,0,3362.91110588,132,2025-12-21,131,0.4032,558.778260004,22:00,22:10,3315.15267862,0,0,1385.85877977,1385.85877977,0.432927173822,2612.91110588
2025-12-21,134,22:20,3305.0168,0,3442.66617288,0,573.77769548,573.77769548,0,22.9415621467,0,0,0,0,3383.55851181,133,2025-12-21,132,0.4747,272.372272044,22:10,22:20,3442.66617288,0,0,573.77769548,573.77769548,0.469239051553,3362.91110588
2025-12-21,135,22:30,3255.6,0,3393.46453626,0,1398.91075604,1375.93333333,22.9774227095,833.333333333,0,0,0,0,4133.55851181,134,2025-12-21,133,0.4323,604.749119837,22:20,22:30,3393.46453626,0,0,1398.91075604,1398.91075604,0.42630613708,3383.55851181
2025-12-21,136,22:40,3155.514,0,3297.7448601,0,1382.95747668,1359.25233333,23.7051433508,833.333333333,0,0,0,0,4883.55851181,135,2025-12-21,134,0.3905,540.044894645,22:30,22:40,3297.7448601,0,0,1382.95747668,1382.95747668,0.411240002387,4133.55851181
2025-12-21,137,22:50,3260.3635,0,3279.19445532,0,1379.86574255,1376.72725,3.13849255396,833.333333333,0,0,0,0,5633.55851181,136,2025-12-21,135,0.4205,580.233544744,22:40,22:50,3279.19445532,0,0,1379.86574255,1379.86574255,0.446351759722,4883.55851181
2025-12-21,138,23:00,3508.97,0,3375.37223747,0,562.562039578,562.562039578,0,0,22.2662937553,0,0,0,5608.81818542,137,2025-12-21,136,0.4738,266.541894352,22:50,23:00,3375.37223747,0,0,562.562039578,562.562039578,0.473356445751,5633.55851181
2025-12-21,139,23:10,3554.7154,0,3489.76060346,0,1414.96010058,1414.96010058,0,822.507533909,0,0,0,0,6349.07496594,138,2025-12-21,137,0.4471,632.628660968,23:00,23:10,3489.76060346,0,0,1414.96010058,1414.96010058,0.442005218327,5608.81818542
2025-12-21,140,23:20,3395.6628,0,3547.81762166,0,1424.63627028,1399.27713333,25.3591369435,833.333333333,0,0,0,0,7099.07496594,139,2025-12-21,138,0.4314,614.588086997,23:10,23:20,3547.81762166,0,0,1424.63627028,1424.63627028,0.435251803426,6349.07496594
2025-12-21,141,23:30,3305.59,0,3524.20320011,0,587.367200018,587.367200018,0,36.4355333518,0,0,0,0,7131.86694595,140,2025-12-21,139,0.4502,264.432713448,23:20,23:30,3524.20320011,0,0,587.367200018,587.367200018,0.464184965658,7099.07496594
2025-12-21,142,23:40,3539.7613,0,3451.29592636,0,1408.54932106,1408.54932106,0,818.589104394,0,0,0,0,7868.59713991,141,2025-12-21,140,0.4334,610.465275748,23:30,23:40,3451.29592636,0,0,1408.54932106,1408.54932106,0.454456716474,7131.86694595
2025-12-21,143,23:50,3571.991,0,3511.61060149,0,1418.60176691,1418.60176691,0,823.269933581,0,0,0,0,8609.54008013,142,2025-12-21,141,0.406,575.952317367,23:40,23:50,3511.61060149,0,0,1418.60176691,1418.60176691,0.44749611971,7868.59713991
2025-12-21,144,00:00+1,3464.4,0,3595.4699384,0,599.244989734,599.244989734,0,21.8449897337,0,0,0,0,8629.20057089,143,2025-12-21,142,0.4032,241.615579861,23:50,00:00+1,3595.4699384,0,0,599.244989734,599.244989734,0.460724748477,8609.54008013
